<?xml version="1.0"?>
<Outfits>
	<Outfit name="queen">
		<Component index="0" value="1515697214" />
		<Component index="1" value="558244996" />
		<Component index="2" value="763059246" />
		<Component index="3" value="1117863183" />
		<Component index="4" value="4084275689" />
		<Component index="5" value="1129882805" />
		<Component index="6" value="2374259896" />
		<Component index="7" value="1474428677" />
		<Component index="8" value="1741755508" />
		<Component index="9" value="295847116" />
		<Component index="10" value="2864896169" />
		<Component index="11" value="959712255" />
		<Component index="12" value="3631769965" />
		<Component index="13" value="2489772761" />
		<Component index="14" value="0" />
		<Component index="15" value="0" />
		<Component index="16" value="0" />
		<Component index="17" value="0" />
		<Component index="18" value="0" />
		<Component index="19" value="0" />
		<Component index="20" value="0" />
		<Component index="21" value="0" />
		<Component index="22" value="0" />
		<Component index="23" value="0" />
		<Component index="24" value="0" />
		<Component index="25" value="0" />
		<Component index="26" value="0" />
		<Component index="27" value="0" />
		<Component index="28" value="0" />
		<Component index="29" value="0" />
		<Component index="30" value="0" />
		<Component index="31" value="0" />
		<Component index="32" value="0" />
		<Component index="33" value="0" />
		<Component index="34" value="0" />
		<Component index="35" value="0" />
		<Component index="36" value="0" />
		<Component index="37" value="0" />
		<Component index="38" value="0" />
		<Component index="39" value="0" />
		<Component index="40" value="0" />
		<Component index="41" value="0" />
		<Component index="42" value="0" />
		<Component index="43" value="0" />
		<Component index="44" value="0" />
		<Component index="45" value="0" />
		<Component index="46" value="0" />
		<Component index="47" value="0" />
		<Component index="48" value="0" />
		<Component index="49" value="0" />
		<Component index="50" value="0" />
		<Component index="51" value="0" />
		<Component index="52" value="0" />
		<Component index="53" value="0" />
		<Component index="54" value="0" />
		<Component index="55" value="0" />
		<Component index="56" value="0" />
		<Component index="57" value="0" />
		<Component index="58" value="0" />
		<Component index="59" value="0" />
		<Component index="60" value="0" />
		<Component index="61" value="0" />
		<Component index="62" value="0" />
		<Component index="63" value="0" />
		<Component index="64" value="0" />
		<Component index="65" value="0" />
		<Component index="66" value="0" />
		<Component index="67" value="0" />
		<Component index="68" value="0" />
		<Component index="69" value="0" />
		<Component index="70" value="0" />
		<Component index="71" value="0" />
		<Component index="72" value="0" />
		<Component index="73" value="0" />
		<Component index="74" value="0" />
		<Component index="75" value="0" />
		<Component index="76" value="0" />
		<Component index="77" value="0" />
		<Component index="78" value="0" />
		<Component index="79" value="0" />
	</Outfit>
</Outfits>
