<?xml version="1.0"?>
<ptfx_data>
	<ptfx ptfx_asset="core" ptfx_name="ent_sht_flame" bone="IK_Root" scale="0.299999923" delay="2000" name="firewings">
		<offset x="0" y="-0.100000016" z="0.5" />
		<rotation x="90" y="90" z="0" />
		<color x="255" y="255" z="255" w="255" />
	</ptfx>
	<ptfx ptfx_asset="core" ptfx_name="ent_sht_flame" bone="IK_Root" scale="0.299999923" delay="2000" name="firewings">
		<offset x="0" y="-0.100000001" z="0.5" />
		<rotation x="-90" y="-90" z="0" />
		<color x="255" y="255" z="255" w="255" />
	</ptfx>
	<ptfx ptfx_asset="core" ptfx_name="ent_sht_flame" bone="IK_Root" scale="0.499999911" delay="2000" name="firewings">
		<offset x="0" y="-0.200000003" z="0.200000018" />
		<rotation x="90" y="90" z="0" />
		<color x="255" y="255" z="255" w="255" />
	</ptfx>
	<ptfx ptfx_asset="core" ptfx_name="ent_sht_flame" bone="IK_Root" scale="0.499999911" delay="2000" name="firewings">
		<offset x="0" y="-0.200000003" z="0.200000018" />
		<rotation x="-90" y="-90" z="0" />
		<color x="255" y="255" z="255" w="255" />
	</ptfx>
</ptfx_data>
