<?xml version="1.0"?>
<ptfx_data>
	<ptfx ptfx_asset="weap_ch_vehicle_weapons" ptfx_name="muz_ch_tank_laser" bone="IK_L_Hand" scale="1" delay="10" name="flash">
		<offset x="0" y="0" z="0" />
		<rotation x="0" y="0" z="100" />
		<color x="255" y="255" z="255" w="255" />
	</ptfx>
	<ptfx ptfx_asset="weap_ch_vehicle_weapons" ptfx_name="muz_ch_tank_laser" bone="IK_R_Hand" scale="1" delay="10" name="flash">
		<offset x="0" y="0" z="0" />
		<rotation x="0" y="0" z="100" />
		<color x="255" y="0" z="0" w="255" />
	</ptfx>
</ptfx_data>
