<?xml version="1.0"?>
<ptfx_data>
	<ptfx ptfx_asset="scr_paletoscore" ptfx_name="scr_paleto_banknotes" bone="IK_L_Hand" scale="1" delay="0" name="Money Moeny">
		<offset x="0" y="0" z="0" />
		<rotation x="0" y="0" z="0" />
		<color x="255" y="255" z="255" w="255" />
	</ptfx>
	<ptfx ptfx_asset="scr_paletoscore" ptfx_name="scr_paleto_banknotes" bone="IK_R_Hand" scale="1" delay="0" name="Money Moeny">
		<offset x="0" y="0" z="0" />
		<rotation x="0" y="0" z="0" />
		<color x="255" y="255" z="255" w="255" />
	</ptfx>
</ptfx_data>
