<?xml version="1.0" encoding="ISO-8859-1"?>
<SpoonerPlacements>
	<Note />
	<AudioFile volume="400" />
	<ClearDatabase>false</ClearDatabase>
	<ClearWorld>0</ClearWorld>
	<ClearMarkers>false</ClearMarkers>
	<IPLsToLoad load_mp_maps="false" load_sp_maps="false" />
	<IPLsToRemove />
	<InteriorsToEnable />
	<InteriorsToCap />
	<WeatherToSet></WeatherToSet>
	<TimecycleModifier strength="1"></TimecycleModifier>
	<StartTaskSequencesOnLoad>true</StartTaskSequencesOnLoad>
	<ReferenceCoords>
		<X>1337.58191</X>
		<Y>1636.34937</Y>
		<Z>96.6671524</Z>
	</ReferenceCoords>
	<Placement>
		<ModelHash>0x6d1e15f7</ModelHash>
		<Type>1</Type>
		<Dynamic>false</Dynamic>
		<FrozenPos>true</FrozenPos>
		<HashName>Amanda De Santa</HashName>
		<InitialHandle>744198</InitialHandle>
		<PedProperties>
			<IsStill>true</IsStill>
			<CanRagdoll>false</CanRagdoll>
			<HasShortHeight>false</HasShortHeight>
			<Armour>0</Armour>
			<CurrentWeapon>0xa2719263</CurrentWeapon>
			<PedProps>
				<_0>-1,-1</_0>
				<_1>-1,-1</_1>
				<_2>-1,-1</_2>
				<_3>-1,-1</_3>
				<_4>-1,-1</_4>
				<_5>-1,-1</_5>
				<_6>-1,-1</_6>
				<_7>-1,-1</_7>
				<_8>-1,-1</_8>
				<_9>-1,-1</_9>
			</PedProps>
			<PedComps>
				<_0>0,0</_0>
				<_1>0,0</_1>
				<_2>0,0</_2>
				<_3>0,0</_3>
				<_4>0,0</_4>
				<_5>0,0</_5>
				<_6>0,0</_6>
				<_7>0,0</_7>
				<_8>0,0</_8>
				<_9>0,0</_9>
				<_10>0,0</_10>
				<_11>0,0</_11>
			</PedComps>
			<RelationshipGroupAltered>false</RelationshipGroupAltered>
			<RelationshipGroup>0xfade4843</RelationshipGroup>
			<ScenarioActive>false</ScenarioActive>
			<AnimActive>true</AnimActive>
			<AnimDict>anim@amb@clubhouse@boss@female@</AnimDict>
			<AnimName>base</AnimName>
		</PedProperties>
		<OpacityLevel>255</OpacityLevel>
		<LodDistance>16960</LodDistance>
		<IsVisible>true</IsVisible>
		<MaxHealth>200</MaxHealth>
		<Health>200</Health>
		<HasGravity>true</HasGravity>
		<IsOnFire>false</IsOnFire>
		<IsInvincible>false</IsInvincible>
		<IsBulletProof>false</IsBulletProof>
		<IsCollisionProof>false</IsCollisionProof>
		<IsExplosionProof>false</IsExplosionProof>
		<IsFireProof>false</IsFireProof>
		<IsMeleeProof>false</IsMeleeProof>
		<IsOnlyDamagedByPlayer>false</IsOnlyDamagedByPlayer>
		<PositionRotation>
			<X>1370.00049</X>
			<Y>1677.26013</Y>
			<Z>98.9537354</Z>
			<Pitch>-0.132786646</Pitch>
			<Roll>-8.33765668e-10</Roll>
			<Yaw>-84.1264725</Yaw>
		</PositionRotation>
		<Attachment isAttached="false" />
	</Placement>
	<Placement>
		<ModelHash>0x87b25415</ModelHash>
		<Type>1</Type>
		<Dynamic>true</Dynamic>
		<FrozenPos>false</FrozenPos>
		<HashName>South Central Young Female 3</HashName>
		<InitialHandle>723734</InitialHandle>
		<PedProperties>
			<IsStill>true</IsStill>
			<CanRagdoll>true</CanRagdoll>
			<HasShortHeight>false</HasShortHeight>
			<Armour>0</Armour>
			<CurrentWeapon>0xa2719263</CurrentWeapon>
			<PedProps>
				<_0>-1,-1</_0>
				<_1>-1,-1</_1>
				<_2>-1,-1</_2>
				<_3>-1,-1</_3>
				<_4>-1,-1</_4>
				<_5>-1,-1</_5>
				<_6>-1,-1</_6>
				<_7>-1,-1</_7>
				<_8>-1,-1</_8>
				<_9>-1,-1</_9>
			</PedProps>
			<PedComps>
				<_0>0,0</_0>
				<_1>0,0</_1>
				<_2>0,0</_2>
				<_3>0,0</_3>
				<_4>0,0</_4>
				<_5>0,0</_5>
				<_6>0,0</_6>
				<_7>0,0</_7>
				<_8>0,0</_8>
				<_9>0,0</_9>
				<_10>0,0</_10>
				<_11>0,0</_11>
			</PedComps>
			<RelationshipGroupAltered>false</RelationshipGroupAltered>
			<RelationshipGroup>0xfade4843</RelationshipGroup>
			<ScenarioActive>false</ScenarioActive>
			<AnimActive>false</AnimActive>
		</PedProperties>
		<OpacityLevel>255</OpacityLevel>
		<LodDistance>16960</LodDistance>
		<IsVisible>true</IsVisible>
		<MaxHealth>200</MaxHealth>
		<Health>200</Health>
		<HasGravity>true</HasGravity>
		<IsOnFire>false</IsOnFire>
		<IsInvincible>false</IsInvincible>
		<IsBulletProof>false</IsBulletProof>
		<IsCollisionProof>false</IsCollisionProof>
		<IsExplosionProof>false</IsExplosionProof>
		<IsFireProof>false</IsFireProof>
		<IsMeleeProof>false</IsMeleeProof>
		<IsOnlyDamagedByPlayer>false</IsOnlyDamagedByPlayer>
		<PositionRotation>
			<X>1373.30969</X>
			<Y>1643.16858</Y>
			<Z>100.994156</Z>
			<Pitch>0</Pitch>
			<Roll>-0</Roll>
			<Yaw>90.2078094</Yaw>
		</PositionRotation>
		<Attachment isAttached="false" />
	</Placement>
	<Placement>
		<ModelHash>0x92e7e56d</ModelHash>
		<Type>1</Type>
		<Dynamic>false</Dynamic>
		<FrozenPos>true</FrozenPos>
		<HashName>Beverly Hills Young brune</HashName>
		<InitialHandle>676126</InitialHandle>
		<PedProperties>
			<IsStill>true</IsStill>
			<CanRagdoll>false</CanRagdoll>
			<HasShortHeight>false</HasShortHeight>
			<Armour>0</Armour>
			<CurrentWeapon>0xa2719263</CurrentWeapon>
			<PedProps>
				<_0>-1,-1</_0>
				<_1>-1,-1</_1>
				<_2>-1,-1</_2>
				<_3>-1,-1</_3>
				<_4>-1,-1</_4>
				<_5>-1,-1</_5>
				<_6>-1,-1</_6>
				<_7>-1,-1</_7>
				<_8>-1,-1</_8>
				<_9>-1,-1</_9>
			</PedProps>
			<PedComps>
				<_0>1,0</_0>
				<_1>0,0</_1>
				<_2>1,1</_2>
				<_3>0,2</_3>
				<_4>1,2</_4>
				<_5>0,0</_5>
				<_6>0,0</_6>
				<_7>1,0</_7>
				<_8>0,0</_8>
				<_9>0,0</_9>
				<_10>0,0</_10>
				<_11>0,0</_11>
			</PedComps>
			<RelationshipGroupAltered>false</RelationshipGroupAltered>
			<RelationshipGroup>0xfade4843</RelationshipGroup>
			<ScenarioActive>false</ScenarioActive>
			<AnimActive>true</AnimActive>
			<AnimDict>amb@prop_human_seat_sunlounger@female@base</AnimDict>
			<AnimName>base</AnimName>
		</PedProperties>
		<OpacityLevel>255</OpacityLevel>
		<LodDistance>16960</LodDistance>
		<IsVisible>true</IsVisible>
		<MaxHealth>200</MaxHealth>
		<Health>200</Health>
		<HasGravity>true</HasGravity>
		<IsOnFire>false</IsOnFire>
		<IsInvincible>false</IsInvincible>
		<IsBulletProof>false</IsBulletProof>
		<IsCollisionProof>false</IsCollisionProof>
		<IsExplosionProof>false</IsExplosionProof>
		<IsFireProof>false</IsFireProof>
		<IsMeleeProof>false</IsMeleeProof>
		<IsOnlyDamagedByPlayer>false</IsOnlyDamagedByPlayer>
		<PositionRotation>
			<X>1358.67249</X>
			<Y>1673.16724</Y>
			<Z>98.729805</Z>
			<Pitch>15.5699205</Pitch>
			<Roll>2.7696796e-08</Roll>
			<Yaw>91.1206055</Yaw>
		</PositionRotation>
		<Attachment isAttached="false" />
	</Placement>
	<Placement>
		<ModelHash>0x8502b6b2</ModelHash>
		<Type>1</Type>
		<Dynamic>false</Dynamic>
		<FrozenPos>true</FrozenPos>
		<HashName>Sweatshop glamrock kawai</HashName>
		<InitialHandle>454708</InitialHandle>
		<PedProperties>
			<IsStill>true</IsStill>
			<CanRagdoll>false</CanRagdoll>
			<HasShortHeight>false</HasShortHeight>
			<Armour>0</Armour>
			<CurrentWeapon>0xa2719263</CurrentWeapon>
			<PedProps>
				<_0>-1,-1</_0>
				<_1>-1,-1</_1>
				<_2>-1,-1</_2>
				<_3>-1,-1</_3>
				<_4>-1,-1</_4>
				<_5>-1,-1</_5>
				<_6>-1,-1</_6>
				<_7>-1,-1</_7>
				<_8>-1,-1</_8>
				<_9>-1,-1</_9>
			</PedProps>
			<PedComps>
				<_0>0,0</_0>
				<_1>0,0</_1>
				<_2>0,0</_2>
				<_3>0,0</_3>
				<_4>0,0</_4>
				<_5>0,0</_5>
				<_6>0,0</_6>
				<_7>0,0</_7>
				<_8>0,0</_8>
				<_9>0,0</_9>
				<_10>0,0</_10>
				<_11>0,0</_11>
			</PedComps>
			<RelationshipGroupAltered>false</RelationshipGroupAltered>
			<RelationshipGroup>0xfade4843</RelationshipGroup>
			<ScenarioActive>false</ScenarioActive>
			<AnimActive>true</AnimActive>
			<AnimDict>swimming@base</AnimDict>
			<AnimName>idle</AnimName>
		</PedProperties>
		<OpacityLevel>255</OpacityLevel>
		<LodDistance>16960</LodDistance>
		<IsVisible>true</IsVisible>
		<MaxHealth>200</MaxHealth>
		<Health>200</Health>
		<HasGravity>true</HasGravity>
		<IsOnFire>false</IsOnFire>
		<IsInvincible>false</IsInvincible>
		<IsBulletProof>false</IsBulletProof>
		<IsCollisionProof>false</IsCollisionProof>
		<IsExplosionProof>false</IsExplosionProof>
		<IsFireProof>false</IsFireProof>
		<IsMeleeProof>false</IsMeleeProof>
		<IsOnlyDamagedByPlayer>false</IsOnlyDamagedByPlayer>
		<PositionRotation>
			<X>1335.23779</X>
			<Y>1644.15015</Y>
			<Z>96.1014023</Z>
			<Pitch>-20.5799999</Pitch>
			<Roll>-4.5598685e-07</Roll>
			<Yaw>-75.8784561</Yaw>
		</PositionRotation>
		<Attachment isAttached="false" />
	</Placement>
	<Placement>
		<ModelHash>0xa6b0f2b1</ModelHash>
		<Type>3</Type>
		<Dynamic>false</Dynamic>
		<FrozenPos>true</FrozenPos>
		<HashName>prop_patio_lounger1</HashName>
		<InitialHandle>601176</InitialHandle>
		<ObjectProperties>
			<TextureVariation>0</TextureVariation>
		</ObjectProperties>
		<OpacityLevel>255</OpacityLevel>
		<LodDistance>16960</LodDistance>
		<IsVisible>true</IsVisible>
		<MaxHealth>1000</MaxHealth>
		<Health>1000</Health>
		<HasGravity>true</HasGravity>
		<IsOnFire>false</IsOnFire>
		<IsInvincible>false</IsInvincible>
		<IsBulletProof>false</IsBulletProof>
		<IsCollisionProof>false</IsCollisionProof>
		<IsExplosionProof>false</IsExplosionProof>
		<IsFireProof>false</IsFireProof>
		<IsMeleeProof>false</IsMeleeProof>
		<IsOnlyDamagedByPlayer>false</IsOnlyDamagedByPlayer>
		<PositionRotation>
			<X>1339.03088</X>
			<Y>1648.66541</Y>
			<Z>96.6690445</Z>
			<Pitch>0</Pitch>
			<Roll>0</Roll>
			<Yaw>-0.0255223773</Yaw>
		</PositionRotation>
		<Attachment isAttached="false" />
	</Placement>
	<Placement>
		<ModelHash>0xa6b0f2b1</ModelHash>
		<Type>3</Type>
		<Dynamic>false</Dynamic>
		<FrozenPos>true</FrozenPos>
		<HashName>prop_patio_lounger1</HashName>
		<InitialHandle>742488</InitialHandle>
		<ObjectProperties>
			<TextureVariation>0</TextureVariation>
		</ObjectProperties>
		<OpacityLevel>255</OpacityLevel>
		<LodDistance>16960</LodDistance>
		<IsVisible>true</IsVisible>
		<MaxHealth>1000</MaxHealth>
		<Health>1000</Health>
		<HasGravity>true</HasGravity>
		<IsOnFire>false</IsOnFire>
		<IsInvincible>false</IsInvincible>
		<IsBulletProof>false</IsBulletProof>
		<IsCollisionProof>false</IsCollisionProof>
		<IsExplosionProof>false</IsExplosionProof>
		<IsFireProof>false</IsFireProof>
		<IsMeleeProof>false</IsMeleeProof>
		<IsOnlyDamagedByPlayer>false</IsOnlyDamagedByPlayer>
		<PositionRotation>
			<X>1341.07007</X>
			<Y>1648.66418</Y>
			<Z>96.6690445</Z>
			<Pitch>0</Pitch>
			<Roll>0</Roll>
			<Yaw>-0.0255223773</Yaw>
		</PositionRotation>
		<Attachment isAttached="false" />
	</Placement>
	<Placement>
		<ModelHash>0xa6b0f2b1</ModelHash>
		<Type>3</Type>
		<Dynamic>false</Dynamic>
		<FrozenPos>true</FrozenPos>
		<HashName>prop_patio_lounger1</HashName>
		<InitialHandle>691033</InitialHandle>
		<ObjectProperties>
			<TextureVariation>0</TextureVariation>
		</ObjectProperties>
		<OpacityLevel>255</OpacityLevel>
		<LodDistance>16960</LodDistance>
		<IsVisible>true</IsVisible>
		<MaxHealth>1000</MaxHealth>
		<Health>1000</Health>
		<HasGravity>true</HasGravity>
		<IsOnFire>false</IsOnFire>
		<IsInvincible>false</IsInvincible>
		<IsBulletProof>false</IsBulletProof>
		<IsCollisionProof>false</IsCollisionProof>
		<IsExplosionProof>false</IsExplosionProof>
		<IsFireProof>false</IsFireProof>
		<IsMeleeProof>false</IsMeleeProof>
		<IsOnlyDamagedByPlayer>false</IsOnlyDamagedByPlayer>
		<PositionRotation>
			<X>1343.16492</X>
			<Y>1648.66406</Y>
			<Z>96.6690445</Z>
			<Pitch>0</Pitch>
			<Roll>0</Roll>
			<Yaw>-0.0255223773</Yaw>
		</PositionRotation>
		<Attachment isAttached="false" />
	</Placement>
	<Placement>
		<ModelHash>0xa6b0f2b1</ModelHash>
		<Type>3</Type>
		<Dynamic>false</Dynamic>
		<FrozenPos>true</FrozenPos>
		<HashName>prop_patio_lounger1</HashName>
		<InitialHandle>11866</InitialHandle>
		<ObjectProperties>
			<TextureVariation>0</TextureVariation>
		</ObjectProperties>
		<OpacityLevel>255</OpacityLevel>
		<LodDistance>16960</LodDistance>
		<IsVisible>true</IsVisible>
		<MaxHealth>1000</MaxHealth>
		<Health>1000</Health>
		<HasGravity>true</HasGravity>
		<IsOnFire>false</IsOnFire>
		<IsInvincible>false</IsInvincible>
		<IsBulletProof>false</IsBulletProof>
		<IsCollisionProof>false</IsCollisionProof>
		<IsExplosionProof>false</IsExplosionProof>
		<IsFireProof>false</IsFireProof>
		<IsMeleeProof>false</IsMeleeProof>
		<IsOnlyDamagedByPlayer>false</IsOnlyDamagedByPlayer>
		<PositionRotation>
			<X>1345.42664</X>
			<Y>1648.66321</Y>
			<Z>96.6690445</Z>
			<Pitch>0</Pitch>
			<Roll>0</Roll>
			<Yaw>-0.0255223773</Yaw>
		</PositionRotation>
		<Attachment isAttached="false" />
	</Placement>
	<Placement>
		<ModelHash>0xa6b0f2b1</ModelHash>
		<Type>3</Type>
		<Dynamic>false</Dynamic>
		<FrozenPos>true</FrozenPos>
		<HashName>prop_patio_lounger1</HashName>
		<InitialHandle>11099</InitialHandle>
		<ObjectProperties>
			<TextureVariation>0</TextureVariation>
		</ObjectProperties>
		<OpacityLevel>255</OpacityLevel>
		<LodDistance>16960</LodDistance>
		<IsVisible>true</IsVisible>
		<MaxHealth>1000</MaxHealth>
		<Health>1000</Health>
		<HasGravity>true</HasGravity>
		<IsOnFire>false</IsOnFire>
		<IsInvincible>false</IsInvincible>
		<IsBulletProof>false</IsBulletProof>
		<IsCollisionProof>false</IsCollisionProof>
		<IsExplosionProof>false</IsExplosionProof>
		<IsFireProof>false</IsFireProof>
		<IsMeleeProof>false</IsMeleeProof>
		<IsOnlyDamagedByPlayer>false</IsOnlyDamagedByPlayer>
		<PositionRotation>
			<X>1336.90161</X>
			<Y>1648.66699</Y>
			<Z>96.6690445</Z>
			<Pitch>0</Pitch>
			<Roll>0</Roll>
			<Yaw>-0.0255223773</Yaw>
		</PositionRotation>
		<Attachment isAttached="false" />
	</Placement>
	<Placement>
		<ModelHash>0x9bb59df3</ModelHash>
		<Type>3</Type>
		<Dynamic>false</Dynamic>
		<FrozenPos>true</FrozenPos>
		<HashName>prop_patio_lounger1_table</HashName>
		<InitialHandle>7516</InitialHandle>
		<ObjectProperties>
			<TextureVariation>0</TextureVariation>
		</ObjectProperties>
		<OpacityLevel>255</OpacityLevel>
		<LodDistance>16960</LodDistance>
		<IsVisible>true</IsVisible>
		<MaxHealth>1000</MaxHealth>
		<Health>1000</Health>
		<HasGravity>true</HasGravity>
		<IsOnFire>false</IsOnFire>
		<IsInvincible>false</IsInvincible>
		<IsBulletProof>false</IsBulletProof>
		<IsCollisionProof>false</IsCollisionProof>
		<IsExplosionProof>false</IsExplosionProof>
		<IsFireProof>false</IsFireProof>
		<IsMeleeProof>false</IsMeleeProof>
		<IsOnlyDamagedByPlayer>false</IsOnlyDamagedByPlayer>
		<PositionRotation>
			<X>1337.69849</X>
			<Y>1648.89819</Y>
			<Z>96.8255157</Z>
			<Pitch>0</Pitch>
			<Roll>0</Roll>
			<Yaw>-0.0202768687</Yaw>
		</PositionRotation>
		<Attachment isAttached="false" />
	</Placement>
	<Placement>
		<ModelHash>0x9bb59df3</ModelHash>
		<Type>3</Type>
		<Dynamic>false</Dynamic>
		<FrozenPos>true</FrozenPos>
		<HashName>prop_patio_lounger1_table</HashName>
		<InitialHandle>709212</InitialHandle>
		<ObjectProperties>
			<TextureVariation>0</TextureVariation>
		</ObjectProperties>
		<OpacityLevel>255</OpacityLevel>
		<LodDistance>16960</LodDistance>
		<IsVisible>true</IsVisible>
		<MaxHealth>1000</MaxHealth>
		<Health>1000</Health>
		<HasGravity>true</HasGravity>
		<IsOnFire>false</IsOnFire>
		<IsInvincible>false</IsInvincible>
		<IsBulletProof>false</IsBulletProof>
		<IsCollisionProof>false</IsCollisionProof>
		<IsExplosionProof>false</IsExplosionProof>
		<IsFireProof>false</IsFireProof>
		<IsMeleeProof>false</IsMeleeProof>
		<IsOnlyDamagedByPlayer>false</IsOnlyDamagedByPlayer>
		<PositionRotation>
			<X>1339.79785</X>
			<Y>1648.89819</Y>
			<Z>96.8255157</Z>
			<Pitch>0</Pitch>
			<Roll>0</Roll>
			<Yaw>-0.0202768687</Yaw>
		</PositionRotation>
		<Attachment isAttached="false" />
	</Placement>
	<Placement>
		<ModelHash>0x9bb59df3</ModelHash>
		<Type>3</Type>
		<Dynamic>false</Dynamic>
		<FrozenPos>true</FrozenPos>
		<HashName>prop_patio_lounger1_table</HashName>
		<InitialHandle>661341</InitialHandle>
		<ObjectProperties>
			<TextureVariation>0</TextureVariation>
		</ObjectProperties>
		<OpacityLevel>255</OpacityLevel>
		<LodDistance>16960</LodDistance>
		<IsVisible>true</IsVisible>
		<MaxHealth>1000</MaxHealth>
		<Health>1000</Health>
		<HasGravity>true</HasGravity>
		<IsOnFire>false</IsOnFire>
		<IsInvincible>false</IsInvincible>
		<IsBulletProof>false</IsBulletProof>
		<IsCollisionProof>false</IsCollisionProof>
		<IsExplosionProof>false</IsExplosionProof>
		<IsFireProof>false</IsFireProof>
		<IsMeleeProof>false</IsMeleeProof>
		<IsOnlyDamagedByPlayer>false</IsOnlyDamagedByPlayer>
		<PositionRotation>
			<X>1341.83862</X>
			<Y>1648.89722</Y>
			<Z>96.8255157</Z>
			<Pitch>0</Pitch>
			<Roll>0</Roll>
			<Yaw>-0.0202768687</Yaw>
		</PositionRotation>
		<Attachment isAttached="false" />
	</Placement>
	<Placement>
		<ModelHash>0x9bb59df3</ModelHash>
		<Type>3</Type>
		<Dynamic>false</Dynamic>
		<FrozenPos>true</FrozenPos>
		<HashName>prop_patio_lounger1_table</HashName>
		<InitialHandle>275294</InitialHandle>
		<ObjectProperties>
			<TextureVariation>0</TextureVariation>
		</ObjectProperties>
		<OpacityLevel>255</OpacityLevel>
		<LodDistance>16960</LodDistance>
		<IsVisible>true</IsVisible>
		<MaxHealth>1000</MaxHealth>
		<Health>1000</Health>
		<HasGravity>true</HasGravity>
		<IsOnFire>false</IsOnFire>
		<IsInvincible>false</IsInvincible>
		<IsBulletProof>false</IsBulletProof>
		<IsCollisionProof>false</IsCollisionProof>
		<IsExplosionProof>false</IsExplosionProof>
		<IsFireProof>false</IsFireProof>
		<IsMeleeProof>false</IsMeleeProof>
		<IsOnlyDamagedByPlayer>false</IsOnlyDamagedByPlayer>
		<PositionRotation>
			<X>1343.96765</X>
			<Y>1648.89709</Y>
			<Z>96.8255157</Z>
			<Pitch>0</Pitch>
			<Roll>0</Roll>
			<Yaw>-0.0202768687</Yaw>
		</PositionRotation>
		<Attachment isAttached="false" />
	</Placement>
	<Placement>
		<ModelHash>0x9bb59df3</ModelHash>
		<Type>3</Type>
		<Dynamic>false</Dynamic>
		<FrozenPos>true</FrozenPos>
		<HashName>prop_patio_lounger1_table</HashName>
		<InitialHandle>593246</InitialHandle>
		<ObjectProperties>
			<TextureVariation>0</TextureVariation>
		</ObjectProperties>
		<OpacityLevel>255</OpacityLevel>
		<LodDistance>16960</LodDistance>
		<IsVisible>true</IsVisible>
		<MaxHealth>1000</MaxHealth>
		<Health>1000</Health>
		<HasGravity>true</HasGravity>
		<IsOnFire>false</IsOnFire>
		<IsInvincible>false</IsInvincible>
		<IsBulletProof>false</IsBulletProof>
		<IsCollisionProof>false</IsCollisionProof>
		<IsExplosionProof>false</IsExplosionProof>
		<IsFireProof>false</IsFireProof>
		<IsMeleeProof>false</IsMeleeProof>
		<IsOnlyDamagedByPlayer>false</IsOnlyDamagedByPlayer>
		<PositionRotation>
			<X>1346.22864</X>
			<Y>1648.89722</Y>
			<Z>96.8255157</Z>
			<Pitch>0</Pitch>
			<Roll>0</Roll>
			<Yaw>-0.0202768687</Yaw>
		</PositionRotation>
		<Attachment isAttached="false" />
	</Placement>
	<Placement>
		<ModelHash>0x874f7064</ModelHash>
		<Type>3</Type>
		<Dynamic>false</Dynamic>
		<FrozenPos>true</FrozenPos>
		<HashName>prop_patio_lounger1b</HashName>
		<InitialHandle>60260</InitialHandle>
		<ObjectProperties>
			<TextureVariation>0</TextureVariation>
		</ObjectProperties>
		<OpacityLevel>255</OpacityLevel>
		<LodDistance>16960</LodDistance>
		<IsVisible>true</IsVisible>
		<MaxHealth>1000</MaxHealth>
		<Health>1000</Health>
		<HasGravity>true</HasGravity>
		<IsOnFire>false</IsOnFire>
		<IsInvincible>false</IsInvincible>
		<IsBulletProof>false</IsBulletProof>
		<IsCollisionProof>false</IsCollisionProof>
		<IsExplosionProof>false</IsExplosionProof>
		<IsFireProof>false</IsFireProof>
		<IsMeleeProof>false</IsMeleeProof>
		<IsOnlyDamagedByPlayer>false</IsOnlyDamagedByPlayer>
		<PositionRotation>
			<X>1347.14233</X>
			<Y>1648.65259</Y>
			<Z>96.6696548</Z>
			<Pitch>0</Pitch>
			<Roll>0</Roll>
			<Yaw>-1.14588928</Yaw>
		</PositionRotation>
		<Attachment isAttached="false" />
	</Placement>
	<Placement>
		<ModelHash>0x6ff5c65c</ModelHash>
		<Type>3</Type>
		<Dynamic>false</Dynamic>
		<FrozenPos>true</FrozenPos>
		<HashName>prop_parasol_01_down</HashName>
		<InitialHandle>691818</InitialHandle>
		<ObjectProperties>
			<TextureVariation>0</TextureVariation>
		</ObjectProperties>
		<OpacityLevel>255</OpacityLevel>
		<LodDistance>16960</LodDistance>
		<IsVisible>true</IsVisible>
		<MaxHealth>1000</MaxHealth>
		<Health>1000</Health>
		<HasGravity>true</HasGravity>
		<IsOnFire>false</IsOnFire>
		<IsInvincible>false</IsInvincible>
		<IsBulletProof>false</IsBulletProof>
		<IsCollisionProof>false</IsCollisionProof>
		<IsExplosionProof>false</IsExplosionProof>
		<IsFireProof>false</IsFireProof>
		<IsMeleeProof>false</IsMeleeProof>
		<IsOnlyDamagedByPlayer>false</IsOnlyDamagedByPlayer>
		<PositionRotation>
			<X>1338.24231</X>
			<Y>1648.24744</Y>
			<Z>96.6671524</Z>
			<Pitch>0</Pitch>
			<Roll>0</Roll>
			<Yaw>0.805487216</Yaw>
		</PositionRotation>
		<Attachment isAttached="false" />
	</Placement>
	<Placement>
		<ModelHash>0xdca9a809</ModelHash>
		<Type>3</Type>
		<Dynamic>false</Dynamic>
		<FrozenPos>true</FrozenPos>
		<HashName>prop_parasol_01</HashName>
		<InitialHandle>560749</InitialHandle>
		<ObjectProperties>
			<TextureVariation>0</TextureVariation>
		</ObjectProperties>
		<OpacityLevel>255</OpacityLevel>
		<LodDistance>16960</LodDistance>
		<IsVisible>true</IsVisible>
		<MaxHealth>1000</MaxHealth>
		<Health>1000</Health>
		<HasGravity>true</HasGravity>
		<IsOnFire>false</IsOnFire>
		<IsInvincible>false</IsInvincible>
		<IsBulletProof>false</IsBulletProof>
		<IsCollisionProof>false</IsCollisionProof>
		<IsExplosionProof>false</IsExplosionProof>
		<IsFireProof>false</IsFireProof>
		<IsMeleeProof>false</IsMeleeProof>
		<IsOnlyDamagedByPlayer>false</IsOnlyDamagedByPlayer>
		<PositionRotation>
			<X>1342.3252</X>
			<Y>1648.23621</Y>
			<Z>96.6671524</Z>
			<Pitch>0</Pitch>
			<Roll>0</Roll>
			<Yaw>-0.804879725</Yaw>
		</PositionRotation>
		<Attachment isAttached="false" />
	</Placement>
	<Placement>
		<ModelHash>0xdca9a809</ModelHash>
		<Type>3</Type>
		<Dynamic>false</Dynamic>
		<FrozenPos>true</FrozenPos>
		<HashName>prop_parasol_01</HashName>
		<InitialHandle>645741</InitialHandle>
		<ObjectProperties>
			<TextureVariation>0</TextureVariation>
		</ObjectProperties>
		<OpacityLevel>255</OpacityLevel>
		<LodDistance>16960</LodDistance>
		<IsVisible>true</IsVisible>
		<MaxHealth>1000</MaxHealth>
		<Health>1000</Health>
		<HasGravity>true</HasGravity>
		<IsOnFire>false</IsOnFire>
		<IsInvincible>false</IsInvincible>
		<IsBulletProof>false</IsBulletProof>
		<IsCollisionProof>false</IsCollisionProof>
		<IsExplosionProof>false</IsExplosionProof>
		<IsFireProof>false</IsFireProof>
		<IsMeleeProof>false</IsMeleeProof>
		<IsOnlyDamagedByPlayer>false</IsOnlyDamagedByPlayer>
		<PositionRotation>
			<X>1346.24646</X>
			<Y>1648.1825</Y>
			<Z>96.6671524</Z>
			<Pitch>0</Pitch>
			<Roll>0</Roll>
			<Yaw>-0.804879725</Yaw>
		</PositionRotation>
		<Attachment isAttached="false" />
	</Placement>
</SpoonerPlacements>
