<?xml version="1.0"?>
<OutfitPedData>
	<ModelHash>2627665880</ModelHash>
	<PedProperties>
		<CurrentWeapon>453432689</CurrentWeapon>
		<PedProps>
			<_0>0,0</_0>
			<_1>0,0</_1>
			<_2>0,0</_2>
			<_3>0,0</_3>
			<_4>0,0</_4>
			<_5>0,0</_5>
			<_6>0,0</_6>
			<_7>0,0</_7>
			<_8>0,0</_8>
			<_9>0,0</_9>
			<_10>0,0</_10>
			<_11>0,0</_11>
		</PedProps>
		<PedComps>
			<_0>0,0</_0>
			<_1>0,0</_1>
			<_2>0,0</_2>
			<_3>0,0</_3>
			<_4>0,0</_4>
			<_5>0,0</_5>
			<_6>0,0</_6>
			<_7>0,0</_7>
			<_8>0,0</_8>
			<_9>0,0</_9>
			<_10>0,0</_10>
			<_11>0,0</_11>
		</PedComps>
	</PedProperties>
</OutfitPedData>
