<?xml version="1.0" encoding="ISO-8859-1"?>
<Vehicle menyoo_ver="1.8.1">
	<ModelHash>0x825a9f4c</ModelHash>
	<InitialHandle>170242</InitialHandle>
	<VehicleProperties>
		<Colours>
			<Primary>0</Primary>
			<Secondary>12</Secondary>
			<Pearl>27</Pearl>
			<Rim>27</Rim>
			<Mod1_a>7</Mod1_a>
			<Mod1_b>-1</Mod1_b>
			<Mod1_c>-1</Mod1_c>
			<Mod2_a>7</Mod2_a>
			<Mod2_b>-1</Mod2_b>
			<IsPrimaryColourCustom>false</IsPrimaryColourCustom>
			<IsSecondaryColourCustom>false</IsSecondaryColourCustom>
			<tyreSmoke_R>255</tyreSmoke_R>
			<tyreSmoke_G>255</tyreSmoke_G>
			<tyreSmoke_B>255</tyreSmoke_B>
			<LrInterior>0</LrInterior>
			<LrDashboard>0</LrDashboard>
			<LrXenonHeadlights>255</LrXenonHeadlights>
		</Colours>
		<Livery>-1</Livery>
		<NumberPlateText>  666   </NumberPlateText>
		<NumberPlateIndex>1</NumberPlateIndex>
		<WheelType>8</WheelType>
		<WheelsInvisible>false</WheelsInvisible>
		<EngineSoundName></EngineSoundName>
		<WindowTint>1</WindowTint>
		<BulletProofTyres>true</BulletProofTyres>
		<DirtLevel>0.285199195</DirtLevel>
		<PaintFade>0</PaintFade>
		<RoofState>0</RoofState>
		<SirenActive>false</SirenActive>
		<EngineOn>true</EngineOn>
		<EngineHealth>2000</EngineHealth>
		<LightsOn>false</LightsOn>
		<IsRadioLoud>0</IsRadioLoud>
		<LockStatus>1</LockStatus>
		<Neons>
			<Left>true</Left>
			<Right>true</Right>
			<Front>true</Front>
			<Back>true</Back>
			<R>255</R>
			<G>1</G>
			<B>1</B>
		</Neons>
		<ModExtras />
		<Mods>
			<_0>-1,0</_0>
			<_1>-1,0</_1>
			<_2>-1,0</_2>
			<_3>-1,0</_3>
			<_4>0,0</_4>
			<_5>-1,0</_5>
			<_6>-1,0</_6>
			<_7>-1,0</_7>
			<_8>-1,0</_8>
			<_9>-1,0</_9>
			<_10>-1,0</_10>
			<_11>3,0</_11>
			<_12>2,0</_12>
			<_13>2,0</_13>
			<_14>-1,0</_14>
			<_15>0,0</_15>
			<_16>4,0</_16>
			<_17>false</_17>
			<_18>true</_18>
			<_19>false</_19>
			<_20>false</_20>
			<_21>false</_21>
			<_22>true</_22>
			<_23>-1,0</_23>
			<_24>-1,0</_24>
			<_25>-1,0</_25>
			<_26>-1,0</_26>
			<_27>-1,0</_27>
			<_28>-1,0</_28>
			<_29>-1,0</_29>
			<_30>-1,0</_30>
			<_31>-1,0</_31>
			<_32>-1,0</_32>
			<_33>-1,0</_33>
			<_34>-1,0</_34>
			<_35>-1,0</_35>
			<_36>-1,0</_36>
			<_37>-1,0</_37>
			<_38>-1,0</_38>
			<_39>-1,0</_39>
			<_40>-1,0</_40>
			<_41>-1,0</_41>
			<_42>-1,0</_42>
			<_43>-1,0</_43>
			<_44>-1,0</_44>
			<_45>-1,0</_45>
			<_46>-1,0</_46>
			<_47>-1,0</_47>
			<_48>-1,0</_48>
		</Mods>
		<DoorsOpen>
			<BackLeftDoor>false</BackLeftDoor>
			<BackRightDoor>false</BackRightDoor>
			<FrontLeftDoor>false</FrontLeftDoor>
			<FrontRightDoor>false</FrontRightDoor>
			<Hood>false</Hood>
			<Trunk>false</Trunk>
			<Trunk2>false</Trunk2>
		</DoorsOpen>
		<DoorsBroken>
			<BackLeftDoor>false</BackLeftDoor>
			<BackRightDoor>false</BackRightDoor>
			<FrontLeftDoor>false</FrontLeftDoor>
			<FrontRightDoor>false</FrontRightDoor>
			<Hood>false</Hood>
			<Trunk>false</Trunk>
			<Trunk2>false</Trunk2>
		</DoorsBroken>
		<TyresBursted>
			<FrontLeft>false</FrontLeft>
			<FrontRight>false</FrontRight>
			<_2>false</_2>
			<_3>false</_3>
			<BackLeft>false</BackLeft>
			<BackRight>false</BackRight>
			<_6>false</_6>
			<_7>false</_7>
			<_8>false</_8>
		</TyresBursted>
		<RpmMultiplier>5</RpmMultiplier>
		<TorqueMultiplier>2.5</TorqueMultiplier>
		<MaxSpeed>92.7777786</MaxSpeed>
	</VehicleProperties>
	<OpacityLevel>255</OpacityLevel>
	<LodDistance>500</LodDistance>
	<IsVisible>true</IsVisible>
	<IsDriverVisible>true</IsDriverVisible>
	<MaxHealth>1000</MaxHealth>
	<Health>1000</Health>
	<HasGravity>true</HasGravity>
	<IsOnFire>false</IsOnFire>
	<IsInvincible>true</IsInvincible>
	<IsBulletProof>true</IsBulletProof>
	<IsExplosionProof>true</IsExplosionProof>
	<IsFireProof>false</IsFireProof>
	<IsMeleeProof>true</IsMeleeProof>
	<IsOnlyDamagedByPlayer>false</IsOnlyDamagedByPlayer>
	<SpoonerAttachments SetAttachmentsPersistentAndAddToSpoonerDatabase="false" StartTaskSequencesOnLoad="true">
		<Attachment>
			<ModelHash>0xc3b3a03f</ModelHash>
			<Type>3</Type>
			<Dynamic>false</Dynamic>
			<FrozenPos>true</FrozenPos>
			<HashName>prop_water_corpse_02</HashName>
			<InitialHandle>705795</InitialHandle>
			<ObjectProperties>
				<TextureVariation>0</TextureVariation>
			</ObjectProperties>
			<PtfxLopAsset>core</PtfxLopAsset>
			<PtfxLopEffect>ent_sht_flame</PtfxLopEffect>
			<OpacityLevel>255</OpacityLevel>
			<LodDistance>16960</LodDistance>
			<IsVisible>false</IsVisible>
			<MaxHealth>1000</MaxHealth>
			<Health>0</Health>
			<HasGravity>true</HasGravity>
			<IsOnFire>true</IsOnFire>
			<IsInvincible>false</IsInvincible>
			<IsBulletProof>false</IsBulletProof>
			<IsCollisionProof>false</IsCollisionProof>
			<IsExplosionProof>false</IsExplosionProof>
			<IsFireProof>false</IsFireProof>
			<IsMeleeProof>false</IsMeleeProof>
			<IsOnlyDamagedByPlayer>false</IsOnlyDamagedByPlayer>
			<PositionRotation>
				<X>1136.41577</X>
				<Y>3537.73926</Y>
				<Z>36.4809189</Z>
				<Pitch>-0.41206339</Pitch>
				<Roll>34.6183968</Roll>
				<Yaw>-4.29297256</Yaw>
			</PositionRotation>
			<Attachment isAttached="true">
				<AttachedTo>170242</AttachedTo>
				<BoneIndex>0</BoneIndex>
				<X>-1.00108469</X>
				<Y>-0.818635464</Y>
				<Z>1.41930532</Z>
				<Pitch>0.00549309142</Pitch>
				<Roll>34.9691086</Roll>
				<Yaw>-94.1044235</Yaw>
			</Attachment>
		</Attachment>
		<Attachment>
			<ModelHash>0xc3b3a03f</ModelHash>
			<Type>3</Type>
			<Dynamic>false</Dynamic>
			<FrozenPos>true</FrozenPos>
			<HashName>prop_water_corpse_02</HashName>
			<InitialHandle>354052</InitialHandle>
			<ObjectProperties>
				<TextureVariation>0</TextureVariation>
			</ObjectProperties>
			<PtfxLopAsset>core</PtfxLopAsset>
			<PtfxLopEffect>ent_sht_flame</PtfxLopEffect>
			<OpacityLevel>255</OpacityLevel>
			<LodDistance>16960</LodDistance>
			<IsVisible>false</IsVisible>
			<MaxHealth>1000</MaxHealth>
			<Health>0</Health>
			<HasGravity>true</HasGravity>
			<IsOnFire>true</IsOnFire>
			<IsInvincible>false</IsInvincible>
			<IsBulletProof>false</IsBulletProof>
			<IsCollisionProof>false</IsCollisionProof>
			<IsExplosionProof>false</IsExplosionProof>
			<IsFireProof>false</IsFireProof>
			<IsMeleeProof>false</IsMeleeProof>
			<IsOnlyDamagedByPlayer>false</IsOnlyDamagedByPlayer>
			<PositionRotation>
				<X>1136.34509</X>
				<Y>3539.70361</Y>
				<Z>36.3923264</Z>
				<Pitch>-0.467304915</Pitch>
				<Roll>38.9300117</Roll>
				<Yaw>10.7999306</Yaw>
			</PositionRotation>
			<Attachment isAttached="true">
				<AttachedTo>170242</AttachedTo>
				<BoneIndex>0</BoneIndex>
				<X>0.963747621</X>
				<Y>-0.741108537</Y>
				<Z>1.34628618</Z>
				<Pitch>0.0271726884</Pitch>
				<Roll>39.1599045</Roll>
				<Yaw>-79.0118637</Yaw>
			</Attachment>
		</Attachment>
		<Attachment>
			<ModelHash>0xc079b265</ModelHash>
			<Type>3</Type>
			<Dynamic>false</Dynamic>
			<FrozenPos>true</FrozenPos>
			<HashName>prop_beach_fire</HashName>
			<InitialHandle>646162</InitialHandle>
			<ObjectProperties>
				<TextureVariation>0</TextureVariation>
			</ObjectProperties>
			<OpacityLevel>255</OpacityLevel>
			<LodDistance>16960</LodDistance>
			<IsVisible>true</IsVisible>
			<MaxHealth>1000</MaxHealth>
			<Health>0</Health>
			<HasGravity>true</HasGravity>
			<IsOnFire>true</IsOnFire>
			<IsInvincible>false</IsInvincible>
			<IsBulletProof>false</IsBulletProof>
			<IsCollisionProof>false</IsCollisionProof>
			<IsExplosionProof>false</IsExplosionProof>
			<IsFireProof>false</IsFireProof>
			<IsMeleeProof>false</IsMeleeProof>
			<IsOnlyDamagedByPlayer>false</IsOnlyDamagedByPlayer>
			<PositionRotation>
				<X>1137.73938</X>
				<Y>3539.72729</Y>
				<Z>34.22118</Z>
				<Pitch>-0.527119637</Pitch>
				<Roll>-100.881493</Roll>
				<Yaw>-80.381134</Yaw>
			</PositionRotation>
			<Attachment isAttached="true">
				<AttachedTo>170242</AttachedTo>
				<BoneIndex>0</BoneIndex>
				<X>1.00861263</X>
				<Y>-2.12325668</Y>
				<Z>-0.832330525</Z>
				<Pitch>-0.767127454</Pitch>
				<Roll>-100.39183</Roll>
				<Yaw>-170.188293</Yaw>
			</Attachment>
		</Attachment>
		<Attachment>
			<ModelHash>0xc079b265</ModelHash>
			<Type>3</Type>
			<Dynamic>false</Dynamic>
			<FrozenPos>true</FrozenPos>
			<HashName>prop_beach_fire</HashName>
			<InitialHandle>463379</InitialHandle>
			<ObjectProperties>
				<TextureVariation>0</TextureVariation>
			</ObjectProperties>
			<OpacityLevel>255</OpacityLevel>
			<LodDistance>16960</LodDistance>
			<IsVisible>true</IsVisible>
			<MaxHealth>1000</MaxHealth>
			<Health>1000</Health>
			<HasGravity>true</HasGravity>
			<IsOnFire>true</IsOnFire>
			<IsInvincible>false</IsInvincible>
			<IsBulletProof>false</IsBulletProof>
			<IsCollisionProof>false</IsCollisionProof>
			<IsExplosionProof>false</IsExplosionProof>
			<IsFireProof>false</IsFireProof>
			<IsMeleeProof>false</IsMeleeProof>
			<IsOnlyDamagedByPlayer>false</IsOnlyDamagedByPlayer>
			<PositionRotation>
				<X>1137.7406</X>
				<Y>3537.70142</Y>
				<Z>34.3540993</Z>
				<Pitch>-0.49672237</Pitch>
				<Roll>87.9245834</Roll>
				<Yaw>-83.9962769</Yaw>
			</PositionRotation>
			<Attachment isAttached="true">
				<AttachedTo>170242</AttachedTo>
				<BoneIndex>0</BoneIndex>
				<X>-1.01814604</X>
				<Y>-2.13172007</Y>
				<Z>-0.715076029</Z>
				<Pitch>-0.767127454</Pitch>
				<Roll>88.3981628</Roll>
				<Yaw>-173.803741</Yaw>
			</Attachment>
		</Attachment>
		<Attachment>
			<ModelHash>0x63ff5a32</ModelHash>
			<Type>3</Type>
			<Dynamic>false</Dynamic>
			<FrozenPos>true</FrozenPos>
			<HashName>vw_prop_casino_art_skull_01a</HashName>
			<InitialHandle>161307</InitialHandle>
			<ObjectProperties>
				<TextureVariation>0</TextureVariation>
			</ObjectProperties>
			<OpacityLevel>255</OpacityLevel>
			<LodDistance>16960</LodDistance>
			<IsVisible>true</IsVisible>
			<MaxHealth>1000</MaxHealth>
			<Health>1000</Health>
			<HasGravity>true</HasGravity>
			<IsOnFire>false</IsOnFire>
			<IsInvincible>false</IsInvincible>
			<IsBulletProof>false</IsBulletProof>
			<IsCollisionProof>false</IsCollisionProof>
			<IsExplosionProof>false</IsExplosionProof>
			<IsFireProof>false</IsFireProof>
			<IsMeleeProof>false</IsMeleeProof>
			<IsOnlyDamagedByPlayer>false</IsOnlyDamagedByPlayer>
			<PositionRotation>
				<X>1138.94006</X>
				<Y>3539.70947</Y>
				<Z>35.3588753</Z>
				<Pitch>2.76439095</Pitch>
				<Roll>0.699477613</Roll>
				<Yaw>99.5344238</Yaw>
			</PositionRotation>
			<Attachment isAttached="true">
				<AttachedTo>170242</AttachedTo>
				<BoneIndex>0</BoneIndex>
				<X>0.986027956</X>
				<Y>-3.33021426</Y>
				<Z>0.298502237</Z>
				<Pitch>3.00503802</Pitch>
				<Roll>0.20953171</Roll>
				<Yaw>9.7464056</Yaw>
			</Attachment>
		</Attachment>
		<Attachment>
			<ModelHash>0x63ff5a32</ModelHash>
			<Type>3</Type>
			<Dynamic>false</Dynamic>
			<FrozenPos>true</FrozenPos>
			<HashName>vw_prop_casino_art_skull_01a</HashName>
			<InitialHandle>588572</InitialHandle>
			<ObjectProperties>
				<TextureVariation>0</TextureVariation>
			</ObjectProperties>
			<OpacityLevel>255</OpacityLevel>
			<LodDistance>16960</LodDistance>
			<IsVisible>true</IsVisible>
			<MaxHealth>1000</MaxHealth>
			<Health>1000</Health>
			<HasGravity>true</HasGravity>
			<IsOnFire>false</IsOnFire>
			<IsInvincible>false</IsInvincible>
			<IsBulletProof>false</IsBulletProof>
			<IsCollisionProof>false</IsCollisionProof>
			<IsExplosionProof>false</IsExplosionProof>
			<IsFireProof>false</IsFireProof>
			<IsMeleeProof>false</IsMeleeProof>
			<IsOnlyDamagedByPlayer>false</IsOnlyDamagedByPlayer>
			<PositionRotation>
				<X>1138.91333</X>
				<Y>3537.76172</Y>
				<Z>35.3786736</Z>
				<Pitch>13.7166119</Pitch>
				<Roll>-2.31381273</Roll>
				<Yaw>93.7441864</Yaw>
			</PositionRotation>
			<Attachment isAttached="true">
				<AttachedTo>170242</AttachedTo>
				<BoneIndex>0</BoneIndex>
				<X>-0.961787522</X>
				<Y>-3.31002808</Y>
				<Z>0.303398877</Z>
				<Pitch>14.0050373</Pitch>
				<Roll>-2.79046822</Roll>
				<Yaw>4.0456996</Yaw>
			</Attachment>
		</Attachment>
		<Attachment>
			<ModelHash>0xc64ae8a2</ModelHash>
			<Type>3</Type>
			<Dynamic>false</Dynamic>
			<FrozenPos>true</FrozenPos>
			<HashName>prop_speaker_01</HashName>
			<InitialHandle>378912</InitialHandle>
			<ObjectProperties>
				<TextureVariation>0</TextureVariation>
			</ObjectProperties>
			<OpacityLevel>255</OpacityLevel>
			<LodDistance>16960</LodDistance>
			<IsVisible>true</IsVisible>
			<MaxHealth>1000</MaxHealth>
			<Health>0</Health>
			<HasGravity>true</HasGravity>
			<IsOnFire>true</IsOnFire>
			<IsInvincible>false</IsInvincible>
			<IsBulletProof>false</IsBulletProof>
			<IsCollisionProof>false</IsCollisionProof>
			<IsExplosionProof>false</IsExplosionProof>
			<IsFireProof>false</IsFireProof>
			<IsMeleeProof>false</IsMeleeProof>
			<IsOnlyDamagedByPlayer>false</IsOnlyDamagedByPlayer>
			<PositionRotation>
				<X>1136.54114</X>
				<Y>3538.33838</Y>
				<Z>35.1044693</Z>
				<Pitch>-0.310361028</Pitch>
				<Roll>0.654362261</Roll>
				<Yaw>90.3971405</Yaw>
			</PositionRotation>
			<Attachment isAttached="true">
				<AttachedTo>170242</AttachedTo>
				<BoneIndex>0</BoneIndex>
				<X>-0.390778154</X>
				<Y>-0.934466004</Y>
				<Z>0.0468474999</Z>
				<Pitch>0.00503821624</Pitch>
				<Roll>0.20953095</Roll>
				<Yaw>0.583275616</Yaw>
			</Attachment>
		</Attachment>
		<Attachment>
			<ModelHash>0xc64ae8a2</ModelHash>
			<Type>3</Type>
			<Dynamic>false</Dynamic>
			<FrozenPos>true</FrozenPos>
			<HashName>prop_speaker_01</HashName>
			<InitialHandle>239904</InitialHandle>
			<ObjectProperties>
				<TextureVariation>0</TextureVariation>
			</ObjectProperties>
			<OpacityLevel>255</OpacityLevel>
			<LodDistance>16960</LodDistance>
			<IsVisible>true</IsVisible>
			<MaxHealth>1000</MaxHealth>
			<Health>0</Health>
			<HasGravity>true</HasGravity>
			<IsOnFire>true</IsOnFire>
			<IsInvincible>false</IsInvincible>
			<IsBulletProof>false</IsBulletProof>
			<IsCollisionProof>false</IsCollisionProof>
			<IsExplosionProof>false</IsExplosionProof>
			<IsFireProof>false</IsFireProof>
			<IsMeleeProof>false</IsMeleeProof>
			<IsOnlyDamagedByPlayer>false</IsOnlyDamagedByPlayer>
			<PositionRotation>
				<X>1136.50989</X>
				<Y>3539.08472</Y>
				<Z>35.0985527</Z>
				<Pitch>-0.328782946</Pitch>
				<Roll>0.640710533</Roll>
				<Yaw>87.9877167</Yaw>
			</PositionRotation>
			<Attachment isAttached="true">
				<AttachedTo>170242</AttachedTo>
				<BoneIndex>0</BoneIndex>
				<X>0.355344296</X>
				<Y>-0.900776863</Y>
				<Z>0.0468727946</Z>
				<Pitch>0.00503821624</Pitch>
				<Roll>0.20953171</Roll>
				<Yaw>-1.8261795</Yaw>
			</Attachment>
		</Attachment>
		<Attachment>
			<ModelHash>0x40f52369</ModelHash>
			<Type>3</Type>
			<Dynamic>false</Dynamic>
			<FrozenPos>true</FrozenPos>
			<HashName>p_v_43_safe_s</HashName>
			<InitialHandle>455200</InitialHandle>
			<ObjectProperties>
				<TextureVariation>0</TextureVariation>
			</ObjectProperties>
			<OpacityLevel>255</OpacityLevel>
			<LodDistance>16960</LodDistance>
			<IsVisible>true</IsVisible>
			<MaxHealth>1000</MaxHealth>
			<Health>0</Health>
			<HasGravity>true</HasGravity>
			<IsOnFire>false</IsOnFire>
			<IsInvincible>false</IsInvincible>
			<IsBulletProof>false</IsBulletProof>
			<IsCollisionProof>false</IsCollisionProof>
			<IsExplosionProof>false</IsExplosionProof>
			<IsFireProof>false</IsFireProof>
			<IsMeleeProof>false</IsMeleeProof>
			<IsOnlyDamagedByPlayer>false</IsOnlyDamagedByPlayer>
			<PositionRotation>
				<X>1138.41284</X>
				<Y>3538.1897</Y>
				<Z>35.8656616</Z>
				<Pitch>0.444105059</Pitch>
				<Roll>-0.467091739</Roll>
				<Yaw>179.361771</Yaw>
			</PositionRotation>
			<Attachment isAttached="true">
				<AttachedTo>170242</AttachedTo>
				<BoneIndex>0</BoneIndex>
				<X>-0.539159477</X>
				<Y>-2.81084633</Y>
				<Z>0.796456695</Z>
				<Pitch>0.00503821624</Pitch>
				<Roll>-0.790468335</Roll>
				<Yaw>89.5503693</Yaw>
			</Attachment>
		</Attachment>
		<Attachment>
			<ModelHash>0xbda8285d</ModelHash>
			<Type>3</Type>
			<Dynamic>false</Dynamic>
			<FrozenPos>true</FrozenPos>
			<HashName>xm_prop_x17_laptop_lester_01</HashName>
			<InitialHandle>755236</InitialHandle>
			<ObjectProperties>
				<TextureVariation>0</TextureVariation>
			</ObjectProperties>
			<OpacityLevel>255</OpacityLevel>
			<LodDistance>16960</LodDistance>
			<IsVisible>true</IsVisible>
			<MaxHealth>1000</MaxHealth>
			<Health>0</Health>
			<HasGravity>true</HasGravity>
			<IsOnFire>false</IsOnFire>
			<IsInvincible>false</IsInvincible>
			<IsBulletProof>false</IsBulletProof>
			<IsCollisionProof>false</IsCollisionProof>
			<IsExplosionProof>false</IsExplosionProof>
			<IsFireProof>false</IsFireProof>
			<IsMeleeProof>false</IsMeleeProof>
			<IsOnlyDamagedByPlayer>false</IsOnlyDamagedByPlayer>
			<PositionRotation>
				<X>1138.61658</X>
				<Y>3537.97217</Y>
				<Z>36.5988808</Z>
				<Pitch>0.544682503</Pitch>
				<Roll>0.287851304</Roll>
				<Yaw>-152.523636</Yaw>
			</PositionRotation>
			<Attachment isAttached="true">
				<AttachedTo>170242</AttachedTo>
				<BoneIndex>0</BoneIndex>
				<X>-0.761854947</X>
				<Y>-3.01940393</Y>
				<Z>1.52682722</Z>
				<Pitch>0.00503821624</Pitch>
				<Roll>0.209531426</Roll>
				<Yaw>117.664047</Yaw>
			</Attachment>
		</Attachment>
		<Attachment>
			<ModelHash>0xbb234358</ModelHash>
			<Type>3</Type>
			<Dynamic>false</Dynamic>
			<FrozenPos>true</FrozenPos>
			<HashName>ex_prop_crate_money_sc</HashName>
			<InitialHandle>500519</InitialHandle>
			<ObjectProperties>
				<TextureVariation>0</TextureVariation>
			</ObjectProperties>
			<OpacityLevel>255</OpacityLevel>
			<LodDistance>16960</LodDistance>
			<IsVisible>true</IsVisible>
			<MaxHealth>1000</MaxHealth>
			<Health>0</Health>
			<HasGravity>true</HasGravity>
			<IsOnFire>false</IsOnFire>
			<IsInvincible>false</IsInvincible>
			<IsBulletProof>false</IsBulletProof>
			<IsCollisionProof>false</IsCollisionProof>
			<IsExplosionProof>false</IsExplosionProof>
			<IsFireProof>false</IsFireProof>
			<IsMeleeProof>false</IsMeleeProof>
			<IsOnlyDamagedByPlayer>false</IsOnlyDamagedByPlayer>
			<PositionRotation>
				<X>1137.71179</X>
				<Y>3539.03809</Y>
				<Z>35.2329597</Z>
				<Pitch>-0.443017095</Pitch>
				<Roll>-0.101268202</Roll>
				<Yaw>0.985893488</Yaw>
			</PositionRotation>
			<Attachment isAttached="true">
				<AttachedTo>170242</AttachedTo>
				<BoneIndex>0</BoneIndex>
				<X>0.311688423</X>
				<Y>-2.10347748</Y>
				<Z>0.17423293</Z>
				<Pitch>0.00503821624</Pitch>
				<Roll>0.209534168</Roll>
				<Yaw>-88.8255997</Yaw>
			</Attachment>
		</Attachment>
	</SpoonerAttachments>
</Vehicle>
