<?xml version="1.0" encoding="ISO-8859-1"?>
<Vehicle menyoo_ver="0.99987663b">
	<ModelHash>0x0d4ea603</ModelHash>
	<InitialHandle>120322</InitialHandle>
	<VehicleProperties>
		<Colours>
			<Primary>96</Primary>
			<Secondary>120</Secondary>
			<Pearl>143</Pearl>
			<Rim>138</Rim>
			<Mod1_a>0</Mod1_a>
			<Mod1_b>0</Mod1_b>
			<Mod1_c>0</Mod1_c>
			<Mod2_a>0</Mod2_a>
			<Mod2_b>0</Mod2_b>
			<IsPrimaryColourCustom>false</IsPrimaryColourCustom>
			<IsSecondaryColourCustom>false</IsSecondaryColourCustom>
			<tyreSmoke_R>252</tyreSmoke_R>
			<tyreSmoke_G>238</tyreSmoke_G>
			<tyreSmoke_B>0</tyreSmoke_B>
			<LrInterior>1</LrInterior>
			<LrDashboard>4</LrDashboard>
		</Colours>
		<Livery>-1</Livery>
		<NumberPlateText> SPINE  </NumberPlateText>
		<NumberPlateIndex>0</NumberPlateIndex>
		<WheelType>7</WheelType>
		<WheelsInvisible>false</WheelsInvisible>
		<EngineSoundName></EngineSoundName>
		<WindowTint>1</WindowTint>
		<BulletProofTyres>true</BulletProofTyres>
		<DirtLevel>0.332029015</DirtLevel>
		<PaintFade>0.956862807</PaintFade>
		<RoofState>0</RoofState>
		<SirenActive>false</SirenActive>
		<EngineOn>true</EngineOn>
		<EngineHealth>1000</EngineHealth>
		<LightsOn>false</LightsOn>
		<IsRadioLoud>0</IsRadioLoud>
		<LockStatus>1</LockStatus>
		<Neons>
			<Left>true</Left>
			<Right>true</Right>
			<Front>true</Front>
			<Back>true</Back>
			<R>35</R>
			<G>1</G>
			<B>255</B>
		</Neons>
		<ModExtras />
		<Mods>
			<_0>0,0</_0>
			<_1>3,0</_1>
			<_2>0,0</_2>
			<_3>-1,0</_3>
			<_4>2,0</_4>
			<_5>1,0</_5>
			<_6>-1,0</_6>
			<_7>4,0</_7>
			<_8>-1,0</_8>
			<_9>-1,0</_9>
			<_10>-1,0</_10>
			<_11>3,0</_11>
			<_12>2,0</_12>
			<_13>2,0</_13>
			<_14>0,0</_14>
			<_15>-1,0</_15>
			<_16>4,0</_16>
			<_17>false</_17>
			<_18>true</_18>
			<_19>false</_19>
			<_20>true</_20>
			<_21>false</_21>
			<_22>true</_22>
			<_23>19,1</_23>
			<_24>3,0</_24>
			<_25>-1,0</_25>
			<_26>-1,0</_26>
			<_27>-1,0</_27>
			<_28>-1,0</_28>
			<_29>-1,0</_29>
			<_30>-1,0</_30>
			<_31>-1,0</_31>
			<_32>-1,0</_32>
			<_33>-1,0</_33>
			<_34>-1,0</_34>
			<_35>-1,0</_35>
			<_36>1,0</_36>
			<_37>4,0</_37>
			<_38>3,0</_38>
			<_39>6,0</_39>
			<_40>3,0</_40>
			<_41>-1,0</_41>
			<_42>-1,0</_42>
			<_43>-1,0</_43>
			<_44>-1,0</_44>
			<_45>-1,0</_45>
			<_46>-1,0</_46>
			<_47>-1,0</_47>
			<_48>6,0</_48>
		</Mods>
		<DoorsOpen>
			<BackLeftDoor>false</BackLeftDoor>
			<BackRightDoor>false</BackRightDoor>
			<FrontLeftDoor>false</FrontLeftDoor>
			<FrontRightDoor>false</FrontRightDoor>
			<Hood>false</Hood>
			<Trunk>false</Trunk>
			<Trunk2>false</Trunk2>
		</DoorsOpen>
		<DoorsBroken>
			<BackLeftDoor>false</BackLeftDoor>
			<BackRightDoor>false</BackRightDoor>
			<FrontLeftDoor>false</FrontLeftDoor>
			<FrontRightDoor>false</FrontRightDoor>
			<Hood>false</Hood>
			<Trunk>false</Trunk>
			<Trunk2>false</Trunk2>
		</DoorsBroken>
		<TyresBursted>
			<FrontLeft>false</FrontLeft>
			<FrontRight>false</FrontRight>
			<_2>false</_2>
			<_3>false</_3>
			<BackLeft>false</BackLeft>
			<BackRight>false</BackRight>
			<_6>false</_6>
			<_7>false</_7>
			<_8>false</_8>
		</TyresBursted>
		<RpmMultiplier>1</RpmMultiplier>
		<TorqueMultiplier>1</TorqueMultiplier>
		<MaxSpeed>46.6666679</MaxSpeed>
		<HeadlightIntensity>1</HeadlightIntensity>
	</VehicleProperties>
	<OpacityLevel>255</OpacityLevel>
	<LodDistance>500</LodDistance>
	<IsVisible>true</IsVisible>
	<IsDriverVisible>true</IsDriverVisible>
	<MaxHealth>1000</MaxHealth>
	<Health>1000</Health>
	<HasGravity>true</HasGravity>
	<IsOnFire>false</IsOnFire>
	<IsInvincible>false</IsInvincible>
	<IsBulletProof>false</IsBulletProof>
	<IsExplosionProof>false</IsExplosionProof>
	<IsFireProof>false</IsFireProof>
	<IsMeleeProof>false</IsMeleeProof>
	<IsOnlyDamagedByPlayer>false</IsOnlyDamagedByPlayer>
	<SpoonerAttachments SetAttachmentsPersistentAndAddToSpoonerDatabase="false" StartTaskSequencesOnLoad="true">
		<Attachment>
			<ModelHash>0x35329677</ModelHash>
			<Type>3</Type>
			<Dynamic>false</Dynamic>
			<FrozenPos>true</FrozenPos>
			<HashName>apa_mp_apa_yacht_launcher_01a</HashName>
			<InitialHandle>113923</InitialHandle>
			<ObjectProperties>
				<TextureVariation>0</TextureVariation>
			</ObjectProperties>
			<OpacityLevel>255</OpacityLevel>
			<LodDistance>16960</LodDistance>
			<IsVisible>true</IsVisible>
			<MaxHealth>1000</MaxHealth>
			<Health>1000</Health>
			<HasGravity>true</HasGravity>
			<IsOnFire>false</IsOnFire>
			<IsInvincible>false</IsInvincible>
			<IsBulletProof>false</IsBulletProof>
			<IsCollisionProof>false</IsCollisionProof>
			<IsExplosionProof>false</IsExplosionProof>
			<IsFireProof>false</IsFireProof>
			<IsMeleeProof>false</IsMeleeProof>
			<IsOnlyDamagedByPlayer>false</IsOnlyDamagedByPlayer>
			<PositionRotation>
				<X>-1251.12646</X>
				<Y>-3093.53662</Y>
				<Z>13.3715124</Z>
				<Pitch>-12.4521618</Pitch>
				<Roll>0.0213466063</Roll>
				<Yaw>52.0073051</Yaw>
			</PositionRotation>
			<Attachment isAttached="true">
				<AttachedTo>120322</AttachedTo>
				<BoneIndex>0</BoneIndex>
				<X>-0.0199999996</X>
				<Y>-1.60000014</Y>
				<Z>0</Z>
				<Pitch>-12.7700119</Pitch>
				<Roll>0</Roll>
				<Yaw>0</Yaw>
			</Attachment>
		</Attachment>
		<Attachment>
			<ModelHash>0xa2b11053</ModelHash>
			<Type>3</Type>
			<Dynamic>false</Dynamic>
			<FrozenPos>true</FrozenPos>
			<HashName>apa_mp_h_lit_floorlamp_13</HashName>
			<InitialHandle>155403</InitialHandle>
			<TaskSequence>
				<Task>
					<Type>39</Type>
					<Duration>6000</Duration>
					<KeepTaskRunningAfterTime>-2</KeepTaskRunningAfterTime>
					<IsLoopedTask>true</IsLoopedTask>
					<Delay>6000</Delay>
					<AssetName></AssetName>
					<EffectName></EffectName>
					<Scale>0.30000037</Scale>
					<Colour R="255" G="255" B="255" A="255" />
					<RelativePosition X="-1.57000029" Y="-0.0199999996" Z="1.0200001" />
					<RelativeRotation X="0" Y="0" Z="0" />
				</Task>
				<Task>
					<Type>2</Type>
					<Duration>22000</Duration>
					<KeepTaskRunningAfterTime>-2</KeepTaskRunningAfterTime>
					<IsLoopedTask>false</IsLoopedTask>
				</Task>
			</TaskSequence>
			<ObjectProperties>
				<TextureVariation>0</TextureVariation>
			</ObjectProperties>
			<OpacityLevel>255</OpacityLevel>
			<LodDistance>16960</LodDistance>
			<IsVisible>true</IsVisible>
			<MaxHealth>1000</MaxHealth>
			<Health>1000</Health>
			<HasGravity>true</HasGravity>
			<IsOnFire>false</IsOnFire>
			<IsInvincible>false</IsInvincible>
			<IsBulletProof>false</IsBulletProof>
			<IsCollisionProof>false</IsCollisionProof>
			<IsExplosionProof>false</IsExplosionProof>
			<IsFireProof>false</IsFireProof>
			<IsMeleeProof>false</IsMeleeProof>
			<IsOnlyDamagedByPlayer>false</IsOnlyDamagedByPlayer>
			<PositionRotation>
				<X>-1251.57996</X>
				<Y>-3093.19482</Y>
				<Z>13.7746725</Z>
				<Pitch>39.467514</Pitch>
				<Roll>29.2371216</Roll>
				<Yaw>51.9855385</Yaw>
			</PositionRotation>
			<Attachment isAttached="true">
				<AttachedTo>120322</AttachedTo>
				<BoneIndex>0</BoneIndex>
				<X>-0.0300000105</X>
				<Y>-1.02999914</Y>
				<Z>0.399999917</Z>
				<Pitch>39.1496773</Pitch>
				<Roll>29.2101231</Roll>
				<Yaw>0</Yaw>
			</Attachment>
		</Attachment>
		<Attachment>
			<ModelHash>0xa2b11053</ModelHash>
			<Type>3</Type>
			<Dynamic>false</Dynamic>
			<FrozenPos>true</FrozenPos>
			<HashName>apa_mp_h_lit_floorlamp_13</HashName>
			<InitialHandle>155693</InitialHandle>
			<ObjectProperties>
				<TextureVariation>0</TextureVariation>
			</ObjectProperties>
			<OpacityLevel>255</OpacityLevel>
			<LodDistance>16960</LodDistance>
			<IsVisible>true</IsVisible>
			<MaxHealth>1000</MaxHealth>
			<Health>1000</Health>
			<HasGravity>true</HasGravity>
			<IsOnFire>false</IsOnFire>
			<IsInvincible>false</IsInvincible>
			<IsBulletProof>false</IsBulletProof>
			<IsCollisionProof>false</IsCollisionProof>
			<IsExplosionProof>false</IsExplosionProof>
			<IsFireProof>false</IsFireProof>
			<IsMeleeProof>false</IsMeleeProof>
			<IsOnlyDamagedByPlayer>false</IsOnlyDamagedByPlayer>
			<PositionRotation>
				<X>-1251.53088</X>
				<Y>-3093.20801</Y>
				<Z>13.3743992</Z>
				<Pitch>39.5178261</Pitch>
				<Roll>16.227047</Roll>
				<Yaw>51.985508</Yaw>
			</PositionRotation>
			<Attachment isAttached="true">
				<AttachedTo>120322</AttachedTo>
				<BoneIndex>0</BoneIndex>
				<X>-0.00999999978</X>
				<Y>-1.07900012</Y>
				<Z>0</Z>
				<Pitch>39.1999741</Pitch>
				<Roll>16.2000256</Roll>
				<Yaw>0</Yaw>
			</Attachment>
		</Attachment>
		<Attachment>
			<ModelHash>0xa2b11053</ModelHash>
			<Type>3</Type>
			<Dynamic>false</Dynamic>
			<FrozenPos>true</FrozenPos>
			<HashName>apa_mp_h_lit_floorlamp_13</HashName>
			<InitialHandle>116025</InitialHandle>
			<ObjectProperties>
				<TextureVariation>0</TextureVariation>
			</ObjectProperties>
			<OpacityLevel>255</OpacityLevel>
			<LodDistance>16960</LodDistance>
			<IsVisible>true</IsVisible>
			<MaxHealth>1000</MaxHealth>
			<Health>1000</Health>
			<HasGravity>true</HasGravity>
			<IsOnFire>false</IsOnFire>
			<IsInvincible>false</IsInvincible>
			<IsBulletProof>false</IsBulletProof>
			<IsCollisionProof>false</IsCollisionProof>
			<IsExplosionProof>false</IsExplosionProof>
			<IsFireProof>false</IsFireProof>
			<IsMeleeProof>false</IsMeleeProof>
			<IsOnlyDamagedByPlayer>false</IsOnlyDamagedByPlayer>
			<PositionRotation>
				<X>-1251.46155</X>
				<Y>-3093.19897</Y>
				<Z>13.0041046</Z>
				<Pitch>41.217804</Pitch>
				<Roll>7.92770815</Roll>
				<Yaw>51.984436</Yaw>
			</PositionRotation>
			<Attachment isAttached="true">
				<AttachedTo>120322</AttachedTo>
				<BoneIndex>0</BoneIndex>
				<X>0.0399999693</X>
				<Y>-1.13000035</Y>
				<Z>-0.369999915</Z>
				<Pitch>40.8999481</Pitch>
				<Roll>7.89999485</Roll>
				<Yaw>0</Yaw>
			</Attachment>
		</Attachment>
		<Attachment>
			<ModelHash>0xa2b11053</ModelHash>
			<Type>3</Type>
			<Dynamic>false</Dynamic>
			<FrozenPos>true</FrozenPos>
			<HashName>apa_mp_h_lit_floorlamp_13</HashName>
			<InitialHandle>75083</InitialHandle>
			<ObjectProperties>
				<TextureVariation>0</TextureVariation>
			</ObjectProperties>
			<OpacityLevel>255</OpacityLevel>
			<LodDistance>16960</LodDistance>
			<IsVisible>true</IsVisible>
			<MaxHealth>1000</MaxHealth>
			<Health>1000</Health>
			<HasGravity>true</HasGravity>
			<IsOnFire>false</IsOnFire>
			<IsInvincible>false</IsInvincible>
			<IsBulletProof>false</IsBulletProof>
			<IsCollisionProof>false</IsCollisionProof>
			<IsExplosionProof>false</IsExplosionProof>
			<IsFireProof>false</IsFireProof>
			<IsMeleeProof>false</IsMeleeProof>
			<IsOnlyDamagedByPlayer>false</IsOnlyDamagedByPlayer>
			<PositionRotation>
				<X>-1251.52527</X>
				<Y>-3093.10181</Y>
				<Z>13.7547112</Z>
				<Pitch>-39.9707413</Pitch>
				<Roll>29.5229034</Roll>
				<Yaw>-128.01474</Yaw>
			</PositionRotation>
			<Attachment isAttached="true">
				<AttachedTo>120322</AttachedTo>
				<BoneIndex>0</BoneIndex>
				<X>0.0769999474</X>
				<Y>-1.01600158</Y>
				<Z>0.379999876</Z>
				<Pitch>-39.6528854</Pitch>
				<Roll>29.5501118</Roll>
				<Yaw>-179.999985</Yaw>
			</Attachment>
		</Attachment>
		<Attachment>
			<ModelHash>0xa2b11053</ModelHash>
			<Type>3</Type>
			<Dynamic>false</Dynamic>
			<FrozenPos>true</FrozenPos>
			<HashName>apa_mp_h_lit_floorlamp_13</HashName>
			<InitialHandle>86899</InitialHandle>
			<ObjectProperties>
				<TextureVariation>0</TextureVariation>
			</ObjectProperties>
			<OpacityLevel>255</OpacityLevel>
			<LodDistance>16960</LodDistance>
			<IsVisible>true</IsVisible>
			<MaxHealth>1000</MaxHealth>
			<Health>1000</Health>
			<HasGravity>true</HasGravity>
			<IsOnFire>false</IsOnFire>
			<IsInvincible>false</IsInvincible>
			<IsBulletProof>false</IsBulletProof>
			<IsCollisionProof>false</IsCollisionProof>
			<IsExplosionProof>false</IsExplosionProof>
			<IsFireProof>false</IsFireProof>
			<IsMeleeProof>false</IsMeleeProof>
			<IsOnlyDamagedByPlayer>false</IsOnlyDamagedByPlayer>
			<PositionRotation>
				<X>-1251.4696</X>
				<Y>-3093.17334</Y>
				<Z>13.3742256</Z>
				<Pitch>-39.1105728</Pitch>
				<Roll>18.4460545</Roll>
				<Yaw>-128.014206</Yaw>
			</PositionRotation>
			<Attachment isAttached="true">
				<AttachedTo>120322</AttachedTo>
				<BoneIndex>0</BoneIndex>
				<X>0.0549999885</X>
				<Y>-1.10599971</Y>
				<Z>0</Z>
				<Pitch>-38.7927246</Pitch>
				<Roll>18.4729214</Roll>
				<Yaw>-179.999985</Yaw>
			</Attachment>
		</Attachment>
		<Attachment>
			<ModelHash>0xa2b11053</ModelHash>
			<Type>3</Type>
			<Dynamic>false</Dynamic>
			<FrozenPos>true</FrozenPos>
			<HashName>apa_mp_h_lit_floorlamp_13</HashName>
			<InitialHandle>120895</InitialHandle>
			<ObjectProperties>
				<TextureVariation>0</TextureVariation>
			</ObjectProperties>
			<OpacityLevel>255</OpacityLevel>
			<LodDistance>16960</LodDistance>
			<IsVisible>true</IsVisible>
			<MaxHealth>1000</MaxHealth>
			<Health>1000</Health>
			<HasGravity>true</HasGravity>
			<IsOnFire>false</IsOnFire>
			<IsInvincible>false</IsInvincible>
			<IsBulletProof>false</IsBulletProof>
			<IsCollisionProof>false</IsCollisionProof>
			<IsExplosionProof>false</IsExplosionProof>
			<IsFireProof>false</IsFireProof>
			<IsMeleeProof>false</IsMeleeProof>
			<IsOnlyDamagedByPlayer>false</IsOnlyDamagedByPlayer>
			<PositionRotation>
				<X>-1251.49866</X>
				<Y>-3093.24609</Y>
				<Z>12.9741268</Z>
				<Pitch>-40.6178055</Pitch>
				<Roll>7.98255873</Roll>
				<Yaw>-128.015152</Yaw>
			</PositionRotation>
			<Attachment isAttached="true">
				<AttachedTo>120322</AttachedTo>
				<BoneIndex>0</BoneIndex>
				<X>-0.020000007</X>
				<Y>-1.12999988</Y>
				<Z>-0.399999976</Z>
				<Pitch>-40.2999573</Pitch>
				<Roll>8.01002121</Roll>
				<Yaw>-179.999985</Yaw>
			</Attachment>
		</Attachment>
		<Attachment>
			<ModelHash>0xd1fbb176</ModelHash>
			<Type>3</Type>
			<Dynamic>false</Dynamic>
			<FrozenPos>true</FrozenPos>
			<HashName>prop_air_lights_02b</HashName>
			<InitialHandle>86617</InitialHandle>
			<ObjectProperties>
				<TextureVariation>0</TextureVariation>
			</ObjectProperties>
			<OpacityLevel>255</OpacityLevel>
			<LodDistance>16960</LodDistance>
			<IsVisible>true</IsVisible>
			<MaxHealth>1000</MaxHealth>
			<Health>1000</Health>
			<HasGravity>true</HasGravity>
			<IsOnFire>false</IsOnFire>
			<IsInvincible>false</IsInvincible>
			<IsBulletProof>false</IsBulletProof>
			<IsCollisionProof>false</IsCollisionProof>
			<IsExplosionProof>false</IsExplosionProof>
			<IsFireProof>false</IsFireProof>
			<IsMeleeProof>false</IsMeleeProof>
			<IsOnlyDamagedByPlayer>false</IsOnlyDamagedByPlayer>
			<PositionRotation>
				<X>-1253.88782</X>
				<Y>-3092.06763</Y>
				<Z>13.260561</Z>
				<Pitch>0.317850769</Pitch>
				<Roll>-88.444603</Roll>
				<Yaw>52.0025826</Yaw>
			</PositionRotation>
			<Attachment isAttached="true">
				<AttachedTo>120322</AttachedTo>
				<BoneIndex>60</BoneIndex>
				<X>0.199999988</X>
				<Y>0</Y>
				<Z>0</Z>
				<Pitch>0</Pitch>
				<Roll>-89.9999924</Roll>
				<Yaw>0</Yaw>
			</Attachment>
		</Attachment>
		<Attachment>
			<ModelHash>0xd1fbb176</ModelHash>
			<Type>3</Type>
			<Dynamic>false</Dynamic>
			<FrozenPos>true</FrozenPos>
			<HashName>prop_air_lights_02b</HashName>
			<InitialHandle>161122</InitialHandle>
			<ObjectProperties>
				<TextureVariation>0</TextureVariation>
			</ObjectProperties>
			<OpacityLevel>255</OpacityLevel>
			<LodDistance>16960</LodDistance>
			<IsVisible>true</IsVisible>
			<MaxHealth>1000</MaxHealth>
			<Health>1000</Health>
			<HasGravity>true</HasGravity>
			<IsOnFire>false</IsOnFire>
			<IsInvincible>false</IsInvincible>
			<IsBulletProof>false</IsBulletProof>
			<IsCollisionProof>false</IsCollisionProof>
			<IsExplosionProof>false</IsExplosionProof>
			<IsFireProof>false</IsFireProof>
			<IsMeleeProof>false</IsMeleeProof>
			<IsOnlyDamagedByPlayer>false</IsOnlyDamagedByPlayer>
			<PositionRotation>
				<X>-1251.62524</X>
				<Y>-3093.83521</Y>
				<Z>13.2613058</Z>
				<Pitch>0.317850858</Pitch>
				<Roll>-88.4956589</Roll>
				<Yaw>52.0025864</Yaw>
			</PositionRotation>
			<Attachment isAttached="true">
				<AttachedTo>120322</AttachedTo>
				<BoneIndex>62</BoneIndex>
				<X>0.199999988</X>
				<Y>0</Y>
				<Z>0</Z>
				<Pitch>0</Pitch>
				<Roll>-89.9999924</Roll>
				<Yaw>0</Yaw>
			</Attachment>
		</Attachment>
		<Attachment>
			<ModelHash>0xd1fbb176</ModelHash>
			<Type>3</Type>
			<Dynamic>false</Dynamic>
			<FrozenPos>true</FrozenPos>
			<HashName>prop_air_lights_02b</HashName>
			<InitialHandle>12648</InitialHandle>
			<ObjectProperties>
				<TextureVariation>0</TextureVariation>
			</ObjectProperties>
			<OpacityLevel>255</OpacityLevel>
			<LodDistance>16960</LodDistance>
			<IsVisible>true</IsVisible>
			<MaxHealth>1000</MaxHealth>
			<Health>1000</Health>
			<HasGravity>true</HasGravity>
			<IsOnFire>false</IsOnFire>
			<IsInvincible>false</IsInvincible>
			<IsBulletProof>false</IsBulletProof>
			<IsCollisionProof>false</IsCollisionProof>
			<IsExplosionProof>false</IsExplosionProof>
			<IsFireProof>false</IsFireProof>
			<IsMeleeProof>false</IsMeleeProof>
			<IsOnlyDamagedByPlayer>false</IsOnlyDamagedByPlayer>
			<PositionRotation>
				<X>-1253.19543</X>
				<Y>-3091.1814</Y>
				<Z>13.2607164</Z>
				<Pitch>0.317850977</Pitch>
				<Roll>88.4577484</Roll>
				<Yaw>52.0025787</Yaw>
			</PositionRotation>
			<Attachment isAttached="true">
				<AttachedTo>120322</AttachedTo>
				<BoneIndex>59</BoneIndex>
				<X>-0.199999988</X>
				<Y>0</Y>
				<Z>0</Z>
				<Pitch>0</Pitch>
				<Roll>90</Roll>
				<Yaw>0</Yaw>
			</Attachment>
		</Attachment>
		<Attachment>
			<ModelHash>0xd1fbb176</ModelHash>
			<Type>3</Type>
			<Dynamic>false</Dynamic>
			<FrozenPos>true</FrozenPos>
			<HashName>prop_air_lights_02b</HashName>
			<InitialHandle>134766</InitialHandle>
			<ObjectProperties>
				<TextureVariation>0</TextureVariation>
			</ObjectProperties>
			<OpacityLevel>255</OpacityLevel>
			<LodDistance>16960</LodDistance>
			<IsVisible>true</IsVisible>
			<MaxHealth>1000</MaxHealth>
			<Health>1000</Health>
			<HasGravity>true</HasGravity>
			<IsOnFire>false</IsOnFire>
			<IsInvincible>false</IsInvincible>
			<IsBulletProof>false</IsBulletProof>
			<IsCollisionProof>false</IsCollisionProof>
			<IsExplosionProof>false</IsExplosionProof>
			<IsFireProof>false</IsFireProof>
			<IsMeleeProof>false</IsMeleeProof>
			<IsOnlyDamagedByPlayer>false</IsOnlyDamagedByPlayer>
			<PositionRotation>
				<X>-1250.93311</X>
				<Y>-3092.94897</Y>
				<Z>13.2605648</Z>
				<Pitch>0.317850769</Pitch>
				<Roll>88.5541382</Roll>
				<Yaw>52.0025864</Yaw>
			</PositionRotation>
			<Attachment isAttached="true">
				<AttachedTo>120322</AttachedTo>
				<BoneIndex>63</BoneIndex>
				<X>-0.199999988</X>
				<Y>0</Y>
				<Z>0</Z>
				<Pitch>0</Pitch>
				<Roll>89.9999924</Roll>
				<Yaw>0</Yaw>
			</Attachment>
		</Attachment>
	</SpoonerAttachments>
</Vehicle>
