<?xml version="1.0"?>
<Vehicle>
	<ModelHash>1456336509</ModelHash>
	<OpacityLevel>255</OpacityLevel>
	<IsVisible>1</IsVisible>
	<VehicleProperties>
		<Colours>
			<Primary>1</Primary>
			<Secondary>27</Secondary>
			<Mod1_a>7</Mod1_a>
			<Mod1_b>-1</Mod1_b>
			<Mod1_c>-1</Mod1_c>
			<Mod2_a>7</Mod2_a>
			<Mod2_b>-1</Mod2_b>
			<Pearl>4</Pearl>
			<Rim>0</Rim>
			<IsPrimaryColourCustom>0</IsPrimaryColourCustom>
			<IsSecondaryColourCustom>0</IsSecondaryColourCustom>
			<Cust1_R>15</Cust1_R>
			<Cust1_G>15</Cust1_G>
			<Cust1_B>15</Cust1_B>
			<Cust2_R>105</Cust2_R>
			<Cust2_G>0</Cust2_G>
			<Cust2_B>0</Cust2_B>
			<tyreSmoke_R>255</tyreSmoke_R>
			<tyreSmoke_G>255</tyreSmoke_G>
			<tyreSmoke_B>255</tyreSmoke_B>
		</Colours>
		<Mods>
			<_0>5</_0>
			<_1>1</_1>
			<_2>-1</_2>
			<_3>3</_3>
			<_4>3</_4>
			<_5>2</_5>
			<_6>0</_6>
			<_7>8</_7>
			<_8>0</_8>
			<_9>3</_9>
			<_10>1</_10>
			<_11>1</_11>
			<_12>1</_12>
			<_13>0</_13>
			<_14>7</_14>
			<_15>1</_15>
			<_16>1</_16>
			<_17>-1</_17>
			<_18>-1</_18>
			<_19>-1</_19>
			<_20>-1</_20>
			<_21>-1</_21>
			<_22>-1</_22>
			<_23>38</_23>
			<_24>-1</_24>
			<_25>-1</_25>
			<_26>-1</_26>
			<_27>-1</_27>
			<_28>-1</_28>
			<_29>-1</_29>
			<_30>-1</_30>
			<_31>-1</_31>
			<_32>-1</_32>
			<_33>-1</_33>
			<_34>-1</_34>
			<_35>-1</_35>
			<_36>-1</_36>
			<_37>-1</_37>
			<_38>-1</_38>
			<_39>-1</_39>
			<_40>-1</_40>
			<_41>-1</_41>
			<_42>-1</_42>
			<_43>-1</_43>
			<_44>-1</_44>
			<_45>-1</_45>
			<_46>-1</_46>
			<_47>-1</_47>
			<_48>2</_48>
		</Mods>
		<Livery>2</Livery>
		<NumberPlateText>81GWA220</NumberPlateText>
		<NumberPlateIndex>2</NumberPlateIndex>
		<WheelType>7</WheelType>
		<WindowTint>1</WindowTint>
	</VehicleProperties>
</Vehicle>
