<?xml version="1.0" encoding="ISO-8859-1"?>
<Vehicle>
	<ModelHash>0x50b0215a</ModelHash>
	<VehicleProperties>
		<Colours>
			<Primary>92</Primary>
			<Secondary>40</Secondary>
			<Pearl>92</Pearl>
			<Rim>156</Rim>
			<Mod1_a>70818816</Mod1_a>
			<Mod1_b>-409966813</Mod1_b>
			<Mod1_c>2046</Mod1_c>
			<Mod2_a>0</Mod2_a>
			<Mod2_b>0</Mod2_b>
			<IsPrimaryColourCustom>false</IsPrimaryColourCustom>
			<IsSecondaryColourCustom>false</IsSecondaryColourCustom>
			<tyreSmoke_R>255</tyreSmoke_R>
			<tyreSmoke_G>255</tyreSmoke_G>
			<tyreSmoke_B>255</tyreSmoke_B>
			<LrInterior>0</LrInterior>
			<LrDashboard>0</LrDashboard>
		</Colours>
		<Livery>-1</Livery>
		<NumberPlateText>PAAAHTAY</NumberPlateText>
		<NumberPlateIndex>2</NumberPlateIndex>
		<WheelType>0</WheelType>
		<WindowTint>0</WindowTint>
		<BulletProofTyres>false</BulletProofTyres>
		<DirtLevel>3.22378778</DirtLevel>
		<PaintFade>0</PaintFade>
		<RoofState>0</RoofState>
		<Neons>
			<Left>false</Left>
			<Right>false</Right>
			<Front>false</Front>
			<Back>false</Back>
			<R>255</R>
			<G>0</G>
			<B>255</B>
		</Neons>
		<ModExtras />
		<Mods>
			<_0>-1,0</_0>
			<_1>-1,0</_1>
			<_2>-1,0</_2>
			<_3>-1,0</_3>
			<_4>-1,0</_4>
			<_5>-1,0</_5>
			<_6>-1,0</_6>
			<_7>-1,0</_7>
			<_8>-1,0</_8>
			<_9>-1,0</_9>
			<_10>-1,0</_10>
			<_11>-1,0</_11>
			<_12>-1,0</_12>
			<_13>-1,0</_13>
			<_14>-1,0</_14>
			<_15>-1,0</_15>
			<_16>-1,0</_16>
			<_17>false</_17>
			<_18>true</_18>
			<_19>false</_19>
			<_20>false</_20>
			<_21>false</_21>
			<_22>false</_22>
			<_23>-1,0</_23>
			<_24>-1,0</_24>
			<_25>-1,0</_25>
			<_26>-1,0</_26>
			<_27>-1,0</_27>
			<_28>-1,0</_28>
			<_29>-1,0</_29>
			<_30>-1,0</_30>
			<_31>-1,0</_31>
			<_32>-1,0</_32>
			<_33>-1,0</_33>
			<_34>-1,0</_34>
			<_35>-1,0</_35>
			<_36>-1,0</_36>
			<_37>-1,0</_37>
			<_38>-1,0</_38>
			<_39>-1,0</_39>
			<_40>-1,0</_40>
			<_41>-1,0</_41>
			<_42>-1,0</_42>
			<_43>-1,0</_43>
			<_44>-1,0</_44>
			<_45>-1,0</_45>
			<_46>-1,0</_46>
			<_47>-1,0</_47>
			<_48>-1,0</_48>
		</Mods>
		<DoorsOpen>
			<BackLeftDoor>false</BackLeftDoor>
			<BackRightDoor>false</BackRightDoor>
			<FrontLeftDoor>false</FrontLeftDoor>
			<FrontRightDoor>false</FrontRightDoor>
			<Hood>false</Hood>
			<Trunk>false</Trunk>
			<Trunk2>false</Trunk2>
		</DoorsOpen>
		<DoorsBroken>
			<BackLeftDoor>false</BackLeftDoor>
			<BackRightDoor>false</BackRightDoor>
			<FrontLeftDoor>false</FrontLeftDoor>
			<FrontRightDoor>false</FrontRightDoor>
			<Hood>false</Hood>
			<Trunk>false</Trunk>
			<Trunk2>false</Trunk2>
		</DoorsBroken>
	</VehicleProperties>
	<OpacityLevel>255</OpacityLevel>
	<LodDistance>16960</LodDistance>
	<IsVisible>true</IsVisible>
	<IsOnFire>false</IsOnFire>
	<IsInvincible>false</IsInvincible>
	<IsBulletProof>false</IsBulletProof>
	<IsExplosionProof>false</IsExplosionProof>
	<IsFireProof>false</IsFireProof>
	<IsMeleeProof>false</IsMeleeProof>
	<IsOnlyDamagedByPlayer>false</IsOnlyDamagedByPlayer>
	<SpoonerAttachments SetAttachmentsPersistentAndAddToSpoonerDatabase="true">
		<Attachment>
			<ModelHash>0x705e61f2</ModelHash>
			<Type>1</Type>
			<Dynamic>false</Dynamic>
			<HashName>Free Mode Male</HashName>
			<InitialHandle>521225</InitialHandle>
			<PedProperties>
				<IsStill>true</IsStill>
				<CurrentWeapon>0xa2719263</CurrentWeapon>
				<PedProps>
					<_0>15,0</_0>
					<_1>13,1</_1>
					<_2>36,0</_2>
					<_3>-1,-1</_3>
					<_4>-1,-1</_4>
					<_5>-1,-1</_5>
					<_6>0,0</_6>
					<_7>-1,-1</_7>
					<_8>-1,-1</_8>
					<_9>-1,-1</_9>
				</PedProps>
				<PedComps>
					<_0>0,0</_0>
					<_1>0,0</_1>
					<_2>2,3</_2>
					<_3>0,0</_3>
					<_4>0,0</_4>
					<_5>0,0</_5>
					<_6>29,0</_6>
					<_7>0,0</_7>
					<_8>16,2</_8>
					<_9>0,0</_9>
					<_10>0,0</_10>
					<_11>74,8</_11>
				</PedComps>
				<RelationshipGroupAltered>false</RelationshipGroupAltered>
				<RelationshipGroup>0xfade4843</RelationshipGroup>
				<ScenarioActive>false</ScenarioActive>
				<AnimActive>true</AnimActive>
				<AnimDict>mini@strip_club@idles@dj@base</AnimDict>
				<AnimName>base</AnimName>
			</PedProperties>
			<OpacityLevel>255</OpacityLevel>
			<LodDistance>16960</LodDistance>
			<IsVisible>true</IsVisible>
			<Health>200</Health>
			<IsOnFire>false</IsOnFire>
			<IsInvincible>true</IsInvincible>
			<IsBulletProof>false</IsBulletProof>
			<IsCollisionProof>false</IsCollisionProof>
			<IsExplosionProof>false</IsExplosionProof>
			<IsFireProof>true</IsFireProof>
			<IsMeleeProof>true</IsMeleeProof>
			<IsOnlyDamagedByPlayer>false</IsOnlyDamagedByPlayer>
			<PositionRotation>
				<X>153.956894</X>
				<Y>-1295.24561</Y>
				<Z>30.4771156</Z>
				<Pitch>0.385002762</Pitch>
				<Roll>1.14685404</Roll>
				<Yaw>168.194641</Yaw>
			</PositionRotation>
			<Attachment isAttached="true">
				<AttachedTo>VEHICLE</AttachedTo>
				<BoneIndex>0</BoneIndex>
				<X>0</X>
				<Y>0.799999535</Y>
				<Z>1.38999903</Z>
				<Pitch>0</Pitch>
				<Roll>0</Roll>
				<Yaw>209.999985</Yaw>
			</Attachment>
		</Attachment>
		<Attachment>
			<ModelHash>0x1880ce91</ModelHash>
			<Type>3</Type>
			<Dynamic>false</Dynamic>
			<HashName>prop_dj_deck_02</HashName>
			<InitialHandle>310028</InitialHandle>
			<OpacityLevel>255</OpacityLevel>
			<LodDistance>16960</LodDistance>
			<IsVisible>true</IsVisible>
			<Health>1000</Health>
			<IsOnFire>false</IsOnFire>
			<IsInvincible>false</IsInvincible>
			<IsBulletProof>false</IsBulletProof>
			<IsCollisionProof>false</IsCollisionProof>
			<IsExplosionProof>false</IsExplosionProof>
			<IsFireProof>false</IsFireProof>
			<IsMeleeProof>false</IsMeleeProof>
			<IsOnlyDamagedByPlayer>false</IsOnlyDamagedByPlayer>
			<PositionRotation>
				<X>153.274094</X>
				<Y>-1295.50586</Y>
				<Z>30.2574062</Z>
				<Pitch>0.239956751</Pitch>
				<Roll>-1.18571091</Roll>
				<Yaw>-41.799015</Yaw>
			</PositionRotation>
			<Attachment isAttached="true">
				<AttachedTo>VEHICLE</AttachedTo>
				<BoneIndex>0</BoneIndex>
				<X>-0.339999944</X>
				<Y>0.149999976</Y>
				<Z>1.17999995</Z>
				<Pitch>0</Pitch>
				<Roll>0</Roll>
				<Yaw>0</Yaw>
			</Attachment>
		</Attachment>
		<Attachment>
			<ModelHash>0x71603ece</ModelHash>
			<Type>3</Type>
			<Dynamic>false</Dynamic>
			<HashName>prop_speaker_07</HashName>
			<InitialHandle>186380</InitialHandle>
			<OpacityLevel>255</OpacityLevel>
			<LodDistance>16960</LodDistance>
			<IsVisible>true</IsVisible>
			<Health>1000</Health>
			<IsOnFire>false</IsOnFire>
			<IsInvincible>false</IsInvincible>
			<IsBulletProof>false</IsBulletProof>
			<IsCollisionProof>false</IsCollisionProof>
			<IsExplosionProof>false</IsExplosionProof>
			<IsFireProof>false</IsFireProof>
			<IsMeleeProof>false</IsMeleeProof>
			<IsOnlyDamagedByPlayer>false</IsOnlyDamagedByPlayer>
			<PositionRotation>
				<X>153.28157</X>
				<Y>-1295.61719</Y>
				<Z>29.7846241</Z>
				<Pitch>0.239956751</Pitch>
				<Roll>-1.18571091</Roll>
				<Yaw>-41.799015</Yaw>
			</PositionRotation>
			<Attachment isAttached="true">
				<AttachedTo>VEHICLE</AttachedTo>
				<BoneIndex>0</BoneIndex>
				<X>-0.270000011</X>
				<Y>0.0700000077</Y>
				<Z>0.705999672</Z>
				<Pitch>0</Pitch>
				<Roll>0</Roll>
				<Yaw>0</Yaw>
			</Attachment>
		</Attachment>
		<Attachment>
			<ModelHash>0x71603ece</ModelHash>
			<Type>3</Type>
			<Dynamic>false</Dynamic>
			<HashName>prop_speaker_07</HashName>
			<InitialHandle>510988</InitialHandle>
			<OpacityLevel>255</OpacityLevel>
			<LodDistance>16960</LodDistance>
			<IsVisible>true</IsVisible>
			<Health>1000</Health>
			<IsOnFire>false</IsOnFire>
			<IsInvincible>false</IsInvincible>
			<IsBulletProof>false</IsBulletProof>
			<IsCollisionProof>false</IsCollisionProof>
			<IsExplosionProof>false</IsExplosionProof>
			<IsFireProof>false</IsFireProof>
			<IsMeleeProof>false</IsMeleeProof>
			<IsOnlyDamagedByPlayer>false</IsOnlyDamagedByPlayer>
			<PositionRotation>
				<X>153.713837</X>
				<Y>-1296.00366</Y>
				<Z>29.796627</Z>
				<Pitch>0.239956751</Pitch>
				<Roll>-1.18571091</Roll>
				<Yaw>-41.799015</Yaw>
			</PositionRotation>
			<Attachment isAttached="true">
				<AttachedTo>VEHICLE</AttachedTo>
				<BoneIndex>0</BoneIndex>
				<X>0.310000002</X>
				<Y>0.0700000077</Y>
				<Z>0.705999553</Z>
				<Pitch>0</Pitch>
				<Roll>0</Roll>
				<Yaw>0</Yaw>
			</Attachment>
		</Attachment>
		<Attachment>
			<ModelHash>0x6071a637</ModelHash>
			<Type>3</Type>
			<Dynamic>false</Dynamic>
			<HashName>hei_heist_tab_coffee_06</HashName>
			<InitialHandle>170503</InitialHandle>
			<OpacityLevel>255</OpacityLevel>
			<LodDistance>16960</LodDistance>
			<IsVisible>true</IsVisible>
			<Health>1000</Health>
			<IsOnFire>false</IsOnFire>
			<IsInvincible>false</IsInvincible>
			<IsBulletProof>false</IsBulletProof>
			<IsCollisionProof>false</IsCollisionProof>
			<IsExplosionProof>false</IsExplosionProof>
			<IsFireProof>false</IsFireProof>
			<IsMeleeProof>false</IsMeleeProof>
			<IsOnlyDamagedByPlayer>false</IsOnlyDamagedByPlayer>
			<PositionRotation>
				<X>153.708008</X>
				<Y>-1295.24695</Y>
				<Z>29.7324314</Z>
				<Pitch>88.7903366</Pitch>
				<Roll>168.55896</Roll>
				<Yaw>59.6395302</Yaw>
			</PositionRotation>
			<Attachment isAttached="true">
				<AttachedTo>VEHICLE</AttachedTo>
				<BoneIndex>0</BoneIndex>
				<X>-0.200000033</X>
				<Y>0.629999936</Y>
				<Z>0.649999976</Z>
				<Pitch>90.0000076</Pitch>
				<Roll>0</Roll>
				<Yaw>-90.0000076</Yaw>
			</Attachment>
		</Attachment>
		<Attachment>
			<ModelHash>0x6071a637</ModelHash>
			<Type>3</Type>
			<Dynamic>false</Dynamic>
			<HashName>hei_heist_tab_coffee_06</HashName>
			<InitialHandle>482316</InitialHandle>
			<OpacityLevel>255</OpacityLevel>
			<LodDistance>16960</LodDistance>
			<IsVisible>true</IsVisible>
			<Health>1000</Health>
			<IsOnFire>false</IsOnFire>
			<IsInvincible>false</IsInvincible>
			<IsBulletProof>false</IsBulletProof>
			<IsCollisionProof>false</IsCollisionProof>
			<IsExplosionProof>false</IsExplosionProof>
			<IsFireProof>false</IsFireProof>
			<IsMeleeProof>false</IsMeleeProof>
			<IsOnlyDamagedByPlayer>false</IsOnlyDamagedByPlayer>
			<PositionRotation>
				<X>154.043381</X>
				<Y>-1295.54688</Y>
				<Z>29.7417431</Z>
				<Pitch>88.7905045</Pitch>
				<Roll>-11.4410095</Roll>
				<Yaw>59.6395302</Yaw>
			</PositionRotation>
			<Attachment isAttached="true">
				<AttachedTo>VEHICLE</AttachedTo>
				<BoneIndex>0</BoneIndex>
				<X>0.250000089</X>
				<Y>0.629999757</Y>
				<Z>0.650000036</Z>
				<Pitch>90.0000076</Pitch>
				<Roll>0</Roll>
				<Yaw>90.0000076</Yaw>
			</Attachment>
		</Attachment>
		<Attachment>
			<ModelHash>0x2fd800b7</ModelHash>
			<Type>1</Type>
			<Dynamic>true</Dynamic>
			<HashName>Fish</HashName>
			<InitialHandle>34316</InitialHandle>
			<PedProperties>
				<IsStill>true</IsStill>
				<CurrentWeapon>0xf9fbaebe</CurrentWeapon>
				<PedProps>
					<_0>-1,-1</_0>
					<_1>-1,-1</_1>
					<_2>-1,-1</_2>
					<_3>-1,-1</_3>
					<_4>-1,-1</_4>
					<_5>-1,-1</_5>
					<_6>-1,-1</_6>
					<_7>-1,-1</_7>
					<_8>-1,-1</_8>
					<_9>-1,-1</_9>
				</PedProps>
				<PedComps>
					<_0>2,0</_0>
					<_1>0,0</_1>
					<_2>0,0</_2>
					<_3>0,0</_3>
					<_4>0,0</_4>
					<_5>0,0</_5>
					<_6>0,0</_6>
					<_7>0,0</_7>
					<_8>0,0</_8>
					<_9>0,0</_9>
					<_10>0,0</_10>
					<_11>0,0</_11>
				</PedComps>
				<RelationshipGroupAltered>false</RelationshipGroupAltered>
				<RelationshipGroup>0xfade4843</RelationshipGroup>
				<ScenarioActive>false</ScenarioActive>
				<AnimActive>false</AnimActive>
				<PtfxLopAsset>scr_rcpaparazzo1</PtfxLopAsset>
				<PtfxLopEffect>scr_rcpap1_camera</PtfxLopEffect>
			</PedProperties>
			<OpacityLevel>255</OpacityLevel>
			<LodDistance>16960</LodDistance>
			<IsVisible>false</IsVisible>
			<Health>0</Health>
			<IsOnFire>false</IsOnFire>
			<IsInvincible>true</IsInvincible>
			<IsBulletProof>false</IsBulletProof>
			<IsCollisionProof>false</IsCollisionProof>
			<IsExplosionProof>false</IsExplosionProof>
			<IsFireProof>false</IsFireProof>
			<IsMeleeProof>false</IsMeleeProof>
			<IsOnlyDamagedByPlayer>false</IsOnlyDamagedByPlayer>
			<PositionRotation>
				<X>153.40834</X>
				<Y>-1294.49023</Y>
				<Z>31.0691948</Z>
				<Pitch>-0.385002971</Pitch>
				<Roll>-1.14685404</Roll>
				<Yaw>-11.8053455</Yaw>
			</PositionRotation>
			<Attachment isAttached="true">
				<AttachedTo>VEHICLE</AttachedTo>
				<BoneIndex>0</BoneIndex>
				<X>-0.89999944</X>
				<Y>1.00000119</Y>
				<Z>2.00000024</Z>
				<Pitch>0</Pitch>
				<Roll>0</Roll>
				<Yaw>29.9999981</Yaw>
			</Attachment>
		</Attachment>
		<Attachment>
			<ModelHash>0x2fd800b7</ModelHash>
			<Type>1</Type>
			<Dynamic>true</Dynamic>
			<HashName>Fish</HashName>
			<InitialHandle>485901</InitialHandle>
			<PedProperties>
				<IsStill>true</IsStill>
				<CurrentWeapon>0xf9fbaebe</CurrentWeapon>
				<PedProps>
					<_0>-1,-1</_0>
					<_1>-1,-1</_1>
					<_2>-1,-1</_2>
					<_3>-1,-1</_3>
					<_4>-1,-1</_4>
					<_5>-1,-1</_5>
					<_6>-1,-1</_6>
					<_7>-1,-1</_7>
					<_8>-1,-1</_8>
					<_9>-1,-1</_9>
				</PedProps>
				<PedComps>
					<_0>2,0</_0>
					<_1>0,0</_1>
					<_2>0,0</_2>
					<_3>0,0</_3>
					<_4>0,0</_4>
					<_5>0,0</_5>
					<_6>0,0</_6>
					<_7>0,0</_7>
					<_8>0,0</_8>
					<_9>0,0</_9>
					<_10>0,0</_10>
					<_11>0,0</_11>
				</PedComps>
				<RelationshipGroupAltered>false</RelationshipGroupAltered>
				<RelationshipGroup>0xfade4843</RelationshipGroup>
				<ScenarioActive>false</ScenarioActive>
				<AnimActive>false</AnimActive>
				<PtfxLopAsset>scr_rcpaparazzo1</PtfxLopAsset>
				<PtfxLopEffect>scr_rcpap1_camera</PtfxLopEffect>
			</PedProperties>
			<OpacityLevel>255</OpacityLevel>
			<LodDistance>16960</LodDistance>
			<IsVisible>false</IsVisible>
			<Health>0</Health>
			<IsOnFire>false</IsOnFire>
			<IsInvincible>true</IsInvincible>
			<IsBulletProof>false</IsBulletProof>
			<IsCollisionProof>false</IsCollisionProof>
			<IsExplosionProof>false</IsExplosionProof>
			<IsFireProof>false</IsFireProof>
			<IsMeleeProof>false</IsMeleeProof>
			<IsOnlyDamagedByPlayer>false</IsOnlyDamagedByPlayer>
			<PositionRotation>
				<X>154.749832</X>
				<Y>-1295.68982</Y>
				<Z>31.1064415</Z>
				<Pitch>0.800642014</Pitch>
				<Roll>-0.906921983</Roll>
				<Yaw>-71.7951508</Yaw>
			</PositionRotation>
			<Attachment isAttached="true">
				<AttachedTo>VEHICLE</AttachedTo>
				<BoneIndex>0</BoneIndex>
				<X>0.899999976</X>
				<Y>0.99999994</Y>
				<Z>1.99999988</Z>
				<Pitch>0</Pitch>
				<Roll>0</Roll>
				<Yaw>-29.9999981</Yaw>
			</Attachment>
		</Attachment>
		<Attachment>
			<ModelHash>0x2fd800b7</ModelHash>
			<Type>1</Type>
			<Dynamic>true</Dynamic>
			<HashName>Fish</HashName>
			<InitialHandle>173326</InitialHandle>
			<PedProperties>
				<IsStill>true</IsStill>
				<CurrentWeapon>0x00000000</CurrentWeapon>
				<PedProps>
					<_0>-1,-1</_0>
					<_1>-1,-1</_1>
					<_2>-1,-1</_2>
					<_3>-1,-1</_3>
					<_4>-1,-1</_4>
					<_5>-1,-1</_5>
					<_6>-1,-1</_6>
					<_7>-1,-1</_7>
					<_8>-1,-1</_8>
					<_9>-1,-1</_9>
				</PedProps>
				<PedComps>
					<_0>2,0</_0>
					<_1>0,0</_1>
					<_2>0,0</_2>
					<_3>0,0</_3>
					<_4>0,0</_4>
					<_5>0,0</_5>
					<_6>0,0</_6>
					<_7>0,0</_7>
					<_8>0,0</_8>
					<_9>0,0</_9>
					<_10>0,0</_10>
					<_11>0,0</_11>
				</PedComps>
				<RelationshipGroupAltered>false</RelationshipGroupAltered>
				<RelationshipGroup>0xfade4843</RelationshipGroup>
				<ScenarioActive>false</ScenarioActive>
				<AnimActive>false</AnimActive>
				<PtfxLopAsset>scr_rcpaparazzo1</PtfxLopAsset>
				<PtfxLopEffect>scr_rcpap1_camera</PtfxLopEffect>
			</PedProperties>
			<OpacityLevel>255</OpacityLevel>
			<LodDistance>16960</LodDistance>
			<IsVisible>false</IsVisible>
			<Health>0</Health>
			<IsOnFire>false</IsOnFire>
			<IsInvincible>true</IsInvincible>
			<IsBulletProof>false</IsBulletProof>
			<IsCollisionProof>false</IsCollisionProof>
			<IsExplosionProof>false</IsExplosionProof>
			<IsFireProof>false</IsFireProof>
			<IsMeleeProof>false</IsMeleeProof>
			<IsOnlyDamagedByPlayer>false</IsOnlyDamagedByPlayer>
			<PositionRotation>
				<X>149.495361</X>
				<Y>-1298.76331</Y>
				<Z>29.543169</Z>
				<Pitch>-0.800642312</Pitch>
				<Roll>0.906921566</Roll>
				<Yaw>108.204819</Yaw>
			</PositionRotation>
			<Attachment isAttached="true">
				<AttachedTo>VEHICLE</AttachedTo>
				<BoneIndex>0</BoneIndex>
				<X>-1</X>
				<Y>-4.79999781</Y>
				<Z>0.49999994</Z>
				<Pitch>0</Pitch>
				<Roll>0</Roll>
				<Yaw>149.999985</Yaw>
			</Attachment>
		</Attachment>
		<Attachment>
			<ModelHash>0x2fd800b7</ModelHash>
			<Type>1</Type>
			<Dynamic>true</Dynamic>
			<HashName>Fish</HashName>
			<InitialHandle>363540</InitialHandle>
			<PedProperties>
				<IsStill>true</IsStill>
				<CurrentWeapon>0x00000000</CurrentWeapon>
				<PedProps>
					<_0>-1,-1</_0>
					<_1>-1,-1</_1>
					<_2>-1,-1</_2>
					<_3>-1,-1</_3>
					<_4>-1,-1</_4>
					<_5>-1,-1</_5>
					<_6>-1,-1</_6>
					<_7>-1,-1</_7>
					<_8>-1,-1</_8>
					<_9>-1,-1</_9>
				</PedProps>
				<PedComps>
					<_0>2,0</_0>
					<_1>0,0</_1>
					<_2>0,0</_2>
					<_3>0,0</_3>
					<_4>0,0</_4>
					<_5>0,0</_5>
					<_6>0,0</_6>
					<_7>0,0</_7>
					<_8>0,0</_8>
					<_9>0,0</_9>
					<_10>0,0</_10>
					<_11>0,0</_11>
				</PedComps>
				<RelationshipGroupAltered>false</RelationshipGroupAltered>
				<RelationshipGroup>0xfade4843</RelationshipGroup>
				<ScenarioActive>false</ScenarioActive>
				<AnimActive>false</AnimActive>
				<PtfxLopAsset>scr_rcpaparazzo1</PtfxLopAsset>
				<PtfxLopEffect>scr_rcpap1_camera</PtfxLopEffect>
			</PedProperties>
			<OpacityLevel>255</OpacityLevel>
			<LodDistance>16960</LodDistance>
			<IsVisible>false</IsVisible>
			<Health>0</Health>
			<IsOnFire>false</IsOnFire>
			<IsInvincible>true</IsInvincible>
			<IsBulletProof>false</IsBulletProof>
			<IsCollisionProof>false</IsCollisionProof>
			<IsExplosionProof>false</IsExplosionProof>
			<IsFireProof>false</IsFireProof>
			<IsMeleeProof>false</IsMeleeProof>
			<IsOnlyDamagedByPlayer>false</IsOnlyDamagedByPlayer>
			<PositionRotation>
				<X>150.985901</X>
				<Y>-1300.09619</Y>
				<Z>29.5845547</Z>
				<Pitch>0.385003567</Pitch>
				<Roll>1.1468538</Roll>
				<Yaw>168.194687</Yaw>
			</PositionRotation>
			<Attachment isAttached="true">
				<AttachedTo>VEHICLE</AttachedTo>
				<BoneIndex>0</BoneIndex>
				<X>0.99999994</X>
				<Y>-4.79999876</Y>
				<Z>0.499999911</Z>
				<Pitch>0</Pitch>
				<Roll>0</Roll>
				<Yaw>-150</Yaw>
			</Attachment>
		</Attachment>
	</SpoonerAttachments>
</Vehicle>
