<?xml version="1.0" encoding="ISO-8859-1"?>
<Vehicle>
	<ModelHash>0xdff0594c</ModelHash>
	<VehicleProperties>
		<Colours>
			<Primary>27</Primary>
			<Secondary>0</Secondary>
			<Pearl>36</Pearl>
			<Rim>156</Rim>
			<Mod1_a>70818816</Mod1_a>
			<Mod1_b>-421894365</Mod1_b>
			<Mod1_c>2046</Mod1_c>
			<Mod2_a>1</Mod2_a>
			<Mod2_b>0</Mod2_b>
			<IsPrimaryColourCustom>false</IsPrimaryColourCustom>
			<IsSecondaryColourCustom>false</IsSecondaryColourCustom>
			<tyreSmoke_R>255</tyreSmoke_R>
			<tyreSmoke_G>255</tyreSmoke_G>
			<tyreSmoke_B>255</tyreSmoke_B>
			<LrInterior>0</LrInterior>
			<LrDashboard>0</LrDashboard>
		</Colours>
		<Livery>-1</Livery>
		<NumberPlateText>25JTN185</NumberPlateText>
		<NumberPlateIndex>3</NumberPlateIndex>
		<WheelType>0</WheelType>
		<WindowTint>0</WindowTint>
		<BulletProofTyres>false</BulletProofTyres>
		<DirtLevel>12.9033728</DirtLevel>
		<PaintFade>0.247058839</PaintFade>
		<RoofState>0</RoofState>
		<Neons>
			<Left>true</Left>
			<Right>true</Right>
			<Front>true</Front>
			<Back>true</Back>
			<R>255</R>
			<G>1</G>
			<B>1</B>
		</Neons>
		<ModExtras>
			<_2>false</_2>
		</ModExtras>
		<Mods>
			<_0>-1,0</_0>
			<_1>-1,0</_1>
			<_2>-1,0</_2>
			<_3>-1,0</_3>
			<_4>-1,0</_4>
			<_5>-1,0</_5>
			<_6>-1,0</_6>
			<_7>-1,0</_7>
			<_8>-1,0</_8>
			<_9>-1,0</_9>
			<_10>-1,0</_10>
			<_11>-1,0</_11>
			<_12>-1,0</_12>
			<_13>-1,0</_13>
			<_14>-1,0</_14>
			<_15>-1,0</_15>
			<_16>-1,0</_16>
			<_17>false</_17>
			<_18>false</_18>
			<_19>false</_19>
			<_20>false</_20>
			<_21>false</_21>
			<_22>false</_22>
			<_23>-1,0</_23>
			<_24>-1,0</_24>
			<_25>-1,0</_25>
			<_26>-1,0</_26>
			<_27>-1,0</_27>
			<_28>-1,0</_28>
			<_29>-1,0</_29>
			<_30>-1,0</_30>
			<_31>-1,0</_31>
			<_32>-1,0</_32>
			<_33>-1,0</_33>
			<_34>-1,0</_34>
			<_35>-1,0</_35>
			<_36>-1,0</_36>
			<_37>-1,0</_37>
			<_38>-1,0</_38>
			<_39>-1,0</_39>
			<_40>-1,0</_40>
			<_41>-1,0</_41>
			<_42>-1,0</_42>
			<_43>-1,0</_43>
			<_44>-1,0</_44>
			<_45>-1,0</_45>
			<_46>-1,0</_46>
			<_47>-1,0</_47>
			<_48>-1,0</_48>
		</Mods>
		<DoorsOpen>
			<BackLeftDoor>false</BackLeftDoor>
			<BackRightDoor>false</BackRightDoor>
			<FrontLeftDoor>false</FrontLeftDoor>
			<FrontRightDoor>false</FrontRightDoor>
			<Hood>false</Hood>
			<Trunk>false</Trunk>
			<Trunk2>false</Trunk2>
		</DoorsOpen>
		<DoorsBroken>
			<BackLeftDoor>false</BackLeftDoor>
			<BackRightDoor>false</BackRightDoor>
			<FrontLeftDoor>false</FrontLeftDoor>
			<FrontRightDoor>false</FrontRightDoor>
			<Hood>false</Hood>
			<Trunk>false</Trunk>
			<Trunk2>false</Trunk2>
		</DoorsBroken>
	</VehicleProperties>
	<OpacityLevel>255</OpacityLevel>
	<LodDistance>16960</LodDistance>
	<IsVisible>true</IsVisible>
	<IsOnFire>false</IsOnFire>
	<IsInvincible>false</IsInvincible>
	<IsBulletProof>false</IsBulletProof>
	<IsExplosionProof>false</IsExplosionProof>
	<IsFireProof>false</IsFireProof>
	<IsMeleeProof>false</IsMeleeProof>
	<IsOnlyDamagedByPlayer>false</IsOnlyDamagedByPlayer>
	<SpoonerAttachments SetAttachmentsPersistentAndAddToSpoonerDatabase="false">
		<Attachment>
			<ModelHash>0xd86b5a95</ModelHash>
			<Type>1</Type>
			<Dynamic>false</Dynamic>
			<HashName>Deer</HashName>
			<InitialHandle>388872</InitialHandle>
			<PedProperties>
				<IsStill>true</IsStill>
				<CurrentWeapon>0xf4c67a9e</CurrentWeapon>
				<PedProps>
					<_0>-1,-1</_0>
					<_1>-1,-1</_1>
					<_2>-1,-1</_2>
					<_3>-1,-1</_3>
					<_4>-1,-1</_4>
					<_5>-1,-1</_5>
					<_6>-1,-1</_6>
					<_7>-1,-1</_7>
					<_8>-1,-1</_8>
					<_9>-1,-1</_9>
				</PedProps>
				<PedComps>
					<_0>0,0</_0>
					<_1>0,0</_1>
					<_2>0,0</_2>
					<_3>0,0</_3>
					<_4>0,0</_4>
					<_5>0,0</_5>
					<_6>0,0</_6>
					<_7>0,0</_7>
					<_8>1,0</_8>
					<_9>0,0</_9>
					<_10>0,0</_10>
					<_11>0,0</_11>
				</PedComps>
				<RelationshipGroupAltered>false</RelationshipGroupAltered>
				<RelationshipGroup>0xfade4843</RelationshipGroup>
				<ScenarioActive>false</ScenarioActive>
				<AnimActive>true</AnimActive>
				<AnimDict>creatures@deer@move</AnimDict>
				<AnimName>gallop</AnimName>
			</PedProperties>
			<OpacityLevel>255</OpacityLevel>
			<LodDistance>16960</LodDistance>
			<IsVisible>true</IsVisible>
			<Health>200</Health>
			<IsOnFire>false</IsOnFire>
			<IsInvincible>false</IsInvincible>
			<IsBulletProof>false</IsBulletProof>
			<IsCollisionProof>false</IsCollisionProof>
			<IsExplosionProof>false</IsExplosionProof>
			<IsFireProof>false</IsFireProof>
			<IsMeleeProof>false</IsMeleeProof>
			<IsOnlyDamagedByPlayer>false</IsOnlyDamagedByPlayer>
			<PositionRotation>
				<X>1664.6875</X>
				<Y>3243.48071</Y>
				<Z>40.6165962</Z>
				<Pitch>-0.4213278</Pitch>
				<Roll>0.00654006982</Roll>
				<Yaw>104.893524</Yaw>
			</PositionRotation>
			<Attachment isAttached="true">
				<AttachedTo>VEHICLE</AttachedTo>
				<BoneIndex>0</BoneIndex>
				<X>-0.49999994</X>
				<Y>2.88999772</Y>
				<Z>0.599999785</Z>
				<Pitch>0</Pitch>
				<Roll>0</Roll>
				<Yaw>0</Yaw>
			</Attachment>
		</Attachment>
		<Attachment>
			<ModelHash>0xd86b5a95</ModelHash>
			<Type>1</Type>
			<Dynamic>false</Dynamic>
			<HashName>Deer</HashName>
			<InitialHandle>328969</InitialHandle>
			<PedProperties>
				<IsStill>true</IsStill>
				<CurrentWeapon>0xf4c67a9e</CurrentWeapon>
				<PedProps>
					<_0>-1,-1</_0>
					<_1>-1,-1</_1>
					<_2>-1,-1</_2>
					<_3>-1,-1</_3>
					<_4>-1,-1</_4>
					<_5>-1,-1</_5>
					<_6>-1,-1</_6>
					<_7>-1,-1</_7>
					<_8>-1,-1</_8>
					<_9>-1,-1</_9>
				</PedProps>
				<PedComps>
					<_0>0,0</_0>
					<_1>0,0</_1>
					<_2>0,0</_2>
					<_3>0,0</_3>
					<_4>0,0</_4>
					<_5>0,0</_5>
					<_6>0,0</_6>
					<_7>0,0</_7>
					<_8>1,0</_8>
					<_9>0,0</_9>
					<_10>0,0</_10>
					<_11>0,0</_11>
				</PedComps>
				<RelationshipGroupAltered>false</RelationshipGroupAltered>
				<RelationshipGroup>0xfade4843</RelationshipGroup>
				<ScenarioActive>false</ScenarioActive>
				<AnimActive>true</AnimActive>
				<AnimDict>creatures@deer@move</AnimDict>
				<AnimName>gallop</AnimName>
			</PedProperties>
			<OpacityLevel>255</OpacityLevel>
			<LodDistance>16960</LodDistance>
			<IsVisible>true</IsVisible>
			<Health>200</Health>
			<IsOnFire>false</IsOnFire>
			<IsInvincible>false</IsInvincible>
			<IsBulletProof>false</IsBulletProof>
			<IsCollisionProof>false</IsCollisionProof>
			<IsExplosionProof>false</IsExplosionProof>
			<IsFireProof>false</IsFireProof>
			<IsMeleeProof>false</IsMeleeProof>
			<IsOnlyDamagedByPlayer>false</IsOnlyDamagedByPlayer>
			<PositionRotation>
				<X>1664.42078</X>
				<Y>3244.44458</Y>
				<Z>40.6164093</Z>
				<Pitch>-0.4213278</Pitch>
				<Roll>0.00654006982</Roll>
				<Yaw>104.893524</Yaw>
			</PositionRotation>
			<Attachment isAttached="true">
				<AttachedTo>VEHICLE</AttachedTo>
				<BoneIndex>0</BoneIndex>
				<X>0.499999911</X>
				<Y>2.89999938</Y>
				<Z>0.599999964</Z>
				<Pitch>0</Pitch>
				<Roll>0</Roll>
				<Yaw>0</Yaw>
			</Attachment>
		</Attachment>
		<Attachment>
			<ModelHash>0x4b7b063a</ModelHash>
			<Type>3</Type>
			<Dynamic>false</Dynamic>
			<HashName>prop_cs_dog_lead_2b</HashName>
			<InitialHandle>256264</InitialHandle>
			<OpacityLevel>255</OpacityLevel>
			<LodDistance>16960</LodDistance>
			<IsVisible>true</IsVisible>
			<Health>1000</Health>
			<IsOnFire>false</IsOnFire>
			<IsInvincible>false</IsInvincible>
			<IsBulletProof>false</IsBulletProof>
			<IsCollisionProof>false</IsCollisionProof>
			<IsExplosionProof>false</IsExplosionProof>
			<IsFireProof>false</IsFireProof>
			<IsMeleeProof>false</IsMeleeProof>
			<IsOnlyDamagedByPlayer>false</IsOnlyDamagedByPlayer>
			<PositionRotation>
				<X>1666.37476</X>
				<Y>3244.18823</Y>
				<Z>40.2898865</Z>
				<Pitch>0.00652581872</Pitch>
				<Roll>-110.578804</Roll>
				<Yaw>-165.106506</Yaw>
			</PositionRotation>
			<Attachment isAttached="true">
				<AttachedTo>VEHICLE</AttachedTo>
				<BoneIndex>0</BoneIndex>
				<X>-0.249999866</X>
				<Y>1.08000064</Y>
				<Z>0.260000467</Z>
				<Pitch>-5.7220459e-006</Pitch>
				<Roll>-111</Roll>
				<Yaw>90</Yaw>
			</Attachment>
		</Attachment>
		<Attachment>
			<ModelHash>0x4b7b063a</ModelHash>
			<Type>3</Type>
			<Dynamic>false</Dynamic>
			<HashName>prop_cs_dog_lead_2b</HashName>
			<InitialHandle>387336</InitialHandle>
			<OpacityLevel>255</OpacityLevel>
			<LodDistance>16960</LodDistance>
			<IsVisible>true</IsVisible>
			<Health>1000</Health>
			<IsOnFire>false</IsOnFire>
			<IsInvincible>false</IsInvincible>
			<IsBulletProof>false</IsBulletProof>
			<IsCollisionProof>false</IsCollisionProof>
			<IsExplosionProof>false</IsExplosionProof>
			<IsFireProof>false</IsFireProof>
			<IsMeleeProof>false</IsMeleeProof>
			<IsOnlyDamagedByPlayer>false</IsOnlyDamagedByPlayer>
			<PositionRotation>
				<X>1666.26563</X>
				<Y>3244.67651</Y>
				<Z>40.2899742</Z>
				<Pitch>-0.00653478317</Pitch>
				<Roll>110.578796</Roll>
				<Yaw>14.8934813</Yaw>
			</PositionRotation>
			<Attachment isAttached="true">
				<AttachedTo>VEHICLE</AttachedTo>
				<BoneIndex>0</BoneIndex>
				<X>0.25000003</X>
				<Y>1.05999935</Y>
				<Z>0.260001421</Z>
				<Pitch>0</Pitch>
				<Roll>110.999992</Roll>
				<Yaw>-90</Yaw>
			</Attachment>
		</Attachment>
		<Attachment>
			<ModelHash>0x4b7b063a</ModelHash>
			<Type>3</Type>
			<Dynamic>false</Dynamic>
			<HashName>prop_cs_dog_lead_2b</HashName>
			<InitialHandle>203528</InitialHandle>
			<OpacityLevel>255</OpacityLevel>
			<LodDistance>16960</LodDistance>
			<IsVisible>true</IsVisible>
			<Health>1000</Health>
			<IsOnFire>false</IsOnFire>
			<IsInvincible>false</IsInvincible>
			<IsBulletProof>false</IsBulletProof>
			<IsCollisionProof>false</IsCollisionProof>
			<IsExplosionProof>false</IsExplosionProof>
			<IsFireProof>false</IsFireProof>
			<IsMeleeProof>false</IsMeleeProof>
			<IsOnlyDamagedByPlayer>false</IsOnlyDamagedByPlayer>
			<PositionRotation>
				<X>1665.1731</X>
				<Y>3243.86865</Y>
				<Z>40.7507553</Z>
				<Pitch>0.00654151337</Pitch>
				<Roll>-89.5786514</Roll>
				<Yaw>-165.106506</Yaw>
			</PositionRotation>
			<Attachment isAttached="true">
				<AttachedTo>VEHICLE</AttachedTo>
				<BoneIndex>0</BoneIndex>
				<X>-0.25000003</X>
				<Y>2.31999993</Y>
				<Z>0.730000377</Z>
				<Pitch>0</Pitch>
				<Roll>-89.9999924</Roll>
				<Yaw>89.9999924</Yaw>
			</Attachment>
		</Attachment>
		<Attachment>
			<ModelHash>0x4b7b063a</ModelHash>
			<Type>3</Type>
			<Dynamic>false</Dynamic>
			<HashName>prop_cs_dog_lead_2b</HashName>
			<InitialHandle>98825</InitialHandle>
			<OpacityLevel>255</OpacityLevel>
			<LodDistance>16960</LodDistance>
			<IsVisible>true</IsVisible>
			<Health>1000</Health>
			<IsOnFire>false</IsOnFire>
			<IsInvincible>false</IsInvincible>
			<IsBulletProof>false</IsBulletProof>
			<IsCollisionProof>false</IsCollisionProof>
			<IsExplosionProof>false</IsExplosionProof>
			<IsFireProof>false</IsFireProof>
			<IsMeleeProof>false</IsMeleeProof>
			<IsOnlyDamagedByPlayer>false</IsOnlyDamagedByPlayer>
			<PositionRotation>
				<X>1665.07361</X>
				<Y>3244.35962</Y>
				<Z>40.7509193</Z>
				<Pitch>0.00653983885</Pitch>
				<Roll>-89.5786591</Roll>
				<Yaw>-165.106506</Yaw>
			</PositionRotation>
			<Attachment isAttached="true">
				<AttachedTo>VEHICLE</AttachedTo>
				<BoneIndex>0</BoneIndex>
				<X>0.25000003</X>
				<Y>2.28999972</Y>
				<Z>0.729999602</Z>
				<Pitch>0</Pitch>
				<Roll>-90</Roll>
				<Yaw>89.9999924</Yaw>
			</Attachment>
		</Attachment>
		<Attachment>
			<ModelHash>0xd86b5a95</ModelHash>
			<Type>1</Type>
			<Dynamic>false</Dynamic>
			<HashName>Deer</HashName>
			<InitialHandle>215816</InitialHandle>
			<PedProperties>
				<IsStill>true</IsStill>
				<CurrentWeapon>0xf4c67a9e</CurrentWeapon>
				<PedProps>
					<_0>-1,-1</_0>
					<_1>-1,-1</_1>
					<_2>-1,-1</_2>
					<_3>-1,-1</_3>
					<_4>-1,-1</_4>
					<_5>-1,-1</_5>
					<_6>-1,-1</_6>
					<_7>-1,-1</_7>
					<_8>-1,-1</_8>
					<_9>-1,-1</_9>
				</PedProps>
				<PedComps>
					<_0>0,0</_0>
					<_1>0,0</_1>
					<_2>0,0</_2>
					<_3>0,0</_3>
					<_4>0,0</_4>
					<_5>0,0</_5>
					<_6>0,0</_6>
					<_7>0,0</_7>
					<_8>1,0</_8>
					<_9>0,0</_9>
					<_10>0,0</_10>
					<_11>0,0</_11>
				</PedComps>
				<RelationshipGroupAltered>false</RelationshipGroupAltered>
				<RelationshipGroup>0xfade4843</RelationshipGroup>
				<ScenarioActive>false</ScenarioActive>
				<AnimActive>true</AnimActive>
				<AnimDict>creatures@deer@move</AnimDict>
				<AnimName>gallop</AnimName>
			</PedProperties>
			<OpacityLevel>255</OpacityLevel>
			<LodDistance>16960</LodDistance>
			<IsVisible>true</IsVisible>
			<Health>200</Health>
			<IsOnFire>false</IsOnFire>
			<IsInvincible>false</IsInvincible>
			<IsBulletProof>false</IsBulletProof>
			<IsCollisionProof>false</IsCollisionProof>
			<IsExplosionProof>false</IsExplosionProof>
			<IsFireProof>false</IsFireProof>
			<IsMeleeProof>false</IsMeleeProof>
			<IsOnlyDamagedByPlayer>false</IsOnlyDamagedByPlayer>
			<PositionRotation>
				<X>1662.16528</X>
				<Y>3242.80981</Y>
				<Z>40.5974045</Z>
				<Pitch>-0.4213278</Pitch>
				<Roll>0.00654006982</Roll>
				<Yaw>104.893524</Yaw>
			</PositionRotation>
			<Attachment isAttached="true">
				<AttachedTo>VEHICLE</AttachedTo>
				<BoneIndex>0</BoneIndex>
				<X>-0.49999997</X>
				<Y>5.49999714</Y>
				<Z>0.599999964</Z>
				<Pitch>0</Pitch>
				<Roll>0</Roll>
				<Yaw>0</Yaw>
			</Attachment>
		</Attachment>
		<Attachment>
			<ModelHash>0xd86b5a95</ModelHash>
			<Type>1</Type>
			<Dynamic>false</Dynamic>
			<HashName>Deer</HashName>
			<InitialHandle>161032</InitialHandle>
			<PedProperties>
				<IsStill>true</IsStill>
				<CurrentWeapon>0xf4c67a9e</CurrentWeapon>
				<PedProps>
					<_0>-1,-1</_0>
					<_1>-1,-1</_1>
					<_2>-1,-1</_2>
					<_3>-1,-1</_3>
					<_4>-1,-1</_4>
					<_5>-1,-1</_5>
					<_6>-1,-1</_6>
					<_7>-1,-1</_7>
					<_8>-1,-1</_8>
					<_9>-1,-1</_9>
				</PedProps>
				<PedComps>
					<_0>0,0</_0>
					<_1>0,0</_1>
					<_2>0,0</_2>
					<_3>0,0</_3>
					<_4>0,0</_4>
					<_5>0,0</_5>
					<_6>0,0</_6>
					<_7>0,0</_7>
					<_8>1,0</_8>
					<_9>0,0</_9>
					<_10>0,0</_10>
					<_11>0,0</_11>
				</PedComps>
				<RelationshipGroupAltered>false</RelationshipGroupAltered>
				<RelationshipGroup>0xfade4843</RelationshipGroup>
				<ScenarioActive>false</ScenarioActive>
				<AnimActive>true</AnimActive>
				<AnimDict>creatures@deer@move</AnimDict>
				<AnimName>gallop</AnimName>
			</PedProperties>
			<OpacityLevel>255</OpacityLevel>
			<LodDistance>16960</LodDistance>
			<IsVisible>true</IsVisible>
			<Health>200</Health>
			<IsOnFire>false</IsOnFire>
			<IsInvincible>false</IsInvincible>
			<IsBulletProof>false</IsBulletProof>
			<IsCollisionProof>false</IsCollisionProof>
			<IsExplosionProof>false</IsExplosionProof>
			<IsFireProof>false</IsFireProof>
			<IsMeleeProof>false</IsMeleeProof>
			<IsOnlyDamagedByPlayer>false</IsOnlyDamagedByPlayer>
			<PositionRotation>
				<X>1659.75</X>
				<Y>3242.16748</Y>
				<Z>40.479023</Z>
				<Pitch>-0.4213278</Pitch>
				<Roll>0.00654006982</Roll>
				<Yaw>104.893524</Yaw>
			</PositionRotation>
			<Attachment isAttached="true">
				<AttachedTo>VEHICLE</AttachedTo>
				<BoneIndex>0</BoneIndex>
				<X>-0.49999997</X>
				<Y>7.99999475</Y>
				<Z>0.49999997</Z>
				<Pitch>0</Pitch>
				<Roll>0</Roll>
				<Yaw>0</Yaw>
			</Attachment>
		</Attachment>
		<Attachment>
			<ModelHash>0xd86b5a95</ModelHash>
			<Type>1</Type>
			<Dynamic>false</Dynamic>
			<HashName>Deer</HashName>
			<InitialHandle>289288</InitialHandle>
			<PedProperties>
				<IsStill>true</IsStill>
				<CurrentWeapon>0xf4c67a9e</CurrentWeapon>
				<PedProps>
					<_0>-1,-1</_0>
					<_1>-1,-1</_1>
					<_2>-1,-1</_2>
					<_3>-1,-1</_3>
					<_4>-1,-1</_4>
					<_5>-1,-1</_5>
					<_6>-1,-1</_6>
					<_7>-1,-1</_7>
					<_8>-1,-1</_8>
					<_9>-1,-1</_9>
				</PedProps>
				<PedComps>
					<_0>0,0</_0>
					<_1>0,0</_1>
					<_2>0,0</_2>
					<_3>0,0</_3>
					<_4>0,0</_4>
					<_5>0,0</_5>
					<_6>0,0</_6>
					<_7>0,0</_7>
					<_8>1,0</_8>
					<_9>0,0</_9>
					<_10>0,0</_10>
					<_11>0,0</_11>
				</PedComps>
				<RelationshipGroupAltered>false</RelationshipGroupAltered>
				<RelationshipGroup>0xfade4843</RelationshipGroup>
				<ScenarioActive>false</ScenarioActive>
				<AnimActive>true</AnimActive>
				<AnimDict>creatures@deer@move</AnimDict>
				<AnimName>gallop</AnimName>
			</PedProperties>
			<OpacityLevel>255</OpacityLevel>
			<LodDistance>16960</LodDistance>
			<IsVisible>true</IsVisible>
			<Health>200</Health>
			<IsOnFire>false</IsOnFire>
			<IsInvincible>false</IsInvincible>
			<IsBulletProof>false</IsBulletProof>
			<IsCollisionProof>false</IsCollisionProof>
			<IsExplosionProof>false</IsExplosionProof>
			<IsFireProof>false</IsFireProof>
			<IsMeleeProof>false</IsMeleeProof>
			<IsOnlyDamagedByPlayer>false</IsOnlyDamagedByPlayer>
			<PositionRotation>
				<X>1657.23669</X>
				<Y>3241.49902</Y>
				<Z>40.5598984</Z>
				<Pitch>-0.4213278</Pitch>
				<Roll>0.00654006982</Roll>
				<Yaw>104.893524</Yaw>
			</PositionRotation>
			<Attachment isAttached="true">
				<AttachedTo>VEHICLE</AttachedTo>
				<BoneIndex>0</BoneIndex>
				<X>-0.49999997</X>
				<Y>10.6000042</Y>
				<Z>0.599999964</Z>
				<Pitch>0</Pitch>
				<Roll>0</Roll>
				<Yaw>0</Yaw>
			</Attachment>
		</Attachment>
		<Attachment>
			<ModelHash>0x4b7b063a</ModelHash>
			<Type>3</Type>
			<Dynamic>false</Dynamic>
			<HashName>prop_cs_dog_lead_2b</HashName>
			<InitialHandle>67594</InitialHandle>
			<OpacityLevel>255</OpacityLevel>
			<LodDistance>16960</LodDistance>
			<IsVisible>true</IsVisible>
			<Health>1000</Health>
			<IsOnFire>false</IsOnFire>
			<IsInvincible>false</IsInvincible>
			<IsBulletProof>false</IsBulletProof>
			<IsCollisionProof>false</IsCollisionProof>
			<IsExplosionProof>false</IsExplosionProof>
			<IsFireProof>false</IsFireProof>
			<IsMeleeProof>false</IsMeleeProof>
			<IsOnlyDamagedByPlayer>false</IsOnlyDamagedByPlayer>
			<PositionRotation>
				<X>1663.88782</X>
				<Y>3243.52686</Y>
				<Z>40.7409744</Z>
				<Pitch>0.00654151337</Pitch>
				<Roll>-89.5786514</Roll>
				<Yaw>-165.106506</Yaw>
			</PositionRotation>
			<Attachment isAttached="true">
				<AttachedTo>VEHICLE</AttachedTo>
				<BoneIndex>0</BoneIndex>
				<X>-0.25000006</X>
				<Y>3.64999866</Y>
				<Z>0.729999602</Z>
				<Pitch>0</Pitch>
				<Roll>-89.9999924</Roll>
				<Yaw>89.9999924</Yaw>
			</Attachment>
		</Attachment>
		<Attachment>
			<ModelHash>0x4b7b063a</ModelHash>
			<Type>3</Type>
			<Dynamic>false</Dynamic>
			<HashName>prop_cs_dog_lead_2b</HashName>
			<InitialHandle>147208</InitialHandle>
			<OpacityLevel>255</OpacityLevel>
			<LodDistance>16960</LodDistance>
			<IsVisible>true</IsVisible>
			<Health>1000</Health>
			<IsOnFire>false</IsOnFire>
			<IsInvincible>false</IsInvincible>
			<IsBulletProof>false</IsBulletProof>
			<IsCollisionProof>false</IsCollisionProof>
			<IsExplosionProof>false</IsExplosionProof>
			<IsFireProof>false</IsFireProof>
			<IsMeleeProof>false</IsMeleeProof>
			<IsOnlyDamagedByPlayer>false</IsOnlyDamagedByPlayer>
			<PositionRotation>
				<X>1662.60254</X>
				<Y>3243.18481</Y>
				<Z>40.7311935</Z>
				<Pitch>0.00654151337</Pitch>
				<Roll>-89.5786514</Roll>
				<Yaw>-165.106506</Yaw>
			</PositionRotation>
			<Attachment isAttached="true">
				<AttachedTo>VEHICLE</AttachedTo>
				<BoneIndex>0</BoneIndex>
				<X>-0.25000003</X>
				<Y>4.97999811</Y>
				<Z>0.729999602</Z>
				<Pitch>0</Pitch>
				<Roll>-89.9999924</Roll>
				<Yaw>89.9999924</Yaw>
			</Attachment>
		</Attachment>
		<Attachment>
			<ModelHash>0x4b7b063a</ModelHash>
			<Type>3</Type>
			<Dynamic>false</Dynamic>
			<HashName>prop_cs_dog_lead_2b</HashName>
			<InitialHandle>155656</InitialHandle>
			<OpacityLevel>255</OpacityLevel>
			<LodDistance>16960</LodDistance>
			<IsVisible>true</IsVisible>
			<Health>1000</Health>
			<IsOnFire>false</IsOnFire>
			<IsInvincible>false</IsInvincible>
			<IsBulletProof>false</IsBulletProof>
			<IsCollisionProof>false</IsCollisionProof>
			<IsExplosionProof>false</IsExplosionProof>
			<IsFireProof>false</IsFireProof>
			<IsMeleeProof>false</IsMeleeProof>
			<IsOnlyDamagedByPlayer>false</IsOnlyDamagedByPlayer>
			<PositionRotation>
				<X>1661.31726</X>
				<Y>3242.84302</Y>
				<Z>40.7214165</Z>
				<Pitch>0.00653983885</Pitch>
				<Roll>-89.5786591</Roll>
				<Yaw>-165.106506</Yaw>
			</PositionRotation>
			<Attachment isAttached="true">
				<AttachedTo>VEHICLE</AttachedTo>
				<BoneIndex>0</BoneIndex>
				<X>-0.25000003</X>
				<Y>6.3099966</Y>
				<Z>0.729999602</Z>
				<Pitch>0</Pitch>
				<Roll>-90</Roll>
				<Yaw>89.9999924</Yaw>
			</Attachment>
		</Attachment>
		<Attachment>
			<ModelHash>0x4b7b063a</ModelHash>
			<Type>3</Type>
			<Dynamic>false</Dynamic>
			<HashName>prop_cs_dog_lead_2b</HashName>
			<InitialHandle>300297</InitialHandle>
			<OpacityLevel>255</OpacityLevel>
			<LodDistance>16960</LodDistance>
			<IsVisible>true</IsVisible>
			<Health>1000</Health>
			<IsOnFire>false</IsOnFire>
			<IsInvincible>false</IsInvincible>
			<IsBulletProof>false</IsBulletProof>
			<IsCollisionProof>false</IsCollisionProof>
			<IsExplosionProof>false</IsExplosionProof>
			<IsFireProof>false</IsFireProof>
			<IsMeleeProof>false</IsMeleeProof>
			<IsOnlyDamagedByPlayer>false</IsOnlyDamagedByPlayer>
			<PositionRotation>
				<X>1660.0127</X>
				<Y>3242.49609</Y>
				<Z>40.7114868</Z>
				<Pitch>0.00654151337</Pitch>
				<Roll>-89.5786514</Roll>
				<Yaw>-165.106506</Yaw>
			</PositionRotation>
			<Attachment isAttached="true">
				<AttachedTo>VEHICLE</AttachedTo>
				<BoneIndex>0</BoneIndex>
				<X>-0.25000003</X>
				<Y>7.65999413</Y>
				<Z>0.729999602</Z>
				<Pitch>0</Pitch>
				<Roll>-89.9999924</Roll>
				<Yaw>89.9999924</Yaw>
			</Attachment>
		</Attachment>
		<Attachment>
			<ModelHash>0x4b7b063a</ModelHash>
			<Type>3</Type>
			<Dynamic>false</Dynamic>
			<HashName>prop_cs_dog_lead_2b</HashName>
			<InitialHandle>70921</InitialHandle>
			<OpacityLevel>255</OpacityLevel>
			<LodDistance>16960</LodDistance>
			<IsVisible>true</IsVisible>
			<Health>1000</Health>
			<IsOnFire>false</IsOnFire>
			<IsInvincible>false</IsInvincible>
			<IsBulletProof>false</IsBulletProof>
			<IsCollisionProof>false</IsCollisionProof>
			<IsExplosionProof>false</IsExplosionProof>
			<IsFireProof>false</IsFireProof>
			<IsMeleeProof>false</IsMeleeProof>
			<IsOnlyDamagedByPlayer>false</IsOnlyDamagedByPlayer>
			<PositionRotation>
				<X>1658.72742</X>
				<Y>3242.1543</Y>
				<Z>40.7017059</Z>
				<Pitch>0.00654151337</Pitch>
				<Roll>-89.5786514</Roll>
				<Yaw>-165.106506</Yaw>
			</PositionRotation>
			<Attachment isAttached="true">
				<AttachedTo>VEHICLE</AttachedTo>
				<BoneIndex>0</BoneIndex>
				<X>-0.25000003</X>
				<Y>8.98999882</Y>
				<Z>0.729999602</Z>
				<Pitch>0</Pitch>
				<Roll>-89.9999924</Roll>
				<Yaw>89.9999924</Yaw>
			</Attachment>
		</Attachment>
		<Attachment>
			<ModelHash>0x4b7b063a</ModelHash>
			<Type>3</Type>
			<Dynamic>false</Dynamic>
			<HashName>prop_cs_dog_lead_2b</HashName>
			<InitialHandle>212744</InitialHandle>
			<OpacityLevel>255</OpacityLevel>
			<LodDistance>16960</LodDistance>
			<IsVisible>true</IsVisible>
			<Health>1000</Health>
			<IsOnFire>false</IsOnFire>
			<IsInvincible>false</IsInvincible>
			<IsBulletProof>false</IsBulletProof>
			<IsCollisionProof>false</IsCollisionProof>
			<IsExplosionProof>false</IsExplosionProof>
			<IsFireProof>false</IsFireProof>
			<IsMeleeProof>false</IsMeleeProof>
			<IsOnlyDamagedByPlayer>false</IsOnlyDamagedByPlayer>
			<PositionRotation>
				<X>1657.47119</X>
				<Y>3241.82007</Y>
				<Z>40.6921463</Z>
				<Pitch>0.00654151337</Pitch>
				<Roll>-89.5786514</Roll>
				<Yaw>-165.106506</Yaw>
			</PositionRotation>
			<Attachment isAttached="true">
				<AttachedTo>VEHICLE</AttachedTo>
				<BoneIndex>0</BoneIndex>
				<X>-0.25000003</X>
				<Y>10.2899818</Y>
				<Z>0.729999602</Z>
				<Pitch>0</Pitch>
				<Roll>-89.9999924</Roll>
				<Yaw>89.9999924</Yaw>
			</Attachment>
		</Attachment>
		<Attachment>
			<ModelHash>0xd86b5a95</ModelHash>
			<Type>1</Type>
			<Dynamic>false</Dynamic>
			<HashName>Deer</HashName>
			<InitialHandle>209928</InitialHandle>
			<PedProperties>
				<IsStill>true</IsStill>
				<CurrentWeapon>0xf4c67a9e</CurrentWeapon>
				<PedProps>
					<_0>-1,-1</_0>
					<_1>-1,-1</_1>
					<_2>-1,-1</_2>
					<_3>-1,-1</_3>
					<_4>-1,-1</_4>
					<_5>-1,-1</_5>
					<_6>-1,-1</_6>
					<_7>-1,-1</_7>
					<_8>-1,-1</_8>
					<_9>-1,-1</_9>
				</PedProps>
				<PedComps>
					<_0>0,0</_0>
					<_1>0,0</_1>
					<_2>0,0</_2>
					<_3>0,0</_3>
					<_4>0,0</_4>
					<_5>0,0</_5>
					<_6>0,0</_6>
					<_7>0,0</_7>
					<_8>1,0</_8>
					<_9>0,0</_9>
					<_10>0,0</_10>
					<_11>0,0</_11>
				</PedComps>
				<RelationshipGroupAltered>false</RelationshipGroupAltered>
				<RelationshipGroup>0xfade4843</RelationshipGroup>
				<ScenarioActive>false</ScenarioActive>
				<AnimActive>true</AnimActive>
				<AnimDict>creatures@deer@move</AnimDict>
				<AnimName>gallop</AnimName>
			</PedProperties>
			<OpacityLevel>255</OpacityLevel>
			<LodDistance>16960</LodDistance>
			<IsVisible>true</IsVisible>
			<Health>200</Health>
			<IsOnFire>false</IsOnFire>
			<IsInvincible>false</IsInvincible>
			<IsBulletProof>false</IsBulletProof>
			<IsCollisionProof>false</IsCollisionProof>
			<IsExplosionProof>false</IsExplosionProof>
			<IsFireProof>false</IsFireProof>
			<IsMeleeProof>false</IsMeleeProof>
			<IsOnlyDamagedByPlayer>false</IsOnlyDamagedByPlayer>
			<PositionRotation>
				<X>1661.9082</X>
				<Y>3243.77637</Y>
				<Z>40.59729</Z>
				<Pitch>-0.4213278</Pitch>
				<Roll>0.00654006982</Roll>
				<Yaw>104.893524</Yaw>
			</PositionRotation>
			<Attachment isAttached="true">
				<AttachedTo>VEHICLE</AttachedTo>
				<BoneIndex>0</BoneIndex>
				<X>0.49999997</X>
				<Y>5.49999714</Y>
				<Z>0.599999964</Z>
				<Pitch>0</Pitch>
				<Roll>0</Roll>
				<Yaw>0</Yaw>
			</Attachment>
		</Attachment>
		<Attachment>
			<ModelHash>0xd86b5a95</ModelHash>
			<Type>1</Type>
			<Dynamic>false</Dynamic>
			<HashName>Deer</HashName>
			<InitialHandle>268041</InitialHandle>
			<PedProperties>
				<IsStill>true</IsStill>
				<CurrentWeapon>0xf4c67a9e</CurrentWeapon>
				<PedProps>
					<_0>-1,-1</_0>
					<_1>-1,-1</_1>
					<_2>-1,-1</_2>
					<_3>-1,-1</_3>
					<_4>-1,-1</_4>
					<_5>-1,-1</_5>
					<_6>-1,-1</_6>
					<_7>-1,-1</_7>
					<_8>-1,-1</_8>
					<_9>-1,-1</_9>
				</PedProps>
				<PedComps>
					<_0>0,0</_0>
					<_1>0,0</_1>
					<_2>0,0</_2>
					<_3>0,0</_3>
					<_4>0,0</_4>
					<_5>0,0</_5>
					<_6>0,0</_6>
					<_7>0,0</_7>
					<_8>1,0</_8>
					<_9>0,0</_9>
					<_10>0,0</_10>
					<_11>0,0</_11>
				</PedComps>
				<RelationshipGroupAltered>false</RelationshipGroupAltered>
				<RelationshipGroup>0xfade4843</RelationshipGroup>
				<ScenarioActive>false</ScenarioActive>
				<AnimActive>true</AnimActive>
				<AnimDict>creatures@deer@move</AnimDict>
				<AnimName>gallop</AnimName>
			</PedProperties>
			<OpacityLevel>255</OpacityLevel>
			<LodDistance>16960</LodDistance>
			<IsVisible>true</IsVisible>
			<Health>200</Health>
			<IsOnFire>false</IsOnFire>
			<IsInvincible>false</IsInvincible>
			<IsBulletProof>false</IsBulletProof>
			<IsCollisionProof>false</IsCollisionProof>
			<IsExplosionProof>false</IsExplosionProof>
			<IsFireProof>false</IsFireProof>
			<IsMeleeProof>false</IsMeleeProof>
			<IsOnlyDamagedByPlayer>false</IsOnlyDamagedByPlayer>
			<PositionRotation>
				<X>1659.58887</X>
				<Y>3243.15942</Y>
				<Z>40.5796394</Z>
				<Pitch>-0.4213278</Pitch>
				<Roll>0.00654006982</Roll>
				<Yaw>104.893524</Yaw>
			</PositionRotation>
			<Attachment isAttached="true">
				<AttachedTo>VEHICLE</AttachedTo>
				<BoneIndex>0</BoneIndex>
				<X>0.49999997</X>
				<Y>7.89999485</Y>
				<Z>0.599999964</Z>
				<Pitch>0</Pitch>
				<Roll>0</Roll>
				<Yaw>0</Yaw>
			</Attachment>
		</Attachment>
		<Attachment>
			<ModelHash>0xd86b5a95</ModelHash>
			<Type>1</Type>
			<Dynamic>false</Dynamic>
			<HashName>Deer</HashName>
			<InitialHandle>341256</InitialHandle>
			<PedProperties>
				<IsStill>true</IsStill>
				<CurrentWeapon>0xf4c67a9e</CurrentWeapon>
				<PedProps>
					<_0>-1,-1</_0>
					<_1>-1,-1</_1>
					<_2>-1,-1</_2>
					<_3>-1,-1</_3>
					<_4>-1,-1</_4>
					<_5>-1,-1</_5>
					<_6>-1,-1</_6>
					<_7>-1,-1</_7>
					<_8>-1,-1</_8>
					<_9>-1,-1</_9>
				</PedProps>
				<PedComps>
					<_0>0,0</_0>
					<_1>0,0</_1>
					<_2>0,0</_2>
					<_3>0,0</_3>
					<_4>0,0</_4>
					<_5>0,0</_5>
					<_6>0,0</_6>
					<_7>0,0</_7>
					<_8>1,0</_8>
					<_9>0,0</_9>
					<_10>0,0</_10>
					<_11>0,0</_11>
				</PedComps>
				<RelationshipGroupAltered>false</RelationshipGroupAltered>
				<RelationshipGroup>0xfade4843</RelationshipGroup>
				<ScenarioActive>false</ScenarioActive>
				<AnimActive>true</AnimActive>
				<AnimDict>creatures@deer@move</AnimDict>
				<AnimName>gallop</AnimName>
			</PedProperties>
			<OpacityLevel>255</OpacityLevel>
			<LodDistance>16960</LodDistance>
			<IsVisible>true</IsVisible>
			<Health>200</Health>
			<IsOnFire>false</IsOnFire>
			<IsInvincible>false</IsInvincible>
			<IsBulletProof>false</IsBulletProof>
			<IsCollisionProof>false</IsCollisionProof>
			<IsExplosionProof>false</IsExplosionProof>
			<IsFireProof>false</IsFireProof>
			<IsMeleeProof>false</IsMeleeProof>
			<IsOnlyDamagedByPlayer>false</IsOnlyDamagedByPlayer>
			<PositionRotation>
				<X>1657.07629</X>
				<Y>3242.49121</Y>
				<Z>40.5605202</Z>
				<Pitch>-0.4213278</Pitch>
				<Roll>0.00654006982</Roll>
				<Yaw>104.893524</Yaw>
			</PositionRotation>
			<Attachment isAttached="true">
				<AttachedTo>VEHICLE</AttachedTo>
				<BoneIndex>0</BoneIndex>
				<X>0.49999997</X>
				<Y>10.5000038</Y>
				<Z>0.599999964</Z>
				<Pitch>0</Pitch>
				<Roll>0</Roll>
				<Yaw>0</Yaw>
			</Attachment>
		</Attachment>
		<Attachment>
			<ModelHash>0x4b7b063a</ModelHash>
			<Type>3</Type>
			<Dynamic>false</Dynamic>
			<HashName>prop_cs_dog_lead_2b</HashName>
			<InitialHandle>142600</InitialHandle>
			<OpacityLevel>255</OpacityLevel>
			<LodDistance>16960</LodDistance>
			<IsVisible>true</IsVisible>
			<Health>1000</Health>
			<IsOnFire>false</IsOnFire>
			<IsInvincible>false</IsInvincible>
			<IsBulletProof>false</IsBulletProof>
			<IsCollisionProof>false</IsCollisionProof>
			<IsExplosionProof>false</IsExplosionProof>
			<IsFireProof>false</IsFireProof>
			<IsMeleeProof>false</IsMeleeProof>
			<IsOnlyDamagedByPlayer>false</IsOnlyDamagedByPlayer>
			<PositionRotation>
				<X>1663.77869</X>
				<Y>3244.01514</Y>
				<Z>40.741066</Z>
				<Pitch>0.00654151337</Pitch>
				<Roll>-89.5786514</Roll>
				<Yaw>-165.106506</Yaw>
			</PositionRotation>
			<Attachment isAttached="true">
				<AttachedTo>VEHICLE</AttachedTo>
				<BoneIndex>0</BoneIndex>
				<X>0.25000006</X>
				<Y>3.62999868</Y>
				<Z>0.729999602</Z>
				<Pitch>0</Pitch>
				<Roll>-89.9999924</Roll>
				<Yaw>89.9999924</Yaw>
			</Attachment>
		</Attachment>
		<Attachment>
			<ModelHash>0x4b7b063a</ModelHash>
			<Type>3</Type>
			<Dynamic>false</Dynamic>
			<HashName>prop_cs_dog_lead_2b</HashName>
			<InitialHandle>130569</InitialHandle>
			<OpacityLevel>255</OpacityLevel>
			<LodDistance>16960</LodDistance>
			<IsVisible>true</IsVisible>
			<Health>1000</Health>
			<IsOnFire>false</IsOnFire>
			<IsInvincible>false</IsInvincible>
			<IsBulletProof>false</IsBulletProof>
			<IsCollisionProof>false</IsCollisionProof>
			<IsExplosionProof>false</IsExplosionProof>
			<IsFireProof>false</IsFireProof>
			<IsMeleeProof>false</IsMeleeProof>
			<IsOnlyDamagedByPlayer>false</IsOnlyDamagedByPlayer>
			<PositionRotation>
				<X>1662.47412</X>
				<Y>3243.66821</Y>
				<Z>40.7311363</Z>
				<Pitch>0.00654151337</Pitch>
				<Roll>-89.5786514</Roll>
				<Yaw>-165.106506</Yaw>
			</PositionRotation>
			<Attachment isAttached="true">
				<AttachedTo>VEHICLE</AttachedTo>
				<BoneIndex>0</BoneIndex>
				<X>0.25000003</X>
				<Y>4.97999907</Y>
				<Z>0.729999602</Z>
				<Pitch>0</Pitch>
				<Roll>-89.9999924</Roll>
				<Yaw>89.9999924</Yaw>
			</Attachment>
		</Attachment>
		<Attachment>
			<ModelHash>0x4b7b063a</ModelHash>
			<Type>3</Type>
			<Dynamic>false</Dynamic>
			<HashName>prop_cs_dog_lead_2b</HashName>
			<InitialHandle>519689</InitialHandle>
			<OpacityLevel>255</OpacityLevel>
			<LodDistance>16960</LodDistance>
			<IsVisible>true</IsVisible>
			<Health>1000</Health>
			<IsOnFire>false</IsOnFire>
			<IsInvincible>false</IsInvincible>
			<IsBulletProof>false</IsBulletProof>
			<IsCollisionProof>false</IsCollisionProof>
			<IsExplosionProof>false</IsExplosionProof>
			<IsFireProof>false</IsFireProof>
			<IsMeleeProof>false</IsMeleeProof>
			<IsOnlyDamagedByPlayer>false</IsOnlyDamagedByPlayer>
			<PositionRotation>
				<X>1661.18884</X>
				<Y>3243.32642</Y>
				<Z>40.7213593</Z>
				<Pitch>0.00654151337</Pitch>
				<Roll>-89.5786514</Roll>
				<Yaw>-165.106506</Yaw>
			</PositionRotation>
			<Attachment isAttached="true">
				<AttachedTo>VEHICLE</AttachedTo>
				<BoneIndex>0</BoneIndex>
				<X>0.25000003</X>
				<Y>6.3099966</Y>
				<Z>0.729999602</Z>
				<Pitch>0</Pitch>
				<Roll>-89.9999924</Roll>
				<Yaw>89.9999924</Yaw>
			</Attachment>
		</Attachment>
		<Attachment>
			<ModelHash>0x4b7b063a</ModelHash>
			<Type>3</Type>
			<Dynamic>false</Dynamic>
			<HashName>prop_cs_dog_lead_2b</HashName>
			<InitialHandle>34057</InitialHandle>
			<OpacityLevel>255</OpacityLevel>
			<LodDistance>16960</LodDistance>
			<IsVisible>true</IsVisible>
			<Health>1000</Health>
			<IsOnFire>false</IsOnFire>
			<IsInvincible>false</IsInvincible>
			<IsBulletProof>false</IsBulletProof>
			<IsCollisionProof>false</IsCollisionProof>
			<IsExplosionProof>false</IsExplosionProof>
			<IsFireProof>false</IsFireProof>
			<IsMeleeProof>false</IsMeleeProof>
			<IsOnlyDamagedByPlayer>false</IsOnlyDamagedByPlayer>
			<PositionRotation>
				<X>1659.89392</X>
				<Y>3242.98193</Y>
				<Z>40.7115059</Z>
				<Pitch>0.00654151337</Pitch>
				<Roll>-89.5786514</Roll>
				<Yaw>-165.106506</Yaw>
			</PositionRotation>
			<Attachment isAttached="true">
				<AttachedTo>VEHICLE</AttachedTo>
				<BoneIndex>0</BoneIndex>
				<X>0.25000003</X>
				<Y>7.64996719</Y>
				<Z>0.729999602</Z>
				<Pitch>0</Pitch>
				<Roll>-89.9999924</Roll>
				<Yaw>89.9999924</Yaw>
			</Attachment>
		</Attachment>
		<Attachment>
			<ModelHash>0x4b7b063a</ModelHash>
			<Type>3</Type>
			<Dynamic>false</Dynamic>
			<HashName>prop_cs_dog_lead_2b</HashName>
			<InitialHandle>313353</InitialHandle>
			<OpacityLevel>255</OpacityLevel>
			<LodDistance>16960</LodDistance>
			<IsVisible>true</IsVisible>
			<Health>1000</Health>
			<IsOnFire>false</IsOnFire>
			<IsInvincible>false</IsInvincible>
			<IsBulletProof>false</IsBulletProof>
			<IsCollisionProof>false</IsCollisionProof>
			<IsExplosionProof>false</IsExplosionProof>
			<IsFireProof>false</IsFireProof>
			<IsMeleeProof>false</IsMeleeProof>
			<IsOnlyDamagedByPlayer>false</IsOnlyDamagedByPlayer>
			<PositionRotation>
				<X>1658.58923</X>
				<Y>3242.63501</Y>
				<Z>40.7015762</Z>
				<Pitch>0.00654151337</Pitch>
				<Roll>-89.5786514</Roll>
				<Yaw>-165.106506</Yaw>
			</PositionRotation>
			<Attachment isAttached="true">
				<AttachedTo>VEHICLE</AttachedTo>
				<BoneIndex>0</BoneIndex>
				<X>0.25000003</X>
				<Y>8.99999905</Y>
				<Z>0.729999602</Z>
				<Pitch>0</Pitch>
				<Roll>-89.9999924</Roll>
				<Yaw>89.9999924</Yaw>
			</Attachment>
		</Attachment>
		<Attachment>
			<ModelHash>0x4b7b063a</ModelHash>
			<Type>3</Type>
			<Dynamic>false</Dynamic>
			<HashName>prop_cs_dog_lead_2b</HashName>
			<InitialHandle>199688</InitialHandle>
			<OpacityLevel>255</OpacityLevel>
			<LodDistance>16960</LodDistance>
			<IsVisible>true</IsVisible>
			<Health>1000</Health>
			<IsOnFire>false</IsOnFire>
			<IsInvincible>false</IsInvincible>
			<IsBulletProof>false</IsBulletProof>
			<IsCollisionProof>false</IsCollisionProof>
			<IsExplosionProof>false</IsExplosionProof>
			<IsFireProof>false</IsFireProof>
			<IsMeleeProof>false</IsMeleeProof>
			<IsOnlyDamagedByPlayer>false</IsOnlyDamagedByPlayer>
			<PositionRotation>
				<X>1657.29431</X>
				<Y>3242.29053</Y>
				<Z>40.6917229</Z>
				<Pitch>0.00653988589</Pitch>
				<Roll>-89.5786591</Roll>
				<Yaw>-165.106506</Yaw>
			</PositionRotation>
			<Attachment isAttached="true">
				<AttachedTo>VEHICLE</AttachedTo>
				<BoneIndex>0</BoneIndex>
				<X>0.250000089</X>
				<Y>10.3400002</Y>
				<Z>0.729999661</Z>
				<Pitch>0</Pitch>
				<Roll>-90</Roll>
				<Yaw>90.0000076</Yaw>
			</Attachment>
		</Attachment>
		<Attachment>
			<ModelHash>0xd86b5a95</ModelHash>
			<Type>1</Type>
			<Dynamic>false</Dynamic>
			<HashName>Deer</HashName>
			<InitialHandle>430344</InitialHandle>
			<PedProperties>
				<IsStill>true</IsStill>
				<CurrentWeapon>0xf4c67a9e</CurrentWeapon>
				<PedProps>
					<_0>-1,-1</_0>
					<_1>-1,-1</_1>
					<_2>-1,-1</_2>
					<_3>-1,-1</_3>
					<_4>-1,-1</_4>
					<_5>-1,-1</_5>
					<_6>-1,-1</_6>
					<_7>-1,-1</_7>
					<_8>-1,-1</_8>
					<_9>-1,-1</_9>
				</PedProps>
				<PedComps>
					<_0>0,0</_0>
					<_1>0,0</_1>
					<_2>0,0</_2>
					<_3>0,0</_3>
					<_4>0,0</_4>
					<_5>0,0</_5>
					<_6>0,0</_6>
					<_7>0,0</_7>
					<_8>1,0</_8>
					<_9>0,0</_9>
					<_10>0,0</_10>
					<_11>0,0</_11>
				</PedComps>
				<RelationshipGroupAltered>false</RelationshipGroupAltered>
				<RelationshipGroup>0xfade4843</RelationshipGroup>
				<ScenarioActive>false</ScenarioActive>
				<AnimActive>true</AnimActive>
				<AnimDict>creatures@deer@move</AnimDict>
				<AnimName>gallop</AnimName>
			</PedProperties>
			<OpacityLevel>255</OpacityLevel>
			<LodDistance>16960</LodDistance>
			<IsVisible>true</IsVisible>
			<Health>200</Health>
			<IsOnFire>false</IsOnFire>
			<IsInvincible>false</IsInvincible>
			<IsBulletProof>false</IsBulletProof>
			<IsCollisionProof>false</IsCollisionProof>
			<IsExplosionProof>false</IsExplosionProof>
			<IsFireProof>false</IsFireProof>
			<IsMeleeProof>false</IsMeleeProof>
			<IsOnlyDamagedByPlayer>false</IsOnlyDamagedByPlayer>
			<PositionRotation>
				<X>1655.36877</X>
				<Y>3241.51978</Y>
				<Z>40.546608</Z>
				<Pitch>-0.4213278</Pitch>
				<Roll>0.00654006982</Roll>
				<Yaw>104.893524</Yaw>
			</PositionRotation>
			<Attachment isAttached="true">
				<AttachedTo>VEHICLE</AttachedTo>
				<BoneIndex>0</BoneIndex>
				<X>0</X>
				<Y>12.4000111</Y>
				<Z>0.600000143</Z>
				<Pitch>0</Pitch>
				<Roll>0</Roll>
				<Yaw>0</Yaw>
			</Attachment>
		</Attachment>
		<Attachment>
			<ModelHash>0x4b7b063a</ModelHash>
			<Type>3</Type>
			<Dynamic>false</Dynamic>
			<HashName>prop_cs_dog_lead_2b</HashName>
			<InitialHandle>87049</InitialHandle>
			<OpacityLevel>255</OpacityLevel>
			<LodDistance>16960</LodDistance>
			<IsVisible>true</IsVisible>
			<Health>1000</Health>
			<IsOnFire>false</IsOnFire>
			<IsInvincible>false</IsInvincible>
			<IsBulletProof>false</IsBulletProof>
			<IsCollisionProof>false</IsCollisionProof>
			<IsExplosionProof>false</IsExplosionProof>
			<IsFireProof>false</IsFireProof>
			<IsMeleeProof>false</IsMeleeProof>
			<IsOnlyDamagedByPlayer>false</IsOnlyDamagedByPlayer>
			<PositionRotation>
				<X>1656.20227</X>
				<Y>3242</Y>
				<Z>40.6834145</Z>
				<Pitch>0.00654162653</Pitch>
				<Roll>-89.5786667</Roll>
				<Yaw>-165.106491</Yaw>
			</PositionRotation>
			<Attachment isAttached="true">
				<AttachedTo>VEHICLE</AttachedTo>
				<BoneIndex>0</BoneIndex>
				<X>0.250000089</X>
				<Y>11.4700117</Y>
				<Z>0.729999661</Z>
				<Pitch>0</Pitch>
				<Roll>-90.0000076</Roll>
				<Yaw>90.0000076</Yaw>
			</Attachment>
		</Attachment>
		<Attachment>
			<ModelHash>0x4b7b063a</ModelHash>
			<Type>3</Type>
			<Dynamic>false</Dynamic>
			<HashName>prop_cs_dog_lead_2b</HashName>
			<InitialHandle>290824</InitialHandle>
			<OpacityLevel>255</OpacityLevel>
			<LodDistance>16960</LodDistance>
			<IsVisible>true</IsVisible>
			<Health>1000</Health>
			<IsOnFire>false</IsOnFire>
			<IsInvincible>false</IsInvincible>
			<IsBulletProof>false</IsBulletProof>
			<IsCollisionProof>false</IsCollisionProof>
			<IsExplosionProof>false</IsExplosionProof>
			<IsFireProof>false</IsFireProof>
			<IsMeleeProof>false</IsMeleeProof>
			<IsOnlyDamagedByPlayer>false</IsOnlyDamagedByPlayer>
			<PositionRotation>
				<X>1656.34045</X>
				<Y>3241.51953</Y>
				<Z>40.6835442</Z>
				<Pitch>0.00654162653</Pitch>
				<Roll>-89.5786667</Roll>
				<Yaw>-165.106491</Yaw>
			</PositionRotation>
			<Attachment isAttached="true">
				<AttachedTo>VEHICLE</AttachedTo>
				<BoneIndex>0</BoneIndex>
				<X>-0.250000089</X>
				<Y>11.4600115</Y>
				<Z>0.729999661</Z>
				<Pitch>0</Pitch>
				<Roll>-90.0000076</Roll>
				<Yaw>90.0000076</Yaw>
			</Attachment>
		</Attachment>
	</SpoonerAttachments>
</Vehicle>
