<?xml version="1.0"?>
<Vehicle menyoo_ver="0.999876796b">
	<ModelHash>0xf7004c86</ModelHash>
	<InitialHandle>527655</InitialHandle>
	<VehicleProperties>
		<Colours>
			<Primary>134</Primary>
			<Secondary>134</Secondary>
			<Pearl>134</Pearl>
			<Rim>156</Rim>
			<Mod1_a>1</Mod1_a>
			<Mod1_b>0</Mod1_b>
			<Mod1_c>0</Mod1_c>
			<Mod2_a>0</Mod2_a>
			<Mod2_b>-1</Mod2_b>
			<IsPrimaryColourCustom>false</IsPrimaryColourCustom>
			<IsSecondaryColourCustom>false</IsSecondaryColourCustom>
			<tyreSmoke_R>255</tyreSmoke_R>
			<tyreSmoke_G>255</tyreSmoke_G>
			<tyreSmoke_B>255</tyreSmoke_B>
			<LrInterior>0</LrInterior>
			<LrDashboard>0</LrDashboard>
		</Colours>
		<Livery>-1</Livery>
		<NumberPlateText>28ZCB626</NumberPlateText>
		<NumberPlateIndex>4</NumberPlateIndex>
		<WheelType>0</WheelType>
		<WheelsInvisible>false</WheelsInvisible>
		<EngineSoundName />
		<WindowTint>-1</WindowTint>
		<BulletProofTyres>true</BulletProofTyres>
		<DirtLevel>2.13921905</DirtLevel>
		<PaintFade>0.298039228</PaintFade>
		<RoofState>0</RoofState>
		<SirenActive>false</SirenActive>
		<EngineOn>true</EngineOn>
		<EngineHealth>1000</EngineHealth>
		<LightsOn>false</LightsOn>
		<IsRadioLoud>0</IsRadioLoud>
		<LockStatus>1</LockStatus>
		<Neons>
			<Left>false</Left>
			<Right>false</Right>
			<Front>false</Front>
			<Back>false</Back>
			<R>255</R>
			<G>0</G>
			<B>255</B>
		</Neons>
		<ModExtras>
			<_1>true</_1>
			<_2>true</_2>
			<_3>true</_3>
			<_4>true</_4>
			<_5>true</_5>
			<_6>true</_6>
			<_7>true</_7>
			<_8>true</_8>
			<_9>true</_9>
			<_10>true</_10>
			<_12>true</_12>
			<_13>true</_13>
		</ModExtras>
		<Mods>
			<_0>-1,0</_0>
			<_1>-1,0</_1>
			<_2>-1,0</_2>
			<_3>-1,0</_3>
			<_4>-1,0</_4>
			<_5>-1,0</_5>
			<_6>-1,0</_6>
			<_7>-1,0</_7>
			<_8>-1,0</_8>
			<_9>-1,0</_9>
			<_10>-1,0</_10>
			<_11>-1,0</_11>
			<_12>-1,0</_12>
			<_13>-1,0</_13>
			<_14>-1,0</_14>
			<_15>-1,0</_15>
			<_16>-1,0</_16>
			<_17>false</_17>
			<_18>false</_18>
			<_19>false</_19>
			<_20>false</_20>
			<_21>false</_21>
			<_22>false</_22>
			<_23>-1,0</_23>
			<_24>-1,0</_24>
			<_25>-1,0</_25>
			<_26>-1,0</_26>
			<_27>-1,0</_27>
			<_28>-1,0</_28>
			<_29>-1,0</_29>
			<_30>-1,0</_30>
			<_31>-1,0</_31>
			<_32>-1,0</_32>
			<_33>-1,0</_33>
			<_34>-1,0</_34>
			<_35>-1,0</_35>
			<_36>-1,0</_36>
			<_37>-1,0</_37>
			<_38>-1,0</_38>
			<_39>-1,0</_39>
			<_40>-1,0</_40>
			<_41>-1,0</_41>
			<_42>-1,0</_42>
			<_43>-1,0</_43>
			<_44>-1,0</_44>
			<_45>-1,0</_45>
			<_46>-1,0</_46>
			<_47>-1,0</_47>
			<_48>-1,0</_48>
		</Mods>
		<DoorsOpen>
			<BackLeftDoor>false</BackLeftDoor>
			<BackRightDoor>false</BackRightDoor>
			<FrontLeftDoor>false</FrontLeftDoor>
			<FrontRightDoor>false</FrontRightDoor>
			<Hood>false</Hood>
			<Trunk>false</Trunk>
			<Trunk2>false</Trunk2>
		</DoorsOpen>
		<DoorsBroken>
			<BackLeftDoor>false</BackLeftDoor>
			<BackRightDoor>false</BackRightDoor>
			<FrontLeftDoor>false</FrontLeftDoor>
			<FrontRightDoor>false</FrontRightDoor>
			<Hood>false</Hood>
			<Trunk>false</Trunk>
			<Trunk2>false</Trunk2>
		</DoorsBroken>
		<TyresBursted>
			<FrontLeft>false</FrontLeft>
			<FrontRight>false</FrontRight>
			<_2>false</_2>
			<_3>false</_3>
			<BackLeft>false</BackLeft>
			<BackRight>false</BackRight>
			<_6>false</_6>
			<_7>false</_7>
			<_8>false</_8>
		</TyresBursted>
		<RpmMultiplier>1</RpmMultiplier>
		<TorqueMultiplier>1</TorqueMultiplier>
		<HeadlightIntensity>1</HeadlightIntensity>
	</VehicleProperties>
	<OpacityLevel>255</OpacityLevel>
	<LodDistance>16960</LodDistance>
	<IsVisible>true</IsVisible>
	<IsDriverVisible>true</IsDriverVisible>
	<MaxHealth>1000</MaxHealth>
	<Health>999</Health>
	<HasGravity>true</HasGravity>
	<IsOnFire>false</IsOnFire>
	<IsInvincible>true</IsInvincible>
	<IsBulletProof>true</IsBulletProof>
	<IsExplosionProof>true</IsExplosionProof>
	<IsFireProof>true</IsFireProof>
	<IsMeleeProof>true</IsMeleeProof>
	<IsOnlyDamagedByPlayer>false</IsOnlyDamagedByPlayer>
	<SpoonerAttachments SetAttachmentsPersistentAndAddToSpoonerDatabase="true" StartTaskSequencesOnLoad="true">
		<Attachment>
			<ModelHash>0xc54c0cd2</ModelHash>
			<Type>3</Type>
			<Dynamic>false</Dynamic>
			<FrozenPos>true</FrozenPos>
			<HashName>prop_huge_display_01</HashName>
			<InitialHandle>538663</InitialHandle>
			<ObjectProperties>
				<TextureVariation>0</TextureVariation>
			</ObjectProperties>
			<OpacityLevel>255</OpacityLevel>
			<LodDistance>16960</LodDistance>
			<IsVisible>true</IsVisible>
			<MaxHealth>1000</MaxHealth>
			<Health>1000</Health>
			<HasGravity>true</HasGravity>
			<IsOnFire>false</IsOnFire>
			<IsInvincible>false</IsInvincible>
			<IsBulletProof>false</IsBulletProof>
			<IsCollisionProof>false</IsCollisionProof>
			<IsExplosionProof>false</IsExplosionProof>
			<IsFireProof>false</IsFireProof>
			<IsMeleeProof>false</IsMeleeProof>
			<IsOnlyDamagedByPlayer>false</IsOnlyDamagedByPlayer>
			<PositionRotation>
				<X>-1351.91125</X>
				<Y>-3045.6394</Y>
				<Z>21.4415493</Z>
				<Pitch>-0.111210667</Pitch>
				<Roll>0.0424163677</Roll>
				<Yaw>-27.8783607</Yaw>
			</PositionRotation>
			<Attachment isAttached="true">
				<AttachedTo>527655</AttachedTo>
				<BoneIndex>0</BoneIndex>
				<X>-7.29999924</X>
				<Y>2.69999933</Y>
				<Z>5.19999838</Z>
				<Pitch>0</Pitch>
				<Roll>0</Roll>
				<Yaw>-89.9999924</Yaw>
			</Attachment>
		</Attachment>
		<Attachment>
			<ModelHash>0xc54c0cd2</ModelHash>
			<Type>3</Type>
			<Dynamic>false</Dynamic>
			<FrozenPos>true</FrozenPos>
			<HashName>prop_huge_display_01</HashName>
			<InitialHandle>569383</InitialHandle>
			<ObjectProperties>
				<TextureVariation>0</TextureVariation>
			</ObjectProperties>
			<OpacityLevel>255</OpacityLevel>
			<LodDistance>16960</LodDistance>
			<IsVisible>true</IsVisible>
			<MaxHealth>1000</MaxHealth>
			<Health>1000</Health>
			<HasGravity>true</HasGravity>
			<IsOnFire>false</IsOnFire>
			<IsInvincible>false</IsInvincible>
			<IsBulletProof>false</IsBulletProof>
			<IsCollisionProof>false</IsCollisionProof>
			<IsExplosionProof>false</IsExplosionProof>
			<IsFireProof>false</IsFireProof>
			<IsMeleeProof>false</IsMeleeProof>
			<IsOnlyDamagedByPlayer>false</IsOnlyDamagedByPlayer>
			<PositionRotation>
				<X>-1342.09949</X>
				<Y>-3050.82983</Y>
				<Z>21.4333324</Z>
				<Pitch>-0.111210667</Pitch>
				<Roll>0.0424163677</Roll>
				<Yaw>-27.8783607</Yaw>
			</PositionRotation>
			<Attachment isAttached="true">
				<AttachedTo>527655</AttachedTo>
				<BoneIndex>0</BoneIndex>
				<X>-7.29999924</X>
				<Y>-8.3999958</Y>
				<Z>5.19999838</Z>
				<Pitch>0</Pitch>
				<Roll>0</Roll>
				<Yaw>-89.9999924</Yaw>
			</Attachment>
		</Attachment>
		<Attachment>
			<ModelHash>0x2f9f084d</ModelHash>
			<Type>3</Type>
			<Dynamic>true</Dynamic>
			<FrozenPos>true</FrozenPos>
			<HashName>prop_box_guncase_03a</HashName>
			<InitialHandle>558890</InitialHandle>
			<ObjectProperties>
				<TextureVariation>0</TextureVariation>
			</ObjectProperties>
			<OpacityLevel>255</OpacityLevel>
			<LodDistance>16960</LodDistance>
			<IsVisible>true</IsVisible>
			<MaxHealth>1000</MaxHealth>
			<Health>1000</Health>
			<HasGravity>true</HasGravity>
			<IsOnFire>false</IsOnFire>
			<IsInvincible>true</IsInvincible>
			<IsBulletProof>false</IsBulletProof>
			<IsCollisionProof>false</IsCollisionProof>
			<IsExplosionProof>true</IsExplosionProof>
			<IsFireProof>false</IsFireProof>
			<IsMeleeProof>true</IsMeleeProof>
			<IsOnlyDamagedByPlayer>false</IsOnlyDamagedByPlayer>
			<PositionRotation>
				<X>-1354.69556</X>
				<Y>-3044.27588</Y>
				<Z>23.1440258</Z>
				<Pitch>0.111210696</Pitch>
				<Roll>-0.0424230509</Roll>
				<Yaw>152.121597</Yaw>
			</PositionRotation>
			<Attachment isAttached="true">
				<AttachedTo>527655</AttachedTo>
				<BoneIndex>0</BoneIndex>
				<X>-7.39998531</X>
				<Y>5.80000067</Y>
				<Z>6.8999877</Z>
				<Pitch>0</Pitch>
				<Roll>-6.73532486e-06</Roll>
				<Yaw>89.9999924</Yaw>
			</Attachment>
		</Attachment>
		<Attachment>
			<ModelHash>0x2f9f084d</ModelHash>
			<Type>3</Type>
			<Dynamic>true</Dynamic>
			<FrozenPos>true</FrozenPos>
			<HashName>prop_box_guncase_03a</HashName>
			<InitialHandle>208691</InitialHandle>
			<ObjectProperties>
				<TextureVariation>0</TextureVariation>
			</ObjectProperties>
			<OpacityLevel>255</OpacityLevel>
			<LodDistance>16960</LodDistance>
			<IsVisible>true</IsVisible>
			<MaxHealth>1000</MaxHealth>
			<Health>1000</Health>
			<HasGravity>true</HasGravity>
			<IsOnFire>false</IsOnFire>
			<IsInvincible>true</IsInvincible>
			<IsBulletProof>false</IsBulletProof>
			<IsCollisionProof>false</IsCollisionProof>
			<IsExplosionProof>true</IsExplosionProof>
			<IsFireProof>false</IsFireProof>
			<IsMeleeProof>true</IsMeleeProof>
			<IsOnlyDamagedByPlayer>false</IsOnlyDamagedByPlayer>
			<PositionRotation>
				<X>-1355.37683</X>
				<Y>-3043.9165</Y>
				<Z>22.7445869</Z>
				<Pitch>0.111210279</Pitch>
				<Roll>89.9575653</Roll>
				<Yaw>152.121613</Yaw>
			</PositionRotation>
			<Attachment isAttached="true">
				<AttachedTo>527655</AttachedTo>
				<BoneIndex>0</BoneIndex>
				<X>-7.39998531</X>
				<Y>6.56999922</Y>
				<Z>6.49997854</Z>
				<Pitch>0</Pitch>
				<Roll>89.9999924</Roll>
				<Yaw>89.9999924</Yaw>
			</Attachment>
		</Attachment>
		<Attachment>
			<ModelHash>0x2f9f084d</ModelHash>
			<Type>3</Type>
			<Dynamic>true</Dynamic>
			<FrozenPos>true</FrozenPos>
			<HashName>prop_box_guncase_03a</HashName>
			<InitialHandle>773940</InitialHandle>
			<ObjectProperties>
				<TextureVariation>0</TextureVariation>
			</ObjectProperties>
			<OpacityLevel>255</OpacityLevel>
			<LodDistance>16960</LodDistance>
			<IsVisible>true</IsVisible>
			<MaxHealth>1000</MaxHealth>
			<Health>1000</Health>
			<HasGravity>true</HasGravity>
			<IsOnFire>false</IsOnFire>
			<IsInvincible>true</IsInvincible>
			<IsBulletProof>false</IsBulletProof>
			<IsCollisionProof>false</IsCollisionProof>
			<IsExplosionProof>true</IsExplosionProof>
			<IsFireProof>false</IsFireProof>
			<IsMeleeProof>true</IsMeleeProof>
			<IsOnlyDamagedByPlayer>false</IsOnlyDamagedByPlayer>
			<PositionRotation>
				<X>-1355.37866</X>
				<Y>-3043.91797</Y>
				<Z>21.5845623</Z>
				<Pitch>0.111210279</Pitch>
				<Roll>89.9575653</Roll>
				<Yaw>152.121613</Yaw>
			</PositionRotation>
			<Attachment isAttached="true">
				<AttachedTo>527655</AttachedTo>
				<BoneIndex>0</BoneIndex>
				<X>-7.39998531</X>
				<Y>6.56999922</Y>
				<Z>5.33995199</Z>
				<Pitch>0</Pitch>
				<Roll>89.9999924</Roll>
				<Yaw>89.9999924</Yaw>
			</Attachment>
		</Attachment>
		<Attachment>
			<ModelHash>0x2f9f084d</ModelHash>
			<Type>3</Type>
			<Dynamic>true</Dynamic>
			<FrozenPos>true</FrozenPos>
			<HashName>prop_box_guncase_03a</HashName>
			<InitialHandle>66103</InitialHandle>
			<ObjectProperties>
				<TextureVariation>0</TextureVariation>
			</ObjectProperties>
			<OpacityLevel>255</OpacityLevel>
			<LodDistance>16960</LodDistance>
			<IsVisible>true</IsVisible>
			<MaxHealth>1000</MaxHealth>
			<Health>1000</Health>
			<HasGravity>true</HasGravity>
			<IsOnFire>false</IsOnFire>
			<IsInvincible>true</IsInvincible>
			<IsBulletProof>false</IsBulletProof>
			<IsCollisionProof>false</IsCollisionProof>
			<IsExplosionProof>true</IsExplosionProof>
			<IsFireProof>false</IsFireProof>
			<IsMeleeProof>true</IsMeleeProof>
			<IsOnlyDamagedByPlayer>false</IsOnlyDamagedByPlayer>
			<PositionRotation>
				<X>-1355.02417</X>
				<Y>-3044.10425</Y>
				<Z>22.1742783</Z>
				<Pitch>0.111210696</Pitch>
				<Roll>-0.0424230509</Roll>
				<Yaw>152.121597</Yaw>
			</PositionRotation>
			<Attachment isAttached="true">
				<AttachedTo>527655</AttachedTo>
				<BoneIndex>0</BoneIndex>
				<X>-7.39998531</X>
				<Y>6.17000914</Y>
				<Z>5.9299655</Z>
				<Pitch>0</Pitch>
				<Roll>-6.73532486e-06</Roll>
				<Yaw>89.9999924</Yaw>
			</Attachment>
		</Attachment>
		<Attachment>
			<ModelHash>0x2f9f084d</ModelHash>
			<Type>3</Type>
			<Dynamic>true</Dynamic>
			<FrozenPos>true</FrozenPos>
			<HashName>prop_box_guncase_03a</HashName>
			<InitialHandle>737592</InitialHandle>
			<ObjectProperties>
				<TextureVariation>0</TextureVariation>
			</ObjectProperties>
			<OpacityLevel>255</OpacityLevel>
			<LodDistance>16960</LodDistance>
			<IsVisible>true</IsVisible>
			<MaxHealth>1000</MaxHealth>
			<Health>1000</Health>
			<HasGravity>true</HasGravity>
			<IsOnFire>false</IsOnFire>
			<IsInvincible>true</IsInvincible>
			<IsBulletProof>false</IsBulletProof>
			<IsCollisionProof>false</IsCollisionProof>
			<IsExplosionProof>true</IsExplosionProof>
			<IsFireProof>false</IsFireProof>
			<IsMeleeProof>true</IsMeleeProof>
			<IsOnlyDamagedByPlayer>false</IsOnlyDamagedByPlayer>
			<PositionRotation>
				<X>-1353.72375</X>
				<Y>-3044.79077</Y>
				<Z>22.7432022</Z>
				<Pitch>0.111210279</Pitch>
				<Roll>89.9575653</Roll>
				<Yaw>152.121613</Yaw>
			</PositionRotation>
			<Attachment isAttached="true">
				<AttachedTo>527655</AttachedTo>
				<BoneIndex>0</BoneIndex>
				<X>-7.39998531</X>
				<Y>4.69995642</Y>
				<Z>6.49997854</Z>
				<Pitch>0</Pitch>
				<Roll>89.9999924</Roll>
				<Yaw>89.9999924</Yaw>
			</Attachment>
		</Attachment>
		<Attachment>
			<ModelHash>0x2f9f084d</ModelHash>
			<Type>3</Type>
			<Dynamic>true</Dynamic>
			<FrozenPos>true</FrozenPos>
			<HashName>prop_box_guncase_03a</HashName>
			<InitialHandle>205114</InitialHandle>
			<ObjectProperties>
				<TextureVariation>0</TextureVariation>
			</ObjectProperties>
			<OpacityLevel>255</OpacityLevel>
			<LodDistance>16960</LodDistance>
			<IsVisible>true</IsVisible>
			<MaxHealth>1000</MaxHealth>
			<Health>1000</Health>
			<HasGravity>true</HasGravity>
			<IsOnFire>false</IsOnFire>
			<IsInvincible>true</IsInvincible>
			<IsBulletProof>false</IsBulletProof>
			<IsCollisionProof>false</IsCollisionProof>
			<IsExplosionProof>true</IsExplosionProof>
			<IsFireProof>false</IsFireProof>
			<IsMeleeProof>true</IsMeleeProof>
			<IsOnlyDamagedByPlayer>false</IsOnlyDamagedByPlayer>
			<PositionRotation>
				<X>-1353.72559</X>
				<Y>-3044.79248</Y>
				<Z>21.5831795</Z>
				<Pitch>0.111210279</Pitch>
				<Roll>89.9575653</Roll>
				<Yaw>152.121613</Yaw>
			</PositionRotation>
			<Attachment isAttached="true">
				<AttachedTo>527655</AttachedTo>
				<BoneIndex>0</BoneIndex>
				<X>-7.39998531</X>
				<Y>4.69995642</Y>
				<Z>5.33995199</Z>
				<Pitch>0</Pitch>
				<Roll>89.9999924</Roll>
				<Yaw>89.9999924</Yaw>
			</Attachment>
		</Attachment>
		<Attachment>
			<ModelHash>0x2f9f084d</ModelHash>
			<Type>3</Type>
			<Dynamic>true</Dynamic>
			<FrozenPos>true</FrozenPos>
			<HashName>prop_box_guncase_03a</HashName>
			<InitialHandle>158523</InitialHandle>
			<ObjectProperties>
				<TextureVariation>0</TextureVariation>
			</ObjectProperties>
			<OpacityLevel>255</OpacityLevel>
			<LodDistance>16960</LodDistance>
			<IsVisible>true</IsVisible>
			<MaxHealth>1000</MaxHealth>
			<Health>1000</Health>
			<HasGravity>true</HasGravity>
			<IsOnFire>false</IsOnFire>
			<IsInvincible>true</IsInvincible>
			<IsBulletProof>false</IsBulletProof>
			<IsCollisionProof>false</IsCollisionProof>
			<IsExplosionProof>true</IsExplosionProof>
			<IsFireProof>false</IsFireProof>
			<IsMeleeProof>true</IsMeleeProof>
			<IsOnlyDamagedByPlayer>false</IsOnlyDamagedByPlayer>
			<PositionRotation>
				<X>-1353.04553</X>
				<Y>-3045.15308</Y>
				<Z>21.1926003</Z>
				<Pitch>0.111210689</Pitch>
				<Roll>-0.0424238183</Roll>
				<Yaw>152.121597</Yaw>
			</PositionRotation>
			<Attachment isAttached="true">
				<AttachedTo>527655</AttachedTo>
				<BoneIndex>0</BoneIndex>
				<X>-7.39998531</X>
				<Y>3.92996168</Y>
				<Z>4.94994307</Z>
				<Pitch>0</Pitch>
				<Roll>-7.51018524e-06</Roll>
				<Yaw>89.9999924</Yaw>
			</Attachment>
		</Attachment>
		<Attachment>
			<ModelHash>0x2f9f084d</ModelHash>
			<Type>3</Type>
			<Dynamic>true</Dynamic>
			<FrozenPos>true</FrozenPos>
			<HashName>prop_box_guncase_03a</HashName>
			<InitialHandle>526141</InitialHandle>
			<ObjectProperties>
				<TextureVariation>0</TextureVariation>
			</ObjectProperties>
			<OpacityLevel>255</OpacityLevel>
			<LodDistance>16960</LodDistance>
			<IsVisible>true</IsVisible>
			<MaxHealth>1000</MaxHealth>
			<Health>1000</Health>
			<HasGravity>true</HasGravity>
			<IsOnFire>false</IsOnFire>
			<IsInvincible>true</IsInvincible>
			<IsBulletProof>false</IsBulletProof>
			<IsCollisionProof>false</IsCollisionProof>
			<IsExplosionProof>true</IsExplosionProof>
			<IsFireProof>false</IsFireProof>
			<IsMeleeProof>true</IsMeleeProof>
			<IsOnlyDamagedByPlayer>false</IsOnlyDamagedByPlayer>
			<PositionRotation>
				<X>-1352.37317</X>
				<Y>-3045.50781</Y>
				<Z>21.5820465</Z>
				<Pitch>0.111210279</Pitch>
				<Roll>89.9575653</Roll>
				<Yaw>152.121613</Yaw>
			</PositionRotation>
			<Attachment isAttached="true">
				<AttachedTo>527655</AttachedTo>
				<BoneIndex>0</BoneIndex>
				<X>-7.39998531</X>
				<Y>3.16992712</Y>
				<Z>5.33995199</Z>
				<Pitch>0</Pitch>
				<Roll>89.9999924</Roll>
				<Yaw>89.9999924</Yaw>
			</Attachment>
		</Attachment>
		<Attachment>
			<ModelHash>0x2f9f084d</ModelHash>
			<Type>3</Type>
			<Dynamic>true</Dynamic>
			<FrozenPos>true</FrozenPos>
			<HashName>prop_box_guncase_03a</HashName>
			<InitialHandle>609854</InitialHandle>
			<ObjectProperties>
				<TextureVariation>0</TextureVariation>
			</ObjectProperties>
			<OpacityLevel>255</OpacityLevel>
			<LodDistance>16960</LodDistance>
			<IsVisible>true</IsVisible>
			<MaxHealth>1000</MaxHealth>
			<Health>1000</Health>
			<HasGravity>true</HasGravity>
			<IsOnFire>false</IsOnFire>
			<IsInvincible>true</IsInvincible>
			<IsBulletProof>false</IsBulletProof>
			<IsCollisionProof>false</IsCollisionProof>
			<IsExplosionProof>true</IsExplosionProof>
			<IsFireProof>false</IsFireProof>
			<IsMeleeProof>true</IsMeleeProof>
			<IsOnlyDamagedByPlayer>false</IsOnlyDamagedByPlayer>
			<PositionRotation>
				<X>-1352.37134</X>
				<Y>-3045.50635</Y>
				<Z>22.7420692</Z>
				<Pitch>0.111210279</Pitch>
				<Roll>89.9575653</Roll>
				<Yaw>152.121613</Yaw>
			</PositionRotation>
			<Attachment isAttached="true">
				<AttachedTo>527655</AttachedTo>
				<BoneIndex>0</BoneIndex>
				<X>-7.39998531</X>
				<Y>3.16992712</Y>
				<Z>6.49997854</Z>
				<Pitch>0</Pitch>
				<Roll>89.9999924</Roll>
				<Yaw>89.9999924</Yaw>
			</Attachment>
		</Attachment>
		<Attachment>
			<ModelHash>0x2f9f084d</ModelHash>
			<Type>3</Type>
			<Dynamic>true</Dynamic>
			<FrozenPos>true</FrozenPos>
			<HashName>prop_box_guncase_03a</HashName>
			<InitialHandle>689472</InitialHandle>
			<ObjectProperties>
				<TextureVariation>0</TextureVariation>
			</ObjectProperties>
			<OpacityLevel>255</OpacityLevel>
			<LodDistance>16960</LodDistance>
			<IsVisible>true</IsVisible>
			<MaxHealth>1000</MaxHealth>
			<Health>1000</Health>
			<HasGravity>true</HasGravity>
			<IsOnFire>false</IsOnFire>
			<IsInvincible>true</IsInvincible>
			<IsBulletProof>false</IsBulletProof>
			<IsCollisionProof>false</IsCollisionProof>
			<IsExplosionProof>true</IsExplosionProof>
			<IsFireProof>false</IsFireProof>
			<IsMeleeProof>true</IsMeleeProof>
			<IsOnlyDamagedByPlayer>false</IsOnlyDamagedByPlayer>
			<PositionRotation>
				<X>-1351.69958</X>
				<Y>-3045.86157</Y>
				<Z>22.7415066</Z>
				<Pitch>0.111210279</Pitch>
				<Roll>89.9575653</Roll>
				<Yaw>152.121613</Yaw>
			</PositionRotation>
			<Attachment isAttached="true">
				<AttachedTo>527655</AttachedTo>
				<BoneIndex>0</BoneIndex>
				<X>-7.39998531</X>
				<Y>2.40992785</Y>
				<Z>6.49997854</Z>
				<Pitch>0</Pitch>
				<Roll>89.9999924</Roll>
				<Yaw>89.9999924</Yaw>
			</Attachment>
		</Attachment>
		<Attachment>
			<ModelHash>0x2f9f084d</ModelHash>
			<Type>3</Type>
			<Dynamic>true</Dynamic>
			<FrozenPos>true</FrozenPos>
			<HashName>prop_box_guncase_03a</HashName>
			<InitialHandle>588353</InitialHandle>
			<ObjectProperties>
				<TextureVariation>0</TextureVariation>
			</ObjectProperties>
			<OpacityLevel>255</OpacityLevel>
			<LodDistance>16960</LodDistance>
			<IsVisible>true</IsVisible>
			<MaxHealth>1000</MaxHealth>
			<Health>1000</Health>
			<HasGravity>true</HasGravity>
			<IsOnFire>false</IsOnFire>
			<IsInvincible>true</IsInvincible>
			<IsBulletProof>false</IsBulletProof>
			<IsCollisionProof>false</IsCollisionProof>
			<IsExplosionProof>true</IsExplosionProof>
			<IsFireProof>false</IsFireProof>
			<IsMeleeProof>true</IsMeleeProof>
			<IsOnlyDamagedByPlayer>false</IsOnlyDamagedByPlayer>
			<PositionRotation>
				<X>-1351.70129</X>
				<Y>-3045.86328</Y>
				<Z>21.5914841</Z>
				<Pitch>0.111210279</Pitch>
				<Roll>89.9575653</Roll>
				<Yaw>152.121613</Yaw>
			</PositionRotation>
			<Attachment isAttached="true">
				<AttachedTo>527655</AttachedTo>
				<BoneIndex>0</BoneIndex>
				<X>-7.39998531</X>
				<Y>2.40992785</Y>
				<Z>5.34995222</Z>
				<Pitch>0</Pitch>
				<Roll>89.9999924</Roll>
				<Yaw>89.9999924</Yaw>
			</Attachment>
		</Attachment>
		<Attachment>
			<ModelHash>0x2f9f084d</ModelHash>
			<Type>3</Type>
			<Dynamic>true</Dynamic>
			<FrozenPos>true</FrozenPos>
			<HashName>prop_box_guncase_03a</HashName>
			<InitialHandle>75838</InitialHandle>
			<ObjectProperties>
				<TextureVariation>0</TextureVariation>
			</ObjectProperties>
			<OpacityLevel>255</OpacityLevel>
			<LodDistance>16960</LodDistance>
			<IsVisible>true</IsVisible>
			<MaxHealth>1000</MaxHealth>
			<Health>1000</Health>
			<HasGravity>true</HasGravity>
			<IsOnFire>false</IsOnFire>
			<IsInvincible>true</IsInvincible>
			<IsBulletProof>false</IsBulletProof>
			<IsCollisionProof>false</IsCollisionProof>
			<IsExplosionProof>true</IsExplosionProof>
			<IsFireProof>false</IsFireProof>
			<IsMeleeProof>true</IsMeleeProof>
			<IsOnlyDamagedByPlayer>false</IsOnlyDamagedByPlayer>
			<PositionRotation>
				<X>-1351.03015</X>
				<Y>-3046.21924</Y>
				<Z>21.2009125</Z>
				<Pitch>0.111210689</Pitch>
				<Roll>-0.0424238183</Roll>
				<Yaw>152.121597</Yaw>
			</PositionRotation>
			<Attachment isAttached="true">
				<AttachedTo>527655</AttachedTo>
				<BoneIndex>0</BoneIndex>
				<X>-7.39998531</X>
				<Y>1.64992809</Y>
				<Z>4.95994329</Z>
				<Pitch>0</Pitch>
				<Roll>-7.51018524e-06</Roll>
				<Yaw>89.9999924</Yaw>
			</Attachment>
		</Attachment>
		<Attachment>
			<ModelHash>0x2f9f084d</ModelHash>
			<Type>3</Type>
			<Dynamic>true</Dynamic>
			<FrozenPos>true</FrozenPos>
			<HashName>prop_box_guncase_03a</HashName>
			<InitialHandle>376132</InitialHandle>
			<ObjectProperties>
				<TextureVariation>0</TextureVariation>
			</ObjectProperties>
			<OpacityLevel>255</OpacityLevel>
			<LodDistance>16960</LodDistance>
			<IsVisible>true</IsVisible>
			<MaxHealth>1000</MaxHealth>
			<Health>1000</Health>
			<HasGravity>true</HasGravity>
			<IsOnFire>false</IsOnFire>
			<IsInvincible>true</IsInvincible>
			<IsBulletProof>false</IsBulletProof>
			<IsCollisionProof>false</IsCollisionProof>
			<IsExplosionProof>true</IsExplosionProof>
			<IsFireProof>false</IsFireProof>
			<IsMeleeProof>true</IsMeleeProof>
			<IsOnlyDamagedByPlayer>false</IsOnlyDamagedByPlayer>
			<PositionRotation>
				<X>-1351.0271</X>
				<Y>-3046.21655</Y>
				<Z>23.1409531</Z>
				<Pitch>0.111210689</Pitch>
				<Roll>-0.0424238183</Roll>
				<Yaw>152.121597</Yaw>
			</PositionRotation>
			<Attachment isAttached="true">
				<AttachedTo>527655</AttachedTo>
				<BoneIndex>0</BoneIndex>
				<X>-7.39998531</X>
				<Y>1.64992809</Y>
				<Z>6.8999877</Z>
				<Pitch>0</Pitch>
				<Roll>-7.51018524e-06</Roll>
				<Yaw>89.9999924</Yaw>
			</Attachment>
		</Attachment>
		<Attachment>
			<ModelHash>0x2f9f084d</ModelHash>
			<Type>3</Type>
			<Dynamic>true</Dynamic>
			<FrozenPos>true</FrozenPos>
			<HashName>prop_box_guncase_03a</HashName>
			<InitialHandle>367685</InitialHandle>
			<ObjectProperties>
				<TextureVariation>0</TextureVariation>
			</ObjectProperties>
			<OpacityLevel>255</OpacityLevel>
			<LodDistance>16960</LodDistance>
			<IsVisible>true</IsVisible>
			<MaxHealth>1000</MaxHealth>
			<Health>1000</Health>
			<HasGravity>true</HasGravity>
			<IsOnFire>false</IsOnFire>
			<IsInvincible>true</IsInvincible>
			<IsBulletProof>false</IsBulletProof>
			<IsCollisionProof>false</IsCollisionProof>
			<IsExplosionProof>true</IsExplosionProof>
			<IsFireProof>false</IsFireProof>
			<IsMeleeProof>true</IsMeleeProof>
			<IsOnlyDamagedByPlayer>false</IsOnlyDamagedByPlayer>
			<PositionRotation>
				<X>-1350.13501</X>
				<Y>-3046.68921</Y>
				<Z>22.7401962</Z>
				<Pitch>0.111210279</Pitch>
				<Roll>89.9575653</Roll>
				<Yaw>152.121613</Yaw>
			</PositionRotation>
			<Attachment isAttached="true">
				<AttachedTo>527655</AttachedTo>
				<BoneIndex>0</BoneIndex>
				<X>-7.39998531</X>
				<Y>0.639928818</Y>
				<Z>6.49997854</Z>
				<Pitch>0</Pitch>
				<Roll>89.9999924</Roll>
				<Yaw>89.9999924</Yaw>
			</Attachment>
		</Attachment>
		<Attachment>
			<ModelHash>0x2f9f084d</ModelHash>
			<Type>3</Type>
			<Dynamic>true</Dynamic>
			<FrozenPos>true</FrozenPos>
			<HashName>prop_box_guncase_03a</HashName>
			<InitialHandle>238406</InitialHandle>
			<ObjectProperties>
				<TextureVariation>0</TextureVariation>
			</ObjectProperties>
			<OpacityLevel>255</OpacityLevel>
			<LodDistance>16960</LodDistance>
			<IsVisible>true</IsVisible>
			<MaxHealth>1000</MaxHealth>
			<Health>1000</Health>
			<HasGravity>true</HasGravity>
			<IsOnFire>false</IsOnFire>
			<IsInvincible>true</IsInvincible>
			<IsBulletProof>false</IsBulletProof>
			<IsCollisionProof>false</IsCollisionProof>
			<IsExplosionProof>true</IsExplosionProof>
			<IsFireProof>false</IsFireProof>
			<IsMeleeProof>true</IsMeleeProof>
			<IsOnlyDamagedByPlayer>false</IsOnlyDamagedByPlayer>
			<PositionRotation>
				<X>-1350.13672</X>
				<Y>-3046.69092</Y>
				<Z>21.6101723</Z>
				<Pitch>0.111210279</Pitch>
				<Roll>89.9575653</Roll>
				<Yaw>152.121613</Yaw>
			</PositionRotation>
			<Attachment isAttached="true">
				<AttachedTo>527655</AttachedTo>
				<BoneIndex>0</BoneIndex>
				<X>-7.39998531</X>
				<Y>0.639928818</Y>
				<Z>5.36995268</Z>
				<Pitch>0</Pitch>
				<Roll>89.9999924</Roll>
				<Yaw>89.9999924</Yaw>
			</Attachment>
		</Attachment>
		<Attachment>
			<ModelHash>0x2f9f084d</ModelHash>
			<Type>3</Type>
			<Dynamic>true</Dynamic>
			<FrozenPos>true</FrozenPos>
			<HashName>prop_box_guncase_03a</HashName>
			<InitialHandle>355654</InitialHandle>
			<ObjectProperties>
				<TextureVariation>0</TextureVariation>
			</ObjectProperties>
			<OpacityLevel>255</OpacityLevel>
			<LodDistance>16960</LodDistance>
			<IsVisible>true</IsVisible>
			<MaxHealth>1000</MaxHealth>
			<Health>1000</Health>
			<HasGravity>true</HasGravity>
			<IsOnFire>false</IsOnFire>
			<IsInvincible>true</IsInvincible>
			<IsBulletProof>false</IsBulletProof>
			<IsCollisionProof>false</IsCollisionProof>
			<IsExplosionProof>true</IsExplosionProof>
			<IsFireProof>false</IsFireProof>
			<IsMeleeProof>true</IsMeleeProof>
			<IsOnlyDamagedByPlayer>false</IsOnlyDamagedByPlayer>
			<PositionRotation>
				<X>-1349.69336</X>
				<Y>-3046.92334</Y>
				<Z>22.5098</Z>
				<Pitch>0.111210905</Pitch>
				<Roll>36.9583778</Roll>
				<Yaw>152.121613</Yaw>
			</PositionRotation>
			<Attachment isAttached="true">
				<AttachedTo>527655</AttachedTo>
				<BoneIndex>0</BoneIndex>
				<X>-7.39998531</X>
				<Y>0.139928818</Y>
				<Z>6.26995182</Z>
				<Pitch>0</Pitch>
				<Roll>37.0008011</Roll>
				<Yaw>89.9999924</Yaw>
			</Attachment>
		</Attachment>
		<Attachment>
			<ModelHash>0x2f9f084d</ModelHash>
			<Type>3</Type>
			<Dynamic>true</Dynamic>
			<FrozenPos>true</FrozenPos>
			<HashName>prop_box_guncase_03a</HashName>
			<InitialHandle>132939</InitialHandle>
			<ObjectProperties>
				<TextureVariation>0</TextureVariation>
			</ObjectProperties>
			<OpacityLevel>255</OpacityLevel>
			<LodDistance>16960</LodDistance>
			<IsVisible>true</IsVisible>
			<MaxHealth>1000</MaxHealth>
			<Health>1000</Health>
			<HasGravity>true</HasGravity>
			<IsOnFire>false</IsOnFire>
			<IsInvincible>true</IsInvincible>
			<IsBulletProof>false</IsBulletProof>
			<IsCollisionProof>false</IsCollisionProof>
			<IsExplosionProof>true</IsExplosionProof>
			<IsFireProof>false</IsFireProof>
			<IsMeleeProof>true</IsMeleeProof>
			<IsOnlyDamagedByPlayer>false</IsOnlyDamagedByPlayer>
			<PositionRotation>
				<X>-1349.33936</X>
				<Y>-3047.11011</Y>
				<Z>22.8195038</Z>
				<Pitch>0.111210905</Pitch>
				<Roll>36.9583778</Roll>
				<Yaw>152.121613</Yaw>
			</PositionRotation>
			<Attachment isAttached="true">
				<AttachedTo>527655</AttachedTo>
				<BoneIndex>0</BoneIndex>
				<X>-7.39998531</X>
				<Y>-0.260070741</Y>
				<Z>6.57995176</Z>
				<Pitch>0</Pitch>
				<Roll>37.0008011</Roll>
				<Yaw>89.9999924</Yaw>
			</Attachment>
		</Attachment>
		<Attachment>
			<ModelHash>0x2f9f084d</ModelHash>
			<Type>3</Type>
			<Dynamic>true</Dynamic>
			<FrozenPos>true</FrozenPos>
			<HashName>prop_box_guncase_03a</HashName>
			<InitialHandle>722507</InitialHandle>
			<ObjectProperties>
				<TextureVariation>0</TextureVariation>
			</ObjectProperties>
			<OpacityLevel>255</OpacityLevel>
			<LodDistance>16960</LodDistance>
			<IsVisible>true</IsVisible>
			<MaxHealth>1000</MaxHealth>
			<Health>1000</Health>
			<HasGravity>true</HasGravity>
			<IsOnFire>false</IsOnFire>
			<IsInvincible>true</IsInvincible>
			<IsBulletProof>false</IsBulletProof>
			<IsCollisionProof>false</IsCollisionProof>
			<IsExplosionProof>true</IsExplosionProof>
			<IsFireProof>false</IsFireProof>
			<IsMeleeProof>true</IsMeleeProof>
			<IsOnlyDamagedByPlayer>false</IsOnlyDamagedByPlayer>
			<PositionRotation>
				<X>-1349.6062</X>
				<Y>-3046.97119</Y>
				<Z>21.7197285</Z>
				<Pitch>0.111214325</Pitch>
				<Roll>-37.1416321</Roll>
				<Yaw>152.121613</Yaw>
			</PositionRotation>
			<Attachment isAttached="true">
				<AttachedTo>527655</AttachedTo>
				<BoneIndex>0</BoneIndex>
				<X>-7.39998531</X>
				<Y>0.0399291813</Y>
				<Z>5.47995281</Z>
				<Pitch>0</Pitch>
				<Roll>-37.0992165</Roll>
				<Yaw>89.9999924</Yaw>
			</Attachment>
		</Attachment>
		<Attachment>
			<ModelHash>0x2f9f084d</ModelHash>
			<Type>3</Type>
			<Dynamic>true</Dynamic>
			<FrozenPos>true</FrozenPos>
			<HashName>prop_box_guncase_03a</HashName>
			<InitialHandle>640845</InitialHandle>
			<ObjectProperties>
				<TextureVariation>0</TextureVariation>
			</ObjectProperties>
			<OpacityLevel>255</OpacityLevel>
			<LodDistance>16960</LodDistance>
			<IsVisible>true</IsVisible>
			<MaxHealth>1000</MaxHealth>
			<Health>1000</Health>
			<HasGravity>true</HasGravity>
			<IsOnFire>false</IsOnFire>
			<IsInvincible>true</IsInvincible>
			<IsBulletProof>false</IsBulletProof>
			<IsCollisionProof>false</IsCollisionProof>
			<IsExplosionProof>true</IsExplosionProof>
			<IsFireProof>false</IsFireProof>
			<IsMeleeProof>true</IsMeleeProof>
			<IsOnlyDamagedByPlayer>false</IsOnlyDamagedByPlayer>
			<PositionRotation>
				<X>-1349.35022</X>
				<Y>-3047.10718</Y>
				<Z>21.5095139</Z>
				<Pitch>0.111214325</Pitch>
				<Roll>-37.1416321</Roll>
				<Yaw>152.121613</Yaw>
			</PositionRotation>
			<Attachment isAttached="true">
				<AttachedTo>527655</AttachedTo>
				<BoneIndex>0</BoneIndex>
				<X>-7.39998531</X>
				<Y>-0.25007081</Y>
				<Z>5.26995277</Z>
				<Pitch>0</Pitch>
				<Roll>-37.0992165</Roll>
				<Yaw>89.9999924</Yaw>
			</Attachment>
		</Attachment>
		<Attachment>
			<ModelHash>0x2f9f084d</ModelHash>
			<Type>3</Type>
			<Dynamic>true</Dynamic>
			<FrozenPos>true</FrozenPos>
			<HashName>prop_box_guncase_03a</HashName>
			<InitialHandle>23134</InitialHandle>
			<ObjectProperties>
				<TextureVariation>0</TextureVariation>
			</ObjectProperties>
			<OpacityLevel>255</OpacityLevel>
			<LodDistance>16960</LodDistance>
			<IsVisible>true</IsVisible>
			<MaxHealth>1000</MaxHealth>
			<Health>1000</Health>
			<HasGravity>true</HasGravity>
			<IsOnFire>false</IsOnFire>
			<IsInvincible>true</IsInvincible>
			<IsBulletProof>false</IsBulletProof>
			<IsCollisionProof>false</IsCollisionProof>
			<IsExplosionProof>true</IsExplosionProof>
			<IsFireProof>false</IsFireProof>
			<IsMeleeProof>true</IsMeleeProof>
			<IsOnlyDamagedByPlayer>false</IsOnlyDamagedByPlayer>
			<PositionRotation>
				<X>-1343.62036</X>
				<Y>-3050.1355</Y>
				<Z>22.7347412</Z>
				<Pitch>0.111210279</Pitch>
				<Roll>89.9575653</Roll>
				<Yaw>152.121613</Yaw>
			</PositionRotation>
			<Attachment isAttached="true">
				<AttachedTo>527655</AttachedTo>
				<BoneIndex>0</BoneIndex>
				<X>-7.39998531</X>
				<Y>-6.72999287</Y>
				<Z>6.49997854</Z>
				<Pitch>0</Pitch>
				<Roll>89.9999924</Roll>
				<Yaw>89.9999924</Yaw>
			</Attachment>
		</Attachment>
		<Attachment>
			<ModelHash>0x2f9f084d</ModelHash>
			<Type>3</Type>
			<Dynamic>true</Dynamic>
			<FrozenPos>true</FrozenPos>
			<HashName>prop_box_guncase_03a</HashName>
			<InitialHandle>606</InitialHandle>
			<ObjectProperties>
				<TextureVariation>0</TextureVariation>
			</ObjectProperties>
			<OpacityLevel>255</OpacityLevel>
			<LodDistance>16960</LodDistance>
			<IsVisible>true</IsVisible>
			<MaxHealth>1000</MaxHealth>
			<Health>1000</Health>
			<HasGravity>true</HasGravity>
			<IsOnFire>false</IsOnFire>
			<IsInvincible>true</IsInvincible>
			<IsBulletProof>false</IsBulletProof>
			<IsCollisionProof>false</IsCollisionProof>
			<IsExplosionProof>true</IsExplosionProof>
			<IsFireProof>false</IsFireProof>
			<IsMeleeProof>true</IsMeleeProof>
			<IsOnlyDamagedByPlayer>false</IsOnlyDamagedByPlayer>
			<PositionRotation>
				<X>-1343.62207</X>
				<Y>-3050.13696</Y>
				<Z>21.6347427</Z>
				<Pitch>0.111210279</Pitch>
				<Roll>89.9575653</Roll>
				<Yaw>152.121613</Yaw>
			</PositionRotation>
			<Attachment isAttached="true">
				<AttachedTo>527655</AttachedTo>
				<BoneIndex>0</BoneIndex>
				<X>-7.39998531</X>
				<Y>-6.72999287</Y>
				<Z>5.39997959</Z>
				<Pitch>0</Pitch>
				<Roll>89.9999924</Roll>
				<Yaw>89.9999924</Yaw>
			</Attachment>
		</Attachment>
		<Attachment>
			<ModelHash>0x2f9f084d</ModelHash>
			<Type>3</Type>
			<Dynamic>true</Dynamic>
			<FrozenPos>true</FrozenPos>
			<HashName>prop_box_guncase_03a</HashName>
			<InitialHandle>604768</InitialHandle>
			<ObjectProperties>
				<TextureVariation>0</TextureVariation>
			</ObjectProperties>
			<OpacityLevel>255</OpacityLevel>
			<LodDistance>16960</LodDistance>
			<IsVisible>true</IsVisible>
			<MaxHealth>1000</MaxHealth>
			<Health>1000</Health>
			<HasGravity>true</HasGravity>
			<IsOnFire>false</IsOnFire>
			<IsInvincible>true</IsInvincible>
			<IsBulletProof>false</IsBulletProof>
			<IsCollisionProof>false</IsCollisionProof>
			<IsExplosionProof>true</IsExplosionProof>
			<IsFireProof>false</IsFireProof>
			<IsMeleeProof>true</IsMeleeProof>
			<IsOnlyDamagedByPlayer>false</IsOnlyDamagedByPlayer>
			<PositionRotation>
				<X>-1344.29163</X>
				<Y>-3049.77954</Y>
				<Z>23.1253033</Z>
				<Pitch>0.111210689</Pitch>
				<Roll>-0.0424235314</Roll>
				<Yaw>152.121597</Yaw>
			</PositionRotation>
			<Attachment isAttached="true">
				<AttachedTo>527655</AttachedTo>
				<BoneIndex>0</BoneIndex>
				<X>-7.39998531</X>
				<Y>-5.96997547</Y>
				<Z>6.88998032</Z>
				<Pitch>0</Pitch>
				<Roll>-7.21216202e-06</Roll>
				<Yaw>89.9999924</Yaw>
			</Attachment>
		</Attachment>
		<Attachment>
			<ModelHash>0x2f9f084d</ModelHash>
			<Type>3</Type>
			<Dynamic>true</Dynamic>
			<FrozenPos>true</FrozenPos>
			<HashName>prop_box_guncase_03a</HashName>
			<InitialHandle>674146</InitialHandle>
			<ObjectProperties>
				<TextureVariation>0</TextureVariation>
			</ObjectProperties>
			<OpacityLevel>255</OpacityLevel>
			<LodDistance>16960</LodDistance>
			<IsVisible>true</IsVisible>
			<MaxHealth>1000</MaxHealth>
			<Health>1000</Health>
			<HasGravity>true</HasGravity>
			<IsOnFire>false</IsOnFire>
			<IsInvincible>true</IsInvincible>
			<IsBulletProof>false</IsBulletProof>
			<IsCollisionProof>false</IsCollisionProof>
			<IsExplosionProof>true</IsExplosionProof>
			<IsFireProof>false</IsFireProof>
			<IsMeleeProof>true</IsMeleeProof>
			<IsOnlyDamagedByPlayer>false</IsOnlyDamagedByPlayer>
			<PositionRotation>
				<X>-1342.95679</X>
				<Y>-3050.4856</Y>
				<Z>23.1241856</Z>
				<Pitch>0.111210689</Pitch>
				<Roll>-0.0424235314</Roll>
				<Yaw>152.121597</Yaw>
			</PositionRotation>
			<Attachment isAttached="true">
				<AttachedTo>527655</AttachedTo>
				<BoneIndex>0</BoneIndex>
				<X>-7.39998531</X>
				<Y>-7.48001003</Y>
				<Z>6.88998032</Z>
				<Pitch>0</Pitch>
				<Roll>-7.21216202e-06</Roll>
				<Yaw>89.9999924</Yaw>
			</Attachment>
		</Attachment>
		<Attachment>
			<ModelHash>0x2f9f084d</ModelHash>
			<Type>3</Type>
			<Dynamic>true</Dynamic>
			<FrozenPos>true</FrozenPos>
			<HashName>prop_box_guncase_03a</HashName>
			<InitialHandle>248164</InitialHandle>
			<ObjectProperties>
				<TextureVariation>0</TextureVariation>
			</ObjectProperties>
			<OpacityLevel>255</OpacityLevel>
			<LodDistance>16960</LodDistance>
			<IsVisible>true</IsVisible>
			<MaxHealth>1000</MaxHealth>
			<Health>1000</Health>
			<HasGravity>true</HasGravity>
			<IsOnFire>false</IsOnFire>
			<IsInvincible>true</IsInvincible>
			<IsBulletProof>false</IsBulletProof>
			<IsCollisionProof>false</IsCollisionProof>
			<IsExplosionProof>true</IsExplosionProof>
			<IsFireProof>false</IsFireProof>
			<IsMeleeProof>true</IsMeleeProof>
			<IsOnlyDamagedByPlayer>false</IsOnlyDamagedByPlayer>
			<PositionRotation>
				<X>-1341.74573</X>
				<Y>-3051.12622</Y>
				<Z>23.1231728</Z>
				<Pitch>0.111210689</Pitch>
				<Roll>-0.0424235314</Roll>
				<Yaw>152.121597</Yaw>
			</PositionRotation>
			<Attachment isAttached="true">
				<AttachedTo>527655</AttachedTo>
				<BoneIndex>0</BoneIndex>
				<X>-7.39998531</X>
				<Y>-8.85004139</Y>
				<Z>6.88998032</Z>
				<Pitch>0</Pitch>
				<Roll>-7.21216202e-06</Roll>
				<Yaw>89.9999924</Yaw>
			</Attachment>
		</Attachment>
		<Attachment>
			<ModelHash>0x2f9f084d</ModelHash>
			<Type>3</Type>
			<Dynamic>true</Dynamic>
			<FrozenPos>true</FrozenPos>
			<HashName>prop_box_guncase_03a</HashName>
			<InitialHandle>523107</InitialHandle>
			<ObjectProperties>
				<TextureVariation>0</TextureVariation>
			</ObjectProperties>
			<OpacityLevel>255</OpacityLevel>
			<LodDistance>16960</LodDistance>
			<IsVisible>true</IsVisible>
			<MaxHealth>1000</MaxHealth>
			<Health>1000</Health>
			<HasGravity>true</HasGravity>
			<IsOnFire>false</IsOnFire>
			<IsInvincible>true</IsInvincible>
			<IsBulletProof>false</IsBulletProof>
			<IsCollisionProof>false</IsCollisionProof>
			<IsExplosionProof>true</IsExplosionProof>
			<IsFireProof>false</IsFireProof>
			<IsMeleeProof>true</IsMeleeProof>
			<IsOnlyDamagedByPlayer>false</IsOnlyDamagedByPlayer>
			<PositionRotation>
				<X>-1340.72925</X>
				<Y>-3051.66406</Y>
				<Z>23.1223202</Z>
				<Pitch>0.111210689</Pitch>
				<Roll>-0.0424235314</Roll>
				<Yaw>152.121597</Yaw>
			</PositionRotation>
			<Attachment isAttached="true">
				<AttachedTo>527655</AttachedTo>
				<BoneIndex>0</BoneIndex>
				<X>-7.39998531</X>
				<Y>-10.0000677</Y>
				<Z>6.88998032</Z>
				<Pitch>0</Pitch>
				<Roll>-7.21216202e-06</Roll>
				<Yaw>89.9999924</Yaw>
			</Attachment>
		</Attachment>
		<Attachment>
			<ModelHash>0x2f9f084d</ModelHash>
			<Type>3</Type>
			<Dynamic>true</Dynamic>
			<FrozenPos>true</FrozenPos>
			<HashName>prop_box_guncase_03a</HashName>
			<InitialHandle>283751</InitialHandle>
			<ObjectProperties>
				<TextureVariation>0</TextureVariation>
			</ObjectProperties>
			<OpacityLevel>255</OpacityLevel>
			<LodDistance>16960</LodDistance>
			<IsVisible>true</IsVisible>
			<MaxHealth>1000</MaxHealth>
			<Health>1000</Health>
			<HasGravity>true</HasGravity>
			<IsOnFire>false</IsOnFire>
			<IsInvincible>true</IsInvincible>
			<IsBulletProof>false</IsBulletProof>
			<IsCollisionProof>false</IsCollisionProof>
			<IsExplosionProof>true</IsExplosionProof>
			<IsFireProof>false</IsFireProof>
			<IsMeleeProof>true</IsMeleeProof>
			<IsOnlyDamagedByPlayer>false</IsOnlyDamagedByPlayer>
			<PositionRotation>
				<X>-1340.38513</X>
				<Y>-3051.84692</Y>
				<Z>22.7320309</Z>
				<Pitch>0.111210279</Pitch>
				<Roll>89.9575653</Roll>
				<Yaw>152.121613</Yaw>
			</PositionRotation>
			<Attachment isAttached="true">
				<AttachedTo>527655</AttachedTo>
				<BoneIndex>0</BoneIndex>
				<X>-7.39998531</X>
				<Y>-10.3900766</Y>
				<Z>6.49997854</Z>
				<Pitch>0</Pitch>
				<Roll>89.9999924</Roll>
				<Yaw>89.9999924</Yaw>
			</Attachment>
		</Attachment>
		<Attachment>
			<ModelHash>0x2f9f084d</ModelHash>
			<Type>3</Type>
			<Dynamic>true</Dynamic>
			<FrozenPos>true</FrozenPos>
			<HashName>prop_box_guncase_03a</HashName>
			<InitialHandle>378473</InitialHandle>
			<ObjectProperties>
				<TextureVariation>0</TextureVariation>
			</ObjectProperties>
			<OpacityLevel>255</OpacityLevel>
			<LodDistance>16960</LodDistance>
			<IsVisible>true</IsVisible>
			<MaxHealth>1000</MaxHealth>
			<Health>1000</Health>
			<HasGravity>true</HasGravity>
			<IsOnFire>false</IsOnFire>
			<IsInvincible>true</IsInvincible>
			<IsBulletProof>false</IsBulletProof>
			<IsCollisionProof>false</IsCollisionProof>
			<IsExplosionProof>true</IsExplosionProof>
			<IsFireProof>false</IsFireProof>
			<IsMeleeProof>true</IsMeleeProof>
			<IsOnlyDamagedByPlayer>false</IsOnlyDamagedByPlayer>
			<PositionRotation>
				<X>-1340.73096</X>
				<Y>-3051.66553</Y>
				<Z>21.982296</Z>
				<Pitch>0.111210689</Pitch>
				<Roll>-0.0424235314</Roll>
				<Yaw>152.121597</Yaw>
			</PositionRotation>
			<Attachment isAttached="true">
				<AttachedTo>527655</AttachedTo>
				<BoneIndex>0</BoneIndex>
				<X>-7.39998531</X>
				<Y>-10.0000677</Y>
				<Z>5.74995422</Z>
				<Pitch>0</Pitch>
				<Roll>-7.21216202e-06</Roll>
				<Yaw>89.9999924</Yaw>
			</Attachment>
		</Attachment>
		<Attachment>
			<ModelHash>0x2f9f084d</ModelHash>
			<Type>3</Type>
			<Dynamic>true</Dynamic>
			<FrozenPos>true</FrozenPos>
			<HashName>prop_box_guncase_03a</HashName>
			<InitialHandle>738154</InitialHandle>
			<ObjectProperties>
				<TextureVariation>0</TextureVariation>
			</ObjectProperties>
			<OpacityLevel>255</OpacityLevel>
			<LodDistance>16960</LodDistance>
			<IsVisible>true</IsVisible>
			<MaxHealth>1000</MaxHealth>
			<Health>1000</Health>
			<HasGravity>true</HasGravity>
			<IsOnFire>false</IsOnFire>
			<IsInvincible>true</IsInvincible>
			<IsBulletProof>false</IsBulletProof>
			<IsCollisionProof>false</IsCollisionProof>
			<IsExplosionProof>true</IsExplosionProof>
			<IsFireProof>false</IsFireProof>
			<IsMeleeProof>true</IsMeleeProof>
			<IsOnlyDamagedByPlayer>false</IsOnlyDamagedByPlayer>
			<PositionRotation>
				<X>-1341.75635</X>
				<Y>-3051.12305</Y>
				<Z>21.9831543</Z>
				<Pitch>0.111210689</Pitch>
				<Roll>-0.0424235314</Roll>
				<Yaw>152.121597</Yaw>
			</PositionRotation>
			<Attachment isAttached="true">
				<AttachedTo>527655</AttachedTo>
				<BoneIndex>0</BoneIndex>
				<X>-7.39998531</X>
				<Y>-8.84004116</Y>
				<Z>5.74995422</Z>
				<Pitch>0</Pitch>
				<Roll>-7.21216202e-06</Roll>
				<Yaw>89.9999924</Yaw>
			</Attachment>
		</Attachment>
		<Attachment>
			<ModelHash>0x2f9f084d</ModelHash>
			<Type>3</Type>
			<Dynamic>true</Dynamic>
			<FrozenPos>true</FrozenPos>
			<HashName>prop_box_guncase_03a</HashName>
			<InitialHandle>685419</InitialHandle>
			<ObjectProperties>
				<TextureVariation>0</TextureVariation>
			</ObjectProperties>
			<OpacityLevel>255</OpacityLevel>
			<LodDistance>16960</LodDistance>
			<IsVisible>true</IsVisible>
			<MaxHealth>1000</MaxHealth>
			<Health>1000</Health>
			<HasGravity>true</HasGravity>
			<IsOnFire>false</IsOnFire>
			<IsInvincible>true</IsInvincible>
			<IsBulletProof>false</IsBulletProof>
			<IsCollisionProof>false</IsCollisionProof>
			<IsExplosionProof>true</IsExplosionProof>
			<IsFireProof>false</IsFireProof>
			<IsMeleeProof>true</IsMeleeProof>
			<IsOnlyDamagedByPlayer>false</IsOnlyDamagedByPlayer>
			<PositionRotation>
				<X>-1342.10181</X>
				<Y>-3050.94141</Y>
				<Z>21.5934429</Z>
				<Pitch>0.111210279</Pitch>
				<Roll>89.9575653</Roll>
				<Yaw>152.121613</Yaw>
			</PositionRotation>
			<Attachment isAttached="true">
				<AttachedTo>527655</AttachedTo>
				<BoneIndex>0</BoneIndex>
				<X>-7.39998531</X>
				<Y>-8.45003223</Y>
				<Z>5.35995245</Z>
				<Pitch>0</Pitch>
				<Roll>89.9999924</Roll>
				<Yaw>89.9999924</Yaw>
			</Attachment>
		</Attachment>
		<Attachment>
			<ModelHash>0x2f9f084d</ModelHash>
			<Type>3</Type>
			<Dynamic>true</Dynamic>
			<FrozenPos>true</FrozenPos>
			<HashName>prop_box_guncase_03a</HashName>
			<InitialHandle>206189</InitialHandle>
			<ObjectProperties>
				<TextureVariation>0</TextureVariation>
			</ObjectProperties>
			<OpacityLevel>255</OpacityLevel>
			<LodDistance>16960</LodDistance>
			<IsVisible>true</IsVisible>
			<MaxHealth>1000</MaxHealth>
			<Health>1000</Health>
			<HasGravity>true</HasGravity>
			<IsOnFire>false</IsOnFire>
			<IsInvincible>true</IsInvincible>
			<IsBulletProof>false</IsBulletProof>
			<IsCollisionProof>false</IsCollisionProof>
			<IsExplosionProof>true</IsExplosionProof>
			<IsFireProof>false</IsFireProof>
			<IsMeleeProof>true</IsMeleeProof>
			<IsOnlyDamagedByPlayer>false</IsOnlyDamagedByPlayer>
			<PositionRotation>
				<X>-1341.75757</X>
				<Y>-3051.12427</Y>
				<Z>21.2031384</Z>
				<Pitch>0.111210689</Pitch>
				<Roll>-0.0424235314</Roll>
				<Yaw>152.121597</Yaw>
			</PositionRotation>
			<Attachment isAttached="true">
				<AttachedTo>527655</AttachedTo>
				<BoneIndex>0</BoneIndex>
				<X>-7.39998531</X>
				<Y>-8.84004116</Y>
				<Z>4.96993637</Z>
				<Pitch>0</Pitch>
				<Roll>-7.21216202e-06</Roll>
				<Yaw>89.9999924</Yaw>
			</Attachment>
		</Attachment>
		<Attachment>
			<ModelHash>0x2f9f084d</ModelHash>
			<Type>3</Type>
			<Dynamic>true</Dynamic>
			<FrozenPos>true</FrozenPos>
			<HashName>prop_box_guncase_03a</HashName>
			<InitialHandle>238190</InitialHandle>
			<ObjectProperties>
				<TextureVariation>0</TextureVariation>
			</ObjectProperties>
			<OpacityLevel>255</OpacityLevel>
			<LodDistance>16960</LodDistance>
			<IsVisible>true</IsVisible>
			<MaxHealth>1000</MaxHealth>
			<Health>1000</Health>
			<HasGravity>true</HasGravity>
			<IsOnFire>false</IsOnFire>
			<IsInvincible>true</IsInvincible>
			<IsBulletProof>false</IsBulletProof>
			<IsCollisionProof>false</IsCollisionProof>
			<IsExplosionProof>true</IsExplosionProof>
			<IsFireProof>false</IsFireProof>
			<IsMeleeProof>true</IsMeleeProof>
			<IsOnlyDamagedByPlayer>false</IsOnlyDamagedByPlayer>
			<PositionRotation>
				<X>-1340.73218</X>
				<Y>-3051.66675</Y>
				<Z>21.20228</Z>
				<Pitch>0.111210689</Pitch>
				<Roll>-0.0424235314</Roll>
				<Yaw>152.121597</Yaw>
			</PositionRotation>
			<Attachment isAttached="true">
				<AttachedTo>527655</AttachedTo>
				<BoneIndex>0</BoneIndex>
				<X>-7.39998531</X>
				<Y>-10.0000677</Y>
				<Z>4.96993637</Z>
				<Pitch>0</Pitch>
				<Roll>-7.21216202e-06</Roll>
				<Yaw>89.9999924</Yaw>
			</Attachment>
		</Attachment>
	</SpoonerAttachments>
</Vehicle>
