<?xml version="1.0" encoding="ISO-8859-1"?>
<Vehicle>
	<ModelHash>0x698521e3</ModelHash>
	<VehicleProperties>
		<Colours>
			<Primary>14</Primary>
			<Secondary>0</Secondary>
			<Pearl>4</Pearl>
			<Rim>156</Rim>
			<Mod1_a>6</Mod1_a>
			<Mod1_b>-1</Mod1_b>
			<Mod1_c>-1</Mod1_c>
			<Mod2_a>6</Mod2_a>
			<Mod2_b>-1</Mod2_b>
			<IsPrimaryColourCustom>false</IsPrimaryColourCustom>
			<IsSecondaryColourCustom>false</IsSecondaryColourCustom>
			<tyreSmoke_R>255</tyreSmoke_R>
			<tyreSmoke_G>255</tyreSmoke_G>
			<tyreSmoke_B>255</tyreSmoke_B>
			<LrInterior>0</LrInterior>
			<LrDashboard>0</LrDashboard>
		</Colours>
		<Livery>-1</Livery>
		<NumberPlateText>22ACP501</NumberPlateText>
		<NumberPlateIndex>2</NumberPlateIndex>
		<WheelType>4</WheelType>
		<WindowTint>-1</WindowTint>
		<BulletProofTyres>false</BulletProofTyres>
		<DirtLevel>15</DirtLevel>
		<PaintFade>0.709803939</PaintFade>
		<RoofState>0</RoofState>
		<Neons>
			<Left>false</Left>
			<Right>false</Right>
			<Front>false</Front>
			<Back>false</Back>
			<R>255</R>
			<G>0</G>
			<B>255</B>
		</Neons>
		<ModExtras>
			<_1>false</_1>
			<_2>false</_2>
			<_3>false</_3>
			<_10>false</_10>
			<_11>false</_11>
			<_12>false</_12>
		</ModExtras>
		<Mods>
			<_0>-1,0</_0>
			<_1>-1,0</_1>
			<_2>-1,0</_2>
			<_3>-1,0</_3>
			<_4>-1,0</_4>
			<_5>-1,0</_5>
			<_6>-1,0</_6>
			<_7>-1,0</_7>
			<_8>-1,0</_8>
			<_9>-1,0</_9>
			<_10>-1,0</_10>
			<_11>3,0</_11>
			<_12>2,0</_12>
			<_13>2,0</_13>
			<_14>0,0</_14>
			<_15>-1,0</_15>
			<_16>-1,0</_16>
			<_17>false</_17>
			<_18>true</_18>
			<_19>false</_19>
			<_20>false</_20>
			<_21>false</_21>
			<_22>false</_22>
			<_23>-1,0</_23>
			<_24>-1,0</_24>
			<_25>-1,0</_25>
			<_26>-1,0</_26>
			<_27>-1,0</_27>
			<_28>-1,0</_28>
			<_29>-1,0</_29>
			<_30>-1,0</_30>
			<_31>-1,0</_31>
			<_32>-1,0</_32>
			<_33>-1,0</_33>
			<_34>-1,0</_34>
			<_35>-1,0</_35>
			<_36>-1,0</_36>
			<_37>-1,0</_37>
			<_38>-1,0</_38>
			<_39>-1,0</_39>
			<_40>-1,0</_40>
			<_41>-1,0</_41>
			<_42>-1,0</_42>
			<_43>-1,0</_43>
			<_44>-1,0</_44>
			<_45>-1,0</_45>
			<_46>-1,0</_46>
			<_47>-1,0</_47>
			<_48>-1,0</_48>
		</Mods>
		<DoorsOpen>
			<BackLeftDoor>false</BackLeftDoor>
			<BackRightDoor>false</BackRightDoor>
			<FrontLeftDoor>false</FrontLeftDoor>
			<FrontRightDoor>false</FrontRightDoor>
			<Hood>false</Hood>
			<Trunk>false</Trunk>
			<Trunk2>false</Trunk2>
		</DoorsOpen>
		<DoorsBroken>
			<BackLeftDoor>false</BackLeftDoor>
			<BackRightDoor>false</BackRightDoor>
			<FrontLeftDoor>false</FrontLeftDoor>
			<FrontRightDoor>false</FrontRightDoor>
			<Hood>false</Hood>
			<Trunk>false</Trunk>
			<Trunk2>false</Trunk2>
		</DoorsBroken>
	</VehicleProperties>
	<OpacityLevel>255</OpacityLevel>
	<LodDistance>16960</LodDistance>
	<IsVisible>true</IsVisible>
	<IsOnFire>false</IsOnFire>
	<IsInvincible>true</IsInvincible>
	<IsBulletProof>false</IsBulletProof>
	<IsExplosionProof>false</IsExplosionProof>
	<IsFireProof>false</IsFireProof>
	<IsMeleeProof>false</IsMeleeProof>
	<IsOnlyDamagedByPlayer>false</IsOnlyDamagedByPlayer>
	<SpoonerAttachments SetAttachmentsPersistentAndAddToSpoonerDatabase="true">
		<Attachment>
			<ModelHash>0x1e34b5c2</ModelHash>
			<Type>3</Type>
			<Dynamic>false</Dynamic>
			<HashName>prop_fleeca_atm</HashName>
			<InitialHandle>373762</InitialHandle>
			<OpacityLevel>255</OpacityLevel>
			<LodDistance>16960</LodDistance>
			<IsVisible>true</IsVisible>
			<Health>1000</Health>
			<IsOnFire>false</IsOnFire>
			<IsInvincible>true</IsInvincible>
			<IsBulletProof>false</IsBulletProof>
			<IsCollisionProof>false</IsCollisionProof>
			<IsExplosionProof>false</IsExplosionProof>
			<IsFireProof>false</IsFireProof>
			<IsMeleeProof>false</IsMeleeProof>
			<IsOnlyDamagedByPlayer>false</IsOnlyDamagedByPlayer>
			<PositionRotation>
				<X>856.033142</X>
				<Y>6479.0625</Y>
				<Z>21.1121597</Z>
				<Pitch>-40.7536278</Pitch>
				<Roll>-1.83882856</Roll>
				<Yaw>-96.4105148</Yaw>
			</PositionRotation>
			<Attachment isAttached="true">
				<AttachedTo>VEHICLE</AttachedTo>
				<BoneIndex>0</BoneIndex>
				<X>0</X>
				<Y>-3.91999459</Y>
				<Z>-0.599999964</Z>
				<Pitch>-39.9999962</Pitch>
				<Roll>0</Roll>
				<Yaw>0</Yaw>
			</Attachment>
		</Attachment>
		<Attachment>
			<ModelHash>0x61d7f0a0</ModelHash>
			<Type>3</Type>
			<Dynamic>false</Dynamic>
			<HashName>prop_bison_winch</HashName>
			<InitialHandle>374018</InitialHandle>
			<OpacityLevel>255</OpacityLevel>
			<LodDistance>16960</LodDistance>
			<IsVisible>true</IsVisible>
			<Health>1000</Health>
			<IsOnFire>false</IsOnFire>
			<IsInvincible>true</IsInvincible>
			<IsBulletProof>false</IsBulletProof>
			<IsCollisionProof>false</IsCollisionProof>
			<IsExplosionProof>false</IsExplosionProof>
			<IsFireProof>false</IsFireProof>
			<IsMeleeProof>false</IsMeleeProof>
			<IsOnlyDamagedByPlayer>false</IsOnlyDamagedByPlayer>
			<PositionRotation>
				<X>857.948059</X>
				<Y>6478.92822</Y>
				<Z>22.7560883</Z>
				<Pitch>-0.76800102</Pitch>
				<Roll>-1.39297926</Roll>
				<Yaw>-95.2285461</Yaw>
			</PositionRotation>
			<Attachment isAttached="true">
				<AttachedTo>VEHICLE</AttachedTo>
				<BoneIndex>0</BoneIndex>
				<X>0</X>
				<Y>-2.023</Y>
				<Z>1.06999993</Z>
				<Pitch>0</Pitch>
				<Roll>0</Roll>
				<Yaw>0</Yaw>
			</Attachment>
		</Attachment>
		<Attachment>
			<ModelHash>0xedcdbe97</ModelHash>
			<Type>3</Type>
			<Dynamic>false</Dynamic>
			<HashName>prop_ld_rubble_02</HashName>
			<InitialHandle>374274</InitialHandle>
			<OpacityLevel>255</OpacityLevel>
			<LodDistance>16960</LodDistance>
			<IsVisible>true</IsVisible>
			<Health>1000</Health>
			<IsOnFire>false</IsOnFire>
			<IsInvincible>true</IsInvincible>
			<IsBulletProof>false</IsBulletProof>
			<IsCollisionProof>false</IsCollisionProof>
			<IsExplosionProof>false</IsExplosionProof>
			<IsFireProof>false</IsFireProof>
			<IsMeleeProof>false</IsMeleeProof>
			<IsOnlyDamagedByPlayer>false</IsOnlyDamagedByPlayer>
			<PositionRotation>
				<X>857.588806</X>
				<Y>6479.27783</Y>
				<Z>22.56357</Z>
				<Pitch>47.2134666</Pitch>
				<Roll>-2.05075598</Roll>
				<Yaw>-93.7045517</Yaw>
			</PositionRotation>
			<Attachment isAttached="true">
				<AttachedTo>VEHICLE</AttachedTo>
				<BoneIndex>0</BoneIndex>
				<X>-0.319999963</X>
				<Y>-2.40999985</Y>
				<Z>0.879999459</Z>
				<Pitch>47.9999924</Pitch>
				<Roll>0</Roll>
				<Yaw>0</Yaw>
			</Attachment>
		</Attachment>
		<Attachment>
			<ModelHash>0xdb8f1a1a</ModelHash>
			<Type>3</Type>
			<Dynamic>false</Dynamic>
			<HashName>prop_ld_rubble_03</HashName>
			<InitialHandle>374530</InitialHandle>
			<OpacityLevel>255</OpacityLevel>
			<LodDistance>16960</LodDistance>
			<IsVisible>true</IsVisible>
			<Health>1000</Health>
			<IsOnFire>false</IsOnFire>
			<IsInvincible>true</IsInvincible>
			<IsBulletProof>false</IsBulletProof>
			<IsCollisionProof>false</IsCollisionProof>
			<IsExplosionProof>false</IsExplosionProof>
			<IsFireProof>false</IsFireProof>
			<IsMeleeProof>false</IsMeleeProof>
			<IsOnlyDamagedByPlayer>false</IsOnlyDamagedByPlayer>
			<PositionRotation>
				<X>857.631409</X>
				<Y>6478.06396</Y>
				<Z>22.7908955</Z>
				<Pitch>44.477993</Pitch>
				<Roll>-24.6564236</Roll>
				<Yaw>-50.7530823</Yaw>
			</PositionRotation>
			<Attachment isAttached="true">
				<AttachedTo>VEHICLE</AttachedTo>
				<BoneIndex>0</BoneIndex>
				<X>0.889999986</X>
				<Y>-2.25999999</Y>
				<Z>1.08000004</Z>
				<Pitch>45.9999924</Pitch>
				<Roll>-24</Roll>
				<Yaw>43.9999962</Yaw>
			</Attachment>
		</Attachment>
		<Attachment>
			<ModelHash>0x59df96b5</ModelHash>
			<Type>3</Type>
			<Dynamic>false</Dynamic>
			<HashName>prop_ld_rubble_04</HashName>
			<InitialHandle>374786</InitialHandle>
			<OpacityLevel>255</OpacityLevel>
			<LodDistance>16960</LodDistance>
			<IsVisible>true</IsVisible>
			<Health>1000</Health>
			<IsOnFire>false</IsOnFire>
			<IsInvincible>true</IsInvincible>
			<IsBulletProof>false</IsBulletProof>
			<IsCollisionProof>false</IsCollisionProof>
			<IsExplosionProof>false</IsExplosionProof>
			<IsFireProof>false</IsFireProof>
			<IsMeleeProof>false</IsMeleeProof>
			<IsOnlyDamagedByPlayer>false</IsOnlyDamagedByPlayer>
			<PositionRotation>
				<X>856.587891</X>
				<Y>6479.59229</Y>
				<Z>21.4214745</Z>
				<Pitch>39.2179527</Pitch>
				<Roll>-1.79793787</Roll>
				<Yaw>-94.0728683</Yaw>
			</PositionRotation>
			<Attachment isAttached="true">
				<AttachedTo>VEHICLE</AttachedTo>
				<BoneIndex>0</BoneIndex>
				<X>-0.569999754</X>
				<Y>-3.41998506</Y>
				<Z>-0.270000011</Z>
				<Pitch>39.9999962</Pitch>
				<Roll>-3.57627869e-007</Roll>
				<Yaw>3.57627869e-007</Yaw>
			</Attachment>
		</Attachment>
		<Attachment>
			<ModelHash>0x2fd800b7</ModelHash>
			<Type>1</Type>
			<Dynamic>true</Dynamic>
			<HashName>Fish</HashName>
			<InitialHandle>375042</InitialHandle>
			<PedProperties>
				<IsStill>true</IsStill>
				<CurrentWeapon>0xf9fbaebe</CurrentWeapon>
				<PedProps>
					<_0>-1,-1</_0>
					<_1>-1,-1</_1>
					<_2>-1,-1</_2>
					<_3>-1,-1</_3>
					<_4>-1,-1</_4>
					<_5>-1,-1</_5>
					<_6>-1,-1</_6>
					<_7>-1,-1</_7>
					<_8>-1,-1</_8>
					<_9>-1,-1</_9>
				</PedProps>
				<PedComps>
					<_0>2,0</_0>
					<_1>0,0</_1>
					<_2>0,0</_2>
					<_3>0,0</_3>
					<_4>0,0</_4>
					<_5>0,0</_5>
					<_6>0,0</_6>
					<_7>0,0</_7>
					<_8>0,0</_8>
					<_9>0,0</_9>
					<_10>0,0</_10>
					<_11>0,0</_11>
				</PedComps>
				<RelationshipGroupAltered>false</RelationshipGroupAltered>
				<RelationshipGroup>0xfade4843</RelationshipGroup>
				<ScenarioActive>false</ScenarioActive>
				<AnimActive>false</AnimActive>
				<PtfxLopAsset>scr_mp_house</PtfxLopAsset>
				<PtfxLopEffect>scr_sh_lighter_sparks</PtfxLopEffect>
			</PedProperties>
			<OpacityLevel>255</OpacityLevel>
			<LodDistance>16960</LodDistance>
			<IsVisible>false</IsVisible>
			<Health>0</Health>
			<IsOnFire>false</IsOnFire>
			<IsInvincible>true</IsInvincible>
			<IsBulletProof>false</IsBulletProof>
			<IsCollisionProof>false</IsCollisionProof>
			<IsExplosionProof>false</IsExplosionProof>
			<IsFireProof>false</IsFireProof>
			<IsMeleeProof>false</IsMeleeProof>
			<IsOnlyDamagedByPlayer>false</IsOnlyDamagedByPlayer>
			<PositionRotation>
				<X>856.777161</X>
				<Y>6478.71631</Y>
				<Z>22.0389061</Z>
				<Pitch>-1.42858744</Pitch>
				<Roll>0.699528933</Roll>
				<Yaw>-7.99978781</Yaw>
			</PositionRotation>
			<Attachment isAttached="true">
				<AttachedTo>VEHICLE</AttachedTo>
				<BoneIndex>0</BoneIndex>
				<X>0.299999952</X>
				<Y>-3.15999937</Y>
				<Z>0.329999983</Z>
				<Pitch>20.0000038</Pitch>
				<Roll>20.0000038</Roll>
				<Yaw>90.000061</Yaw>
			</Attachment>
		</Attachment>
		<Attachment>
			<ModelHash>0xedcdbe97</ModelHash>
			<Type>3</Type>
			<Dynamic>false</Dynamic>
			<HashName>prop_ld_rubble_02</HashName>
			<InitialHandle>375298</InitialHandle>
			<OpacityLevel>255</OpacityLevel>
			<LodDistance>16960</LodDistance>
			<IsVisible>true</IsVisible>
			<Health>1000</Health>
			<IsOnFire>false</IsOnFire>
			<IsInvincible>true</IsInvincible>
			<IsBulletProof>false</IsBulletProof>
			<IsCollisionProof>false</IsCollisionProof>
			<IsExplosionProof>false</IsExplosionProof>
			<IsFireProof>false</IsFireProof>
			<IsMeleeProof>false</IsMeleeProof>
			<IsOnlyDamagedByPlayer>false</IsOnlyDamagedByPlayer>
			<PositionRotation>
				<X>857.397766</X>
				<Y>6478.68848</Y>
				<Z>22.8201828</Z>
				<Pitch>-42.2164192</Pitch>
				<Roll>-178.119156</Roll>
				<Yaw>86.0541534</Yaw>
			</PositionRotation>
			<Attachment isAttached="true">
				<AttachedTo>VEHICLE</AttachedTo>
				<BoneIndex>0</BoneIndex>
				<X>0.290000081</X>
				<Y>-2.54999971</Y>
				<Z>1.12000012</Z>
				<Pitch>-136.999985</Pitch>
				<Roll>0</Roll>
				<Yaw>0</Yaw>
			</Attachment>
		</Attachment>
		<Attachment>
			<ModelHash>0x4a67ce98</ModelHash>
			<Type>3</Type>
			<Dynamic>false</Dynamic>
			<HashName>prop_tool_box_07</HashName>
			<InitialHandle>375554</InitialHandle>
			<OpacityLevel>255</OpacityLevel>
			<LodDistance>16960</LodDistance>
			<IsVisible>true</IsVisible>
			<Health>1000</Health>
			<IsOnFire>false</IsOnFire>
			<IsInvincible>true</IsInvincible>
			<IsBulletProof>false</IsBulletProof>
			<IsCollisionProof>false</IsCollisionProof>
			<IsExplosionProof>false</IsExplosionProof>
			<IsFireProof>false</IsFireProof>
			<IsMeleeProof>false</IsMeleeProof>
			<IsOnlyDamagedByPlayer>false</IsOnlyDamagedByPlayer>
			<PositionRotation>
				<X>858.254089</X>
				<Y>6478.87598</Y>
				<Z>21.7521458</Z>
				<Pitch>-0.76800102</Pitch>
				<Roll>-1.39297926</Roll>
				<Yaw>-95.2285461</Yaw>
			</PositionRotation>
			<Attachment isAttached="true">
				<AttachedTo>VEHICLE</AttachedTo>
				<BoneIndex>0</BoneIndex>
				<X>0</X>
				<Y>-1.70000029</Y>
				<Z>0.0699999928</Z>
				<Pitch>0</Pitch>
				<Roll>0</Roll>
				<Yaw>0</Yaw>
			</Attachment>
		</Attachment>
		<Attachment>
			<ModelHash>0xe022b264</ModelHash>
			<Type>3</Type>
			<Dynamic>false</Dynamic>
			<HashName>prop_vehicle_hook</HashName>
			<InitialHandle>375810</InitialHandle>
			<OpacityLevel>255</OpacityLevel>
			<LodDistance>16960</LodDistance>
			<IsVisible>true</IsVisible>
			<Health>1000</Health>
			<IsOnFire>false</IsOnFire>
			<IsInvincible>true</IsInvincible>
			<IsBulletProof>false</IsBulletProof>
			<IsCollisionProof>false</IsCollisionProof>
			<IsExplosionProof>false</IsExplosionProof>
			<IsFireProof>false</IsFireProof>
			<IsMeleeProof>false</IsMeleeProof>
			<IsOnlyDamagedByPlayer>false</IsOnlyDamagedByPlayer>
			<PositionRotation>
				<X>857.912476</X>
				<Y>6478.93359</Y>
				<Z>22.8365536</Z>
				<Pitch>88.409462</Pitch>
				<Roll>118.872948</Roll>
				<Yaw>-34.0921898</Yaw>
			</PositionRotation>
			<Attachment isAttached="true">
				<AttachedTo>VEHICLE</AttachedTo>
				<BoneIndex>0</BoneIndex>
				<X>0</X>
				<Y>-2.06000018</Y>
				<Z>1.1500001</Z>
				<Pitch>89.9999924</Pitch>
				<Roll>0</Roll>
				<Yaw>179.999985</Yaw>
			</Attachment>
		</Attachment>
		<Attachment>
			<ModelHash>0xcaad91f7</ModelHash>
			<Type>3</Type>
			<Dynamic>false</Dynamic>
			<HashName>hei_prop_heist_lockerdoor</HashName>
			<InitialHandle>376066</InitialHandle>
			<OpacityLevel>255</OpacityLevel>
			<LodDistance>16960</LodDistance>
			<IsVisible>true</IsVisible>
			<Health>1000</Health>
			<IsOnFire>false</IsOnFire>
			<IsInvincible>true</IsInvincible>
			<IsBulletProof>false</IsBulletProof>
			<IsCollisionProof>false</IsCollisionProof>
			<IsExplosionProof>false</IsExplosionProof>
			<IsFireProof>false</IsFireProof>
			<IsMeleeProof>false</IsMeleeProof>
			<IsOnlyDamagedByPlayer>false</IsOnlyDamagedByPlayer>
			<PositionRotation>
				<X>856.765747</X>
				<Y>6478.96143</Y>
				<Z>21.7633362</Z>
				<Pitch>40.7536278</Pitch>
				<Roll>1.83882892</Roll>
				<Yaw>83.5894547</Yaw>
			</PositionRotation>
			<Attachment isAttached="true">
				<AttachedTo>VEHICLE</AttachedTo>
				<BoneIndex>0</BoneIndex>
				<X>0.049999997</X>
				<Y>-3.18999934</Y>
				<Z>0.0599999949</Z>
				<Pitch>39.9999962</Pitch>
				<Roll>0</Roll>
				<Yaw>179.999985</Yaw>
			</Attachment>
		</Attachment>
		<Attachment>
			<ModelHash>0xcaad91f7</ModelHash>
			<Type>3</Type>
			<Dynamic>false</Dynamic>
			<HashName>hei_prop_heist_lockerdoor</HashName>
			<InitialHandle>376322</InitialHandle>
			<OpacityLevel>255</OpacityLevel>
			<LodDistance>16960</LodDistance>
			<IsVisible>true</IsVisible>
			<Health>1000</Health>
			<IsOnFire>false</IsOnFire>
			<IsInvincible>true</IsInvincible>
			<IsBulletProof>false</IsBulletProof>
			<IsCollisionProof>false</IsCollisionProof>
			<IsExplosionProof>false</IsExplosionProof>
			<IsFireProof>false</IsFireProof>
			<IsMeleeProof>false</IsMeleeProof>
			<IsOnlyDamagedByPlayer>false</IsOnlyDamagedByPlayer>
			<PositionRotation>
				<X>856.711304</X>
				<Y>6478.36426</Y>
				<Z>21.7779198</Z>
				<Pitch>40.7536278</Pitch>
				<Roll>1.83882892</Roll>
				<Yaw>83.5894547</Yaw>
			</PositionRotation>
			<Attachment isAttached="true">
				<AttachedTo>VEHICLE</AttachedTo>
				<BoneIndex>0</BoneIndex>
				<X>0.649999678</X>
				<Y>-3.19000125</Y>
				<Z>0.0599999949</Z>
				<Pitch>39.9999962</Pitch>
				<Roll>0</Roll>
				<Yaw>179.999985</Yaw>
			</Attachment>
		</Attachment>
		<Attachment>
			<ModelHash>0xedcdbe97</ModelHash>
			<Type>3</Type>
			<Dynamic>false</Dynamic>
			<HashName>prop_ld_rubble_02</HashName>
			<InitialHandle>376578</InitialHandle>
			<OpacityLevel>255</OpacityLevel>
			<LodDistance>16960</LodDistance>
			<IsVisible>true</IsVisible>
			<Health>1000</Health>
			<IsOnFire>false</IsOnFire>
			<IsInvincible>true</IsInvincible>
			<IsBulletProof>false</IsBulletProof>
			<IsCollisionProof>false</IsCollisionProof>
			<IsExplosionProof>false</IsExplosionProof>
			<IsFireProof>false</IsFireProof>
			<IsMeleeProof>false</IsMeleeProof>
			<IsOnlyDamagedByPlayer>false</IsOnlyDamagedByPlayer>
			<PositionRotation>
				<X>856.427979</X>
				<Y>6479.47803</Y>
				<Z>21.5066147</Z>
				<Pitch>-49.212162</Pitch>
				<Roll>-177.867554</Roll>
				<Yaw>86.4049759</Yaw>
			</PositionRotation>
			<Attachment isAttached="true">
				<AttachedTo>VEHICLE</AttachedTo>
				<BoneIndex>48</BoneIndex>
				<X>-0.439999878</X>
				<Y>-3.56999898</Y>
				<Z>-0.189999998</Z>
				<Pitch>-129.999985</Pitch>
				<Roll>0</Roll>
				<Yaw>0</Yaw>
			</Attachment>
		</Attachment>
		<Attachment>
			<ModelHash>0x2fd800b7</ModelHash>
			<Type>1</Type>
			<Dynamic>true</Dynamic>
			<HashName>Fish</HashName>
			<InitialHandle>376834</InitialHandle>
			<PedProperties>
				<IsStill>true</IsStill>
				<CurrentWeapon>0xf9fbaebe</CurrentWeapon>
				<PedProps>
					<_0>-1,-1</_0>
					<_1>-1,-1</_1>
					<_2>-1,-1</_2>
					<_3>-1,-1</_3>
					<_4>-1,-1</_4>
					<_5>-1,-1</_5>
					<_6>-1,-1</_6>
					<_7>-1,-1</_7>
					<_8>-1,-1</_8>
					<_9>-1,-1</_9>
				</PedProps>
				<PedComps>
					<_0>2,2</_0>
					<_1>0,0</_1>
					<_2>0,0</_2>
					<_3>0,0</_3>
					<_4>0,0</_4>
					<_5>0,0</_5>
					<_6>0,0</_6>
					<_7>0,0</_7>
					<_8>0,0</_8>
					<_9>0,0</_9>
					<_10>0,0</_10>
					<_11>0,0</_11>
				</PedComps>
				<RelationshipGroupAltered>false</RelationshipGroupAltered>
				<RelationshipGroup>0xfade4843</RelationshipGroup>
				<ScenarioActive>false</ScenarioActive>
				<AnimActive>false</AnimActive>
				<PtfxLopAsset>scr_paletoscore</PtfxLopAsset>
				<PtfxLopEffect>scr_paleto_banknotes</PtfxLopEffect>
			</PedProperties>
			<OpacityLevel>255</OpacityLevel>
			<LodDistance>16960</LodDistance>
			<IsVisible>false</IsVisible>
			<Health>0</Health>
			<IsOnFire>false</IsOnFire>
			<IsInvincible>true</IsInvincible>
			<IsBulletProof>false</IsBulletProof>
			<IsCollisionProof>true</IsCollisionProof>
			<IsExplosionProof>false</IsExplosionProof>
			<IsFireProof>false</IsFireProof>
			<IsMeleeProof>false</IsMeleeProof>
			<IsOnlyDamagedByPlayer>false</IsOnlyDamagedByPlayer>
			<PositionRotation>
				<X>856.472961</X>
				<Y>6479.16846</Y>
				<Z>21.7331276</Z>
				<Pitch>-0.768000364</Pitch>
				<Roll>-1.39297962</Roll>
				<Yaw>-95.2285767</Yaw>
			</PositionRotation>
			<Attachment isAttached="true">
				<AttachedTo>VEHICLE</AttachedTo>
				<BoneIndex>0</BoneIndex>
				<X>-0.13000001</X>
				<Y>-3.49999905</Y>
				<Z>0.0299999844</Z>
				<Pitch>0</Pitch>
				<Roll>0</Roll>
				<Yaw>-2.86102295e-005</Yaw>
			</Attachment>
		</Attachment>
		<Attachment>
			<ModelHash>0x2fd800b7</ModelHash>
			<Type>1</Type>
			<Dynamic>true</Dynamic>
			<HashName>Fish</HashName>
			<InitialHandle>377090</InitialHandle>
			<PedProperties>
				<IsStill>true</IsStill>
				<CurrentWeapon>0xf9fbaebe</CurrentWeapon>
				<PedProps>
					<_0>-1,-1</_0>
					<_1>-1,-1</_1>
					<_2>-1,-1</_2>
					<_3>-1,-1</_3>
					<_4>-1,-1</_4>
					<_5>-1,-1</_5>
					<_6>-1,-1</_6>
					<_7>-1,-1</_7>
					<_8>-1,-1</_8>
					<_9>-1,-1</_9>
				</PedProps>
				<PedComps>
					<_0>1,0</_0>
					<_1>0,0</_1>
					<_2>0,0</_2>
					<_3>0,0</_3>
					<_4>0,0</_4>
					<_5>0,0</_5>
					<_6>0,0</_6>
					<_7>0,0</_7>
					<_8>0,0</_8>
					<_9>0,0</_9>
					<_10>0,0</_10>
					<_11>0,0</_11>
				</PedComps>
				<RelationshipGroupAltered>false</RelationshipGroupAltered>
				<RelationshipGroup>0xfade4843</RelationshipGroup>
				<ScenarioActive>false</ScenarioActive>
				<AnimActive>false</AnimActive>
				<PtfxLopAsset>scr_paletoscore</PtfxLopAsset>
				<PtfxLopEffect>scr_paleto_banknotes</PtfxLopEffect>
			</PedProperties>
			<OpacityLevel>255</OpacityLevel>
			<LodDistance>16960</LodDistance>
			<IsVisible>false</IsVisible>
			<Health>0</Health>
			<IsOnFire>false</IsOnFire>
			<IsInvincible>true</IsInvincible>
			<IsBulletProof>false</IsBulletProof>
			<IsCollisionProof>true</IsCollisionProof>
			<IsExplosionProof>false</IsExplosionProof>
			<IsFireProof>false</IsFireProof>
			<IsMeleeProof>false</IsMeleeProof>
			<IsOnlyDamagedByPlayer>false</IsOnlyDamagedByPlayer>
			<PositionRotation>
				<X>856.472961</X>
				<Y>6479.16846</Y>
				<Z>21.7331276</Z>
				<Pitch>-0.76800102</Pitch>
				<Roll>-1.39297926</Roll>
				<Yaw>-95.2285461</Yaw>
			</PositionRotation>
			<Attachment isAttached="true">
				<AttachedTo>VEHICLE</AttachedTo>
				<BoneIndex>0</BoneIndex>
				<X>-0.13000001</X>
				<Y>-3.49999905</Y>
				<Z>0.0299999844</Z>
				<Pitch>0</Pitch>
				<Roll>0</Roll>
				<Yaw>0</Yaw>
			</Attachment>
		</Attachment>
		<Attachment>
			<ModelHash>0x2fd800b7</ModelHash>
			<Type>1</Type>
			<Dynamic>true</Dynamic>
			<HashName>Fish</HashName>
			<InitialHandle>377346</InitialHandle>
			<PedProperties>
				<IsStill>true</IsStill>
				<CurrentWeapon>0xf9fbaebe</CurrentWeapon>
				<PedProps>
					<_0>-1,-1</_0>
					<_1>-1,-1</_1>
					<_2>-1,-1</_2>
					<_3>-1,-1</_3>
					<_4>-1,-1</_4>
					<_5>-1,-1</_5>
					<_6>-1,-1</_6>
					<_7>-1,-1</_7>
					<_8>-1,-1</_8>
					<_9>-1,-1</_9>
				</PedProps>
				<PedComps>
					<_0>0,2</_0>
					<_1>0,0</_1>
					<_2>0,0</_2>
					<_3>0,0</_3>
					<_4>0,0</_4>
					<_5>0,0</_5>
					<_6>0,0</_6>
					<_7>0,0</_7>
					<_8>0,0</_8>
					<_9>0,0</_9>
					<_10>0,0</_10>
					<_11>0,0</_11>
				</PedComps>
				<RelationshipGroupAltered>false</RelationshipGroupAltered>
				<RelationshipGroup>0xfade4843</RelationshipGroup>
				<ScenarioActive>false</ScenarioActive>
				<AnimActive>false</AnimActive>
				<PtfxLopAsset>scr_paletoscore</PtfxLopAsset>
				<PtfxLopEffect>scr_paleto_banknotes</PtfxLopEffect>
			</PedProperties>
			<OpacityLevel>255</OpacityLevel>
			<LodDistance>16960</LodDistance>
			<IsVisible>false</IsVisible>
			<Health>0</Health>
			<IsOnFire>false</IsOnFire>
			<IsInvincible>true</IsInvincible>
			<IsBulletProof>false</IsBulletProof>
			<IsCollisionProof>false</IsCollisionProof>
			<IsExplosionProof>false</IsExplosionProof>
			<IsFireProof>false</IsFireProof>
			<IsMeleeProof>false</IsMeleeProof>
			<IsOnlyDamagedByPlayer>false</IsOnlyDamagedByPlayer>
			<PositionRotation>
				<X>856.472961</X>
				<Y>6479.16846</Y>
				<Z>21.7331276</Z>
				<Pitch>-0.76800102</Pitch>
				<Roll>-1.39297926</Roll>
				<Yaw>-95.2285461</Yaw>
			</PositionRotation>
			<Attachment isAttached="true">
				<AttachedTo>VEHICLE</AttachedTo>
				<BoneIndex>0</BoneIndex>
				<X>-0.12999998</X>
				<Y>-3.49999881</Y>
				<Z>0.0299999993</Z>
				<Pitch>0</Pitch>
				<Roll>0</Roll>
				<Yaw>0</Yaw>
			</Attachment>
		</Attachment>
		<Attachment>
			<ModelHash>0xedcdbe97</ModelHash>
			<Type>3</Type>
			<Dynamic>false</Dynamic>
			<HashName>prop_ld_rubble_02</HashName>
			<InitialHandle>69892</InitialHandle>
			<OpacityLevel>255</OpacityLevel>
			<LodDistance>16960</LodDistance>
			<IsVisible>true</IsVisible>
			<Health>1000</Health>
			<IsOnFire>false</IsOnFire>
			<IsInvincible>true</IsInvincible>
			<IsBulletProof>false</IsBulletProof>
			<IsCollisionProof>false</IsCollisionProof>
			<IsExplosionProof>false</IsExplosionProof>
			<IsFireProof>false</IsFireProof>
			<IsMeleeProof>false</IsMeleeProof>
			<IsOnlyDamagedByPlayer>false</IsOnlyDamagedByPlayer>
			<PositionRotation>
				<X>856.621521</X>
				<Y>6478.42383</Y>
				<Z>21.4178066</Z>
				<Pitch>8.58038807</Pitch>
				<Roll>-56.2729301</Roll>
				<Yaw>-7.33660698</Yaw>
			</PositionRotation>
			<Attachment isAttached="true">
				<AttachedTo>VEHICLE</AttachedTo>
				<BoneIndex>48</BoneIndex>
				<X>0.589999795</X>
				<Y>-3.28000045</Y>
				<Z>-0.299999982</Z>
				<Pitch>9.99999619</Pitch>
				<Roll>-56.9999924</Roll>
				<Yaw>87.9999924</Yaw>
			</Attachment>
		</Attachment>
		<Attachment>
			<ModelHash>0xdb8f1a1a</ModelHash>
			<Type>3</Type>
			<Dynamic>false</Dynamic>
			<HashName>prop_ld_rubble_03</HashName>
			<InitialHandle>192773</InitialHandle>
			<OpacityLevel>255</OpacityLevel>
			<LodDistance>16960</LodDistance>
			<IsVisible>true</IsVisible>
			<Health>1000</Health>
			<IsOnFire>false</IsOnFire>
			<IsInvincible>true</IsInvincible>
			<IsBulletProof>false</IsBulletProof>
			<IsCollisionProof>false</IsCollisionProof>
			<IsExplosionProof>false</IsExplosionProof>
			<IsFireProof>false</IsFireProof>
			<IsMeleeProof>false</IsMeleeProof>
			<IsOnlyDamagedByPlayer>false</IsOnlyDamagedByPlayer>
			<PositionRotation>
				<X>856.513062</X>
				<Y>6478.3252</Y>
				<Z>21.4917946</Z>
				<Pitch>59.2033386</Pitch>
				<Roll>-2.72121263</Roll>
				<Yaw>-92.8719177</Yaw>
			</PositionRotation>
			<Attachment isAttached="true">
				<AttachedTo>VEHICLE</AttachedTo>
				<BoneIndex>0</BoneIndex>
				<X>0.699999928</X>
				<Y>-3.37999916</Y>
				<Z>-0.230000019</Z>
				<Pitch>59.9999962</Pitch>
				<Roll>0</Roll>
				<Yaw>0</Yaw>
			</Attachment>
		</Attachment>
	</SpoonerAttachments>
</Vehicle>
