<?xml version="1.0" encoding="ISO-8859-1"?>
<Vehicle menyoo_ver="1.8.1">
	<ModelHash>0xbcde91f0</ModelHash>
	<InitialHandle>320514</InitialHandle>
	<VehicleProperties>
		<Colours>
			<Primary>42</Primary>
			<Secondary>28</Secondary>
			<Pearl>88</Pearl>
			<Rim>88</Rim>
			<Mod1_a>7</Mod1_a>
			<Mod1_b>-1</Mod1_b>
			<Mod1_c>-1</Mod1_c>
			<Mod2_a>7</Mod2_a>
			<Mod2_b>-1</Mod2_b>
			<IsPrimaryColourCustom>false</IsPrimaryColourCustom>
			<IsSecondaryColourCustom>false</IsSecondaryColourCustom>
			<tyreSmoke_R>255</tyreSmoke_R>
			<tyreSmoke_G>255</tyreSmoke_G>
			<tyreSmoke_B>255</tyreSmoke_B>
			<LrInterior>88</LrInterior>
			<LrDashboard>37</LrDashboard>
			<LrXenonHeadlights>255</LrXenonHeadlights>
		</Colours>
		<Livery>-1</Livery>
		<NumberPlateText> VAGOS  </NumberPlateText>
		<NumberPlateIndex>1</NumberPlateIndex>
		<WheelType>2</WheelType>
		<WheelsInvisible>false</WheelsInvisible>
		<EngineSoundName></EngineSoundName>
		<WindowTint>1</WindowTint>
		<BulletProofTyres>false</BulletProofTyres>
		<DirtLevel>6.34941292</DirtLevel>
		<PaintFade>0</PaintFade>
		<RoofState>0</RoofState>
		<SirenActive>false</SirenActive>
		<EngineOn>true</EngineOn>
		<EngineHealth>2000</EngineHealth>
		<LightsOn>true</LightsOn>
		<IsRadioLoud>0</IsRadioLoud>
		<LockStatus>1</LockStatus>
		<Neons>
			<Left>true</Left>
			<Right>true</Right>
			<Front>true</Front>
			<Back>true</Back>
			<R>255</R>
			<G>255</G>
			<B>0</B>
		</Neons>
		<ModExtras />
		<Mods>
			<_0>0,0</_0>
			<_1>-1,0</_1>
			<_2>-1,0</_2>
			<_3>-1,0</_3>
			<_4>0,0</_4>
			<_5>-1,0</_5>
			<_6>0,0</_6>
			<_7>-1,0</_7>
			<_8>-1,0</_8>
			<_9>-1,0</_9>
			<_10>2,0</_10>
			<_11>3,0</_11>
			<_12>2,0</_12>
			<_13>2,0</_13>
			<_14>44,0</_14>
			<_15>-1,0</_15>
			<_16>4,0</_16>
			<_17>false</_17>
			<_18>true</_18>
			<_19>false</_19>
			<_20>true</_20>
			<_21>false</_21>
			<_22>false</_22>
			<_23>11,0</_23>
			<_24>-1,0</_24>
			<_25>9,0</_25>
			<_26>8,0</_26>
			<_27>3,0</_27>
			<_28>15,0</_28>
			<_29>-1,0</_29>
			<_30>13,0</_30>
			<_31>4,0</_31>
			<_32>0,0</_32>
			<_33>12,0</_33>
			<_34>13,0</_34>
			<_35>17,0</_35>
			<_36>-1,0</_36>
			<_37>8,0</_37>
			<_38>3,0</_38>
			<_39>3,0</_39>
			<_40>2,0</_40>
			<_41>-1,0</_41>
			<_42>-1,0</_42>
			<_43>-1,0</_43>
			<_44>-1,0</_44>
			<_45>-1,0</_45>
			<_46>-1,0</_46>
			<_47>-1,0</_47>
			<_48>8,0</_48>
		</Mods>
		<DoorsOpen>
			<BackLeftDoor>false</BackLeftDoor>
			<BackRightDoor>false</BackRightDoor>
			<FrontLeftDoor>false</FrontLeftDoor>
			<FrontRightDoor>false</FrontRightDoor>
			<Hood>false</Hood>
			<Trunk>false</Trunk>
			<Trunk2>false</Trunk2>
		</DoorsOpen>
		<DoorsBroken>
			<BackLeftDoor>false</BackLeftDoor>
			<BackRightDoor>false</BackRightDoor>
			<FrontLeftDoor>false</FrontLeftDoor>
			<FrontRightDoor>false</FrontRightDoor>
			<Hood>false</Hood>
			<Trunk>false</Trunk>
			<Trunk2>false</Trunk2>
		</DoorsBroken>
		<TyresBursted>
			<FrontLeft>false</FrontLeft>
			<FrontRight>false</FrontRight>
			<_2>false</_2>
			<_3>false</_3>
			<BackLeft>false</BackLeft>
			<BackRight>false</BackRight>
			<_6>false</_6>
			<_7>false</_7>
			<_8>false</_8>
		</TyresBursted>
		<MaxSpeed>98.8888931</MaxSpeed>
		<HeadlightIntensity>10</HeadlightIntensity>
	</VehicleProperties>
	<OpacityLevel>255</OpacityLevel>
	<LodDistance>500</LodDistance>
	<IsVisible>true</IsVisible>
	<IsDriverVisible>true</IsDriverVisible>
	<MaxHealth>1000</MaxHealth>
	<Health>1000</Health>
	<HasGravity>true</HasGravity>
	<IsOnFire>false</IsOnFire>
	<IsInvincible>false</IsInvincible>
	<IsBulletProof>false</IsBulletProof>
	<IsExplosionProof>false</IsExplosionProof>
	<IsFireProof>false</IsFireProof>
	<IsMeleeProof>false</IsMeleeProof>
	<IsOnlyDamagedByPlayer>false</IsOnlyDamagedByPlayer>
	<SpoonerAttachments SetAttachmentsPersistentAndAddToSpoonerDatabase="false" StartTaskSequencesOnLoad="true" />
</Vehicle>
