<?xml version="1.0" encoding="ISO-8859-1"?>
<Vehicle menyoo_ver="1.8.1">
	<ModelHash>0x38408341</ModelHash>
	<InitialHandle>672277</InitialHandle>
	<VehicleProperties>
		<Colours>
			<Primary>55</Primary>
			<Secondary>12</Secondary>
			<Pearl>0</Pearl>
			<Rim>156</Rim>
			<Mod1_a>7</Mod1_a>
			<Mod1_b>-1</Mod1_b>
			<Mod1_c>-1</Mod1_c>
			<Mod2_a>7</Mod2_a>
			<Mod2_b>-1</Mod2_b>
			<IsPrimaryColourCustom>false</IsPrimaryColourCustom>
			<IsSecondaryColourCustom>false</IsSecondaryColourCustom>
			<tyreSmoke_R>255</tyreSmoke_R>
			<tyreSmoke_G>255</tyreSmoke_G>
			<tyreSmoke_B>255</tyreSmoke_B>
			<LrInterior>0</LrInterior>
			<LrDashboard>0</LrDashboard>
			<LrXenonHeadlights>255</LrXenonHeadlights>
		</Colours>
		<Livery>-1</Livery>
		<NumberPlateText>WEED MAN</NumberPlateText>
		<NumberPlateIndex>1</NumberPlateIndex>
		<WheelType>1</WheelType>
		<WheelsInvisible>false</WheelsInvisible>
		<EngineSoundName>COQUETTE4</EngineSoundName>
		<WindowTint>1</WindowTint>
		<BulletProofTyres>true</BulletProofTyres>
		<DirtLevel>0.0915856883</DirtLevel>
		<PaintFade>0</PaintFade>
		<RoofState>0</RoofState>
		<SirenActive>false</SirenActive>
		<EngineOn>true</EngineOn>
		<EngineHealth>1250</EngineHealth>
		<LightsOn>true</LightsOn>
		<IsRadioLoud>0</IsRadioLoud>
		<LockStatus>0</LockStatus>
		<Neons>
			<Left>true</Left>
			<Right>true</Right>
			<Front>true</Front>
			<Back>true</Back>
			<R>94</R>
			<G>255</G>
			<B>1</B>
		</Neons>
		<ModExtras>
			<_1>true</_1>
			<_2>false</_2>
		</ModExtras>
		<Mods>
			<_0>-1,0</_0>
			<_1>-1,0</_1>
			<_2>-1,0</_2>
			<_3>-1,0</_3>
			<_4>-1,0</_4>
			<_5>-1,0</_5>
			<_6>-1,0</_6>
			<_7>-1,0</_7>
			<_8>-1,0</_8>
			<_9>-1,0</_9>
			<_10>-1,0</_10>
			<_11>3,0</_11>
			<_12>2,0</_12>
			<_13>2,0</_13>
			<_14>-1,0</_14>
			<_15>3,0</_15>
			<_16>-1,0</_16>
			<_17>false</_17>
			<_18>true</_18>
			<_19>false</_19>
			<_20>false</_20>
			<_21>false</_21>
			<_22>false</_22>
			<_23>-1,0</_23>
			<_24>-1,0</_24>
			<_25>-1,0</_25>
			<_26>-1,0</_26>
			<_27>-1,0</_27>
			<_28>-1,0</_28>
			<_29>-1,0</_29>
			<_30>-1,0</_30>
			<_31>-1,0</_31>
			<_32>-1,0</_32>
			<_33>-1,0</_33>
			<_34>-1,0</_34>
			<_35>-1,0</_35>
			<_36>-1,0</_36>
			<_37>-1,0</_37>
			<_38>-1,0</_38>
			<_39>-1,0</_39>
			<_40>-1,0</_40>
			<_41>-1,0</_41>
			<_42>-1,0</_42>
			<_43>-1,0</_43>
			<_44>-1,0</_44>
			<_45>-1,0</_45>
			<_46>-1,0</_46>
			<_47>-1,0</_47>
			<_48>-1,0</_48>
		</Mods>
		<DoorsOpen>
			<BackLeftDoor>false</BackLeftDoor>
			<BackRightDoor>false</BackRightDoor>
			<FrontLeftDoor>false</FrontLeftDoor>
			<FrontRightDoor>false</FrontRightDoor>
			<Hood>false</Hood>
			<Trunk>false</Trunk>
			<Trunk2>false</Trunk2>
		</DoorsOpen>
		<DoorsBroken>
			<BackLeftDoor>false</BackLeftDoor>
			<BackRightDoor>false</BackRightDoor>
			<FrontLeftDoor>false</FrontLeftDoor>
			<FrontRightDoor>false</FrontRightDoor>
			<Hood>false</Hood>
			<Trunk>false</Trunk>
			<Trunk2>false</Trunk2>
		</DoorsBroken>
		<TyresBursted>
			<FrontLeft>false</FrontLeft>
			<FrontRight>false</FrontRight>
			<_2>false</_2>
			<_3>false</_3>
			<BackLeft>false</BackLeft>
			<BackRight>false</BackRight>
			<_6>false</_6>
			<_7>false</_7>
			<_8>false</_8>
		</TyresBursted>
		<RpmMultiplier>3.79999852</RpmMultiplier>
		<TorqueMultiplier>7.89999485</TorqueMultiplier>
		<MaxSpeed>85.8362122</MaxSpeed>
	</VehicleProperties>
	<OpacityLevel>255</OpacityLevel>
	<LodDistance>500</LodDistance>
	<IsVisible>true</IsVisible>
	<IsDriverVisible>true</IsDriverVisible>
	<MaxHealth>1000</MaxHealth>
	<Health>1000</Health>
	<HasGravity>true</HasGravity>
	<IsOnFire>false</IsOnFire>
	<IsInvincible>true</IsInvincible>
	<IsBulletProof>true</IsBulletProof>
	<IsExplosionProof>true</IsExplosionProof>
	<IsFireProof>false</IsFireProof>
	<IsMeleeProof>true</IsMeleeProof>
	<IsOnlyDamagedByPlayer>false</IsOnlyDamagedByPlayer>
	<SpoonerAttachments SetAttachmentsPersistentAndAddToSpoonerDatabase="false" StartTaskSequencesOnLoad="true">
		<Attachment>
			<ModelHash>0xc64ae8a2</ModelHash>
			<Type>3</Type>
			<Dynamic>false</Dynamic>
			<FrozenPos>true</FrozenPos>
			<HashName>prop_speaker_01</HashName>
			<InitialHandle>59911</InitialHandle>
			<ObjectProperties>
				<TextureVariation>0</TextureVariation>
			</ObjectProperties>
			<OpacityLevel>255</OpacityLevel>
			<LodDistance>16960</LodDistance>
			<IsVisible>true</IsVisible>
			<MaxHealth>1000</MaxHealth>
			<Health>1000</Health>
			<HasGravity>true</HasGravity>
			<IsOnFire>false</IsOnFire>
			<IsInvincible>false</IsInvincible>
			<IsBulletProof>false</IsBulletProof>
			<IsCollisionProof>false</IsCollisionProof>
			<IsExplosionProof>false</IsExplosionProof>
			<IsFireProof>false</IsFireProof>
			<IsMeleeProof>false</IsMeleeProof>
			<IsOnlyDamagedByPlayer>false</IsOnlyDamagedByPlayer>
			<PositionRotation>
				<X>2122.93896</X>
				<Y>3272.67163</Y>
				<Z>45.000721</Z>
				<Pitch>3.16934395</Pitch>
				<Roll>-1.19868124</Roll>
				<Yaw>-108.812592</Yaw>
			</PositionRotation>
			<Attachment isAttached="true">
				<AttachedTo>672277</AttachedTo>
				<BoneIndex>0</BoneIndex>
				<X>1.13584089</X>
				<Y>-0.0144887902</Y>
				<Z>-0.78553623</Z>
				<Pitch>3.08279824</Pitch>
				<Roll>-0.706474841</Roll>
				<Yaw>-183.652863</Yaw>
			</Attachment>
		</Attachment>
		<Attachment>
			<ModelHash>0xc64ae8a2</ModelHash>
			<Type>3</Type>
			<Dynamic>false</Dynamic>
			<FrozenPos>true</FrozenPos>
			<HashName>prop_speaker_01</HashName>
			<InitialHandle>116506</InitialHandle>
			<ObjectProperties>
				<TextureVariation>0</TextureVariation>
			</ObjectProperties>
			<OpacityLevel>255</OpacityLevel>
			<LodDistance>16960</LodDistance>
			<IsVisible>true</IsVisible>
			<MaxHealth>1000</MaxHealth>
			<Health>1000</Health>
			<HasGravity>true</HasGravity>
			<IsOnFire>false</IsOnFire>
			<IsInvincible>false</IsInvincible>
			<IsBulletProof>false</IsBulletProof>
			<IsCollisionProof>false</IsCollisionProof>
			<IsExplosionProof>false</IsExplosionProof>
			<IsFireProof>false</IsFireProof>
			<IsMeleeProof>false</IsMeleeProof>
			<IsOnlyDamagedByPlayer>false</IsOnlyDamagedByPlayer>
			<PositionRotation>
				<X>2122.2998</X>
				<Y>3270.41211</Y>
				<Z>45.0247269</Z>
				<Pitch>3.0999887</Pitch>
				<Roll>-1.14994586</Roll>
				<Yaw>-102.94342</Yaw>
			</PositionRotation>
			<Attachment isAttached="true">
				<AttachedTo>672277</AttachedTo>
				<BoneIndex>0</BoneIndex>
				<X>-1.21227908</X>
				<Y>0.0102670435</Y>
				<Z>-0.781835258</Z>
				<Pitch>3.06415415</Pitch>
				<Roll>-0.651477277</Roll>
				<Yaw>-177.783646</Yaw>
			</Attachment>
		</Attachment>
		<Attachment>
			<ModelHash>0x3a12a4ba</ModelHash>
			<Type>3</Type>
			<Dynamic>false</Dynamic>
			<FrozenPos>true</FrozenPos>
			<HashName>prop_protest_table_01</HashName>
			<InitialHandle>94750</InitialHandle>
			<ObjectProperties>
				<TextureVariation>0</TextureVariation>
			</ObjectProperties>
			<OpacityLevel>255</OpacityLevel>
			<LodDistance>16960</LodDistance>
			<IsVisible>true</IsVisible>
			<MaxHealth>1000</MaxHealth>
			<Health>1000</Health>
			<HasGravity>true</HasGravity>
			<IsOnFire>false</IsOnFire>
			<IsInvincible>false</IsInvincible>
			<IsBulletProof>false</IsBulletProof>
			<IsCollisionProof>false</IsCollisionProof>
			<IsExplosionProof>false</IsExplosionProof>
			<IsFireProof>false</IsFireProof>
			<IsMeleeProof>false</IsMeleeProof>
			<IsOnlyDamagedByPlayer>false</IsOnlyDamagedByPlayer>
			<PositionRotation>
				<X>2123.60522</X>
				<Y>3271.89722</Y>
				<Z>46.9405365</Z>
				<Pitch>3.57599401</Pitch>
				<Roll>-0.630215466</Roll>
				<Yaw>162.384125</Yaw>
			</PositionRotation>
			<Attachment isAttached="true">
				<AttachedTo>672277</AttachedTo>
				<BoneIndex>0</BoneIndex>
				<X>0.546487629</X>
				<Y>-0.862220526</Y>
				<Z>1.14843321</Z>
				<Pitch>3.08279824</Pitch>
				<Roll>-0.706472874</Roll>
				<Yaw>-272.424866</Yaw>
			</Attachment>
		</Attachment>
		<Attachment>
			<ModelHash>0x3a12a4ba</ModelHash>
			<Type>3</Type>
			<Dynamic>false</Dynamic>
			<FrozenPos>true</FrozenPos>
			<HashName>prop_protest_table_01</HashName>
			<InitialHandle>601117</InitialHandle>
			<ObjectProperties>
				<TextureVariation>0</TextureVariation>
			</ObjectProperties>
			<OpacityLevel>255</OpacityLevel>
			<LodDistance>16960</LodDistance>
			<IsVisible>true</IsVisible>
			<MaxHealth>1000</MaxHealth>
			<Health>1000</Health>
			<HasGravity>true</HasGravity>
			<IsOnFire>false</IsOnFire>
			<IsInvincible>false</IsInvincible>
			<IsBulletProof>false</IsBulletProof>
			<IsCollisionProof>false</IsCollisionProof>
			<IsExplosionProof>false</IsExplosionProof>
			<IsFireProof>false</IsFireProof>
			<IsMeleeProof>false</IsMeleeProof>
			<IsOnlyDamagedByPlayer>false</IsOnlyDamagedByPlayer>
			<PositionRotation>
				<X>2123.31812</X>
				<Y>3270.79272</Y>
				<Z>46.9240494</Z>
				<Pitch>2.59187675</Pitch>
				<Roll>-0.796209276</Roll>
				<Yaw>-19.1834927</Yaw>
			</PositionRotation>
			<Attachment isAttached="true">
				<AttachedTo>672277</AttachedTo>
				<BoneIndex>0</BoneIndex>
				<X>-0.594547927</X>
				<Y>-0.874603033</Y>
				<Z>1.12205601</Z>
				<Pitch>3.08279824</Pitch>
				<Roll>-0.706469536</Roll>
				<Yaw>-94.001358</Yaw>
			</Attachment>
		</Attachment>
		<Attachment>
			<ModelHash>0x6738be12</ModelHash>
			<Type>3</Type>
			<Dynamic>false</Dynamic>
			<FrozenPos>true</FrozenPos>
			<HashName>prop_disp_cabinet_002</HashName>
			<InitialHandle>256033</InitialHandle>
			<ObjectProperties>
				<TextureVariation>0</TextureVariation>
			</ObjectProperties>
			<OpacityLevel>255</OpacityLevel>
			<LodDistance>16960</LodDistance>
			<IsVisible>true</IsVisible>
			<MaxHealth>1000</MaxHealth>
			<Health>1000</Health>
			<HasGravity>true</HasGravity>
			<IsOnFire>false</IsOnFire>
			<IsInvincible>false</IsInvincible>
			<IsBulletProof>false</IsBulletProof>
			<IsCollisionProof>false</IsCollisionProof>
			<IsExplosionProof>false</IsExplosionProof>
			<IsFireProof>false</IsFireProof>
			<IsMeleeProof>false</IsMeleeProof>
			<IsOnlyDamagedByPlayer>false</IsOnlyDamagedByPlayer>
			<PositionRotation>
				<X>2122.39111</X>
				<Y>3271.61157</Y>
				<Z>47.0376663</Z>
				<Pitch>3.14043641</Pitch>
				<Roll>-0.582901478</Roll>
				<Yaw>-105.457924</Yaw>
			</PositionRotation>
			<Attachment isAttached="true">
				<AttachedTo>672277</AttachedTo>
				<BoneIndex>0</BoneIndex>
				<X>-0.0481002778</X>
				<Y>0.234517902</Y>
				<Z>1.24147463</Z>
				<Pitch>3.08279824</Pitch>
				<Roll>-0.0864732414</Roll>
				<Yaw>179.701706</Yaw>
			</Attachment>
		</Attachment>
		<Attachment>
			<ModelHash>0xdf007c62</ModelHash>
			<Type>3</Type>
			<Dynamic>false</Dynamic>
			<FrozenPos>true</FrozenPos>
			<HashName>hei_prop_heist_weed_pallet</HashName>
			<InitialHandle>510241</InitialHandle>
			<ObjectProperties>
				<TextureVariation>0</TextureVariation>
			</ObjectProperties>
			<OpacityLevel>255</OpacityLevel>
			<LodDistance>16960</LodDistance>
			<IsVisible>true</IsVisible>
			<MaxHealth>1000</MaxHealth>
			<Health>1000</Health>
			<HasGravity>true</HasGravity>
			<IsOnFire>false</IsOnFire>
			<IsInvincible>false</IsInvincible>
			<IsBulletProof>false</IsBulletProof>
			<IsCollisionProof>false</IsCollisionProof>
			<IsExplosionProof>false</IsExplosionProof>
			<IsFireProof>false</IsFireProof>
			<IsMeleeProof>false</IsMeleeProof>
			<IsOnlyDamagedByPlayer>false</IsOnlyDamagedByPlayer>
			<PositionRotation>
				<X>2123.34521</X>
				<Y>3271.39526</Y>
				<Z>47.2198448</Z>
				<Pitch>-0.00301961042</Pitch>
				<Roll>-0.619965434</Roll>
				<Yaw>-107.387474</Yaw>
			</PositionRotation>
			<Attachment isAttached="true">
				<AttachedTo>672277</AttachedTo>
				<BoneIndex>0</BoneIndex>
				<X>-0.00851261057</X>
				<Y>-0.74300015</Y>
				<Z>1.42306399</Z>
				<Pitch>-0.077199094</Pitch>
				<Roll>-0.126473233</Roll>
				<Yaw>-182.200562</Yaw>
			</Attachment>
		</Attachment>
		<Attachment>
			<ModelHash>0xedc48f9f</ModelHash>
			<Type>3</Type>
			<Dynamic>false</Dynamic>
			<FrozenPos>true</FrozenPos>
			<HashName>prop_weed_02</HashName>
			<InitialHandle>506154</InitialHandle>
			<ObjectProperties>
				<TextureVariation>0</TextureVariation>
			</ObjectProperties>
			<OpacityLevel>255</OpacityLevel>
			<LodDistance>16960</LodDistance>
			<IsVisible>true</IsVisible>
			<MaxHealth>1000</MaxHealth>
			<Health>1000</Health>
			<HasGravity>true</HasGravity>
			<IsOnFire>false</IsOnFire>
			<IsInvincible>false</IsInvincible>
			<IsBulletProof>false</IsBulletProof>
			<IsCollisionProof>false</IsCollisionProof>
			<IsExplosionProof>false</IsExplosionProof>
			<IsFireProof>false</IsFireProof>
			<IsMeleeProof>false</IsMeleeProof>
			<IsOnlyDamagedByPlayer>false</IsOnlyDamagedByPlayer>
			<PositionRotation>
				<X>2121.82007</X>
				<Y>3272.40771</Y>
				<Z>46.9205513</Z>
				<Pitch>2.99150085</Pitch>
				<Roll>-1.19777703</Roll>
				<Yaw>-88.2846375</Yaw>
			</PositionRotation>
			<Attachment isAttached="true">
				<AttachedTo>672277</AttachedTo>
				<BoneIndex>0</BoneIndex>
				<X>0.571650207</X>
				<Y>0.994363487</Y>
				<Z>1.13045406</Z>
				<Pitch>3.08279824</Pitch>
				<Roll>-0.706472874</Roll>
				<Yaw>-163.1241</Yaw>
			</Attachment>
		</Attachment>
		<Attachment>
			<ModelHash>0xedc48f9f</ModelHash>
			<Type>3</Type>
			<Dynamic>false</Dynamic>
			<FrozenPos>true</FrozenPos>
			<HashName>prop_weed_02</HashName>
			<InitialHandle>132396</InitialHandle>
			<ObjectProperties>
				<TextureVariation>0</TextureVariation>
			</ObjectProperties>
			<OpacityLevel>255</OpacityLevel>
			<LodDistance>16960</LodDistance>
			<IsVisible>true</IsVisible>
			<MaxHealth>1000</MaxHealth>
			<Health>1000</Health>
			<HasGravity>true</HasGravity>
			<IsOnFire>false</IsOnFire>
			<IsInvincible>false</IsInvincible>
			<IsBulletProof>false</IsBulletProof>
			<IsCollisionProof>false</IsCollisionProof>
			<IsExplosionProof>false</IsExplosionProof>
			<IsFireProof>false</IsFireProof>
			<IsMeleeProof>false</IsMeleeProof>
			<IsOnlyDamagedByPlayer>false</IsOnlyDamagedByPlayer>
			<PositionRotation>
				<X>2121.66699</X>
				<Y>3272.00732</Y>
				<Z>46.9597015</Z>
				<Pitch>3.08905172</Pitch>
				<Roll>-1.20619428</Roll>
				<Yaw>-99.5435944</Yaw>
			</PositionRotation>
			<Attachment isAttached="true">
				<AttachedTo>672277</AttachedTo>
				<BoneIndex>0</BoneIndex>
				<X>0.144683734</X>
				<Y>1.03707302</Y>
				<Z>1.16595078</Z>
				<Pitch>3.08279824</Pitch>
				<Roll>-0.706472874</Roll>
				<Yaw>-174.383926</Yaw>
			</Attachment>
		</Attachment>
		<Attachment>
			<ModelHash>0xedc48f9f</ModelHash>
			<Type>3</Type>
			<Dynamic>false</Dynamic>
			<FrozenPos>true</FrozenPos>
			<HashName>prop_weed_02</HashName>
			<InitialHandle>560171</InitialHandle>
			<ObjectProperties>
				<TextureVariation>0</TextureVariation>
			</ObjectProperties>
			<OpacityLevel>255</OpacityLevel>
			<LodDistance>16960</LodDistance>
			<IsVisible>true</IsVisible>
			<MaxHealth>1000</MaxHealth>
			<Health>1000</Health>
			<HasGravity>true</HasGravity>
			<IsOnFire>false</IsOnFire>
			<IsInvincible>false</IsInvincible>
			<IsBulletProof>false</IsBulletProof>
			<IsCollisionProof>false</IsCollisionProof>
			<IsExplosionProof>false</IsExplosionProof>
			<IsFireProof>false</IsFireProof>
			<IsMeleeProof>false</IsMeleeProof>
			<IsOnlyDamagedByPlayer>false</IsOnlyDamagedByPlayer>
			<PositionRotation>
				<X>2121.57593</X>
				<Y>3271.3562</Y>
				<Z>46.9357185</Z>
				<Pitch>3.24164772</Pitch>
				<Roll>-1.18027318</Roll>
				<Yaw>-117.38678</Yaw>
			</PositionRotation>
			<Attachment isAttached="true">
				<AttachedTo>672277</AttachedTo>
				<BoneIndex>0</BoneIndex>
				<X>-0.507368445</X>
				<Y>0.954528451</Y>
				<Z>1.13624156</Z>
				<Pitch>3.08279824</Pitch>
				<Roll>-0.706472874</Roll>
				<Yaw>-192.226334</Yaw>
			</Attachment>
		</Attachment>
		<Attachment>
			<ModelHash>0x1eeb7e4a</ModelHash>
			<Type>3</Type>
			<Dynamic>false</Dynamic>
			<FrozenPos>true</FrozenPos>
			<HashName>bkr_prop_weed_table_01a</HashName>
			<InitialHandle>289843</InitialHandle>
			<ObjectProperties>
				<TextureVariation>0</TextureVariation>
			</ObjectProperties>
			<OpacityLevel>255</OpacityLevel>
			<LodDistance>16960</LodDistance>
			<IsVisible>true</IsVisible>
			<MaxHealth>1000</MaxHealth>
			<Health>1000</Health>
			<HasGravity>true</HasGravity>
			<IsOnFire>false</IsOnFire>
			<IsInvincible>false</IsInvincible>
			<IsBulletProof>false</IsBulletProof>
			<IsCollisionProof>false</IsCollisionProof>
			<IsExplosionProof>false</IsExplosionProof>
			<IsFireProof>false</IsFireProof>
			<IsMeleeProof>false</IsMeleeProof>
			<IsOnlyDamagedByPlayer>false</IsOnlyDamagedByPlayer>
			<PositionRotation>
				<X>2120.58521</X>
				<Y>3272.11646</Y>
				<Z>45.4617615</Z>
				<Pitch>9.12724018</Pitch>
				<Roll>-1.20986867</Roll>
				<Yaw>-103.90847</Yaw>
			</PositionRotation>
			<Attachment isAttached="true">
				<AttachedTo>672277</AttachedTo>
				<BoneIndex>0</BoneIndex>
				<X>-0.0204395615</X>
				<Y>2.11124945</Y>
				<Z>-0.332440436</Z>
				<Pitch>9.082798</Pitch>
				<Roll>-0.706472874</Roll>
				<Yaw>-178.801559</Yaw>
			</Attachment>
		</Attachment>
	</SpoonerAttachments>
</Vehicle>
