<?xml version="1.0"?>
<Database>
	<BaseEntity>
		<Name>Vehicle --1278978750</Name>
		<Type>1</Type>
		<Hash>-1278978750</Hash>
		<EntityID>9971</EntityID>
		<Info>
			<Invincible>true</Invincible>
			<Invisible>false</Invisible>
			<Collision>true</Collision>
		</Info>
	</BaseEntity>
	<Entity>
		<Name>Ped -1556473961</Name>
		<Type>0</Type>
		<Hash>1556473961</Hash>
		<EntityID>553476</EntityID>
		<Info>
			<Invincible>true</Invincible>
			<Invisible>false</Invisible>
			<Bodyguard>false</Bodyguard>
			<Weapon>0</Weapon>
			<Collision>truetrue</Collision>
			<Attachment>
				<IsAdjustingOffsets>false</IsAdjustingOffsets>
				<IsAttached>true</IsAttached>
				<AttachedEntity>9971</AttachedEntity>
				<Bone>4</Bone>
				<XOffset>0</XOffset>
				<YOffset>0</YOffset>
				<ZOffset>0</ZOffset>
				<XRot>0</XRot>
				<YRot>0</YRot>
				<ZRot>0</ZRot>
				<RelativeOffsets>true</RelativeOffsets>
			</Attachment>
		</Info>
	</Entity>
	<Entity>
		<Name>Ped -1556473961</Name>
		<Type>0</Type>
		<Hash>1556473961</Hash>
		<EntityID>442662</EntityID>
		<Info>
			<Invincible>true</Invincible>
			<Invisible>false</Invisible>
			<Bodyguard>false</Bodyguard>
			<Weapon>0</Weapon>
			<Collision>true</Collision>
			<Attachment>
				<IsAdjustingOffsets>false</IsAdjustingOffsets>
				<IsAttached>true</IsAttached>
				<AttachedEntity>9971</AttachedEntity>
				<Bone>13</Bone>
				<XOffset>0</XOffset>
				<YOffset>0</YOffset>
				<ZOffset>0</ZOffset>
				<XRot>0</XRot>
				<YRot>0</YRot>
				<ZRot>0</ZRot>
				<RelativeOffsets>true</RelativeOffsets>
			</Attachment>
		</Info>
	</Entity>
</Database>
