<?xml version="1.0"?>
<Database>
	<BaseEntity>
		<Name>Ped --1679658797</Name>
		<Type>0</Type>
		<Hash>-1679658797</Hash>
		<EntityID>9880429</EntityID>
		<Info>
			<Invincible>true</Invincible>
			<Invisible>false</Invisible>
			<Bodyguard>false</Bodyguard>
			<Weapon>0</Weapon>
			<DisableTasks>true</DisableTasks>
			<Collision>true</Collision>
		</Info>
	</BaseEntity>
	<Entity>
		<Name>Object --1862019237</Name>
		<Type>2</Type>
		<Hash>-1862019237</Hash>
		<EntityID>8293854</EntityID>
		<Info>
			<Invincible>false</Invincible>
			<Invisible>false</Invisible>
			<Collision>true</Collision>
			<Attachment>
				<IsAdjustingOffsets>false</IsAdjustingOffsets>
				<IsAttached>true</IsAttached>
				<AttachedEntity>9880429</AttachedEntity>
				<Bone>0</Bone>
				<XOffset>0</XOffset>
				<YOffset>0</YOffset>
				<ZOffset>2.79999948</ZOffset>
				<XRot>38.9999771</XRot>
				<YRot>0</YRot>
				<ZRot>0</ZRot>
				<RelativeOffsets>true</RelativeOffsets>
			</Attachment>
		</Info>
	</Entity>
	<Entity>
		<Name>Object --1862019237</Name>
		<Type>2</Type>
		<Hash>-1862019237</Hash>
		<EntityID>1223681</EntityID>
		<Info>
			<Invincible>false</Invincible>
			<Invisible>false</Invisible>
			<Collision>true</Collision>
			<Attachment>
				<IsAdjustingOffsets>false</IsAdjustingOffsets>
				<IsAttached>true</IsAttached>
				<AttachedEntity>8293854</AttachedEntity>
				<Bone>0</Bone>
				<XOffset>0</XOffset>
				<YOffset>0</YOffset>
				<ZOffset>0</ZOffset>
				<XRot>185.00209</XRot>
				<YRot>0</YRot>
				<ZRot>0</ZRot>
				<RelativeOffsets>true</RelativeOffsets>
			</Attachment>
		</Info>
	</Entity>
	<Entity>
		<Name>Object --1862019237</Name>
		<Type>2</Type>
		<Hash>-1862019237</Hash>
		<EntityID>3851374</EntityID>
		<Info>
			<Invincible>false</Invincible>
			<Invisible>false</Invisible>
			<Collision>true</Collision>
			<Attachment>
				<IsAdjustingOffsets>false</IsAdjustingOffsets>
				<IsAttached>true</IsAttached>
				<AttachedEntity>1223681</AttachedEntity>
				<Bone>0</Bone>
				<XOffset>0</XOffset>
				<YOffset>0</YOffset>
				<ZOffset>0</ZOffset>
				<XRot>89.9991989</XRot>
				<YRot>0</YRot>
				<ZRot>0</ZRot>
				<RelativeOffsets>true</RelativeOffsets>
			</Attachment>
		</Info>
	</Entity>
	<Entity>
		<Name>Object --1862019237</Name>
		<Type>2</Type>
		<Hash>-1862019237</Hash>
		<EntityID>5518446</EntityID>
		<Info>
			<Invincible>false</Invincible>
			<Invisible>false</Invisible>
			<Collision>true</Collision>
			<Attachment>
				<IsAdjustingOffsets>false</IsAdjustingOffsets>
				<IsAttached>true</IsAttached>
				<AttachedEntity>3851374</AttachedEntity>
				<Bone>0</Bone>
				<XOffset>0</XOffset>
				<YOffset>0</YOffset>
				<ZOffset>1.10000014</ZOffset>
				<XRot>-89.9991989</XRot>
				<YRot>0</YRot>
				<ZRot>0</ZRot>
				<RelativeOffsets>true</RelativeOffsets>
			</Attachment>
		</Info>
	</Entity>
	<Entity>
		<Name>Object --1862019237</Name>
		<Type>2</Type>
		<Hash>-1862019237</Hash>
		<EntityID>2413114</EntityID>
		<Info>
			<Invincible>false</Invincible>
			<Invisible>false</Invisible>
			<Collision>true</Collision>
			<Attachment>
				<IsAdjustingOffsets>false</IsAdjustingOffsets>
				<IsAttached>true</IsAttached>
				<AttachedEntity>1223681</AttachedEntity>
				<Bone>0</Bone>
				<XOffset>0</XOffset>
				<YOffset>0</YOffset>
				<ZOffset>0</ZOffset>
				<XRot>-89.9991989</XRot>
				<YRot>0</YRot>
				<ZRot>0</ZRot>
				<RelativeOffsets>true</RelativeOffsets>
			</Attachment>
		</Info>
	</Entity>
	<Entity>
		<Name>Object --1862019237</Name>
		<Type>2</Type>
		<Hash>-1862019237</Hash>
		<EntityID>7461276</EntityID>
		<Info>
			<Invincible>false</Invincible>
			<Invisible>false</Invisible>
			<Collision>true</Collision>
			<Attachment>
				<IsAdjustingOffsets>false</IsAdjustingOffsets>
				<IsAttached>true</IsAttached>
				<AttachedEntity>2413114</AttachedEntity>
				<Bone>0</Bone>
				<XOffset>0</XOffset>
				<YOffset>0</YOffset>
				<ZOffset>1.00000012</ZOffset>
				<XRot>-89.9991989</XRot>
				<YRot>0</YRot>
				<ZRot>0</ZRot>
				<RelativeOffsets>true</RelativeOffsets>
			</Attachment>
		</Info>
	</Entity>
	<Entity>
		<Name>Object --1862019237</Name>
		<Type>2</Type>
		<Hash>-1862019237</Hash>
		<EntityID>8088269</EntityID>
		<Info>
			<Invincible>false</Invincible>
			<Invisible>false</Invisible>
			<Collision>true</Collision>
			<Attachment>
				<IsAdjustingOffsets>false</IsAdjustingOffsets>
				<IsAttached>true</IsAttached>
				<AttachedEntity>2413114</AttachedEntity>
				<Bone>0</Bone>
				<XOffset>0</XOffset>
				<YOffset>1.20000017</YOffset>
				<ZOffset>0</ZOffset>
				<XRot>-190.002396</XRot>
				<YRot>0</YRot>
				<ZRot>0</ZRot>
				<RelativeOffsets>true</RelativeOffsets>
			</Attachment>
		</Info>
	</Entity>
	<Entity>
		<Name>Object --1862019237</Name>
		<Type>2</Type>
		<Hash>-1862019237</Hash>
		<EntityID>4522047</EntityID>
		<Info>
			<Invincible>false</Invincible>
			<Invisible>false</Invisible>
			<Collision>true</Collision>
			<Attachment>
				<IsAdjustingOffsets>false</IsAdjustingOffsets>
				<IsAttached>true</IsAttached>
				<AttachedEntity>2413114</AttachedEntity>
				<Bone>0</Bone>
				<XOffset>0</XOffset>
				<YOffset>-1.00000012</YOffset>
				<ZOffset>-0.100000001</ZOffset>
				<XRot>0</XRot>
				<YRot>0</YRot>
				<ZRot>0</ZRot>
				<RelativeOffsets>true</RelativeOffsets>
			</Attachment>
		</Info>
	</Entity>
</Database>
