<?xml version="1.0"?>
<Animations>
  <Anim>Sword Dance,script_shows@sworddance@act3_p1,dancer_sworddance</Anim>
  <Anim>Sexy Moves,script_shows@snakedancer@act1_p1,kiss_win_dancer</Anim>
  <Anim>Sexy Moves 2,script_shows@snakedancer@act1_p1,dance_dancer</Anim>
  <Anim>Look At That Sky,script_shows@snakedancer@act1_p1,kiss_loop_dancer</Anim>
  <Anim>Cancan Dance,script_shows@cancandance@p1,cancandance_fem3</Anim>
  <Anim>Cancan Dance 2,script_shows@cancandance@p1,cancandance_fem2</Anim>
  <Anim>Cancan Dance 3,script_shows@cancandance@p1,cancandance_fem1</Anim>
  <Anim>Cacan Dance 3,script_shows@cancandance@p1,cancandance_fem0</Anim>
  <Anim>Fire Dance,script_shows@firedancer@act3_p1,dance</Anim>
  <Anim>Karen Dance,cnv_camp@rchso@cnv@ccdtc33@player_karen,karen_dance_flare_b</Anim>
  <Anim>Pump,veh_train@handcart@base,pump_fast_strong_look_behind</Anim>
  <Anim>slide,amb_camp@world_camp_fire_sit_ground@recline@male_b@trans,recline_trans_sit_ground_a</Anim>
  <Anim>slid2,mech_loco_m@generic@terrain@unarmed@sliding@slide,slide_light</Anim>
</Animations>
