<?xml version="1.0"?>
<OutfitPedData>
	<ModelHash>2627665880</ModelHash>
	<PedProperties>
		<CurrentWeapon>2725352035</CurrentWeapon>
		<PedProps>
			<_0>-1,-1</_0>
			<_1>18,3</_1>
			<_2>-1,-1</_2>
			<_3>-1,-1</_3>
			<_4>-1,-1</_4>
			<_5>-1,-1</_5>
			<_6>-1,-1</_6>
			<_7>-1,-1</_7>
			<_8>-1,-1</_8>
			<_9>-1,-1</_9>
		</PedProps>
		<PedComps>
			<_0>0,0</_0>
			<_1>215,0</_1>
			<_2>42,0</_2>
			<_3>24,0</_3>
			<_4>172,0</_4>
			<_5>0,0</_5>
			<_6>118,0</_6>
			<_7>132,0</_7>
			<_8>10,0</_8>
			<_9>56,0</_9>
			<_10>0,0</_10>
			<_11>487,0</_11>
		</PedComps>
	</PedProperties>
</OutfitPedData>
