{
    "High Sky": {
        "Airplane Graveyard Airplane Tail": [
            2395.095947265625,
            3049.615966796875,
            60.053001403808594
        ],
        "Bridge Pole": [
            -279.24200439453125,
            -2438.7099609375,
            124.00399780273438
        ],
        "Building Crane Top": [
            -119.87899780273438,
            -977.3569946289063,
            304.2489929199219
        ],
        "FIB Building Roof": [
            150.12600708007813,
            -754.5910034179688,
            262.864990234375
        ],
        "Galileo Observatory Roof": [
            -438.8039855957031,
            1076.0970458984375,
            352.4110107421875
        ],
        "IAA Building Roof": [
            134.0850067138672,
            -637.8590087890625,
            262.85101318359375
        ],
        "Maze Bank Arena Roof": [
            -324.29998779296875,
            -1968.5450439453125,
            67.00199890136719
        ],
        "Maze Bank Roof": [
            -75.01499938964844,
            -818.2150268554688,
            326.1759948730469
        ],
        "Palmer-Taylor Power Station Chimney": [
            2732.930908203125,
            1577.5400390625,
            83.6709976196289
        ],
        "Rebel Radio": [
            736.1530151367188,
            2583.14306640625,
            79.63400268554688
        ],
        "Sandy Shores Building Site Crane": [
            1051.208984375,
            2280.451904296875,
            89.72699737548828
        ],
        "Satellite Dish Antenna": [
            2034.988037109375,
            2953.10498046875,
            74.60199737548828
        ],
        "Stab City": [
            126.9749984741211,
            3714.4189453125,
            46.82699966430664
        ],
        "Very High Up": [
            -129.96400451660156,
            8130.873046875,
            6705.30712890625
        ],
        "Very Very High Up": [
            -119.87899780273438,
            -977.3569946289063,
            10000.0
        ],
        "Windmill Top": [
            2026.677001953125,
            1842.6839599609375,
            133.31300354003906
        ]
    },
    "Indoor": {
        "10 Car Garage": [
            229.95590209960938,
            -981.7927856445313,
            -99.66071319580078
        ],
        "Ammunation Gun Range": [
            22.152999877929688,
            -1072.85400390625,
            29.797000885009766
        ],
        "Ammunation Office": [
            12.494000434875488,
            -1110.1300048828125,
            29.797000885009766
        ],
        "Blaine County Savings Bank": [
            -109.29900360107422,
            6464.03515625,
            31.62700080871582
        ],
        "Burnt FIB Building": [
            160.8679962158203,
            -745.8309936523438,
            250.06300354003906
        ],
        "FIB Top Floor": [
            135.73300170898438,
            -749.2160034179688,
            258.1520080566406
        ],
        "Floyd's Apartment": [
            -1150.7030029296875,
            -1520.7130126953125,
            10.633000373840332
        ],
        "Fort Zancudo ATC entrance": [
            -2344.373046875,
            3267.498046875,
            32.81100082397461
        ],
        "Fort Zancudo ATC top floor": [
            -2358.132080078125,
            3249.75390625,
            101.45099639892578
        ],
        "Humane Labs Entrance": [
            3619.7490234375,
            2742.739990234375,
            28.690000534057617
        ],
        "Humane Labs Tunnel": [
            3525.4951171875,
            3705.301025390625,
            20.992000579833984
        ],
        "IAA Office": [
            117.22000122070313,
            -620.93798828125,
            206.0469970703125
        ],
        "Lester's House": [
            1273.89794921875,
            -1719.303955078125,
            54.770999908447266
        ],
        "Pacific Standard Bank": [
            235.04600524902344,
            216.4340057373047,
            106.28700256347656
        ],
        "Pacific Standard Bank Vault": [
            255.8509979248047,
            217.02999877929688,
            101.68299865722656
        ],
        "Police Station": [
            436.4909973144531,
            -982.1719970703125,
            30.698999404907227
        ],
        "Strip Club DJ Booth": [
            126.13500213623047,
            -1278.5830078125,
            29.270000457763672
        ],
        "Torture Room": [
            147.1699981689453,
            -2201.803955078125,
            4.688000202178955
        ],
        "Trevor's Meth Lab": [
            1391.77294921875,
            3608.716064453125,
            38.94200134277344
        ]
    },
    "Interiors": {
        "10 Car Garage Back Room": [
            223.1929931640625,
            -967.322021484375,
            -99.0
        ],
        "10 Car Garage Bay": [
            228.13499450683594,
            -995.3499755859375,
            -99.0
        ],
        "Ammunation Gun Range": [
            22.152999877929688,
            -1072.85400390625,
            29.797000885009766
        ],
        "Ammunation Office": [
            12.494000434875488,
            -1110.1300048828125,
            29.797000885009766
        ],
        "Blaine County Savings Bank": [
            -109.29900360107422,
            6464.03515625,
            31.62700080871582
        ],
        "Clucking Bell Farms Warehouse": [
            -70.0624008178711,
            6263.52978515625,
            31.090900421142578
        ],
        "Eclipse Apartment 31": [
            -762.7620239257813,
            322.6340026855469,
            221.85499572753906
        ],
        "Eclipse Apartment 40": [
            -790.6729736328125,
            334.4679870605469,
            206.21800231933594
        ],
        "Eclipse Apartment 5": [
            -762.7620239257813,
            322.6340026855469,
            175.4010009765625
        ],
        "Eclipse Apartment 9": [
            -790.6729736328125,
            334.4679870605469,
            158.5989990234375
        ],
        "FIB Building Burnt": [
            159.55299377441406,
            -738.8510131835938,
            246.15199279785156
        ],
        "FIB Building Floor 47": [
            134.572998046875,
            -766.4860229492188,
            234.15199279785156
        ],
        "FIB Building Floor 49": [
            134.63499450683594,
            -765.8309936523438,
            242.15199279785156
        ],
        "FIB Building Lobby": [
            110.4000015258789,
            -744.2000122070313,
            45.70000076293945
        ],
        "FIB Building Top Floor": [
            135.73300170898438,
            -749.2160034179688,
            258.1520080566406
        ],
        "Hospital (Destroyed)": [
            302.6510009765625,
            -586.2930297851563,
            43.31290054321289
        ],
        "Humane Labs Lower Level": [
            3525.4951171875,
            3705.301025390625,
            20.992000579833984
        ],
        "Humane Labs Upper Level": [
            3618.52001953125,
            3755.760009765625,
            28.690099716186523
        ],
        "IAA Office": [
            117.22000122070313,
            -620.93798828125,
            206.0469970703125
        ],
        "Janitor's Apartment": [
            -110.72100067138672,
            -8.22095012664795,
            70.51969909667969
        ],
        "Jewel Store": [
            -630.0700073242188,
            -236.33200073242188,
            38.057098388671875
        ],
        "Lester's House": [
            1273.89794921875,
            -1719.303955078125,
            54.770999908447266
        ],
        "Life Invader Office": [
            -1049.1300048828125,
            -231.7790069580078,
            39.014400482177734
        ],
        "Morgue": [
            275.4460144042969,
            -1361.1099853515625,
            24.537799835205078
        ],
        "O'Neil Farm": [
            2454.780029296875,
            4971.919921875,
            46.810298919677734
        ],
        "Pacific Standard Bank Vault": [
            255.8509979248047,
            217.02999877929688,
            101.68299865722656
        ],
        "Stadium": [
            -248.49159240722656,
            -2010.509033203125,
            34.57429885864258
        ],
        "Strip Club DJ Booth": [
            126.13500213623047,
            -1278.5830078125,
            29.270000457763672
        ],
        "Torture Warehouse": [
            136.51400756835938,
            -2203.14990234375,
            7.309140205383301
        ]
    },
    "Landmark": {
        "Airport Entrance": [
            -1034.5999755859375,
            -2733.60009765625,
            13.800000190734863
        ],
        "Airport Entrance Tower": [
            -912.5230102539063,
            -2529.81005859375,
            41.959999084472656
        ],
        "Airport Field": [
            -1336.0,
            -3044.0,
            13.899999618530273
        ],
        "Airport Tower Roof": [
            -982.6699829101563,
            -2638.199951171875,
            89.52200317382813
        ],
        "Altruist Cult Camp": [
            -1170.8409423828125,
            4926.64599609375,
            224.2949981689453
        ],
        "Calafia Train Bridge": [
            -517.8690185546875,
            4425.2841796875,
            89.79499816894531
        ],
        "Cargo Ship": [
            899.677978515625,
            -2882.19091796875,
            19.01300048828125
        ],
        "Chumash": [
            -3192.60009765625,
            1100.0,
            20.200000762939453
        ],
        "Chumash Historic Family Pier": [
            -3426.68310546875,
            967.7379760742188,
            8.347000122070313
        ],
        "Del Perro Pier": [
            -1850.126953125,
            -1231.7509765625,
            13.017000198364258
        ],
        "Devin Weston's House": [
            -2639.8720703125,
            1866.81201171875,
            160.13499450683594
        ],
        "El Burro Heights": [
            1384.0,
            -2057.10009765625,
            52.0
        ],
        "Elysian Island": [
            338.20001220703125,
            -2715.89990234375,
            38.5
        ],
        "Far North San Andreas": [
            24.774999618530273,
            7644.10205078125,
            19.05500030517578
        ],
        "Ferris Wheel": [
            -1670.699951171875,
            -1125.0,
            13.0
        ],
        "Fort Zancudo": [
            -2047.4000244140625,
            3132.10009765625,
            32.79999923706055
        ],
        "Fort Zancudo ATC Entrance": [
            -2344.373046875,
            3267.498046875,
            32.81100082397461
        ],
        "Fort Zancudo ATC Top Floor": [
            -2358.132080078125,
            3249.75390625,
            101.45099639892578
        ],
        "God's Thumb": [
            -1006.4019775390625,
            6272.3828125,
            1.503000020980835
        ],
        "Hippy Camp": [
            2476.7119140625,
            3789.64501953125,
            41.22600173950195
        ],
        "Jetsam": [
            760.4000244140625,
            -2943.199951171875,
            5.800000190734863
        ],
        "Jolene Cranley-Evans Ghost": [
            3059.6201171875,
            5564.24609375,
            197.09100341796875
        ],
        "Kortz Center": [
            -2243.81005859375,
            264.0480041503906,
            174.61500549316406
        ],
        "Main LS Customs": [
            -365.42498779296875,
            -131.8090057373047,
            37.87300109863281
        ],
        "Marlowe Vineyards": [
            -1868.970947265625,
            2095.674072265625,
            139.11500549316406
        ],
        "McKenzie Airfield": [
            2121.699951171875,
            4796.2998046875,
            41.099998474121094
        ],
        "Merryweather Dock": [
            486.4169921875,
            -3339.69189453125,
            6.070000171661377
        ],
        "Mineshaft": [
            -595.3419799804688,
            2086.008056640625,
            131.41200256347656
        ],
        "Mt. Chiliad": [
            425.3999938964844,
            5614.2998046875,
            766.5
        ],
        "Mt. Chiliad Summit": [
            450.7179870605469,
            5566.61376953125,
            806.1829833984375
        ],
        "NOOSE Headquarters": [
            2535.242919921875,
            -383.79901123046875,
            92.99299621582031
        ],
        "Pacific Standard Bank": [
            235.04600524902344,
            216.4340057373047,
            106.28700256347656
        ],
        "Paleto Bay Pier": [
            -275.5220031738281,
            6635.8349609375,
            7.425000190734863
        ],
        "Playboy Mansion": [
            -1475.2340087890625,
            167.08799743652344,
            55.840999603271484
        ],
        "Police Station": [
            436.4909973144531,
            -982.1719970703125,
            30.698999404907227
        ],
        "Quarry": [
            2954.196044921875,
            2783.409912109375,
            41.00400161743164
        ],
        "Sandy Shores Airfield": [
            1747.0,
            3273.699951171875,
            41.099998474121094
        ],
        "Satellite Dishes": [
            2062.123046875,
            2942.054931640625,
            47.430999755859375
        ],
        "Sisyphus Theater Stage": [
            686.2449951171875,
            577.9500122070313,
            130.46099853515625
        ],
        "Trevor's Meth Lab": [
            1391.77294921875,
            3608.716064453125,
            38.94200134277344
        ],
        "Weed Farm": [
            2208.777099609375,
            5578.23486328125,
            53.73500061035156
        ],
        "Wind Farm": [
            2354.0,
            1830.300048828125,
            101.0999984741211
        ]
    },
    "Outdoor": {
        "Abandon Mine": [
            -595.3419799804688,
            2086.008056640625,
            131.41200256347656
        ],
        "Airplane Graveyard Airplane Tail": [
            2395.095947265625,
            3049.615966796875,
            60.053001403808594
        ],
        "Altruist Cult Camp": [
            -1170.8409423828125,
            4926.64599609375,
            224.2949981689453
        ],
        "Beach Skatepark": [
            -1374.8809814453125,
            -1398.8349609375,
            6.140999794006348
        ],
        "Calafia Train Bridge": [
            -517.8690185546875,
            4425.2841796875,
            89.79499816894531
        ],
        "Cargo Ship": [
            899.677978515625,
            -2882.19091796875,
            19.01300048828125
        ],
        "Casino": [
            925.3289794921875,
            46.152000427246094,
            80.90799713134766
        ],
        "Chicken": [
            -31.010000228881836,
            6316.830078125,
            40.08300018310547
        ],
        "Chumash Historic Family Pier": [
            -3426.68310546875,
            967.7379760742188,
            8.347000122070313
        ],
        "Del Perro Pier": [
            -1850.126953125,
            -1231.7509765625,
            13.017000198364258
        ],
        "Devin Weston's House": [
            -2639.8720703125,
            1866.81201171875,
            160.13499450683594
        ],
        "El Gordo Lighthouse": [
            3430.155029296875,
            5174.19580078125,
            41.279998779296875
        ],
        "Epsilon Building": [
            -695.0250244140625,
            82.95500183105469,
            55.85499954223633
        ],
        "FIB Roof": [
            150.12600708007813,
            -754.5910034179688,
            262.864990234375
        ],
        "Galileo Observatory Roof": [
            -438.8039855957031,
            1076.0970458984375,
            352.4110107421875
        ],
        "God's thumb": [
            -1006.4019775390625,
            6272.3828125,
            1.503000020980835
        ],
        "Hippy Camp": [
            2476.7119140625,
            3789.64501953125,
            41.22600173950195
        ],
        "IAA Roof": [
            134.0850067138672,
            -637.8590087890625,
            262.85101318359375
        ],
        "Jolene Cranley-Evans Ghost": [
            3059.6201171875,
            5564.24609375,
            197.09100341796875
        ],
        "Kortz Center": [
            -2243.81005859375,
            264.0480041503906,
            174.61500549316406
        ],
        "La Puerta Freeway Bridge": [
            -543.9320068359375,
            -2225.54296875,
            122.36599731445313
        ],
        "Land Act Dam": [
            1660.3690185546875,
            -12.012999534606934,
            170.02000427246094
        ],
        "Little Portola": [
            -635.4630126953125,
            -242.40199279785156,
            38.17499923706055
        ],
        "Little Seoul": [
            -889.655029296875,
            -853.4990234375,
            20.56599998474121
        ],
        "Los Santos Golf Club": [
            -1336.7149658203125,
            59.05099868774414,
            55.24599838256836
        ],
        "Main LS Customs": [
            -365.42498779296875,
            -131.8090057373047,
            37.87300109863281
        ],
        "Marlowe Vineyards": [
            -1868.970947265625,
            2095.674072265625,
            139.11500549316406
        ],
        "Maze Bank Arena Roof": [
            -324.29998779296875,
            -1968.5450439453125,
            67.00199890136719
        ],
        "Maze Bank Roof": [
            -75.01499938964844,
            -818.2150268554688,
            326.1759948730469
        ],
        "Merryweather Dock": [
            486.4169921875,
            -3339.69189453125,
            6.070000171661377
        ],
        "Mile High Club": [
            -144.2740020751953,
            -946.81298828125,
            269.135009765625
        ],
        "Mirror Park": [
            1070.2060546875,
            -711.9580078125,
            58.483001708984375
        ],
        "Most Noortherly Point": [
            24.774999618530273,
            7644.10205078125,
            19.05500030517578
        ],
        "Mount Gordo": [
            2877.633056640625,
            5911.078125,
            369.6239929199219
        ],
        "NOOSE Headquarters": [
            2535.242919921875,
            -383.79901123046875,
            92.99299621582031
        ],
        "Oriental Theater": [
            293.0889892578125,
            180.46600341796875,
            104.3010025024414
        ],
        "Pacific Bluffs Country Club": [
            -3022.221923828125,
            39.96799850463867,
            13.611000061035156
        ],
        "Paleto Bay Pier": [
            -275.5220031738281,
            6635.8349609375,
            7.425000190734863
        ],
        "Paleto Forest Sawmill Chimney": [
            -549.4669799804688,
            5308.22119140625,
            114.14600372314453
        ],
        "Palmer-Taylor Power Station Chimney": [
            2732.930908203125,
            1577.5400390625,
            83.6709976196289
        ],
        "Play Boy Mansion": [
            -1475.2340087890625,
            167.08799743652344,
            55.840999603271484
        ],
        "Quarry": [
            2954.196044921875,
            2783.409912109375,
            41.00400161743164
        ],
        "Rebel Radio": [
            736.1530151367188,
            2583.14306640625,
            79.63400268554688
        ],
        "Rocket": [
            1608.697998046875,
            6438.09619140625,
            37.637001037597656
        ],
        "Sandy Shores Building Site Crane": [
            1051.208984375,
            2280.451904296875,
            89.72699737548828
        ],
        "Satellite Dish Antenna": [
            2034.988037109375,
            2953.10498046875,
            74.60199737548828
        ],
        "Satellite Dishes": [
            2062.123046875,
            2942.054931640625,
            47.430999755859375
        ],
        "Sisyphus Theater Stage": [
            205.3159942626953,
            1167.3780517578125,
            227.0050048828125
        ],
        "Snowman": [
            971.2449951171875,
            -1620.9930419921875,
            30.111000061035156
        ],
        "Stab City": [
            126.9749984741211,
            3714.4189453125,
            46.82699966430664
        ],
        "The Richman Hotel": [
            -1330.9110107421875,
            340.8710021972656,
            64.0780029296875
        ],
        "Top of the Mt Chilad": [
            450.7179870605469,
            5566.61376953125,
            806.1829833984375
        ],
        "Underpass Skatepark": [
            718.3410034179688,
            -1218.7139892578125,
            26.013999938964844
        ],
        "University of San Andreas": [
            -1696.865966796875,
            142.7469940185547,
            64.37200164794922
        ],
        "Vinewood Bowl Stage": [
            686.2449951171875,
            577.9500122070313,
            130.46099853515625
        ],
        "Vinewood Cemetery": [
            -1675.5628662109375,
            -222.78977966308594,
            55.228492736816406
        ],
        "Vinewood Sign": [
            711.3619995117188,
            1198.134033203125,
            348.5260009765625
        ],
        "Weed Farm": [
            2208.777099609375,
            5578.23486328125,
            53.73500061035156
        ],
        "Windmill Top": [
            2026.677001953125,
            1842.6839599609375,
            133.31300354003906
        ]
    },
    "Safe House": {
        "Franklin's Safehouse": [
            -18.035499572753906,
            -1456.93994140625,
            30.45479965209961
        ],
        "Franklin's Safehouse 2": [
            10.87660026550293,
            545.6539916992188,
            175.41900634765625
        ],
        "Franklin's Safehouse 2 Inside": [
            7.119029998779297,
            536.614990234375,
            176.0279998779297
        ],
        "Franklin's Safehouse Inside": [
            -14.38029956817627,
            -1438.510009765625,
            31.1072998046875
        ],
        "Michael's Safehouse": [
            -827.1380004882813,
            176.3679962158203,
            70.4999008178711
        ],
        "Michael's Safehouse Inside": [
            -813.60302734375,
            179.4739990234375,
            72.15480041503906
        ],
        "Trevor's Safehouse": [
            1982.1300048828125,
            3829.43994140625,
            32.3661994934082
        ],
        "Trevor's Safehouse 2": [
            -1157.050048828125,
            -1512.72998046875,
            4.212699890136719
        ],
        "Trevor's Safehouse 2 Inside": [
            -1151.77001953125,
            -1518.1400146484375,
            10.632699966430664
        ],
        "Trevor's Safehouse 3": [
            91.14070129394531,
            -1280.6500244140625,
            29.135299682617188
        ],
        "Trevor's Safehouse 3 Inside": [
            96.15360260009766,
            -1290.72998046875,
            29.266399383544922
        ],
        "Trevor's Safehouse Inside": [
            1972.6099853515625,
            3817.0400390625,
            33.427799224853516
        ]
    },
    "Saved": {
        "niggeger": [
            -221.43580627441406,
            -1457.9798583984375,
            31.32931137084961
        ]
    },
    "Saved Locations": {
        "TEST": [
            126.13500213623047,
            -1278.5830078125,
            29.270000457763672
        ]
    },
    "Sky": {
        "Very High Up": [
            -129.96400451660156,
            8130.873046875,
            6705.30712890625
        ]
    },
    "Underwater": {
        "Dead Sea Monster": [
            -3373.72607421875,
            504.7139892578125,
            -24.6560001373291
        ],
        "Humane Labs Tunnel": [
            3838.469970703125,
            3673.06005859375,
            -19.728099822998047
        ],
        "Sunken Body": [
            -3161.077880859375,
            3001.998046875,
            -37.9739990234375
        ],
        "Sunken Cargo Ship": [
            3199.748046875,
            -379.01800537109375,
            -22.5
        ],
        "Sunken Plane": [
            -942.3499755859375,
            6608.751953125,
            -20.91200065612793
        ],
        "Underwater Hatch": [
            4273.9501953125,
            2975.714111328125,
            -170.74600219726563
        ],
        "Underwater UFO": [
            762.426025390625,
            7380.37109375,
            -111.37699890136719
        ],
        "Underwater WW2 Tank": [
            4201.6328125,
            3643.821044921875,
            -39.01599884033203
        ]
    }
}