<?xml version='1.0' encoding='utf-8'?>
<particles><category name="core"><asset>bul_gravel_heli</asset><asset>ent_dst_concrete_large</asset><asset>bul_wood_splinter</asset><asset>fire_wrecked_plane_cockpit</asset><asset>wheel_fric_water</asset><asset>proj_flare_trail</asset><asset>exp_grd_grenade_lod</asset><asset>ent_amb_fbi_cinder</asset><asset>muz_smoking_barrel_minigun</asset><asset>ent_dst_gen_gobstop</asset><asset>ent_dst_inflate_ball</asset><asset>water_splash_ped_wade</asset><asset>exp_grd_plane_post</asset><asset>ent_ray_paleto_gas_flames</asset><asset>eject_stungun</asset><asset>ent_amb_wind_grass_dir</asset><asset>ent_amb_steam_pipe_lgt</asset><asset>ped_underwater_disturb_dirt</asset><asset>water_boat_wash</asset><asset>water_splash_obj_in</asset><asset>blood_stab</asset><asset>ent_brk_metal_frag</asset><asset>bul_water_heli</asset><asset>ent_sht_oil</asset><asset>bul_decal_water_heli</asset><asset>ent_sht_water_tower</asset><asset>env_snow_flakes</asset><asset>bul_hay</asset><asset>trail_splash_oil</asset><asset>bul_sand_loose_heli</asset><asset>ent_sht_beer_barrel</asset><asset>veh_sub_crush</asset><asset>ent_anim_paparazzi_flash</asset><asset>veh_vent_heli_anh</asset><asset>exp_grd_petrol_pump</asset><asset>ent_ray_meth_fires</asset><asset>veh_exhaust_hidden</asset><asset>exp_air_molotov</asset><asset>ent_anim_snot_blow</asset><asset>water_amph_car_rev</asset><asset>mel_carmetal</asset><asset>bul_concrete</asset><asset>ent_anim_cig_exhale_mth_car</asset><asset>exp_air_rpg_lod</asset><asset>veh_trailer_petrol_spray</asset><asset>water_amph_quad_bow</asset><asset>env_smoke_fbi</asset><asset>water_splash_vehicle</asset><asset>blood_shark_attack</asset><asset>ent_dst_wood_chunky</asset><asset>td_blood_shotgun</asset><asset>exp_grd_grenade_smoke</asset><asset>ent_dst_elec_fire_sp</asset><asset>ped_foot_decal_oil</asset><asset>fire_wrecked_train</asset><asset>exp_hydrant</asset><asset>ent_amb_wind_leaves</asset><asset>ent_amb_wind_litter_swirl</asset><asset>wheel_fric_hard_dusty_Bike</asset><asset>ent_amb_tap_drip</asset><asset>exp_air_grenade_lod</asset><asset>water_splash_sub_wade</asset><asset>ped_foot_decal_mud</asset><asset>water_splash_plane_in</asset><asset>ent_amb_trev1_trailer_sp_s</asset><asset>td_blood_throat</asset><asset>blood_melee_punch</asset><asset>wheel_fric_sandWet_Bike</asset><asset>ent_dst_polystyrene</asset><asset>exp_air_molotov_lod</asset><asset>blood_exit</asset><asset>eject_minigun</asset><asset>wheel_fric_grass</asset><asset>fire_wheel_bike</asset><asset>fire_petroltank_car</asset><asset>ent_amb_water_splash_wide</asset><asset>veh_backfire</asset><asset>weap_hvy_turbulance_water</asset><asset>ent_amb_leaves_pine</asset><asset>ent_amb_fountain_double</asset><asset>ent_amb_exhaust_thin</asset><asset>ent_dst_inflate_ring</asset><asset>eject_auto</asset><asset>bang_concrete</asset><asset>ent_amb_wind_leaves_dir</asset><asset>ent_amb_rapid_dir_splash_wide</asset><asset>fire_petroltank_car_bullet</asset><asset>muz_pistol_silencer</asset><asset>ent_sht_gloopy_liquid</asset><asset>ent_sht_petrol</asset><asset>ent_ray_ch2_farm_resi_dble</asset><asset>blood_chopper</asset><asset>ent_amb_elec_crackle</asset><asset>ent_dst_gen_paper</asset><asset>ent_ray_train_water_wash</asset><asset>ent_sht_flame</asset><asset>ent_anim_cig_exhale_nse</asset><asset>exp_grd_plane_sp</asset><asset>veh_vent_rc</asset><asset>veh_vent_heli_skylift</asset><asset>ent_amb_fbi_smoulder_lg</asset><asset>ent_amb_fbi_fire_beam</asset><asset>ent_sht_bush_foliage</asset><asset>ped_foot_woodchips</asset><asset>ent_dst_sweet_boxes</asset><asset>ped_foot_sand_deep</asset><asset>ped_foot_gravel</asset><asset>ent_dst_cig_packets</asset><asset>ent_amb_wind_litter_dust_dir</asset><asset>ent_dst_wood_splinter</asset><asset>bul_gravel</asset><asset>water_amph_prop</asset><asset>ent_brk_concrete</asset><asset>ent_sht_steam</asset><asset>ent_amb_steam_prison</asset><asset>water_splash_plane_trail</asset><asset>ent_amb_water_drips_spawned</asset><asset>veh_exhaust_heli_misfire</asset><asset>wheel_fric_sand_LOD</asset><asset>exp_air_rpg_plane</asset><asset>water_jetski_bow1</asset><asset>proj_missile_trail</asset><asset>fire_petroltank_heli</asset><asset>exp_grd_plane</asset><asset>ent_amb_water_drips_lg</asset><asset>ent_amb_smoke_gaswork</asset><asset>proj_flare_fuse_fp</asset><asset>ent_amb_smoke_chicken</asset><asset>water_jetski_entry2</asset><asset>bang_mud</asset><asset>exp_air_rpg_plane_sp</asset><asset>water_boat_entry</asset><asset>fire_petrol_one</asset><asset>ent_amb_cold_air_floor</asset><asset>ent_col_tree_oranges</asset><asset>ent_amb_fbi_smoke_land_lt</asset><asset>ent_anim_cig_smoke</asset><asset>ent_amb_fbi_fire_door</asset><asset>fire_petroltank_truck</asset><asset>veh_vent_heli_frogger</asset><asset>ent_amb_wind_litter_dir</asset><asset>bul_stungun_metal</asset><asset>veh_respray_smoke</asset><asset>ent_amb_foundry_molten_pour</asset><asset>blood_stab_uw</asset><asset>veh_downwash</asset><asset>water_amph_quad_rev</asset><asset>ent_brk_sparking_wires</asset><asset>water_amph_car_bow</asset><asset>veh_panel_open_car</asset><asset>ent_amb_fountain_rodeo</asset><asset>wheel_spin_gravel</asset><asset>ent_amb_fbi_smoke_linger_hvy</asset><asset>ent_amb_torch_fire</asset><asset>ent_anim_leaf_blower</asset><asset>ent_ray_shipwreck_oil</asset><asset>sp_petrolcan_splash</asset><asset>ped_parachute_open</asset><asset>ent_amb_trop_fish_swarm_angel</asset><asset>ent_anim_street_sweep</asset><asset>wheel_fric_grass_bike</asset><asset>water_boat_rev</asset><asset>ent_ray_shipwreck_bubbles</asset><asset>bang_wood</asset><asset>proj_tank_trail</asset><asset>bul_glass</asset><asset>water_splash_bike_wade</asset><asset>ent_amb_wind_hay</asset><asset>glass_smash</asset><asset>ent_amb_tnl_bubbles_sml</asset><asset>ent_amb_sprinkler_crop</asset><asset>fire_wrecked_tank</asset><asset>ent_ray_pro1_water_drip</asset><asset>lens_bug_dirt</asset><asset>liquid_splash_oil</asset><asset>ent_amb_smoke_scrap</asset><asset>blood_animal_maul</asset><asset>bang_blood</asset><asset>ent_amb_water_roof_drips_thin</asset><asset>ent_ray_ch2_farm_fire_u_l</asset><asset>ent_amb_wind_litter_dust</asset><asset>ent_brk_gate_smoke</asset><asset>ent_amb_fbi_smoke_door_med</asset><asset>veh_prop_sub</asset><asset>bul_mud_heli</asset><asset>bul_cardboard</asset><asset>bul_carmetal_heli</asset><asset>ped_foot_dirt_dry</asset><asset>fire_petroltank_plane</asset><asset>ent_col_rocks</asset><asset>muz_assault_rifle</asset><asset>water_splash_veh_out</asset><asset>weap_veh_turbulance_sand</asset><asset>ent_amb_wind_rand_litter</asset><asset>ent_dst_gen_water_spray</asset><asset>ent_amb_butterflys_swarm</asset><asset>ent_amb_steam_vent_open_lgt</asset><asset>veh_vent_heli_cargobob</asset><asset>veh_light_red</asset><asset>water_boat_bow</asset><asset>env_interior_dusty</asset><asset>ent_amb_rapid_area_spray_hvy</asset><asset>bul_decal_oil</asset><asset>trail_splash_blood</asset><asset>ent_amb_jazuzzi</asset><asset>ped_underwater_disturb_sand</asset><asset>ent_dst_gen_food</asset><asset>water_boat_prop</asset><asset>ent_anim_dusty_hands</asset><asset>exp_grd_tankshell_lod</asset><asset>ent_amb_foundry_fogball</asset><asset>bul_glass_mini</asset><asset>veh_exhaust_heli_skylift</asset><asset>veh_panel_shut_car</asset><asset>fire_wrecked_heli_cockpit</asset><asset>ent_amb_fbi_fire_drip</asset><asset>bul_plastic</asset><asset>bul_dirt_heli</asset><asset>ent_amb_beach_campfire</asset><asset>water_splash_obj_trail</asset><asset>exp_grd_sticky_sp</asset><asset>veh_panel_shut_truck</asset><asset>ent_ray_finale_vault_haze</asset><asset>ent_amb_trop_fish_swarm_col</asset><asset>water_amph_car_entry</asset><asset>bullet_tracer_railgun</asset><asset>ped_blood_pool_water</asset><asset>weap_hvy_turbulance_dirt</asset><asset>fire_wrecked_car</asset><asset>veh_plane_eject</asset><asset>ent_ray_prologue_elec_crackle</asset><asset>exp_grd_petrol_pump_sp</asset><asset>ent_amb_tnl_bubbles_lge</asset><asset>td_blood_stab</asset><asset>exp_sht_flame</asset><asset>ent_ray_heli_aprtmnt_water</asset><asset>veh_exhaust_heli</asset><asset>muz_stungun</asset><asset>ent_ray_fam3_dust_motes</asset><asset>wheel_fric_sandWet_Tank</asset><asset>wheel_decal_slush</asset><asset>ent_amb_steam</asset><asset>ent_amb_rapid_rock_drips</asset><asset>env_wind_debris_countryside</asset><asset>blood_armour_heavy</asset><asset>water_splash_ped_out</asset><asset>ent_dst_rubbish</asset><asset>ent_amb_fbi_falling_debris_sp</asset><asset>muz_hunter</asset><asset>veh_exhaust_plane_start</asset><asset>muz_buzzard</asset><asset>veh_air_turbulance_dirt</asset><asset>wheel_decal_water_Bike_Deep</asset><asset>ent_dst_glass_bottles</asset><asset>fire_petrol_two</asset><asset>wheel_spin_mud</asset><asset>env_cloud</asset><asset>exp_grd_boat_lod</asset><asset>bul_glass_shotgun</asset><asset>water_jetski_prop</asset><asset>env_dust_motes_int_recycle</asset><asset>ent_amb_sewer_drips_lg</asset><asset>ent_amb_smoke_foundry</asset><asset>env_dust_devil_urban_sma</asset><asset>bul_rubber_dust</asset><asset>exp_grd_plane_lod</asset><asset>ent_brk_wood_splinter</asset><asset>lens_rain</asset><asset>veh_downwash_sand</asset><asset>wheel_decal_petrol_Bike</asset><asset>ent_amb_falling_palm_leaves</asset><asset>lens_noir</asset><asset>exp_grd_boat_sp</asset><asset>ent_ray_finale1_fire</asset><asset>scrape_plastic</asset><asset>ent_anim_welder</asset><asset>ent_anim_weed_smoke</asset><asset>water_splash_bike_out</asset><asset>veh_exhaust_spacecraft</asset><asset>veh_exhaust_heli_cargobob_misfire</asset><asset>ent_brk_steam_burst</asset><asset>env_gunsmoke</asset><asset>veh_prop_submersible</asset><asset>exp_extinguisher</asset><asset>water_boat_entry2</asset><asset>veh_exhaust_plane</asset><asset>water_boat_Tropic_bow</asset><asset>water_splash_ped_in</asset><asset>bul_leaves</asset><asset>ent_amb_fbi_smoke_fogball</asset><asset>liquid_splash_blood</asset><asset>weap_veh_turbulance_default</asset><asset>lens_smoke</asset><asset>env_wind_debris</asset><asset>lens_blaze</asset><asset>exp_air_blimp2_sp</asset><asset>env_dust_devil_urban_lrg</asset><asset>exp_water</asset><asset>ent_ray_finale_vault_sparks</asset><asset>weap_hvy_turbulance_default</asset><asset>ent_amb_steam_pipe_hvy</asset><asset>bul_mud</asset><asset>ent_amb_fire_ring</asset><asset>ent_ray_pro1_water_splash_spawn</asset><asset>ent_amb_drain_splash</asset><asset>ent_amb_exhaust_thick</asset><asset>exp_grd_molotov_lod</asset><asset>ent_amb_sprinkler_golf</asset><asset>ent_brk_tree_trunk_bark</asset><asset>ent_amb_rapid_dir_splash_light</asset><asset>ent_amb_barrel_fire</asset><asset>ped_foot_water</asset><asset>eject_auto_fp</asset><asset>bul_foam</asset><asset>water_splash_ped_bubbles</asset><asset>ent_col_bush_leaves</asset><asset>exp_grd_rpg_post</asset><asset>fire_map_quick</asset><asset>blood_mist</asset><asset>ped_foot_dusty</asset><asset>ent_amb_trop_fish_swarm_lil</asset><asset>wtr_rocks_wall_splash</asset><asset>wheel_fric_sand</asset><asset>shotgun_water</asset><asset>bul_concrete_heli</asset><asset>water_boat_dinghy_bow_mounted</asset><asset>ent_amb_fbi_fire_wall_lg</asset><asset>ent_amb_foundry_dust</asset><asset>scrape_metal</asset><asset>exp_hydrant_decals_sp</asset><asset>exp_grd_boat_spawn</asset><asset>ent_amb_sewer_drips_med</asset><asset>fire_petrol_script</asset><asset>ent_amb_stoner_vent_smoke</asset><asset>muz_alternate_star_fp</asset><asset>wheel_spin_leaves</asset><asset>ent_anim_bm_water_scp</asset><asset>ent_sht_molten_liquid</asset><asset>bul_concrete_minigun</asset><asset>exp_bird_crap</asset><asset>ent_amb_dust_motes</asset><asset>ent_sht_paint_cans</asset><asset>veh_light_amber</asset><asset>ent_dst_paint_cans</asset><asset>veh_downwash_foliage</asset><asset>exp_grd_train</asset><asset>weap_veh_turbulance_foliage</asset><asset>liquid_splash_gloopy</asset><asset>exp_air_blimp_sp</asset><asset>env_interior_chickenfarm</asset><asset>exp_sht_steam</asset><asset>ent_amb_falling_leaves_m</asset><asset>veh_plane_damage</asset><asset>blood_nose</asset><asset>muz_smoking_barrel</asset><asset>scrape_mud</asset><asset>water_boat_Suntrap_bow</asset><asset>ent_sht_water</asset><asset>ent_ray_heli_aprtmnt_l_fire</asset><asset>fire_wrecked_truck_vent</asset><asset>proj_missile_underwater</asset><asset>ent_col_palm_leaves</asset><asset>wheel_spin_water_deep</asset><asset>wheel_spin_blood</asset><asset>ent_dst_gen_liquid_burst</asset><asset>ent_dst_wood_planks</asset><asset>ent_amb_steam_vent_round</asset><asset>ent_brk_tree_leaves</asset><asset>scrape_veg</asset><asset>ent_amb_moths_swarm</asset><asset>exp_air_rpg_plane_lod</asset><asset>wheel_fric_gravel</asset><asset>td_blood_hatchet</asset><asset>ent_amb_peeing</asset><asset>bul_decal_blood</asset><asset>exp_air_rpg_sp</asset><asset>wheel_decal_water_Bike</asset><asset>bul_grass</asset><asset>ent_sht_cactus</asset><asset>blood_entry_head_sniper</asset><asset>weap_veh_turbulance_dirt</asset><asset>veh_oil_slick</asset><asset>ped_scrape_sand_underwater</asset><asset>ped_foot_decal_water</asset><asset>lens_snow</asset><asset>td_blood_hatchet_back</asset><asset>ent_amb_sprinkler_city_sml</asset><asset>ent_amb_insect_plane</asset><asset>water_boat_jetmax_bow</asset><asset>exp_grd_flare</asset><asset>wheel_fric_hard</asset><asset>proj_flare_fuse</asset><asset>muz_pistol_fp</asset><asset>veh_exhaust_heli_cargobob</asset><asset>bul_wood_splinter_heli</asset><asset>ent_amb_sewer_drips_spawned_lg</asset><asset>ent_ray_heli_aprtmnt_s_fire</asset><asset>ent_amb_rapid_area_spray</asset><asset>wheel_fric_water_Bike</asset><asset>sp_fbi_fire_drip_trails</asset><asset>ent_ray_ch2_farm_fire_dble</asset><asset>veh_vent_boat</asset><asset>exp_grd_molotov</asset><asset>veh_exhaust_titan</asset><asset>ent_amb_fbi_smoulder_sm</asset><asset>ent_dst_gen_plastic_cont</asset><asset>exp_grd_vehicle_lod</asset><asset>wheel_spin_grass</asset><asset>lens_water_run</asset><asset>ent_dst_office_paper</asset><asset>wheel_fric_leaves_Bike</asset><asset>ent_amb_wind_grass</asset><asset>liquid_splash_petrol</asset><asset>veh_train_sparks</asset><asset>ent_dst_gen_cardboard</asset><asset>water_splash_whale_wade</asset><asset>ent_amb_sparking_wires</asset><asset>scrape_sand_underwater</asset><asset>ent_dst_plant_leaves</asset><asset>ent_brk_lamppost_base</asset><asset>ent_amb_waterfall_splash_p</asset><asset>liquid_splash_pee</asset><asset>wheel_fric_gravel_LOD</asset><asset>muz_smoking_barrel_shotgun</asset><asset>bul_paper</asset><asset>muz_rpg</asset><asset>ped_foot_gravel_deep</asset><asset>bul_brick</asset><asset>mel_concrete</asset><asset>ent_ray_heli_aprtmnt_embers</asset><asset>bul_glass_tv</asset><asset>wheel_decal_mud</asset><asset>liquid_splash_paint</asset><asset>ent_amb_fbi_light_door</asset><asset>muz_smoking_barrel_fp</asset><asset>veh_exhaust_start_bike</asset><asset>water_splash_veh_in</asset><asset>fire_wrecked_plane</asset><asset>ent_ray_tanker_petrol_spray</asset><asset>ent_amb_wind_hay_dir</asset><asset>ent_amb_candle_flame</asset><asset>muz_assault_rifle_fp</asset><asset>ped_foot_chickenfarm</asset><asset>exp_grd_grenade</asset><asset>ent_amb_wfall_splash_sml</asset><asset>exp_grd_vehicle_spawn</asset><asset>ent_dst_electrical</asset><asset>bul_carmetal</asset><asset>veh_slipstream</asset><asset>exp_grd_boat</asset><asset>ent_amb_leaves_oak_g</asset><asset>wheel_fric_hard_dusty_Tank</asset><asset>water_jetski_bow1_mounted</asset><asset>veh_vent_plane_duster</asset><asset>fire_wrecked_truck</asset><asset>ent_amb_wind_tree_leaves</asset><asset>water_cannon_jet</asset><asset>ent_ray_ch2_farm_smoke_dble</asset><asset>ent_ray_heli_aprtmnt_exp</asset><asset>env_dust_devil_rural_sma</asset><asset>ent_dst_concrete</asset><asset>ent_ray_heli_aprtmnt_sprk_wrs</asset><asset>env_wind_debris_city</asset><asset>ent_sht_blood</asset><asset>exp_grd_propane</asset><asset>veh_vent_plane_lazer</asset><asset>fire_wrecked_bike</asset><asset>veh_panel_shut_tank</asset><asset>water_boat_exit</asset><asset>bang_sand_underwater</asset><asset>ent_sht_paper_bails</asset><asset>ent_amb_smoke_general</asset><asset>blood_entry_shotgun</asset><asset>ent_dst_upholstery</asset><asset>veh_exhaust_velum</asset><asset>ent_amb_elec_crackle_sp</asset><asset>_fog_plane</asset><asset>exp_grd_sticky_lod</asset><asset>blood_entry_sniper</asset><asset>wheel_decal_mud_Bike</asset><asset>fire_object</asset><asset>proj_disturb_dust</asset><asset>bullet_shotgun_tracer</asset><asset>ent_ray_ch2_farm_fire_l_l_l</asset><asset>ent_amb_foundry_heat_haze</asset><asset>ent_dst_donuts</asset><asset>wheel_fric_sandWet_LOD</asset><asset>water_splash_sub_in</asset><asset>veh_wind_litter_dir</asset><asset>ent_amb_cig_smoke_linger</asset><asset>ent_dst_hobo_trolley</asset><asset>shark_underwater_trails</asset><asset>ent_anim_pneumatic_drill</asset><asset>ped_breath_water</asset><asset>bul_chickenfarm</asset><asset>proj_grenade_trail</asset><asset>exp_grd_vehicle_post</asset><asset>weap_hvy_turbulance_sand</asset><asset>ent_col_electrical</asset><asset>veh_exhaust_vulkan</asset><asset>veh_plane_propeller_destroy</asset><asset>scr_fbi_falling_dust</asset><asset>proj_grenade_smoke</asset><asset>scr_agency3b_sprinkler_off</asset><asset>ent_brk_blood</asset><asset>exp_grd_bzgas_smoke</asset><asset>ent_sht_petrol_fire</asset><asset>ent_amb_water_drips_spawned_lg</asset><asset>ent_amb_abattoir_saw_blood</asset><asset>bul_decal_water</asset><asset>veh_exhaust_truck_rig</asset><asset>ent_amb_snow_mist_upper</asset><asset>wheel_decal_water_Tank</asset><asset>ent_amb_fbi_falling_debris</asset><asset>ent_dst_elec_fire</asset><asset>env_dust_motes_int_hvy</asset><asset>exp_grd_petrol_pump_spawn</asset><asset>fire_wrecked_car_vent</asset><asset>water_splash_shark_wade</asset><asset>veh_panel_shut_feltzer2010</asset><asset>wheel_fric_gravel_Bike</asset><asset>ent_dst_newspaper</asset><asset>ent_brk_wood_planks</asset><asset>mel_glass</asset><asset>blood_headshot</asset><asset>ent_dst_wet_sand</asset><asset>blood_throat</asset><asset>fire_wrecked_boat</asset><asset>trail_splash_water</asset><asset>ent_anim_bm_water_mist</asset><asset>ent_amb_fly_zapped_spawned</asset><asset>exp_grd_rpg_sp</asset><asset>env_bar_haze</asset><asset>exp_grd_sticky</asset><asset>veh_petrol_leak_bullet</asset><asset>sp_ent_sparking_wires</asset><asset>exp_grd_gas_can</asset><asset>ent_amb_sewer_drips_spawned</asset><asset>ent_amb_sprinkler_city</asset><asset>water_splash_sub_out</asset><asset>ent_amb_fbi_smoke_ramp_lt</asset><asset>veh_exhaust_tug</asset><asset>glass_windscreen</asset><asset>ent_dst_elec_crackle</asset><asset>proj_molotov_flame_fp</asset><asset>eject_heli_gun</asset><asset>ent_sht_extinguisher</asset><asset>ent_amb_stoner_dust_drop</asset><asset>ent_anim_gardener_plant</asset><asset>wheel_fric_hard_tank</asset><asset>veh_panel_open_carHK</asset><asset>water_splash_animal_wade</asset><asset>fire_wheel</asset><asset>veh_light_red_trail</asset><asset>ent_amb_falling_cherry_bloss</asset><asset>ped_foot_decal_petrol</asset><asset>ent_dst_inflatable</asset><asset>bang_carmetal</asset><asset>wtr_sea_pole_splash</asset><asset>bang_blood_car</asset><asset>ent_amb_vent_haze_sm</asset><asset>water_splash_ped</asset><asset>ent_amb_int_fireplace_sml</asset><asset>muz_tank</asset><asset>ent_amb_pro_elec_fires</asset><asset>wheel_decal_oil_Bike</asset><asset>veh_wingtip</asset><asset>ent_sht_cardboard</asset><asset>exp_grd_vehicle_sp</asset><asset>proj_laser_player</asset><asset>ent_amb_river_splash_gen</asset><asset>exp_grd_tankshell</asset><asset>ent_amb_foundry_steam</asset><asset>water_jetski_rev</asset><asset>ped_parachute_trail</asset><asset>env_interior_foundry</asset><asset>ent_amb_water_drips_med</asset><asset>rim_fric_hard</asset><asset>wheel_fric_grass_LOD</asset><asset>ent_brk_coins</asset><asset>ent_amb_rapid_dir_spray</asset><asset>veh_sub_dive</asset><asset>ent_amb_fbi_fire_fogball</asset><asset>ent_anim_animal_graze</asset><asset>exp_air_blimp</asset><asset>muz_minigun_alt</asset><asset>ent_amb_stoner_falling_wchips</asset><asset>wheel_decal_water_deep</asset><asset>exp_grd_rpg_plane_sp</asset><asset>veh_exhaust_truck</asset><asset>blood_mist_prop</asset><asset>env_wind_debris_woodland</asset><asset>bullet_tracer_jet</asset><asset>ent_amb_leaves_ficus_g</asset><asset>veh_overturned_exhaust</asset><asset>blood_entry</asset><asset>eject_shotgun</asset><asset>muz_alternate_star</asset><asset>sp_fire_trail_heli</asset><asset>ent_brk_uprooted</asset><asset>ent_amb_foundry_steam_spawn</asset><asset>ent_amb_int_waterfall_splash</asset><asset>exp_grd_barrel</asset><asset>exp_grd_vehicle</asset><asset>ent_amb_wind_litter</asset><asset>muz_shotgun</asset><asset>ent_ray_heli_aprtmnt_h_fire</asset><asset>veh_downwash_dirt</asset><asset>water_jetski_exit</asset><asset>exp_grd_rpg_lod</asset><asset>weap_petrol_can</asset><asset>fire_ped_smoulder</asset><asset>ent_amb_fly_zapped</asset><asset>veh_air_debris</asset><asset>ent_sht_dust</asset><asset>veh_panel_open_truck</asset><asset>ent_amb_fbi_fire_dub_door</asset><asset>wheel_fric_sand_Bike</asset><asset>wheel_fric_leaves</asset><asset>env_dust_devil_rural_lrg</asset><asset>bullet_tracer</asset><asset>ent_dst_chick_carcass</asset><asset>ent_amb_sewer_drips_sm</asset><asset>wheel_burnout</asset><asset>scrape_sand</asset><asset>ent_amb_cockroach_swarm</asset><asset>ent_amb_generator_smoke</asset><asset>muz_laser</asset><asset>env_gunsmoke_paper_factory</asset><asset>veh_vent_heli</asset><asset>ent_amb_river_mist_gen</asset><asset>ent_amb_insect_swarm</asset><asset>bul_tarmac_heli</asset><asset>muz_smoking_barrel_rocket</asset><asset>ent_amb_fire_gaswork</asset><asset>ent_amb_cluckb_steam</asset><asset>water_amph_quad_entry</asset><asset>ent_col_tree_leaves</asset><asset>ent_amb_stoner_woodchip_drop</asset><asset>water_splash_veh_trail</asset><asset>ent_dst_inflate_ball_clr</asset><asset>exp_grd_gren_sp</asset><asset>wheel_fric_leaves_Tank</asset><asset>weap_extinguisher</asset><asset>env_wind_debris_desert</asset><asset>ent_brk_banknotes</asset><asset>ent_amb_fountain_mansion2</asset><asset>ent_amb_stoner_rubble_drop</asset><asset>ped_foot_bushes</asset><asset>ent_amb_sol1_plane_wreck</asset><asset>wheel_fric_mud_Bike</asset><asset>veh_wheel_burst</asset><asset>fire_vehicle</asset><asset>ent_anim_cig_exhale_mth</asset><asset>ped_water_drips</asset><asset>ent_ray_paleto_gas_plume_amb_L</asset><asset>eject_pistol</asset><asset>glass_side_window_PC</asset><asset>water_splash_plane_wade</asset><asset>ent_amb_cockroaches</asset><asset>ped_bang_sand_underwater</asset><asset>veh_exhaust_plane_misfire</asset><asset>ent_dst_pineapple</asset><asset>ped_foot_water_puddle</asset><asset>ent_amb_bubble_stream</asset><asset>ped_wade_mud</asset><asset>ent_dst_metal_frag</asset><asset>water_splash_bicycle_out</asset><asset>ent_amb_fbi_live_wires</asset><asset>veh_air_turbulance_sand</asset><asset>eject_shotgun_fp</asset><asset>exp_grd_plane_spawn</asset><asset>mp_parachute_smoke</asset><asset>_fog_foundry</asset><asset>ent_dst_mail</asset><asset>weap_hvy_turbulance_foliage</asset><asset>ent_amb_abattoir_carcass</asset><asset>ent_anim_hen_flee</asset><asset>ent_col_falling_snow</asset><asset>exp_sht_extinguisher</asset><asset>ent_dst_crispbags</asset><asset>wheel_spin_sand</asset><asset>water_boat_LOD</asset><asset>ent_sht_beer_containers</asset><asset>veh_exhaust_start</asset><asset>ent_amb_wfall_splash_lg</asset><asset>ent_amb_fbi_smoke_creep</asset><asset>bang_metal</asset><asset>fire_ped_limb</asset><asset>water_amph_quad_bow_mounted</asset><asset>ent_amb_water_drips_dam_med</asset><asset>veh_air_turbulance_foliage</asset><asset>ent_amb_trop_fish_swarm</asset><asset>ent_ray_heli_aprtmnt_s_fire_sq</asset><asset>ent_anim_cig_exhale_nse_car</asset><asset>veh_exhaust_misfire</asset><asset>bullet_tracer_mg</asset><asset>wheel_fric_gravel_Tank</asset><asset>ent_amb_fbi_smoke_door_lt</asset><asset>proj_molotov_trail</asset><asset>veh_vent_plane</asset><asset>veh_light_clear</asset><asset>scrape_dirt_dry</asset><asset>ent_amb_fbi_smoke_land_hvy</asset><asset>fire_wrecked_rc</asset><asset>wheel_decal_petrol</asset><asset>ent_ray_paleto_gas_plume_amb</asset><asset>water_cannon_spray</asset><asset>ent_amb_cold_air_vent</asset><asset>bul_stungun</asset><asset>wheel_decal_sand_deep</asset><asset>blood_mouth</asset><asset>veh_exhaust_cuban800</asset><asset>proj_laser_enemy</asset><asset>water_splash_plane_out</asset><asset>ent_amb_wfall_splash_med</asset><asset>ent_amb_falling_leaves_l</asset><asset>fire_wrecked_heli</asset><asset>ent_brk_cactus</asset><asset>liquid_splash_water</asset><asset>bang_dirt_dry</asset><asset>proj_rpg_trail</asset><asset>water_heli_blades</asset><asset>bul_plaster_brittle</asset><asset>env_wind_sand_dune</asset><asset>ent_amb_fbi_fire_lg</asset><asset>fire_wrecked_tank_cockpit</asset><asset>eject_sniper_amrifle</asset><asset>bul_decal_mud</asset><asset>bul_brick_heli</asset><asset>scrape_blood_car</asset><asset>wheel_spin_water</asset><asset>ent_amb_water_drips_sm</asset><asset>ent_amb_fbi_smoke_stair_gather</asset><asset>wheel_decal_oil</asset><asset>veh_faggio_exhaust</asset><asset>td_blood_melee_blunt</asset><asset>wheel_fric_mud</asset><asset>lens_test</asset><asset>ent_amb_floating_debris</asset><asset>ent_col_gen_tree_dust</asset><asset>weap_heist_flare_trail</asset><asset>bang_hydraulics</asset><asset>exp_air_plane_rpg_spawn</asset><asset>ent_ray_heli_aprtmnt_silt</asset><asset>ent_amb_smoke_foundry_white</asset><asset>wheel_decal_blood_Bike</asset><asset>wheel_decal_mud_Tank</asset><asset>ent_amb_trev1_trailer_sp_f</asset><asset>ent_amb_dry_ice_vent</asset><asset>sp_foundry_sparks</asset><asset>ent_amb_waterfall_pool</asset><asset>muz_smg</asset><asset>eject_pistol_fp</asset><asset>scr_fbi_ground_debris</asset><asset>env_stripclub_haze</asset><asset>blood_stungun</asset><asset>veh_wingtip_cargo</asset><asset>bul_bushes</asset><asset>bang_plastic</asset><asset>ent_amb_stoner_falling_debris</asset><asset>ent_sht_extinguisher_water</asset><asset>fire_map</asset><asset>ent_amb_fountain_pour</asset><asset>weap_veh_turbulance_water</asset><asset>weap_smoke_grenade</asset><asset>water_splash_generic</asset><asset>scrape_blood</asset><asset>ent_amb_moths_cupboard</asset><asset>bul_glass_heli</asset><asset>ent_amb_smoke_factory_white</asset><asset>muz_railgun</asset><asset>exp_air_rpg</asset><asset>eject_sniper</asset><asset>veh_vent_plane_titan</asset><asset>ent_sht_rubbish</asset><asset>water_jetmax_exit</asset><asset>wheel_fric_sand_Tank</asset><asset>ent_amb_trevor_tap_drip</asset><asset>veh_exhaust_cargo</asset><asset>td_blood_pistol</asset><asset>ent_amb_fbi_smoke_ramp_hvy</asset><asset>veh_debris_trail</asset><asset>wtr_rocks_rnd_splash</asset><asset>ent_ray_fin_petrol_splash</asset><asset>veh_exhaust_trailer_chimney</asset><asset>fire_wrecked_bus</asset><asset>veh_exhaust_afterburner</asset><asset>ent_amb_fbi_smoke_ramp_med</asset><asset>exp_grd_rpg_spawn</asset><asset>ent_dst_snow_tombs</asset><asset>exp_grd_rpg_plane</asset><asset>ent_amb_steam_vent_open_hvy</asset><asset>glass_shards</asset><asset>ent_sht_telegraph_pole</asset><asset>ent_dst_rocks</asset><asset>ent_amb_steam_vent_rnd_hvy</asset><asset>ent_amb_fbi_smoke_land_med</asset><asset>ent_amb_smoke_factory</asset><asset>eject_smg_fp</asset><asset>ent_dst_box_noodle</asset><asset>ent_amb_wind_litter_dust_swirl</asset><asset>exp_air_grenade</asset><asset>ent_amb_acid_bath</asset><asset>blood_melee_blunt</asset><asset>fire_petroltank_boat</asset><asset>fire_ped_body</asset><asset>blood_armour</asset><asset>ent_dst_bread</asset><asset>water_splash_veh_wade</asset><asset>ent_amb_fbi_door_smoke</asset><asset>ent_amb_fbi_smoke_door_hvy</asset><asset>ped_wade_sand</asset><asset>exp_air_blimp2</asset><asset>veh_vent_bike</asset><asset>veh_rotor_break_tail</asset><asset>scrape_concrete</asset><asset>muz_pistol</asset><asset>water_boat_dinghy_bow</asset><asset>ent_brk_sparking_wires_sp</asset><asset>ped_breath</asset><asset>ent_amb_stoner_landing</asset><asset>ped_underwater_trails</asset><asset>bul_sand_loose</asset><asset>ped_foot_decal_blood</asset><asset>water_splash_bicycle_in</asset><asset>lens_water</asset><asset>veh_wheel_puncture</asset><asset>veh_wheel_puncture_rc</asset><asset>wheel_spin_sandWet</asset><asset>ent_amb_fbi_fire_sm</asset><asset>water_splash_bike_trail</asset><asset>ped_breath_scuba</asset><asset>ent_ray_paleto_gas_window_fire</asset><asset>water_splash_bicycle_trail</asset><asset>blood_fall</asset><asset>env_wind_debris_mountain</asset><asset>ent_dst_pumpkin</asset><asset>ent_amb_water_roof_pour_long</asset><asset>sp_fire_trail_plane</asset><asset>wheel_fric_dusty_LOD</asset><asset>ent_amb_waterfall_runoff</asset><asset>ent_dst_ceramics</asset><asset>wheel_decal_sand_wet_deep</asset><asset>veh_sub_leak</asset><asset>ent_amb_water_roof_pour</asset><asset>ent_dst_egg_mulch</asset><asset>wheel_decal_puddle</asset><asset>wheel_fric_hard_Bike</asset><asset>ent_dst_gen_choc</asset><asset>proj_molotov_flame</asset><asset>env_smoke_fbi_thin</asset><asset>ent_dst_litter</asset><asset>water_splash_bicycle_wade</asset><asset>scr_agency3b_sprinkler_on</asset><asset>water_amph_car_bow_mounted</asset><asset>veh_exhaust_boat</asset><asset>veh_air_turbulance_water</asset><asset>fire_extinguish</asset><asset>wheel_fric_hard_dusty</asset><asset>ped_blood_drips</asset><asset>veh_air_turbulance_default</asset><asset>ent_anim_blown_radiator</asset><asset>bul_grass_heli</asset><asset>ent_amb_fly_swarm</asset><asset>exp_grd_rpg</asset><asset>ent_amb_falling_leaves_s</asset><asset>ent_anim_bbq</asset><asset>veh_oil_leak</asset><asset>ent_amb_rapid_dir_splash</asset><asset>muz_smg_fp</asset><asset>bul_dirt</asset><asset>bul_decal_petrol</asset><asset>bul_tarmac</asset><asset>fire_petroltank_bike</asset><asset>ent_amb_vent_haze_lg</asset><asset>veh_downwash_water</asset><asset>ped_foot_sand_wet_deep</asset><asset>wheel_decal_blood</asset><asset>env_fog</asset><asset>blood_wheel</asset><asset>veh_petrol_leak_bike</asset><asset>ent_amb_int_waterfall_runoff</asset><asset>ent_dst_glass_bulb</asset><asset>env_dust_motes</asset><asset>ent_sht_electrical_box</asset><asset>ent_amb_fbi_smoke_edge_lip</asset><asset>ent_amb_fbi_smoke_linger_lt</asset><asset>ent_amb_water_roof_drips</asset><asset>ent_dst_dust</asset><asset>ent_amb_int_fireplace</asset><asset>wheel_decal_water</asset><asset>ent_amb_wind_leaves_swirl</asset><asset>ent_dst_rocks_small</asset><asset>fire_map_slow</asset><asset>ent_amb_waterfall_splash</asset><asset>ent_amb_dry_ice_area</asset><asset>fire_petrol_pool</asset><asset>water_splash_bike_in</asset><asset>ent_anim_fish_flee_bubbles</asset><asset>bang_sand</asset><asset>fire_petrol_half</asset><asset>ent_anim_cig_smoke_car</asset><asset>ent_amb_fbi_fire_wall_sm</asset><asset>veh_petrol_leak</asset><asset>ent_dst_inflate_lilo</asset><asset>eject_sniper_heavy</asset><asset>exp_grd_petrol_pump_post</asset><asset>env_smoke_grenade</asset><asset>bul_water</asset><asset>ent_sht_feathers</asset><asset>ent_brk_champagne_case</asset><asset>ent_anim_fish_breath_bubbles</asset><asset>wheel_fric_grass_Tank</asset><asset>glass_side_window</asset><asset>ent_ray_prologue_elec_crackle_sp</asset><asset>trail_splash_petrol</asset><asset>muz_minigun</asset><asset>ped_wade_sand_wet</asset><asset>wheel_decal_puddle_Bike</asset><asset>water_boat_Marques_bow</asset><asset>veh_exhaust_car</asset><asset>ent_amb_snow_mist_base</asset><asset>ped_parachute_canopy_trail</asset><asset>ent_amb_foundry_arc_heat</asset><asset>veh_rotor_break</asset></category><category name="core_snow"><asset>wheel_fric_snow</asset><asset>cs_mich1_spade_dirt_throw</asset><asset>scrape_snow</asset><asset>lens_snow</asset><asset>bul_snow</asset><asset>bang_snow</asset><asset>wheel_fric_snow_Bike</asset><asset>wheel_fric_snow_loose</asset><asset>cs_mich1_spade_dirt_impact</asset><asset>cs_mich1_spade_dirt_trail</asset><asset>wheel_spin_snow</asset><asset>veh_roof_snow</asset><asset>ped_wade_snow</asset><asset>ped_foot_snow</asset><asset>wheel_fric_snow_LOD</asset></category><category name="cut_agencyheist"><asset>sp_petrolcan_splash_CS</asset><asset>cs_agency_toaster_smoke</asset><asset>cs_weap_petrol_can</asset></category><category name="cut_amb_tv"><asset>cs_amb_tv_peeing</asset><asset>liquid_splash_pee</asset><asset>cs_mich1_lighter_flame</asset><asset>cs_amb_tv_book_burn</asset><asset>cs_amb_tv_sauna_steam</asset><asset>cs_mich1_lighter_sparks</asset></category><category name="cut_arena"><asset>cs_arena_car_exhaust</asset></category><category name="cut_armenian1"><asset>cs_arm2_muz_smg</asset><asset>cs_ped_foot_dusty</asset></category><category name="cut_armenian2"><asset>eject_minigun</asset><asset>eject_auto</asset><asset>muz_assault_rifle</asset><asset>cs_bike_exhaust</asset><asset>blood_entry</asset><asset>eject_pistol</asset><asset>muz_smg</asset><asset>muz_pistol</asset><asset>veh_exhaust_car</asset></category><category name="cut_bigscore"><asset>cs_dry_ice_point</asset><asset>cs_dry_ice_freezer_floor</asset><asset>cs_dry_ice_freezer_door</asset></category><category name="cut_bigscr"><asset>cs_bigscr_eject_shotgun</asset><asset>cs_bigscr_muz_shotgun</asset><asset>cs_bigscr_muz_ar</asset><asset>cs_bigscr_beer_spray</asset><asset>cs_bigscr_eject_auto</asset><asset>cs_bigscr_cig_smoke</asset><asset>cs_bigscr_muz_smg</asset><asset>cs_bigscr_cig_exhale_mouth</asset><asset>cut_bigscr_vomit</asset></category><category name="cut_carsteal1"><asset>cs_wheel_fric_sand_Bike</asset><asset>veh_exhaust_car</asset></category><category name="cut_carsteal5"><asset>cs_car2_bang_blood</asset><asset>veh_exhaust_car</asset></category><category name="cut_chinese1"><asset>cs_ch1_bourbon_pour</asset><asset>cs_dry_ice_point</asset><asset>cs_ch1_veh_exhaust_car</asset><asset>cs_head_kick_blood</asset><asset>cs_cig_exhale_mouth</asset><asset>cs_cig_smoke</asset><asset>cs_dry_ice_freezer_floor</asset><asset>cs_dry_ice_freezer_door</asset><asset>cs_cig_exhale_nose</asset><asset>cs_ch1_head_bang_blood</asset></category><category name="cut_exile1"><asset>ent_amb_sparking_wires_sm_sp</asset><asset>cs_ex1_plane_spark_L</asset><asset>cs_ex1_plane_spark_R</asset><asset>ent_amb_peeing</asset><asset>liquid_splash_pee</asset><asset>bul_carmetal</asset><asset>bullet_shotgun_tracer</asset><asset>cs_ex1_plane_debris_trail</asset><asset>cs_ex1_wing_smoulder</asset><asset>eject_shotgun</asset><asset>cs_ex1_plane_break_L</asset><asset>muz_shotgun</asset><asset>cs_ex1_plane_impacts</asset><asset>cs_ex1_sparking_wires_sm</asset><asset>cs_ex1_plane_break_R</asset><asset>cs_ex1_elec_malfunction</asset><asset>muz_pistol</asset><asset>cs_ex1_cargo_fire</asset></category><category name="cut_exile2"><asset>cs_exile2_gas_liquid_pour</asset><asset>wheel_fric_sand</asset><asset>cs_fridge_door_cold_mist</asset><asset>cs_ex2_jeep_crash</asset><asset>sp_petrolcan_splash_CS</asset><asset>cs_exile2_iron_steam</asset><asset>scr_ex2_jeep_engine_fire</asset><asset>cs_weap_petrol_can</asset></category><category name="cut_exile3"><asset>cs_ex3_wheel_spin</asset><asset>cs_ex1_water_body</asset><asset>cs_ex1_water_box</asset><asset>cs_ex3_sand_dust</asset><asset>cs_ex1_water_arms</asset><asset>cs_ex3_water_drips</asset></category><category name="cut_extreme"><asset>cs_extr_bang_dirt</asset><asset>cs_ped_foot_dusty</asset></category><category name="cut_family1"><asset>cs_cig_smoke_stub_out</asset><asset>cs_cig_exhale_mouth</asset><asset>cs_cig_smoke</asset><asset>cs_fam6_hair_snip</asset><asset>cs_mich1_lighter_flame</asset><asset>cs_cig_exhale_nose</asset><asset>cs_fam1_bourbon_pour</asset><asset>cs_mich1_lighter_sparks</asset><asset>veh_exhaust_car</asset></category><category name="cut_family2"><asset>cs_cig_smoke_stub_out</asset><asset>cs_cig_exhale_mouth</asset><asset>cs_cig_smoke_inhale</asset><asset>cs_cig_smoke</asset><asset>cs_fam2_radio_splash</asset><asset>cs_fam2_foot_sand</asset><asset>cs_fam2_ped_splash</asset><asset>ped_water_drips</asset><asset>cs_cig_exhale_nose</asset><asset>cs_fam2_ped_water_splash</asset><asset>cs_water_splash_jetski</asset></category><category name="cut_family3"><asset>cs_fam3_drool_drip</asset><asset>cs_cig_smoke</asset><asset>cs_fam3_brk_pot_plant</asset><asset>cs_fam3_cig_exhale_mouth</asset><asset>cs_mich1_lighter_flame</asset><asset>cs_cig_exhale_nose</asset><asset>cs_mich1_lighter_sparks</asset></category><category name="cut_family4"><asset>cs_fam4_fridge_door</asset><asset>cs_fam4_juice_pour</asset><asset>cs_fam4_water_pour</asset><asset>cs_fam4_juice_spit</asset><asset>cs_fam4_juice_splash</asset><asset>cs_fam4_shot_chandelier</asset><asset>cs_fam4_whiskey_splash</asset><asset>wheel_decal_water_deep</asset><asset>cs_fam4_liquid_broccoli</asset><asset>cs_fam4_juice_shot</asset><asset>cs_fam4_whiskey_pour</asset><asset>water_splash_veh_wade</asset><asset>muz_pistol</asset></category><category name="cut_family5"><asset>cs_fam5_water_splash_ped_out</asset><asset>cs_fam5_water_splash_ped</asset><asset>cs_alien_light_bed</asset><asset>cs_fam5_bourbon_pour</asset><asset>cs_alien_hand_light</asset><asset>cs_cig_exhale_mouth</asset><asset>cs_cig_smoke</asset><asset>cs_fam5_water_splash_ped_in</asset><asset>ped_breath_water</asset><asset>cs_fam4_whiskey_splash</asset><asset>cs_mich1_lighter_flame</asset><asset>cs_cig_exhale_nose</asset><asset>cs_fam5_ped_water_drips</asset><asset>cs_fam5_water_splash_ped_wade</asset><asset>ped_underwater_trails</asset><asset>cs_fam5_michael_pool_splash</asset><asset>cs_mich1_lighter_sparks</asset></category><category name="cut_fbi2"><asset>cs_fib2_blood_hand</asset><asset>veh_downwash</asset><asset>ped_foot_dirt_dry</asset></category><category name="cut_fbi3"><asset>cs_wheel_fric_sand_Bike</asset><asset>cs_cig_exhale_mouth</asset><asset>cs_cig_smoke</asset><asset>cs_mich1_lighter_flame</asset><asset>cs_cig_exhale_nose</asset><asset>cs_mich1_lighter_sparks</asset><asset>cs_fib3_syringe</asset></category><category name="cut_fbi4"><asset>cs_water_stone_throw</asset></category><category name="cut_fbi5a"><asset>cs_fbi5a_blood_entry</asset><asset>wheel_fric_sand</asset><asset>cs_fbi5a_muz_pistol</asset><asset>ped_talk_water</asset><asset>cs_trev1_dusty_kick</asset><asset>ped_water_drips</asset></category><category name="cut_fbi5b"><asset>ped_foot_dusty</asset><asset>cs_cig_exhale_mouth</asset><asset>cs_cig_smoke</asset><asset>cs_cig_exhale_nose</asset></category><category name="cut_finale1"><asset>veh_exhaust_hidden</asset><asset>cs_wheel_fric_sand_Bike</asset><asset>cs_finale2_dust_cloud</asset><asset>cs_finale1_car_explosion_surge_spawn</asset><asset>cs_fin_car_radiator_smoke</asset><asset>cs_finale1_car_splash_impact</asset><asset>cs_fin_bul_carmetal</asset><asset>cs_cig_exhale_mouth</asset><asset>cs_finale1_car_splash</asset><asset>cs_fbi5a_muz_pistol</asset><asset>cs_cig_exhale_mouth_finale</asset><asset>cs_cig_smoke</asset><asset>wheel_fric_dirt_dry</asset><asset>cs_fin_car_impact</asset><asset>bang_carmetal</asset><asset>cs_mich1_lighter_flame</asset><asset>cs_fin_car_cliff_debris</asset><asset>veh_exhaust_truck</asset><asset>cs_finale1_car_explosion</asset><asset>cs_cig_exhale_nose</asset><asset>cs_finale_car_explosion_splashes_spawn</asset><asset>exp_grd_rpg_spawn</asset><asset>cs_fin_bang_carmetal</asset><asset>cs_finale3_punch_blood</asset><asset>cs_mich1_lighter_sparks</asset><asset>cs_water_splash_jetski</asset><asset>veh_exhaust_car</asset></category><category name="cut_franklin0"><asset>cs_franklin0_scrape_bike</asset><asset>wheel_burnout</asset><asset>wheel_fric_hard_Bike</asset><asset>cs_franklin0_dog_shake</asset><asset>cs_franklin0_dog_drool</asset><asset>veh_exhaust_car</asset></category><category name="cut_franklin1"><asset>cs_frank1_coke_sniff</asset><asset>cs_frank1_coke_impact</asset><asset>cs_franklin1_dry_wall</asset><asset>cs_frank1_coke_drip</asset><asset>cs_water_splash_jetski</asset></category><category name="cut_gr_intro"><asset>cs_gr_muz_assault_rifle</asset></category><category name="cut_humane_fin"><asset>exp_hum_fin_heli_sp</asset><asset>ped_foot_dusty</asset><asset>exp_hum_fin_heli_spawn</asset><asset>sp_hum_fin_heli_fire_trail</asset><asset>exp_hum_fin_heli</asset><asset>wheel_fric_hard_dusty</asset><asset>veh_exhaust_car</asset></category><category name="cut_humane_key"><asset>bul_concrete</asset><asset>bul_carmetal</asset><asset>blood_entry</asset><asset>eject_pistol</asset><asset>muz_pistol</asset></category><category name="cut_iaaj"><asset>bullet_tracer_xm_thruster_mg</asset><asset>muz_xm_thruster_mg</asset><asset>veh_thruster_jet</asset><asset>veh_xm_thruster_afterburner</asset></category><category name="cut_jewelheist"><asset>cs_jewel_door_smoke</asset><asset>cs_jh_bourbon_pour</asset><asset>cs_cig_exhale_mouth</asset><asset>cs_cig_smoke</asset><asset>cs_jewel_grenade_burst</asset><asset>cs_cig_exhale_nose</asset><asset>scr_jewel_haze</asset></category><category name="cut_jh_trev"><asset>cs_jh_bourbon_pour</asset><asset>cs_trev1_crackpipe_smoke</asset><asset>cs_head_kick_blood</asset><asset>cs_trev1_beer_bottle</asset><asset>cs_cig_exhale_mouth</asset><asset>cs_cig_smoke</asset><asset>cs_trev1_dusty_kick</asset><asset>cs_trev1_lighter_sparks</asset><asset>cs_trev1_trailer_wash</asset><asset>cs_trev1_lighter_flame</asset><asset>cs_cig_exhale_nose</asset></category><category name="cut_josh_4"><asset>scr_josh3_house_smoked</asset></category><category name="cut_lamar1"><asset>cs_lemar_blood_entry</asset><asset>blood_entry</asset><asset>cs_cig_smoke_lamar</asset><asset>muz_pistol</asset></category><category name="cut_lester1a"><asset>cs_cig_exhale_mouth</asset><asset>cs_cig_smoke</asset><asset>cs_mich1_lighter_flame</asset><asset>cs_cig_exhale_nose</asset><asset>cs_lest1_cig_smoke</asset><asset>cs_mich1_lighter_sparks</asset></category><category name="cut_lester1b"><asset>scr_blood_head_entry</asset><asset>cs_lest1_phone_exp</asset><asset>scr_exp_phone_head</asset><asset>scr_camera_flash</asset><asset>scr_blood_head_exit</asset></category><category name="cut_martin1"><asset>cs_sol1_plane_wreck_smoke</asset><asset>scr_sol1_plane_wreck</asset><asset>cs_martin1_wheel_dust</asset></category><category name="cut_michael1"><asset>cs_mich1_pick_dirt_impact</asset><asset>cs_cig_smoke_stub_out</asset><asset>cs_mich1_spade_dirt_throw</asset><asset>cs_mich1_tool_dirt_impact</asset><asset>cs_cig_exhale_mouth</asset><asset>cs_ped_foot_snow</asset><asset>cs_cig_smoke</asset><asset>cs_mich1_breath</asset><asset>cs_mich1_pick_dirt_trail</asset><asset>bul_carmetal</asset><asset>veh_exhaust_vulkan</asset><asset>cs_mich1_spade_dirt_impact</asset><asset>cs_mich1_spade_dirt_trail</asset><asset>eject_pistol</asset><asset>cs_cig_exhale_nose</asset><asset>muz_pistol</asset></category><category name="cut_michael2"><asset>eject_auto</asset><asset>cs_bul_concrete</asset><asset>muz_assault_rifle</asset><asset>cs_mich2_blood_nose</asset><asset>liquid_splash_blood</asset><asset>cs_ped_foot_snow</asset><asset>cs_mich_bul_carmetal</asset><asset>cs_mich2_mud_flower</asset><asset>cs_chaingun_muz</asset><asset>eject_pistol</asset><asset>muz_pistol</asset><asset>cs_mich2_blood_head_leak</asset></category><category name="cut_minute2"><asset>eject_auto</asset><asset>muz_assault_rifle</asset><asset>cs_mich3_blood_entry</asset><asset>ped_foot_dusty</asset><asset>cs_mich3_blood_exit</asset><asset>cs_rc_minuteman1_spit</asset><asset>eject_pistol</asset><asset>cs_mich3_head_shot</asset><asset>muz_pistol</asset></category><category name="cut_narcotic_bike"><asset>cs_dst_impotent_rage_toy</asset></category><category name="cut_narcotic_fin"><asset>cs_nar_fin_trevor_splash</asset><asset>cs_nar_fin_trevor_arm_drips</asset><asset>cs_fam5_water_splash_ped_out</asset><asset>cs_fam2_ped_splash</asset><asset>eject_pistol</asset><asset>muz_pistol</asset><asset>bul_dirt</asset></category><category name="cut_omega2"><asset>cs_omega2_ambient_smoke</asset><asset>cs_omega2_ufo</asset></category><category name="cut_pacific_fin"><asset>bul_wood_splinter</asset><asset>water_boat_wash</asset><asset>water_boat_prop</asset><asset>wheel_fric_hard</asset><asset>cs_pac_fin_skid_smoke</asset><asset>water_boat_dinghy_bow</asset></category><category name="cut_paletoscore"><asset>cs_paleto_vomit</asset><asset>scr_paleto_banknotes</asset><asset>cs_cbh_heli_gas_sign</asset><asset>cs_cbh_heli_roof</asset><asset>wheel_fric_sand</asset><asset>cs_cig_exhale_mouth</asset><asset>cs_paleto_blowtorch</asset><asset>ent_amb_peeing</asset><asset>cs_cig_smoke</asset><asset>liquid_splash_pee</asset><asset>bul_carmetal</asset><asset>bullet_shotgun_tracer</asset><asset>cs_paleto_bowl_steam</asset><asset>cs_paleto_torch</asset><asset>muz_minigun_alt</asset><asset>eject_shotgun</asset><asset>muz_shotgun</asset><asset>cs_cig_exhale_nose</asset><asset>liquid_splash_water</asset><asset>cs_paleto_gate_kick</asset><asset>cs_cbh_heli_smoke</asset><asset>muz_minigun</asset><asset>veh_exhaust_car</asset></category><category name="cut_portoflsheist"><asset>cs_pls_sub_water_drips</asset><asset>cs_pls_head_bang_blood</asset><asset>cs_pls_ped_splash</asset><asset>cs_pls_tea_pour</asset><asset>cs_ped_foot_dusty</asset></category><category name="cut_prison_break"><asset>cs_cig_exhale_mouth</asset><asset>cs_cig_smoke_inhale</asset><asset>cs_cig_smoke</asset><asset>cs_cig_exhale_nose</asset></category><category name="cut_prologue"><asset>cs_prologue_brad_blood</asset><asset>eject_auto</asset><asset>cs_pro_wheel_snow</asset><asset>scr_prol_ped_slush</asset><asset>cs_pro_train_sparks</asset><asset>cs_pro_muz_shotgun</asset><asset>cs_cig_exhale_mouth</asset><asset>cs_prologue_tree_crash</asset><asset>cs_ped_foot_snow</asset><asset>cs_prologue_michael_shot</asset><asset>cs_cig_smoke</asset><asset>cs_pro_car_train_impact</asset><asset>cs_prologue_train_crash</asset><asset>cs_cig_exhale_mouth_prologue</asset><asset>cs_pro_car_crash_snow</asset><asset>cs_pro_blood_exit</asset><asset>wheel_fric_snow_loose</asset><asset>cs_pro_ped_breath</asset><asset>wheel_burnout_snow</asset><asset>cs_pro_car_impact</asset><asset>cs_pro_muz_assault_rifle</asset><asset>cs_cig_smoke_prologue</asset><asset>cs_cig_exhale_nose</asset><asset>cs_prologue_tire_mist</asset><asset>ped_wade_snow</asset><asset>cs_pro_bul_carmetal</asset><asset>cs_pro_glass_smash</asset><asset>veh_exhaust_car</asset></category><category name="cut_rcbarry1"><asset>cs_doobie_smoke</asset><asset>cs_cig_exhale_mouth</asset><asset>cs_cig_smoke_inhale</asset><asset>cs_cig_smoke</asset><asset>cs_mich1_lighter_flame</asset><asset>cs_mich1_lighter_sparks</asset></category><category name="cut_rcbarry2"><asset>cs_cig_exhale_mouth</asset><asset>cs_cig_smoke</asset></category><category name="cut_rcdale1"><asset>cs_camera_flash</asset><asset>cs_rcdale1_bourbon_pour</asset></category><category name="cut_rcepsilon"><asset>cs_rcepsilon_cola_can</asset><asset>liquid_splash_paint</asset><asset>liquid_spray_paint</asset></category><category name="cut_rcnigel2"><asset>cs_camera_flash</asset><asset>veh_panel_shut_car</asset></category><category name="cut_rcpaparazzo1"><asset>cs_rcpap3_makeup</asset><asset>cs_rcpap1_camera</asset><asset>cs_rcpap3_litter</asset></category><category name="cut_sil"><asset>cs_xm_lighter_flame</asset><asset>cs_xm_cig_exhale_mouth</asset><asset>cs_xm_cig_smoke</asset><asset>cs_xm_lighter_sparks</asset><asset>cs_xm_pred_cloak_full</asset><asset>cs_xm_pred_minigun_muz_flash</asset><asset>cs_xm_pred_cloak_startup</asset></category><category name="cut_silj"><asset>bullet_tracer_xm_thruster_mg</asset><asset>muz_xm_thruster_mg</asset><asset>cs_xm_muz_pistol</asset><asset>veh_thruster_jet</asset><asset>veh_xm_thruster_afterburner</asset><asset>cs_xm_prop_stromberg</asset><asset>cs_xm_eject_pistol</asset><asset>cs_xm_strom_underwater_trail</asset></category><category name="cut_solomon1"><asset>cs_sol2_coffee_steam</asset><asset>ped_foot_dusty</asset><asset>muz_pistol</asset><asset>scr_sol1_plane_smoke</asset></category><category name="cut_solomon3b"><asset>cs_sol3b_tarmac_exp</asset><asset>cs_cig_exhale_mouth</asset><asset>cs_cig_smoke</asset><asset>cs_cig_exhale_nose</asset><asset>cs_sol3b_camera</asset></category><category name="cut_solomon5"><asset>cs_sol5_blood_head_shot</asset><asset>muz_pistol</asset></category><category name="cut_test"><asset>exp_hydrant</asset><asset>fire_petroltank_car</asset><asset>cs_cig_exhale_mouth</asset><asset>exp_hydrant_decals_sp</asset><asset>cs_cig_smoke</asset><asset>cs_pls_head_bang_blood</asset><asset>cs_mich1_lighter_flame</asset><asset>cs_cig_exhale_nose</asset><asset>cs_mich1_lighter_sparks</asset></category><category name="cut_trevor1"><asset>water_splash_ped_wade</asset><asset>veh_exhaust_hidden</asset><asset>cs_trev1_blood_pool</asset><asset>cs_trev1_crackpipe_smoke</asset><asset>cs_head_kick_blood</asset><asset>water_splash_ped_out</asset><asset>water_splash_ped_in</asset><asset>cs_trev1_ankle_water</asset><asset>cs_trev1_beer_bottle</asset><asset>cs_trev1_ped_water_splash</asset><asset>cs_trev1_wheel_spin_sand</asset><asset>cs_trev1_wheel_fric_sand_Bike</asset><asset>cs_trev1_dusty_kick</asset><asset>ped_breath_water</asset><asset>cs_trev1_lighter_sparks</asset><asset>wheel_fric_dirt_dry</asset><asset>water_splash_ped</asset><asset>veh_exhaust_truck</asset><asset>cs_trev1_trailer_wash</asset><asset>cs_meth_pipe_smoke</asset><asset>ped_water_drips</asset><asset>cs_trev1_lighter_flame</asset><asset>ped_underwater_trails</asset><asset>veh_exhaust_car</asset></category><category name="cut_trevor2"><asset>muz_assault_rifle</asset><asset>ped_foot_dusty</asset></category><category name="cut_trevor3"><asset>cs_trev5_water_pour</asset><asset>cs_trev3_dusty_body</asset><asset>cs_trev3_soap_suds</asset><asset>cs_trev5_door_splinter</asset></category><category name="cut_trevor4"><asset>cs_trev4_blood_splatter</asset></category><category name="cut_trevor5"><asset>cs_trev5_door_splinter</asset></category><category name="des_apartment_block"><asset>ent_ray_heli_aprtmnt_trail</asset></category><category name="des_bigjobdrill"><asset>ent_ray_big_drill_start_sparks</asset><asset>ent_ray_big_drill_start</asset><asset>sp_fbi_collapse_debris</asset><asset>ent_ray_big_drill_ibt</asset><asset>ent_ray_big_drill_trail</asset><asset>ent_ray_big_drill_ground_dust</asset><asset>ent_ray_big_drill_cloud</asset><asset>ent_ray_big_drill_sparks</asset><asset>ent_ray_big_drill_loop</asset></category><category name="des_bi_plane"><asset>ent_ray_ex1_plane_spark_R</asset><asset>ent_ray_ex1_plane_break_L</asset><asset>ent_ray_ex1_plane_spark_L</asset><asset>ent_ray_ex1_plane_break_R</asset></category><category name="des_car_show_room"><asset>ent_ray_arm3_sparking_wires</asset><asset>ent_ray_arm3_paper</asset><asset>ent_ray_arm3_wood_splinter</asset><asset>ent_ray_arm3_window_break</asset></category><category name="des_farmhouse"><asset>ent_ray_ch2_farm_CS_lights</asset><asset>ent_ray_ch2_farm_exp</asset><asset>ent_ray_ch2_farm_exp_porch_window</asset><asset>ent_ray_ch2_farm_fire_light</asset><asset>ent_ray_ch2_farm_dust_terrain</asset></category><category name="des_fibstairs"><asset>ent_ray_fbi5a_stairs_dust_fill</asset><asset>ent_ray_fbi5a_stairs_fragment</asset><asset>ent_ray_fbi5a_stairs_silt_fall</asset></category><category name="des_fib_ceiling"><asset>ent_ray_fbi5a_ceiling_impacts</asset><asset>ent_ray_fbi5a_ceiling_sprinkler</asset><asset>sp_agency_sparking_wires</asset><asset>ent_ray_fbi5a_ceiling_cable</asset><asset>ent_ray_fbi5a_ceiling_debris</asset><asset>ent_ray_fbi5a_sparking_wires</asset></category><category name="des_fib_door"><asset>ent_ray_fbi_door_exp</asset></category><category name="des_fib_floor"><asset>ent_ray_fbi5a_ramp_explosion</asset><asset>ent_ray_fbi5a_ramp_fragment</asset><asset>ent_ray_fbi5a_ramp_dust_impact</asset><asset>ent_ray_fbi5a_ramp_metal_imp</asset></category><category name="des_fib_glass"><asset>ent_ray_fbi2_window_break</asset><asset>ent_ray_fbi2_glass_drop</asset></category><category name="des_finale"><asset>ent_ray_finale1_liquid_petrol</asset><asset>ent_ray_finale1_liquid_nitro</asset></category><category name="des_french_doors"><asset>ent_ray_fam3_glass_break</asset></category><category name="des_fruit_bowl"><asset>ent_ray_fam4_fruit_bowl</asset></category><category name="des_gas_station"><asset>ent_ray_paleto_gas_plume_L</asset><asset>ent_ray_paleto_gas_explosion</asset><asset>ent_ray_paleto_gas_window_break</asset><asset>ent_ray_paleto_gas_dust_terrain</asset><asset>ent_ray_paleto_gas_plume</asset><asset>ent_ray_paleto_gas_debris_trails</asset><asset>ent_ray_paleto_gas_exp_tiles</asset></category><category name="des_hospitaldoors"><asset>ent_ray_hospital_glass</asset></category><category name="des_methtrailer"><asset>ent_ray_meth_dust_terrain</asset><asset>ent_ray_meth_explosion</asset></category><category name="des_prologue_door"><asset>sp_prologue_debris</asset><asset>ent_ray_pro_door_sparks</asset><asset>ent_ray_pro_door_sprinkler</asset><asset>ent_ray_pro_door_light_glass</asset><asset>ent_ray_pro1_water_splash_spawn</asset><asset>ent_ray_pro_door_ceiling_debris</asset><asset>ent_ray_pro_door_embers</asset><asset>ent_ray_pro_door_fireball_light</asset><asset>ent_ray_pro_door_steam</asset></category><category name="des_pro_tree_crash"><asset>ent_ray_pro_tree_crash</asset><asset>ent_ray_pro_tree_crash_snow_slush</asset><asset>ent_ray_pro_tree_crash_snow</asset></category><category name="des_scaffolding"><asset>ent_ray_scaf_explosion</asset><asset>ent_ray_fam3_dust_motes</asset><asset>ent_ray_scaf_spark_bursts</asset><asset>exp_grd_petrol_pump_spawn</asset><asset>ent_ray_scaf_dust_clouds</asset><asset>ent_ray_scaf_wood_frags</asset><asset>ent_ray_scaf_fire_trails</asset></category><category name="des_shipwreck"><asset>ent_ray_shipwreck_exp_underwater</asset><asset>ent_ray_shipwreck_exp</asset><asset>ent_ray_shipwreck_fire_window</asset><asset>ent_ray_shipwreck_splash_L</asset><asset>ent_ray_shipwreck_pipe_impacts</asset><asset>ent_ray_shipwreck_exp_window</asset><asset>ent_ray_shipwreck_water_churn</asset><asset>ent_ray_shipwreck_splash_S</asset><asset>ent_ray_shipwreck_container_trail</asset><asset>ent_ray_shipwreck_smoke_plume</asset><asset>ent_ray_shipwreck_sparks</asset><asset>ent_ray_shipwreck_wood_debris</asset></category><category name="des_smash2"><asset>ent_ray_fbi4_sparks_point</asset><asset>ent_ray_fbi4_truck_slam</asset><asset>ent_ray_fbi4_wall_dust</asset><asset>ent_ray_fbi4_sparks_line</asset><asset>ent_ray_fbi4_wall_debris</asset><asset>ent_ray_fbi4_terrain_dust</asset><asset>ent_ray_fbi4_wall_dust_mote</asset></category><category name="des_stilthouse"><asset>ent_ray_fam3_creaking_dust</asset><asset>ent_ray_fam3_terrain_dust</asset><asset>ent_ray_fam3_concrete_frags</asset><asset>ent_ray_fam3_wood_frags</asset><asset>ent_ray_fam3_falling_leaves</asset><asset>ent_ray_fam3_dust_linger</asset><asset>ent_ray_fam3_windows</asset><asset>ent_ray_fam3_deck_fracture</asset><asset>ent_ray_fam3_wall_glass</asset><asset>ent_ray_fam3_dust_cloud</asset><asset>ent_ray_fam3_dust_trails</asset></category><category name="des_tanker_crash"><asset>ent_ray_tanker_exp_sp</asset><asset>ent_ray_tanker_exp</asset><asset>exp_grd_petrol_pump_spawn</asset><asset>ent_ray_tanker_exp_spawn</asset><asset>sp_fire_trail_tanker_exp</asset></category><category name="des_trailerpark"><asset>ent_ray_trailerpark_dust_terrain</asset><asset>ent_ray_trailerpark_window</asset><asset>ent_ray_trailerpark_fires</asset><asset>ent_ray_trailerpark_explosion_L</asset></category><category name="des_train_crash"><asset>ent_ray_train_water_wash</asset><asset>ent_ray_train_sparks</asset><asset>ent_ray_train_debris_splash</asset><asset>ent_ray_train_dust_silt</asset><asset>ent_ray_meth_dust_settle</asset><asset>ent_ray_train_debris2</asset><asset>ent_ray_train_glass</asset><asset>ent_ray_train_debris_water_splash</asset><asset>ent_ray_train_debris</asset><asset>scr_trev1_crash_dust</asset><asset>ent_ray_train_debris_splash_spawn</asset><asset>ent_ray_train_falling_debris</asset><asset>ent_ray_train_impact</asset><asset>ent_ray_train_splash</asset><asset>ent_ray_train_sparks_trails</asset><asset>ent_ray_train_smoke</asset></category><category name="des_tv_smash"><asset>ent_sht_electrical_box_sp</asset><asset>ent_ray_fam2_tv_smash</asset></category><category name="des_vaultdoor"><asset>ent_ray_pro1_sprinkler_burst</asset><asset>ent_ray_pro1_floating_cash</asset><asset>ent_ray_pro1_water_splash_spawn</asset><asset>ent_ray_pro1_light_glass</asset><asset>ent_ray_pro_door_steam</asset><asset>ent_ray_pro1_vault_exp2</asset><asset>ent_ray_pro1_residual_smoke</asset><asset>ent_ray_pro1_sparking_wires</asset><asset>ent_ray_pro1_bolt_sparks</asset><asset>ent_ray_pro1_wall_smashed</asset><asset>ent_ray_pro1_ceiling_debris</asset><asset>ent_ray_pro1_concrete_impacts</asset><asset>ent_ray_pro1_floor_sparks</asset></category><category name="fm_mission_controler"><asset>scr_drill_overheat</asset><asset>scr_drill_debris</asset><asset>scr_drill_out</asset></category><category name="pat_heist"><asset>scr_heist_ornate_thermal_burn_patch</asset></category><category name="proj_indep_firework"><asset>scr_indep_firework_grd_burst</asset><asset>scr_indep_launcher_sparkle_spawn</asset><asset>scr_indep_firework_air_burst</asset><asset>proj_indep_flare_trail</asset></category><category name="proj_indep_firework_v2"><asset>scr_firework_indep_burst_rwb</asset><asset>scr_firework_indep_spiral_burst_rwb</asset><asset>scr_xmas_firework_sparkle_spawn</asset><asset>scr_firework_indep_ring_burst_rwb</asset><asset>scr_xmas_firework_burst_fizzle</asset><asset>scr_firework_indep_repeat_burst_rwb</asset></category><category name="proj_xmas_firework"><asset>scr_firework_xmas_ring_burst_rgw</asset><asset>scr_firework_xmas_burst_rgw</asset><asset>scr_firework_xmas_repeat_burst_rgw</asset><asset>scr_firework_xmas_spiral_burst_rgw</asset><asset>scr_xmas_firework_sparkle_spawn</asset></category><category name="proj_xmas_snowball"><asset>exp_air_snowball</asset><asset>proj_snowball_fuse</asset><asset>exp_grd_snowball</asset><asset>proj_snowball_trail</asset></category><category name="scr_adversary"><asset>scr_emp_prop_light</asset></category><category name="scr_agencyheist"><asset>scr_fbi_mop_drips</asset><asset>scr_agency3a_door_hvy_trig</asset><asset>scr_fbi_build_exp_spawn</asset><asset>scr_fbi_ext_blaze</asset><asset>scr_fbi_falling_debris</asset><asset>scr_agency_atrium_glass</asset><asset>scr_agency3a_door_hvy_stat</asset><asset>scr_fbi_ext_rooftop</asset><asset>scr_fbi_exp_building</asset><asset>sp_fire_trail</asset><asset>scr_fbi_mop_squeeze</asset><asset>scr_env_agency3a_arrive_deb</asset><asset>env_smoke_fbi_stairs</asset><asset>scr_fbi_dd_breach_smoke</asset><asset>scr_fbi_shaft_falling_debris</asset></category><category name="scr_agencyheistb"><asset>scr_agency3b_blding_smoke</asset><asset>scr_agency3b_wood_splinter</asset><asset>scr_fbi5b_fragment</asset><asset>scr_agency3b_linger_smoke</asset><asset>scr_agency3b_heli_expl</asset><asset>scr_agency_atrium_silt</asset><asset>scr_agency_atrium_glass</asset><asset>scr_agency3b_proj_rpg_trail</asset><asset>sp_fbi_collapse_debris</asset><asset>scr_agency3b_shot_chopper</asset><asset>proj_grenade_trail</asset><asset>sp_ent_sparking_wires</asset><asset>scr_env_agency3b_smoke</asset><asset>scr_agency3b_heli_spawn</asset><asset>scr_fbi5b_silt_fall</asset><asset>scr_agency_door_haze</asset><asset>ent_amb_fbi_live_wires</asset><asset>scr_agency_heli_slide_dust</asset><asset>scr_agency3b_heli_exp_trail</asset><asset>scr_agency3b_elec_box</asset></category><category name="scr_amb_chop"><asset>ent_anim_dog_poo</asset><asset>liquid_splash_pee</asset><asset>ent_anim_dog_peeing</asset></category><category name="scr_apartment_mp"><asset>exp_yacht_defence_plane</asset><asset>scr_apa_jacuzzi_wade</asset><asset>scr_finders_flare</asset><asset>scr_apa_jacuzzi_steam_sp</asset><asset>proj_yacht_defence_trail</asset><asset>scr_apa_jacuzzi_steam</asset><asset>muz_yacht_defence</asset><asset>scr_finders_package_flare</asset><asset>scr_apa_jacuzzi_drips</asset></category><category name="scr_armenian1"><asset>cs_water_boat_prop</asset><asset>cs_water_boat_Jetmax_bow</asset><asset>scr_arm1_wheel_skid</asset></category><category name="scr_armenian2" /><category name="scr_armenian3"><asset>ent_anim_leaf_blower</asset></category><category name="scr_ar_planes"><asset>scr_ar_trail_smoke_slow</asset><asset>scr_ar_trail_smoke</asset></category><category name="scr_as_target"><asset>scr_as_target_shot_extra_small</asset><asset>scr_as_target_shot_medium</asset><asset>scr_as_target_shot_large</asset><asset>scr_as_target_shot_small</asset></category><category name="scr_as_trans"><asset>scr_as_trans_smoke</asset></category><category name="scr_as_trap"><asset>scr_as_trap_zone_circle</asset><asset>scr_as_trap_zone_rectangle</asset></category><category name="scr_ba_bb"><asset>scr_ba_bb_flare</asset><asset>scr_ba_bb_package_flare</asset><asset>scr_ba_bb_leaflet_drop</asset><asset>scr_ba_bb_plane_smoke_trail</asset></category><category name="scr_ba_bomb"><asset>scr_ba_bomb_destroy</asset></category><category name="scr_ba_club"><asset>scr_ba_club_drink_pour</asset><asset>scr_ba_club_drink_pour_splash</asset><asset>scr_ba_club_champagne_spray</asset><asset>scr_ba_club_smoke_machine</asset><asset>scr_ba_club_smoke</asset></category><category name="scr_barbershop"><asset>scr_barbers_haircut</asset></category><category name="scr_bigscore"><asset>scr_bigscore_peeing</asset><asset>liquid_splash_pee</asset><asset>scr_bigscore_ramp_sparks</asset><asset>scr_bigscore_rpg_trail</asset><asset>scr_bigscore_tyre_spiked</asset></category><category name="scr_bike_adversary"><asset>scr_adversary_ped_light_good</asset><asset>scr_adversary_wheel_lightning</asset><asset>scr_adversary_weap_smoke</asset><asset>scr_adversary_weap_glow</asset><asset>scr_adversary_ped_light_bad</asset><asset>scr_adversary_gunsmith_weap_smoke</asset><asset>scr_adversary_judgement_lens_dirt</asset><asset>scr_adversary_trail_lightning</asset><asset>scr_adversary_foot_flames</asset><asset>scr_adversary_gunsmith_weap_change</asset><asset>scr_adversary_judgement_ash</asset><asset>scr_adversary_slipstream_formation</asset><asset>scr_adversary_ped_glow</asset><asset>scr_adversary_slipstream</asset></category><category name="scr_bike_business"><asset>scr_bike_meth_propylene_pour</asset><asset>scr_bike_meth_sodium_pour</asset><asset>scr_bike_cfid_camera_flash</asset><asset>scr_bike_coc_cocaine_box_pour</asset><asset>scr_bike_weed_fog</asset><asset>scr_bike_spraybottle_spray</asset><asset>scr_bike_coc_cocaine_scoop_pour</asset><asset>scr_bike_weed_fog_upgrade</asset><asset>scr_bike_meth_meth_scoop_pour</asset></category><category name="scr_bike_contact"><asset>scr_contact_sniper_kill</asset></category><category name="scr_bike_contraband"><asset>scr_bike_truck_weed_smoke</asset><asset>scr_bike_truck_weed_smoke_cabin</asset></category><category name="scr_biolab_heist"><asset>scr_heist_biolab_flare_underwater</asset><asset>scr_heist_biolab_flare</asset></category><category name="scr_carrier_heist"><asset>scr_heist_carrier_elec_fire_sp</asset><asset>scr_heist_carrier_elec_fire</asset></category><category name="scr_carsteal3"><asset>scr_carsteal3_tyre_spikes</asset><asset>scr_carsteal4_tyre_spiked</asset><asset>scr_carsteal3_eject</asset></category><category name="scr_carsteal4"><asset>scr_carsteal4_trailer_scrape</asset><asset>scr_carsteal5_car_muzzle_flash</asset><asset>scr_carsteal4_tyre_spikes</asset><asset>scr_carsteal4_wheel_burnout</asset><asset>scr_carsteal5_tyre_spiked</asset></category><category name="scr_carwash"><asset>ent_amb_car_wash_jet_soap</asset><asset>ent_amb_car_wash</asset><asset>ent_amb_car_wash_jet</asset><asset>ent_amb_car_wash_steam</asset></category><category name="scr_chinese2"><asset>scr_chin1_freezer_gust</asset><asset>cs_dry_ice_freezer_door</asset><asset>scr_petrol_trail_fire</asset></category><category name="scr_cncpolicestationbustout"><asset>scr_alarm_damage_sparks</asset></category><category name="scr_director_mode"><asset>ent_anim_cig_exhale_mth_car</asset><asset>ent_anim_cig_exhale_nse_car</asset><asset>ent_anim_cig_smoke_car</asset></category><category name="scr_dlc_independence"><asset>proj_indep_flare_trail</asset></category><category name="scr_exec_ambient_fm"><asset>scr_ped_foot_banknotes</asset></category><category name="scr_exile1"><asset>scr_ex1_cargo_smoke</asset><asset>scr_ex1_dust_settle</asset><asset>ent_amb_sparking_wires_sm_sp</asset><asset>scr_ex1_plane_exp_sp</asset><asset>scr_ex1_cargo_engine_trail</asset><asset>scr_ex1_plane_exp</asset><asset>scr_ex1_cargo_engine_burst</asset><asset>scr_ex1_dust_impact</asset><asset>scr_ex1_heatseeker</asset><asset>scr_ex1_cargo_debris</asset><asset>scr_ex1_moving_cloud</asset><asset>cs_ex1_sparking_wires_sm</asset><asset>scr_ex1_water_exp_sp</asset><asset>cs_ex1_cargo_fire</asset></category><category name="scr_exile2"><asset>scr_ex2_rpg_trail</asset><asset>scr_ex2_chop_trail</asset><asset>scr_ex2_car_impact</asset><asset>scr_ex2_car_slide</asset><asset>scr_ex2_jeep_engine_fire</asset></category><category name="scr_exile3"><asset>ent_ray_train_debris_splash</asset><asset>scr_ex3_engine_fire</asset><asset>cs_fam5_water_splash_ped_out</asset><asset>cs_fam5_water_splash_ped_in</asset><asset>water_splash_ped</asset><asset>scr_ex3_container_smoke</asset><asset>ent_ray_train_debris_splash_spawn</asset><asset>scr_ex3_water_dinghy_wash</asset><asset>ent_ray_train_falling_debris</asset><asset>cs_fam5_water_splash_ped_wade</asset><asset>ent_ray_train_splash</asset><asset>cs_fam5_michael_pool_splash</asset></category><category name="scr_family1"><asset>cs_cig_exhale_mouth</asset><asset>cs_cig_smoke</asset><asset>scr_fam1_blood_headshot</asset><asset>scr_fam1_veh_smoke</asset><asset>cs_cig_exhale_nose</asset></category><category name="scr_family3"><asset>scr_fam3_wheelspin_dirt</asset><asset>ent_ray_fam3_dust_settle</asset></category><category name="scr_family4"><asset>scr_fam4_truck_vent</asset><asset>scr_fam4_trailer_sparks</asset></category><category name="scr_family5"><asset>scr_trev_puke</asset><asset>scr_trev_puke_splash_grd</asset><asset>scr_puke_in_car</asset><asset>scr_fam_door_smoke</asset><asset>scr_fam_bong_smoke</asset></category><category name="scr_family6"><asset>cs_fam6_hair_snip</asset></category><category name="scr_familyscenem"><asset>scr_trev_amb_puke</asset><asset>scr_trev_puke</asset><asset>scr_trev_puke_splash_grd</asset><asset>scr_puke_in_car</asset><asset>scr_fam_door_smoke</asset><asset>scr_tracey_puke</asset><asset>scr_pts_gardner_watering</asset><asset>cs_mich1_lighter_flame</asset><asset>scr_pts_vomit_water</asset><asset>scr_meth_pipe_smoke</asset><asset>scr_pts_headsplash_trev</asset><asset>liquid_splash_water</asset><asset>scr_fam_bong_smoke</asset><asset>scr_pts_footsplash</asset><asset>scr_pts_headsplash</asset><asset>scr_fam_moonshine_pour</asset><asset>scr_pts_digging</asset><asset>cs_mich1_lighter_sparks</asset><asset>scr_pts_flush</asset></category><category name="scr_fbi1"><asset>cs_cig_exhale_mouth</asset><asset>cs_cig_smoke</asset><asset>scr_fbi1_litter</asset><asset>cs_cig_exhale_nose</asset><asset>scr_fbi_autopsy_blood</asset></category><category name="scr_fbi3"><asset>scr_fbi3_dirty_wtr_splash_sp</asset><asset>scr_fbi3_elec_smoulder</asset><asset>cs_cig_exhale_mouth</asset><asset>scr_fbi3_blood_extraction</asset><asset>cs_cig_smoke</asset><asset>scr_fbi3_dirty_water_pour</asset><asset>scr_fbi3_blood_throwaway</asset><asset>scr_fbi3_blood_mouth</asset><asset>cs_cig_exhale_nose</asset><asset>scr_fbi3_elec_sparks</asset></category><category name="scr_fbi4"><asset>scr_fbi4_trucks_crash</asset><asset>exp_fbi4_doors_post</asset><asset>exp_fbi4_doors</asset></category><category name="scr_fbi5a"><asset>scr_bio_cutter_nozzle</asset><asset>muz_assault_rifle</asset><asset>scr_bio_cutter_flame</asset><asset>scr_bio_grille_cutting</asset><asset>scr_fbi5_dry_ice</asset><asset>water_splash_ped_bubbles</asset><asset>scr_tunnel_vent_bubbles</asset><asset>ped_talk_water</asset><asset>bul_carmetal</asset><asset>scr_fbi5a_flare</asset><asset>scr_bio_flare</asset><asset>scr_bio_grille_break</asset><asset>scr_fbi5_ped_water_splash</asset><asset>scr_bio_grille_singed</asset></category><category name="scr_fbi5b"><asset>cs_cig_exhale_mouth</asset><asset>cs_cig_smoke</asset><asset>cs_cig_exhale_nose</asset></category><category name="scr_finale1"><asset>scr_fin_trev_car_impact</asset><asset>scr_fin_env_trev_sky</asset><asset>scr_fin_fire_petrol_trev</asset><asset>muz_pistol</asset></category><category name="scr_finale2"><asset>scr_finale2_blood_entry</asset></category><category name="scr_fm_mp_missioncreator"><asset>ent_anim_cig_exhale_mth_car</asset><asset>scr_mp_generic_dst</asset><asset>ent_anim_cig_exhale_nse</asset><asset>scr_mp_drug_dst</asset><asset>scr_sh_cig_exhale_nose</asset><asset>ent_anim_cig_smoke</asset><asset>scr_sh_cig_smoke</asset><asset>scr_mp_elec_dst</asset><asset>ent_amb_shower</asset><asset>ent_amb_shower_steam</asset><asset>scr_sh_lighter_flame</asset><asset>scr_sh_cig_exhale_mouth</asset><asset>ent_anim_cig_exhale_mth</asset><asset>ent_anim_cig_exhale_nse_car</asset><asset>scr_mp_dust_cloud</asset><asset>scr_sh_lighter_sparks</asset><asset>scr_sh_bong_smoke</asset><asset>ent_anim_cig_smoke_car</asset><asset>scr_crate_drop_beacon</asset></category><category name="scr_franklin0"><asset>scr_franklin0_chop_trail</asset></category><category name="scr_gr_bunk"><asset>scr_gr_bunk_drill_spark</asset><asset>scr_gr_bunk_clean_debris</asset><asset>scr_gr_bunk_lathe_metal_shards</asset><asset>scr_gr_bunk_mill_hose_spray</asset><asset>scr_gr_bunk_clean_blow_debris</asset><asset>scr_gr_bunk_mill_metal_shards</asset><asset>scr_gr_bunk_drill_smoke</asset></category><category name="scr_gr_def"><asset>scr_gr_def_package_flare</asset><asset>scr_gr_sw_engine_smoke</asset><asset>scr_gr_def_flare</asset><asset>scr_gr_warp_in</asset></category><category name="scr_hunting"><asset>ent_amb_insect_plane</asset></category><category name="scr_ie_export"><asset>scr_ie_export_fire_ring</asset><asset>scr_ie_export_package_flare</asset><asset>scr_ie_export_flare</asset></category><category name="scr_ie_svm_phantom2"><asset>scr_ie_bul_coc_bag</asset></category><category name="scr_ie_svm_technical2"><asset>scr_dst_cocaine</asset></category><category name="scr_ie_tw"><asset>scr_impexp_tw_rpg_trail</asset><asset>scr_impexp_tw_take_zone</asset></category><category name="scr_ie_vv"><asset>scr_ie_vv_vehicle_damage</asset><asset>scr_ie_vv_muzzle_flash</asset></category><category name="scr_impexp_jug"><asset>scr_impexp_jug_outfit_swap</asset><asset>scr_ie_jug_mask_flame</asset><asset>scr_ie_jug_mask_steam</asset></category><category name="scr_impexp_ploughed"><asset>scr_impexp_dst_crate</asset></category><category name="scr_indep_fireworks"><asset>scr_indep_firework_sparkle_spawn</asset><asset>scr_indep_firework_starburst</asset><asset>scr_indep_firework_shotburst</asset><asset>scr_indep_firework_trailburst</asset><asset>scr_indep_firework_trailburst_spawn</asset><asset>scr_indep_firework_burst_spawn</asset><asset>scr_indep_firework_trail_spawn</asset><asset>scr_indep_firework_fountain</asset></category><category name="scr_indep_parachute"><asset>mp_parachute_smoke_indep</asset></category><category name="scr_indep_wheelsmoke"><asset>wheel_fric_hard_tank_indep</asset><asset>wheel_fric_hard_Bike_indep</asset><asset>wheel_fric_hard_indep</asset><asset>wheel_burnout_indep</asset></category><category name="scr_jewelheist"><asset>scr_jewel_fog_volume</asset><asset>cs_bike_exhaust</asset><asset>scr_jewel_cab_smash</asset><asset>scr_jewel_haze</asset><asset>scr_jew_bike_burnout</asset></category><category name="scr_josh3"><asset>scr_josh3_light_explosion</asset><asset>scr_josh3_fires</asset><asset>exp_grd_petrol_pump_spawn</asset><asset>scr_josh3_explosion</asset><asset>scr_josh3_exp_debris</asset><asset>scr_josh3_house_smoked</asset></category><category name="scr_lamar1"><asset>scr_lamar1_door_breach</asset><asset>scr_lamar1_fire_spread</asset><asset>scr_lamar1_fire_spread1</asset><asset>scr_env_agency3b_smoke</asset></category><category name="scr_lester1a"><asset>cs_cig_exhale_mouth</asset><asset>cs_cig_smoke</asset><asset>cs_cig_exhale_nose</asset></category><category name="scr_lowrider"><asset>scr_lowrider_flare</asset></category><category name="scr_martin1"><asset>scr_sol1_plane_tail_fire</asset><asset>scr_sol1_fire_trail</asset><asset>scr_sol1_sniper_impact</asset><asset>ent_amb_elec_crackle_sp</asset><asset>sp_scr_sol1_fire_drip_trail</asset><asset>scr_sol1_plane_smoke_loop</asset><asset>scr_sol1_plane_crash_dust</asset><asset>scr_sol1_plane_wreck</asset><asset>scr_sol1_plane_engine_fire</asset><asset>scr_sol1_fire_drip</asset><asset>scr_sol1_fire_spot</asset><asset>scr_sol1_plane_elec_crackle</asset><asset>scr_sol1_plane_smoke</asset></category><category name="scr_michael2"><asset>scr_mich2_spark_impact</asset><asset>scr_abattoir_ped_sliced</asset><asset>cs_cig_exhale_mouth</asset><asset>scr_mich2_blood_stab</asset><asset>cs_cig_smoke</asset><asset>scr_abattoir_ped_minced</asset><asset>scr_acid_bath_splash</asset><asset>scr_pts_headsplash</asset><asset>scr_mich3_heli_fire</asset></category><category name="scr_minigamegolf"><asset>scr_golf_ball_trail</asset><asset>scr_golf_strike_bunker</asset><asset>scr_golf_landing_thick_grass</asset><asset>scr_golf_strike_thick_grass</asset><asset>scr_golf_tee_perfect</asset><asset>scr_golf_strike_fairway_bad</asset><asset>scr_golf_strike_fairway</asset><asset>scr_golf_hit_branches</asset><asset>scr_golf_landing_bunker</asset><asset>scr_golf_landing_water</asset></category><category name="scr_minigamepilot"><asset>scr_stuntplane_trail</asset></category><category name="scr_minigamestuntplane"><asset>scr_stuntplane_trail</asset></category><category name="scr_minigametennis"><asset>scr_tennis_ball_trail</asset></category><category name="scr_mp_cig"><asset>ent_anim_cig_exhale_mth_car</asset><asset>ent_anim_cig_exhale_nse</asset><asset>ent_anim_cig_smoke</asset><asset>ent_anim_cig_exhale_mth</asset><asset>ent_anim_cig_exhale_nse_car</asset><asset>ent_anim_cig_smoke_car</asset></category><category name="scr_mp_cig_plane"><asset>ent_anim_lighter_sparks_plane</asset><asset>ent_anim_cig_exhale_mth_plane</asset><asset>ent_anim_lighter_flame_plane</asset><asset>ent_anim_cig_smoke_plane</asset><asset>ent_anim_cig_exhale_nse_plane</asset></category><category name="scr_mp_controller"><asset>scr_mp_generic_dst</asset><asset>ent_anim_cig_exhale_nse</asset><asset>scr_mp_drug_dst</asset><asset>ent_anim_cig_smoke</asset><asset>scr_mp_elec_dst</asset><asset>ent_anim_cig_exhale_mth</asset></category><category name="scr_mp_creator"><asset>scr_mp_intro_plane_exhaust</asset><asset>scr_mp_splash</asset><asset>scr_mp_plane_landing_tyre_smoke</asset><asset>scr_mp_dust_cloud</asset></category><category name="scr_mp_house"><asset>scr_sh_cig_exhale_nose</asset><asset>scr_sh_cig_smoke</asset><asset>ent_amb_shower</asset><asset>ent_amb_shower_steam</asset><asset>scr_sh_lighter_flame</asset><asset>scr_sh_cig_exhale_mouth</asset><asset>scr_mp_int_fireplace_sml</asset><asset>scr_sh_lighter_sparks</asset><asset>scr_sh_bong_smoke</asset></category><category name="scr_mp_tankbattle"><asset>exp_grd_tankshell_mp</asset></category><category name="scr_nicehseheist2c" /><category name="scr_obfoundrycauldron"><asset>scr_obfoundry_cauldron_steam</asset></category><category name="scr_oddjobassassinmulti" /><category name="scr_oddjobbusassassin"><asset>scr_ojbusass_bus_impact</asset></category><category name="scr_oddjobtaxi"><asset>scr_ojtaxi_hotbox_window</asset><asset>scr_ojtaxi_hotbox_trail</asset><asset>scr_ojtaxi_hotbox_door</asset></category><category name="scr_oddjobtowtruck"><asset>scr_ojtt_train_sparks</asset></category><category name="scr_oddjobtraffickingair"><asset>scr_drug_grd_train_exp</asset><asset>scr_boat_trails_sp</asset><asset>scr_ojdg4_water_exp</asset><asset>scr_drug_grd_plane_exp</asset><asset>scr_ojdg4_train_fire</asset><asset>scr_drug_traffic_flare_L</asset><asset>scr_crate_drop_flare</asset><asset>scr_ojdg4_boat_wreck_fire</asset><asset>scr_mp_intro_plane_exhaust</asset><asset>scr_ojdg4_boat_exp</asset><asset>scr_boat_exp_sp</asset><asset>scr_crate_drop_beacon</asset></category><category name="scr_oddjobtraffickingground"><asset>scr_drug_traffic_flare_L</asset><asset>scr_ojdg5_barrels_smoke</asset><asset>scr_drug_traffic_flare</asset><asset>scr_ojdg5_barrels</asset></category><category name="scr_ornate_heist"><asset>scr_heist_ornate_metal_drip</asset><asset>scr_heist_ornate_banknotes</asset><asset>scr_heist_ornate_metal_drip_sp</asset><asset>scr_heist_ornate_thermal_burn</asset></category><category name="scr_paintnspray"><asset>scr_respray_smoke</asset></category><category name="scr_paletoscore"><asset>scr_paleto_roof_impact</asset><asset>scr_trev_puke</asset><asset>scr_paleto_fire_trail</asset><asset>scr_paleto_banknotes</asset><asset>scr_alarm_damage_sparks</asset><asset>scr_paleto_box_spawned</asset><asset>scr_trev_puke_splash_grd</asset><asset>cs_paleto_blowtorch</asset><asset>scr_paleto_heli_plume</asset><asset>ent_amb_peeing</asset><asset>liquid_splash_pee</asset><asset>scr_paleto_doorway_smoke</asset><asset>cs_rbhs_int_delap_dust</asset><asset>scr_paleto_box_sparks</asset></category><category name="scr_paradise2_trailer"><asset>scr_para_kick_blood</asset><asset>scr_prologue_door_blast</asset></category><category name="scr_pilot_school_mp"><asset>scr_veh_plane_gen_damage</asset></category><category name="scr_playerlamgraff"><asset>scr_lamgraff_paint_spray</asset></category><category name="scr_player_timetable_scene"><asset>scr_pts_vomit_water</asset><asset>ent_dst_pineapple</asset><asset>scr_pts_glass_bottle</asset><asset>scr_pts_headsplash</asset><asset>scr_pts_guitar_break</asset><asset>scr_pts_digging</asset></category><category name="scr_pm_plane_promotion"><asset>scr_stuntplane_trail</asset><asset>scr_property_leaflet_drop</asset></category><category name="scr_portoflsheist"><asset>scr_bio_flare</asset><asset>scr_pls_sub_water_drips</asset><asset>scr_bigscore_rpg_trail</asset></category><category name="scr_powerplay"><asset>scr_powerplay_beast_vanish</asset><asset>scr_powerplay_beast_appear</asset><asset>sp_powerplay_beast_appear_trails</asset></category><category name="scr_prison_break_heist_station"><asset>scr_brk_metal_lock</asset></category><category name="scr_prologue"><asset>sp_prologue_debris</asset><asset>scr_prologue_vault_haze</asset><asset>scr_prologue_vault_fog</asset><asset>scr_pro_door_snow</asset><asset>ent_ray_pro_door_embers</asset><asset>ent_ray_pro1_vault_exp_lit</asset><asset>scr_prologue_door_blast</asset><asset>scr_pro_car_steam</asset><asset>scr_pro_door_splinters</asset><asset>scr_prologue_ceiling_debris</asset></category><category name="scr_rcbarry1"><asset>scr_alien_teleport</asset><asset>scr_alien_beam</asset><asset>scr_alien_charging</asset><asset>scr_alien_disintegrate</asset><asset>scr_alien_impact</asset><asset>scr_alien_impact_bul</asset></category><category name="scr_rcbarry2"><asset>scr_clown_death</asset><asset>eject_clown</asset><asset>scr_exp_clown</asset><asset>scr_clown_appears</asset><asset>sp_clown_appear_trails</asset><asset>scr_exp_clown_trails</asset><asset>scr_clown_bul</asset><asset>muz_clown</asset></category><category name="scr_rcextreme2"><asset>scr_rcext2_cargo_smoke</asset><asset>scr_extrm4_water_blood</asset><asset>scr_rcext2_ramp_scrape</asset><asset>scr_extrm2_moving_cloud</asset><asset>scr_extrm4_water_splash</asset></category><category name="scr_rcmrsavb2" /><category name="scr_rcnigel2"><asset>scr_rcn2_debris_trail</asset><asset>scr_rcn2_ceiling_debris</asset></category><category name="scr_rcpaparazzo1"><asset>scr_mich4_firework_burst_spawn</asset><asset>scr_rcpap1_smoke_vent</asset><asset>scr_mich4_firework_trailburst</asset><asset>scr_rcpap1_champ_slosh</asset><asset>scr_mich4_firework_starburst</asset><asset>scr_rcpap1_camera</asset><asset>scr_rcpap1_champ_burst</asset><asset>scr_mich4_firework_trail_spawn</asset><asset>scr_mich4_firework_trailburst_spawn</asset><asset>scr_mich4_firework_sparkle_spawn</asset></category><category name="scr_reburials"><asset>scr_burial_dirt</asset></category><category name="scr_recartheft"><asset>scr_wheel_burnout</asset></category><category name="scr_reconstructionaccident"><asset>scr_reconstruct_pipe_impact</asset><asset>scr_sparking_generator</asset><asset>scr_reconstruct_pipefall_debris</asset><asset>sp_sparking_generator</asset></category><category name="scr_recrash_rescue"><asset>scr_recrash_rescue_fire</asset></category><category name="scr_safehouse"><asset>scr_sh_cig_exhale_nose</asset><asset>scr_sh_cig_smoke</asset><asset>scr_sh_lighter_flame</asset><asset>scr_sh_cig_exhale_mouth</asset><asset>scr_sh_lighter_sparks</asset><asset>scr_sh_bong_smoke</asset></category><category name="scr_salvage"><asset>scr_salvage_flare</asset></category><category name="scr_sell"><asset>scr_vehicle_damage_smoke</asset></category><category name="scr_sm"><asset>scr_sm_hl_package_flare</asset><asset>scr_sm_hl_flare</asset><asset>scr_dst_inflatable</asset><asset>scr_sm_con_ped_light</asset></category><category name="scr_sm_counter"><asset>scr_sm_counter_chaff</asset></category><category name="scr_sm_trans"><asset>scr_sm_con_trans</asset><asset>scr_sm_con_trans_fp</asset><asset>scr_sm_trans_smoke</asset></category><category name="scr_solomon3"><asset>scr_trev4_747_engine_heathaze</asset><asset>scr_trev4_747_blood_impact</asset><asset>scr_trev4_trailer_fire</asset><asset>scr_trev4_747_engine_debris</asset><asset>scr_trev4_747_engine_damage</asset><asset>scr_trev4_747_exhaust_plane_misfire</asset><asset>scr_trev4_747_blood_splash</asset></category><category name="scr_sr_adversary"><asset>scr_sr_lg_take_zone</asset><asset>scr_sr_lg_weapon_highlight</asset><asset>scr_sr_dst_cardboard</asset></category><category name="scr_sr_tr"><asset>scr_sr_tr_car_change</asset><asset>scr_sr_tr_player_glow</asset></category><category name="scr_stunts"><asset>scr_stunts_fire_ring</asset><asset>scr_stunts_shotburst</asset><asset>scr_stunts_bomb_fuse</asset><asset>scr_stunts_shotburst_spawn</asset><asset>scr_stunts_bomb_fuse_sp</asset></category><category name="scr_tplaces"><asset>scr_tplaces_team_swap</asset><asset>scr_tplaces_team_swap_nocash</asset></category><category name="scr_trevor1"><asset>ent_ray_meth_dust_settle</asset><asset>scr_trev1_trailer_wires</asset><asset>scr_trev1_trailer_boosh</asset><asset>scr_trev1_crash_dust</asset><asset>sp_ent_sparking_wires</asset><asset>scr_trev1_trailer_splash</asset><asset>scr_trev1_wheelspin_dirt</asset></category><category name="scr_trevor2"><asset>scr_trev2_heli_wreck</asset><asset>scr_trev2_heli_exp</asset><asset>scr_trev2_flare_L</asset><asset>scr_rotor_blade_blood</asset></category><category name="scr_trevor3"><asset>scr_trev3_trailer_expolsion</asset><asset>exp_grd_vehicle_spawn</asset><asset>scr_trev3_c4_explosion</asset><asset>scr_trev3_trailer_plume</asset><asset>ent_ray_trev3_trailer_light</asset></category><category name="scr_weap_bombs"><asset>scr_bomb_cluster</asset><asset>scr_bomb_standard</asset><asset>scr_bomb_gas</asset></category><category name="scr_xm_aq"><asset>scr_xm_aq_final_kill_plane_delta</asset><asset>scr_xm_aq_final_kill_thruster</asset><asset>scr_xm_aq_final_kill_plane_sweep</asset><asset>scr_xm_aq_final_kill_plane</asset></category><category name="scr_xm_farm"><asset>scr_xm_dst_elec_crackle</asset><asset>scr_xm_dst_elec_crackle_sp</asset></category><category name="scr_xm_heat"><asset>scr_xm_heat_camo</asset></category><category name="scr_xm_ht"><asset>scr_xm_ht_flare</asset><asset>scr_xm_ht_package_flare</asset></category><category name="scr_xm_orbital"><asset>scr_xm_orbital_blast</asset></category><category name="scr_xm_para"><asset>scr_xm_para_car_smoke</asset></category><category name="scr_xm_riotvan"><asset>scr_xm_riotvan_fire_back</asset><asset>scr_xm_riotvan_extinguish</asset><asset>scr_xm_riotvan_fire_front</asset></category><category name="scr_xm_spybomb"><asset>scr_xm_spybomb_plane_smoke_trail</asset></category><category name="scr_xm_stealcar"><asset>scr_xm_stealcar_cargo_exhaust</asset></category><category name="scr_xm_submarine"><asset>scr_xm_submarine_surface_explosion</asset><asset>exp_underwater_mine</asset><asset>scr_xm_submarine_explosion</asset><asset>scr_xm_submarine_surface_splashes</asset><asset>scr_xm_stromberg_scanner</asset></category><category name="scr_xs_celebration"><asset>scr_xs_money_rain</asset><asset>scr_xs_money_rain_celeb</asset><asset>scr_xs_confetti_burst</asset><asset>scr_xs_champagne_spray</asset><asset>scr_xs_beer_chug</asset></category><category name="scr_xs_dr"><asset>scr_xs_dr_emp</asset></category><category name="scr_xs_pits"><asset>scr_xs_sf_pit</asset><asset>scr_xs_fire_pit</asset><asset>scr_xs_sf_pit_long</asset><asset>scr_xs_fire_pit_long</asset></category><category name="scr_xs_props"><asset>scr_xs_exp_mine_sf</asset><asset>scr_xs_ball_explosion</asset><asset>scr_xs_oil_jack_fire</asset><asset>scr_xs_guided_missile_trail</asset></category><category name="veh_akula"><asset>muz_xm_akula_mg_turret</asset><asset>eject_xm_akula_mg_turret</asset><asset>bullet_tracer_xm_akula_mg_turret</asset></category><category name="veh_avenger"><asset>veh_xm_avenger_downwash_default</asset><asset>veh_xm_avenger_downwash_sand</asset><asset>veh_xm_avenger_downwash_vegetation</asset><asset>veh_xm_avenger_downwash_dirt</asset><asset>veh_xm_vent_plane_avenger</asset><asset>veh_xm_avenger_downwash_water</asset></category><category name="veh_ba_blimp3"><asset>exp_blimp3_11</asset><asset>exp_blimp3_1</asset><asset>exp_blimp3_10</asset><asset>exp_blimp3_2</asset><asset>exp_blimp3_17</asset><asset>exp_blimp3_15</asset><asset>exp_blimp3_16</asset><asset>exp_blimp3_7</asset><asset>exp_blimp3_14</asset><asset>exp_blimp3_13</asset><asset>exp_blimp3_8</asset><asset>exp_blimp3_9</asset><asset>exp_blimp3_19</asset><asset>exp_blimp3_3</asset><asset>exp_blimp3_18</asset><asset>exp_blimp3_4</asset><asset>exp_blimp3_5</asset><asset>exp_blimp3_6</asset><asset>exp_blimp3_12</asset><asset>exp_blimp3_0</asset></category><category name="veh_ba_oppressor2"><asset>veh_ba_oppressor_turbulance_default</asset><asset>veh_ba_oppressor_turbulance_foliage</asset><asset>veh_ba_oppressor_turbulance_water</asset><asset>veh_ba_oppressor_turbulance_sand</asset><asset>veh_ba_oppressor_engine_glow</asset><asset>exp_grd_ba_opp2_cannon</asset><asset>veh_ba_oppressor_turbulance_dirt</asset></category><category name="veh_ba_strikeforce"><asset>veh_exhaust_strikeforce</asset></category><category name="veh_barrage"><asset>eject_xm_barrage_mg_turret_rear</asset><asset>eject_xm_barrage_mg_turret</asset><asset>eject_xm_barrage_minigun_turret</asset><asset>muz_xm_barrage_minigun_turret</asset><asset>bullet_tracer_xm_barrage_turret</asset><asset>muz_xm_barrage_mg_turret</asset></category><category name="veh_chernobog"><asset>muz_xm_cherno</asset></category><category name="veh_deluxo"><asset>veh_xm_deluxo_turbulance_water</asset><asset>veh_xm_deluxo_turbulance_default</asset><asset>veh_xm_deluxo_glide_haze</asset><asset>veh_xm_deluxo_engine_glow</asset><asset>veh_xm_deluxo_turbulance_dirt</asset><asset>veh_xm_deluxo_turbulance_foliage</asset><asset>veh_xm_deluxo_turbulance_sand</asset></category><category name="veh_impexp_rocket"><asset>veh_rocket_boost</asset></category><category name="veh_impexp_ruiner"><asset>veh_ruiner_hop</asset></category><category name="veh_khanjali"><asset>proj_xm_khanjali_grenade_trail</asset><asset>bullet_tracer_xm_khanjali_mg</asset><asset>muz_xm_khanjali_mg</asset><asset>muz_xm_khanjali_railgun</asset><asset>proj_xm_khanjali_railgun_trail</asset><asset>muz_xm_khanjali_railgun_charge</asset><asset>eject_xm_khanjali_mg</asset></category><category name="veh_mounted_turrets_car"><asset>bullet_tracer_turret</asset><asset>eject_mounted_turret_technical</asset><asset>muz_mounted_turret</asset><asset>eject_mounted_turret</asset></category><category name="veh_mounted_turrets_heli"><asset>bullet_tracer_valkyrie</asset><asset>muz_valkyrie</asset><asset>muz_valkyrie_turret</asset><asset>eject_mounted_turret</asset><asset>eject_valkyrie</asset></category><category name="veh_mounted_turret_limo"><asset>eject_mounted_turret_limo</asset></category><category name="veh_sanctus"><asset>veh_sanctus_exhaust</asset><asset>veh_sanctus_backfire</asset><asset>veh_sanctus_exhaust_start</asset></category><category name="veh_sm_car_small"><asset>veh_sm_car_small_backfire</asset></category><category name="veh_sm_pyro"><asset>veh_exhaust_afterburner_molotok</asset><asset>veh_exhaust_afterburner_pyro</asset></category><category name="veh_sm_starling"><asset>veh_exhaust_starling</asset><asset>veh_vent_plane_starling</asset><asset>veh_afterburner_starling</asset></category><category name="veh_sm_vig"><asset>muz_sm_vehicle_mg</asset><asset>veh_rocket_boost_vig</asset><asset>bullet_tracer_sm_vehicle_mg</asset></category><category name="veh_stromberg"><asset>muz_xm_strom_mg</asset><asset>veh_xm_strom_underwater_trail</asset><asset>proj_torpedo_trail</asset><asset>exp_underwater_torpedo</asset><asset>muz_torpedo</asset><asset>veh_prop_stromberg</asset></category><category name="veh_thruster"><asset>bullet_tracer_xm_thruster_mg</asset><asset>muz_xm_thruster_mg</asset><asset>veh_xm_thruster_wreck_fire</asset><asset>veh_xm_thruster_downwash_foliage</asset><asset>veh_xm_thruster_downwash_sand</asset><asset>veh_thruster_jet</asset><asset>veh_xm_thruster_downwash</asset><asset>veh_xm_thruster_engine_damage</asset><asset>muz_xm_thruster_rpg</asset><asset>veh_xm_thruster_afterburner</asset><asset>veh_xm_thruster_downwash_dirt</asset><asset>veh_xm_thruster_downwash_water</asset><asset>proj_xm_thruster_rpg_trail</asset></category><category name="veh_volatol"><asset>veh_vent_plane_volatol</asset><asset>muz_xm_volatol_twinmg</asset><asset>scr_xm_volatol_turret_camera</asset></category><category name="veh_xs_vehicle_mods"><asset>exp_xs_mine_spike</asset><asset>exp_xs_mine_kinetic</asset><asset>exp_xs_mine_tar</asset><asset>veh_nitrous</asset><asset>exp_xs_mine_emp</asset><asset>veh_xs_electrified_rambar</asset><asset>exp_xs_mine_slick</asset></category><category name="weap_ba_vehicle_weapons"><asset>eject_ba_vehicle_remote_minigun</asset><asset>eject_ba_vehicle_remote_mg</asset><asset>muz_ba_vehicle_front_mg</asset><asset>muz_ba_vehicle_remote_missile</asset><asset>muz_ba_vehicle_remote_minigun</asset><asset>muz_ba_vehicle_remote_mg</asset><asset>proj_ba_remote_gl_trail</asset><asset>bullet_tracer_ba_vehicle_remote_mg</asset></category><category name="weap_dbshotgun"><asset>eject_dbshotgun_fp</asset><asset>eject_dbshotgun</asset></category><category name="weap_gr_vehicle_weapons"><asset>proj_gr_moc_cannon_trail</asset><asset>muz_mounted_turret_tampa_minigun</asset><asset>muz_mounted_turret_dune_minigun_fp</asset><asset>bullet_tracer_opp_fp</asset><asset>proj_mounted_turret_mortar</asset><asset>eject_mounted_turret_dune_minigun</asset><asset>eject_mounted_turret_twinmg</asset><asset>eject_mounted_turret_dune_mg</asset><asset>eject_mounted_turret_insurgent3_minigun</asset><asset>muz_mounted_turret_dune_minigun</asset><asset>muz_mounted_turret_apc_mg</asset><asset>eject_mounted_turret_tampa_minigun</asset><asset>eject_mounted_turret_quadmg</asset><asset>muz_gr_vehicle_mg</asset><asset>muz_mounted_turret_dune_mg</asset><asset>muz_gr_vehicle_opp</asset><asset>bullet_tracer_turret_gr</asset><asset>muz_mounted_turret_twinmg_trailer</asset><asset>bullet_tracer_turret_gr_tampa</asset><asset>muz_mounted_turret_apc</asset><asset>muz_mounted_turret_twinmg</asset><asset>muz_mounted_turret_apc_missile</asset></category><category name="weap_gr_weapons"><asset>bullet_tracer_gr_tintable</asset></category><category name="weap_ie_vehicle_mg"><asset>muz_ie_vehicle_mg</asset><asset>bullet_tracer_ie_vehicle_mg</asset></category><category name="weap_minismg"><asset>eject_minismg</asset><asset>eject_minismg_fp</asset></category><category name="weap_pipebomb"><asset>proj_pipebomb_smoke</asset></category><category name="weap_revolver"><asset>eject_revolver</asset></category><category name="weap_sm_barrage"><asset>proj_rpg_barrage_trail</asset></category><category name="weap_sm_bom"><asset>veh_vent_plane_bom</asset><asset>eject_sm_bom_twinmg</asset><asset>muz_sm_bom_cannon</asset><asset>bullet_tracer_turret_sm</asset><asset>muz_sm_bom_twinmg</asset><asset>proj_rpg_barrage_trail</asset></category><category name="weap_sm_mogul"><asset>muz_sm_mogul_turret_mg</asset><asset>bullet_tracer_turret_mogul</asset></category><category name="weap_sm_tula"><asset>veh_seabreeze_turbulance_water</asset><asset>muz_sm_tula_mg</asset><asset>muz_sm_tula_turret_mg</asset><asset>veh_vent_plane_tula</asset><asset>bullet_tracer_turret_tula</asset><asset>eject_sm_tula_turret_minigun</asset><asset>veh_tula_turbulance_water</asset><asset>eject_sm_tula_turret_mg</asset></category><category name="weap_xm_revolver"><asset>muz_xm_revolver</asset><asset>eject_xm_revolver</asset></category><category name="weap_xm_shotgun_rounds"><asset>tracer_xm_shotgun_inc</asset><asset>eject_shotgun_exp</asset><asset>eject_shotgun_exp_fp</asset><asset>eject_shotgun_hp</asset><asset>eject_shotgun_hp_fp</asset><asset>eject_shotgun_ap_fp</asset><asset>eject_shotgun_ap</asset><asset>eject_shotgun_inc_fp</asset><asset>eject_shotgun_inc</asset></category><category name="weap_xs_vehicle_weapons"><asset>bullet_tracer_xs_vehicle_remote_mg_sf</asset><asset>muz_xs_turret_flamethrower_looping</asset><asset>muz_xs_vehicle_remote_mg_sf</asset><asset>muz_xs_turret_flamethrower_looping_sf</asset></category><category name="weap_xs_weapons"><asset>bullet_tracer_xs_sr</asset><asset>proj_xs_sr_raygun_trail</asset><asset>muz_xs_sr_carbine</asset><asset>exp_xs_ray</asset><asset>muz_xs_sr_raygun</asset><asset>muz_xs_sr_minigun</asset></category><category name="wpn_amrifle"><asset>eject_sniper_amrifle</asset></category><category name="wpn_flare"><asset>proj_heist_flare_trail</asset></category><category name="wpn_indep_firework"><asset>muz_indep_firework</asset></category><category name="wpn_musket"><asset>muz_musket_ng</asset></category></particles>