<?xml version="1.0" encoding="ISO-8859-1"?>
<Vehicle menyoo_ver="0.9998744b">
	<ModelHash>0x9cf21e0f</ModelHash>
	<InitialHandle>111106</InitialHandle>
	<VehicleProperties>
		<Colours>
			<Primary>23</Primary>
			<Secondary>0</Secondary>
			<Pearl>23</Pearl>
			<Rim>156</Rim>
			<Mod1_a>6</Mod1_a>
			<Mod1_b>-1</Mod1_b>
			<Mod1_c>-1</Mod1_c>
			<Mod2_a>6</Mod2_a>
			<Mod2_b>-1</Mod2_b>
			<IsPrimaryColourCustom>false</IsPrimaryColourCustom>
			<IsSecondaryColourCustom>false</IsSecondaryColourCustom>
			<tyreSmoke_R>255</tyreSmoke_R>
			<tyreSmoke_G>255</tyreSmoke_G>
			<tyreSmoke_B>255</tyreSmoke_B>
			<LrInterior>0</LrInterior>
			<LrDashboard>0</LrDashboard>
		</Colours>
		<Livery>-1</Livery>
		<NumberPlateText>46EEK572</NumberPlateText>
		<NumberPlateIndex>2</NumberPlateIndex>
		<WheelType>4</WheelType>
		<WheelsInvisible>false</WheelsInvisible>
		<EngineSoundName></EngineSoundName>
		<WindowTint>-1</WindowTint>
		<BulletProofTyres>true</BulletProofTyres>
		<DirtLevel>0.314476967</DirtLevel>
		<PaintFade>0.894117713</PaintFade>
		<RoofState>0</RoofState>
		<SirenActive>false</SirenActive>
		<EngineOn>true</EngineOn>
		<EngineHealth>1000</EngineHealth>
		<LightsOn>false</LightsOn>
		<IsRadioLoud>1</IsRadioLoud>
		<LockStatus>1</LockStatus>
		<Neons>
			<Left>false</Left>
			<Right>false</Right>
			<Front>false</Front>
			<Back>false</Back>
			<R>255</R>
			<G>0</G>
			<B>255</B>
		</Neons>
		<ModExtras>
			<_2>false</_2>
		</ModExtras>
		<Mods>
			<_0>-1,0</_0>
			<_1>-1,0</_1>
			<_2>-1,0</_2>
			<_3>-1,0</_3>
			<_4>-1,0</_4>
			<_5>-1,0</_5>
			<_6>-1,0</_6>
			<_7>-1,0</_7>
			<_8>-1,0</_8>
			<_9>-1,0</_9>
			<_10>-1,0</_10>
			<_11>3,0</_11>
			<_12>2,0</_12>
			<_13>2,0</_13>
			<_14>-1,0</_14>
			<_15>-1,0</_15>
			<_16>4,0</_16>
			<_17>false</_17>
			<_18>true</_18>
			<_19>false</_19>
			<_20>false</_20>
			<_21>false</_21>
			<_22>true</_22>
			<_23>-1,0</_23>
			<_24>-1,0</_24>
			<_25>-1,0</_25>
			<_26>-1,0</_26>
			<_27>-1,0</_27>
			<_28>-1,0</_28>
			<_29>-1,0</_29>
			<_30>-1,0</_30>
			<_31>-1,0</_31>
			<_32>-1,0</_32>
			<_33>-1,0</_33>
			<_34>-1,0</_34>
			<_35>-1,0</_35>
			<_36>-1,0</_36>
			<_37>-1,0</_37>
			<_38>-1,0</_38>
			<_39>-1,0</_39>
			<_40>-1,0</_40>
			<_41>-1,0</_41>
			<_42>-1,0</_42>
			<_43>-1,0</_43>
			<_44>-1,0</_44>
			<_45>-1,0</_45>
			<_46>-1,0</_46>
			<_47>-1,0</_47>
			<_48>-1,0</_48>
		</Mods>
		<DoorsOpen>
			<BackLeftDoor>false</BackLeftDoor>
			<BackRightDoor>false</BackRightDoor>
			<FrontLeftDoor>false</FrontLeftDoor>
			<FrontRightDoor>false</FrontRightDoor>
			<Hood>false</Hood>
			<Trunk>false</Trunk>
			<Trunk2>false</Trunk2>
		</DoorsOpen>
		<DoorsBroken>
			<BackLeftDoor>false</BackLeftDoor>
			<BackRightDoor>false</BackRightDoor>
			<FrontLeftDoor>false</FrontLeftDoor>
			<FrontRightDoor>false</FrontRightDoor>
			<Hood>false</Hood>
			<Trunk>false</Trunk>
			<Trunk2>false</Trunk2>
		</DoorsBroken>
		<TyresBursted>
			<FrontLeft>false</FrontLeft>
			<FrontRight>false</FrontRight>
			<_2>false</_2>
			<_3>false</_3>
			<BackLeft>false</BackLeft>
			<BackRight>false</BackRight>
			<_6>false</_6>
			<_7>false</_7>
			<_8>false</_8>
		</TyresBursted>
		<RpmMultiplier>1</RpmMultiplier>
		<TorqueMultiplier>1</TorqueMultiplier>
		<HeadlightIntensity>1</HeadlightIntensity>
	</VehicleProperties>
	<OpacityLevel>255</OpacityLevel>
	<LodDistance>500</LodDistance>
	<IsVisible>true</IsVisible>
	<IsDriverVisible>true</IsDriverVisible>
	<MaxHealth>1000</MaxHealth>
	<Health>0</Health>
	<HasGravity>true</HasGravity>
	<IsOnFire>false</IsOnFire>
	<IsInvincible>false</IsInvincible>
	<IsBulletProof>false</IsBulletProof>
	<IsExplosionProof>false</IsExplosionProof>
	<IsFireProof>false</IsFireProof>
	<IsMeleeProof>false</IsMeleeProof>
	<IsOnlyDamagedByPlayer>false</IsOnlyDamagedByPlayer>
	<SpoonerAttachments SetAttachmentsPersistentAndAddToSpoonerDatabase="false" StartTaskSequencesOnLoad="true">
		<Attachment>
			<ModelHash>0x977523e5</ModelHash>
			<Type>3</Type>
			<Dynamic>false</Dynamic>
			<FrozenPos>true</FrozenPos>
			<HashName>v_res_fh_guitaramp</HashName>
			<InitialHandle>242441</InitialHandle>
			<ObjectProperties>
				<TextureVariation>0</TextureVariation>
			</ObjectProperties>
			<OpacityLevel>255</OpacityLevel>
			<LodDistance>16960</LodDistance>
			<IsVisible>true</IsVisible>
			<MaxHealth>1000</MaxHealth>
			<Health>0</Health>
			<HasGravity>true</HasGravity>
			<IsOnFire>false</IsOnFire>
			<IsInvincible>false</IsInvincible>
			<IsBulletProof>false</IsBulletProof>
			<IsCollisionProof>false</IsCollisionProof>
			<IsExplosionProof>false</IsExplosionProof>
			<IsFireProof>false</IsFireProof>
			<IsMeleeProof>false</IsMeleeProof>
			<IsOnlyDamagedByPlayer>false</IsOnlyDamagedByPlayer>
			<PositionRotation>
				<X>1892.58069</X>
				<Y>2968.57764</Y>
				<Z>45.5479355</Z>
				<Pitch>-0.49928391</Pitch>
				<Roll>-1.05575073</Roll>
				<Yaw>175.661057</Yaw>
			</PositionRotation>
			<Attachment isAttached="true">
				<AttachedTo>111106</AttachedTo>
				<BoneIndex>0</BoneIndex>
				<X>0.0862466246</X>
				<Y>0.112117246</Y>
				<Z>0.350002557</Z>
				<Pitch>-0.0300996155</Pitch>
				<Roll>-0.137421861</Roll>
				<Yaw>-0.172470093</Yaw>
			</Attachment>
		</Attachment>
		<Attachment>
			<ModelHash>0x306e29b4</ModelHash>
			<Type>3</Type>
			<Dynamic>false</Dynamic>
			<FrozenPos>true</FrozenPos>
			<HashName>prop_ballistic_shield_lod1</HashName>
			<InitialHandle>53004</InitialHandle>
			<ObjectProperties>
				<TextureVariation>0</TextureVariation>
			</ObjectProperties>
			<OpacityLevel>255</OpacityLevel>
			<LodDistance>16960</LodDistance>
			<IsVisible>true</IsVisible>
			<MaxHealth>1000</MaxHealth>
			<Health>1000</Health>
			<HasGravity>true</HasGravity>
			<IsOnFire>false</IsOnFire>
			<IsInvincible>false</IsInvincible>
			<IsBulletProof>false</IsBulletProof>
			<IsCollisionProof>false</IsCollisionProof>
			<IsExplosionProof>false</IsExplosionProof>
			<IsFireProof>false</IsFireProof>
			<IsMeleeProof>false</IsMeleeProof>
			<IsOnlyDamagedByPlayer>false</IsOnlyDamagedByPlayer>
			<PositionRotation>
				<X>1893.45044</X>
				<Y>2970.15137</Y>
				<Z>45.8579407</Z>
				<Pitch>0.83280164</Pitch>
				<Roll>-0.440901279</Roll>
				<Yaw>84.1161728</Yaw>
			</PositionRotation>
			<Attachment isAttached="true">
				<AttachedTo>111106</AttachedTo>
				<BoneIndex>0</BoneIndex>
				<X>-0.662101746</X>
				<Y>-1.5230118</Y>
				<Z>0.658566236</Z>
				<Pitch>-0.0978674144</Pitch>
				<Roll>0.00329116872</Roll>
				<Yaw>268.275574</Yaw>
			</Attachment>
		</Attachment>
		<Attachment>
			<ModelHash>0x306e29b4</ModelHash>
			<Type>3</Type>
			<Dynamic>false</Dynamic>
			<FrozenPos>true</FrozenPos>
			<HashName>prop_ballistic_shield_lod1</HashName>
			<InitialHandle>681227</InitialHandle>
			<ObjectProperties>
				<TextureVariation>0</TextureVariation>
			</ObjectProperties>
			<OpacityLevel>255</OpacityLevel>
			<LodDistance>16960</LodDistance>
			<IsVisible>true</IsVisible>
			<MaxHealth>1000</MaxHealth>
			<Health>1000</Health>
			<HasGravity>true</HasGravity>
			<IsOnFire>false</IsOnFire>
			<IsInvincible>false</IsInvincible>
			<IsBulletProof>false</IsBulletProof>
			<IsCollisionProof>false</IsCollisionProof>
			<IsExplosionProof>false</IsExplosionProof>
			<IsFireProof>false</IsFireProof>
			<IsMeleeProof>false</IsMeleeProof>
			<IsOnlyDamagedByPlayer>false</IsOnlyDamagedByPlayer>
			<PositionRotation>
				<X>1892.13574</X>
				<Y>2970.29346</Y>
				<Z>45.8780251</Z>
				<Pitch>-0.999365151</Pitch>
				<Roll>0.50405997</Roll>
				<Yaw>-92.3462601</Yaw>
			</PositionRotation>
			<Attachment isAttached="true">
				<AttachedTo>111106</AttachedTo>
				<BoneIndex>0</BoneIndex>
				<X>0.659669936</X>
				<Y>-1.56958401</Y>
				<Z>0.657112598</Z>
				<Pitch>-0.0978674144</Pitch>
				<Roll>0.00329116872</Roll>
				<Yaw>91.8111649</Yaw>
			</Attachment>
		</Attachment>
		<Attachment>
			<ModelHash>0x306e29b4</ModelHash>
			<Type>3</Type>
			<Dynamic>false</Dynamic>
			<FrozenPos>true</FrozenPos>
			<HashName>prop_ballistic_shield_lod1</HashName>
			<InitialHandle>495116</InitialHandle>
			<ObjectProperties>
				<TextureVariation>0</TextureVariation>
			</ObjectProperties>
			<OpacityLevel>255</OpacityLevel>
			<LodDistance>16960</LodDistance>
			<IsVisible>true</IsVisible>
			<MaxHealth>1000</MaxHealth>
			<Health>1000</Health>
			<HasGravity>true</HasGravity>
			<IsOnFire>false</IsOnFire>
			<IsInvincible>false</IsInvincible>
			<IsBulletProof>false</IsBulletProof>
			<IsCollisionProof>false</IsCollisionProof>
			<IsExplosionProof>false</IsExplosionProof>
			<IsFireProof>false</IsFireProof>
			<IsMeleeProof>false</IsMeleeProof>
			<IsOnlyDamagedByPlayer>false</IsOnlyDamagedByPlayer>
			<PositionRotation>
				<X>1893.03113</X>
				<Y>2970.17505</Y>
				<Z>46.3125267</Z>
				<Pitch>-88.8891678</Pitch>
				<Roll>-23.4692707</Roll>
				<Yaw>61.594368</Yaw>
			</PositionRotation>
			<Attachment isAttached="true">
				<AttachedTo>111106</AttachedTo>
				<BoneIndex>0</BoneIndex>
				<X>-0.234884143</X>
				<Y>-1.5200603</Y>
				<Z>1.10640955</Z>
				<Pitch>-90.0978699</Pitch>
				<Roll>-170.088837</Roll>
				<Yaw>99.1365051</Yaw>
			</Attachment>
		</Attachment>
		<Attachment>
			<ModelHash>0x306e29b4</ModelHash>
			<Type>3</Type>
			<Dynamic>false</Dynamic>
			<FrozenPos>true</FrozenPos>
			<HashName>prop_ballistic_shield_lod1</HashName>
			<InitialHandle>324364</InitialHandle>
			<ObjectProperties>
				<TextureVariation>0</TextureVariation>
			</ObjectProperties>
			<OpacityLevel>255</OpacityLevel>
			<LodDistance>16960</LodDistance>
			<IsVisible>true</IsVisible>
			<MaxHealth>1000</MaxHealth>
			<Health>1000</Health>
			<HasGravity>true</HasGravity>
			<IsOnFire>false</IsOnFire>
			<IsInvincible>false</IsInvincible>
			<IsBulletProof>false</IsBulletProof>
			<IsCollisionProof>false</IsCollisionProof>
			<IsExplosionProof>false</IsExplosionProof>
			<IsFireProof>false</IsFireProof>
			<IsMeleeProof>false</IsMeleeProof>
			<IsOnlyDamagedByPlayer>false</IsOnlyDamagedByPlayer>
			<PositionRotation>
				<X>1892.53857</X>
				<Y>2970.19556</Y>
				<Z>46.321785</Z>
				<Pitch>-88.8886337</Pitch>
				<Roll>156.978821</Roll>
				<Yaw>61.5939064</Yaw>
			</PositionRotation>
			<Attachment isAttached="true">
				<AttachedTo>111106</AttachedTo>
				<BoneIndex>0</BoneIndex>
				<X>0.257965922</X>
				<Y>-1.50483882</Y>
				<Z>1.10790777</Z>
				<Pitch>-90.0978699</Pitch>
				<Roll>10.3597155</Roll>
				<Yaw>99.1365051</Yaw>
			</Attachment>
		</Attachment>
		<Attachment>
			<ModelHash>0x306e29b4</ModelHash>
			<Type>3</Type>
			<Dynamic>false</Dynamic>
			<FrozenPos>true</FrozenPos>
			<HashName>prop_ballistic_shield_lod1</HashName>
			<InitialHandle>101903</InitialHandle>
			<ObjectProperties>
				<TextureVariation>0</TextureVariation>
			</ObjectProperties>
			<OpacityLevel>255</OpacityLevel>
			<LodDistance>16960</LodDistance>
			<IsVisible>true</IsVisible>
			<MaxHealth>1000</MaxHealth>
			<Health>1000</Health>
			<HasGravity>true</HasGravity>
			<IsOnFire>false</IsOnFire>
			<IsInvincible>false</IsInvincible>
			<IsBulletProof>false</IsBulletProof>
			<IsCollisionProof>false</IsCollisionProof>
			<IsExplosionProof>false</IsExplosionProof>
			<IsFireProof>false</IsFireProof>
			<IsMeleeProof>false</IsMeleeProof>
			<IsOnlyDamagedByPlayer>false</IsOnlyDamagedByPlayer>
			<PositionRotation>
				<X>1892.2948</X>
				<Y>2969.93921</Y>
				<Z>46.090435</Z>
				<Pitch>0.531686902</Pitch>
				<Roll>0.925729513</Roll>
				<Yaw>-5.48234701</Yaw>
			</PositionRotation>
			<Attachment isAttached="true">
				<AttachedTo>111106</AttachedTo>
				<BoneIndex>0</BoneIndex>
				<X>0.478767335</X>
				<Y>-1.22944963</Y>
				<Z>0.875255525</Z>
				<Pitch>0.0809153989</Pitch>
				<Roll>-0.00177956244</Roll>
				<Yaw>178.684845</Yaw>
			</Attachment>
		</Attachment>
		<Attachment>
			<ModelHash>0x306e29b4</ModelHash>
			<Type>3</Type>
			<Dynamic>false</Dynamic>
			<FrozenPos>true</FrozenPos>
			<HashName>prop_ballistic_shield_lod1</HashName>
			<InitialHandle>302351</InitialHandle>
			<ObjectProperties>
				<TextureVariation>0</TextureVariation>
			</ObjectProperties>
			<OpacityLevel>255</OpacityLevel>
			<LodDistance>16960</LodDistance>
			<IsVisible>true</IsVisible>
			<MaxHealth>1000</MaxHealth>
			<Health>1000</Health>
			<HasGravity>true</HasGravity>
			<IsOnFire>false</IsOnFire>
			<IsInvincible>false</IsInvincible>
			<IsBulletProof>false</IsBulletProof>
			<IsCollisionProof>false</IsCollisionProof>
			<IsExplosionProof>false</IsExplosionProof>
			<IsFireProof>false</IsFireProof>
			<IsMeleeProof>false</IsMeleeProof>
			<IsOnlyDamagedByPlayer>false</IsOnlyDamagedByPlayer>
			<PositionRotation>
				<X>1892.62354</X>
				<Y>2969.90063</Y>
				<Z>46.1512985</Z>
				<Pitch>0.531686902</Pitch>
				<Roll>0.925729513</Roll>
				<Yaw>-5.48234701</Yaw>
			</PositionRotation>
			<Attachment isAttached="true">
				<AttachedTo>111106</AttachedTo>
				<BoneIndex>0</BoneIndex>
				<X>0.149122566</X>
				<Y>-1.21544993</Y>
				<Z>0.941518784</Z>
				<Pitch>0.0809153989</Pitch>
				<Roll>-0.00177956244</Roll>
				<Yaw>178.684845</Yaw>
			</Attachment>
		</Attachment>
		<Attachment>
			<ModelHash>0x306e29b4</ModelHash>
			<Type>3</Type>
			<Dynamic>false</Dynamic>
			<FrozenPos>true</FrozenPos>
			<HashName>prop_ballistic_shield_lod1</HashName>
			<InitialHandle>584975</InitialHandle>
			<ObjectProperties>
				<TextureVariation>0</TextureVariation>
			</ObjectProperties>
			<OpacityLevel>255</OpacityLevel>
			<LodDistance>16960</LodDistance>
			<IsVisible>true</IsVisible>
			<MaxHealth>1000</MaxHealth>
			<Health>1000</Health>
			<HasGravity>true</HasGravity>
			<IsOnFire>false</IsOnFire>
			<IsInvincible>false</IsInvincible>
			<IsBulletProof>false</IsBulletProof>
			<IsCollisionProof>false</IsCollisionProof>
			<IsExplosionProof>false</IsExplosionProof>
			<IsFireProof>false</IsFireProof>
			<IsMeleeProof>false</IsMeleeProof>
			<IsOnlyDamagedByPlayer>false</IsOnlyDamagedByPlayer>
			<PositionRotation>
				<X>1893.17822</X>
				<Y>2969.83496</Y>
				<Z>46.0913391</Z>
				<Pitch>0.542852283</Pitch>
				<Roll>0.920220137</Roll>
				<Yaw>-4.79060459</Yaw>
			</PositionRotation>
			<Attachment isAttached="true">
				<AttachedTo>111106</AttachedTo>
				<BoneIndex>0</BoneIndex>
				<X>-0.409873068</X>
				<Y>-1.18963778</Y>
				<Z>0.890710831</Z>
				<Pitch>0.0809153989</Pitch>
				<Roll>-0.00177956244</Roll>
				<Yaw>179.376648</Yaw>
			</Attachment>
		</Attachment>
		<Attachment>
			<ModelHash>0x3011d90e</ModelHash>
			<Type>3</Type>
			<Dynamic>false</Dynamic>
			<FrozenPos>true</FrozenPos>
			<HashName>apa_mp_h_acc_dec_plate_01</HashName>
			<InitialHandle>658967</InitialHandle>
			<ObjectProperties>
				<TextureVariation>0</TextureVariation>
			</ObjectProperties>
			<OpacityLevel>255</OpacityLevel>
			<LodDistance>16960</LodDistance>
			<IsVisible>true</IsVisible>
			<MaxHealth>1000</MaxHealth>
			<Health>0</Health>
			<HasGravity>true</HasGravity>
			<IsOnFire>false</IsOnFire>
			<IsInvincible>false</IsInvincible>
			<IsBulletProof>false</IsBulletProof>
			<IsCollisionProof>false</IsCollisionProof>
			<IsExplosionProof>false</IsExplosionProof>
			<IsFireProof>false</IsFireProof>
			<IsMeleeProof>false</IsMeleeProof>
			<IsOnlyDamagedByPlayer>false</IsOnlyDamagedByPlayer>
			<PositionRotation>
				<X>1891.8877</X>
				<Y>2969.45386</Y>
				<Z>45.0497856</Z>
				<Pitch>0.54499346</Pitch>
				<Roll>0.962991178</Roll>
				<Yaw>-0.859662652</Yaw>
			</PositionRotation>
			<Attachment isAttached="true">
				<AttachedTo>111106</AttachedTo>
				<BoneIndex>0</BoneIndex>
				<X>0.83281666</X>
				<Y>-0.70739013</Y>
				<Z>-0.166927129</Z>
				<Pitch>0.0209416095</Pitch>
				<Roll>0.0748281479</Roll>
				<Yaw>183.306946</Yaw>
			</Attachment>
		</Attachment>
		<Attachment>
			<ModelHash>0x19314199</ModelHash>
			<Type>3</Type>
			<Dynamic>false</Dynamic>
			<FrozenPos>true</FrozenPos>
			<HashName>w_mg_minigun</HashName>
			<InitialHandle>187928</InitialHandle>
			<ObjectProperties>
				<TextureVariation>0</TextureVariation>
			</ObjectProperties>
			<OpacityLevel>255</OpacityLevel>
			<LodDistance>16960</LodDistance>
			<IsVisible>true</IsVisible>
			<MaxHealth>1000</MaxHealth>
			<Health>1000</Health>
			<HasGravity>true</HasGravity>
			<IsOnFire>false</IsOnFire>
			<IsInvincible>true</IsInvincible>
			<IsBulletProof>false</IsBulletProof>
			<IsCollisionProof>false</IsCollisionProof>
			<IsExplosionProof>true</IsExplosionProof>
			<IsFireProof>false</IsFireProof>
			<IsMeleeProof>true</IsMeleeProof>
			<IsOnlyDamagedByPlayer>false</IsOnlyDamagedByPlayer>
			<PositionRotation>
				<X>1891.87683</X>
				<Y>2969.31982</Y>
				<Z>45.3581619</Z>
				<Pitch>-0.890695155</Pitch>
				<Roll>0.556882203</Roll>
				<Yaw>-93.5290146</Yaw>
			</PositionRotation>
			<Attachment isAttached="true">
				<AttachedTo>111106</AttachedTo>
				<BoneIndex>0</BoneIndex>
				<X>0.838950634</X>
				<Y>-0.575464368</Y>
				<Z>0.14248918</Z>
				<Pitch>0.0209416095</Pitch>
				<Roll>0.0748281479</Roll>
				<Yaw>90.6295624</Yaw>
			</Attachment>
		</Attachment>
		<Attachment>
			<ModelHash>0x9e8c3644</ModelHash>
			<Type>3</Type>
			<Dynamic>false</Dynamic>
			<FrozenPos>true</FrozenPos>
			<HashName>w_me_nightstick</HashName>
			<InitialHandle>403487</InitialHandle>
			<ObjectProperties>
				<TextureVariation>0</TextureVariation>
			</ObjectProperties>
			<OpacityLevel>255</OpacityLevel>
			<LodDistance>16960</LodDistance>
			<IsVisible>true</IsVisible>
			<MaxHealth>1000</MaxHealth>
			<Health>0</Health>
			<HasGravity>true</HasGravity>
			<IsOnFire>true</IsOnFire>
			<IsInvincible>false</IsInvincible>
			<IsBulletProof>false</IsBulletProof>
			<IsCollisionProof>false</IsCollisionProof>
			<IsExplosionProof>false</IsExplosionProof>
			<IsFireProof>false</IsFireProof>
			<IsMeleeProof>false</IsMeleeProof>
			<IsOnlyDamagedByPlayer>false</IsOnlyDamagedByPlayer>
			<PositionRotation>
				<X>1892.27332</X>
				<Y>2966.79932</Y>
				<Z>45.1403236</Z>
				<Pitch>88.9845047</Pitch>
				<Roll>112.775002</Roll>
				<Yaw>-122.088242</Yaw>
			</PositionRotation>
			<Attachment isAttached="true">
				<AttachedTo>111106</AttachedTo>
				<BoneIndex>0</BoneIndex>
				<X>0.257268548</X>
				<Y>1.91132867</Y>
				<Z>-0.0455890633</Z>
				<Pitch>90.0198288</Pitch>
				<Roll>74.1046143</Roll>
				<Yaw>100.744476</Yaw>
			</Attachment>
		</Attachment>
		<Attachment>
			<ModelHash>0x9e8c3644</ModelHash>
			<Type>3</Type>
			<Dynamic>false</Dynamic>
			<FrozenPos>true</FrozenPos>
			<HashName>w_me_nightstick</HashName>
			<InitialHandle>8223</InitialHandle>
			<ObjectProperties>
				<TextureVariation>0</TextureVariation>
			</ObjectProperties>
			<OpacityLevel>255</OpacityLevel>
			<LodDistance>16960</LodDistance>
			<IsVisible>true</IsVisible>
			<MaxHealth>1000</MaxHealth>
			<Health>0</Health>
			<HasGravity>true</HasGravity>
			<IsOnFire>true</IsOnFire>
			<IsInvincible>false</IsInvincible>
			<IsBulletProof>false</IsBulletProof>
			<IsCollisionProof>false</IsCollisionProof>
			<IsExplosionProof>false</IsExplosionProof>
			<IsFireProof>false</IsFireProof>
			<IsMeleeProof>false</IsMeleeProof>
			<IsOnlyDamagedByPlayer>false</IsOnlyDamagedByPlayer>
			<PositionRotation>
				<X>1892.85852</X>
				<Y>2966.77148</Y>
				<Z>45.1388283</Z>
				<Pitch>88.9845047</Pitch>
				<Roll>126.112732</Roll>
				<Yaw>-122.087753</Yaw>
			</PositionRotation>
			<Attachment isAttached="true">
				<AttachedTo>111106</AttachedTo>
				<BoneIndex>0</BoneIndex>
				<X>-0.328372955</X>
				<Y>1.89661276</Y>
				<Z>-0.0378327221</Z>
				<Pitch>90.0198288</Pitch>
				<Roll>87.4428406</Roll>
				<Yaw>100.744476</Yaw>
			</Attachment>
		</Attachment>
		<Attachment>
			<ModelHash>0x306e29b4</ModelHash>
			<Type>3</Type>
			<Dynamic>false</Dynamic>
			<FrozenPos>true</FrozenPos>
			<HashName>prop_ballistic_shield_lod1</HashName>
			<InitialHandle>236833</InitialHandle>
			<ObjectProperties>
				<TextureVariation>0</TextureVariation>
			</ObjectProperties>
			<OpacityLevel>255</OpacityLevel>
			<LodDistance>16960</LodDistance>
			<IsVisible>true</IsVisible>
			<MaxHealth>1000</MaxHealth>
			<Health>0</Health>
			<HasGravity>true</HasGravity>
			<IsOnFire>false</IsOnFire>
			<IsInvincible>false</IsInvincible>
			<IsBulletProof>false</IsBulletProof>
			<IsCollisionProof>false</IsCollisionProof>
			<IsExplosionProof>false</IsExplosionProof>
			<IsFireProof>false</IsFireProof>
			<IsMeleeProof>false</IsMeleeProof>
			<IsOnlyDamagedByPlayer>false</IsOnlyDamagedByPlayer>
			<PositionRotation>
				<X>1892.99829</X>
				<Y>2966.46021</Y>
				<Z>45.1621513</Z>
				<Pitch>-29.1312103</Pitch>
				<Roll>-89.0549622</Roll>
				<Yaw>18.5719681</Yaw>
			</PositionRotation>
			<Attachment isAttached="true">
				<AttachedTo>111106</AttachedTo>
				<BoneIndex>0</BoneIndex>
				<X>-0.489897907</X>
				<Y>2.19687581</Y>
				<Z>-0.00944972038</Z>
				<Pitch>-29.9186726</Pitch>
				<Roll>-89.8201828</Roll>
				<Yaw>202.357086</Yaw>
			</Attachment>
		</Attachment>
		<Attachment>
			<ModelHash>0x306e29b4</ModelHash>
			<Type>3</Type>
			<Dynamic>false</Dynamic>
			<FrozenPos>true</FrozenPos>
			<HashName>prop_ballistic_shield_lod1</HashName>
			<InitialHandle>720160</InitialHandle>
			<ObjectProperties>
				<TextureVariation>0</TextureVariation>
			</ObjectProperties>
			<OpacityLevel>255</OpacityLevel>
			<LodDistance>16960</LodDistance>
			<IsVisible>true</IsVisible>
			<MaxHealth>1000</MaxHealth>
			<Health>0</Health>
			<HasGravity>true</HasGravity>
			<IsOnFire>false</IsOnFire>
			<IsInvincible>false</IsInvincible>
			<IsBulletProof>false</IsBulletProof>
			<IsCollisionProof>false</IsCollisionProof>
			<IsExplosionProof>false</IsExplosionProof>
			<IsFireProof>false</IsFireProof>
			<IsMeleeProof>false</IsMeleeProof>
			<IsOnlyDamagedByPlayer>false</IsOnlyDamagedByPlayer>
			<PositionRotation>
				<X>1892.15234</X>
				<Y>2966.5498</Y>
				<Z>45.1753883</Z>
				<Pitch>-29.8996868</Pitch>
				<Roll>91.2477875</Roll>
				<Yaw>-26.6273842</Yaw>
			</PositionRotation>
			<Attachment isAttached="true">
				<AttachedTo>111106</AttachedTo>
				<BoneIndex>0</BoneIndex>
				<X>0.360374957</X>
				<Y>2.16884446</Y>
				<Z>-0.0100494456</Z>
				<Pitch>-29.980175</Pitch>
				<Roll>90.0613785</Roll>
				<Yaw>156.942688</Yaw>
			</Attachment>
		</Attachment>
		<Attachment>
			<ModelHash>0x5c11c9b4</ModelHash>
			<Type>3</Type>
			<Dynamic>false</Dynamic>
			<FrozenPos>true</FrozenPos>
			<HashName>v_res_d_closetdoorl</HashName>
			<InitialHandle>443939</InitialHandle>
			<ObjectProperties>
				<TextureVariation>0</TextureVariation>
			</ObjectProperties>
			<OpacityLevel>255</OpacityLevel>
			<LodDistance>16960</LodDistance>
			<IsVisible>true</IsVisible>
			<MaxHealth>1000</MaxHealth>
			<Health>0</Health>
			<HasGravity>true</HasGravity>
			<IsOnFire>false</IsOnFire>
			<IsInvincible>false</IsInvincible>
			<IsBulletProof>false</IsBulletProof>
			<IsCollisionProof>false</IsCollisionProof>
			<IsExplosionProof>false</IsExplosionProof>
			<IsFireProof>false</IsFireProof>
			<IsMeleeProof>false</IsMeleeProof>
			<IsOnlyDamagedByPlayer>false</IsOnlyDamagedByPlayer>
			<PositionRotation>
				<X>1892.32849</X>
				<Y>2967.79443</Y>
				<Z>45.3920021</Z>
				<Pitch>-89.0208054</Pitch>
				<Roll>59.4781189</Roll>
				<Yaw>56.2048721</Yaw>
			</PositionRotation>
			<Attachment isAttached="true">
				<AttachedTo>111106</AttachedTo>
				<BoneIndex>0</BoneIndex>
				<X>0.278388053</X>
				<Y>0.912935734</Y>
				<Z>0.197568297</Z>
				<Pitch>-89.9334488</Pitch>
				<Roll>-80.1710968</Roll>
				<Yaw>100.718254</Yaw>
			</Attachment>
		</Attachment>
		<Attachment>
			<ModelHash>0xcbe8be19</ModelHash>
			<Type>3</Type>
			<Dynamic>false</Dynamic>
			<FrozenPos>true</FrozenPos>
			<HashName>hei_heist_acc_sculpture_01</HashName>
			<InitialHandle>381989</InitialHandle>
			<ObjectProperties>
				<TextureVariation>0</TextureVariation>
			</ObjectProperties>
			<OpacityLevel>255</OpacityLevel>
			<LodDistance>16960</LodDistance>
			<IsVisible>true</IsVisible>
			<MaxHealth>1000</MaxHealth>
			<Health>0</Health>
			<HasGravity>true</HasGravity>
			<IsOnFire>false</IsOnFire>
			<IsInvincible>false</IsInvincible>
			<IsBulletProof>false</IsBulletProof>
			<IsCollisionProof>false</IsCollisionProof>
			<IsExplosionProof>false</IsExplosionProof>
			<IsFireProof>false</IsFireProof>
			<IsMeleeProof>false</IsMeleeProof>
			<IsOnlyDamagedByPlayer>false</IsOnlyDamagedByPlayer>
			<PositionRotation>
				<X>1892.43066</X>
				<Y>2968.07617</Y>
				<Z>45.5029831</Z>
				<Pitch>0.983636856</Pitch>
				<Roll>-0.471075982</Roll>
				<Yaw>85.8169403</Yaw>
			</PositionRotation>
			<Attachment isAttached="true">
				<AttachedTo>111106</AttachedTo>
				<BoneIndex>0</BoneIndex>
				<X>0.198695257</X>
				<Y>0.623654723</Y>
				<Z>0.307458788</Z>
				<Pitch>0.0665542856</Pitch>
				<Roll>0.000541075948</Roll>
				<Yaw>269.974854</Yaw>
			</Attachment>
		</Attachment>
		<Attachment>
			<ModelHash>0xcbe8be19</ModelHash>
			<Type>3</Type>
			<Dynamic>false</Dynamic>
			<FrozenPos>true</FrozenPos>
			<HashName>hei_heist_acc_sculpture_01</HashName>
			<InitialHandle>730660</InitialHandle>
			<ObjectProperties>
				<TextureVariation>0</TextureVariation>
			</ObjectProperties>
			<OpacityLevel>255</OpacityLevel>
			<LodDistance>16960</LodDistance>
			<IsVisible>true</IsVisible>
			<MaxHealth>1000</MaxHealth>
			<Health>0</Health>
			<HasGravity>true</HasGravity>
			<IsOnFire>false</IsOnFire>
			<IsInvincible>false</IsInvincible>
			<IsBulletProof>false</IsBulletProof>
			<IsCollisionProof>false</IsCollisionProof>
			<IsExplosionProof>false</IsExplosionProof>
			<IsFireProof>false</IsFireProof>
			<IsMeleeProof>false</IsMeleeProof>
			<IsOnlyDamagedByPlayer>false</IsOnlyDamagedByPlayer>
			<PositionRotation>
				<X>1892.91992</X>
				<Y>2968.0415</Y>
				<Z>45.4916573</Z>
				<Pitch>0.985058486</Pitch>
				<Roll>-0.4683007</Roll>
				<Yaw>85.6436691</Yaw>
			</PositionRotation>
			<Attachment isAttached="true">
				<AttachedTo>111106</AttachedTo>
				<BoneIndex>0</BoneIndex>
				<X>-0.291870177</X>
				<Y>0.622739494</Y>
				<Z>0.303975701</Z>
				<Pitch>0.0665542856</Pitch>
				<Roll>0.000541075948</Roll>
				<Yaw>269.801605</Yaw>
			</Attachment>
		</Attachment>
		<Attachment>
			<ModelHash>0x2edd9003</ModelHash>
			<Type>3</Type>
			<Dynamic>false</Dynamic>
			<FrozenPos>true</FrozenPos>
			<HashName>prop_jerrycan_01a</HashName>
			<InitialHandle>529958</InitialHandle>
			<ObjectProperties>
				<TextureVariation>0</TextureVariation>
			</ObjectProperties>
			<OpacityLevel>255</OpacityLevel>
			<LodDistance>16960</LodDistance>
			<IsVisible>true</IsVisible>
			<MaxHealth>1000</MaxHealth>
			<Health>1000</Health>
			<HasGravity>true</HasGravity>
			<IsOnFire>false</IsOnFire>
			<IsInvincible>false</IsInvincible>
			<IsBulletProof>false</IsBulletProof>
			<IsCollisionProof>false</IsCollisionProof>
			<IsExplosionProof>false</IsExplosionProof>
			<IsFireProof>false</IsFireProof>
			<IsMeleeProof>false</IsMeleeProof>
			<IsOnlyDamagedByPlayer>false</IsOnlyDamagedByPlayer>
			<PositionRotation>
				<X>1892.53906</X>
				<Y>2970.08276</Y>
				<Z>45.6871567</Z>
				<Pitch>-0.408153713</Pitch>
				<Roll>-0.914938927</Roll>
				<Yaw>176.006973</Yaw>
			</PositionRotation>
			<Attachment isAttached="true">
				<AttachedTo>111106</AttachedTo>
				<BoneIndex>0</BoneIndex>
				<X>0.239080325</X>
				<Y>-1.38701594</Y>
				<Z>0.474449724</Z>
				<Pitch>0.0665542856</Pitch>
				<Roll>0.000541075948</Roll>
				<Yaw>0.171936035</Yaw>
			</Attachment>
		</Attachment>
		<Attachment>
			<ModelHash>0x2edd9003</ModelHash>
			<Type>3</Type>
			<Dynamic>false</Dynamic>
			<FrozenPos>true</FrozenPos>
			<HashName>prop_jerrycan_01a</HashName>
			<InitialHandle>24871</InitialHandle>
			<ObjectProperties>
				<TextureVariation>0</TextureVariation>
			</ObjectProperties>
			<OpacityLevel>255</OpacityLevel>
			<LodDistance>16960</LodDistance>
			<IsVisible>true</IsVisible>
			<MaxHealth>1000</MaxHealth>
			<Health>1000</Health>
			<HasGravity>true</HasGravity>
			<IsOnFire>false</IsOnFire>
			<IsInvincible>false</IsInvincible>
			<IsBulletProof>false</IsBulletProof>
			<IsCollisionProof>false</IsCollisionProof>
			<IsExplosionProof>false</IsExplosionProof>
			<IsFireProof>false</IsFireProof>
			<IsMeleeProof>false</IsMeleeProof>
			<IsOnlyDamagedByPlayer>false</IsOnlyDamagedByPlayer>
			<PositionRotation>
				<X>1893.1897</X>
				<Y>2969.93799</Y>
				<Z>45.6414909</Z>
				<Pitch>-0.408153713</Pitch>
				<Roll>-0.914938927</Roll>
				<Yaw>176.006973</Yaw>
			</PositionRotation>
			<Attachment isAttached="true">
				<AttachedTo>111106</AttachedTo>
				<BoneIndex>0</BoneIndex>
				<X>-0.420931041</X>
				<Y>-1.28951848</Y>
				<Z>0.440145344</Z>
				<Pitch>0.0665542856</Pitch>
				<Roll>0.000541075948</Roll>
				<Yaw>0.171936035</Yaw>
			</Attachment>
		</Attachment>
		<Attachment>
			<ModelHash>0x95ea040b</ModelHash>
			<Type>3</Type>
			<Dynamic>false</Dynamic>
			<FrozenPos>true</FrozenPos>
			<HashName>prop_air_fireexting</HashName>
			<InitialHandle>688169</InitialHandle>
			<ObjectProperties>
				<TextureVariation>0</TextureVariation>
			</ObjectProperties>
			<OpacityLevel>255</OpacityLevel>
			<LodDistance>16960</LodDistance>
			<IsVisible>true</IsVisible>
			<MaxHealth>1000</MaxHealth>
			<Health>0</Health>
			<HasGravity>true</HasGravity>
			<IsOnFire>false</IsOnFire>
			<IsInvincible>false</IsInvincible>
			<IsBulletProof>false</IsBulletProof>
			<IsCollisionProof>false</IsCollisionProof>
			<IsExplosionProof>false</IsExplosionProof>
			<IsFireProof>false</IsFireProof>
			<IsMeleeProof>false</IsMeleeProof>
			<IsOnlyDamagedByPlayer>false</IsOnlyDamagedByPlayer>
			<PositionRotation>
				<X>1892.7085</X>
				<Y>2968.26147</Y>
				<Z>45.2649841</Z>
				<Pitch>-0.905389249</Pitch>
				<Roll>0.401080102</Roll>
				<Yaw>-91.480835</Yaw>
			</PositionRotation>
			<Attachment isAttached="true">
				<AttachedTo>111106</AttachedTo>
				<BoneIndex>0</BoneIndex>
				<X>-0.0686841309</X>
				<Y>0.420507818</Y>
				<Z>0.0720260888</Z>
				<Pitch>-0.0115603497</Pitch>
				<Roll>-0.113246344</Roll>
				<Yaw>92.6772766</Yaw>
			</Attachment>
		</Attachment>
		<Attachment>
			<ModelHash>0x8225145b</ModelHash>
			<Type>3</Type>
			<Dynamic>false</Dynamic>
			<FrozenPos>true</FrozenPos>
			<HashName>prop_cs_mini_tv</HashName>
			<InitialHandle>538411</InitialHandle>
			<ObjectProperties>
				<TextureVariation>0</TextureVariation>
			</ObjectProperties>
			<PtfxLopAsset>core</PtfxLopAsset>
			<PtfxLopEffect>ent_sht_flame</PtfxLopEffect>
			<OpacityLevel>255</OpacityLevel>
			<LodDistance>16960</LodDistance>
			<IsVisible>true</IsVisible>
			<MaxHealth>1000</MaxHealth>
			<Health>0</Health>
			<HasGravity>true</HasGravity>
			<IsOnFire>true</IsOnFire>
			<IsInvincible>false</IsInvincible>
			<IsBulletProof>false</IsBulletProof>
			<IsCollisionProof>false</IsCollisionProof>
			<IsExplosionProof>false</IsExplosionProof>
			<IsFireProof>false</IsFireProof>
			<IsMeleeProof>false</IsMeleeProof>
			<IsOnlyDamagedByPlayer>false</IsOnlyDamagedByPlayer>
			<PositionRotation>
				<X>1892.30994</X>
				<Y>2966.13721</Y>
				<Z>45.7966881</Z>
				<Pitch>79.6464462</Pitch>
				<Roll>175.123688</Roll>
				<Yaw>-175.610382</Yaw>
			</PositionRotation>
			<Attachment isAttached="true">
				<AttachedTo>688169</AttachedTo>
				<BoneIndex>0</BoneIndex>
				<X>2.13008451</X>
				<Y>-0.351881981</Y>
				<Z>0.541131854</Z>
				<Pitch>99.8989716</Pitch>
				<Roll>0.130083829</Roll>
				<Yaw>90.9450912</Yaw>
			</Attachment>
		</Attachment>
	</SpoonerAttachments>
</Vehicle>
