<?xml version="1.0" encoding="ISO-8859-1"?>
<Vehicle menyoo_ver="0.999876795b">
	<ModelHash>0x0239e390</ModelHash>
	<InitialHandle>745512</InitialHandle>
	<VehicleProperties>
		<Colours>
			<Primary>154</Primary>
			<Secondary>154</Secondary>
			<Pearl>0</Pearl>
			<Rim>156</Rim>
			<Mod1_a>6</Mod1_a>
			<Mod1_b>-1</Mod1_b>
			<Mod1_c>-1</Mod1_c>
			<Mod2_a>6</Mod2_a>
			<Mod2_b>-1</Mod2_b>
			<IsPrimaryColourCustom>false</IsPrimaryColourCustom>
			<IsSecondaryColourCustom>false</IsSecondaryColourCustom>
			<tyreSmoke_R>255</tyreSmoke_R>
			<tyreSmoke_G>255</tyreSmoke_G>
			<tyreSmoke_B>255</tyreSmoke_B>
			<LrInterior>0</LrInterior>
			<LrDashboard>0</LrDashboard>
		</Colours>
		<Livery>-1</Livery>
		<NumberPlateText>02USO641</NumberPlateText>
		<NumberPlateIndex>0</NumberPlateIndex>
		<WheelType>4</WheelType>
		<WheelsInvisible>false</WheelsInvisible>
		<EngineSoundName></EngineSoundName>
		<WindowTint>-1</WindowTint>
		<BulletProofTyres>true</BulletProofTyres>
		<DirtLevel>0.107920215</DirtLevel>
		<PaintFade>0.298039228</PaintFade>
		<RoofState>0</RoofState>
		<SirenActive>false</SirenActive>
		<EngineOn>true</EngineOn>
		<EngineHealth>1000</EngineHealth>
		<LightsOn>false</LightsOn>
		<IsRadioLoud>0</IsRadioLoud>
		<LockStatus>1</LockStatus>
		<Neons>
			<Left>false</Left>
			<Right>false</Right>
			<Front>false</Front>
			<Back>false</Back>
			<R>255</R>
			<G>0</G>
			<B>255</B>
		</Neons>
		<ModExtras>
			<_1>false</_1>
			<_2>true</_2>
		</ModExtras>
		<Mods>
			<_0>-1,0</_0>
			<_1>-1,0</_1>
			<_2>-1,0</_2>
			<_3>-1,0</_3>
			<_4>-1,0</_4>
			<_5>0,0</_5>
			<_6>-1,0</_6>
			<_7>0,0</_7>
			<_8>-1,0</_8>
			<_9>-1,0</_9>
			<_10>-1,0</_10>
			<_11>3,0</_11>
			<_12>2,0</_12>
			<_13>2,0</_13>
			<_14>-1,0</_14>
			<_15>3,0</_15>
			<_16>4,0</_16>
			<_17>false</_17>
			<_18>true</_18>
			<_19>false</_19>
			<_20>false</_20>
			<_21>false</_21>
			<_22>false</_22>
			<_23>19,1</_23>
			<_24>-1,0</_24>
			<_25>-1,0</_25>
			<_26>-1,0</_26>
			<_27>-1,0</_27>
			<_28>-1,0</_28>
			<_29>-1,0</_29>
			<_30>-1,0</_30>
			<_31>-1,0</_31>
			<_32>-1,0</_32>
			<_33>-1,0</_33>
			<_34>-1,0</_34>
			<_35>-1,0</_35>
			<_36>-1,0</_36>
			<_37>-1,0</_37>
			<_38>-1,0</_38>
			<_39>-1,0</_39>
			<_40>-1,0</_40>
			<_41>-1,0</_41>
			<_42>-1,0</_42>
			<_43>-1,0</_43>
			<_44>-1,0</_44>
			<_45>-1,0</_45>
			<_46>-1,0</_46>
			<_47>-1,0</_47>
			<_48>-1,0</_48>
		</Mods>
		<DoorsOpen>
			<BackLeftDoor>false</BackLeftDoor>
			<BackRightDoor>false</BackRightDoor>
			<FrontLeftDoor>false</FrontLeftDoor>
			<FrontRightDoor>false</FrontRightDoor>
			<Hood>false</Hood>
			<Trunk>false</Trunk>
			<Trunk2>false</Trunk2>
		</DoorsOpen>
		<DoorsBroken>
			<BackLeftDoor>false</BackLeftDoor>
			<BackRightDoor>false</BackRightDoor>
			<FrontLeftDoor>false</FrontLeftDoor>
			<FrontRightDoor>false</FrontRightDoor>
			<Hood>false</Hood>
			<Trunk>true</Trunk>
			<Trunk2>false</Trunk2>
		</DoorsBroken>
		<TyresBursted>
			<FrontLeft>false</FrontLeft>
			<FrontRight>false</FrontRight>
			<_2>false</_2>
			<_3>false</_3>
			<BackLeft>false</BackLeft>
			<BackRight>false</BackRight>
			<_6>false</_6>
			<_7>false</_7>
			<_8>false</_8>
		</TyresBursted>
		<RpmMultiplier>1</RpmMultiplier>
		<TorqueMultiplier>1</TorqueMultiplier>
		<HeadlightIntensity>1</HeadlightIntensity>
	</VehicleProperties>
	<OpacityLevel>255</OpacityLevel>
	<LodDistance>16960</LodDistance>
	<IsVisible>true</IsVisible>
	<IsDriverVisible>true</IsDriverVisible>
	<MaxHealth>1000</MaxHealth>
	<Health>1000</Health>
	<HasGravity>true</HasGravity>
	<IsOnFire>false</IsOnFire>
	<IsInvincible>false</IsInvincible>
	<IsBulletProof>false</IsBulletProof>
	<IsExplosionProof>false</IsExplosionProof>
	<IsFireProof>false</IsFireProof>
	<IsMeleeProof>false</IsMeleeProof>
	<IsOnlyDamagedByPlayer>false</IsOnlyDamagedByPlayer>
	<SpoonerAttachments SetAttachmentsPersistentAndAddToSpoonerDatabase="false" StartTaskSequencesOnLoad="true">
		<Attachment>
			<ModelHash>0x710841e5</ModelHash>
			<Type>3</Type>
			<Dynamic>false</Dynamic>
			<FrozenPos>true</FrozenPos>
			<HashName>prop_scaffold_pole</HashName>
			<InitialHandle>477009</InitialHandle>
			<ObjectProperties>
				<TextureVariation>0</TextureVariation>
			</ObjectProperties>
			<OpacityLevel>255</OpacityLevel>
			<LodDistance>16960</LodDistance>
			<IsVisible>true</IsVisible>
			<MaxHealth>1000</MaxHealth>
			<Health>1000</Health>
			<HasGravity>true</HasGravity>
			<IsOnFire>false</IsOnFire>
			<IsInvincible>false</IsInvincible>
			<IsBulletProof>false</IsBulletProof>
			<IsCollisionProof>false</IsCollisionProof>
			<IsExplosionProof>false</IsExplosionProof>
			<IsFireProof>false</IsFireProof>
			<IsMeleeProof>false</IsMeleeProof>
			<IsOnlyDamagedByPlayer>false</IsOnlyDamagedByPlayer>
			<PositionRotation>
				<X>2134.03027</X>
				<Y>4783.11182</Y>
				<Z>40.1016502</Z>
				<Pitch>88.4260406</Pitch>
				<Roll>178.66687</Roll>
				<Yaw>25.5372066</Yaw>
			</PositionRotation>
			<Attachment isAttached="true">
				<AttachedTo>745512</AttachedTo>
				<BoneIndex>0</BoneIndex>
				<X>0.199488908</X>
				<Y>1.25275719</Y>
				<Z>-0.164213568</Z>
				<Pitch>90.7819824</Pitch>
				<Roll>-0.00569438934</Roll>
				<Yaw>-177.934525</Yaw>
			</Attachment>
		</Attachment>
		<Attachment>
			<ModelHash>0x710841e5</ModelHash>
			<Type>3</Type>
			<Dynamic>false</Dynamic>
			<FrozenPos>true</FrozenPos>
			<HashName>prop_scaffold_pole</HashName>
			<InitialHandle>129838</InitialHandle>
			<ObjectProperties>
				<TextureVariation>0</TextureVariation>
			</ObjectProperties>
			<OpacityLevel>255</OpacityLevel>
			<LodDistance>16960</LodDistance>
			<IsVisible>true</IsVisible>
			<MaxHealth>1000</MaxHealth>
			<Health>1000</Health>
			<HasGravity>true</HasGravity>
			<IsOnFire>false</IsOnFire>
			<IsInvincible>false</IsInvincible>
			<IsBulletProof>false</IsBulletProof>
			<IsCollisionProof>false</IsCollisionProof>
			<IsExplosionProof>false</IsExplosionProof>
			<IsFireProof>false</IsFireProof>
			<IsMeleeProof>false</IsMeleeProof>
			<IsOnlyDamagedByPlayer>false</IsOnlyDamagedByPlayer>
			<PositionRotation>
				<X>2133.69678</X>
				<Y>4782.97607</Y>
				<Z>40.1012421</Z>
				<Pitch>88.4260406</Pitch>
				<Roll>178.66687</Roll>
				<Yaw>25.5372066</Yaw>
			</PositionRotation>
			<Attachment isAttached="true">
				<AttachedTo>745512</AttachedTo>
				<BoneIndex>0</BoneIndex>
				<X>-0.160511106</X>
				<Y>1.25275719</Y>
				<Z>-0.164213568</Z>
				<Pitch>90.7819824</Pitch>
				<Roll>-0.00569438934</Roll>
				<Yaw>-177.934525</Yaw>
			</Attachment>
		</Attachment>
		<Attachment>
			<ModelHash>0x9970602c</ModelHash>
			<Type>3</Type>
			<Dynamic>false</Dynamic>
			<FrozenPos>true</FrozenPos>
			<HashName>prop_bumper_02</HashName>
			<InitialHandle>157740</InitialHandle>
			<ObjectProperties>
				<TextureVariation>0</TextureVariation>
			</ObjectProperties>
			<OpacityLevel>255</OpacityLevel>
			<LodDistance>16960</LodDistance>
			<IsVisible>true</IsVisible>
			<MaxHealth>1000</MaxHealth>
			<Health>1000</Health>
			<HasGravity>true</HasGravity>
			<IsOnFire>false</IsOnFire>
			<IsInvincible>false</IsInvincible>
			<IsBulletProof>false</IsBulletProof>
			<IsCollisionProof>false</IsCollisionProof>
			<IsExplosionProof>false</IsExplosionProof>
			<IsFireProof>false</IsFireProof>
			<IsMeleeProof>false</IsMeleeProof>
			<IsOnlyDamagedByPlayer>false</IsOnlyDamagedByPlayer>
			<PositionRotation>
				<X>2133.60693</X>
				<Y>4783.58984</Y>
				<Z>40.145916</Z>
				<Pitch>1.57177615</Pitch>
				<Roll>0.0582713373</Roll>
				<Yaw>-157.782822</Yaw>
			</PositionRotation>
			<Attachment isAttached="true">
				<AttachedTo>745512</AttachedTo>
				<BoneIndex>0</BoneIndex>
				<X>-0.0123728197</X>
				<Y>1.85435176</Y>
				<Z>-0.111407712</Z>
				<Pitch>0.781985283</Pitch>
				<Roll>-0.00569477258</Roll>
				<Yaw>-179.926071</Yaw>
			</Attachment>
		</Attachment>
		<Attachment>
			<ModelHash>0x9970602c</ModelHash>
			<Type>3</Type>
			<Dynamic>false</Dynamic>
			<FrozenPos>true</FrozenPos>
			<HashName>prop_bumper_02</HashName>
			<InitialHandle>243753</InitialHandle>
			<ObjectProperties>
				<TextureVariation>0</TextureVariation>
			</ObjectProperties>
			<OpacityLevel>255</OpacityLevel>
			<LodDistance>16960</LodDistance>
			<IsVisible>true</IsVisible>
			<MaxHealth>1000</MaxHealth>
			<Health>1000</Health>
			<HasGravity>true</HasGravity>
			<IsOnFire>false</IsOnFire>
			<IsInvincible>false</IsInvincible>
			<IsBulletProof>false</IsBulletProof>
			<IsCollisionProof>false</IsCollisionProof>
			<IsExplosionProof>false</IsExplosionProof>
			<IsFireProof>false</IsFireProof>
			<IsMeleeProof>false</IsMeleeProof>
			<IsOnlyDamagedByPlayer>false</IsOnlyDamagedByPlayer>
			<PositionRotation>
				<X>2133.61401</X>
				<Y>4783.57227</Y>
				<Z>40.2361832</Z>
				<Pitch>1.57177615</Pitch>
				<Roll>0.0582713373</Roll>
				<Yaw>-157.782822</Yaw>
			</PositionRotation>
			<Attachment isAttached="true">
				<AttachedTo>745512</AttachedTo>
				<BoneIndex>0</BoneIndex>
				<X>-0.0123728197</X>
				<Y>1.83435178</Y>
				<Z>-0.0214077309</Z>
				<Pitch>0.781985283</Pitch>
				<Roll>-0.00569477258</Roll>
				<Yaw>-179.926071</Yaw>
			</Attachment>
		</Attachment>
		<Attachment>
			<ModelHash>0x9970602c</ModelHash>
			<Type>3</Type>
			<Dynamic>false</Dynamic>
			<FrozenPos>true</FrozenPos>
			<HashName>prop_bumper_02</HashName>
			<InitialHandle>673583</InitialHandle>
			<ObjectProperties>
				<TextureVariation>0</TextureVariation>
			</ObjectProperties>
			<OpacityLevel>255</OpacityLevel>
			<LodDistance>16960</LodDistance>
			<IsVisible>true</IsVisible>
			<MaxHealth>1000</MaxHealth>
			<Health>1000</Health>
			<HasGravity>true</HasGravity>
			<IsOnFire>false</IsOnFire>
			<IsInvincible>false</IsInvincible>
			<IsBulletProof>false</IsBulletProof>
			<IsCollisionProof>false</IsCollisionProof>
			<IsExplosionProof>false</IsExplosionProof>
			<IsFireProof>false</IsFireProof>
			<IsMeleeProof>false</IsMeleeProof>
			<IsOnlyDamagedByPlayer>false</IsOnlyDamagedByPlayer>
			<PositionRotation>
				<X>2133.62109</X>
				<Y>4783.55469</Y>
				<Z>40.2864571</Z>
				<Pitch>1.57177615</Pitch>
				<Roll>0.0582713373</Roll>
				<Yaw>-157.782822</Yaw>
			</PositionRotation>
			<Attachment isAttached="true">
				<AttachedTo>745512</AttachedTo>
				<BoneIndex>0</BoneIndex>
				<X>-0.0123728197</X>
				<Y>1.8143518</Y>
				<Z>0.0285922624</Z>
				<Pitch>0.781985283</Pitch>
				<Roll>-0.00569477258</Roll>
				<Yaw>-179.926071</Yaw>
			</Attachment>
		</Attachment>
		<Attachment>
			<ModelHash>0x9970602c</ModelHash>
			<Type>3</Type>
			<Dynamic>false</Dynamic>
			<FrozenPos>true</FrozenPos>
			<HashName>prop_bumper_02</HashName>
			<InitialHandle>166961</InitialHandle>
			<ObjectProperties>
				<TextureVariation>0</TextureVariation>
			</ObjectProperties>
			<OpacityLevel>255</OpacityLevel>
			<LodDistance>16960</LodDistance>
			<IsVisible>true</IsVisible>
			<MaxHealth>1000</MaxHealth>
			<Health>1000</Health>
			<HasGravity>true</HasGravity>
			<IsOnFire>false</IsOnFire>
			<IsInvincible>false</IsInvincible>
			<IsBulletProof>false</IsBulletProof>
			<IsCollisionProof>false</IsCollisionProof>
			<IsExplosionProof>false</IsExplosionProof>
			<IsFireProof>false</IsFireProof>
			<IsMeleeProof>false</IsMeleeProof>
			<IsOnlyDamagedByPlayer>false</IsOnlyDamagedByPlayer>
			<PositionRotation>
				<X>2133.62476</X>
				<Y>4783.5459</Y>
				<Z>40.3365898</Z>
				<Pitch>1.57177615</Pitch>
				<Roll>0.0582713373</Roll>
				<Yaw>-157.782822</Yaw>
			</PositionRotation>
			<Attachment isAttached="true">
				<AttachedTo>745512</AttachedTo>
				<BoneIndex>0</BoneIndex>
				<X>-0.0123728197</X>
				<Y>1.80435181</Y>
				<Z>0.0785922557</Z>
				<Pitch>0.781985283</Pitch>
				<Roll>-0.00569477258</Roll>
				<Yaw>-179.926071</Yaw>
			</Attachment>
		</Attachment>
		<Attachment>
			<ModelHash>0x9970602c</ModelHash>
			<Type>3</Type>
			<Dynamic>false</Dynamic>
			<FrozenPos>true</FrozenPos>
			<HashName>prop_bumper_02</HashName>
			<InitialHandle>362537</InitialHandle>
			<ObjectProperties>
				<TextureVariation>0</TextureVariation>
			</ObjectProperties>
			<OpacityLevel>255</OpacityLevel>
			<LodDistance>16960</LodDistance>
			<IsVisible>true</IsVisible>
			<MaxHealth>1000</MaxHealth>
			<Health>1000</Health>
			<HasGravity>true</HasGravity>
			<IsOnFire>false</IsOnFire>
			<IsInvincible>false</IsInvincible>
			<IsBulletProof>false</IsBulletProof>
			<IsCollisionProof>false</IsCollisionProof>
			<IsExplosionProof>false</IsExplosionProof>
			<IsFireProof>false</IsFireProof>
			<IsMeleeProof>false</IsMeleeProof>
			<IsOnlyDamagedByPlayer>false</IsOnlyDamagedByPlayer>
			<PositionRotation>
				<X>2133.6355</X>
				<Y>4783.51855</Y>
				<Z>40.3969955</Z>
				<Pitch>1.57177615</Pitch>
				<Roll>0.0582713373</Roll>
				<Yaw>-157.782822</Yaw>
			</PositionRotation>
			<Attachment isAttached="true">
				<AttachedTo>745512</AttachedTo>
				<BoneIndex>0</BoneIndex>
				<X>-0.0123728197</X>
				<Y>1.77435184</Y>
				<Z>0.138592258</Z>
				<Pitch>0.781985283</Pitch>
				<Roll>-0.00569477258</Roll>
				<Yaw>-179.926071</Yaw>
			</Attachment>
		</Attachment>
		<Attachment>
			<ModelHash>0x9970602c</ModelHash>
			<Type>3</Type>
			<Dynamic>false</Dynamic>
			<FrozenPos>true</FrozenPos>
			<HashName>prop_bumper_02</HashName>
			<InitialHandle>507186</InitialHandle>
			<ObjectProperties>
				<TextureVariation>0</TextureVariation>
			</ObjectProperties>
			<OpacityLevel>255</OpacityLevel>
			<LodDistance>16960</LodDistance>
			<IsVisible>true</IsVisible>
			<MaxHealth>1000</MaxHealth>
			<Health>1000</Health>
			<HasGravity>true</HasGravity>
			<IsOnFire>false</IsOnFire>
			<IsInvincible>false</IsInvincible>
			<IsBulletProof>false</IsBulletProof>
			<IsCollisionProof>false</IsCollisionProof>
			<IsExplosionProof>false</IsExplosionProof>
			<IsFireProof>false</IsFireProof>
			<IsMeleeProof>false</IsMeleeProof>
			<IsOnlyDamagedByPlayer>false</IsOnlyDamagedByPlayer>
			<PositionRotation>
				<X>2133.64282</X>
				<Y>4783.50098</Y>
				<Z>40.4472656</Z>
				<Pitch>1.57177615</Pitch>
				<Roll>0.0582713373</Roll>
				<Yaw>-157.782822</Yaw>
			</PositionRotation>
			<Attachment isAttached="true">
				<AttachedTo>745512</AttachedTo>
				<BoneIndex>0</BoneIndex>
				<X>-0.0123728197</X>
				<Y>1.75435185</Y>
				<Z>0.188592285</Z>
				<Pitch>0.781985283</Pitch>
				<Roll>-0.00569477258</Roll>
				<Yaw>-179.926071</Yaw>
			</Attachment>
		</Attachment>
		<Attachment>
			<ModelHash>0x710841e5</ModelHash>
			<Type>3</Type>
			<Dynamic>false</Dynamic>
			<FrozenPos>true</FrozenPos>
			<HashName>prop_scaffold_pole</HashName>
			<InitialHandle>784435</InitialHandle>
			<ObjectProperties>
				<TextureVariation>0</TextureVariation>
			</ObjectProperties>
			<OpacityLevel>255</OpacityLevel>
			<LodDistance>16960</LodDistance>
			<IsVisible>true</IsVisible>
			<MaxHealth>1000</MaxHealth>
			<Health>1000</Health>
			<HasGravity>true</HasGravity>
			<IsOnFire>false</IsOnFire>
			<IsInvincible>false</IsInvincible>
			<IsBulletProof>false</IsBulletProof>
			<IsCollisionProof>false</IsCollisionProof>
			<IsExplosionProof>false</IsExplosionProof>
			<IsFireProof>false</IsFireProof>
			<IsMeleeProof>false</IsMeleeProof>
			<IsOnlyDamagedByPlayer>false</IsOnlyDamagedByPlayer>
			<PositionRotation>
				<X>2133.96777</X>
				<Y>4782.16455</Y>
				<Z>40.8312721</Z>
				<Pitch>-88.8427505</Pitch>
				<Roll>-43.039547</Roll>
				<Yaw>-110.815765</Yaw>
			</PositionRotation>
			<Attachment isAttached="true">
				<AttachedTo>745512</AttachedTo>
				<BoneIndex>0</BoneIndex>
				<X>-0.214596868</X>
				<Y>0.388919771</Y>
				<Z>0.554040432</Z>
				<Pitch>-89.2180099</Pitch>
				<Roll>-0.00569438934</Roll>
				<Yaw>-89.9318542</Yaw>
			</Attachment>
		</Attachment>
		<Attachment>
			<ModelHash>0x710841e5</ModelHash>
			<Type>3</Type>
			<Dynamic>false</Dynamic>
			<FrozenPos>true</FrozenPos>
			<HashName>prop_scaffold_pole</HashName>
			<InitialHandle>666411</InitialHandle>
			<ObjectProperties>
				<TextureVariation>0</TextureVariation>
			</ObjectProperties>
			<OpacityLevel>255</OpacityLevel>
			<LodDistance>16960</LodDistance>
			<IsVisible>true</IsVisible>
			<MaxHealth>1000</MaxHealth>
			<Health>1000</Health>
			<HasGravity>true</HasGravity>
			<IsOnFire>false</IsOnFire>
			<IsInvincible>false</IsInvincible>
			<IsBulletProof>false</IsBulletProof>
			<IsCollisionProof>false</IsCollisionProof>
			<IsExplosionProof>false</IsExplosionProof>
			<IsFireProof>false</IsFireProof>
			<IsMeleeProof>false</IsMeleeProof>
			<IsOnlyDamagedByPlayer>false</IsOnlyDamagedByPlayer>
			<PositionRotation>
				<X>2133.979</X>
				<Y>4782.13721</Y>
				<Z>40.8716812</Z>
				<Pitch>-88.8427505</Pitch>
				<Roll>-43.039547</Roll>
				<Yaw>-110.815765</Yaw>
			</PositionRotation>
			<Attachment isAttached="true">
				<AttachedTo>745512</AttachedTo>
				<BoneIndex>0</BoneIndex>
				<X>-0.214596868</X>
				<Y>0.358919799</Y>
				<Z>0.594040394</Z>
				<Pitch>-89.2180099</Pitch>
				<Roll>-0.00569438934</Roll>
				<Yaw>-89.9318542</Yaw>
			</Attachment>
		</Attachment>
		<Attachment>
			<ModelHash>0x710841e5</ModelHash>
			<Type>3</Type>
			<Dynamic>false</Dynamic>
			<FrozenPos>true</FrozenPos>
			<HashName>prop_scaffold_pole</HashName>
			<InitialHandle>412723</InitialHandle>
			<ObjectProperties>
				<TextureVariation>0</TextureVariation>
			</ObjectProperties>
			<OpacityLevel>255</OpacityLevel>
			<LodDistance>16960</LodDistance>
			<IsVisible>true</IsVisible>
			<MaxHealth>1000</MaxHealth>
			<Health>1000</Health>
			<HasGravity>true</HasGravity>
			<IsOnFire>false</IsOnFire>
			<IsInvincible>false</IsInvincible>
			<IsBulletProof>false</IsBulletProof>
			<IsCollisionProof>false</IsCollisionProof>
			<IsExplosionProof>false</IsExplosionProof>
			<IsFireProof>false</IsFireProof>
			<IsMeleeProof>false</IsMeleeProof>
			<IsOnlyDamagedByPlayer>false</IsOnlyDamagedByPlayer>
			<PositionRotation>
				<X>2133.68042</X>
				<Y>4782.28271</Y>
				<Z>40.6971016</Z>
				<Pitch>-58.4288635</Pitch>
				<Roll>0.132288903</Roll>
				<Yaw>-158.265839</Yaw>
			</PositionRotation>
			<Attachment isAttached="true">
				<AttachedTo>745512</AttachedTo>
				<BoneIndex>0</BoneIndex>
				<X>-0.436485529</X>
				<Y>0.6084885</Y>
				<Z>0.423137307</Z>
				<Pitch>-59.2180138</Pitch>
				<Roll>-0.00569438934</Roll>
				<Yaw>-180.528458</Yaw>
			</Attachment>
		</Attachment>
		<Attachment>
			<ModelHash>0x710841e5</ModelHash>
			<Type>3</Type>
			<Dynamic>false</Dynamic>
			<FrozenPos>true</FrozenPos>
			<HashName>prop_scaffold_pole</HashName>
			<InitialHandle>376370</InitialHandle>
			<ObjectProperties>
				<TextureVariation>0</TextureVariation>
			</ObjectProperties>
			<OpacityLevel>255</OpacityLevel>
			<LodDistance>16960</LodDistance>
			<IsVisible>true</IsVisible>
			<MaxHealth>1000</MaxHealth>
			<Health>1000</Health>
			<HasGravity>true</HasGravity>
			<IsOnFire>false</IsOnFire>
			<IsInvincible>false</IsInvincible>
			<IsBulletProof>false</IsBulletProof>
			<IsCollisionProof>false</IsCollisionProof>
			<IsExplosionProof>false</IsExplosionProof>
			<IsFireProof>false</IsFireProof>
			<IsMeleeProof>false</IsMeleeProof>
			<IsOnlyDamagedByPlayer>false</IsOnlyDamagedByPlayer>
			<PositionRotation>
				<X>2134.49536</X>
				<Y>4782.61426</Y>
				<Z>40.698101</Z>
				<Pitch>-58.4288635</Pitch>
				<Roll>0.132288903</Roll>
				<Yaw>-158.265839</Yaw>
			</PositionRotation>
			<Attachment isAttached="true">
				<AttachedTo>745512</AttachedTo>
				<BoneIndex>0</BoneIndex>
				<X>0.443514198</X>
				<Y>0.6084885</Y>
				<Z>0.423137307</Z>
				<Pitch>-59.2180138</Pitch>
				<Roll>-0.00569438934</Roll>
				<Yaw>-180.528458</Yaw>
			</Attachment>
		</Attachment>
		<Attachment>
			<ModelHash>0x710841e5</ModelHash>
			<Type>3</Type>
			<Dynamic>false</Dynamic>
			<FrozenPos>true</FrozenPos>
			<HashName>prop_scaffold_pole</HashName>
			<InitialHandle>734263</InitialHandle>
			<ObjectProperties>
				<TextureVariation>0</TextureVariation>
			</ObjectProperties>
			<OpacityLevel>255</OpacityLevel>
			<LodDistance>16960</LodDistance>
			<IsVisible>true</IsVisible>
			<MaxHealth>1000</MaxHealth>
			<Health>1000</Health>
			<HasGravity>true</HasGravity>
			<IsOnFire>false</IsOnFire>
			<IsInvincible>false</IsInvincible>
			<IsBulletProof>false</IsBulletProof>
			<IsCollisionProof>false</IsCollisionProof>
			<IsExplosionProof>false</IsExplosionProof>
			<IsFireProof>false</IsFireProof>
			<IsMeleeProof>false</IsMeleeProof>
			<IsOnlyDamagedByPlayer>false</IsOnlyDamagedByPlayer>
			<PositionRotation>
				<X>2134.00903</X>
				<Y>4782.06348</Y>
				<Z>40.882782</Z>
				<Pitch>-88.8427505</Pitch>
				<Roll>-43.039547</Roll>
				<Yaw>-110.815765</Yaw>
			</PositionRotation>
			<Attachment isAttached="true">
				<AttachedTo>745512</AttachedTo>
				<BoneIndex>0</BoneIndex>
				<X>-0.214596868</X>
				<Y>0.278919876</Y>
				<Z>0.604040384</Z>
				<Pitch>-89.2180099</Pitch>
				<Roll>-0.00569438934</Roll>
				<Yaw>-89.9318542</Yaw>
			</Attachment>
		</Attachment>
		<Attachment>
			<ModelHash>0x710841e5</ModelHash>
			<Type>3</Type>
			<Dynamic>false</Dynamic>
			<FrozenPos>true</FrozenPos>
			<HashName>prop_scaffold_pole</HashName>
			<InitialHandle>443702</InitialHandle>
			<ObjectProperties>
				<TextureVariation>0</TextureVariation>
			</ObjectProperties>
			<OpacityLevel>255</OpacityLevel>
			<LodDistance>16960</LodDistance>
			<IsVisible>true</IsVisible>
			<MaxHealth>1000</MaxHealth>
			<Health>1000</Health>
			<HasGravity>true</HasGravity>
			<IsOnFire>false</IsOnFire>
			<IsInvincible>false</IsInvincible>
			<IsBulletProof>false</IsBulletProof>
			<IsCollisionProof>false</IsCollisionProof>
			<IsExplosionProof>false</IsExplosionProof>
			<IsFireProof>false</IsFireProof>
			<IsMeleeProof>false</IsMeleeProof>
			<IsOnlyDamagedByPlayer>false</IsOnlyDamagedByPlayer>
			<PositionRotation>
				<X>2134.02393</X>
				<Y>4782.02686</Y>
				<Z>40.9233284</Z>
				<Pitch>-88.8427505</Pitch>
				<Roll>-43.039547</Roll>
				<Yaw>-110.815765</Yaw>
			</PositionRotation>
			<Attachment isAttached="true">
				<AttachedTo>745512</AttachedTo>
				<BoneIndex>0</BoneIndex>
				<X>-0.214596868</X>
				<Y>0.238919884</Y>
				<Z>0.644040346</Z>
				<Pitch>-89.2180099</Pitch>
				<Roll>-0.00569438934</Roll>
				<Yaw>-89.9318542</Yaw>
			</Attachment>
		</Attachment>
		<Attachment>
			<ModelHash>0x710841e5</ModelHash>
			<Type>3</Type>
			<Dynamic>false</Dynamic>
			<FrozenPos>true</FrozenPos>
			<HashName>prop_scaffold_pole</HashName>
			<InitialHandle>747574</InitialHandle>
			<ObjectProperties>
				<TextureVariation>0</TextureVariation>
			</ObjectProperties>
			<OpacityLevel>255</OpacityLevel>
			<LodDistance>16960</LodDistance>
			<IsVisible>true</IsVisible>
			<MaxHealth>1000</MaxHealth>
			<Health>1000</Health>
			<HasGravity>true</HasGravity>
			<IsOnFire>false</IsOnFire>
			<IsInvincible>false</IsInvincible>
			<IsBulletProof>false</IsBulletProof>
			<IsCollisionProof>false</IsCollisionProof>
			<IsExplosionProof>false</IsExplosionProof>
			<IsFireProof>false</IsFireProof>
			<IsMeleeProof>false</IsMeleeProof>
			<IsOnlyDamagedByPlayer>false</IsOnlyDamagedByPlayer>
			<PositionRotation>
				<X>2134.04248</X>
				<Y>4781.98096</Y>
				<Z>40.9540138</Z>
				<Pitch>-88.8427505</Pitch>
				<Roll>-43.039547</Roll>
				<Yaw>-110.815765</Yaw>
			</PositionRotation>
			<Attachment isAttached="true">
				<AttachedTo>745512</AttachedTo>
				<BoneIndex>0</BoneIndex>
				<X>-0.214596868</X>
				<Y>0.188919857</Y>
				<Z>0.674040318</Z>
				<Pitch>-89.2180099</Pitch>
				<Roll>-0.00569438934</Roll>
				<Yaw>-89.9318542</Yaw>
			</Attachment>
		</Attachment>
		<Attachment>
			<ModelHash>0x710841e5</ModelHash>
			<Type>3</Type>
			<Dynamic>false</Dynamic>
			<FrozenPos>true</FrozenPos>
			<HashName>prop_scaffold_pole</HashName>
			<InitialHandle>36911</InitialHandle>
			<ObjectProperties>
				<TextureVariation>0</TextureVariation>
			</ObjectProperties>
			<OpacityLevel>255</OpacityLevel>
			<LodDistance>16960</LodDistance>
			<IsVisible>true</IsVisible>
			<MaxHealth>1000</MaxHealth>
			<Health>1000</Health>
			<HasGravity>true</HasGravity>
			<IsOnFire>false</IsOnFire>
			<IsInvincible>false</IsInvincible>
			<IsBulletProof>false</IsBulletProof>
			<IsCollisionProof>false</IsCollisionProof>
			<IsExplosionProof>false</IsExplosionProof>
			<IsFireProof>false</IsFireProof>
			<IsMeleeProof>false</IsMeleeProof>
			<IsOnlyDamagedByPlayer>false</IsOnlyDamagedByPlayer>
			<PositionRotation>
				<X>2134.06494</X>
				<Y>4781.92578</Y>
				<Z>40.9848404</Z>
				<Pitch>-88.8427505</Pitch>
				<Roll>-43.039547</Roll>
				<Yaw>-110.815765</Yaw>
			</PositionRotation>
			<Attachment isAttached="true">
				<AttachedTo>745512</AttachedTo>
				<BoneIndex>0</BoneIndex>
				<X>-0.214596868</X>
				<Y>0.128919825</Y>
				<Z>0.704040289</Z>
				<Pitch>-89.2180099</Pitch>
				<Roll>-0.00569438934</Roll>
				<Yaw>-89.9318542</Yaw>
			</Attachment>
		</Attachment>
		<Attachment>
			<ModelHash>0x710841e5</ModelHash>
			<Type>3</Type>
			<Dynamic>false</Dynamic>
			<FrozenPos>true</FrozenPos>
			<HashName>prop_scaffold_pole</HashName>
			<InitialHandle>376885</InitialHandle>
			<ObjectProperties>
				<TextureVariation>0</TextureVariation>
			</ObjectProperties>
			<OpacityLevel>255</OpacityLevel>
			<LodDistance>16960</LodDistance>
			<IsVisible>true</IsVisible>
			<MaxHealth>1000</MaxHealth>
			<Health>1000</Health>
			<HasGravity>true</HasGravity>
			<IsOnFire>false</IsOnFire>
			<IsInvincible>false</IsInvincible>
			<IsBulletProof>false</IsBulletProof>
			<IsCollisionProof>false</IsCollisionProof>
			<IsExplosionProof>false</IsExplosionProof>
			<IsFireProof>false</IsFireProof>
			<IsMeleeProof>false</IsMeleeProof>
			<IsOnlyDamagedByPlayer>false</IsOnlyDamagedByPlayer>
			<PositionRotation>
				<X>2134.0874</X>
				<Y>4781.87061</Y>
				<Z>41.0156631</Z>
				<Pitch>-88.8427505</Pitch>
				<Roll>-43.039547</Roll>
				<Yaw>-110.815765</Yaw>
			</PositionRotation>
			<Attachment isAttached="true">
				<AttachedTo>745512</AttachedTo>
				<BoneIndex>0</BoneIndex>
				<X>-0.214596868</X>
				<Y>0.0689198375</Y>
				<Z>0.73404026</Z>
				<Pitch>-89.2180099</Pitch>
				<Roll>-0.00569438934</Roll>
				<Yaw>-89.9318542</Yaw>
			</Attachment>
		</Attachment>
		<Attachment>
			<ModelHash>0x710841e5</ModelHash>
			<Type>3</Type>
			<Dynamic>false</Dynamic>
			<FrozenPos>true</FrozenPos>
			<HashName>prop_scaffold_pole</HashName>
			<InitialHandle>381745</InitialHandle>
			<ObjectProperties>
				<TextureVariation>0</TextureVariation>
			</ObjectProperties>
			<OpacityLevel>255</OpacityLevel>
			<LodDistance>16960</LodDistance>
			<IsVisible>true</IsVisible>
			<MaxHealth>1000</MaxHealth>
			<Health>1000</Health>
			<HasGravity>true</HasGravity>
			<IsOnFire>false</IsOnFire>
			<IsInvincible>false</IsInvincible>
			<IsBulletProof>false</IsBulletProof>
			<IsCollisionProof>false</IsCollisionProof>
			<IsExplosionProof>false</IsExplosionProof>
			<IsFireProof>false</IsFireProof>
			<IsMeleeProof>false</IsMeleeProof>
			<IsOnlyDamagedByPlayer>false</IsOnlyDamagedByPlayer>
			<PositionRotation>
				<X>2134.10205</X>
				<Y>4781.83398</Y>
				<Z>41.0562096</Z>
				<Pitch>-88.8427505</Pitch>
				<Roll>-43.039547</Roll>
				<Yaw>-110.815765</Yaw>
			</PositionRotation>
			<Attachment isAttached="true">
				<AttachedTo>745512</AttachedTo>
				<BoneIndex>0</BoneIndex>
				<X>-0.214596868</X>
				<Y>0.0289198458</Y>
				<Z>0.774040222</Z>
				<Pitch>-89.2180099</Pitch>
				<Roll>-0.00569438934</Roll>
				<Yaw>-89.9318542</Yaw>
			</Attachment>
		</Attachment>
		<Attachment>
			<ModelHash>0x710841e5</ModelHash>
			<Type>3</Type>
			<Dynamic>false</Dynamic>
			<FrozenPos>true</FrozenPos>
			<HashName>prop_scaffold_pole</HashName>
			<InitialHandle>463915</InitialHandle>
			<ObjectProperties>
				<TextureVariation>0</TextureVariation>
			</ObjectProperties>
			<OpacityLevel>255</OpacityLevel>
			<LodDistance>16960</LodDistance>
			<IsVisible>true</IsVisible>
			<MaxHealth>1000</MaxHealth>
			<Health>1000</Health>
			<HasGravity>true</HasGravity>
			<IsOnFire>false</IsOnFire>
			<IsInvincible>false</IsInvincible>
			<IsBulletProof>false</IsBulletProof>
			<IsCollisionProof>false</IsCollisionProof>
			<IsExplosionProof>false</IsExplosionProof>
			<IsFireProof>false</IsFireProof>
			<IsMeleeProof>false</IsMeleeProof>
			<IsOnlyDamagedByPlayer>false</IsOnlyDamagedByPlayer>
			<PositionRotation>
				<X>2133.49292</X>
				<Y>4782.72705</Y>
				<Z>40.552639</Z>
				<Pitch>-88.4264145</Pitch>
				<Roll>1.69779336</Roll>
				<Yaw>-154.833923</Yaw>
			</PositionRotation>
			<Attachment isAttached="true">
				<AttachedTo>745512</AttachedTo>
				<BoneIndex>0</BoneIndex>
				<X>-0.442862868</X>
				<Y>1.09277785</Y>
				<Z>0.28534463</Z>
				<Pitch>-89.2180099</Pitch>
				<Roll>-0.00569438934</Roll>
				<Yaw>-178.681641</Yaw>
			</Attachment>
		</Attachment>
		<Attachment>
			<ModelHash>0x710841e5</ModelHash>
			<Type>3</Type>
			<Dynamic>false</Dynamic>
			<FrozenPos>true</FrozenPos>
			<HashName>prop_scaffold_pole</HashName>
			<InitialHandle>273462</InitialHandle>
			<ObjectProperties>
				<TextureVariation>0</TextureVariation>
			</ObjectProperties>
			<OpacityLevel>255</OpacityLevel>
			<LodDistance>16960</LodDistance>
			<IsVisible>true</IsVisible>
			<MaxHealth>1000</MaxHealth>
			<Health>1000</Health>
			<HasGravity>true</HasGravity>
			<IsOnFire>false</IsOnFire>
			<IsInvincible>false</IsInvincible>
			<IsBulletProof>false</IsBulletProof>
			<IsCollisionProof>false</IsCollisionProof>
			<IsExplosionProof>false</IsExplosionProof>
			<IsFireProof>false</IsFireProof>
			<IsMeleeProof>false</IsMeleeProof>
			<IsOnlyDamagedByPlayer>false</IsOnlyDamagedByPlayer>
			<PositionRotation>
				<X>2134.3291</X>
				<Y>4783.06738</Y>
				<Z>40.5536652</Z>
				<Pitch>-88.4277802</Pitch>
				<Roll>2.80524349</Roll>
				<Yaw>-155.926804</Yaw>
			</PositionRotation>
			<Attachment isAttached="true">
				<AttachedTo>745512</AttachedTo>
				<BoneIndex>0</BoneIndex>
				<X>0.460136801</X>
				<Y>1.09277785</Y>
				<Z>0.28534463</Z>
				<Pitch>-89.2180099</Pitch>
				<Roll>-0.00569438934</Roll>
				<Yaw>-180.881775</Yaw>
			</Attachment>
		</Attachment>
		<Attachment>
			<ModelHash>0x710841e5</ModelHash>
			<Type>3</Type>
			<Dynamic>false</Dynamic>
			<FrozenPos>true</FrozenPos>
			<HashName>prop_scaffold_pole</HashName>
			<InitialHandle>138812</InitialHandle>
			<ObjectProperties>
				<TextureVariation>0</TextureVariation>
			</ObjectProperties>
			<OpacityLevel>255</OpacityLevel>
			<LodDistance>16960</LodDistance>
			<IsVisible>true</IsVisible>
			<MaxHealth>1000</MaxHealth>
			<Health>1000</Health>
			<HasGravity>true</HasGravity>
			<IsOnFire>false</IsOnFire>
			<IsInvincible>false</IsInvincible>
			<IsBulletProof>false</IsBulletProof>
			<IsCollisionProof>false</IsCollisionProof>
			<IsExplosionProof>false</IsExplosionProof>
			<IsFireProof>false</IsFireProof>
			<IsMeleeProof>false</IsMeleeProof>
			<IsOnlyDamagedByPlayer>false</IsOnlyDamagedByPlayer>
			<PositionRotation>
				<X>2134.1333</X>
				<Y>4783.54883</Y>
				<Z>40.5464973</Z>
				<Pitch>-88.4279022</Pitch>
				<Roll>1.05698895</Roll>
				<Yaw>-156.175262</Yaw>
			</PositionRotation>
			<Attachment isAttached="true">
				<AttachedTo>745512</AttachedTo>
				<BoneIndex>22</BoneIndex>
				<X>0.460136801</X>
				<Y>1.61277735</Y>
				<Z>0.28534463</Z>
				<Pitch>-89.2180099</Pitch>
				<Roll>-2.00569439</Roll>
				<Yaw>-181.381927</Yaw>
			</Attachment>
		</Attachment>
		<Attachment>
			<ModelHash>0x710841e5</ModelHash>
			<Type>3</Type>
			<Dynamic>false</Dynamic>
			<FrozenPos>true</FrozenPos>
			<HashName>prop_scaffold_pole</HashName>
			<InitialHandle>677394</InitialHandle>
			<ObjectProperties>
				<TextureVariation>0</TextureVariation>
			</ObjectProperties>
			<OpacityLevel>255</OpacityLevel>
			<LodDistance>16960</LodDistance>
			<IsVisible>true</IsVisible>
			<MaxHealth>1000</MaxHealth>
			<Health>1000</Health>
			<HasGravity>true</HasGravity>
			<IsOnFire>false</IsOnFire>
			<IsInvincible>false</IsInvincible>
			<IsBulletProof>false</IsBulletProof>
			<IsCollisionProof>false</IsCollisionProof>
			<IsExplosionProof>false</IsExplosionProof>
			<IsFireProof>false</IsFireProof>
			<IsMeleeProof>false</IsMeleeProof>
			<IsOnlyDamagedByPlayer>false</IsOnlyDamagedByPlayer>
			<PositionRotation>
				<X>2133.27173</X>
				<Y>4783.19873</Y>
				<Z>40.5454445</Z>
				<Pitch>-88.4264145</Pitch>
				<Roll>-0.453045875</Roll>
				<Yaw>-154.685013</Yaw>
			</PositionRotation>
			<Attachment isAttached="true">
				<AttachedTo>745512</AttachedTo>
				<BoneIndex>22</BoneIndex>
				<X>-0.469862878</X>
				<Y>1.61277735</Y>
				<Z>0.28534463</Z>
				<Pitch>-89.2180099</Pitch>
				<Roll>-2.00569439</Roll>
				<Yaw>-178.381927</Yaw>
			</Attachment>
		</Attachment>
		<Attachment>
			<ModelHash>0x710841e5</ModelHash>
			<Type>3</Type>
			<Dynamic>false</Dynamic>
			<FrozenPos>true</FrozenPos>
			<HashName>prop_scaffold_pole</HashName>
			<InitialHandle>578878</InitialHandle>
			<ObjectProperties>
				<TextureVariation>0</TextureVariation>
			</ObjectProperties>
			<OpacityLevel>255</OpacityLevel>
			<LodDistance>16960</LodDistance>
			<IsVisible>true</IsVisible>
			<MaxHealth>1000</MaxHealth>
			<Health>1000</Health>
			<HasGravity>true</HasGravity>
			<IsOnFire>false</IsOnFire>
			<IsInvincible>false</IsInvincible>
			<IsBulletProof>false</IsBulletProof>
			<IsCollisionProof>false</IsCollisionProof>
			<IsExplosionProof>false</IsExplosionProof>
			<IsFireProof>false</IsFireProof>
			<IsMeleeProof>false</IsMeleeProof>
			<IsOnlyDamagedByPlayer>false</IsOnlyDamagedByPlayer>
			<PositionRotation>
				<X>2133.80371</X>
				<Y>4783.69531</Y>
				<Z>40.5326309</Z>
				<Pitch>-88.9582596</Pitch>
				<Roll>46.9665146</Roll>
				<Yaw>158.729462</Yaw>
			</PositionRotation>
			<Attachment isAttached="true">
				<AttachedTo>745512</AttachedTo>
				<BoneIndex>22</BoneIndex>
				<X>0.21013698</X>
				<Y>1.87277734</Y>
				<Z>0.27534464</Z>
				<Pitch>-89.2180099</Pitch>
				<Roll>-2.00569439</Roll>
				<Yaw>87.6180725</Yaw>
			</Attachment>
		</Attachment>
		<Attachment>
			<ModelHash>0x710841e5</ModelHash>
			<Type>3</Type>
			<Dynamic>false</Dynamic>
			<FrozenPos>true</FrozenPos>
			<HashName>prop_scaffold_pole</HashName>
			<InitialHandle>58688</InitialHandle>
			<ObjectProperties>
				<TextureVariation>0</TextureVariation>
			</ObjectProperties>
			<OpacityLevel>255</OpacityLevel>
			<LodDistance>16960</LodDistance>
			<IsVisible>true</IsVisible>
			<MaxHealth>1000</MaxHealth>
			<Health>1000</Health>
			<HasGravity>true</HasGravity>
			<IsOnFire>false</IsOnFire>
			<IsInvincible>false</IsInvincible>
			<IsBulletProof>false</IsBulletProof>
			<IsCollisionProof>false</IsCollisionProof>
			<IsExplosionProof>false</IsExplosionProof>
			<IsFireProof>false</IsFireProof>
			<IsMeleeProof>false</IsMeleeProof>
			<IsOnlyDamagedByPlayer>false</IsOnlyDamagedByPlayer>
			<PositionRotation>
				<X>2133.81494</X>
				<Y>4783.66748</Y>
				<Z>40.5330467</Z>
				<Pitch>-88.9582596</Pitch>
				<Roll>46.9665146</Roll>
				<Yaw>158.729462</Yaw>
			</PositionRotation>
			<Attachment isAttached="true">
				<AttachedTo>745512</AttachedTo>
				<BoneIndex>22</BoneIndex>
				<X>0.21013698</X>
				<Y>1.84277737</Y>
				<Z>0.27534464</Z>
				<Pitch>-89.2180099</Pitch>
				<Roll>-2.00569439</Roll>
				<Yaw>87.6180725</Yaw>
			</Attachment>
		</Attachment>
		<Attachment>
			<ModelHash>0x710841e5</ModelHash>
			<Type>3</Type>
			<Dynamic>false</Dynamic>
			<FrozenPos>true</FrozenPos>
			<HashName>prop_scaffold_pole</HashName>
			<InitialHandle>104508</InitialHandle>
			<ObjectProperties>
				<TextureVariation>0</TextureVariation>
			</ObjectProperties>
			<OpacityLevel>255</OpacityLevel>
			<LodDistance>16960</LodDistance>
			<IsVisible>true</IsVisible>
			<MaxHealth>1000</MaxHealth>
			<Health>1000</Health>
			<HasGravity>true</HasGravity>
			<IsOnFire>false</IsOnFire>
			<IsInvincible>false</IsInvincible>
			<IsBulletProof>false</IsBulletProof>
			<IsCollisionProof>false</IsCollisionProof>
			<IsExplosionProof>false</IsExplosionProof>
			<IsFireProof>false</IsFireProof>
			<IsMeleeProof>false</IsMeleeProof>
			<IsOnlyDamagedByPlayer>false</IsOnlyDamagedByPlayer>
			<PositionRotation>
				<X>2133.83008</X>
				<Y>4783.63086</Y>
				<Z>40.533596</Z>
				<Pitch>-88.9582596</Pitch>
				<Roll>46.9665146</Roll>
				<Yaw>158.729462</Yaw>
			</PositionRotation>
			<Attachment isAttached="true">
				<AttachedTo>745512</AttachedTo>
				<BoneIndex>22</BoneIndex>
				<X>0.21013698</X>
				<Y>1.80277741</Y>
				<Z>0.27534464</Z>
				<Pitch>-89.2180099</Pitch>
				<Roll>-2.00569439</Roll>
				<Yaw>87.6180725</Yaw>
			</Attachment>
		</Attachment>
		<Attachment>
			<ModelHash>0x710841e5</ModelHash>
			<Type>3</Type>
			<Dynamic>false</Dynamic>
			<FrozenPos>true</FrozenPos>
			<HashName>prop_scaffold_pole</HashName>
			<InitialHandle>710973</InitialHandle>
			<ObjectProperties>
				<TextureVariation>0</TextureVariation>
			</ObjectProperties>
			<OpacityLevel>255</OpacityLevel>
			<LodDistance>16960</LodDistance>
			<IsVisible>true</IsVisible>
			<MaxHealth>1000</MaxHealth>
			<Health>1000</Health>
			<HasGravity>true</HasGravity>
			<IsOnFire>false</IsOnFire>
			<IsInvincible>false</IsInvincible>
			<IsBulletProof>false</IsBulletProof>
			<IsCollisionProof>false</IsCollisionProof>
			<IsExplosionProof>false</IsExplosionProof>
			<IsFireProof>false</IsFireProof>
			<IsMeleeProof>false</IsMeleeProof>
			<IsOnlyDamagedByPlayer>false</IsOnlyDamagedByPlayer>
			<PositionRotation>
				<X>2133.84131</X>
				<Y>4783.60303</Y>
				<Z>40.534008</Z>
				<Pitch>-88.9582596</Pitch>
				<Roll>46.9665146</Roll>
				<Yaw>158.729462</Yaw>
			</PositionRotation>
			<Attachment isAttached="true">
				<AttachedTo>745512</AttachedTo>
				<BoneIndex>22</BoneIndex>
				<X>0.21013698</X>
				<Y>1.77277744</Y>
				<Z>0.27534464</Z>
				<Pitch>-89.2180099</Pitch>
				<Roll>-2.00569439</Roll>
				<Yaw>87.6180725</Yaw>
			</Attachment>
		</Attachment>
		<Attachment>
			<ModelHash>0xf7004a7c</ModelHash>
			<Type>3</Type>
			<Dynamic>false</Dynamic>
			<FrozenPos>true</FrozenPos>
			<HashName>imp_prop_impexp_exhaust_03</HashName>
			<InitialHandle>233795</InitialHandle>
			<ObjectProperties>
				<TextureVariation>0</TextureVariation>
			</ObjectProperties>
			<OpacityLevel>255</OpacityLevel>
			<LodDistance>16960</LodDistance>
			<IsVisible>true</IsVisible>
			<MaxHealth>1000</MaxHealth>
			<Health>1000</Health>
			<HasGravity>true</HasGravity>
			<IsOnFire>false</IsOnFire>
			<IsInvincible>false</IsInvincible>
			<IsBulletProof>false</IsBulletProof>
			<IsCollisionProof>false</IsCollisionProof>
			<IsExplosionProof>false</IsExplosionProof>
			<IsFireProof>false</IsFireProof>
			<IsMeleeProof>false</IsMeleeProof>
			<IsOnlyDamagedByPlayer>false</IsOnlyDamagedByPlayer>
			<PositionRotation>
				<X>2133.4624</X>
				<Y>4783.30566</Y>
				<Z>40.3794861</Z>
				<Pitch>0.456223577</Pitch>
				<Roll>-19.2833309</Roll>
				<Yaw>92.5681839</Yaw>
			</PositionRotation>
			<Attachment isAttached="true">
				<AttachedTo>745512</AttachedTo>
				<BoneIndex>0</BoneIndex>
				<X>-0.25327456</X>
				<Y>1.64238572</Y>
				<Z>0.119534679</Z>
				<Pitch>0.781985164</Pitch>
				<Roll>-20.0056877</Roll>
				<Yaw>70.4314575</Yaw>
			</Attachment>
		</Attachment>
		<Attachment>
			<ModelHash>0x710841e5</ModelHash>
			<Type>3</Type>
			<Dynamic>false</Dynamic>
			<FrozenPos>true</FrozenPos>
			<HashName>prop_scaffold_pole</HashName>
			<InitialHandle>314692</InitialHandle>
			<ObjectProperties>
				<TextureVariation>0</TextureVariation>
			</ObjectProperties>
			<OpacityLevel>255</OpacityLevel>
			<LodDistance>16960</LodDistance>
			<IsVisible>true</IsVisible>
			<MaxHealth>1000</MaxHealth>
			<Health>1000</Health>
			<HasGravity>true</HasGravity>
			<IsOnFire>false</IsOnFire>
			<IsInvincible>false</IsInvincible>
			<IsBulletProof>false</IsBulletProof>
			<IsCollisionProof>false</IsCollisionProof>
			<IsExplosionProof>false</IsExplosionProof>
			<IsFireProof>false</IsFireProof>
			<IsMeleeProof>false</IsMeleeProof>
			<IsOnlyDamagedByPlayer>false</IsOnlyDamagedByPlayer>
			<PositionRotation>
				<X>2133.86401</X>
				<Y>4783.54736</Y>
				<Z>40.5348358</Z>
				<Pitch>-88.9582596</Pitch>
				<Roll>46.9665146</Roll>
				<Yaw>158.729462</Yaw>
			</PositionRotation>
			<Attachment isAttached="true">
				<AttachedTo>745512</AttachedTo>
				<BoneIndex>22</BoneIndex>
				<X>0.21013698</X>
				<Y>1.7127775</Y>
				<Z>0.27534464</Z>
				<Pitch>-89.2180099</Pitch>
				<Roll>-2.00569439</Roll>
				<Yaw>87.6180725</Yaw>
			</Attachment>
		</Attachment>
		<Attachment>
			<ModelHash>0x710841e5</ModelHash>
			<Type>3</Type>
			<Dynamic>false</Dynamic>
			<FrozenPos>true</FrozenPos>
			<HashName>prop_scaffold_pole</HashName>
			<InitialHandle>213061</InitialHandle>
			<ObjectProperties>
				<TextureVariation>0</TextureVariation>
			</ObjectProperties>
			<OpacityLevel>255</OpacityLevel>
			<LodDistance>16960</LodDistance>
			<IsVisible>true</IsVisible>
			<MaxHealth>1000</MaxHealth>
			<Health>1000</Health>
			<HasGravity>true</HasGravity>
			<IsOnFire>false</IsOnFire>
			<IsInvincible>false</IsInvincible>
			<IsBulletProof>false</IsBulletProof>
			<IsCollisionProof>false</IsCollisionProof>
			<IsExplosionProof>false</IsExplosionProof>
			<IsFireProof>false</IsFireProof>
			<IsMeleeProof>false</IsMeleeProof>
			<IsOnlyDamagedByPlayer>false</IsOnlyDamagedByPlayer>
			<PositionRotation>
				<X>2133.88672</X>
				<Y>4783.4917</Y>
				<Z>40.5356636</Z>
				<Pitch>-88.9582596</Pitch>
				<Roll>46.9665146</Roll>
				<Yaw>158.729462</Yaw>
			</PositionRotation>
			<Attachment isAttached="true">
				<AttachedTo>745512</AttachedTo>
				<BoneIndex>22</BoneIndex>
				<X>0.21013698</X>
				<Y>1.65277755</Y>
				<Z>0.27534464</Z>
				<Pitch>-89.2180099</Pitch>
				<Roll>-2.00569439</Roll>
				<Yaw>87.6180725</Yaw>
			</Attachment>
		</Attachment>
		<Attachment>
			<ModelHash>0x710841e5</ModelHash>
			<Type>3</Type>
			<Dynamic>false</Dynamic>
			<FrozenPos>true</FrozenPos>
			<HashName>prop_scaffold_pole</HashName>
			<InitialHandle>144196</InitialHandle>
			<ObjectProperties>
				<TextureVariation>0</TextureVariation>
			</ObjectProperties>
			<OpacityLevel>255</OpacityLevel>
			<LodDistance>16960</LodDistance>
			<IsVisible>true</IsVisible>
			<MaxHealth>1000</MaxHealth>
			<Health>1000</Health>
			<HasGravity>true</HasGravity>
			<IsOnFire>false</IsOnFire>
			<IsInvincible>false</IsInvincible>
			<IsBulletProof>false</IsBulletProof>
			<IsCollisionProof>false</IsCollisionProof>
			<IsExplosionProof>false</IsExplosionProof>
			<IsFireProof>false</IsFireProof>
			<IsMeleeProof>false</IsMeleeProof>
			<IsOnlyDamagedByPlayer>false</IsOnlyDamagedByPlayer>
			<PositionRotation>
				<X>2133.90552</X>
				<Y>4783.44531</Y>
				<Z>40.5363541</Z>
				<Pitch>-88.9582596</Pitch>
				<Roll>46.9665146</Roll>
				<Yaw>158.729462</Yaw>
			</PositionRotation>
			<Attachment isAttached="true">
				<AttachedTo>745512</AttachedTo>
				<BoneIndex>22</BoneIndex>
				<X>0.21013698</X>
				<Y>1.6027776</Y>
				<Z>0.27534464</Z>
				<Pitch>-89.2180099</Pitch>
				<Roll>-2.00569439</Roll>
				<Yaw>87.6180725</Yaw>
			</Attachment>
		</Attachment>
		<Attachment>
			<ModelHash>0x710841e5</ModelHash>
			<Type>3</Type>
			<Dynamic>false</Dynamic>
			<FrozenPos>true</FrozenPos>
			<HashName>prop_scaffold_pole</HashName>
			<InitialHandle>492355</InitialHandle>
			<ObjectProperties>
				<TextureVariation>0</TextureVariation>
			</ObjectProperties>
			<OpacityLevel>255</OpacityLevel>
			<LodDistance>16960</LodDistance>
			<IsVisible>true</IsVisible>
			<MaxHealth>1000</MaxHealth>
			<Health>1000</Health>
			<HasGravity>true</HasGravity>
			<IsOnFire>false</IsOnFire>
			<IsInvincible>false</IsInvincible>
			<IsBulletProof>false</IsBulletProof>
			<IsCollisionProof>false</IsCollisionProof>
			<IsExplosionProof>false</IsExplosionProof>
			<IsFireProof>false</IsFireProof>
			<IsMeleeProof>false</IsMeleeProof>
			<IsOnlyDamagedByPlayer>false</IsOnlyDamagedByPlayer>
			<PositionRotation>
				<X>2133.92798</X>
				<Y>4783.38965</Y>
				<Z>40.537178</Z>
				<Pitch>-88.9582596</Pitch>
				<Roll>46.9665146</Roll>
				<Yaw>158.729462</Yaw>
			</PositionRotation>
			<Attachment isAttached="true">
				<AttachedTo>745512</AttachedTo>
				<BoneIndex>22</BoneIndex>
				<X>0.21013698</X>
				<Y>1.54277766</Y>
				<Z>0.27534464</Z>
				<Pitch>-89.2180099</Pitch>
				<Roll>-2.00569439</Roll>
				<Yaw>87.6180725</Yaw>
			</Attachment>
		</Attachment>
		<Attachment>
			<ModelHash>0x710841e5</ModelHash>
			<Type>3</Type>
			<Dynamic>false</Dynamic>
			<FrozenPos>true</FrozenPos>
			<HashName>prop_scaffold_pole</HashName>
			<InitialHandle>224325</InitialHandle>
			<ObjectProperties>
				<TextureVariation>0</TextureVariation>
			</ObjectProperties>
			<OpacityLevel>255</OpacityLevel>
			<LodDistance>16960</LodDistance>
			<IsVisible>true</IsVisible>
			<MaxHealth>1000</MaxHealth>
			<Health>1000</Health>
			<HasGravity>true</HasGravity>
			<IsOnFire>false</IsOnFire>
			<IsInvincible>false</IsInvincible>
			<IsBulletProof>false</IsBulletProof>
			<IsCollisionProof>false</IsCollisionProof>
			<IsExplosionProof>false</IsExplosionProof>
			<IsFireProof>false</IsFireProof>
			<IsMeleeProof>false</IsMeleeProof>
			<IsOnlyDamagedByPlayer>false</IsOnlyDamagedByPlayer>
			<PositionRotation>
				<X>2133.82324</X>
				<Y>4783.64795</Y>
				<Z>40.4433289</Z>
				<Pitch>-88.9582596</Pitch>
				<Roll>46.9665146</Roll>
				<Yaw>158.729462</Yaw>
			</PositionRotation>
			<Attachment isAttached="true">
				<AttachedTo>745512</AttachedTo>
				<BoneIndex>22</BoneIndex>
				<X>0.21013698</X>
				<Y>1.82277739</Y>
				<Z>0.185344622</Z>
				<Pitch>-89.2180099</Pitch>
				<Roll>-2.00569439</Roll>
				<Yaw>87.6180725</Yaw>
			</Attachment>
		</Attachment>
		<Attachment>
			<ModelHash>0x710841e5</ModelHash>
			<Type>3</Type>
			<Dynamic>false</Dynamic>
			<FrozenPos>true</FrozenPos>
			<HashName>prop_scaffold_pole</HashName>
			<InitialHandle>314946</InitialHandle>
			<ObjectProperties>
				<TextureVariation>0</TextureVariation>
			</ObjectProperties>
			<OpacityLevel>255</OpacityLevel>
			<LodDistance>16960</LodDistance>
			<IsVisible>true</IsVisible>
			<MaxHealth>1000</MaxHealth>
			<Health>1000</Health>
			<HasGravity>true</HasGravity>
			<IsOnFire>false</IsOnFire>
			<IsInvincible>false</IsInvincible>
			<IsBulletProof>false</IsBulletProof>
			<IsCollisionProof>false</IsCollisionProof>
			<IsExplosionProof>false</IsExplosionProof>
			<IsFireProof>false</IsFireProof>
			<IsMeleeProof>false</IsMeleeProof>
			<IsOnlyDamagedByPlayer>false</IsOnlyDamagedByPlayer>
			<PositionRotation>
				<X>2133.82275</X>
				<Y>4783.64844</Y>
				<Z>40.483326</Z>
				<Pitch>-88.9582596</Pitch>
				<Roll>46.9665146</Roll>
				<Yaw>158.729462</Yaw>
			</PositionRotation>
			<Attachment isAttached="true">
				<AttachedTo>745512</AttachedTo>
				<BoneIndex>22</BoneIndex>
				<X>0.21013698</X>
				<Y>1.82277739</Y>
				<Z>0.225344643</Z>
				<Pitch>-89.2180099</Pitch>
				<Roll>-2.00569439</Roll>
				<Yaw>87.6180725</Yaw>
			</Attachment>
		</Attachment>
		<Attachment>
			<ModelHash>0x710841e5</ModelHash>
			<Type>3</Type>
			<Dynamic>false</Dynamic>
			<FrozenPos>true</FrozenPos>
			<HashName>prop_scaffold_pole</HashName>
			<InitialHandle>312649</InitialHandle>
			<ObjectProperties>
				<TextureVariation>0</TextureVariation>
			</ObjectProperties>
			<OpacityLevel>255</OpacityLevel>
			<LodDistance>16960</LodDistance>
			<IsVisible>true</IsVisible>
			<MaxHealth>1000</MaxHealth>
			<Health>1000</Health>
			<HasGravity>true</HasGravity>
			<IsOnFire>false</IsOnFire>
			<IsInvincible>false</IsInvincible>
			<IsBulletProof>false</IsBulletProof>
			<IsCollisionProof>false</IsCollisionProof>
			<IsExplosionProof>false</IsExplosionProof>
			<IsFireProof>false</IsFireProof>
			<IsMeleeProof>false</IsMeleeProof>
			<IsOnlyDamagedByPlayer>false</IsOnlyDamagedByPlayer>
			<PositionRotation>
				<X>2133.82983</X>
				<Y>4781.68115</Y>
				<Z>40.8447456</Z>
				<Pitch>-86.4314651</Pitch>
				<Roll>1.73684299</Roll>
				<Yaw>-159.27919</Yaw>
			</PositionRotation>
			<Attachment isAttached="true">
				<AttachedTo>745512</AttachedTo>
				<BoneIndex>4</BoneIndex>
				<X>0.0249599665</X>
				<Y>-0.332708895</Y>
				<Z>0.301776767</Z>
				<Pitch>-87.2180023</Pitch>
				<Roll>-0.00569477258</Roll>
				<Yaw>176.836365</Yaw>
			</Attachment>
		</Attachment>
		<Attachment>
			<ModelHash>0x710841e5</ModelHash>
			<Type>3</Type>
			<Dynamic>false</Dynamic>
			<FrozenPos>true</FrozenPos>
			<HashName>prop_scaffold_pole</HashName>
			<InitialHandle>224588</InitialHandle>
			<ObjectProperties>
				<TextureVariation>0</TextureVariation>
			</ObjectProperties>
			<OpacityLevel>255</OpacityLevel>
			<LodDistance>16960</LodDistance>
			<IsVisible>true</IsVisible>
			<MaxHealth>1000</MaxHealth>
			<Health>1000</Health>
			<HasGravity>true</HasGravity>
			<IsOnFire>false</IsOnFire>
			<IsInvincible>false</IsInvincible>
			<IsBulletProof>false</IsBulletProof>
			<IsCollisionProof>false</IsCollisionProof>
			<IsExplosionProof>false</IsExplosionProof>
			<IsFireProof>false</IsFireProof>
			<IsMeleeProof>false</IsMeleeProof>
			<IsOnlyDamagedByPlayer>false</IsOnlyDamagedByPlayer>
			<PositionRotation>
				<X>2133.8479</X>
				<Y>4781.68896</Y>
				<Z>40.8847656</Z>
				<Pitch>-86.4314651</Pitch>
				<Roll>1.73684299</Roll>
				<Yaw>-159.27919</Yaw>
			</PositionRotation>
			<Attachment isAttached="true">
				<AttachedTo>745512</AttachedTo>
				<BoneIndex>4</BoneIndex>
				<X>0.0449599624</X>
				<Y>-0.332708895</Y>
				<Z>0.341776729</Z>
				<Pitch>-87.2180023</Pitch>
				<Roll>-0.00569477258</Roll>
				<Yaw>176.836365</Yaw>
			</Attachment>
		</Attachment>
		<Attachment>
			<ModelHash>0x710841e5</ModelHash>
			<Type>3</Type>
			<Dynamic>false</Dynamic>
			<FrozenPos>true</FrozenPos>
			<HashName>prop_scaffold_pole</HashName>
			<InitialHandle>66122</InitialHandle>
			<ObjectProperties>
				<TextureVariation>0</TextureVariation>
			</ObjectProperties>
			<OpacityLevel>255</OpacityLevel>
			<LodDistance>16960</LodDistance>
			<IsVisible>true</IsVisible>
			<MaxHealth>1000</MaxHealth>
			<Health>1000</Health>
			<HasGravity>true</HasGravity>
			<IsOnFire>false</IsOnFire>
			<IsInvincible>false</IsInvincible>
			<IsBulletProof>false</IsBulletProof>
			<IsCollisionProof>false</IsCollisionProof>
			<IsExplosionProof>false</IsExplosionProof>
			<IsFireProof>false</IsFireProof>
			<IsMeleeProof>false</IsMeleeProof>
			<IsOnlyDamagedByPlayer>false</IsOnlyDamagedByPlayer>
			<PositionRotation>
				<X>2133.85693</X>
				<Y>4781.69336</Y>
				<Z>40.9347687</Z>
				<Pitch>-86.4314651</Pitch>
				<Roll>1.73684299</Roll>
				<Yaw>-159.27919</Yaw>
			</PositionRotation>
			<Attachment isAttached="true">
				<AttachedTo>745512</AttachedTo>
				<BoneIndex>4</BoneIndex>
				<X>0.0549599603</X>
				<Y>-0.332708895</Y>
				<Z>0.391776681</Z>
				<Pitch>-87.2180023</Pitch>
				<Roll>-0.00569477258</Roll>
				<Yaw>176.836365</Yaw>
			</Attachment>
		</Attachment>
		<Attachment>
			<ModelHash>0x710841e5</ModelHash>
			<Type>3</Type>
			<Dynamic>false</Dynamic>
			<FrozenPos>true</FrozenPos>
			<HashName>prop_scaffold_pole</HashName>
			<InitialHandle>557385</InitialHandle>
			<ObjectProperties>
				<TextureVariation>0</TextureVariation>
			</ObjectProperties>
			<OpacityLevel>255</OpacityLevel>
			<LodDistance>16960</LodDistance>
			<IsVisible>true</IsVisible>
			<MaxHealth>1000</MaxHealth>
			<Health>1000</Health>
			<HasGravity>true</HasGravity>
			<IsOnFire>false</IsOnFire>
			<IsInvincible>false</IsInvincible>
			<IsBulletProof>false</IsBulletProof>
			<IsCollisionProof>false</IsCollisionProof>
			<IsExplosionProof>false</IsExplosionProof>
			<IsFireProof>false</IsFireProof>
			<IsMeleeProof>false</IsMeleeProof>
			<IsOnlyDamagedByPlayer>false</IsOnlyDamagedByPlayer>
			<PositionRotation>
				<X>2133.86597</X>
				<Y>4781.69775</Y>
				<Z>40.9847755</Z>
				<Pitch>-86.4314651</Pitch>
				<Roll>1.73684299</Roll>
				<Yaw>-159.27919</Yaw>
			</PositionRotation>
			<Attachment isAttached="true">
				<AttachedTo>745512</AttachedTo>
				<BoneIndex>4</BoneIndex>
				<X>0.0649599582</X>
				<Y>-0.332708895</Y>
				<Z>0.441776633</Z>
				<Pitch>-87.2180023</Pitch>
				<Roll>-0.00569477258</Roll>
				<Yaw>176.836365</Yaw>
			</Attachment>
		</Attachment>
		<Attachment>
			<ModelHash>0x710841e5</ModelHash>
			<Type>3</Type>
			<Dynamic>false</Dynamic>
			<FrozenPos>true</FrozenPos>
			<HashName>prop_scaffold_pole</HashName>
			<InitialHandle>332874</InitialHandle>
			<ObjectProperties>
				<TextureVariation>0</TextureVariation>
			</ObjectProperties>
			<OpacityLevel>255</OpacityLevel>
			<LodDistance>16960</LodDistance>
			<IsVisible>true</IsVisible>
			<MaxHealth>1000</MaxHealth>
			<Health>1000</Health>
			<HasGravity>true</HasGravity>
			<IsOnFire>false</IsOnFire>
			<IsInvincible>false</IsInvincible>
			<IsBulletProof>false</IsBulletProof>
			<IsCollisionProof>false</IsCollisionProof>
			<IsExplosionProof>false</IsExplosionProof>
			<IsFireProof>false</IsFireProof>
			<IsMeleeProof>false</IsMeleeProof>
			<IsOnlyDamagedByPlayer>false</IsOnlyDamagedByPlayer>
			<PositionRotation>
				<X>2133.95581</X>
				<Y>4781.47656</Y>
				<Z>41.0580788</Z>
				<Pitch>-86.4314651</Pitch>
				<Roll>1.73684299</Roll>
				<Yaw>-159.27919</Yaw>
			</PositionRotation>
			<Attachment isAttached="true">
				<AttachedTo>745512</AttachedTo>
				<BoneIndex>4</BoneIndex>
				<X>0.0649599582</X>
				<Y>-0.572708666</Y>
				<Z>0.511776567</Z>
				<Pitch>-87.2180023</Pitch>
				<Roll>-0.00569477258</Roll>
				<Yaw>176.836365</Yaw>
			</Attachment>
		</Attachment>
		<Attachment>
			<ModelHash>0x710841e5</ModelHash>
			<Type>3</Type>
			<Dynamic>false</Dynamic>
			<FrozenPos>true</FrozenPos>
			<HashName>prop_scaffold_pole</HashName>
			<InitialHandle>144974</InitialHandle>
			<ObjectProperties>
				<TextureVariation>0</TextureVariation>
			</ObjectProperties>
			<OpacityLevel>255</OpacityLevel>
			<LodDistance>16960</LodDistance>
			<IsVisible>true</IsVisible>
			<MaxHealth>1000</MaxHealth>
			<Health>1000</Health>
			<HasGravity>true</HasGravity>
			<IsOnFire>false</IsOnFire>
			<IsInvincible>false</IsInvincible>
			<IsBulletProof>false</IsBulletProof>
			<IsCollisionProof>false</IsCollisionProof>
			<IsExplosionProof>false</IsExplosionProof>
			<IsFireProof>false</IsFireProof>
			<IsMeleeProof>false</IsMeleeProof>
			<IsOnlyDamagedByPlayer>false</IsOnlyDamagedByPlayer>
			<PositionRotation>
				<X>2134.79785</X>
				<Y>4782.08594</Y>
				<Z>40.8457985</Z>
				<Pitch>-86.4257584</Pitch>
				<Roll>0.186462462</Roll>
				<Yaw>-153.827209</Yaw>
			</PositionRotation>
			<Attachment isAttached="true">
				<AttachedTo>745512</AttachedTo>
				<BoneIndex>7</BoneIndex>
				<X>-0.0250404924</X>
				<Y>-0.322708905</Y>
				<Z>0.301776767</Z>
				<Pitch>-87.2180023</Pitch>
				<Roll>-0.00569477258</Roll>
				<Yaw>-176.163635</Yaw>
			</Attachment>
		</Attachment>
		<Attachment>
			<ModelHash>0x710841e5</ModelHash>
			<Type>3</Type>
			<Dynamic>false</Dynamic>
			<FrozenPos>true</FrozenPos>
			<HashName>prop_scaffold_pole</HashName>
			<InitialHandle>409932</InitialHandle>
			<ObjectProperties>
				<TextureVariation>0</TextureVariation>
			</ObjectProperties>
			<OpacityLevel>255</OpacityLevel>
			<LodDistance>16960</LodDistance>
			<IsVisible>true</IsVisible>
			<MaxHealth>1000</MaxHealth>
			<Health>1000</Health>
			<HasGravity>true</HasGravity>
			<IsOnFire>false</IsOnFire>
			<IsInvincible>false</IsInvincible>
			<IsBulletProof>false</IsBulletProof>
			<IsCollisionProof>false</IsCollisionProof>
			<IsExplosionProof>false</IsExplosionProof>
			<IsFireProof>false</IsFireProof>
			<IsMeleeProof>false</IsMeleeProof>
			<IsOnlyDamagedByPlayer>false</IsOnlyDamagedByPlayer>
			<PositionRotation>
				<X>2134.76978</X>
				<Y>4782.07568</Y>
				<Z>40.9057579</Z>
				<Pitch>-86.4257584</Pitch>
				<Roll>0.186462462</Roll>
				<Yaw>-153.827209</Yaw>
			</PositionRotation>
			<Attachment isAttached="true">
				<AttachedTo>745512</AttachedTo>
				<BoneIndex>7</BoneIndex>
				<X>-0.0550404862</X>
				<Y>-0.322708905</Y>
				<Z>0.36177671</Z>
				<Pitch>-87.2180023</Pitch>
				<Roll>-0.00569477258</Roll>
				<Yaw>-176.163635</Yaw>
			</Attachment>
		</Attachment>
		<Attachment>
			<ModelHash>0x710841e5</ModelHash>
			<Type>3</Type>
			<Dynamic>false</Dynamic>
			<FrozenPos>true</FrozenPos>
			<HashName>prop_scaffold_pole</HashName>
			<InitialHandle>607309</InitialHandle>
			<ObjectProperties>
				<TextureVariation>0</TextureVariation>
			</ObjectProperties>
			<OpacityLevel>255</OpacityLevel>
			<LodDistance>16960</LodDistance>
			<IsVisible>true</IsVisible>
			<MaxHealth>1000</MaxHealth>
			<Health>1000</Health>
			<HasGravity>true</HasGravity>
			<IsOnFire>false</IsOnFire>
			<IsInvincible>false</IsInvincible>
			<IsBulletProof>false</IsBulletProof>
			<IsCollisionProof>false</IsCollisionProof>
			<IsExplosionProof>false</IsExplosionProof>
			<IsFireProof>false</IsFireProof>
			<IsMeleeProof>false</IsMeleeProof>
			<IsOnlyDamagedByPlayer>false</IsOnlyDamagedByPlayer>
			<PositionRotation>
				<X>2134.76782</X>
				<Y>4782.05371</Y>
				<Z>40.9460182</Z>
				<Pitch>-86.4257584</Pitch>
				<Roll>0.186462462</Roll>
				<Yaw>-153.827209</Yaw>
			</PositionRotation>
			<Attachment isAttached="true">
				<AttachedTo>745512</AttachedTo>
				<BoneIndex>7</BoneIndex>
				<X>-0.0650404841</X>
				<Y>-0.342708886</Y>
				<Z>0.401776671</Z>
				<Pitch>-87.2180023</Pitch>
				<Roll>-0.00569477258</Roll>
				<Yaw>-176.163635</Yaw>
			</Attachment>
		</Attachment>
		<Attachment>
			<ModelHash>0x710841e5</ModelHash>
			<Type>3</Type>
			<Dynamic>false</Dynamic>
			<FrozenPos>true</FrozenPos>
			<HashName>prop_scaffold_pole</HashName>
			<InitialHandle>583498</InitialHandle>
			<ObjectProperties>
				<TextureVariation>0</TextureVariation>
			</ObjectProperties>
			<OpacityLevel>255</OpacityLevel>
			<LodDistance>16960</LodDistance>
			<IsVisible>true</IsVisible>
			<MaxHealth>1000</MaxHealth>
			<Health>1000</Health>
			<HasGravity>true</HasGravity>
			<IsOnFire>false</IsOnFire>
			<IsInvincible>false</IsInvincible>
			<IsBulletProof>false</IsBulletProof>
			<IsCollisionProof>false</IsCollisionProof>
			<IsExplosionProof>false</IsExplosionProof>
			<IsFireProof>false</IsFireProof>
			<IsMeleeProof>false</IsMeleeProof>
			<IsOnlyDamagedByPlayer>false</IsOnlyDamagedByPlayer>
			<PositionRotation>
				<X>2134.76953</X>
				<Y>4782.02295</Y>
				<Z>40.996418</Z>
				<Pitch>-86.4257584</Pitch>
				<Roll>0.186462462</Roll>
				<Yaw>-153.827209</Yaw>
			</PositionRotation>
			<Attachment isAttached="true">
				<AttachedTo>745512</AttachedTo>
				<BoneIndex>7</BoneIndex>
				<X>-0.075040482</X>
				<Y>-0.372708857</Y>
				<Z>0.451776624</Z>
				<Pitch>-87.2180023</Pitch>
				<Roll>-0.00569477258</Roll>
				<Yaw>-176.163635</Yaw>
			</Attachment>
		</Attachment>
		<Attachment>
			<ModelHash>0x710841e5</ModelHash>
			<Type>3</Type>
			<Dynamic>false</Dynamic>
			<FrozenPos>true</FrozenPos>
			<HashName>prop_scaffold_pole</HashName>
			<InitialHandle>116550</InitialHandle>
			<ObjectProperties>
				<TextureVariation>0</TextureVariation>
			</ObjectProperties>
			<OpacityLevel>255</OpacityLevel>
			<LodDistance>16960</LodDistance>
			<IsVisible>true</IsVisible>
			<MaxHealth>1000</MaxHealth>
			<Health>1000</Health>
			<HasGravity>true</HasGravity>
			<IsOnFire>false</IsOnFire>
			<IsInvincible>false</IsInvincible>
			<IsBulletProof>false</IsBulletProof>
			<IsCollisionProof>false</IsCollisionProof>
			<IsExplosionProof>false</IsExplosionProof>
			<IsFireProof>false</IsFireProof>
			<IsMeleeProof>false</IsMeleeProof>
			<IsOnlyDamagedByPlayer>false</IsOnlyDamagedByPlayer>
			<PositionRotation>
				<X>2134.79761</X>
				<Y>4781.92676</Y>
				<Z>41.0477791</Z>
				<Pitch>-86.4257584</Pitch>
				<Roll>0.186462462</Roll>
				<Yaw>-153.827209</Yaw>
			</PositionRotation>
			<Attachment isAttached="true">
				<AttachedTo>745512</AttachedTo>
				<BoneIndex>7</BoneIndex>
				<X>-0.0850404799</X>
				<Y>-0.472708762</Y>
				<Z>0.501776576</Z>
				<Pitch>-87.2180023</Pitch>
				<Roll>-0.00569477258</Roll>
				<Yaw>-176.163635</Yaw>
			</Attachment>
		</Attachment>
		<Attachment>
			<ModelHash>0x710841e5</ModelHash>
			<Type>3</Type>
			<Dynamic>false</Dynamic>
			<FrozenPos>true</FrozenPos>
			<HashName>prop_scaffold_pole</HashName>
			<InitialHandle>76860</InitialHandle>
			<ObjectProperties>
				<TextureVariation>0</TextureVariation>
			</ObjectProperties>
			<OpacityLevel>255</OpacityLevel>
			<LodDistance>16960</LodDistance>
			<IsVisible>true</IsVisible>
			<MaxHealth>1000</MaxHealth>
			<Health>1000</Health>
			<HasGravity>true</HasGravity>
			<IsOnFire>false</IsOnFire>
			<IsInvincible>false</IsInvincible>
			<IsBulletProof>false</IsBulletProof>
			<IsCollisionProof>false</IsCollisionProof>
			<IsExplosionProof>false</IsExplosionProof>
			<IsFireProof>false</IsFireProof>
			<IsMeleeProof>false</IsMeleeProof>
			<IsOnlyDamagedByPlayer>false</IsOnlyDamagedByPlayer>
			<PositionRotation>
				<X>2134.48462</X>
				<Y>4780.87793</Y>
				<Z>40.9563522</Z>
				<Pitch>-88.845459</Pitch>
				<Roll>-43.2005157</Roll>
				<Yaw>-110.659668</Yaw>
			</PositionRotation>
			<Attachment isAttached="true">
				<AttachedTo>745512</AttachedTo>
				<BoneIndex>0</BoneIndex>
				<X>-0.220864549</X>
				<Y>-0.99916935</Y>
				<Z>0.660007119</Z>
				<Pitch>-89.2180099</Pitch>
				<Roll>-0.00569477258</Roll>
				<Yaw>-89.6147842</Yaw>
			</Attachment>
		</Attachment>
		<Attachment>
			<ModelHash>0x710841e5</ModelHash>
			<Type>3</Type>
			<Dynamic>false</Dynamic>
			<FrozenPos>true</FrozenPos>
			<HashName>prop_scaffold_pole</HashName>
			<InitialHandle>11337</InitialHandle>
			<ObjectProperties>
				<TextureVariation>0</TextureVariation>
			</ObjectProperties>
			<OpacityLevel>255</OpacityLevel>
			<LodDistance>16960</LodDistance>
			<IsVisible>true</IsVisible>
			<MaxHealth>1000</MaxHealth>
			<Health>1000</Health>
			<HasGravity>true</HasGravity>
			<IsOnFire>false</IsOnFire>
			<IsInvincible>false</IsInvincible>
			<IsBulletProof>false</IsBulletProof>
			<IsCollisionProof>false</IsCollisionProof>
			<IsExplosionProof>false</IsExplosionProof>
			<IsFireProof>false</IsFireProof>
			<IsMeleeProof>false</IsMeleeProof>
			<IsOnlyDamagedByPlayer>false</IsOnlyDamagedByPlayer>
			<PositionRotation>
				<X>2134.48047</X>
				<Y>4780.8877</Y>
				<Z>40.9862099</Z>
				<Pitch>-88.845459</Pitch>
				<Roll>-43.2005157</Roll>
				<Yaw>-110.659668</Yaw>
			</PositionRotation>
			<Attachment isAttached="true">
				<AttachedTo>745512</AttachedTo>
				<BoneIndex>0</BoneIndex>
				<X>-0.220864549</X>
				<Y>-0.989169359</Y>
				<Z>0.690007091</Z>
				<Pitch>-89.2180099</Pitch>
				<Roll>-0.00569477258</Roll>
				<Yaw>-89.6147842</Yaw>
			</Attachment>
		</Attachment>
		<Attachment>
			<ModelHash>0x710841e5</ModelHash>
			<Type>3</Type>
			<Dynamic>false</Dynamic>
			<FrozenPos>true</FrozenPos>
			<HashName>prop_scaffold_pole</HashName>
			<InitialHandle>201809</InitialHandle>
			<ObjectProperties>
				<TextureVariation>0</TextureVariation>
			</ObjectProperties>
			<OpacityLevel>255</OpacityLevel>
			<LodDistance>16960</LodDistance>
			<IsVisible>true</IsVisible>
			<MaxHealth>1000</MaxHealth>
			<Health>1000</Health>
			<HasGravity>true</HasGravity>
			<IsOnFire>false</IsOnFire>
			<IsInvincible>false</IsInvincible>
			<IsBulletProof>false</IsBulletProof>
			<IsCollisionProof>false</IsCollisionProof>
			<IsExplosionProof>false</IsExplosionProof>
			<IsFireProof>false</IsFireProof>
			<IsMeleeProof>false</IsMeleeProof>
			<IsOnlyDamagedByPlayer>false</IsOnlyDamagedByPlayer>
			<PositionRotation>
				<X>2134.4729</X>
				<Y>4780.90625</Y>
				<Z>41.0159302</Z>
				<Pitch>-88.845459</Pitch>
				<Roll>-43.2005157</Roll>
				<Yaw>-110.659668</Yaw>
			</PositionRotation>
			<Attachment isAttached="true">
				<AttachedTo>745512</AttachedTo>
				<BoneIndex>0</BoneIndex>
				<X>-0.220864549</X>
				<Y>-0.969169378</Y>
				<Z>0.720007062</Z>
				<Pitch>-89.2180099</Pitch>
				<Roll>-0.00569477258</Roll>
				<Yaw>-89.6147842</Yaw>
			</Attachment>
		</Attachment>
		<Attachment>
			<ModelHash>0x710841e5</ModelHash>
			<Type>3</Type>
			<Dynamic>false</Dynamic>
			<FrozenPos>true</FrozenPos>
			<HashName>prop_scaffold_pole</HashName>
			<InitialHandle>540241</InitialHandle>
			<ObjectProperties>
				<TextureVariation>0</TextureVariation>
			</ObjectProperties>
			<OpacityLevel>255</OpacityLevel>
			<LodDistance>16960</LodDistance>
			<IsVisible>true</IsVisible>
			<MaxHealth>1000</MaxHealth>
			<Health>1000</Health>
			<HasGravity>true</HasGravity>
			<IsOnFire>false</IsOnFire>
			<IsInvincible>false</IsInvincible>
			<IsBulletProof>false</IsBulletProof>
			<IsCollisionProof>false</IsCollisionProof>
			<IsExplosionProof>false</IsExplosionProof>
			<IsFireProof>false</IsFireProof>
			<IsMeleeProof>false</IsMeleeProof>
			<IsOnlyDamagedByPlayer>false</IsOnlyDamagedByPlayer>
			<PositionRotation>
				<X>2134.46509</X>
				<Y>4780.92529</Y>
				<Z>41.0456543</Z>
				<Pitch>-88.845459</Pitch>
				<Roll>-43.2005157</Roll>
				<Yaw>-110.659668</Yaw>
			</PositionRotation>
			<Attachment isAttached="true">
				<AttachedTo>745512</AttachedTo>
				<BoneIndex>0</BoneIndex>
				<X>-0.220864549</X>
				<Y>-0.949169397</Y>
				<Z>0.750007033</Z>
				<Pitch>-89.2180099</Pitch>
				<Roll>-0.00569477258</Roll>
				<Yaw>-89.6147842</Yaw>
			</Attachment>
		</Attachment>
		<Attachment>
			<ModelHash>0xbf1b2b36</ModelHash>
			<Type>3</Type>
			<Dynamic>false</Dynamic>
			<FrozenPos>true</FrozenPos>
			<HashName>prop_barrel_exp_01b</HashName>
			<InitialHandle>131925</InitialHandle>
			<ObjectProperties>
				<TextureVariation>0</TextureVariation>
			</ObjectProperties>
			<OpacityLevel>255</OpacityLevel>
			<LodDistance>16960</LodDistance>
			<IsVisible>true</IsVisible>
			<MaxHealth>1000</MaxHealth>
			<Health>1000</Health>
			<HasGravity>true</HasGravity>
			<IsOnFire>false</IsOnFire>
			<IsInvincible>false</IsInvincible>
			<IsBulletProof>false</IsBulletProof>
			<IsCollisionProof>false</IsCollisionProof>
			<IsExplosionProof>false</IsExplosionProof>
			<IsFireProof>false</IsFireProof>
			<IsMeleeProof>false</IsMeleeProof>
			<IsOnlyDamagedByPlayer>false</IsOnlyDamagedByPlayer>
			<PositionRotation>
				<X>2134.81763</X>
				<Y>4780.63525</Y>
				<Z>40.6995468</Z>
				<Pitch>-88.8412323</Pitch>
				<Roll>-42.9473343</Roll>
				<Yaw>-110.905487</Yaw>
			</PositionRotation>
			<Attachment isAttached="true">
				<AttachedTo>745512</AttachedTo>
				<BoneIndex>0</BoneIndex>
				<X>-0.00398448668</X>
				<Y>-1.34571588</Y>
				<Z>0.398155957</Z>
				<Pitch>-89.2180099</Pitch>
				<Roll>-0.00569438934</Roll>
				<Yaw>-90.1137848</Yaw>
			</Attachment>
		</Attachment>
		<Attachment>
			<ModelHash>0xf7004a7c</ModelHash>
			<Type>3</Type>
			<Dynamic>false</Dynamic>
			<FrozenPos>true</FrozenPos>
			<HashName>imp_prop_impexp_exhaust_03</HashName>
			<InitialHandle>502360</InitialHandle>
			<ObjectProperties>
				<TextureVariation>0</TextureVariation>
			</ObjectProperties>
			<OpacityLevel>255</OpacityLevel>
			<LodDistance>16960</LodDistance>
			<IsVisible>true</IsVisible>
			<MaxHealth>1000</MaxHealth>
			<Health>1000</Health>
			<HasGravity>true</HasGravity>
			<IsOnFire>false</IsOnFire>
			<IsInvincible>false</IsInvincible>
			<IsBulletProof>false</IsBulletProof>
			<IsCollisionProof>false</IsCollisionProof>
			<IsExplosionProof>false</IsExplosionProof>
			<IsFireProof>false</IsFireProof>
			<IsMeleeProof>false</IsMeleeProof>
			<IsOnlyDamagedByPlayer>false</IsOnlyDamagedByPlayer>
			<PositionRotation>
				<X>2134.823</X>
				<Y>4780.50879</Y>
				<Z>40.6819687</Z>
				<Pitch>0.55413121</Pitch>
				<Roll>0.753265738</Roll>
				<Yaw>100.131226</Yaw>
			</PositionRotation>
			<Attachment isAttached="true">
				<AttachedTo>745512</AttachedTo>
				<BoneIndex>0</BoneIndex>
				<X>-0.0468819253</X>
				<Y>-1.46466315</Y>
				<Z>0.37898609</Z>
				<Pitch>0.781985283</Pitch>
				<Roll>-0.00569477258</Roll>
				<Yaw>77.9955292</Yaw>
			</Attachment>
		</Attachment>
		<Attachment>
			<ModelHash>0x9970602c</ModelHash>
			<Type>3</Type>
			<Dynamic>false</Dynamic>
			<FrozenPos>true</FrozenPos>
			<HashName>prop_bumper_02</HashName>
			<InitialHandle>425809</InitialHandle>
			<ObjectProperties>
				<TextureVariation>0</TextureVariation>
			</ObjectProperties>
			<OpacityLevel>255</OpacityLevel>
			<LodDistance>16960</LodDistance>
			<IsVisible>true</IsVisible>
			<MaxHealth>1000</MaxHealth>
			<Health>1000</Health>
			<HasGravity>true</HasGravity>
			<IsOnFire>false</IsOnFire>
			<IsInvincible>false</IsInvincible>
			<IsBulletProof>false</IsBulletProof>
			<IsCollisionProof>false</IsCollisionProof>
			<IsExplosionProof>false</IsExplosionProof>
			<IsFireProof>false</IsFireProof>
			<IsMeleeProof>false</IsMeleeProof>
			<IsOnlyDamagedByPlayer>false</IsOnlyDamagedByPlayer>
			<PositionRotation>
				<X>2134.93115</X>
				<Y>4780.35449</Y>
				<Z>40.3351517</Z>
				<Pitch>-0.00804868713</Pitch>
				<Roll>-0.0665712953</Roll>
				<Yaw>22.441246</Yaw>
			</PositionRotation>
			<Attachment isAttached="true">
				<AttachedTo>745512</AttachedTo>
				<BoneIndex>0</BoneIndex>
				<X>-0.0052814167</X>
				<Y>-1.6438396</Y>
				<Z>0.0296175405</Z>
				<Pitch>0.781985283</Pitch>
				<Roll>-0.00569477258</Roll>
				<Yaw>0.29628709</Yaw>
			</Attachment>
		</Attachment>
		<Attachment>
			<ModelHash>0x9970602c</ModelHash>
			<Type>3</Type>
			<Dynamic>false</Dynamic>
			<FrozenPos>true</FrozenPos>
			<HashName>prop_bumper_02</HashName>
			<InitialHandle>703312</InitialHandle>
			<ObjectProperties>
				<TextureVariation>0</TextureVariation>
			</ObjectProperties>
			<OpacityLevel>255</OpacityLevel>
			<LodDistance>16960</LodDistance>
			<IsVisible>true</IsVisible>
			<MaxHealth>1000</MaxHealth>
			<Health>1000</Health>
			<HasGravity>true</HasGravity>
			<IsOnFire>false</IsOnFire>
			<IsInvincible>false</IsInvincible>
			<IsBulletProof>false</IsBulletProof>
			<IsCollisionProof>false</IsCollisionProof>
			<IsExplosionProof>false</IsExplosionProof>
			<IsFireProof>false</IsFireProof>
			<IsMeleeProof>false</IsMeleeProof>
			<IsOnlyDamagedByPlayer>false</IsOnlyDamagedByPlayer>
			<PositionRotation>
				<X>2134.93066</X>
				<Y>4780.35498</Y>
				<Z>40.4051437</Z>
				<Pitch>-0.00804868713</Pitch>
				<Roll>-0.0665712953</Roll>
				<Yaw>22.441246</Yaw>
			</PositionRotation>
			<Attachment isAttached="true">
				<AttachedTo>745512</AttachedTo>
				<BoneIndex>0</BoneIndex>
				<X>-0.0052814167</X>
				<Y>-1.6438396</Y>
				<Z>0.0996175259</Z>
				<Pitch>0.781985283</Pitch>
				<Roll>-0.00569477258</Roll>
				<Yaw>0.29628709</Yaw>
			</Attachment>
		</Attachment>
		<Attachment>
			<ModelHash>0x9970602c</ModelHash>
			<Type>3</Type>
			<Dynamic>false</Dynamic>
			<FrozenPos>true</FrozenPos>
			<HashName>prop_bumper_02</HashName>
			<InitialHandle>569687</InitialHandle>
			<ObjectProperties>
				<TextureVariation>0</TextureVariation>
			</ObjectProperties>
			<OpacityLevel>255</OpacityLevel>
			<LodDistance>16960</LodDistance>
			<IsVisible>true</IsVisible>
			<MaxHealth>1000</MaxHealth>
			<Health>1000</Health>
			<HasGravity>true</HasGravity>
			<IsOnFire>false</IsOnFire>
			<IsInvincible>false</IsInvincible>
			<IsBulletProof>false</IsBulletProof>
			<IsCollisionProof>false</IsCollisionProof>
			<IsExplosionProof>false</IsExplosionProof>
			<IsFireProof>false</IsFireProof>
			<IsMeleeProof>false</IsMeleeProof>
			<IsOnlyDamagedByPlayer>false</IsOnlyDamagedByPlayer>
			<PositionRotation>
				<X>2134.93042</X>
				<Y>4780.35596</Y>
				<Z>40.4551392</Z>
				<Pitch>-0.00804868713</Pitch>
				<Roll>-0.0665712953</Roll>
				<Yaw>22.441246</Yaw>
			</PositionRotation>
			<Attachment isAttached="true">
				<AttachedTo>745512</AttachedTo>
				<BoneIndex>0</BoneIndex>
				<X>-0.0052814167</X>
				<Y>-1.6438396</Y>
				<Z>0.149617538</Z>
				<Pitch>0.781985283</Pitch>
				<Roll>-0.00569477258</Roll>
				<Yaw>0.29628709</Yaw>
			</Attachment>
		</Attachment>
		<Attachment>
			<ModelHash>0x7526574c</ModelHash>
			<Type>3</Type>
			<Dynamic>false</Dynamic>
			<FrozenPos>true</FrozenPos>
			<HashName>prop_wall_light_03b</HashName>
			<InitialHandle>293725</InitialHandle>
			<ObjectProperties>
				<TextureVariation>0</TextureVariation>
			</ObjectProperties>
			<OpacityLevel>255</OpacityLevel>
			<LodDistance>16960</LodDistance>
			<IsVisible>true</IsVisible>
			<MaxHealth>1000</MaxHealth>
			<Health>1000</Health>
			<HasGravity>true</HasGravity>
			<IsOnFire>false</IsOnFire>
			<IsInvincible>false</IsInvincible>
			<IsBulletProof>false</IsBulletProof>
			<IsCollisionProof>false</IsCollisionProof>
			<IsExplosionProof>false</IsExplosionProof>
			<IsFireProof>false</IsFireProof>
			<IsMeleeProof>false</IsMeleeProof>
			<IsOnlyDamagedByPlayer>false</IsOnlyDamagedByPlayer>
			<PositionRotation>
				<X>2134.30273</X>
				<Y>4783.74121</Y>
				<Z>40.5211678</Z>
				<Pitch>1.57005751</Pitch>
				<Roll>0.076797761</Roll>
				<Yaw>-159.128159</Yaw>
			</PositionRotation>
			<Attachment isAttached="true">
				<AttachedTo>745512</AttachedTo>
				<BoneIndex>0</BoneIndex>
				<X>0.689642787</X>
				<Y>1.72711015</Y>
				<Z>0.26132983</Z>
				<Pitch>0.781985283</Pitch>
				<Roll>-0.00569477258</Roll>
				<Yaw>178.728973</Yaw>
			</Attachment>
		</Attachment>
		<Attachment>
			<ModelHash>0x7526574c</ModelHash>
			<Type>3</Type>
			<Dynamic>false</Dynamic>
			<FrozenPos>true</FrozenPos>
			<HashName>prop_wall_light_03b</HashName>
			<InitialHandle>676187</InitialHandle>
			<ObjectProperties>
				<TextureVariation>0</TextureVariation>
			</ObjectProperties>
			<OpacityLevel>255</OpacityLevel>
			<LodDistance>16960</LodDistance>
			<IsVisible>true</IsVisible>
			<MaxHealth>1000</MaxHealth>
			<Health>1000</Health>
			<HasGravity>true</HasGravity>
			<IsOnFire>false</IsOnFire>
			<IsInvincible>false</IsInvincible>
			<IsBulletProof>false</IsBulletProof>
			<IsCollisionProof>false</IsCollisionProof>
			<IsExplosionProof>false</IsExplosionProof>
			<IsFireProof>false</IsFireProof>
			<IsMeleeProof>false</IsMeleeProof>
			<IsOnlyDamagedByPlayer>false</IsOnlyDamagedByPlayer>
			<PositionRotation>
				<X>2132.99512</X>
				<Y>4783.20801</Y>
				<Z>40.5194244</Z>
				<Pitch>1.57131958</Pitch>
				<Roll>0.0636812076</Roll>
				<Yaw>-158.175385</Yaw>
			</PositionRotation>
			<Attachment isAttached="true">
				<AttachedTo>745512</AttachedTo>
				<BoneIndex>0</BoneIndex>
				<X>-0.722647965</X>
				<Y>1.72609603</Y>
				<Z>0.261173904</Z>
				<Pitch>0.781985283</Pitch>
				<Roll>-0.00569477258</Roll>
				<Yaw>179.681488</Yaw>
			</Attachment>
		</Attachment>
		<Attachment>
			<ModelHash>0x72b8156b</ModelHash>
			<Type>3</Type>
			<Dynamic>false</Dynamic>
			<FrozenPos>true</FrozenPos>
			<HashName>prop_cctv_02_sm</HashName>
			<InitialHandle>322651</InitialHandle>
			<ObjectProperties>
				<TextureVariation>0</TextureVariation>
			</ObjectProperties>
			<OpacityLevel>255</OpacityLevel>
			<LodDistance>16960</LodDistance>
			<IsVisible>true</IsVisible>
			<MaxHealth>1000</MaxHealth>
			<Health>1000</Health>
			<HasGravity>true</HasGravity>
			<IsOnFire>false</IsOnFire>
			<IsInvincible>false</IsInvincible>
			<IsBulletProof>false</IsBulletProof>
			<IsCollisionProof>false</IsCollisionProof>
			<IsExplosionProof>false</IsExplosionProof>
			<IsFireProof>false</IsFireProof>
			<IsMeleeProof>false</IsMeleeProof>
			<IsOnlyDamagedByPlayer>false</IsOnlyDamagedByPlayer>
			<PositionRotation>
				<X>2133.01221</X>
				<Y>4783.16211</Y>
				<Z>40.4505043</Z>
				<Pitch>1.57126045</Pitch>
				<Roll>0.0643525645</Roll>
				<Yaw>-158.224106</Yaw>
			</PositionRotation>
			<Attachment isAttached="true">
				<AttachedTo>745512</AttachedTo>
				<BoneIndex>0</BoneIndex>
				<X>-0.724205554</X>
				<Y>1.67806435</Y>
				<Z>0.191586226</Z>
				<Pitch>0.781985283</Pitch>
				<Roll>-0.00569477258</Roll>
				<Yaw>-180.367233</Yaw>
			</Attachment>
		</Attachment>
		<Attachment>
			<ModelHash>0x72b8156b</ModelHash>
			<Type>3</Type>
			<Dynamic>false</Dynamic>
			<FrozenPos>true</FrozenPos>
			<HashName>prop_cctv_02_sm</HashName>
			<InitialHandle>313176</InitialHandle>
			<ObjectProperties>
				<TextureVariation>0</TextureVariation>
			</ObjectProperties>
			<OpacityLevel>255</OpacityLevel>
			<LodDistance>16960</LodDistance>
			<IsVisible>true</IsVisible>
			<MaxHealth>1000</MaxHealth>
			<Health>1000</Health>
			<HasGravity>true</HasGravity>
			<IsOnFire>false</IsOnFire>
			<IsInvincible>false</IsInvincible>
			<IsBulletProof>false</IsBulletProof>
			<IsCollisionProof>false</IsCollisionProof>
			<IsExplosionProof>false</IsExplosionProof>
			<IsFireProof>false</IsFireProof>
			<IsMeleeProof>false</IsMeleeProof>
			<IsOnlyDamagedByPlayer>false</IsOnlyDamagedByPlayer>
			<PositionRotation>
				<X>2134.31812</X>
				<Y>4783.69336</Y>
				<Z>40.4521027</Z>
				<Pitch>1.57126045</Pitch>
				<Roll>0.0643525645</Roll>
				<Yaw>-158.224106</Yaw>
			</PositionRotation>
			<Attachment isAttached="true">
				<AttachedTo>745512</AttachedTo>
				<BoneIndex>0</BoneIndex>
				<X>0.685793698</X>
				<Y>1.67806435</Y>
				<Z>0.191586226</Z>
				<Pitch>0.781985283</Pitch>
				<Roll>-0.00569477258</Roll>
				<Yaw>-180.367233</Yaw>
			</Attachment>
		</Attachment>
		<Attachment>
			<ModelHash>0x35ebdc7d</ModelHash>
			<Type>3</Type>
			<Dynamic>false</Dynamic>
			<FrozenPos>true</FrozenPos>
			<HashName>imp_prop_impexp_bonnet_04a</HashName>
			<InitialHandle>479586</InitialHandle>
			<ObjectProperties>
				<TextureVariation>4</TextureVariation>
			</ObjectProperties>
			<OpacityLevel>255</OpacityLevel>
			<LodDistance>16960</LodDistance>
			<IsVisible>true</IsVisible>
			<MaxHealth>1000</MaxHealth>
			<Health>1000</Health>
			<HasGravity>true</HasGravity>
			<IsOnFire>false</IsOnFire>
			<IsInvincible>false</IsInvincible>
			<IsBulletProof>false</IsBulletProof>
			<IsCollisionProof>false</IsCollisionProof>
			<IsExplosionProof>false</IsExplosionProof>
			<IsFireProof>false</IsFireProof>
			<IsMeleeProof>false</IsMeleeProof>
			<IsOnlyDamagedByPlayer>false</IsOnlyDamagedByPlayer>
			<PositionRotation>
				<X>2133.84302</X>
				<Y>4783.02246</Y>
				<Z>40.6998367</Z>
				<Pitch>5.99261761</Pitch>
				<Roll>-0.0750976577</Roll>
				<Yaw>21.8573895</Yaw>
			</PositionRotation>
			<Attachment isAttached="true">
				<AttachedTo>745512</AttachedTo>
				<BoneIndex>0</BoneIndex>
				<X>-0.00697419047</X>
				<Y>1.23241568</Y>
				<Z>0.433985204</Z>
				<Pitch>6.78198576</Pitch>
				<Roll>-0.00569434324</Roll>
				<Yaw>-0.294881821</Yaw>
			</Attachment>
		</Attachment>
		<Attachment>
			<ModelHash>0x35ebdc7d</ModelHash>
			<Type>3</Type>
			<Dynamic>false</Dynamic>
			<FrozenPos>true</FrozenPos>
			<HashName>imp_prop_impexp_bonnet_04a</HashName>
			<InitialHandle>553827</InitialHandle>
			<ObjectProperties>
				<TextureVariation>4</TextureVariation>
			</ObjectProperties>
			<OpacityLevel>255</OpacityLevel>
			<LodDistance>16960</LodDistance>
			<IsVisible>true</IsVisible>
			<MaxHealth>1000</MaxHealth>
			<Health>1000</Health>
			<HasGravity>true</HasGravity>
			<IsOnFire>false</IsOnFire>
			<IsInvincible>false</IsInvincible>
			<IsBulletProof>false</IsBulletProof>
			<IsCollisionProof>false</IsCollisionProof>
			<IsExplosionProof>false</IsExplosionProof>
			<IsFireProof>false</IsFireProof>
			<IsMeleeProof>false</IsMeleeProof>
			<IsOnlyDamagedByPlayer>false</IsOnlyDamagedByPlayer>
			<PositionRotation>
				<X>2134.01978</X>
				<Y>4782.81738</Y>
				<Z>40.7088165</Z>
				<Pitch>17.8646412</Pitch>
				<Roll>-6.83347607</Roll>
				<Yaw>-69.0126495</Yaw>
			</PositionRotation>
			<Attachment isAttached="true">
				<AttachedTo>745512</AttachedTo>
				<BoneIndex>0</BoneIndex>
				<X>0.0795731992</X>
				<Y>0.975689411</Y>
				<Z>0.439329207</Z>
				<Pitch>17.7819939</Pitch>
				<Roll>-6.00569105</Roll>
				<Yaw>-91.4105835</Yaw>
			</Attachment>
		</Attachment>
		<Attachment>
			<ModelHash>0x35ebdc7d</ModelHash>
			<Type>3</Type>
			<Dynamic>false</Dynamic>
			<FrozenPos>true</FrozenPos>
			<HashName>imp_prop_impexp_bonnet_04a</HashName>
			<InitialHandle>379743</InitialHandle>
			<ObjectProperties>
				<TextureVariation>4</TextureVariation>
			</ObjectProperties>
			<OpacityLevel>255</OpacityLevel>
			<LodDistance>16960</LodDistance>
			<IsVisible>true</IsVisible>
			<MaxHealth>1000</MaxHealth>
			<Health>1000</Health>
			<HasGravity>true</HasGravity>
			<IsOnFire>false</IsOnFire>
			<IsInvincible>false</IsInvincible>
			<IsBulletProof>false</IsBulletProof>
			<IsCollisionProof>false</IsCollisionProof>
			<IsExplosionProof>false</IsExplosionProof>
			<IsFireProof>false</IsFireProof>
			<IsMeleeProof>false</IsMeleeProof>
			<IsOnlyDamagedByPlayer>false</IsOnlyDamagedByPlayer>
			<PositionRotation>
				<X>2133.89917</X>
				<Y>4782.82227</Y>
				<Z>40.7180023</Z>
				<Pitch>17.7924995</Pitch>
				<Roll>6.82639122</Roll>
				<Yaw>117.479767</Yaw>
			</PositionRotation>
			<Attachment isAttached="true">
				<AttachedTo>745512</AttachedTo>
				<BoneIndex>0</BoneIndex>
				<X>-0.0304267853</X>
				<Y>1.02568936</Y>
				<Z>0.449329197</Z>
				<Pitch>17.7819939</Pitch>
				<Roll>5.99430799</Roll>
				<Yaw>95.5894165</Yaw>
			</Attachment>
		</Attachment>
	</SpoonerAttachments>
</Vehicle>
