<?xml version="1.0" encoding="ISO-8859-1"?>
<Vehicle menyoo_ver="0.999876795b">
	<ModelHash>0x23ca25f2</ModelHash>
	<InitialHandle>43293</InitialHandle>
	<VehicleProperties>
		<Colours>
			<Primary>153</Primary>
			<Secondary>153</Secondary>
			<Pearl>0</Pearl>
			<Rim>109</Rim>
			<Mod1_a>6</Mod1_a>
			<Mod1_b>-1</Mod1_b>
			<Mod1_c>-1</Mod1_c>
			<Mod2_a>6</Mod2_a>
			<Mod2_b>-1</Mod2_b>
			<IsPrimaryColourCustom>false</IsPrimaryColourCustom>
			<IsSecondaryColourCustom>false</IsSecondaryColourCustom>
			<tyreSmoke_R>255</tyreSmoke_R>
			<tyreSmoke_G>255</tyreSmoke_G>
			<tyreSmoke_B>255</tyreSmoke_B>
			<LrInterior>13</LrInterior>
			<LrDashboard>111</LrDashboard>
		</Colours>
		<Livery>-1</Livery>
		<NumberPlateText>01PPM512</NumberPlateText>
		<NumberPlateIndex>0</NumberPlateIndex>
		<WheelType>4</WheelType>
		<WheelsInvisible>false</WheelsInvisible>
		<EngineSoundName></EngineSoundName>
		<WindowTint>-1</WindowTint>
		<BulletProofTyres>false</BulletProofTyres>
		<DirtLevel>5.6573348</DirtLevel>
		<PaintFade>0.298039228</PaintFade>
		<RoofState>0</RoofState>
		<SirenActive>false</SirenActive>
		<EngineOn>true</EngineOn>
		<EngineHealth>1000</EngineHealth>
		<LightsOn>false</LightsOn>
		<IsRadioLoud>0</IsRadioLoud>
		<LockStatus>1</LockStatus>
		<Neons>
			<Left>false</Left>
			<Right>false</Right>
			<Front>false</Front>
			<Back>false</Back>
			<R>255</R>
			<G>0</G>
			<B>255</B>
		</Neons>
		<ModExtras>
			<_1>false</_1>
		</ModExtras>
		<Mods>
			<_0>-1,0</_0>
			<_1>1,0</_1>
			<_2>0,0</_2>
			<_3>1,0</_3>
			<_4>3,0</_4>
			<_5>-1,0</_5>
			<_6>0,0</_6>
			<_7>1,0</_7>
			<_8>-1,0</_8>
			<_9>-1,0</_9>
			<_10>0,0</_10>
			<_11>3,0</_11>
			<_12>2,0</_12>
			<_13>2,0</_13>
			<_14>-1,0</_14>
			<_15>-1,0</_15>
			<_16>4,0</_16>
			<_17>false</_17>
			<_18>false</_18>
			<_19>false</_19>
			<_20>false</_20>
			<_21>false</_21>
			<_22>false</_22>
			<_23>7,0</_23>
			<_24>-1,0</_24>
			<_25>-1,0</_25>
			<_26>-1,0</_26>
			<_27>-1,0</_27>
			<_28>-1,0</_28>
			<_29>-1,0</_29>
			<_30>-1,0</_30>
			<_31>-1,0</_31>
			<_32>-1,0</_32>
			<_33>-1,0</_33>
			<_34>-1,0</_34>
			<_35>-1,0</_35>
			<_36>-1,0</_36>
			<_37>-1,0</_37>
			<_38>-1,0</_38>
			<_39>-1,0</_39>
			<_40>-1,0</_40>
			<_41>-1,0</_41>
			<_42>-1,0</_42>
			<_43>-1,0</_43>
			<_44>-1,0</_44>
			<_45>-1,0</_45>
			<_46>-1,0</_46>
			<_47>-1,0</_47>
			<_48>6,0</_48>
		</Mods>
		<DoorsOpen>
			<BackLeftDoor>false</BackLeftDoor>
			<BackRightDoor>false</BackRightDoor>
			<FrontLeftDoor>false</FrontLeftDoor>
			<FrontRightDoor>false</FrontRightDoor>
			<Hood>false</Hood>
			<Trunk>true</Trunk>
			<Trunk2>false</Trunk2>
		</DoorsOpen>
		<DoorsBroken>
			<BackLeftDoor>false</BackLeftDoor>
			<BackRightDoor>false</BackRightDoor>
			<FrontLeftDoor>false</FrontLeftDoor>
			<FrontRightDoor>false</FrontRightDoor>
			<Hood>false</Hood>
			<Trunk>true</Trunk>
			<Trunk2>false</Trunk2>
		</DoorsBroken>
		<TyresBursted>
			<FrontLeft>false</FrontLeft>
			<FrontRight>false</FrontRight>
			<_2>false</_2>
			<_3>false</_3>
			<BackLeft>false</BackLeft>
			<BackRight>false</BackRight>
			<_6>false</_6>
			<_7>false</_7>
			<_8>false</_8>
		</TyresBursted>
		<RpmMultiplier>1</RpmMultiplier>
		<TorqueMultiplier>1</TorqueMultiplier>
		<HeadlightIntensity>1</HeadlightIntensity>
	</VehicleProperties>
	<OpacityLevel>255</OpacityLevel>
	<LodDistance>16960</LodDistance>
	<IsVisible>true</IsVisible>
	<IsDriverVisible>true</IsDriverVisible>
	<MaxHealth>1000</MaxHealth>
	<Health>1000</Health>
	<HasGravity>true</HasGravity>
	<IsOnFire>false</IsOnFire>
	<IsInvincible>false</IsInvincible>
	<IsBulletProof>false</IsBulletProof>
	<IsExplosionProof>false</IsExplosionProof>
	<IsFireProof>false</IsFireProof>
	<IsMeleeProof>false</IsMeleeProof>
	<IsOnlyDamagedByPlayer>false</IsOnlyDamagedByPlayer>
	<SpoonerAttachments SetAttachmentsPersistentAndAddToSpoonerDatabase="false" StartTaskSequencesOnLoad="true">
		<Attachment>
			<ModelHash>0x710841e5</ModelHash>
			<Type>3</Type>
			<Dynamic>false</Dynamic>
			<FrozenPos>true</FrozenPos>
			<HashName>prop_scaffold_pole</HashName>
			<InitialHandle>116260</InitialHandle>
			<ObjectProperties>
				<TextureVariation>0</TextureVariation>
			</ObjectProperties>
			<OpacityLevel>255</OpacityLevel>
			<LodDistance>16960</LodDistance>
			<IsVisible>true</IsVisible>
			<MaxHealth>1000</MaxHealth>
			<Health>1000</Health>
			<HasGravity>true</HasGravity>
			<IsOnFire>false</IsOnFire>
			<IsInvincible>false</IsInvincible>
			<IsBulletProof>false</IsBulletProof>
			<IsCollisionProof>false</IsCollisionProof>
			<IsExplosionProof>false</IsExplosionProof>
			<IsFireProof>false</IsFireProof>
			<IsMeleeProof>false</IsMeleeProof>
			<IsOnlyDamagedByPlayer>false</IsOnlyDamagedByPlayer>
			<PositionRotation>
				<X>1706.51074</X>
				<Y>3249.73462</Y>
				<Z>41.2319565</Z>
				<Pitch>-89.5058289</Pitch>
				<Roll>-58.6682892</Roll>
				<Yaw>-39.7790909</Yaw>
			</PositionRotation>
			<Attachment isAttached="true">
				<AttachedTo>43293</AttachedTo>
				<BoneIndex>0</BoneIndex>
				<X>0.264677584</X>
				<Y>-1.14849198</Y>
				<Z>0.86648035</Z>
				<Pitch>-89.66745</Pitch>
				<Roll>0.887545586</Roll>
				<Yaw>91.3566666</Yaw>
			</Attachment>
		</Attachment>
		<Attachment>
			<ModelHash>0x710841e5</ModelHash>
			<Type>3</Type>
			<Dynamic>false</Dynamic>
			<FrozenPos>true</FrozenPos>
			<HashName>prop_scaffold_pole</HashName>
			<InitialHandle>21066</InitialHandle>
			<ObjectProperties>
				<TextureVariation>0</TextureVariation>
			</ObjectProperties>
			<OpacityLevel>255</OpacityLevel>
			<LodDistance>16960</LodDistance>
			<IsVisible>true</IsVisible>
			<MaxHealth>1000</MaxHealth>
			<Health>1000</Health>
			<HasGravity>true</HasGravity>
			<IsOnFire>false</IsOnFire>
			<IsInvincible>false</IsInvincible>
			<IsBulletProof>false</IsBulletProof>
			<IsCollisionProof>false</IsCollisionProof>
			<IsExplosionProof>false</IsExplosionProof>
			<IsFireProof>false</IsFireProof>
			<IsMeleeProof>false</IsMeleeProof>
			<IsOnlyDamagedByPlayer>false</IsOnlyDamagedByPlayer>
			<PositionRotation>
				<X>1706.4823</X>
				<Y>3249.82007</Y>
				<Z>41.231842</Z>
				<Pitch>-89.5058289</Pitch>
				<Roll>-58.6682892</Roll>
				<Yaw>-39.7790909</Yaw>
			</PositionRotation>
			<Attachment isAttached="true">
				<AttachedTo>43293</AttachedTo>
				<BoneIndex>0</BoneIndex>
				<X>0.174677551</X>
				<Y>-1.14849198</Y>
				<Z>0.86648035</Z>
				<Pitch>-89.66745</Pitch>
				<Roll>0.887545586</Roll>
				<Yaw>91.3566666</Yaw>
			</Attachment>
		</Attachment>
		<Attachment>
			<ModelHash>0x710841e5</ModelHash>
			<Type>3</Type>
			<Dynamic>false</Dynamic>
			<FrozenPos>true</FrozenPos>
			<HashName>prop_scaffold_pole</HashName>
			<InitialHandle>5194</InitialHandle>
			<ObjectProperties>
				<TextureVariation>0</TextureVariation>
			</ObjectProperties>
			<OpacityLevel>255</OpacityLevel>
			<LodDistance>16960</LodDistance>
			<IsVisible>true</IsVisible>
			<MaxHealth>1000</MaxHealth>
			<Health>1000</Health>
			<HasGravity>true</HasGravity>
			<IsOnFire>false</IsOnFire>
			<IsInvincible>false</IsInvincible>
			<IsBulletProof>false</IsBulletProof>
			<IsCollisionProof>false</IsCollisionProof>
			<IsExplosionProof>false</IsExplosionProof>
			<IsFireProof>false</IsFireProof>
			<IsMeleeProof>false</IsMeleeProof>
			<IsOnlyDamagedByPlayer>false</IsOnlyDamagedByPlayer>
			<PositionRotation>
				<X>1706.38428</X>
				<Y>3249.79785</Y>
				<Z>41.2310829</Z>
				<Pitch>-89.5058289</Pitch>
				<Roll>-58.6682892</Roll>
				<Yaw>-39.7790909</Yaw>
			</PositionRotation>
			<Attachment isAttached="true">
				<AttachedTo>43293</AttachedTo>
				<BoneIndex>0</BoneIndex>
				<X>0.164677545</X>
				<Y>-1.24849188</Y>
				<Z>0.86648035</Z>
				<Pitch>-89.66745</Pitch>
				<Roll>0.887545586</Roll>
				<Yaw>91.3566666</Yaw>
			</Attachment>
		</Attachment>
		<Attachment>
			<ModelHash>0x710841e5</ModelHash>
			<Type>3</Type>
			<Dynamic>false</Dynamic>
			<FrozenPos>true</FrozenPos>
			<HashName>prop_scaffold_pole</HashName>
			<InitialHandle>76364</InitialHandle>
			<ObjectProperties>
				<TextureVariation>0</TextureVariation>
			</ObjectProperties>
			<OpacityLevel>255</OpacityLevel>
			<LodDistance>16960</LodDistance>
			<IsVisible>true</IsVisible>
			<MaxHealth>1000</MaxHealth>
			<Health>1000</Health>
			<HasGravity>true</HasGravity>
			<IsOnFire>false</IsOnFire>
			<IsInvincible>false</IsInvincible>
			<IsBulletProof>false</IsBulletProof>
			<IsCollisionProof>false</IsCollisionProof>
			<IsExplosionProof>false</IsExplosionProof>
			<IsFireProof>false</IsFireProof>
			<IsMeleeProof>false</IsMeleeProof>
			<IsOnlyDamagedByPlayer>false</IsOnlyDamagedByPlayer>
			<PositionRotation>
				<X>1706.31445</X>
				<Y>3249.78516</Y>
				<Z>41.2605476</Z>
				<Pitch>-89.5058289</Pitch>
				<Roll>-58.6682892</Roll>
				<Yaw>-39.7790909</Yaw>
			</PositionRotation>
			<Attachment isAttached="true">
				<AttachedTo>43293</AttachedTo>
				<BoneIndex>0</BoneIndex>
				<X>0.15467754</X>
				<Y>-1.31849182</Y>
				<Z>0.896480322</Z>
				<Pitch>-89.66745</Pitch>
				<Roll>0.887545586</Roll>
				<Yaw>91.3566666</Yaw>
			</Attachment>
		</Attachment>
		<Attachment>
			<ModelHash>0x710841e5</ModelHash>
			<Type>3</Type>
			<Dynamic>false</Dynamic>
			<FrozenPos>true</FrozenPos>
			<HashName>prop_scaffold_pole</HashName>
			<InitialHandle>99918</InitialHandle>
			<ObjectProperties>
				<TextureVariation>0</TextureVariation>
			</ObjectProperties>
			<OpacityLevel>255</OpacityLevel>
			<LodDistance>16960</LodDistance>
			<IsVisible>true</IsVisible>
			<MaxHealth>1000</MaxHealth>
			<Health>1000</Health>
			<HasGravity>true</HasGravity>
			<IsOnFire>false</IsOnFire>
			<IsInvincible>false</IsInvincible>
			<IsBulletProof>false</IsBulletProof>
			<IsCollisionProof>false</IsCollisionProof>
			<IsExplosionProof>false</IsExplosionProof>
			<IsFireProof>false</IsFireProof>
			<IsMeleeProof>false</IsMeleeProof>
			<IsOnlyDamagedByPlayer>false</IsOnlyDamagedByPlayer>
			<PositionRotation>
				<X>1706.26062</X>
				<Y>3249.78833</Y>
				<Z>41.2701492</Z>
				<Pitch>-89.5058289</Pitch>
				<Roll>-58.6682892</Roll>
				<Yaw>-39.7790909</Yaw>
			</PositionRotation>
			<Attachment isAttached="true">
				<AttachedTo>43293</AttachedTo>
				<BoneIndex>0</BoneIndex>
				<X>0.134677529</X>
				<Y>-1.36849177</Y>
				<Z>0.906480312</Z>
				<Pitch>-89.66745</Pitch>
				<Roll>0.887545586</Roll>
				<Yaw>91.3566666</Yaw>
			</Attachment>
		</Attachment>
		<Attachment>
			<ModelHash>0x710841e5</ModelHash>
			<Type>3</Type>
			<Dynamic>false</Dynamic>
			<FrozenPos>true</FrozenPos>
			<HashName>prop_scaffold_pole</HashName>
			<InitialHandle>162385</InitialHandle>
			<ObjectProperties>
				<TextureVariation>0</TextureVariation>
			</ObjectProperties>
			<OpacityLevel>255</OpacityLevel>
			<LodDistance>16960</LodDistance>
			<IsVisible>true</IsVisible>
			<MaxHealth>1000</MaxHealth>
			<Health>1000</Health>
			<HasGravity>true</HasGravity>
			<IsOnFire>false</IsOnFire>
			<IsInvincible>false</IsInvincible>
			<IsBulletProof>false</IsBulletProof>
			<IsCollisionProof>false</IsCollisionProof>
			<IsExplosionProof>false</IsExplosionProof>
			<IsFireProof>false</IsFireProof>
			<IsMeleeProof>false</IsMeleeProof>
			<IsOnlyDamagedByPlayer>false</IsOnlyDamagedByPlayer>
			<PositionRotation>
				<X>1706.21313</X>
				<Y>3249.77271</Y>
				<Z>41.2697754</Z>
				<Pitch>-89.5058289</Pitch>
				<Roll>-58.6682892</Roll>
				<Yaw>-39.7790909</Yaw>
			</PositionRotation>
			<Attachment isAttached="true">
				<AttachedTo>43293</AttachedTo>
				<BoneIndex>0</BoneIndex>
				<X>0.134677529</X>
				<Y>-1.41849172</Y>
				<Z>0.906480312</Z>
				<Pitch>-89.66745</Pitch>
				<Roll>0.887545586</Roll>
				<Yaw>91.3566666</Yaw>
			</Attachment>
		</Attachment>
		<Attachment>
			<ModelHash>0x710841e5</ModelHash>
			<Type>3</Type>
			<Dynamic>false</Dynamic>
			<FrozenPos>true</FrozenPos>
			<HashName>prop_scaffold_pole</HashName>
			<InitialHandle>163920</InitialHandle>
			<ObjectProperties>
				<TextureVariation>0</TextureVariation>
			</ObjectProperties>
			<OpacityLevel>255</OpacityLevel>
			<LodDistance>16960</LodDistance>
			<IsVisible>true</IsVisible>
			<MaxHealth>1000</MaxHealth>
			<Health>1000</Health>
			<HasGravity>true</HasGravity>
			<IsOnFire>false</IsOnFire>
			<IsInvincible>false</IsInvincible>
			<IsBulletProof>false</IsBulletProof>
			<IsCollisionProof>false</IsCollisionProof>
			<IsExplosionProof>false</IsExplosionProof>
			<IsFireProof>false</IsFireProof>
			<IsMeleeProof>false</IsMeleeProof>
			<IsOnlyDamagedByPlayer>false</IsOnlyDamagedByPlayer>
			<PositionRotation>
				<X>1706.16553</X>
				<Y>3249.75684</Y>
				<Z>41.2893982</Z>
				<Pitch>-89.5058289</Pitch>
				<Roll>-58.6682892</Roll>
				<Yaw>-39.7790909</Yaw>
			</PositionRotation>
			<Attachment isAttached="true">
				<AttachedTo>43293</AttachedTo>
				<BoneIndex>0</BoneIndex>
				<X>0.134677529</X>
				<Y>-1.46849167</Y>
				<Z>0.926480293</Z>
				<Pitch>-89.66745</Pitch>
				<Roll>0.887545586</Roll>
				<Yaw>91.3566666</Yaw>
			</Attachment>
		</Attachment>
		<Attachment>
			<ModelHash>0x710841e5</ModelHash>
			<Type>3</Type>
			<Dynamic>false</Dynamic>
			<FrozenPos>true</FrozenPos>
			<HashName>prop_scaffold_pole</HashName>
			<InitialHandle>90451</InitialHandle>
			<ObjectProperties>
				<TextureVariation>0</TextureVariation>
			</ObjectProperties>
			<OpacityLevel>255</OpacityLevel>
			<LodDistance>16960</LodDistance>
			<IsVisible>true</IsVisible>
			<MaxHealth>1000</MaxHealth>
			<Health>1000</Health>
			<HasGravity>true</HasGravity>
			<IsOnFire>false</IsOnFire>
			<IsInvincible>false</IsInvincible>
			<IsBulletProof>false</IsBulletProof>
			<IsCollisionProof>false</IsCollisionProof>
			<IsExplosionProof>false</IsExplosionProof>
			<IsFireProof>false</IsFireProof>
			<IsMeleeProof>false</IsMeleeProof>
			<IsOnlyDamagedByPlayer>false</IsOnlyDamagedByPlayer>
			<PositionRotation>
				<X>1706.11804</X>
				<Y>3249.74097</Y>
				<Z>41.2990265</Z>
				<Pitch>-89.5058289</Pitch>
				<Roll>-58.6682892</Roll>
				<Yaw>-39.7790909</Yaw>
			</PositionRotation>
			<Attachment isAttached="true">
				<AttachedTo>43293</AttachedTo>
				<BoneIndex>0</BoneIndex>
				<X>0.134677529</X>
				<Y>-1.51849163</Y>
				<Z>0.936480284</Z>
				<Pitch>-89.66745</Pitch>
				<Roll>0.887545586</Roll>
				<Yaw>91.3566666</Yaw>
			</Attachment>
		</Attachment>
		<Attachment>
			<ModelHash>0x710841e5</ModelHash>
			<Type>3</Type>
			<Dynamic>false</Dynamic>
			<FrozenPos>true</FrozenPos>
			<HashName>prop_scaffold_pole</HashName>
			<InitialHandle>126547</InitialHandle>
			<ObjectProperties>
				<TextureVariation>0</TextureVariation>
			</ObjectProperties>
			<OpacityLevel>255</OpacityLevel>
			<LodDistance>16960</LodDistance>
			<IsVisible>true</IsVisible>
			<MaxHealth>1000</MaxHealth>
			<Health>1000</Health>
			<HasGravity>true</HasGravity>
			<IsOnFire>false</IsOnFire>
			<IsInvincible>false</IsInvincible>
			<IsBulletProof>false</IsBulletProof>
			<IsCollisionProof>false</IsCollisionProof>
			<IsExplosionProof>false</IsExplosionProof>
			<IsFireProof>false</IsFireProof>
			<IsMeleeProof>false</IsMeleeProof>
			<IsOnlyDamagedByPlayer>false</IsOnlyDamagedByPlayer>
			<PositionRotation>
				<X>1706.06104</X>
				<Y>3249.72192</Y>
				<Z>41.3085785</Z>
				<Pitch>-89.5058289</Pitch>
				<Roll>-58.6682892</Roll>
				<Yaw>-39.7790909</Yaw>
			</PositionRotation>
			<Attachment isAttached="true">
				<AttachedTo>43293</AttachedTo>
				<BoneIndex>0</BoneIndex>
				<X>0.134677529</X>
				<Y>-1.57849157</Y>
				<Z>0.946480274</Z>
				<Pitch>-89.66745</Pitch>
				<Roll>0.887545586</Roll>
				<Yaw>91.3566666</Yaw>
			</Attachment>
		</Attachment>
		<Attachment>
			<ModelHash>0x710841e5</ModelHash>
			<Type>3</Type>
			<Dynamic>false</Dynamic>
			<FrozenPos>true</FrozenPos>
			<HashName>prop_scaffold_pole</HashName>
			<InitialHandle>164962</InitialHandle>
			<ObjectProperties>
				<TextureVariation>0</TextureVariation>
			</ObjectProperties>
			<OpacityLevel>255</OpacityLevel>
			<LodDistance>16960</LodDistance>
			<IsVisible>true</IsVisible>
			<MaxHealth>1000</MaxHealth>
			<Health>1000</Health>
			<HasGravity>true</HasGravity>
			<IsOnFire>false</IsOnFire>
			<IsInvincible>false</IsInvincible>
			<IsBulletProof>false</IsBulletProof>
			<IsCollisionProof>false</IsCollisionProof>
			<IsExplosionProof>false</IsExplosionProof>
			<IsFireProof>false</IsFireProof>
			<IsMeleeProof>false</IsMeleeProof>
			<IsOnlyDamagedByPlayer>false</IsOnlyDamagedByPlayer>
			<PositionRotation>
				<X>1705.98511</X>
				<Y>3249.69678</Y>
				<Z>41.3179779</Z>
				<Pitch>-89.5058289</Pitch>
				<Roll>-58.6682892</Roll>
				<Yaw>-39.7790909</Yaw>
			</PositionRotation>
			<Attachment isAttached="true">
				<AttachedTo>43293</AttachedTo>
				<BoneIndex>0</BoneIndex>
				<X>0.134677529</X>
				<Y>-1.65849149</Y>
				<Z>0.956480265</Z>
				<Pitch>-89.66745</Pitch>
				<Roll>0.887545586</Roll>
				<Yaw>91.3566666</Yaw>
			</Attachment>
		</Attachment>
		<Attachment>
			<ModelHash>0x710841e5</ModelHash>
			<Type>3</Type>
			<Dynamic>false</Dynamic>
			<FrozenPos>true</FrozenPos>
			<HashName>prop_scaffold_pole</HashName>
			<InitialHandle>75094</InitialHandle>
			<ObjectProperties>
				<TextureVariation>0</TextureVariation>
			</ObjectProperties>
			<OpacityLevel>255</OpacityLevel>
			<LodDistance>16960</LodDistance>
			<IsVisible>true</IsVisible>
			<MaxHealth>1000</MaxHealth>
			<Health>1000</Health>
			<HasGravity>true</HasGravity>
			<IsOnFire>false</IsOnFire>
			<IsInvincible>false</IsInvincible>
			<IsBulletProof>false</IsBulletProof>
			<IsCollisionProof>false</IsCollisionProof>
			<IsExplosionProof>false</IsExplosionProof>
			<IsFireProof>false</IsFireProof>
			<IsMeleeProof>false</IsMeleeProof>
			<IsOnlyDamagedByPlayer>false</IsOnlyDamagedByPlayer>
			<PositionRotation>
				<X>1705.91858</X>
				<Y>3249.67456</Y>
				<Z>41.3374557</Z>
				<Pitch>-89.5058289</Pitch>
				<Roll>-58.6682892</Roll>
				<Yaw>-39.7790909</Yaw>
			</PositionRotation>
			<Attachment isAttached="true">
				<AttachedTo>43293</AttachedTo>
				<BoneIndex>0</BoneIndex>
				<X>0.134677529</X>
				<Y>-1.72849143</Y>
				<Z>0.976480246</Z>
				<Pitch>-89.66745</Pitch>
				<Roll>0.887545586</Roll>
				<Yaw>91.3566666</Yaw>
			</Attachment>
		</Attachment>
		<Attachment>
			<ModelHash>0x710841e5</ModelHash>
			<Type>3</Type>
			<Dynamic>false</Dynamic>
			<FrozenPos>true</FrozenPos>
			<HashName>prop_scaffold_pole</HashName>
			<InitialHandle>38246</InitialHandle>
			<ObjectProperties>
				<TextureVariation>0</TextureVariation>
			</ObjectProperties>
			<OpacityLevel>255</OpacityLevel>
			<LodDistance>16960</LodDistance>
			<IsVisible>true</IsVisible>
			<MaxHealth>1000</MaxHealth>
			<Health>1000</Health>
			<HasGravity>true</HasGravity>
			<IsOnFire>false</IsOnFire>
			<IsInvincible>false</IsInvincible>
			<IsBulletProof>false</IsBulletProof>
			<IsCollisionProof>false</IsCollisionProof>
			<IsExplosionProof>false</IsExplosionProof>
			<IsFireProof>false</IsFireProof>
			<IsMeleeProof>false</IsMeleeProof>
			<IsOnlyDamagedByPlayer>false</IsOnlyDamagedByPlayer>
			<PositionRotation>
				<X>1705.97229</X>
				<Y>3249.51318</Y>
				<Z>41.3376694</Z>
				<Pitch>-89.5058289</Pitch>
				<Roll>-58.6682892</Roll>
				<Yaw>-39.7790909</Yaw>
			</PositionRotation>
			<Attachment isAttached="true">
				<AttachedTo>43293</AttachedTo>
				<BoneIndex>0</BoneIndex>
				<X>0.304677546</X>
				<Y>-1.72849143</Y>
				<Z>0.976480246</Z>
				<Pitch>-89.66745</Pitch>
				<Roll>0.887545586</Roll>
				<Yaw>91.3566666</Yaw>
			</Attachment>
		</Attachment>
		<Attachment>
			<ModelHash>0x710841e5</ModelHash>
			<Type>3</Type>
			<Dynamic>false</Dynamic>
			<FrozenPos>true</FrozenPos>
			<HashName>prop_scaffold_pole</HashName>
			<InitialHandle>128852</InitialHandle>
			<ObjectProperties>
				<TextureVariation>0</TextureVariation>
			</ObjectProperties>
			<OpacityLevel>255</OpacityLevel>
			<LodDistance>16960</LodDistance>
			<IsVisible>true</IsVisible>
			<MaxHealth>1000</MaxHealth>
			<Health>1000</Health>
			<HasGravity>true</HasGravity>
			<IsOnFire>false</IsOnFire>
			<IsInvincible>false</IsInvincible>
			<IsBulletProof>false</IsBulletProof>
			<IsCollisionProof>false</IsCollisionProof>
			<IsExplosionProof>false</IsExplosionProof>
			<IsFireProof>false</IsFireProof>
			<IsMeleeProof>false</IsMeleeProof>
			<IsOnlyDamagedByPlayer>false</IsOnlyDamagedByPlayer>
			<PositionRotation>
				<X>1706.03882</X>
				<Y>3249.5354</Y>
				<Z>41.3181915</Z>
				<Pitch>-89.5058289</Pitch>
				<Roll>-58.6682892</Roll>
				<Yaw>-39.7790909</Yaw>
			</PositionRotation>
			<Attachment isAttached="true">
				<AttachedTo>43293</AttachedTo>
				<BoneIndex>0</BoneIndex>
				<X>0.304677546</X>
				<Y>-1.65849149</Y>
				<Z>0.956480265</Z>
				<Pitch>-89.66745</Pitch>
				<Roll>0.887545586</Roll>
				<Yaw>91.3566666</Yaw>
			</Attachment>
		</Attachment>
		<Attachment>
			<ModelHash>0x710841e5</ModelHash>
			<Type>3</Type>
			<Dynamic>false</Dynamic>
			<FrozenPos>true</FrozenPos>
			<HashName>prop_scaffold_pole</HashName>
			<InitialHandle>37995</InitialHandle>
			<ObjectProperties>
				<TextureVariation>0</TextureVariation>
			</ObjectProperties>
			<OpacityLevel>255</OpacityLevel>
			<LodDistance>16960</LodDistance>
			<IsVisible>true</IsVisible>
			<MaxHealth>1000</MaxHealth>
			<Health>1000</Health>
			<HasGravity>true</HasGravity>
			<IsOnFire>false</IsOnFire>
			<IsInvincible>false</IsInvincible>
			<IsBulletProof>false</IsBulletProof>
			<IsCollisionProof>false</IsCollisionProof>
			<IsExplosionProof>false</IsExplosionProof>
			<IsFireProof>false</IsFireProof>
			<IsMeleeProof>false</IsMeleeProof>
			<IsOnlyDamagedByPlayer>false</IsOnlyDamagedByPlayer>
			<PositionRotation>
				<X>1706.11475</X>
				<Y>3249.56079</Y>
				<Z>41.3087921</Z>
				<Pitch>-89.5058289</Pitch>
				<Roll>-58.6682892</Roll>
				<Yaw>-39.7790909</Yaw>
			</PositionRotation>
			<Attachment isAttached="true">
				<AttachedTo>43293</AttachedTo>
				<BoneIndex>0</BoneIndex>
				<X>0.304677546</X>
				<Y>-1.57849157</Y>
				<Z>0.946480274</Z>
				<Pitch>-89.66745</Pitch>
				<Roll>0.887545586</Roll>
				<Yaw>91.3566666</Yaw>
			</Attachment>
		</Attachment>
		<Attachment>
			<ModelHash>0x710841e5</ModelHash>
			<Type>3</Type>
			<Dynamic>false</Dynamic>
			<FrozenPos>true</FrozenPos>
			<HashName>prop_scaffold_pole</HashName>
			<InitialHandle>11375</InitialHandle>
			<ObjectProperties>
				<TextureVariation>0</TextureVariation>
			</ObjectProperties>
			<OpacityLevel>255</OpacityLevel>
			<LodDistance>16960</LodDistance>
			<IsVisible>true</IsVisible>
			<MaxHealth>1000</MaxHealth>
			<Health>1000</Health>
			<HasGravity>true</HasGravity>
			<IsOnFire>false</IsOnFire>
			<IsInvincible>false</IsInvincible>
			<IsBulletProof>false</IsBulletProof>
			<IsCollisionProof>false</IsCollisionProof>
			<IsExplosionProof>false</IsExplosionProof>
			<IsFireProof>false</IsFireProof>
			<IsMeleeProof>false</IsMeleeProof>
			<IsOnlyDamagedByPlayer>false</IsOnlyDamagedByPlayer>
			<PositionRotation>
				<X>1706.16553</X>
				<Y>3249.59863</Y>
				<Z>41.2992134</Z>
				<Pitch>-89.5058289</Pitch>
				<Roll>-58.6682892</Roll>
				<Yaw>-39.7790909</Yaw>
			</PositionRotation>
			<Attachment isAttached="true">
				<AttachedTo>43293</AttachedTo>
				<BoneIndex>0</BoneIndex>
				<X>0.284677565</X>
				<Y>-1.51849163</Y>
				<Z>0.936480284</Z>
				<Pitch>-89.66745</Pitch>
				<Roll>0.887545586</Roll>
				<Yaw>91.3566666</Yaw>
			</Attachment>
		</Attachment>
		<Attachment>
			<ModelHash>0x710841e5</ModelHash>
			<Type>3</Type>
			<Dynamic>false</Dynamic>
			<FrozenPos>true</FrozenPos>
			<HashName>prop_scaffold_pole</HashName>
			<InitialHandle>96369</InitialHandle>
			<ObjectProperties>
				<TextureVariation>0</TextureVariation>
			</ObjectProperties>
			<OpacityLevel>255</OpacityLevel>
			<LodDistance>16960</LodDistance>
			<IsVisible>true</IsVisible>
			<MaxHealth>1000</MaxHealth>
			<Health>1000</Health>
			<HasGravity>true</HasGravity>
			<IsOnFire>false</IsOnFire>
			<IsInvincible>false</IsInvincible>
			<IsBulletProof>false</IsBulletProof>
			<IsCollisionProof>false</IsCollisionProof>
			<IsExplosionProof>false</IsExplosionProof>
			<IsFireProof>false</IsFireProof>
			<IsMeleeProof>false</IsMeleeProof>
			<IsOnlyDamagedByPlayer>false</IsOnlyDamagedByPlayer>
			<PositionRotation>
				<X>1706.21619</X>
				<Y>3249.60498</Y>
				<Z>41.2896004</Z>
				<Pitch>-89.5058289</Pitch>
				<Roll>-58.6682892</Roll>
				<Yaw>-39.7790909</Yaw>
			</PositionRotation>
			<Attachment isAttached="true">
				<AttachedTo>43293</AttachedTo>
				<BoneIndex>0</BoneIndex>
				<X>0.294677556</X>
				<Y>-1.46849167</Y>
				<Z>0.926480293</Z>
				<Pitch>-89.66745</Pitch>
				<Roll>0.887545586</Roll>
				<Yaw>91.3566666</Yaw>
			</Attachment>
		</Attachment>
		<Attachment>
			<ModelHash>0x710841e5</ModelHash>
			<Type>3</Type>
			<Dynamic>false</Dynamic>
			<FrozenPos>true</FrozenPos>
			<HashName>prop_scaffold_pole</HashName>
			<InitialHandle>15719</InitialHandle>
			<ObjectProperties>
				<TextureVariation>0</TextureVariation>
			</ObjectProperties>
			<OpacityLevel>255</OpacityLevel>
			<LodDistance>16960</LodDistance>
			<IsVisible>true</IsVisible>
			<MaxHealth>1000</MaxHealth>
			<Health>1000</Health>
			<HasGravity>true</HasGravity>
			<IsOnFire>false</IsOnFire>
			<IsInvincible>false</IsInvincible>
			<IsBulletProof>false</IsBulletProof>
			<IsCollisionProof>false</IsCollisionProof>
			<IsExplosionProof>false</IsExplosionProof>
			<IsFireProof>false</IsFireProof>
			<IsMeleeProof>false</IsMeleeProof>
			<IsOnlyDamagedByPlayer>false</IsOnlyDamagedByPlayer>
			<PositionRotation>
				<X>1706.26367</X>
				<Y>3249.62085</Y>
				<Z>41.2699738</Z>
				<Pitch>-89.5058289</Pitch>
				<Roll>-58.6682892</Roll>
				<Yaw>-39.7790909</Yaw>
			</PositionRotation>
			<Attachment isAttached="true">
				<AttachedTo>43293</AttachedTo>
				<BoneIndex>0</BoneIndex>
				<X>0.294677556</X>
				<Y>-1.41849172</Y>
				<Z>0.906480312</Z>
				<Pitch>-89.66745</Pitch>
				<Roll>0.887545586</Roll>
				<Yaw>91.3566666</Yaw>
			</Attachment>
		</Attachment>
		<Attachment>
			<ModelHash>0x710841e5</ModelHash>
			<Type>3</Type>
			<Dynamic>false</Dynamic>
			<FrozenPos>true</FrozenPos>
			<HashName>prop_scaffold_pole</HashName>
			<InitialHandle>92019</InitialHandle>
			<ObjectProperties>
				<TextureVariation>0</TextureVariation>
			</ObjectProperties>
			<OpacityLevel>255</OpacityLevel>
			<LodDistance>16960</LodDistance>
			<IsVisible>true</IsVisible>
			<MaxHealth>1000</MaxHealth>
			<Health>1000</Health>
			<HasGravity>true</HasGravity>
			<IsOnFire>false</IsOnFire>
			<IsInvincible>false</IsInvincible>
			<IsBulletProof>false</IsBulletProof>
			<IsCollisionProof>false</IsCollisionProof>
			<IsExplosionProof>false</IsExplosionProof>
			<IsFireProof>false</IsFireProof>
			<IsMeleeProof>false</IsMeleeProof>
			<IsOnlyDamagedByPlayer>false</IsOnlyDamagedByPlayer>
			<PositionRotation>
				<X>1706.30164</X>
				<Y>3249.66504</Y>
				<Z>41.2703094</Z>
				<Pitch>-89.5058289</Pitch>
				<Roll>-58.6682892</Roll>
				<Yaw>-39.7790909</Yaw>
			</PositionRotation>
			<Attachment isAttached="true">
				<AttachedTo>43293</AttachedTo>
				<BoneIndex>0</BoneIndex>
				<X>0.264677584</X>
				<Y>-1.36849177</Y>
				<Z>0.906480312</Z>
				<Pitch>-89.66745</Pitch>
				<Roll>0.887545586</Roll>
				<Yaw>91.3566666</Yaw>
			</Attachment>
		</Attachment>
		<Attachment>
			<ModelHash>0x710841e5</ModelHash>
			<Type>3</Type>
			<Dynamic>false</Dynamic>
			<FrozenPos>true</FrozenPos>
			<HashName>prop_scaffold_pole</HashName>
			<InitialHandle>157551</InitialHandle>
			<ObjectProperties>
				<TextureVariation>0</TextureVariation>
			</ObjectProperties>
			<OpacityLevel>255</OpacityLevel>
			<LodDistance>16960</LodDistance>
			<IsVisible>true</IsVisible>
			<MaxHealth>1000</MaxHealth>
			<Health>1000</Health>
			<HasGravity>true</HasGravity>
			<IsOnFire>false</IsOnFire>
			<IsInvincible>false</IsInvincible>
			<IsBulletProof>false</IsBulletProof>
			<IsCollisionProof>false</IsCollisionProof>
			<IsExplosionProof>false</IsExplosionProof>
			<IsFireProof>false</IsFireProof>
			<IsMeleeProof>false</IsMeleeProof>
			<IsOnlyDamagedByPlayer>false</IsOnlyDamagedByPlayer>
			<PositionRotation>
				<X>1706.35547</X>
				<Y>3249.66187</Y>
				<Z>41.2607117</Z>
				<Pitch>-89.5058289</Pitch>
				<Roll>-58.6682892</Roll>
				<Yaw>-39.7790909</Yaw>
			</PositionRotation>
			<Attachment isAttached="true">
				<AttachedTo>43293</AttachedTo>
				<BoneIndex>0</BoneIndex>
				<X>0.284677565</X>
				<Y>-1.31849182</Y>
				<Z>0.896480322</Z>
				<Pitch>-89.66745</Pitch>
				<Roll>0.887545586</Roll>
				<Yaw>91.3566666</Yaw>
			</Attachment>
		</Attachment>
		<Attachment>
			<ModelHash>0x710841e5</ModelHash>
			<Type>3</Type>
			<Dynamic>false</Dynamic>
			<FrozenPos>true</FrozenPos>
			<HashName>prop_scaffold_pole</HashName>
			<InitialHandle>178529</InitialHandle>
			<ObjectProperties>
				<TextureVariation>0</TextureVariation>
			</ObjectProperties>
			<OpacityLevel>255</OpacityLevel>
			<LodDistance>16960</LodDistance>
			<IsVisible>true</IsVisible>
			<MaxHealth>1000</MaxHealth>
			<Health>1000</Health>
			<HasGravity>true</HasGravity>
			<IsOnFire>false</IsOnFire>
			<IsInvincible>false</IsInvincible>
			<IsBulletProof>false</IsBulletProof>
			<IsCollisionProof>false</IsCollisionProof>
			<IsExplosionProof>false</IsExplosionProof>
			<IsFireProof>false</IsFireProof>
			<IsMeleeProof>false</IsMeleeProof>
			<IsOnlyDamagedByPlayer>false</IsOnlyDamagedByPlayer>
			<PositionRotation>
				<X>1706.42212</X>
				<Y>3249.68408</Y>
				<Z>41.2312317</Z>
				<Pitch>-89.5058289</Pitch>
				<Roll>-58.6682892</Roll>
				<Yaw>-39.7790909</Yaw>
			</PositionRotation>
			<Attachment isAttached="true">
				<AttachedTo>43293</AttachedTo>
				<BoneIndex>0</BoneIndex>
				<X>0.284677565</X>
				<Y>-1.24849188</Y>
				<Z>0.86648035</Z>
				<Pitch>-89.66745</Pitch>
				<Roll>0.887545586</Roll>
				<Yaw>91.3566666</Yaw>
			</Attachment>
		</Attachment>
		<Attachment>
			<ModelHash>0xbc1b1062</ModelHash>
			<Type>3</Type>
			<Dynamic>false</Dynamic>
			<FrozenPos>true</FrozenPos>
			<HashName>imp_prop_impexp_tyre_01b</HashName>
			<InitialHandle>177442</InitialHandle>
			<ObjectProperties>
				<TextureVariation>0</TextureVariation>
			</ObjectProperties>
			<OpacityLevel>255</OpacityLevel>
			<LodDistance>16960</LodDistance>
			<IsVisible>true</IsVisible>
			<MaxHealth>1000</MaxHealth>
			<Health>1000</Health>
			<HasGravity>true</HasGravity>
			<IsOnFire>false</IsOnFire>
			<IsInvincible>false</IsInvincible>
			<IsBulletProof>false</IsBulletProof>
			<IsCollisionProof>false</IsCollisionProof>
			<IsExplosionProof>false</IsExplosionProof>
			<IsFireProof>false</IsFireProof>
			<IsMeleeProof>false</IsMeleeProof>
			<IsOnlyDamagedByPlayer>false</IsOnlyDamagedByPlayer>
			<PositionRotation>
				<X>1706.22571</X>
				<Y>3249.97339</Y>
				<Z>41.3897133</Z>
				<Pitch>-80.762619</Pitch>
				<Roll>-178.754166</Roll>
				<Yaw>106.850227</Yaw>
			</PositionRotation>
			<Attachment isAttached="true">
				<AttachedTo>43293</AttachedTo>
				<BoneIndex>0</BoneIndex>
				<X>-0.0516912714</X>
				<Y>-1.34232509</Y>
				<Z>1.02608931</Z>
				<Pitch>-99.66745</Pitch>
				<Roll>0.887545586</Roll>
				<Yaw>-1.92202187</Yaw>
			</Attachment>
		</Attachment>
		<Attachment>
			<ModelHash>0xbf1b2b36</ModelHash>
			<Type>3</Type>
			<Dynamic>false</Dynamic>
			<FrozenPos>true</FrozenPos>
			<HashName>prop_barrel_exp_01b</HashName>
			<InitialHandle>26745</InitialHandle>
			<ObjectProperties>
				<TextureVariation>0</TextureVariation>
			</ObjectProperties>
			<OpacityLevel>255</OpacityLevel>
			<LodDistance>16960</LodDistance>
			<IsVisible>true</IsVisible>
			<MaxHealth>1000</MaxHealth>
			<Health>1000</Health>
			<HasGravity>true</HasGravity>
			<IsOnFire>false</IsOnFire>
			<IsInvincible>false</IsInvincible>
			<IsBulletProof>false</IsBulletProof>
			<IsCollisionProof>false</IsCollisionProof>
			<IsExplosionProof>false</IsExplosionProof>
			<IsFireProof>false</IsFireProof>
			<IsMeleeProof>false</IsMeleeProof>
			<IsOnlyDamagedByPlayer>false</IsOnlyDamagedByPlayer>
			<PositionRotation>
				<X>1706.2301</X>
				<Y>3249.86792</Y>
				<Z>40.9122162</Z>
				<Pitch>0.760662317</Pitch>
				<Roll>-89.1841736</Roll>
				<Yaw>-71.6054916</Yaw>
			</PositionRotation>
			<Attachment isAttached="true">
				<AttachedTo>43293</AttachedTo>
				<BoneIndex>0</BoneIndex>
				<X>0.049172461</X>
				<Y>-1.37504029</Y>
				<Z>0.548695564</Z>
				<Pitch>0.332548559</Pitch>
				<Roll>-89.1124496</Roll>
				<Yaw>-0.0250244141</Yaw>
			</Attachment>
		</Attachment>
	</SpoonerAttachments>
</Vehicle>
