<?xml version="1.0" encoding="ISO-8859-1"?>
<Vehicle menyoo_ver="0.9998744b">
	<ModelHash>0x4fb1a214</ModelHash>
	<InitialHandle>372229</InitialHandle>
	<VehicleProperties>
		<Colours>
			<Primary>11</Primary>
			<Secondary>2</Secondary>
			<Pearl>2</Pearl>
			<Rim>156</Rim>
			<Mod1_a>0</Mod1_a>
			<Mod1_b>0</Mod1_b>
			<Mod1_c>0</Mod1_c>
			<Mod2_a>6</Mod2_a>
			<Mod2_b>-1</Mod2_b>
			<IsPrimaryColourCustom>false</IsPrimaryColourCustom>
			<IsSecondaryColourCustom>false</IsSecondaryColourCustom>
			<tyreSmoke_R>255</tyreSmoke_R>
			<tyreSmoke_G>255</tyreSmoke_G>
			<tyreSmoke_B>255</tyreSmoke_B>
			<LrInterior>0</LrInterior>
			<LrDashboard>0</LrDashboard>
		</Colours>
		<Livery>-1</Livery>
		<NumberPlateText>82AOG343</NumberPlateText>
		<NumberPlateIndex>0</NumberPlateIndex>
		<WheelType>3</WheelType>
		<WheelsInvisible>false</WheelsInvisible>
		<EngineSoundName></EngineSoundName>
		<WindowTint>-1</WindowTint>
		<BulletProofTyres>true</BulletProofTyres>
		<DirtLevel>0.0358283818</DirtLevel>
		<PaintFade>0.298039228</PaintFade>
		<RoofState>0</RoofState>
		<SirenActive>false</SirenActive>
		<EngineOn>true</EngineOn>
		<EngineHealth>1000</EngineHealth>
		<LightsOn>false</LightsOn>
		<IsRadioLoud>0</IsRadioLoud>
		<LockStatus>1</LockStatus>
		<Neons>
			<Left>false</Left>
			<Right>false</Right>
			<Front>false</Front>
			<Back>false</Back>
			<R>255</R>
			<G>0</G>
			<B>255</B>
		</Neons>
		<ModExtras>
			<_10>true</_10>
			<_11>true</_11>
		</ModExtras>
		<Mods>
			<_0>-1,0</_0>
			<_1>0,0</_1>
			<_2>0,0</_2>
			<_3>0,0</_3>
			<_4>1,0</_4>
			<_5>-1,0</_5>
			<_6>0,0</_6>
			<_7>-1,0</_7>
			<_8>-1,0</_8>
			<_9>-1,0</_9>
			<_10>-1,0</_10>
			<_11>3,0</_11>
			<_12>2,0</_12>
			<_13>2,0</_13>
			<_14>-1,0</_14>
			<_15>3,0</_15>
			<_16>4,0</_16>
			<_17>false</_17>
			<_18>true</_18>
			<_19>false</_19>
			<_20>false</_20>
			<_21>false</_21>
			<_22>true</_22>
			<_23>-1,0</_23>
			<_24>-1,0</_24>
			<_25>-1,0</_25>
			<_26>-1,0</_26>
			<_27>-1,0</_27>
			<_28>-1,0</_28>
			<_29>-1,0</_29>
			<_30>-1,0</_30>
			<_31>-1,0</_31>
			<_32>-1,0</_32>
			<_33>-1,0</_33>
			<_34>-1,0</_34>
			<_35>-1,0</_35>
			<_36>-1,0</_36>
			<_37>-1,0</_37>
			<_38>-1,0</_38>
			<_39>-1,0</_39>
			<_40>-1,0</_40>
			<_41>-1,0</_41>
			<_42>-1,0</_42>
			<_43>-1,0</_43>
			<_44>-1,0</_44>
			<_45>-1,0</_45>
			<_46>-1,0</_46>
			<_47>-1,0</_47>
			<_48>-1,0</_48>
		</Mods>
		<DoorsOpen>
			<BackLeftDoor>false</BackLeftDoor>
			<BackRightDoor>false</BackRightDoor>
			<FrontLeftDoor>false</FrontLeftDoor>
			<FrontRightDoor>false</FrontRightDoor>
			<Hood>false</Hood>
			<Trunk>false</Trunk>
			<Trunk2>false</Trunk2>
		</DoorsOpen>
		<DoorsBroken>
			<BackLeftDoor>false</BackLeftDoor>
			<BackRightDoor>false</BackRightDoor>
			<FrontLeftDoor>false</FrontLeftDoor>
			<FrontRightDoor>false</FrontRightDoor>
			<Hood>false</Hood>
			<Trunk>false</Trunk>
			<Trunk2>false</Trunk2>
		</DoorsBroken>
		<TyresBursted>
			<FrontLeft>false</FrontLeft>
			<FrontRight>false</FrontRight>
			<_2>false</_2>
			<_3>false</_3>
			<BackLeft>false</BackLeft>
			<BackRight>false</BackRight>
			<_6>false</_6>
			<_7>false</_7>
			<_8>false</_8>
		</TyresBursted>
	</VehicleProperties>
	<OpacityLevel>255</OpacityLevel>
	<LodDistance>16960</LodDistance>
	<IsVisible>true</IsVisible>
	<IsDriverVisible>true</IsDriverVisible>
	<MaxHealth>1000</MaxHealth>
	<Health>1000</Health>
	<HasGravity>true</HasGravity>
	<IsOnFire>false</IsOnFire>
	<IsInvincible>false</IsInvincible>
	<IsBulletProof>false</IsBulletProof>
	<IsExplosionProof>false</IsExplosionProof>
	<IsFireProof>false</IsFireProof>
	<IsMeleeProof>false</IsMeleeProof>
	<IsOnlyDamagedByPlayer>false</IsOnlyDamagedByPlayer>
	<SpoonerAttachments SetAttachmentsPersistentAndAddToSpoonerDatabase="false" StartTaskSequencesOnLoad="true">
		<Attachment>
			<ModelHash>0xd3edbc71</ModelHash>
			<Type>3</Type>
			<Dynamic>false</Dynamic>
			<FrozenPos>true</FrozenPos>
			<HashName>w_mg_combatmg</HashName>
			<InitialHandle>48903</InitialHandle>
			<ObjectProperties>
				<TextureVariation>0</TextureVariation>
			</ObjectProperties>
			<OpacityLevel>255</OpacityLevel>
			<LodDistance>16960</LodDistance>
			<IsVisible>true</IsVisible>
			<MaxHealth>1000</MaxHealth>
			<Health>1000</Health>
			<HasGravity>true</HasGravity>
			<IsOnFire>false</IsOnFire>
			<IsInvincible>false</IsInvincible>
			<IsBulletProof>false</IsBulletProof>
			<IsCollisionProof>false</IsCollisionProof>
			<IsExplosionProof>false</IsExplosionProof>
			<IsFireProof>false</IsFireProof>
			<IsMeleeProof>false</IsMeleeProof>
			<IsOnlyDamagedByPlayer>false</IsOnlyDamagedByPlayer>
			<PositionRotation>
				<X>1566.07312</X>
				<Y>3796.09204</Y>
				<Z>34.3774147</Z>
				<Pitch>-0.779833138</Pitch>
				<Roll>-1.57611465</Roll>
				<Yaw>97.3539276</Yaw>
			</PositionRotation>
			<Attachment isAttached="true">
				<AttachedTo>372229</AttachedTo>
				<BoneIndex>0</BoneIndex>
				<X>0.396541744</X>
				<Y>-1.99412692</Y>
				<Z>0.781864643</Z>
				<Pitch>0.919778943</Pitch>
				<Roll>-2.55321956</Roll>
				<Yaw>-87.6599731</Yaw>
			</Attachment>
		</Attachment>
		<Attachment>
			<ModelHash>0xd3edbc71</ModelHash>
			<Type>3</Type>
			<Dynamic>false</Dynamic>
			<FrozenPos>true</FrozenPos>
			<HashName>w_mg_combatmg</HashName>
			<InitialHandle>529159</InitialHandle>
			<ObjectProperties>
				<TextureVariation>0</TextureVariation>
			</ObjectProperties>
			<OpacityLevel>255</OpacityLevel>
			<LodDistance>16960</LodDistance>
			<IsVisible>true</IsVisible>
			<MaxHealth>1000</MaxHealth>
			<Health>1000</Health>
			<HasGravity>true</HasGravity>
			<IsOnFire>false</IsOnFire>
			<IsInvincible>false</IsInvincible>
			<IsBulletProof>false</IsBulletProof>
			<IsCollisionProof>false</IsCollisionProof>
			<IsExplosionProof>false</IsExplosionProof>
			<IsFireProof>false</IsFireProof>
			<IsMeleeProof>false</IsMeleeProof>
			<IsOnlyDamagedByPlayer>false</IsOnlyDamagedByPlayer>
			<PositionRotation>
				<X>1566.22107</X>
				<Y>3796.10864</Y>
				<Z>34.3905869</Z>
				<Pitch>-0.776871443</Pitch>
				<Roll>-1.57098198</Roll>
				<Yaw>97.5270996</Yaw>
			</PositionRotation>
			<Attachment isAttached="true">
				<AttachedTo>372229</AttachedTo>
				<BoneIndex>0</BoneIndex>
				<X>0.247411087</X>
				<Y>-1.99776185</Y>
				<Z>0.790573537</Z>
				<Pitch>0.919778943</Pitch>
				<Roll>-2.55321956</Roll>
				<Yaw>-87.4867554</Yaw>
			</Attachment>
		</Attachment>
		<Attachment>
			<ModelHash>0x44083a8f</ModelHash>
			<Type>3</Type>
			<Dynamic>false</Dynamic>
			<FrozenPos>true</FrozenPos>
			<HashName>prop_ballistic_shield</HashName>
			<InitialHandle>630024</InitialHandle>
			<ObjectProperties>
				<TextureVariation>0</TextureVariation>
			</ObjectProperties>
			<OpacityLevel>255</OpacityLevel>
			<LodDistance>16960</LodDistance>
			<IsVisible>true</IsVisible>
			<MaxHealth>1000</MaxHealth>
			<Health>1000</Health>
			<HasGravity>true</HasGravity>
			<IsOnFire>false</IsOnFire>
			<IsInvincible>false</IsInvincible>
			<IsBulletProof>false</IsBulletProof>
			<IsCollisionProof>false</IsCollisionProof>
			<IsExplosionProof>false</IsExplosionProof>
			<IsFireProof>false</IsFireProof>
			<IsMeleeProof>false</IsMeleeProof>
			<IsOnlyDamagedByPlayer>false</IsOnlyDamagedByPlayer>
			<PositionRotation>
				<X>1566.07031</X>
				<Y>3791.75122</Y>
				<Z>33.7471962</Z>
				<Pitch>-19.3677769</Pitch>
				<Roll>-4.60699558</Roll>
				<Yaw>-14.4461651</Yaw>
			</PositionRotation>
			<Attachment isAttached="true">
				<AttachedTo>372229</AttachedTo>
				<BoneIndex>0</BoneIndex>
				<X>0.798837483</X>
				<Y>2.31922174</Y>
				<Z>0.0951801836</Z>
				<Pitch>-19.080225</Pitch>
				<Roll>-2.55322003</Roll>
				<Yaw>-198.784973</Yaw>
			</Attachment>
		</Attachment>
		<Attachment>
			<ModelHash>0x44083a8f</ModelHash>
			<Type>3</Type>
			<Dynamic>false</Dynamic>
			<FrozenPos>true</FrozenPos>
			<HashName>prop_ballistic_shield</HashName>
			<InitialHandle>153609</InitialHandle>
			<ObjectProperties>
				<TextureVariation>0</TextureVariation>
			</ObjectProperties>
			<OpacityLevel>255</OpacityLevel>
			<LodDistance>16960</LodDistance>
			<IsVisible>true</IsVisible>
			<MaxHealth>1000</MaxHealth>
			<Health>1000</Health>
			<HasGravity>true</HasGravity>
			<IsOnFire>false</IsOnFire>
			<IsInvincible>false</IsInvincible>
			<IsBulletProof>false</IsBulletProof>
			<IsCollisionProof>false</IsCollisionProof>
			<IsExplosionProof>false</IsExplosionProof>
			<IsFireProof>false</IsFireProof>
			<IsMeleeProof>false</IsMeleeProof>
			<IsOnlyDamagedByPlayer>false</IsOnlyDamagedByPlayer>
			<PositionRotation>
				<X>1567.66614</X>
				<Y>3791.88696</Y>
				<Z>33.8000336</Z>
				<Pitch>-30.6539555</Pitch>
				<Roll>-3.90142226</Roll>
				<Yaw>30.5116768</Yaw>
			</PositionRotation>
			<Attachment isAttached="true">
				<AttachedTo>372229</AttachedTo>
				<BoneIndex>0</BoneIndex>
				<X>-0.80365932</X>
				<Y>2.32409024</Y>
				<Z>0.0993399248</Z>
				<Pitch>-29.0802231</Pitch>
				<Roll>-2.55321956</Roll>
				<Yaw>-153.83194</Yaw>
			</Attachment>
		</Attachment>
		<Attachment>
			<ModelHash>0x44083a8f</ModelHash>
			<Type>3</Type>
			<Dynamic>false</Dynamic>
			<FrozenPos>true</FrozenPos>
			<HashName>prop_ballistic_shield</HashName>
			<InitialHandle>401160</InitialHandle>
			<ObjectProperties>
				<TextureVariation>0</TextureVariation>
			</ObjectProperties>
			<OpacityLevel>255</OpacityLevel>
			<LodDistance>16960</LodDistance>
			<IsVisible>true</IsVisible>
			<MaxHealth>1000</MaxHealth>
			<Health>1000</Health>
			<HasGravity>true</HasGravity>
			<IsOnFire>false</IsOnFire>
			<IsInvincible>false</IsInvincible>
			<IsBulletProof>false</IsBulletProof>
			<IsCollisionProof>false</IsCollisionProof>
			<IsExplosionProof>false</IsExplosionProof>
			<IsFireProof>false</IsFireProof>
			<IsMeleeProof>false</IsMeleeProof>
			<IsOnlyDamagedByPlayer>false</IsOnlyDamagedByPlayer>
			<PositionRotation>
				<X>1567.36719</X>
				<Y>3792.59814</Y>
				<Z>34.3480186</Z>
				<Pitch>-70.7238693</Pitch>
				<Roll>-5.66568089</Roll>
				<Yaw>32.9374504</Yaw>
			</PositionRotation>
			<Attachment isAttached="true">
				<AttachedTo>372229</AttachedTo>
				<BoneIndex>0</BoneIndex>
				<X>-0.584955394</X>
				<Y>1.59823179</Y>
				<Z>0.665779352</Z>
				<Pitch>-69.0802383</Pitch>
				<Roll>-2.55321836</Roll>
				<Yaw>-149.154312</Yaw>
			</Attachment>
		</Attachment>
		<Attachment>
			<ModelHash>0x44083a8f</ModelHash>
			<Type>3</Type>
			<Dynamic>false</Dynamic>
			<FrozenPos>true</FrozenPos>
			<HashName>prop_ballistic_shield</HashName>
			<InitialHandle>293129</InitialHandle>
			<ObjectProperties>
				<TextureVariation>0</TextureVariation>
			</ObjectProperties>
			<OpacityLevel>255</OpacityLevel>
			<LodDistance>16960</LodDistance>
			<IsVisible>true</IsVisible>
			<MaxHealth>1000</MaxHealth>
			<Health>1000</Health>
			<HasGravity>true</HasGravity>
			<IsOnFire>false</IsOnFire>
			<IsInvincible>false</IsInvincible>
			<IsBulletProof>false</IsBulletProof>
			<IsCollisionProof>false</IsCollisionProof>
			<IsExplosionProof>false</IsExplosionProof>
			<IsFireProof>false</IsFireProof>
			<IsMeleeProof>false</IsMeleeProof>
			<IsOnlyDamagedByPlayer>false</IsOnlyDamagedByPlayer>
			<PositionRotation>
				<X>1566.36279</X>
				<Y>3792.54248</Y>
				<Z>34.3400002</Z>
				<Pitch>-68.644043</Pitch>
				<Roll>-7.85528231</Roll>
				<Yaw>-37.8564644</Yaw>
			</PositionRotation>
			<Attachment isAttached="true">
				<AttachedTo>372229</AttachedTo>
				<BoneIndex>0</BoneIndex>
				<X>0.420224935</X>
				<Y>1.56597054</Y>
				<Z>0.688769817</Z>
				<Pitch>-69.0802078</Pitch>
				<Roll>-2.5532198</Roll>
				<Yaw>-217.925751</Yaw>
			</Attachment>
		</Attachment>
		<Attachment>
			<ModelHash>0x44083a8f</ModelHash>
			<Type>3</Type>
			<Dynamic>false</Dynamic>
			<FrozenPos>true</FrozenPos>
			<HashName>prop_ballistic_shield</HashName>
			<InitialHandle>80905</InitialHandle>
			<ObjectProperties>
				<TextureVariation>0</TextureVariation>
			</ObjectProperties>
			<OpacityLevel>255</OpacityLevel>
			<LodDistance>16960</LodDistance>
			<IsVisible>true</IsVisible>
			<MaxHealth>1000</MaxHealth>
			<Health>1000</Health>
			<HasGravity>true</HasGravity>
			<IsOnFire>false</IsOnFire>
			<IsInvincible>false</IsInvincible>
			<IsBulletProof>false</IsBulletProof>
			<IsCollisionProof>false</IsCollisionProof>
			<IsExplosionProof>false</IsExplosionProof>
			<IsFireProof>false</IsFireProof>
			<IsMeleeProof>false</IsMeleeProof>
			<IsOnlyDamagedByPlayer>false</IsOnlyDamagedByPlayer>
			<PositionRotation>
				<X>1566.8186</X>
				<Y>3792.3252</Y>
				<Z>34.3183937</Z>
				<Pitch>-69.8827209</Pitch>
				<Roll>-7.65875292</Roll>
				<Yaw>-0.794997156</Yaw>
			</PositionRotation>
			<Attachment isAttached="true">
				<AttachedTo>372229</AttachedTo>
				<BoneIndex>0</BoneIndex>
				<X>-0.0138265528</X>
				<Y>1.82193124</Y>
				<Z>0.649926841</Z>
				<Pitch>-69.0802841</Pitch>
				<Roll>-2.55321956</Roll>
				<Yaw>-181.027954</Yaw>
			</Attachment>
		</Attachment>
		<Attachment>
			<ModelHash>0x44083a8f</ModelHash>
			<Type>3</Type>
			<Dynamic>false</Dynamic>
			<FrozenPos>true</FrozenPos>
			<HashName>prop_ballistic_shield</HashName>
			<InitialHandle>552460</InitialHandle>
			<ObjectProperties>
				<TextureVariation>0</TextureVariation>
			</ObjectProperties>
			<OpacityLevel>255</OpacityLevel>
			<LodDistance>16960</LodDistance>
			<IsVisible>true</IsVisible>
			<MaxHealth>1000</MaxHealth>
			<Health>1000</Health>
			<HasGravity>true</HasGravity>
			<IsOnFire>false</IsOnFire>
			<IsInvincible>false</IsInvincible>
			<IsBulletProof>false</IsBulletProof>
			<IsCollisionProof>false</IsCollisionProof>
			<IsExplosionProof>false</IsExplosionProof>
			<IsFireProof>false</IsFireProof>
			<IsMeleeProof>false</IsMeleeProof>
			<IsOnlyDamagedByPlayer>false</IsOnlyDamagedByPlayer>
			<PositionRotation>
				<X>1566.75671</X>
				<Y>3796.44019</Y>
				<Z>34.4227905</Z>
				<Pitch>-28.4530945</Pitch>
				<Roll>-0.434232354</Roll>
				<Yaw>176.622101</Yaw>
			</PositionRotation>
			<Attachment isAttached="true">
				<AttachedTo>372229</AttachedTo>
				<BoneIndex>0</BoneIndex>
				<X>-0.316029072</X>
				<Y>-2.28082681</Y>
				<Z>0.810181499</Z>
				<Pitch>-29.0802212</Pitch>
				<Roll>-2.55321956</Roll>
				<Yaw>-9.41283417</Yaw>
			</Attachment>
		</Attachment>
		<Attachment>
			<ModelHash>0x44083a8f</ModelHash>
			<Type>3</Type>
			<Dynamic>false</Dynamic>
			<FrozenPos>true</FrozenPos>
			<HashName>prop_ballistic_shield</HashName>
			<InitialHandle>646156</InitialHandle>
			<ObjectProperties>
				<TextureVariation>0</TextureVariation>
			</ObjectProperties>
			<OpacityLevel>255</OpacityLevel>
			<LodDistance>16960</LodDistance>
			<IsVisible>true</IsVisible>
			<MaxHealth>1000</MaxHealth>
			<Health>1000</Health>
			<HasGravity>true</HasGravity>
			<IsOnFire>false</IsOnFire>
			<IsInvincible>false</IsInvincible>
			<IsBulletProof>false</IsBulletProof>
			<IsCollisionProof>false</IsCollisionProof>
			<IsExplosionProof>false</IsExplosionProof>
			<IsFireProof>false</IsFireProof>
			<IsMeleeProof>false</IsMeleeProof>
			<IsOnlyDamagedByPlayer>false</IsOnlyDamagedByPlayer>
			<PositionRotation>
				<X>1567.17822</X>
				<Y>3795.99976</Y>
				<Z>34.5684624</Z>
				<Pitch>-30.6754913</Pitch>
				<Roll>-1.23896313</Roll>
				<Yaw>103.327667</Yaw>
			</PositionRotation>
			<Attachment isAttached="true">
				<AttachedTo>372229</AttachedTo>
				<BoneIndex>0</BoneIndex>
				<X>-0.70146507</X>
				<Y>-1.80301034</Y>
				<Z>0.936674595</Z>
				<Pitch>-29.0802212</Pitch>
				<Roll>-2.5532167</Roll>
				<Yaw>-82.3422165</Yaw>
			</Attachment>
		</Attachment>
		<Attachment>
			<ModelHash>0x44083a8f</ModelHash>
			<Type>3</Type>
			<Dynamic>false</Dynamic>
			<FrozenPos>true</FrozenPos>
			<HashName>prop_ballistic_shield</HashName>
			<InitialHandle>746508</InitialHandle>
			<ObjectProperties>
				<TextureVariation>0</TextureVariation>
			</ObjectProperties>
			<OpacityLevel>255</OpacityLevel>
			<LodDistance>16960</LodDistance>
			<IsVisible>true</IsVisible>
			<MaxHealth>1000</MaxHealth>
			<Health>1000</Health>
			<HasGravity>true</HasGravity>
			<IsOnFire>false</IsOnFire>
			<IsInvincible>false</IsInvincible>
			<IsBulletProof>false</IsBulletProof>
			<IsCollisionProof>false</IsCollisionProof>
			<IsExplosionProof>false</IsExplosionProof>
			<IsFireProof>false</IsFireProof>
			<IsMeleeProof>false</IsMeleeProof>
			<IsOnlyDamagedByPlayer>false</IsOnlyDamagedByPlayer>
			<PositionRotation>
				<X>1565.73132</X>
				<Y>3795.85571</Y>
				<Z>34.4928894</Z>
				<Pitch>-17.322794</Pitch>
				<Roll>-3.46782875</Roll>
				<Yaw>-86.3757782</Yaw>
			</PositionRotation>
			<Attachment isAttached="true">
				<AttachedTo>372229</AttachedTo>
				<BoneIndex>0</BoneIndex>
				<X>0.754104197</X>
				<Y>-1.78693104</Y>
				<Z>0.90497452</Z>
				<Pitch>-19.0802193</Pitch>
				<Roll>-2.55322051</Roll>
				<Yaw>-271.105164</Yaw>
			</Attachment>
		</Attachment>
		<Attachment>
			<ModelHash>0x44083a8f</ModelHash>
			<Type>3</Type>
			<Dynamic>false</Dynamic>
			<FrozenPos>true</FrozenPos>
			<HashName>prop_ballistic_shield</HashName>
			<InitialHandle>60941</InitialHandle>
			<ObjectProperties>
				<TextureVariation>0</TextureVariation>
			</ObjectProperties>
			<OpacityLevel>255</OpacityLevel>
			<LodDistance>16960</LodDistance>
			<IsVisible>true</IsVisible>
			<MaxHealth>1000</MaxHealth>
			<Health>1000</Health>
			<HasGravity>true</HasGravity>
			<IsOnFire>false</IsOnFire>
			<IsInvincible>false</IsInvincible>
			<IsBulletProof>false</IsBulletProof>
			<IsCollisionProof>false</IsCollisionProof>
			<IsExplosionProof>false</IsExplosionProof>
			<IsFireProof>false</IsFireProof>
			<IsMeleeProof>false</IsMeleeProof>
			<IsOnlyDamagedByPlayer>false</IsOnlyDamagedByPlayer>
			<PositionRotation>
				<X>1565.75989</X>
				<Y>3795.37939</Y>
				<Z>34.544281</Z>
				<Pitch>-17.3414879</Pitch>
				<Roll>-3.50663567</Roll>
				<Yaw>-85.1751556</Yaw>
			</PositionRotation>
			<Attachment isAttached="true">
				<AttachedTo>372229</AttachedTo>
				<BoneIndex>0</BoneIndex>
				<X>0.765862703</X>
				<Y>-1.30903935</Y>
				<Z>0.949184239</Z>
				<Pitch>-19.080225</Pitch>
				<Roll>-2.5532186</Roll>
				<Yaw>-269.892242</Yaw>
			</Attachment>
		</Attachment>
		<Attachment>
			<ModelHash>0x44083a8f</ModelHash>
			<Type>3</Type>
			<Dynamic>false</Dynamic>
			<FrozenPos>true</FrozenPos>
			<HashName>prop_ballistic_shield</HashName>
			<InitialHandle>51213</InitialHandle>
			<ObjectProperties>
				<TextureVariation>0</TextureVariation>
			</ObjectProperties>
			<OpacityLevel>255</OpacityLevel>
			<LodDistance>16960</LodDistance>
			<IsVisible>true</IsVisible>
			<MaxHealth>1000</MaxHealth>
			<Health>1000</Health>
			<HasGravity>true</HasGravity>
			<IsOnFire>false</IsOnFire>
			<IsInvincible>false</IsInvincible>
			<IsBulletProof>false</IsBulletProof>
			<IsCollisionProof>false</IsCollisionProof>
			<IsExplosionProof>false</IsExplosionProof>
			<IsFireProof>false</IsFireProof>
			<IsMeleeProof>false</IsMeleeProof>
			<IsOnlyDamagedByPlayer>false</IsOnlyDamagedByPlayer>
			<PositionRotation>
				<X>1567.27917</X>
				<Y>3795.60449</Y>
				<Z>34.5935898</Z>
				<Pitch>-20.7995815</Pitch>
				<Roll>-1.55122757</Roll>
				<Yaw>96.3462753</Yaw>
			</PositionRotation>
			<Attachment isAttached="true">
				<AttachedTo>372229</AttachedTo>
				<BoneIndex>0</BoneIndex>
				<X>-0.76818943</X>
				<Y>-1.4000839</Y>
				<Z>0.953411043</Z>
				<Pitch>-19.0802212</Pitch>
				<Roll>-2.55321956</Roll>
				<Yaw>-89.0105743</Yaw>
			</Attachment>
		</Attachment>
		<Attachment>
			<ModelHash>0xe2ba016f</ModelHash>
			<Type>3</Type>
			<Dynamic>false</Dynamic>
			<FrozenPos>true</FrozenPos>
			<HashName>prop_cs_katana_01</HashName>
			<InitialHandle>402705</InitialHandle>
			<ObjectProperties>
				<TextureVariation>0</TextureVariation>
			</ObjectProperties>
			<OpacityLevel>255</OpacityLevel>
			<LodDistance>16960</LodDistance>
			<IsVisible>true</IsVisible>
			<MaxHealth>1000</MaxHealth>
			<Health>1000</Health>
			<HasGravity>true</HasGravity>
			<IsOnFire>false</IsOnFire>
			<IsInvincible>false</IsInvincible>
			<IsBulletProof>false</IsBulletProof>
			<IsCollisionProof>false</IsCollisionProof>
			<IsExplosionProof>false</IsExplosionProof>
			<IsFireProof>false</IsFireProof>
			<IsMeleeProof>false</IsMeleeProof>
			<IsOnlyDamagedByPlayer>false</IsOnlyDamagedByPlayer>
			<PositionRotation>
				<X>1566.11182</X>
				<Y>3792.61621</Y>
				<Z>33.5376396</Z>
				<Pitch>88.9433365</Pitch>
				<Roll>-161.047485</Roll>
				<Yaw>74.2912369</Yaw>
			</PositionRotation>
			<Attachment isAttached="true">
				<AttachedTo>372229</AttachedTo>
				<BoneIndex>0</BoneIndex>
				<X>0.688064516</X>
				<Y>1.45807087</Y>
				<Z>-0.104224816</Z>
				<Pitch>90.9197769</Pitch>
				<Roll>-146.360519</Roll>
				<Yaw>-125.412979</Yaw>
			</Attachment>
		</Attachment>
		<Attachment>
			<ModelHash>0xe2ba016f</ModelHash>
			<Type>3</Type>
			<Dynamic>false</Dynamic>
			<FrozenPos>true</FrozenPos>
			<HashName>prop_cs_katana_01</HashName>
			<InitialHandle>530705</InitialHandle>
			<ObjectProperties>
				<TextureVariation>0</TextureVariation>
			</ObjectProperties>
			<OpacityLevel>255</OpacityLevel>
			<LodDistance>16960</LodDistance>
			<IsVisible>true</IsVisible>
			<MaxHealth>1000</MaxHealth>
			<Health>1000</Health>
			<HasGravity>true</HasGravity>
			<IsOnFire>false</IsOnFire>
			<IsInvincible>false</IsInvincible>
			<IsBulletProof>false</IsBulletProof>
			<IsCollisionProof>false</IsCollisionProof>
			<IsExplosionProof>false</IsExplosionProof>
			<IsFireProof>false</IsFireProof>
			<IsMeleeProof>false</IsMeleeProof>
			<IsOnlyDamagedByPlayer>false</IsOnlyDamagedByPlayer>
			<PositionRotation>
				<X>1567.49146</X>
				<Y>3792.74365</Y>
				<Z>33.5892525</Z>
				<Pitch>88.9431534</Pitch>
				<Roll>19.0235863</Roll>
				<Yaw>74.2910767</Yaw>
			</PositionRotation>
			<Attachment isAttached="true">
				<AttachedTo>372229</AttachedTo>
				<BoneIndex>0</BoneIndex>
				<X>-0.698418617</X>
				<Y>1.4521364</Y>
				<Z>-0.0945627391</Z>
				<Pitch>90.9197769</Pitch>
				<Roll>33.7104111</Roll>
				<Yaw>-125.412979</Yaw>
			</Attachment>
		</Attachment>
		<Attachment>
			<ModelHash>0xe2ba016f</ModelHash>
			<Type>3</Type>
			<Dynamic>false</Dynamic>
			<FrozenPos>true</FrozenPos>
			<HashName>prop_cs_katana_01</HashName>
			<InitialHandle>519697</InitialHandle>
			<ObjectProperties>
				<TextureVariation>0</TextureVariation>
			</ObjectProperties>
			<OpacityLevel>255</OpacityLevel>
			<LodDistance>16960</LodDistance>
			<IsVisible>true</IsVisible>
			<MaxHealth>1000</MaxHealth>
			<Health>1000</Health>
			<HasGravity>true</HasGravity>
			<IsOnFire>false</IsOnFire>
			<IsInvincible>false</IsInvincible>
			<IsBulletProof>false</IsBulletProof>
			<IsCollisionProof>false</IsCollisionProof>
			<IsExplosionProof>false</IsExplosionProof>
			<IsFireProof>false</IsFireProof>
			<IsMeleeProof>false</IsMeleeProof>
			<IsOnlyDamagedByPlayer>false</IsOnlyDamagedByPlayer>
			<PositionRotation>
				<X>1567.33411</X>
				<Y>3795.63452</Y>
				<Z>33.5121269</Z>
				<Pitch>78.9745483</Pitch>
				<Roll>29.3643169</Roll>
				<Yaw>60.9818993</Yaw>
			</PositionRotation>
			<Attachment isAttached="true">
				<AttachedTo>372229</AttachedTo>
				<BoneIndex>0</BoneIndex>
				<X>-0.792658806</X>
				<Y>-1.44238269</Y>
				<Z>-0.128756851</Z>
				<Pitch>80.9198074</Pitch>
				<Roll>30.7654228</Roll>
				<Yaw>-125.412979</Yaw>
			</Attachment>
		</Attachment>
		<Attachment>
			<ModelHash>0xe2ba016f</ModelHash>
			<Type>3</Type>
			<Dynamic>false</Dynamic>
			<FrozenPos>true</FrozenPos>
			<HashName>prop_cs_katana_01</HashName>
			<InitialHandle>765713</InitialHandle>
			<ObjectProperties>
				<TextureVariation>0</TextureVariation>
			</ObjectProperties>
			<OpacityLevel>255</OpacityLevel>
			<LodDistance>16960</LodDistance>
			<IsVisible>true</IsVisible>
			<MaxHealth>1000</MaxHealth>
			<Health>1000</Health>
			<HasGravity>true</HasGravity>
			<IsOnFire>false</IsOnFire>
			<IsInvincible>false</IsInvincible>
			<IsBulletProof>false</IsBulletProof>
			<IsCollisionProof>false</IsCollisionProof>
			<IsExplosionProof>false</IsExplosionProof>
			<IsFireProof>false</IsFireProof>
			<IsMeleeProof>false</IsMeleeProof>
			<IsOnlyDamagedByPlayer>false</IsOnlyDamagedByPlayer>
			<PositionRotation>
				<X>1565.95813</X>
				<Y>3795.5271</Y>
				<Z>33.5032768</Z>
				<Pitch>88.9433365</Pitch>
				<Roll>-160.30928</Roll>
				<Yaw>74.2913055</Yaw>
			</PositionRotation>
			<Attachment isAttached="true">
				<AttachedTo>372229</AttachedTo>
				<BoneIndex>0</BoneIndex>
				<X>0.587093472</X>
				<Y>-1.45528901</Y>
				<Z>-0.0955351144</Z>
				<Pitch>90.9197769</Pitch>
				<Roll>-145.622238</Roll>
				<Yaw>-125.412979</Yaw>
			</Attachment>
		</Attachment>
		<Attachment>
			<ModelHash>0xe2ba016f</ModelHash>
			<Type>3</Type>
			<Dynamic>false</Dynamic>
			<FrozenPos>true</FrozenPos>
			<HashName>prop_cs_katana_01</HashName>
			<InitialHandle>155668</InitialHandle>
			<ObjectProperties>
				<TextureVariation>0</TextureVariation>
			</ObjectProperties>
			<OpacityLevel>255</OpacityLevel>
			<LodDistance>16960</LodDistance>
			<IsVisible>true</IsVisible>
			<MaxHealth>1000</MaxHealth>
			<Health>1000</Health>
			<HasGravity>true</HasGravity>
			<IsOnFire>false</IsOnFire>
			<IsInvincible>false</IsInvincible>
			<IsBulletProof>false</IsBulletProof>
			<IsCollisionProof>false</IsCollisionProof>
			<IsExplosionProof>false</IsExplosionProof>
			<IsFireProof>false</IsFireProof>
			<IsMeleeProof>false</IsMeleeProof>
			<IsOnlyDamagedByPlayer>false</IsOnlyDamagedByPlayer>
			<PositionRotation>
				<X>1566.14038</X>
				<Y>3792.38159</Y>
				<Z>34.0230865</Z>
				<Pitch>2.8727324</Pitch>
				<Roll>87.2753525</Roll>
				<Yaw>-107.528175</Yaw>
			</PositionRotation>
			<Attachment isAttached="true">
				<AttachedTo>372229</AttachedTo>
				<BoneIndex>0</BoneIndex>
				<X>0.665363789</X>
				<Y>1.70183516</Y>
				<Z>0.376957923</Z>
				<Pitch>0.919778109</Pitch>
				<Roll>87.4466629</Roll>
				<Yaw>-292.54895</Yaw>
			</Attachment>
		</Attachment>
		<Attachment>
			<ModelHash>0xe2ba016f</ModelHash>
			<Type>3</Type>
			<Dynamic>false</Dynamic>
			<FrozenPos>true</FrozenPos>
			<HashName>prop_cs_katana_01</HashName>
			<InitialHandle>627220</InitialHandle>
			<ObjectProperties>
				<TextureVariation>0</TextureVariation>
			</ObjectProperties>
			<OpacityLevel>255</OpacityLevel>
			<LodDistance>16960</LodDistance>
			<IsVisible>true</IsVisible>
			<MaxHealth>1000</MaxHealth>
			<Health>1000</Health>
			<HasGravity>true</HasGravity>
			<IsOnFire>false</IsOnFire>
			<IsInvincible>false</IsInvincible>
			<IsBulletProof>false</IsBulletProof>
			<IsCollisionProof>false</IsCollisionProof>
			<IsExplosionProof>false</IsExplosionProof>
			<IsFireProof>false</IsFireProof>
			<IsMeleeProof>false</IsMeleeProof>
			<IsOnlyDamagedByPlayer>false</IsOnlyDamagedByPlayer>
			<PositionRotation>
				<X>1566.26062</X>
				<Y>3792.2417</Y>
				<Z>34.0326042</Z>
				<Pitch>2.87272954</Pitch>
				<Roll>77.2754135</Roll>
				<Yaw>-107.528175</Yaw>
			</PositionRotation>
			<Attachment isAttached="true">
				<AttachedTo>372229</AttachedTo>
				<BoneIndex>0</BoneIndex>
				<X>0.557619393</X>
				<Y>1.85181451</Y>
				<Z>0.380838275</Z>
				<Pitch>0.919778943</Pitch>
				<Roll>77.4467392</Roll>
				<Yaw>-292.54895</Yaw>
			</Attachment>
		</Attachment>
		<Attachment>
			<ModelHash>0xe2ba016f</ModelHash>
			<Type>3</Type>
			<Dynamic>false</Dynamic>
			<FrozenPos>true</FrozenPos>
			<HashName>prop_cs_katana_01</HashName>
			<InitialHandle>694804</InitialHandle>
			<ObjectProperties>
				<TextureVariation>0</TextureVariation>
			</ObjectProperties>
			<OpacityLevel>255</OpacityLevel>
			<LodDistance>16960</LodDistance>
			<IsVisible>true</IsVisible>
			<MaxHealth>1000</MaxHealth>
			<Health>1000</Health>
			<HasGravity>true</HasGravity>
			<IsOnFire>false</IsOnFire>
			<IsInvincible>false</IsInvincible>
			<IsBulletProof>false</IsBulletProof>
			<IsCollisionProof>false</IsCollisionProof>
			<IsExplosionProof>false</IsExplosionProof>
			<IsFireProof>false</IsFireProof>
			<IsMeleeProof>false</IsMeleeProof>
			<IsOnlyDamagedByPlayer>false</IsOnlyDamagedByPlayer>
			<PositionRotation>
				<X>1567.22144</X>
				<Y>3792.1333</Y>
				<Z>33.9327126</Z>
				<Pitch>2.11348867</Pitch>
				<Roll>65.8910446</Roll>
				<Yaw>-60.0278244</Yaw>
			</PositionRotation>
			<Attachment isAttached="true">
				<AttachedTo>372229</AttachedTo>
				<BoneIndex>0</BoneIndex>
				<X>-0.386480778</X>
				<Y>2.04199934</Y>
				<Z>0.24922362</Z>
				<Pitch>0.919781506</Pitch>
				<Roll>67.4467468</Roll>
				<Yaw>-245.084091</Yaw>
			</Attachment>
		</Attachment>
		<Attachment>
			<ModelHash>0xe2ba016f</ModelHash>
			<Type>3</Type>
			<Dynamic>false</Dynamic>
			<FrozenPos>true</FrozenPos>
			<HashName>prop_cs_katana_01</HashName>
			<InitialHandle>597268</InitialHandle>
			<ObjectProperties>
				<TextureVariation>0</TextureVariation>
			</ObjectProperties>
			<OpacityLevel>255</OpacityLevel>
			<LodDistance>16960</LodDistance>
			<IsVisible>true</IsVisible>
			<MaxHealth>1000</MaxHealth>
			<Health>1000</Health>
			<HasGravity>true</HasGravity>
			<IsOnFire>false</IsOnFire>
			<IsInvincible>false</IsInvincible>
			<IsBulletProof>false</IsBulletProof>
			<IsCollisionProof>false</IsCollisionProof>
			<IsExplosionProof>false</IsExplosionProof>
			<IsFireProof>false</IsFireProof>
			<IsMeleeProof>false</IsMeleeProof>
			<IsOnlyDamagedByPlayer>false</IsOnlyDamagedByPlayer>
			<PositionRotation>
				<X>1567.52319</X>
				<Y>3792.48193</Y>
				<Z>34.0543442</Z>
				<Pitch>2.11348438</Pitch>
				<Roll>75.8910522</Roll>
				<Yaw>-60.0278244</Yaw>
			</PositionRotation>
			<Attachment isAttached="true">
				<AttachedTo>372229</AttachedTo>
				<BoneIndex>0</BoneIndex>
				<X>-0.721216202</X>
				<Y>1.72302687</Y>
				<Z>0.365821898</Z>
				<Pitch>0.91977936</Pitch>
				<Roll>77.4467468</Roll>
				<Yaw>-245.084091</Yaw>
			</Attachment>
		</Attachment>
		<Attachment>
			<ModelHash>0xe2ba016f</ModelHash>
			<Type>3</Type>
			<Dynamic>false</Dynamic>
			<FrozenPos>true</FrozenPos>
			<HashName>prop_cs_katana_01</HashName>
			<InitialHandle>712467</InitialHandle>
			<ObjectProperties>
				<TextureVariation>0</TextureVariation>
			</ObjectProperties>
			<OpacityLevel>255</OpacityLevel>
			<LodDistance>16960</LodDistance>
			<IsVisible>true</IsVisible>
			<MaxHealth>1000</MaxHealth>
			<Health>1000</Health>
			<HasGravity>true</HasGravity>
			<IsOnFire>false</IsOnFire>
			<IsInvincible>false</IsInvincible>
			<IsBulletProof>false</IsBulletProof>
			<IsCollisionProof>false</IsCollisionProof>
			<IsExplosionProof>false</IsExplosionProof>
			<IsFireProof>false</IsFireProof>
			<IsMeleeProof>false</IsMeleeProof>
			<IsOnlyDamagedByPlayer>false</IsOnlyDamagedByPlayer>
			<PositionRotation>
				<X>1566.58862</X>
				<Y>3793.99487</Y>
				<Z>34.7229424</Z>
				<Pitch>2.65807652</Pitch>
				<Roll>-3.46015239</Roll>
				<Yaw>-84.9847183</Yaw>
			</PositionRotation>
			<Attachment isAttached="true">
				<AttachedTo>372229</AttachedTo>
				<BoneIndex>0</BoneIndex>
				<X>0.0565340556</X>
				<Y>0.145166278</Y>
				<Z>1.08339858</Z>
				<Pitch>0.919778943</Pitch>
				<Roll>-2.55321956</Roll>
				<Yaw>-270.028137</Yaw>
			</Attachment>
		</Attachment>
		<Attachment>
			<ModelHash>0xe2ba016f</ModelHash>
			<Type>3</Type>
			<Dynamic>false</Dynamic>
			<FrozenPos>true</FrozenPos>
			<HashName>prop_cs_katana_01</HashName>
			<InitialHandle>175381</InitialHandle>
			<ObjectProperties>
				<TextureVariation>0</TextureVariation>
			</ObjectProperties>
			<OpacityLevel>255</OpacityLevel>
			<LodDistance>16960</LodDistance>
			<IsVisible>true</IsVisible>
			<MaxHealth>1000</MaxHealth>
			<Health>1000</Health>
			<HasGravity>true</HasGravity>
			<IsOnFire>false</IsOnFire>
			<IsInvincible>false</IsInvincible>
			<IsBulletProof>false</IsBulletProof>
			<IsCollisionProof>false</IsCollisionProof>
			<IsExplosionProof>false</IsExplosionProof>
			<IsFireProof>false</IsFireProof>
			<IsMeleeProof>false</IsMeleeProof>
			<IsOnlyDamagedByPlayer>false</IsOnlyDamagedByPlayer>
			<PositionRotation>
				<X>1567.05066</X>
				<Y>3794.12524</Y>
				<Z>34.6964378</Z>
				<Pitch>2.57517457</Pitch>
				<Roll>-3.60398531</Roll>
				<Yaw>-80.1304703</Yaw>
			</PositionRotation>
			<Attachment isAttached="true">
				<AttachedTo>372229</AttachedTo>
				<BoneIndex>0</BoneIndex>
				<X>-0.414083362</X>
				<Y>0.0551506951</Y>
				<Z>1.04402173</Z>
				<Pitch>0.919778943</Pitch>
				<Roll>-2.55321956</Roll>
				<Yaw>-265.177612</Yaw>
			</Attachment>
		</Attachment>
		<Attachment>
			<ModelHash>0xe2ba016f</ModelHash>
			<Type>3</Type>
			<Dynamic>false</Dynamic>
			<FrozenPos>true</FrozenPos>
			<HashName>prop_cs_katana_01</HashName>
			<InitialHandle>27157</InitialHandle>
			<ObjectProperties>
				<TextureVariation>0</TextureVariation>
			</ObjectProperties>
			<OpacityLevel>255</OpacityLevel>
			<LodDistance>16960</LodDistance>
			<IsVisible>true</IsVisible>
			<MaxHealth>1000</MaxHealth>
			<Health>1000</Health>
			<HasGravity>true</HasGravity>
			<IsOnFire>false</IsOnFire>
			<IsInvincible>false</IsInvincible>
			<IsBulletProof>false</IsBulletProof>
			<IsCollisionProof>false</IsCollisionProof>
			<IsExplosionProof>false</IsExplosionProof>
			<IsFireProof>false</IsFireProof>
			<IsMeleeProof>false</IsMeleeProof>
			<IsOnlyDamagedByPlayer>false</IsOnlyDamagedByPlayer>
			<PositionRotation>
				<X>1566.16101</X>
				<Y>3794.08911</Y>
				<Z>34.6653748</Z>
				<Pitch>2.65806198</Pitch>
				<Roll>-3.46018076</Roll>
				<Yaw>-84.9837875</Yaw>
			</PositionRotation>
			<Attachment isAttached="true">
				<AttachedTo>372229</AttachedTo>
				<BoneIndex>0</BoneIndex>
				<X>0.475805193</X>
				<Y>0.01294313</Y>
				<Z>1.04061508</Z>
				<Pitch>0.919778943</Pitch>
				<Roll>-2.55321956</Roll>
				<Yaw>-270.027222</Yaw>
			</Attachment>
		</Attachment>
		<Attachment>
			<ModelHash>0xc89630b8</ModelHash>
			<Type>3</Type>
			<Dynamic>false</Dynamic>
			<FrozenPos>true</FrozenPos>
			<HashName>prop_minigun_01</HashName>
			<InitialHandle>359449</InitialHandle>
			<ObjectProperties>
				<TextureVariation>0</TextureVariation>
			</ObjectProperties>
			<OpacityLevel>255</OpacityLevel>
			<LodDistance>16960</LodDistance>
			<IsVisible>true</IsVisible>
			<MaxHealth>1000</MaxHealth>
			<Health>1000</Health>
			<HasGravity>true</HasGravity>
			<IsOnFire>false</IsOnFire>
			<IsInvincible>false</IsInvincible>
			<IsBulletProof>false</IsBulletProof>
			<IsCollisionProof>false</IsCollisionProof>
			<IsExplosionProof>false</IsExplosionProof>
			<IsFireProof>false</IsFireProof>
			<IsMeleeProof>false</IsMeleeProof>
			<IsOnlyDamagedByPlayer>false</IsOnlyDamagedByPlayer>
			<PositionRotation>
				<X>1566.82764</X>
				<Y>3794.18848</Y>
				<Z>34.9378967</Z>
				<Pitch>0.548284054</Pitch>
				<Roll>175.042267</Roll>
				<Yaw>95.5997238</Yaw>
			</PositionRotation>
			<Attachment isAttached="true">
				<AttachedTo>372229</AttachedTo>
				<BoneIndex>0</BoneIndex>
				<X>-0.204961598</X>
				<Y>-0.0235074032</Y>
				<Z>1.29321313</Z>
				<Pitch>2.27683401</Pitch>
				<Roll>174.117035</Roll>
				<Yaw>-89.3925705</Yaw>
			</Attachment>
		</Attachment>
		<Attachment>
			<ModelHash>0x66477eb0</ModelHash>
			<Type>3</Type>
			<Dynamic>false</Dynamic>
			<FrozenPos>true</FrozenPos>
			<HashName>prop_beach_lilo_01</HashName>
			<InitialHandle>738334</InitialHandle>
			<ObjectProperties>
				<TextureVariation>0</TextureVariation>
			</ObjectProperties>
			<OpacityLevel>255</OpacityLevel>
			<LodDistance>16960</LodDistance>
			<IsVisible>true</IsVisible>
			<MaxHealth>1000</MaxHealth>
			<Health>1000</Health>
			<HasGravity>true</HasGravity>
			<IsOnFire>false</IsOnFire>
			<IsInvincible>false</IsInvincible>
			<IsBulletProof>false</IsBulletProof>
			<IsCollisionProof>false</IsCollisionProof>
			<IsExplosionProof>false</IsExplosionProof>
			<IsFireProof>false</IsFireProof>
			<IsMeleeProof>false</IsMeleeProof>
			<IsOnlyDamagedByPlayer>false</IsOnlyDamagedByPlayer>
			<PositionRotation>
				<X>1566.56726</X>
				<Y>3795.55225</Y>
				<Z>34.9039497</Z>
				<Pitch>2.67597961</Pitch>
				<Roll>-3.42494583</Roll>
				<Yaw>-86.1392517</Yaw>
			</PositionRotation>
			<Attachment isAttached="true">
				<AttachedTo>372229</AttachedTo>
				<BoneIndex>0</BoneIndex>
				<X>-0.0640739202</X>
				<Y>-1.40510154</Y>
				<Z>1.28540015</Z>
				<Pitch>0.919778943</Pitch>
				<Roll>-2.55321956</Roll>
				<Yaw>-271.181702</Yaw>
			</Attachment>
		</Attachment>
		<Attachment>
			<ModelHash>0x9c1d6a5b</ModelHash>
			<Type>3</Type>
			<Dynamic>false</Dynamic>
			<FrozenPos>true</FrozenPos>
			<HashName>prop_beach_lilo_02</HashName>
			<InitialHandle>44062</InitialHandle>
			<ObjectProperties>
				<TextureVariation>0</TextureVariation>
			</ObjectProperties>
			<OpacityLevel>255</OpacityLevel>
			<LodDistance>16960</LodDistance>
			<IsVisible>true</IsVisible>
			<MaxHealth>1000</MaxHealth>
			<Health>1000</Health>
			<HasGravity>true</HasGravity>
			<IsOnFire>false</IsOnFire>
			<IsInvincible>false</IsInvincible>
			<IsBulletProof>false</IsBulletProof>
			<IsCollisionProof>false</IsCollisionProof>
			<IsExplosionProof>false</IsExplosionProof>
			<IsFireProof>false</IsFireProof>
			<IsMeleeProof>false</IsMeleeProof>
			<IsOnlyDamagedByPlayer>false</IsOnlyDamagedByPlayer>
			<PositionRotation>
				<X>1566.56897</X>
				<Y>3795.48315</Y>
				<Z>35.0121536</Z>
				<Pitch>2.78628802</Pitch>
				<Roll>-3.15312982</Roll>
				<Yaw>-94.721817</Yaw>
			</PositionRotation>
			<Attachment isAttached="true">
				<AttachedTo>372229</AttachedTo>
				<BoneIndex>0</BoneIndex>
				<X>-0.063016519</X>
				<Y>-1.33456874</Y>
				<Z>1.3925842</Z>
				<Pitch>0.919778943</Pitch>
				<Roll>-2.55321956</Roll>
				<Yaw>-279.756317</Yaw>
			</Attachment>
		</Attachment>
		<Attachment>
			<ModelHash>0x90aa8a87</ModelHash>
			<Type>3</Type>
			<Dynamic>false</Dynamic>
			<FrozenPos>true</FrozenPos>
			<HashName>hei_heist_stn_benchshort</HashName>
			<InitialHandle>759327</InitialHandle>
			<ObjectProperties>
				<TextureVariation>0</TextureVariation>
			</ObjectProperties>
			<OpacityLevel>255</OpacityLevel>
			<LodDistance>16960</LodDistance>
			<IsVisible>true</IsVisible>
			<MaxHealth>1000</MaxHealth>
			<Health>1000</Health>
			<HasGravity>true</HasGravity>
			<IsOnFire>false</IsOnFire>
			<IsInvincible>false</IsInvincible>
			<IsBulletProof>false</IsBulletProof>
			<IsCollisionProof>false</IsCollisionProof>
			<IsExplosionProof>false</IsExplosionProof>
			<IsFireProof>false</IsFireProof>
			<IsMeleeProof>false</IsMeleeProof>
			<IsOnlyDamagedByPlayer>false</IsOnlyDamagedByPlayer>
			<PositionRotation>
				<X>1566.18115</X>
				<Y>3794.41943</Y>
				<Z>34.2834816</Z>
				<Pitch>62.6454277</Pitch>
				<Roll>-4.5218482</Roll>
				<Yaw>-83.3280411</Yaw>
			</PositionRotation>
			<Attachment isAttached="true">
				<AttachedTo>372229</AttachedTo>
				<BoneIndex>0</BoneIndex>
				<X>0.43837738</X>
				<Y>-0.320310771</Y>
				<Z>0.662639439</Z>
				<Pitch>60.9198189</Pitch>
				<Roll>-2.55321097</Roll>
				<Yaw>89.921936</Yaw>
			</Attachment>
		</Attachment>
		<Attachment>
			<ModelHash>0x90aa8a87</ModelHash>
			<Type>3</Type>
			<Dynamic>false</Dynamic>
			<FrozenPos>true</FrozenPos>
			<HashName>hei_heist_stn_benchshort</HashName>
			<InitialHandle>335136</InitialHandle>
			<ObjectProperties>
				<TextureVariation>0</TextureVariation>
			</ObjectProperties>
			<OpacityLevel>255</OpacityLevel>
			<LodDistance>16960</LodDistance>
			<IsVisible>true</IsVisible>
			<MaxHealth>1000</MaxHealth>
			<Health>1000</Health>
			<HasGravity>true</HasGravity>
			<IsOnFire>false</IsOnFire>
			<IsInvincible>false</IsInvincible>
			<IsBulletProof>false</IsBulletProof>
			<IsCollisionProof>false</IsCollisionProof>
			<IsExplosionProof>false</IsExplosionProof>
			<IsFireProof>false</IsFireProof>
			<IsMeleeProof>false</IsMeleeProof>
			<IsOnlyDamagedByPlayer>false</IsOnlyDamagedByPlayer>
			<PositionRotation>
				<X>1566.995</X>
				<Y>3794.43408</Y>
				<Z>34.3664665</Z>
				<Pitch>69.2262878</Pitch>
				<Roll>0.347323596</Roll>
				<Yaw>96.3748322</Yaw>
			</PositionRotation>
			<Attachment isAttached="true">
				<AttachedTo>372229</AttachedTo>
				<BoneIndex>0</BoneIndex>
				<X>-0.375723213</X>
				<Y>-0.262504101</Y>
				<Z>0.720050693</Z>
				<Pitch>70.9197922</Pitch>
				<Roll>-2.55321789</Roll>
				<Yaw>-85.9130096</Yaw>
			</Attachment>
		</Attachment>
		<Attachment>
			<ModelHash>0x90aa8a87</ModelHash>
			<Type>3</Type>
			<Dynamic>false</Dynamic>
			<FrozenPos>true</FrozenPos>
			<HashName>hei_heist_stn_benchshort</HashName>
			<InitialHandle>785954</InitialHandle>
			<ObjectProperties>
				<TextureVariation>0</TextureVariation>
			</ObjectProperties>
			<OpacityLevel>255</OpacityLevel>
			<LodDistance>16960</LodDistance>
			<IsVisible>true</IsVisible>
			<MaxHealth>1000</MaxHealth>
			<Health>1000</Health>
			<HasGravity>true</HasGravity>
			<IsOnFire>false</IsOnFire>
			<IsInvincible>false</IsInvincible>
			<IsBulletProof>false</IsBulletProof>
			<IsCollisionProof>false</IsCollisionProof>
			<IsExplosionProof>false</IsExplosionProof>
			<IsFireProof>false</IsFireProof>
			<IsMeleeProof>false</IsMeleeProof>
			<IsOnlyDamagedByPlayer>false</IsOnlyDamagedByPlayer>
			<PositionRotation>
				<X>1566.62842</X>
				<Y>3793.91357</Y>
				<Z>34.3347054</Z>
				<Pitch>30.0174465</Pitch>
				<Roll>-0.572578967</Roll>
				<Yaw>5.37160444</Yaw>
			</PositionRotation>
			<Attachment isAttached="true">
				<AttachedTo>372229</AttachedTo>
				<BoneIndex>0</BoneIndex>
				<X>0.0358281918</X>
				<Y>0.223425582</Y>
				<Z>0.693066657</Z>
				<Pitch>30.9197807</Pitch>
				<Roll>1.44678116</Roll>
				<Yaw>-180.667542</Yaw>
			</Attachment>
		</Attachment>
		<Attachment>
			<ModelHash>0x90aa8a87</ModelHash>
			<Type>3</Type>
			<Dynamic>false</Dynamic>
			<FrozenPos>true</FrozenPos>
			<HashName>hei_heist_stn_benchshort</HashName>
			<InitialHandle>619299</InitialHandle>
			<ObjectProperties>
				<TextureVariation>0</TextureVariation>
			</ObjectProperties>
			<OpacityLevel>255</OpacityLevel>
			<LodDistance>16960</LodDistance>
			<IsVisible>true</IsVisible>
			<MaxHealth>1000</MaxHealth>
			<Health>1000</Health>
			<HasGravity>true</HasGravity>
			<IsOnFire>false</IsOnFire>
			<IsInvincible>false</IsInvincible>
			<IsBulletProof>false</IsBulletProof>
			<IsCollisionProof>false</IsCollisionProof>
			<IsExplosionProof>false</IsExplosionProof>
			<IsFireProof>false</IsFireProof>
			<IsMeleeProof>false</IsMeleeProof>
			<IsOnlyDamagedByPlayer>false</IsOnlyDamagedByPlayer>
			<PositionRotation>
				<X>1566.66125</X>
				<Y>3793.36987</Y>
				<Z>34.0357056</Z>
				<Pitch>20.0073967</Pitch>
				<Roll>-2.40532708</Roll>
				<Yaw>5.5152092</Yaw>
			</PositionRotation>
			<Attachment isAttached="true">
				<AttachedTo>372229</AttachedTo>
				<BoneIndex>0</BoneIndex>
				<X>0.0597868003</X>
				<Y>0.763195157</Y>
				<Z>0.386070877</Z>
				<Pitch>20.9197769</Pitch>
				<Roll>-0.553216994</Roll>
				<Yaw>179.852524</Yaw>
			</Attachment>
		</Attachment>
	</SpoonerAttachments>
</Vehicle>
