<?xml version="1.0" encoding="ISO-8859-1"?>
<Vehicle menyoo_ver="0.999876795b">
	<ModelHash>0x586765fb</ModelHash>
	<InitialHandle>145011</InitialHandle>
	<VehicleProperties>
		<Colours>
			<Primary>154</Primary>
			<Secondary>154</Secondary>
			<Pearl>0</Pearl>
			<Rim>0</Rim>
			<Mod1_a>6</Mod1_a>
			<Mod1_b>-1</Mod1_b>
			<Mod1_c>-1</Mod1_c>
			<Mod2_a>6</Mod2_a>
			<Mod2_b>-1</Mod2_b>
			<IsPrimaryColourCustom>false</IsPrimaryColourCustom>
			<IsSecondaryColourCustom>false</IsSecondaryColourCustom>
			<tyreSmoke_R>255</tyreSmoke_R>
			<tyreSmoke_G>255</tyreSmoke_G>
			<tyreSmoke_B>255</tyreSmoke_B>
			<LrInterior>19</LrInterior>
			<LrDashboard>156</LrDashboard>
		</Colours>
		<Livery>-1</Livery>
		<NumberPlateText>09MCN324</NumberPlateText>
		<NumberPlateIndex>0</NumberPlateIndex>
		<WheelType>4</WheelType>
		<WheelsInvisible>false</WheelsInvisible>
		<EngineSoundName></EngineSoundName>
		<WindowTint>1</WindowTint>
		<BulletProofTyres>true</BulletProofTyres>
		<DirtLevel>0.510410905</DirtLevel>
		<PaintFade>0.298039228</PaintFade>
		<RoofState>0</RoofState>
		<SirenActive>false</SirenActive>
		<EngineOn>true</EngineOn>
		<EngineHealth>1000</EngineHealth>
		<LightsOn>false</LightsOn>
		<IsRadioLoud>0</IsRadioLoud>
		<LockStatus>1</LockStatus>
		<Neons>
			<Left>false</Left>
			<Right>false</Right>
			<Front>false</Front>
			<Back>false</Back>
			<R>255</R>
			<G>0</G>
			<B>255</B>
		</Neons>
		<ModExtras />
		<Mods>
			<_0>4,0</_0>
			<_1>1,0</_1>
			<_2>-1,0</_2>
			<_3>-1,0</_3>
			<_4>1,0</_4>
			<_5>-1,0</_5>
			<_6>2,0</_6>
			<_7>2,0</_7>
			<_8>-1,0</_8>
			<_9>-1,0</_9>
			<_10>0,0</_10>
			<_11>3,0</_11>
			<_12>2,0</_12>
			<_13>2,0</_13>
			<_14>-1,0</_14>
			<_15>-1,0</_15>
			<_16>4,0</_16>
			<_17>false</_17>
			<_18>true</_18>
			<_19>false</_19>
			<_20>true</_20>
			<_21>false</_21>
			<_22>true</_22>
			<_23>18,0</_23>
			<_24>-1,0</_24>
			<_25>-1,0</_25>
			<_26>-1,0</_26>
			<_27>-1,0</_27>
			<_28>-1,0</_28>
			<_29>-1,0</_29>
			<_30>-1,0</_30>
			<_31>-1,0</_31>
			<_32>-1,0</_32>
			<_33>-1,0</_33>
			<_34>-1,0</_34>
			<_35>-1,0</_35>
			<_36>-1,0</_36>
			<_37>-1,0</_37>
			<_38>-1,0</_38>
			<_39>-1,0</_39>
			<_40>-1,0</_40>
			<_41>-1,0</_41>
			<_42>-1,0</_42>
			<_43>-1,0</_43>
			<_44>-1,0</_44>
			<_45>-1,0</_45>
			<_46>-1,0</_46>
			<_47>-1,0</_47>
			<_48>-1,0</_48>
		</Mods>
		<DoorsOpen>
			<BackLeftDoor>false</BackLeftDoor>
			<BackRightDoor>false</BackRightDoor>
			<FrontLeftDoor>false</FrontLeftDoor>
			<FrontRightDoor>false</FrontRightDoor>
			<Hood>false</Hood>
			<Trunk>false</Trunk>
			<Trunk2>false</Trunk2>
		</DoorsOpen>
		<DoorsBroken>
			<BackLeftDoor>false</BackLeftDoor>
			<BackRightDoor>false</BackRightDoor>
			<FrontLeftDoor>false</FrontLeftDoor>
			<FrontRightDoor>false</FrontRightDoor>
			<Hood>false</Hood>
			<Trunk>false</Trunk>
			<Trunk2>false</Trunk2>
		</DoorsBroken>
		<TyresBursted>
			<FrontLeft>false</FrontLeft>
			<FrontRight>false</FrontRight>
			<_2>false</_2>
			<_3>false</_3>
			<BackLeft>false</BackLeft>
			<BackRight>false</BackRight>
			<_6>false</_6>
			<_7>false</_7>
			<_8>false</_8>
		</TyresBursted>
		<RpmMultiplier>1</RpmMultiplier>
		<TorqueMultiplier>1</TorqueMultiplier>
		<HeadlightIntensity>1</HeadlightIntensity>
	</VehicleProperties>
	<OpacityLevel>255</OpacityLevel>
	<LodDistance>16960</LodDistance>
	<IsVisible>true</IsVisible>
	<IsDriverVisible>true</IsDriverVisible>
	<MaxHealth>1000</MaxHealth>
	<Health>1000</Health>
	<HasGravity>true</HasGravity>
	<IsOnFire>false</IsOnFire>
	<IsInvincible>false</IsInvincible>
	<IsBulletProof>false</IsBulletProof>
	<IsExplosionProof>false</IsExplosionProof>
	<IsFireProof>false</IsFireProof>
	<IsMeleeProof>false</IsMeleeProof>
	<IsOnlyDamagedByPlayer>false</IsOnlyDamagedByPlayer>
	<SpoonerAttachments SetAttachmentsPersistentAndAddToSpoonerDatabase="false" StartTaskSequencesOnLoad="true">
		<Attachment>
			<ModelHash>0x710841e5</ModelHash>
			<Type>3</Type>
			<Dynamic>false</Dynamic>
			<FrozenPos>true</FrozenPos>
			<HashName>prop_scaffold_pole</HashName>
			<InitialHandle>88893</InitialHandle>
			<ObjectProperties>
				<TextureVariation>0</TextureVariation>
			</ObjectProperties>
			<OpacityLevel>255</OpacityLevel>
			<LodDistance>16960</LodDistance>
			<IsVisible>true</IsVisible>
			<MaxHealth>1000</MaxHealth>
			<Health>1000</Health>
			<HasGravity>true</HasGravity>
			<IsOnFire>false</IsOnFire>
			<IsInvincible>false</IsInvincible>
			<IsBulletProof>false</IsBulletProof>
			<IsCollisionProof>false</IsCollisionProof>
			<IsExplosionProof>false</IsExplosionProof>
			<IsFireProof>false</IsFireProof>
			<IsMeleeProof>false</IsMeleeProof>
			<IsOnlyDamagedByPlayer>false</IsOnlyDamagedByPlayer>
			<PositionRotation>
				<X>1713.18774</X>
				<Y>3266.80273</Y>
				<Z>41.1553192</Z>
				<Pitch>-78.7912827</Pitch>
				<Roll>-0.667835116</Roll>
				<Yaw>105.238663</Yaw>
			</PositionRotation>
			<Attachment isAttached="true">
				<AttachedTo>145011</AttachedTo>
				<BoneIndex>0</BoneIndex>
				<X>-0.417538822</X>
				<Y>-1.72570014</Y>
				<Z>0.535358727</Z>
				<Pitch>-78.5826721</Pitch>
				<Roll>0.0465085506</Roll>
				<Yaw>0.0869750977</Yaw>
			</Attachment>
		</Attachment>
		<Attachment>
			<ModelHash>0x710841e5</ModelHash>
			<Type>3</Type>
			<Dynamic>false</Dynamic>
			<FrozenPos>true</FrozenPos>
			<HashName>prop_scaffold_pole</HashName>
			<InitialHandle>76072</InitialHandle>
			<ObjectProperties>
				<TextureVariation>0</TextureVariation>
			</ObjectProperties>
			<OpacityLevel>255</OpacityLevel>
			<LodDistance>16960</LodDistance>
			<IsVisible>true</IsVisible>
			<MaxHealth>1000</MaxHealth>
			<Health>1000</Health>
			<HasGravity>true</HasGravity>
			<IsOnFire>false</IsOnFire>
			<IsInvincible>false</IsInvincible>
			<IsBulletProof>false</IsBulletProof>
			<IsCollisionProof>false</IsCollisionProof>
			<IsExplosionProof>false</IsExplosionProof>
			<IsFireProof>false</IsFireProof>
			<IsMeleeProof>false</IsMeleeProof>
			<IsOnlyDamagedByPlayer>false</IsOnlyDamagedByPlayer>
			<PositionRotation>
				<X>1713.16858</X>
				<Y>3266.87012</Y>
				<Z>41.1554871</Z>
				<Pitch>-78.7912827</Pitch>
				<Roll>-0.667835116</Roll>
				<Yaw>105.238663</Yaw>
			</PositionRotation>
			<Attachment isAttached="true">
				<AttachedTo>145011</AttachedTo>
				<BoneIndex>0</BoneIndex>
				<X>-0.347538888</X>
				<Y>-1.72570014</Y>
				<Z>0.535358727</Z>
				<Pitch>-78.5826721</Pitch>
				<Roll>0.0465085506</Roll>
				<Yaw>0.0869750977</Yaw>
			</Attachment>
		</Attachment>
		<Attachment>
			<ModelHash>0x710841e5</ModelHash>
			<Type>3</Type>
			<Dynamic>false</Dynamic>
			<FrozenPos>true</FrozenPos>
			<HashName>prop_scaffold_pole</HashName>
			<InitialHandle>96526</InitialHandle>
			<ObjectProperties>
				<TextureVariation>0</TextureVariation>
			</ObjectProperties>
			<OpacityLevel>255</OpacityLevel>
			<LodDistance>16960</LodDistance>
			<IsVisible>true</IsVisible>
			<MaxHealth>1000</MaxHealth>
			<Health>1000</Health>
			<HasGravity>true</HasGravity>
			<IsOnFire>false</IsOnFire>
			<IsInvincible>false</IsInvincible>
			<IsBulletProof>false</IsBulletProof>
			<IsCollisionProof>false</IsCollisionProof>
			<IsExplosionProof>false</IsExplosionProof>
			<IsFireProof>false</IsFireProof>
			<IsMeleeProof>false</IsMeleeProof>
			<IsOnlyDamagedByPlayer>false</IsOnlyDamagedByPlayer>
			<PositionRotation>
				<X>1713.14673</X>
				<Y>3266.94702</Y>
				<Z>41.1556816</Z>
				<Pitch>-78.7912827</Pitch>
				<Roll>-0.667835116</Roll>
				<Yaw>105.238663</Yaw>
			</PositionRotation>
			<Attachment isAttached="true">
				<AttachedTo>145011</AttachedTo>
				<BoneIndex>0</BoneIndex>
				<X>-0.267538965</X>
				<Y>-1.72570014</Y>
				<Z>0.535358727</Z>
				<Pitch>-78.5826721</Pitch>
				<Roll>0.0465085506</Roll>
				<Yaw>0.0869750977</Yaw>
			</Attachment>
		</Attachment>
		<Attachment>
			<ModelHash>0x710841e5</ModelHash>
			<Type>3</Type>
			<Dynamic>false</Dynamic>
			<FrozenPos>true</FrozenPos>
			<HashName>prop_scaffold_pole</HashName>
			<InitialHandle>32552</InitialHandle>
			<ObjectProperties>
				<TextureVariation>0</TextureVariation>
			</ObjectProperties>
			<OpacityLevel>255</OpacityLevel>
			<LodDistance>16960</LodDistance>
			<IsVisible>true</IsVisible>
			<MaxHealth>1000</MaxHealth>
			<Health>1000</Health>
			<HasGravity>true</HasGravity>
			<IsOnFire>false</IsOnFire>
			<IsInvincible>false</IsInvincible>
			<IsBulletProof>false</IsBulletProof>
			<IsCollisionProof>false</IsCollisionProof>
			<IsExplosionProof>false</IsExplosionProof>
			<IsFireProof>false</IsFireProof>
			<IsMeleeProof>false</IsMeleeProof>
			<IsOnlyDamagedByPlayer>false</IsOnlyDamagedByPlayer>
			<PositionRotation>
				<X>1713.12769</X>
				<Y>3267.0144</Y>
				<Z>41.1558533</Z>
				<Pitch>-78.7912827</Pitch>
				<Roll>-0.667835116</Roll>
				<Yaw>105.238663</Yaw>
			</PositionRotation>
			<Attachment isAttached="true">
				<AttachedTo>145011</AttachedTo>
				<BoneIndex>0</BoneIndex>
				<X>-0.197538942</X>
				<Y>-1.72570014</Y>
				<Z>0.535358727</Z>
				<Pitch>-78.5826721</Pitch>
				<Roll>0.0465085506</Roll>
				<Yaw>0.0869750977</Yaw>
			</Attachment>
		</Attachment>
		<Attachment>
			<ModelHash>0x710841e5</ModelHash>
			<Type>3</Type>
			<Dynamic>false</Dynamic>
			<FrozenPos>true</FrozenPos>
			<HashName>prop_scaffold_pole</HashName>
			<InitialHandle>12054</InitialHandle>
			<ObjectProperties>
				<TextureVariation>0</TextureVariation>
			</ObjectProperties>
			<OpacityLevel>255</OpacityLevel>
			<LodDistance>16960</LodDistance>
			<IsVisible>true</IsVisible>
			<MaxHealth>1000</MaxHealth>
			<Health>1000</Health>
			<HasGravity>true</HasGravity>
			<IsOnFire>false</IsOnFire>
			<IsInvincible>false</IsInvincible>
			<IsBulletProof>false</IsBulletProof>
			<IsCollisionProof>false</IsCollisionProof>
			<IsExplosionProof>false</IsExplosionProof>
			<IsFireProof>false</IsFireProof>
			<IsMeleeProof>false</IsMeleeProof>
			<IsOnlyDamagedByPlayer>false</IsOnlyDamagedByPlayer>
			<PositionRotation>
				<X>1713.10583</X>
				<Y>3267.09131</Y>
				<Z>41.1560478</Z>
				<Pitch>-78.7912827</Pitch>
				<Roll>-0.667835116</Roll>
				<Yaw>105.238663</Yaw>
			</PositionRotation>
			<Attachment isAttached="true">
				<AttachedTo>145011</AttachedTo>
				<BoneIndex>0</BoneIndex>
				<X>-0.117538907</X>
				<Y>-1.72570014</Y>
				<Z>0.535358727</Z>
				<Pitch>-78.5826721</Pitch>
				<Roll>0.0465085506</Roll>
				<Yaw>0.0869750977</Yaw>
			</Attachment>
		</Attachment>
		<Attachment>
			<ModelHash>0x710841e5</ModelHash>
			<Type>3</Type>
			<Dynamic>false</Dynamic>
			<FrozenPos>true</FrozenPos>
			<HashName>prop_scaffold_pole</HashName>
			<InitialHandle>26648</InitialHandle>
			<ObjectProperties>
				<TextureVariation>0</TextureVariation>
			</ObjectProperties>
			<OpacityLevel>255</OpacityLevel>
			<LodDistance>16960</LodDistance>
			<IsVisible>true</IsVisible>
			<MaxHealth>1000</MaxHealth>
			<Health>1000</Health>
			<HasGravity>true</HasGravity>
			<IsOnFire>false</IsOnFire>
			<IsInvincible>false</IsInvincible>
			<IsBulletProof>false</IsBulletProof>
			<IsCollisionProof>false</IsCollisionProof>
			<IsExplosionProof>false</IsExplosionProof>
			<IsFireProof>false</IsFireProof>
			<IsMeleeProof>false</IsMeleeProof>
			<IsOnlyDamagedByPlayer>false</IsOnlyDamagedByPlayer>
			<PositionRotation>
				<X>1713.08667</X>
				<Y>3267.15869</Y>
				<Z>41.1562157</Z>
				<Pitch>-78.7912827</Pitch>
				<Roll>-0.667835116</Roll>
				<Yaw>105.238663</Yaw>
			</PositionRotation>
			<Attachment isAttached="true">
				<AttachedTo>145011</AttachedTo>
				<BoneIndex>0</BoneIndex>
				<X>-0.0475389212</X>
				<Y>-1.72570014</Y>
				<Z>0.535358727</Z>
				<Pitch>-78.5826721</Pitch>
				<Roll>0.0465085506</Roll>
				<Yaw>0.0869750977</Yaw>
			</Attachment>
		</Attachment>
		<Attachment>
			<ModelHash>0x710841e5</ModelHash>
			<Type>3</Type>
			<Dynamic>false</Dynamic>
			<FrozenPos>true</FrozenPos>
			<HashName>prop_scaffold_pole</HashName>
			<InitialHandle>2353</InitialHandle>
			<ObjectProperties>
				<TextureVariation>0</TextureVariation>
			</ObjectProperties>
			<OpacityLevel>255</OpacityLevel>
			<LodDistance>16960</LodDistance>
			<IsVisible>true</IsVisible>
			<MaxHealth>1000</MaxHealth>
			<Health>1000</Health>
			<HasGravity>true</HasGravity>
			<IsOnFire>false</IsOnFire>
			<IsInvincible>false</IsInvincible>
			<IsBulletProof>false</IsBulletProof>
			<IsCollisionProof>false</IsCollisionProof>
			<IsExplosionProof>false</IsExplosionProof>
			<IsFireProof>false</IsFireProof>
			<IsMeleeProof>false</IsMeleeProof>
			<IsOnlyDamagedByPlayer>false</IsOnlyDamagedByPlayer>
			<PositionRotation>
				<X>1713.0675</X>
				<Y>3267.22607</Y>
				<Z>41.1563873</Z>
				<Pitch>-78.7912827</Pitch>
				<Roll>-0.667835116</Roll>
				<Yaw>105.238663</Yaw>
			</PositionRotation>
			<Attachment isAttached="true">
				<AttachedTo>145011</AttachedTo>
				<BoneIndex>0</BoneIndex>
				<X>0.0224610679</X>
				<Y>-1.72570014</Y>
				<Z>0.535358727</Z>
				<Pitch>-78.5826721</Pitch>
				<Roll>0.0465085506</Roll>
				<Yaw>0.0869750977</Yaw>
			</Attachment>
		</Attachment>
		<Attachment>
			<ModelHash>0x710841e5</ModelHash>
			<Type>3</Type>
			<Dynamic>false</Dynamic>
			<FrozenPos>true</FrozenPos>
			<HashName>prop_scaffold_pole</HashName>
			<InitialHandle>3858</InitialHandle>
			<ObjectProperties>
				<TextureVariation>0</TextureVariation>
			</ObjectProperties>
			<OpacityLevel>255</OpacityLevel>
			<LodDistance>16960</LodDistance>
			<IsVisible>true</IsVisible>
			<MaxHealth>1000</MaxHealth>
			<Health>1000</Health>
			<HasGravity>true</HasGravity>
			<IsOnFire>false</IsOnFire>
			<IsInvincible>false</IsInvincible>
			<IsBulletProof>false</IsBulletProof>
			<IsCollisionProof>false</IsCollisionProof>
			<IsExplosionProof>false</IsExplosionProof>
			<IsFireProof>false</IsFireProof>
			<IsMeleeProof>false</IsMeleeProof>
			<IsOnlyDamagedByPlayer>false</IsOnlyDamagedByPlayer>
			<PositionRotation>
				<X>1713.04565</X>
				<Y>3267.30298</Y>
				<Z>41.1565819</Z>
				<Pitch>-78.7912827</Pitch>
				<Roll>-0.667835116</Roll>
				<Yaw>105.238663</Yaw>
			</PositionRotation>
			<Attachment isAttached="true">
				<AttachedTo>145011</AttachedTo>
				<BoneIndex>0</BoneIndex>
				<X>0.102461055</X>
				<Y>-1.72570014</Y>
				<Z>0.535358727</Z>
				<Pitch>-78.5826721</Pitch>
				<Roll>0.0465085506</Roll>
				<Yaw>0.0869750977</Yaw>
			</Attachment>
		</Attachment>
		<Attachment>
			<ModelHash>0x710841e5</ModelHash>
			<Type>3</Type>
			<Dynamic>false</Dynamic>
			<FrozenPos>true</FrozenPos>
			<HashName>prop_scaffold_pole</HashName>
			<InitialHandle>39218</InitialHandle>
			<ObjectProperties>
				<TextureVariation>0</TextureVariation>
			</ObjectProperties>
			<OpacityLevel>255</OpacityLevel>
			<LodDistance>16960</LodDistance>
			<IsVisible>true</IsVisible>
			<MaxHealth>1000</MaxHealth>
			<Health>1000</Health>
			<HasGravity>true</HasGravity>
			<IsOnFire>false</IsOnFire>
			<IsInvincible>false</IsInvincible>
			<IsBulletProof>false</IsBulletProof>
			<IsCollisionProof>false</IsCollisionProof>
			<IsExplosionProof>false</IsExplosionProof>
			<IsFireProof>false</IsFireProof>
			<IsMeleeProof>false</IsMeleeProof>
			<IsOnlyDamagedByPlayer>false</IsOnlyDamagedByPlayer>
			<PositionRotation>
				<X>1713.0238</X>
				<Y>3267.37988</Y>
				<Z>41.1567764</Z>
				<Pitch>-78.7912827</Pitch>
				<Roll>-0.667835116</Roll>
				<Yaw>105.238663</Yaw>
			</PositionRotation>
			<Attachment isAttached="true">
				<AttachedTo>145011</AttachedTo>
				<BoneIndex>0</BoneIndex>
				<X>0.182461083</X>
				<Y>-1.72570014</Y>
				<Z>0.535358727</Z>
				<Pitch>-78.5826721</Pitch>
				<Roll>0.0465085506</Roll>
				<Yaw>0.0869750977</Yaw>
			</Attachment>
		</Attachment>
		<Attachment>
			<ModelHash>0x710841e5</ModelHash>
			<Type>3</Type>
			<Dynamic>false</Dynamic>
			<FrozenPos>true</FrozenPos>
			<HashName>prop_scaffold_pole</HashName>
			<InitialHandle>41509</InitialHandle>
			<ObjectProperties>
				<TextureVariation>0</TextureVariation>
			</ObjectProperties>
			<OpacityLevel>255</OpacityLevel>
			<LodDistance>16960</LodDistance>
			<IsVisible>true</IsVisible>
			<MaxHealth>1000</MaxHealth>
			<Health>1000</Health>
			<HasGravity>true</HasGravity>
			<IsOnFire>false</IsOnFire>
			<IsInvincible>false</IsInvincible>
			<IsBulletProof>false</IsBulletProof>
			<IsCollisionProof>false</IsCollisionProof>
			<IsExplosionProof>false</IsExplosionProof>
			<IsFireProof>false</IsFireProof>
			<IsMeleeProof>false</IsMeleeProof>
			<IsOnlyDamagedByPlayer>false</IsOnlyDamagedByPlayer>
			<PositionRotation>
				<X>1713.00195</X>
				<Y>3267.45703</Y>
				<Z>41.156971</Z>
				<Pitch>-78.7912827</Pitch>
				<Roll>-0.667835116</Roll>
				<Yaw>105.238663</Yaw>
			</PositionRotation>
			<Attachment isAttached="true">
				<AttachedTo>145011</AttachedTo>
				<BoneIndex>0</BoneIndex>
				<X>0.262461096</X>
				<Y>-1.72570014</Y>
				<Z>0.535358727</Z>
				<Pitch>-78.5826721</Pitch>
				<Roll>0.0465085506</Roll>
				<Yaw>0.0869750977</Yaw>
			</Attachment>
		</Attachment>
		<Attachment>
			<ModelHash>0x710841e5</ModelHash>
			<Type>3</Type>
			<Dynamic>false</Dynamic>
			<FrozenPos>true</FrozenPos>
			<HashName>prop_scaffold_pole</HashName>
			<InitialHandle>82991</InitialHandle>
			<ObjectProperties>
				<TextureVariation>0</TextureVariation>
			</ObjectProperties>
			<OpacityLevel>255</OpacityLevel>
			<LodDistance>16960</LodDistance>
			<IsVisible>true</IsVisible>
			<MaxHealth>1000</MaxHealth>
			<Health>1000</Health>
			<HasGravity>true</HasGravity>
			<IsOnFire>false</IsOnFire>
			<IsInvincible>false</IsInvincible>
			<IsBulletProof>false</IsBulletProof>
			<IsCollisionProof>false</IsCollisionProof>
			<IsExplosionProof>false</IsExplosionProof>
			<IsFireProof>false</IsFireProof>
			<IsMeleeProof>false</IsMeleeProof>
			<IsOnlyDamagedByPlayer>false</IsOnlyDamagedByPlayer>
			<PositionRotation>
				<X>1712.9801</X>
				<Y>3267.53394</Y>
				<Z>41.1571655</Z>
				<Pitch>-78.7912827</Pitch>
				<Roll>-0.667835116</Roll>
				<Yaw>105.238663</Yaw>
			</PositionRotation>
			<Attachment isAttached="true">
				<AttachedTo>145011</AttachedTo>
				<BoneIndex>0</BoneIndex>
				<X>0.34246102</X>
				<Y>-1.72570014</Y>
				<Z>0.535358727</Z>
				<Pitch>-78.5826721</Pitch>
				<Roll>0.0465085506</Roll>
				<Yaw>0.0869750977</Yaw>
			</Attachment>
		</Attachment>
		<Attachment>
			<ModelHash>0x710841e5</ModelHash>
			<Type>3</Type>
			<Dynamic>false</Dynamic>
			<FrozenPos>true</FrozenPos>
			<HashName>prop_scaffold_pole</HashName>
			<InitialHandle>80708</InitialHandle>
			<ObjectProperties>
				<TextureVariation>0</TextureVariation>
			</ObjectProperties>
			<OpacityLevel>255</OpacityLevel>
			<LodDistance>16960</LodDistance>
			<IsVisible>true</IsVisible>
			<MaxHealth>1000</MaxHealth>
			<Health>1000</Health>
			<HasGravity>true</HasGravity>
			<IsOnFire>false</IsOnFire>
			<IsInvincible>false</IsInvincible>
			<IsBulletProof>false</IsBulletProof>
			<IsCollisionProof>false</IsCollisionProof>
			<IsExplosionProof>false</IsExplosionProof>
			<IsFireProof>false</IsFireProof>
			<IsMeleeProof>false</IsMeleeProof>
			<IsOnlyDamagedByPlayer>false</IsOnlyDamagedByPlayer>
			<PositionRotation>
				<X>1712.96106</X>
				<Y>3267.60132</Y>
				<Z>41.1573334</Z>
				<Pitch>-78.7912827</Pitch>
				<Roll>-0.667835116</Roll>
				<Yaw>105.238663</Yaw>
			</PositionRotation>
			<Attachment isAttached="true">
				<AttachedTo>145011</AttachedTo>
				<BoneIndex>0</BoneIndex>
				<X>0.412460953</X>
				<Y>-1.72570014</Y>
				<Z>0.535358727</Z>
				<Pitch>-78.5826721</Pitch>
				<Roll>0.0465085506</Roll>
				<Yaw>0.0869750977</Yaw>
			</Attachment>
		</Attachment>
		<Attachment>
			<ModelHash>0x710841e5</ModelHash>
			<Type>3</Type>
			<Dynamic>false</Dynamic>
			<FrozenPos>true</FrozenPos>
			<HashName>prop_scaffold_pole</HashName>
			<InitialHandle>43554</InitialHandle>
			<ObjectProperties>
				<TextureVariation>0</TextureVariation>
			</ObjectProperties>
			<OpacityLevel>255</OpacityLevel>
			<LodDistance>16960</LodDistance>
			<IsVisible>true</IsVisible>
			<MaxHealth>1000</MaxHealth>
			<Health>1000</Health>
			<HasGravity>true</HasGravity>
			<IsOnFire>false</IsOnFire>
			<IsInvincible>false</IsInvincible>
			<IsBulletProof>false</IsBulletProof>
			<IsCollisionProof>false</IsCollisionProof>
			<IsExplosionProof>false</IsExplosionProof>
			<IsFireProof>false</IsFireProof>
			<IsMeleeProof>false</IsMeleeProof>
			<IsOnlyDamagedByPlayer>false</IsOnlyDamagedByPlayer>
			<PositionRotation>
				<X>1713.38464</X>
				<Y>3267.07275</Y>
				<Z>41.1074715</Z>
				<Pitch>-89.4055328</Pitch>
				<Roll>-20.5314369</Roll>
				<Yaw>-4.80410433</Yaw>
			</PositionRotation>
			<Attachment isAttached="true">
				<AttachedTo>145011</AttachedTo>
				<BoneIndex>0</BoneIndex>
				<X>-0.21176523</X>
				<Y>-1.98871994</Y>
				<Z>0.486051798</Z>
				<Pitch>-89.5826721</Pitch>
				<Roll>0.046503067</Roll>
				<Yaw>-90.0790787</Yaw>
			</Attachment>
		</Attachment>
		<Attachment>
			<ModelHash>0x710841e5</ModelHash>
			<Type>3</Type>
			<Dynamic>false</Dynamic>
			<FrozenPos>true</FrozenPos>
			<HashName>prop_scaffold_pole</HashName>
			<InitialHandle>111115</InitialHandle>
			<ObjectProperties>
				<TextureVariation>0</TextureVariation>
			</ObjectProperties>
			<OpacityLevel>255</OpacityLevel>
			<LodDistance>16960</LodDistance>
			<IsVisible>true</IsVisible>
			<MaxHealth>1000</MaxHealth>
			<Health>1000</Health>
			<HasGravity>true</HasGravity>
			<IsOnFire>false</IsOnFire>
			<IsInvincible>false</IsInvincible>
			<IsBulletProof>false</IsBulletProof>
			<IsCollisionProof>false</IsCollisionProof>
			<IsExplosionProof>false</IsExplosionProof>
			<IsFireProof>false</IsFireProof>
			<IsMeleeProof>false</IsMeleeProof>
			<IsOnlyDamagedByPlayer>false</IsOnlyDamagedByPlayer>
			<PositionRotation>
				<X>1712.45105</X>
				<Y>3266.80713</Y>
				<Z>41.3039284</Z>
				<Pitch>-89.4055328</Pitch>
				<Roll>-20.5314369</Roll>
				<Yaw>-4.80410433</Yaw>
			</PositionRotation>
			<Attachment isAttached="true">
				<AttachedTo>145011</AttachedTo>
				<BoneIndex>0</BoneIndex>
				<X>-0.21176523</X>
				<Y>-1.01872087</Y>
				<Z>0.686051607</Z>
				<Pitch>-89.5826721</Pitch>
				<Roll>0.046503067</Roll>
				<Yaw>-90.0790787</Yaw>
			</Attachment>
		</Attachment>
		<Attachment>
			<ModelHash>0x710841e5</ModelHash>
			<Type>3</Type>
			<Dynamic>false</Dynamic>
			<FrozenPos>true</FrozenPos>
			<HashName>prop_scaffold_pole</HashName>
			<InitialHandle>41010</InitialHandle>
			<ObjectProperties>
				<TextureVariation>0</TextureVariation>
			</ObjectProperties>
			<OpacityLevel>255</OpacityLevel>
			<LodDistance>16960</LodDistance>
			<IsVisible>true</IsVisible>
			<MaxHealth>1000</MaxHealth>
			<Health>1000</Health>
			<HasGravity>true</HasGravity>
			<IsOnFire>false</IsOnFire>
			<IsInvincible>false</IsInvincible>
			<IsBulletProof>false</IsBulletProof>
			<IsCollisionProof>false</IsCollisionProof>
			<IsExplosionProof>false</IsExplosionProof>
			<IsFireProof>false</IsFireProof>
			<IsMeleeProof>false</IsMeleeProof>
			<IsOnlyDamagedByPlayer>false</IsOnlyDamagedByPlayer>
			<PositionRotation>
				<X>1711.40259</X>
				<Y>3266.50952</Y>
				<Z>41.2799492</Z>
				<Pitch>-89.4055328</Pitch>
				<Roll>-20.5314369</Roll>
				<Yaw>-4.80410433</Yaw>
			</PositionRotation>
			<Attachment isAttached="true">
				<AttachedTo>145011</AttachedTo>
				<BoneIndex>0</BoneIndex>
				<X>-0.21176523</X>
				<Y>0.0712784454</Y>
				<Z>0.666051626</Z>
				<Pitch>-89.5826721</Pitch>
				<Roll>0.046503067</Roll>
				<Yaw>-90.0790787</Yaw>
			</Attachment>
		</Attachment>
		<Attachment>
			<ModelHash>0x710841e5</ModelHash>
			<Type>3</Type>
			<Dynamic>false</Dynamic>
			<FrozenPos>true</FrozenPos>
			<HashName>prop_scaffold_pole</HashName>
			<InitialHandle>121128</InitialHandle>
			<ObjectProperties>
				<TextureVariation>0</TextureVariation>
			</ObjectProperties>
			<OpacityLevel>255</OpacityLevel>
			<LodDistance>16960</LodDistance>
			<IsVisible>true</IsVisible>
			<MaxHealth>1000</MaxHealth>
			<Health>1000</Health>
			<HasGravity>true</HasGravity>
			<IsOnFire>false</IsOnFire>
			<IsInvincible>false</IsInvincible>
			<IsBulletProof>false</IsBulletProof>
			<IsCollisionProof>false</IsCollisionProof>
			<IsExplosionProof>false</IsExplosionProof>
			<IsFireProof>false</IsFireProof>
			<IsMeleeProof>false</IsMeleeProof>
			<IsOnlyDamagedByPlayer>false</IsOnlyDamagedByPlayer>
			<PositionRotation>
				<X>1711.35449</X>
				<Y>3266.49585</Y>
				<Z>41.2697639</Z>
				<Pitch>-89.4055328</Pitch>
				<Roll>-20.5314369</Roll>
				<Yaw>-4.80410433</Yaw>
			</PositionRotation>
			<Attachment isAttached="true">
				<AttachedTo>145011</AttachedTo>
				<BoneIndex>0</BoneIndex>
				<X>-0.21176523</X>
				<Y>0.121278435</Y>
				<Z>0.656051636</Z>
				<Pitch>-89.5826721</Pitch>
				<Roll>0.046503067</Roll>
				<Yaw>-90.0790787</Yaw>
			</Attachment>
		</Attachment>
		<Attachment>
			<ModelHash>0x710841e5</ModelHash>
			<Type>3</Type>
			<Dynamic>false</Dynamic>
			<FrozenPos>true</FrozenPos>
			<HashName>prop_scaffold_pole</HashName>
			<InitialHandle>132215</InitialHandle>
			<ObjectProperties>
				<TextureVariation>0</TextureVariation>
			</ObjectProperties>
			<OpacityLevel>255</OpacityLevel>
			<LodDistance>16960</LodDistance>
			<IsVisible>true</IsVisible>
			<MaxHealth>1000</MaxHealth>
			<Health>1000</Health>
			<HasGravity>true</HasGravity>
			<IsOnFire>false</IsOnFire>
			<IsInvincible>false</IsInvincible>
			<IsBulletProof>false</IsBulletProof>
			<IsCollisionProof>false</IsCollisionProof>
			<IsExplosionProof>false</IsExplosionProof>
			<IsFireProof>false</IsFireProof>
			<IsMeleeProof>false</IsMeleeProof>
			<IsOnlyDamagedByPlayer>false</IsOnlyDamagedByPlayer>
			<PositionRotation>
				<X>1711.31604</X>
				<Y>3266.48511</Y>
				<Z>41.2396202</Z>
				<Pitch>-89.4055328</Pitch>
				<Roll>-20.5314369</Roll>
				<Yaw>-4.80410433</Yaw>
			</PositionRotation>
			<Attachment isAttached="true">
				<AttachedTo>145011</AttachedTo>
				<BoneIndex>0</BoneIndex>
				<X>-0.21176523</X>
				<Y>0.161278456</Y>
				<Z>0.626051664</Z>
				<Pitch>-89.5826721</Pitch>
				<Roll>0.046503067</Roll>
				<Yaw>-90.0790787</Yaw>
			</Attachment>
		</Attachment>
		<Attachment>
			<ModelHash>0x710841e5</ModelHash>
			<Type>3</Type>
			<Dynamic>false</Dynamic>
			<FrozenPos>true</FrozenPos>
			<HashName>prop_scaffold_pole</HashName>
			<InitialHandle>33349</InitialHandle>
			<ObjectProperties>
				<TextureVariation>0</TextureVariation>
			</ObjectProperties>
			<OpacityLevel>255</OpacityLevel>
			<LodDistance>16960</LodDistance>
			<IsVisible>true</IsVisible>
			<MaxHealth>1000</MaxHealth>
			<Health>1000</Health>
			<HasGravity>true</HasGravity>
			<IsOnFire>false</IsOnFire>
			<IsInvincible>false</IsInvincible>
			<IsBulletProof>false</IsBulletProof>
			<IsCollisionProof>false</IsCollisionProof>
			<IsExplosionProof>false</IsExplosionProof>
			<IsFireProof>false</IsFireProof>
			<IsMeleeProof>false</IsMeleeProof>
			<IsOnlyDamagedByPlayer>false</IsOnlyDamagedByPlayer>
			<PositionRotation>
				<X>1711.27771</X>
				<Y>3266.47412</Y>
				<Z>41.2094727</Z>
				<Pitch>-89.4055328</Pitch>
				<Roll>-20.5314369</Roll>
				<Yaw>-4.80410433</Yaw>
			</PositionRotation>
			<Attachment isAttached="true">
				<AttachedTo>145011</AttachedTo>
				<BoneIndex>0</BoneIndex>
				<X>-0.21176523</X>
				<Y>0.201278478</Y>
				<Z>0.596051693</Z>
				<Pitch>-89.5826721</Pitch>
				<Roll>0.046503067</Roll>
				<Yaw>-90.0790787</Yaw>
			</Attachment>
		</Attachment>
		<Attachment>
			<ModelHash>0x710841e5</ModelHash>
			<Type>3</Type>
			<Dynamic>false</Dynamic>
			<FrozenPos>true</FrozenPos>
			<HashName>prop_scaffold_pole</HashName>
			<InitialHandle>67387</InitialHandle>
			<ObjectProperties>
				<TextureVariation>0</TextureVariation>
			</ObjectProperties>
			<OpacityLevel>255</OpacityLevel>
			<LodDistance>16960</LodDistance>
			<IsVisible>true</IsVisible>
			<MaxHealth>1000</MaxHealth>
			<Health>1000</Health>
			<HasGravity>true</HasGravity>
			<IsOnFire>false</IsOnFire>
			<IsInvincible>false</IsInvincible>
			<IsBulletProof>false</IsBulletProof>
			<IsCollisionProof>false</IsCollisionProof>
			<IsExplosionProof>false</IsExplosionProof>
			<IsFireProof>false</IsFireProof>
			<IsMeleeProof>false</IsMeleeProof>
			<IsOnlyDamagedByPlayer>false</IsOnlyDamagedByPlayer>
			<PositionRotation>
				<X>1711.22961</X>
				<Y>3266.46069</Y>
				<Z>41.1892929</Z>
				<Pitch>-89.4055328</Pitch>
				<Roll>-20.5314369</Roll>
				<Yaw>-4.80410433</Yaw>
			</PositionRotation>
			<Attachment isAttached="true">
				<AttachedTo>145011</AttachedTo>
				<BoneIndex>0</BoneIndex>
				<X>-0.21176523</X>
				<Y>0.25127849</Y>
				<Z>0.576051712</Z>
				<Pitch>-89.5826721</Pitch>
				<Roll>0.046503067</Roll>
				<Yaw>-90.0790787</Yaw>
			</Attachment>
		</Attachment>
		<Attachment>
			<ModelHash>0x710841e5</ModelHash>
			<Type>3</Type>
			<Dynamic>false</Dynamic>
			<FrozenPos>true</FrozenPos>
			<HashName>prop_scaffold_pole</HashName>
			<InitialHandle>149567</InitialHandle>
			<ObjectProperties>
				<TextureVariation>0</TextureVariation>
			</ObjectProperties>
			<OpacityLevel>255</OpacityLevel>
			<LodDistance>16960</LodDistance>
			<IsVisible>true</IsVisible>
			<MaxHealth>1000</MaxHealth>
			<Health>1000</Health>
			<HasGravity>true</HasGravity>
			<IsOnFire>false</IsOnFire>
			<IsInvincible>false</IsInvincible>
			<IsBulletProof>false</IsBulletProof>
			<IsCollisionProof>false</IsCollisionProof>
			<IsExplosionProof>false</IsExplosionProof>
			<IsFireProof>false</IsFireProof>
			<IsMeleeProof>false</IsMeleeProof>
			<IsOnlyDamagedByPlayer>false</IsOnlyDamagedByPlayer>
			<PositionRotation>
				<X>1711.172</X>
				<Y>3266.44434</Y>
				<Z>41.1590729</Z>
				<Pitch>-89.4055328</Pitch>
				<Roll>-20.5314369</Roll>
				<Yaw>-4.80410433</Yaw>
			</PositionRotation>
			<Attachment isAttached="true">
				<AttachedTo>145011</AttachedTo>
				<BoneIndex>0</BoneIndex>
				<X>-0.21176523</X>
				<Y>0.311278433</Y>
				<Z>0.546051741</Z>
				<Pitch>-89.5826721</Pitch>
				<Roll>0.046503067</Roll>
				<Yaw>-90.0790787</Yaw>
			</Attachment>
		</Attachment>
		<Attachment>
			<ModelHash>0x710841e5</ModelHash>
			<Type>3</Type>
			<Dynamic>false</Dynamic>
			<FrozenPos>true</FrozenPos>
			<HashName>prop_scaffold_pole</HashName>
			<InitialHandle>48953</InitialHandle>
			<ObjectProperties>
				<TextureVariation>0</TextureVariation>
			</ObjectProperties>
			<OpacityLevel>255</OpacityLevel>
			<LodDistance>16960</LodDistance>
			<IsVisible>true</IsVisible>
			<MaxHealth>1000</MaxHealth>
			<Health>1000</Health>
			<HasGravity>true</HasGravity>
			<IsOnFire>false</IsOnFire>
			<IsInvincible>false</IsInvincible>
			<IsBulletProof>false</IsBulletProof>
			<IsCollisionProof>false</IsCollisionProof>
			<IsExplosionProof>false</IsExplosionProof>
			<IsFireProof>false</IsFireProof>
			<IsMeleeProof>false</IsMeleeProof>
			<IsOnlyDamagedByPlayer>false</IsOnlyDamagedByPlayer>
			<PositionRotation>
				<X>1711.11438</X>
				<Y>3266.42798</Y>
				<Z>41.138855</Z>
				<Pitch>-89.4055328</Pitch>
				<Roll>-20.5314369</Roll>
				<Yaw>-4.80410433</Yaw>
			</PositionRotation>
			<Attachment isAttached="true">
				<AttachedTo>145011</AttachedTo>
				<BoneIndex>0</BoneIndex>
				<X>-0.21176523</X>
				<Y>0.371278375</Y>
				<Z>0.52605176</Z>
				<Pitch>-89.5826721</Pitch>
				<Roll>0.046503067</Roll>
				<Yaw>-90.0790787</Yaw>
			</Attachment>
		</Attachment>
		<Attachment>
			<ModelHash>0x710841e5</ModelHash>
			<Type>3</Type>
			<Dynamic>false</Dynamic>
			<FrozenPos>true</FrozenPos>
			<HashName>prop_scaffold_pole</HashName>
			<InitialHandle>52035</InitialHandle>
			<ObjectProperties>
				<TextureVariation>0</TextureVariation>
			</ObjectProperties>
			<OpacityLevel>255</OpacityLevel>
			<LodDistance>16960</LodDistance>
			<IsVisible>true</IsVisible>
			<MaxHealth>1000</MaxHealth>
			<Health>1000</Health>
			<HasGravity>true</HasGravity>
			<IsOnFire>false</IsOnFire>
			<IsInvincible>false</IsInvincible>
			<IsBulletProof>false</IsBulletProof>
			<IsCollisionProof>false</IsCollisionProof>
			<IsExplosionProof>false</IsExplosionProof>
			<IsFireProof>false</IsFireProof>
			<IsMeleeProof>false</IsMeleeProof>
			<IsOnlyDamagedByPlayer>false</IsOnlyDamagedByPlayer>
			<PositionRotation>
				<X>1711.05676</X>
				<Y>3266.41162</Y>
				<Z>41.1086349</Z>
				<Pitch>-89.4055328</Pitch>
				<Roll>-20.5314369</Roll>
				<Yaw>-4.80410433</Yaw>
			</PositionRotation>
			<Attachment isAttached="true">
				<AttachedTo>145011</AttachedTo>
				<BoneIndex>0</BoneIndex>
				<X>-0.21176523</X>
				<Y>0.431278318</Y>
				<Z>0.496051788</Z>
				<Pitch>-89.5826721</Pitch>
				<Roll>0.046503067</Roll>
				<Yaw>-90.0790787</Yaw>
			</Attachment>
		</Attachment>
		<Attachment>
			<ModelHash>0x710841e5</ModelHash>
			<Type>3</Type>
			<Dynamic>false</Dynamic>
			<FrozenPos>true</FrozenPos>
			<HashName>prop_scaffold_pole</HashName>
			<InitialHandle>98099</InitialHandle>
			<ObjectProperties>
				<TextureVariation>0</TextureVariation>
			</ObjectProperties>
			<OpacityLevel>255</OpacityLevel>
			<LodDistance>16960</LodDistance>
			<IsVisible>true</IsVisible>
			<MaxHealth>1000</MaxHealth>
			<Health>1000</Health>
			<HasGravity>true</HasGravity>
			<IsOnFire>false</IsOnFire>
			<IsInvincible>false</IsInvincible>
			<IsBulletProof>false</IsBulletProof>
			<IsCollisionProof>false</IsCollisionProof>
			<IsExplosionProof>false</IsExplosionProof>
			<IsFireProof>false</IsFireProof>
			<IsMeleeProof>false</IsMeleeProof>
			<IsOnlyDamagedByPlayer>false</IsOnlyDamagedByPlayer>
			<PositionRotation>
				<X>1710.9895</X>
				<Y>3266.39258</Y>
				<Z>41.0783806</Z>
				<Pitch>-89.4055328</Pitch>
				<Roll>-20.5314369</Roll>
				<Yaw>-4.80410433</Yaw>
			</PositionRotation>
			<Attachment isAttached="true">
				<AttachedTo>145011</AttachedTo>
				<BoneIndex>0</BoneIndex>
				<X>-0.21176523</X>
				<Y>0.501278281</Y>
				<Z>0.466051817</Z>
				<Pitch>-89.5826721</Pitch>
				<Roll>0.046503067</Roll>
				<Yaw>-90.0790787</Yaw>
			</Attachment>
		</Attachment>
		<Attachment>
			<ModelHash>0x710841e5</ModelHash>
			<Type>3</Type>
			<Dynamic>false</Dynamic>
			<FrozenPos>true</FrozenPos>
			<HashName>prop_scaffold_pole</HashName>
			<InitialHandle>26439</InitialHandle>
			<ObjectProperties>
				<TextureVariation>0</TextureVariation>
			</ObjectProperties>
			<OpacityLevel>255</OpacityLevel>
			<LodDistance>16960</LodDistance>
			<IsVisible>true</IsVisible>
			<MaxHealth>1000</MaxHealth>
			<Health>1000</Health>
			<HasGravity>true</HasGravity>
			<IsOnFire>false</IsOnFire>
			<IsInvincible>false</IsInvincible>
			<IsBulletProof>false</IsBulletProof>
			<IsCollisionProof>false</IsCollisionProof>
			<IsExplosionProof>false</IsExplosionProof>
			<IsFireProof>false</IsFireProof>
			<IsMeleeProof>false</IsMeleeProof>
			<IsOnlyDamagedByPlayer>false</IsOnlyDamagedByPlayer>
			<PositionRotation>
				<X>1710.93188</X>
				<Y>3266.37646</Y>
				<Z>41.0481606</Z>
				<Pitch>-89.4055328</Pitch>
				<Roll>-20.5314369</Roll>
				<Yaw>-4.80410433</Yaw>
			</PositionRotation>
			<Attachment isAttached="true">
				<AttachedTo>145011</AttachedTo>
				<BoneIndex>0</BoneIndex>
				<X>-0.21176523</X>
				<Y>0.561278224</Y>
				<Z>0.436051846</Z>
				<Pitch>-89.5826721</Pitch>
				<Roll>0.046503067</Roll>
				<Yaw>-90.0790787</Yaw>
			</Attachment>
		</Attachment>
		<Attachment>
			<ModelHash>0x710841e5</ModelHash>
			<Type>3</Type>
			<Dynamic>false</Dynamic>
			<FrozenPos>true</FrozenPos>
			<HashName>prop_scaffold_pole</HashName>
			<InitialHandle>174186</InitialHandle>
			<ObjectProperties>
				<TextureVariation>0</TextureVariation>
			</ObjectProperties>
			<OpacityLevel>255</OpacityLevel>
			<LodDistance>16960</LodDistance>
			<IsVisible>true</IsVisible>
			<MaxHealth>1000</MaxHealth>
			<Health>1000</Health>
			<HasGravity>true</HasGravity>
			<IsOnFire>false</IsOnFire>
			<IsInvincible>false</IsInvincible>
			<IsBulletProof>false</IsBulletProof>
			<IsCollisionProof>false</IsCollisionProof>
			<IsExplosionProof>false</IsExplosionProof>
			<IsFireProof>false</IsFireProof>
			<IsMeleeProof>false</IsMeleeProof>
			<IsOnlyDamagedByPlayer>false</IsOnlyDamagedByPlayer>
			<PositionRotation>
				<X>1710.87415</X>
				<Y>3266.36011</Y>
				<Z>41.0179405</Z>
				<Pitch>-89.4055328</Pitch>
				<Roll>-20.5314369</Roll>
				<Yaw>-4.80410433</Yaw>
			</PositionRotation>
			<Attachment isAttached="true">
				<AttachedTo>145011</AttachedTo>
				<BoneIndex>0</BoneIndex>
				<X>-0.21176523</X>
				<Y>0.621278167</Y>
				<Z>0.406051874</Z>
				<Pitch>-89.5826721</Pitch>
				<Roll>0.046503067</Roll>
				<Yaw>-90.0790787</Yaw>
			</Attachment>
		</Attachment>
		<Attachment>
			<ModelHash>0x710841e5</ModelHash>
			<Type>3</Type>
			<Dynamic>false</Dynamic>
			<FrozenPos>true</FrozenPos>
			<HashName>prop_scaffold_pole</HashName>
			<InitialHandle>134725</InitialHandle>
			<ObjectProperties>
				<TextureVariation>0</TextureVariation>
			</ObjectProperties>
			<OpacityLevel>255</OpacityLevel>
			<LodDistance>16960</LodDistance>
			<IsVisible>true</IsVisible>
			<MaxHealth>1000</MaxHealth>
			<Health>1000</Health>
			<HasGravity>true</HasGravity>
			<IsOnFire>false</IsOnFire>
			<IsInvincible>false</IsInvincible>
			<IsBulletProof>false</IsBulletProof>
			<IsCollisionProof>false</IsCollisionProof>
			<IsExplosionProof>false</IsExplosionProof>
			<IsFireProof>false</IsFireProof>
			<IsMeleeProof>false</IsMeleeProof>
			<IsOnlyDamagedByPlayer>false</IsOnlyDamagedByPlayer>
			<PositionRotation>
				<X>1710.84534</X>
				<Y>3266.35181</Y>
				<Z>41.0178337</Z>
				<Pitch>-89.4055328</Pitch>
				<Roll>-20.5314369</Roll>
				<Yaw>-4.80410433</Yaw>
			</PositionRotation>
			<Attachment isAttached="true">
				<AttachedTo>145011</AttachedTo>
				<BoneIndex>0</BoneIndex>
				<X>-0.21176523</X>
				<Y>0.651278138</Y>
				<Z>0.406051874</Z>
				<Pitch>-89.5826721</Pitch>
				<Roll>0.046503067</Roll>
				<Yaw>-90.0790787</Yaw>
			</Attachment>
		</Attachment>
		<Attachment>
			<ModelHash>0x710841e5</ModelHash>
			<Type>3</Type>
			<Dynamic>false</Dynamic>
			<FrozenPos>true</FrozenPos>
			<HashName>prop_scaffold_pole</HashName>
			<InitialHandle>85630</InitialHandle>
			<ObjectProperties>
				<TextureVariation>0</TextureVariation>
			</ObjectProperties>
			<OpacityLevel>255</OpacityLevel>
			<LodDistance>16960</LodDistance>
			<IsVisible>true</IsVisible>
			<MaxHealth>1000</MaxHealth>
			<Health>1000</Health>
			<HasGravity>true</HasGravity>
			<IsOnFire>false</IsOnFire>
			<IsInvincible>false</IsInvincible>
			<IsBulletProof>false</IsBulletProof>
			<IsCollisionProof>false</IsCollisionProof>
			<IsExplosionProof>false</IsExplosionProof>
			<IsFireProof>false</IsFireProof>
			<IsMeleeProof>false</IsMeleeProof>
			<IsOnlyDamagedByPlayer>false</IsOnlyDamagedByPlayer>
			<PositionRotation>
				<X>1710.81653</X>
				<Y>3266.34375</Y>
				<Z>41.0177231</Z>
				<Pitch>-89.4055328</Pitch>
				<Roll>-20.5314369</Roll>
				<Yaw>-4.80410433</Yaw>
			</PositionRotation>
			<Attachment isAttached="true">
				<AttachedTo>145011</AttachedTo>
				<BoneIndex>0</BoneIndex>
				<X>-0.21176523</X>
				<Y>0.68127811</Y>
				<Z>0.406051874</Z>
				<Pitch>-89.5826721</Pitch>
				<Roll>0.046503067</Roll>
				<Yaw>-90.0790787</Yaw>
			</Attachment>
		</Attachment>
		<Attachment>
			<ModelHash>0x710841e5</ModelHash>
			<Type>3</Type>
			<Dynamic>false</Dynamic>
			<FrozenPos>true</FrozenPos>
			<HashName>prop_scaffold_pole</HashName>
			<InitialHandle>163905</InitialHandle>
			<ObjectProperties>
				<TextureVariation>0</TextureVariation>
			</ObjectProperties>
			<OpacityLevel>255</OpacityLevel>
			<LodDistance>16960</LodDistance>
			<IsVisible>true</IsVisible>
			<MaxHealth>1000</MaxHealth>
			<Health>1000</Health>
			<HasGravity>true</HasGravity>
			<IsOnFire>false</IsOnFire>
			<IsInvincible>false</IsInvincible>
			<IsBulletProof>false</IsBulletProof>
			<IsCollisionProof>false</IsCollisionProof>
			<IsExplosionProof>false</IsExplosionProof>
			<IsFireProof>false</IsFireProof>
			<IsMeleeProof>false</IsMeleeProof>
			<IsOnlyDamagedByPlayer>false</IsOnlyDamagedByPlayer>
			<PositionRotation>
				<X>1710.59766</X>
				<Y>3267.01001</Y>
				<Z>41.0221176</Z>
				<Pitch>-66.3727264</Pitch>
				<Roll>0.392533153</Roll>
				<Yaw>-73.6971054</Yaw>
			</PositionRotation>
			<Attachment isAttached="true">
				<AttachedTo>145011</AttachedTo>
				<BoneIndex>23</BoneIndex>
				<X>0.48886019</X>
				<Y>0.709763765</Y>
				<Z>0.408850074</Z>
				<Pitch>-66.5826721</Pitch>
				<Roll>0.046503067</Roll>
				<Yaw>-179.866547</Yaw>
			</Attachment>
		</Attachment>
		<Attachment>
			<ModelHash>0x710841e5</ModelHash>
			<Type>3</Type>
			<Dynamic>false</Dynamic>
			<FrozenPos>true</FrozenPos>
			<HashName>prop_scaffold_pole</HashName>
			<InitialHandle>26181</InitialHandle>
			<ObjectProperties>
				<TextureVariation>0</TextureVariation>
			</ObjectProperties>
			<OpacityLevel>255</OpacityLevel>
			<LodDistance>16960</LodDistance>
			<IsVisible>true</IsVisible>
			<MaxHealth>1000</MaxHealth>
			<Health>1000</Health>
			<HasGravity>true</HasGravity>
			<IsOnFire>false</IsOnFire>
			<IsInvincible>false</IsInvincible>
			<IsBulletProof>false</IsBulletProof>
			<IsCollisionProof>false</IsCollisionProof>
			<IsExplosionProof>false</IsExplosionProof>
			<IsFireProof>false</IsFireProof>
			<IsMeleeProof>false</IsMeleeProof>
			<IsOnlyDamagedByPlayer>false</IsOnlyDamagedByPlayer>
			<PositionRotation>
				<X>1710.86536</X>
				<Y>3266.06714</Y>
				<Z>41.0197372</Z>
				<Pitch>-66.3727264</Pitch>
				<Roll>0.392533153</Roll>
				<Yaw>-73.6971054</Yaw>
			</PositionRotation>
			<Attachment isAttached="true">
				<AttachedTo>145011</AttachedTo>
				<BoneIndex>23</BoneIndex>
				<X>-0.491139442</X>
				<Y>0.709763765</Y>
				<Z>0.408850074</Z>
				<Pitch>-66.5826721</Pitch>
				<Roll>0.046503067</Roll>
				<Yaw>-179.866547</Yaw>
			</Attachment>
		</Attachment>
		<Attachment>
			<ModelHash>0x710841e5</ModelHash>
			<Type>3</Type>
			<Dynamic>false</Dynamic>
			<FrozenPos>true</FrozenPos>
			<HashName>prop_scaffold_pole</HashName>
			<InitialHandle>87638</InitialHandle>
			<ObjectProperties>
				<TextureVariation>0</TextureVariation>
			</ObjectProperties>
			<OpacityLevel>255</OpacityLevel>
			<LodDistance>16960</LodDistance>
			<IsVisible>true</IsVisible>
			<MaxHealth>1000</MaxHealth>
			<Health>1000</Health>
			<HasGravity>true</HasGravity>
			<IsOnFire>false</IsOnFire>
			<IsInvincible>false</IsInvincible>
			<IsBulletProof>false</IsBulletProof>
			<IsCollisionProof>false</IsCollisionProof>
			<IsExplosionProof>false</IsExplosionProof>
			<IsFireProof>false</IsFireProof>
			<IsMeleeProof>false</IsMeleeProof>
			<IsOnlyDamagedByPlayer>false</IsOnlyDamagedByPlayer>
			<PositionRotation>
				<X>1710.97388</X>
				<Y>3266.01489</Y>
				<Z>41.0198746</Z>
				<Pitch>-66.3727264</Pitch>
				<Roll>0.392533153</Roll>
				<Yaw>-73.6971054</Yaw>
			</PositionRotation>
			<Attachment isAttached="true">
				<AttachedTo>145011</AttachedTo>
				<BoneIndex>23</BoneIndex>
				<X>-0.571139395</X>
				<Y>0.619763851</Y>
				<Z>0.408850074</Z>
				<Pitch>-66.5826721</Pitch>
				<Roll>0.046503067</Roll>
				<Yaw>-179.866547</Yaw>
			</Attachment>
		</Attachment>
		<Attachment>
			<ModelHash>0x710841e5</ModelHash>
			<Type>3</Type>
			<Dynamic>false</Dynamic>
			<FrozenPos>true</FrozenPos>
			<HashName>prop_scaffold_pole</HashName>
			<InitialHandle>88600</InitialHandle>
			<ObjectProperties>
				<TextureVariation>0</TextureVariation>
			</ObjectProperties>
			<OpacityLevel>255</OpacityLevel>
			<LodDistance>16960</LodDistance>
			<IsVisible>true</IsVisible>
			<MaxHealth>1000</MaxHealth>
			<Health>1000</Health>
			<HasGravity>true</HasGravity>
			<IsOnFire>false</IsOnFire>
			<IsInvincible>false</IsInvincible>
			<IsBulletProof>false</IsBulletProof>
			<IsCollisionProof>false</IsCollisionProof>
			<IsExplosionProof>false</IsExplosionProof>
			<IsFireProof>false</IsFireProof>
			<IsMeleeProof>false</IsMeleeProof>
			<IsOnlyDamagedByPlayer>false</IsOnlyDamagedByPlayer>
			<PositionRotation>
				<X>1711.04382</X>
				<Y>3265.95142</Y>
				<Z>41.0198631</Z>
				<Pitch>-66.3727264</Pitch>
				<Roll>0.392533153</Roll>
				<Yaw>-73.6971054</Yaw>
			</PositionRotation>
			<Attachment isAttached="true">
				<AttachedTo>145011</AttachedTo>
				<BoneIndex>23</BoneIndex>
				<X>-0.651139319</X>
				<Y>0.569763899</Y>
				<Z>0.408850074</Z>
				<Pitch>-66.5826721</Pitch>
				<Roll>0.046503067</Roll>
				<Yaw>-179.866547</Yaw>
			</Attachment>
		</Attachment>
		<Attachment>
			<ModelHash>0x710841e5</ModelHash>
			<Type>3</Type>
			<Dynamic>false</Dynamic>
			<FrozenPos>true</FrozenPos>
			<HashName>prop_scaffold_pole</HashName>
			<InitialHandle>20048</InitialHandle>
			<ObjectProperties>
				<TextureVariation>0</TextureVariation>
			</ObjectProperties>
			<OpacityLevel>255</OpacityLevel>
			<LodDistance>16960</LodDistance>
			<IsVisible>true</IsVisible>
			<MaxHealth>1000</MaxHealth>
			<Health>1000</Health>
			<HasGravity>true</HasGravity>
			<IsOnFire>false</IsOnFire>
			<IsInvincible>false</IsInvincible>
			<IsBulletProof>false</IsBulletProof>
			<IsCollisionProof>false</IsCollisionProof>
			<IsExplosionProof>false</IsExplosionProof>
			<IsFireProof>false</IsFireProof>
			<IsMeleeProof>false</IsMeleeProof>
			<IsOnlyDamagedByPlayer>false</IsOnlyDamagedByPlayer>
			<PositionRotation>
				<X>1710.68591</X>
				<Y>3267.21167</Y>
				<Z>41.0230446</Z>
				<Pitch>-66.3727264</Pitch>
				<Roll>0.392533153</Roll>
				<Yaw>-73.6971054</Yaw>
			</PositionRotation>
			<Attachment isAttached="true">
				<AttachedTo>145011</AttachedTo>
				<BoneIndex>23</BoneIndex>
				<X>0.658860028</X>
				<Y>0.569763899</Y>
				<Z>0.408850074</Z>
				<Pitch>-66.5826721</Pitch>
				<Roll>0.046503067</Roll>
				<Yaw>-179.866547</Yaw>
			</Attachment>
		</Attachment>
		<Attachment>
			<ModelHash>0x710841e5</ModelHash>
			<Type>3</Type>
			<Dynamic>false</Dynamic>
			<FrozenPos>true</FrozenPos>
			<HashName>prop_scaffold_pole</HashName>
			<InitialHandle>170066</InitialHandle>
			<ObjectProperties>
				<TextureVariation>0</TextureVariation>
			</ObjectProperties>
			<OpacityLevel>255</OpacityLevel>
			<LodDistance>16960</LodDistance>
			<IsVisible>true</IsVisible>
			<MaxHealth>1000</MaxHealth>
			<Health>1000</Health>
			<HasGravity>true</HasGravity>
			<IsOnFire>false</IsOnFire>
			<IsInvincible>false</IsInvincible>
			<IsBulletProof>false</IsBulletProof>
			<IsCollisionProof>false</IsCollisionProof>
			<IsExplosionProof>false</IsExplosionProof>
			<IsFireProof>false</IsFireProof>
			<IsMeleeProof>false</IsMeleeProof>
			<IsOnlyDamagedByPlayer>false</IsOnlyDamagedByPlayer>
			<PositionRotation>
				<X>1710.66248</X>
				<Y>3267.11133</Y>
				<Z>41.0226402</Z>
				<Pitch>-66.3727264</Pitch>
				<Roll>0.392533153</Roll>
				<Yaw>-73.6971054</Yaw>
			</PositionRotation>
			<Attachment isAttached="true">
				<AttachedTo>145011</AttachedTo>
				<BoneIndex>23</BoneIndex>
				<X>0.568860114</X>
				<Y>0.619763851</Y>
				<Z>0.408850074</Z>
				<Pitch>-66.5826721</Pitch>
				<Roll>0.046503067</Roll>
				<Yaw>-179.866547</Yaw>
			</Attachment>
		</Attachment>
		<Attachment>
			<ModelHash>0x710841e5</ModelHash>
			<Type>3</Type>
			<Dynamic>false</Dynamic>
			<FrozenPos>true</FrozenPos>
			<HashName>prop_scaffold_pole</HashName>
			<InitialHandle>78674</InitialHandle>
			<ObjectProperties>
				<TextureVariation>0</TextureVariation>
			</ObjectProperties>
			<OpacityLevel>255</OpacityLevel>
			<LodDistance>16960</LodDistance>
			<IsVisible>true</IsVisible>
			<MaxHealth>1000</MaxHealth>
			<Health>1000</Health>
			<HasGravity>true</HasGravity>
			<IsOnFire>false</IsOnFire>
			<IsInvincible>false</IsInvincible>
			<IsBulletProof>false</IsBulletProof>
			<IsCollisionProof>false</IsCollisionProof>
			<IsExplosionProof>false</IsExplosionProof>
			<IsFireProof>false</IsFireProof>
			<IsMeleeProof>false</IsMeleeProof>
			<IsOnlyDamagedByPlayer>false</IsOnlyDamagedByPlayer>
			<PositionRotation>
				<X>1711.45361</X>
				<Y>3266.73193</Y>
				<Z>41.3008347</Z>
				<Pitch>-89.4055328</Pitch>
				<Roll>-20.5314369</Roll>
				<Yaw>-4.80410433</Yaw>
			</PositionRotation>
			<Attachment isAttached="true">
				<AttachedTo>145011</AttachedTo>
				<BoneIndex>0</BoneIndex>
				<X>-0.0117652109</X>
				<Y>-0.0387215354</Y>
				<Z>0.686051607</Z>
				<Pitch>-89.5826721</Pitch>
				<Roll>0.046503067</Roll>
				<Yaw>-90.0790787</Yaw>
			</Attachment>
		</Attachment>
		<Attachment>
			<ModelHash>0x710841e5</ModelHash>
			<Type>3</Type>
			<Dynamic>false</Dynamic>
			<FrozenPos>true</FrozenPos>
			<HashName>prop_scaffold_pole</HashName>
			<InitialHandle>86629</InitialHandle>
			<ObjectProperties>
				<TextureVariation>0</TextureVariation>
			</ObjectProperties>
			<OpacityLevel>255</OpacityLevel>
			<LodDistance>16960</LodDistance>
			<IsVisible>true</IsVisible>
			<MaxHealth>1000</MaxHealth>
			<Health>1000</Health>
			<HasGravity>true</HasGravity>
			<IsOnFire>false</IsOnFire>
			<IsInvincible>false</IsInvincible>
			<IsBulletProof>false</IsBulletProof>
			<IsCollisionProof>false</IsCollisionProof>
			<IsExplosionProof>false</IsExplosionProof>
			<IsFireProof>false</IsFireProof>
			<IsMeleeProof>false</IsMeleeProof>
			<IsOnlyDamagedByPlayer>false</IsOnlyDamagedByPlayer>
			<PositionRotation>
				<X>1711.56299</X>
				<Y>3266.34717</Y>
				<Z>41.2998619</Z>
				<Pitch>-89.4055328</Pitch>
				<Roll>-20.5314369</Roll>
				<Yaw>-4.80410433</Yaw>
			</PositionRotation>
			<Attachment isAttached="true">
				<AttachedTo>145011</AttachedTo>
				<BoneIndex>0</BoneIndex>
				<X>-0.411765099</X>
				<Y>-0.0387215354</Y>
				<Z>0.686051607</Z>
				<Pitch>-89.5826721</Pitch>
				<Roll>0.046503067</Roll>
				<Yaw>-90.0790787</Yaw>
			</Attachment>
		</Attachment>
		<Attachment>
			<ModelHash>0x710841e5</ModelHash>
			<Type>3</Type>
			<Dynamic>false</Dynamic>
			<FrozenPos>true</FrozenPos>
			<HashName>prop_scaffold_pole</HashName>
			<InitialHandle>167485</InitialHandle>
			<ObjectProperties>
				<TextureVariation>0</TextureVariation>
			</ObjectProperties>
			<OpacityLevel>255</OpacityLevel>
			<LodDistance>16960</LodDistance>
			<IsVisible>true</IsVisible>
			<MaxHealth>1000</MaxHealth>
			<Health>1000</Health>
			<HasGravity>true</HasGravity>
			<IsOnFire>false</IsOnFire>
			<IsInvincible>false</IsInvincible>
			<IsBulletProof>false</IsBulletProof>
			<IsCollisionProof>false</IsCollisionProof>
			<IsExplosionProof>false</IsExplosionProof>
			<IsFireProof>false</IsFireProof>
			<IsMeleeProof>false</IsMeleeProof>
			<IsOnlyDamagedByPlayer>false</IsOnlyDamagedByPlayer>
			<PositionRotation>
				<X>1712.13403</X>
				<Y>3266.96069</Y>
				<Z>41.302845</Z>
				<Pitch>-88.7840424</Pitch>
				<Roll>-6.51166916</Roll>
				<Yaw>99.3826599</Yaw>
			</PositionRotation>
			<Attachment isAttached="true">
				<AttachedTo>145011</AttachedTo>
				<BoneIndex>0</BoneIndex>
				<X>0.0224610679</X>
				<Y>-0.755701065</Y>
				<Z>0.685358584</Z>
				<Pitch>-88.5826721</Pitch>
				<Roll>0.0465087891</Roll>
				<Yaw>0.0869750977</Yaw>
			</Attachment>
		</Attachment>
		<Attachment>
			<ModelHash>0x710841e5</ModelHash>
			<Type>3</Type>
			<Dynamic>false</Dynamic>
			<FrozenPos>true</FrozenPos>
			<HashName>prop_scaffold_pole</HashName>
			<InitialHandle>95523</InitialHandle>
			<ObjectProperties>
				<TextureVariation>0</TextureVariation>
			</ObjectProperties>
			<OpacityLevel>255</OpacityLevel>
			<LodDistance>16960</LodDistance>
			<IsVisible>true</IsVisible>
			<MaxHealth>1000</MaxHealth>
			<Health>1000</Health>
			<HasGravity>true</HasGravity>
			<IsOnFire>false</IsOnFire>
			<IsInvincible>false</IsInvincible>
			<IsBulletProof>false</IsBulletProof>
			<IsCollisionProof>false</IsCollisionProof>
			<IsExplosionProof>false</IsExplosionProof>
			<IsFireProof>false</IsFireProof>
			<IsMeleeProof>false</IsMeleeProof>
			<IsOnlyDamagedByPlayer>false</IsOnlyDamagedByPlayer>
			<PositionRotation>
				<X>1712.13391</X>
				<Y>3266.96045</Y>
				<Z>41.3328438</Z>
				<Pitch>-88.7840424</Pitch>
				<Roll>-6.51166916</Roll>
				<Yaw>99.3826599</Yaw>
			</PositionRotation>
			<Attachment isAttached="true">
				<AttachedTo>145011</AttachedTo>
				<BoneIndex>0</BoneIndex>
				<X>0.0224610679</X>
				<Y>-0.755701065</Y>
				<Z>0.715358555</Z>
				<Pitch>-88.5826721</Pitch>
				<Roll>0.0465087891</Roll>
				<Yaw>0.0869750977</Yaw>
			</Attachment>
		</Attachment>
		<Attachment>
			<ModelHash>0x710841e5</ModelHash>
			<Type>3</Type>
			<Dynamic>false</Dynamic>
			<FrozenPos>true</FrozenPos>
			<HashName>prop_scaffold_pole</HashName>
			<InitialHandle>9847</InitialHandle>
			<ObjectProperties>
				<TextureVariation>0</TextureVariation>
			</ObjectProperties>
			<OpacityLevel>255</OpacityLevel>
			<LodDistance>16960</LodDistance>
			<IsVisible>true</IsVisible>
			<MaxHealth>1000</MaxHealth>
			<Health>1000</Health>
			<HasGravity>true</HasGravity>
			<IsOnFire>false</IsOnFire>
			<IsInvincible>false</IsInvincible>
			<IsBulletProof>false</IsBulletProof>
			<IsCollisionProof>false</IsCollisionProof>
			<IsExplosionProof>false</IsExplosionProof>
			<IsFireProof>false</IsFireProof>
			<IsMeleeProof>false</IsMeleeProof>
			<IsOnlyDamagedByPlayer>false</IsOnlyDamagedByPlayer>
			<PositionRotation>
				<X>1712.15576</X>
				<Y>3266.88354</Y>
				<Z>41.3326492</Z>
				<Pitch>-88.7840424</Pitch>
				<Roll>-6.51166916</Roll>
				<Yaw>99.3826599</Yaw>
			</PositionRotation>
			<Attachment isAttached="true">
				<AttachedTo>145011</AttachedTo>
				<BoneIndex>0</BoneIndex>
				<X>-0.0575389192</X>
				<Y>-0.755701065</Y>
				<Z>0.715358555</Z>
				<Pitch>-88.5826721</Pitch>
				<Roll>0.0465087891</Roll>
				<Yaw>0.0869750977</Yaw>
			</Attachment>
		</Attachment>
		<Attachment>
			<ModelHash>0x710841e5</ModelHash>
			<Type>3</Type>
			<Dynamic>false</Dynamic>
			<FrozenPos>true</FrozenPos>
			<HashName>prop_scaffold_pole</HashName>
			<InitialHandle>125055</InitialHandle>
			<ObjectProperties>
				<TextureVariation>0</TextureVariation>
			</ObjectProperties>
			<OpacityLevel>255</OpacityLevel>
			<LodDistance>16960</LodDistance>
			<IsVisible>true</IsVisible>
			<MaxHealth>1000</MaxHealth>
			<Health>1000</Health>
			<HasGravity>true</HasGravity>
			<IsOnFire>false</IsOnFire>
			<IsInvincible>false</IsInvincible>
			<IsBulletProof>false</IsBulletProof>
			<IsCollisionProof>false</IsCollisionProof>
			<IsExplosionProof>false</IsExplosionProof>
			<IsFireProof>false</IsFireProof>
			<IsMeleeProof>false</IsMeleeProof>
			<IsOnlyDamagedByPlayer>false</IsOnlyDamagedByPlayer>
			<PositionRotation>
				<X>1712.11487</X>
				<Y>3267.02783</Y>
				<Z>41.3330116</Z>
				<Pitch>-88.7840424</Pitch>
				<Roll>-6.51166916</Roll>
				<Yaw>99.3826599</Yaw>
			</PositionRotation>
			<Attachment isAttached="true">
				<AttachedTo>145011</AttachedTo>
				<BoneIndex>0</BoneIndex>
				<X>0.092461057</X>
				<Y>-0.755701065</Y>
				<Z>0.715358555</Z>
				<Pitch>-88.5826721</Pitch>
				<Roll>0.0465087891</Roll>
				<Yaw>0.0869750977</Yaw>
			</Attachment>
		</Attachment>
		<Attachment>
			<ModelHash>0x710841e5</ModelHash>
			<Type>3</Type>
			<Dynamic>false</Dynamic>
			<FrozenPos>true</FrozenPos>
			<HashName>prop_scaffold_pole</HashName>
			<InitialHandle>58999</InitialHandle>
			<ObjectProperties>
				<TextureVariation>0</TextureVariation>
			</ObjectProperties>
			<OpacityLevel>255</OpacityLevel>
			<LodDistance>16960</LodDistance>
			<IsVisible>true</IsVisible>
			<MaxHealth>1000</MaxHealth>
			<Health>1000</Health>
			<HasGravity>true</HasGravity>
			<IsOnFire>false</IsOnFire>
			<IsInvincible>false</IsInvincible>
			<IsBulletProof>false</IsBulletProof>
			<IsCollisionProof>false</IsCollisionProof>
			<IsExplosionProof>false</IsExplosionProof>
			<IsFireProof>false</IsFireProof>
			<IsMeleeProof>false</IsMeleeProof>
			<IsOnlyDamagedByPlayer>false</IsOnlyDamagedByPlayer>
			<PositionRotation>
				<X>1712.15588</X>
				<Y>3266.88354</Y>
				<Z>41.3126488</Z>
				<Pitch>-88.7840424</Pitch>
				<Roll>-6.51166916</Roll>
				<Yaw>99.3826599</Yaw>
			</PositionRotation>
			<Attachment isAttached="true">
				<AttachedTo>145011</AttachedTo>
				<BoneIndex>0</BoneIndex>
				<X>-0.057538908</X>
				<Y>-0.755701065</Y>
				<Z>0.695358574</Z>
				<Pitch>-88.5826721</Pitch>
				<Roll>0.0465087891</Roll>
				<Yaw>0.0869750977</Yaw>
			</Attachment>
		</Attachment>
		<Attachment>
			<ModelHash>0x710841e5</ModelHash>
			<Type>3</Type>
			<Dynamic>false</Dynamic>
			<FrozenPos>true</FrozenPos>
			<HashName>prop_scaffold_pole</HashName>
			<InitialHandle>114042</InitialHandle>
			<ObjectProperties>
				<TextureVariation>0</TextureVariation>
			</ObjectProperties>
			<OpacityLevel>255</OpacityLevel>
			<LodDistance>16960</LodDistance>
			<IsVisible>true</IsVisible>
			<MaxHealth>1000</MaxHealth>
			<Health>1000</Health>
			<HasGravity>true</HasGravity>
			<IsOnFire>false</IsOnFire>
			<IsInvincible>false</IsInvincible>
			<IsBulletProof>false</IsBulletProof>
			<IsCollisionProof>false</IsCollisionProof>
			<IsExplosionProof>false</IsExplosionProof>
			<IsFireProof>false</IsFireProof>
			<IsMeleeProof>false</IsMeleeProof>
			<IsOnlyDamagedByPlayer>false</IsOnlyDamagedByPlayer>
			<PositionRotation>
				<X>1712.11487</X>
				<Y>3267.02783</Y>
				<Z>41.313015</Z>
				<Pitch>-88.7840424</Pitch>
				<Roll>-6.51166916</Roll>
				<Yaw>99.3826599</Yaw>
			</PositionRotation>
			<Attachment isAttached="true">
				<AttachedTo>145011</AttachedTo>
				<BoneIndex>0</BoneIndex>
				<X>0.0924610645</X>
				<Y>-0.755701065</Y>
				<Z>0.695358574</Z>
				<Pitch>-88.5826721</Pitch>
				<Roll>0.0465087891</Roll>
				<Yaw>0.0869750977</Yaw>
			</Attachment>
		</Attachment>
		<Attachment>
			<ModelHash>0x099388b6</ModelHash>
			<Type>3</Type>
			<Dynamic>false</Dynamic>
			<FrozenPos>true</FrozenPos>
			<HashName>prop_worklight_02a</HashName>
			<InitialHandle>79957</InitialHandle>
			<ObjectProperties>
				<TextureVariation>0</TextureVariation>
			</ObjectProperties>
			<OpacityLevel>255</OpacityLevel>
			<LodDistance>16960</LodDistance>
			<IsVisible>true</IsVisible>
			<MaxHealth>1000</MaxHealth>
			<Health>1000</Health>
			<HasGravity>true</HasGravity>
			<IsOnFire>false</IsOnFire>
			<IsInvincible>false</IsInvincible>
			<IsBulletProof>false</IsBulletProof>
			<IsCollisionProof>false</IsCollisionProof>
			<IsExplosionProof>false</IsExplosionProof>
			<IsFireProof>false</IsFireProof>
			<IsMeleeProof>false</IsMeleeProof>
			<IsOnlyDamagedByPlayer>false</IsOnlyDamagedByPlayer>
			<PositionRotation>
				<X>1711.48853</X>
				<Y>3266.75488</Y>
				<Z>41.1854286</Z>
				<Pitch>8.62699127</Pitch>
				<Roll>0.186565995</Roll>
				<Yaw>-73.9792023</Yaw>
			</PositionRotation>
			<Attachment isAttached="true">
				<AttachedTo>145011</AttachedTo>
				<BoneIndex>0</BoneIndex>
				<X>0.000713791174</X>
				<Y>-0.0781851932</Y>
				<Z>0.570468247</Z>
				<Pitch>8.41732597</Pitch>
				<Roll>0.0465031862</Roll>
				<Yaw>-179.810608</Yaw>
			</Attachment>
		</Attachment>
		<Attachment>
			<ModelHash>0x099388b6</ModelHash>
			<Type>3</Type>
			<Dynamic>false</Dynamic>
			<FrozenPos>true</FrozenPos>
			<HashName>prop_worklight_02a</HashName>
			<InitialHandle>28281</InitialHandle>
			<ObjectProperties>
				<TextureVariation>0</TextureVariation>
			</ObjectProperties>
			<OpacityLevel>255</OpacityLevel>
			<LodDistance>16960</LodDistance>
			<IsVisible>true</IsVisible>
			<MaxHealth>1000</MaxHealth>
			<Health>1000</Health>
			<HasGravity>true</HasGravity>
			<IsOnFire>false</IsOnFire>
			<IsInvincible>false</IsInvincible>
			<IsBulletProof>false</IsBulletProof>
			<IsCollisionProof>false</IsCollisionProof>
			<IsExplosionProof>false</IsExplosionProof>
			<IsFireProof>false</IsFireProof>
			<IsMeleeProof>false</IsMeleeProof>
			<IsOnlyDamagedByPlayer>false</IsOnlyDamagedByPlayer>
			<PositionRotation>
				<X>1711.37927</X>
				<Y>3267.13989</Y>
				<Z>41.1863976</Z>
				<Pitch>8.62699127</Pitch>
				<Roll>0.186565995</Roll>
				<Yaw>-73.9792023</Yaw>
			</PositionRotation>
			<Attachment isAttached="true">
				<AttachedTo>145011</AttachedTo>
				<BoneIndex>0</BoneIndex>
				<X>0.400713772</X>
				<Y>-0.0781851932</Y>
				<Z>0.570468247</Z>
				<Pitch>8.41732597</Pitch>
				<Roll>0.0465031862</Roll>
				<Yaw>-179.810608</Yaw>
			</Attachment>
		</Attachment>
		<Attachment>
			<ModelHash>0x099388b6</ModelHash>
			<Type>3</Type>
			<Dynamic>false</Dynamic>
			<FrozenPos>true</FrozenPos>
			<HashName>prop_worklight_02a</HashName>
			<InitialHandle>40242</InitialHandle>
			<ObjectProperties>
				<TextureVariation>0</TextureVariation>
			</ObjectProperties>
			<OpacityLevel>255</OpacityLevel>
			<LodDistance>16960</LodDistance>
			<IsVisible>true</IsVisible>
			<MaxHealth>1000</MaxHealth>
			<Health>1000</Health>
			<HasGravity>true</HasGravity>
			<IsOnFire>false</IsOnFire>
			<IsInvincible>false</IsInvincible>
			<IsBulletProof>false</IsBulletProof>
			<IsCollisionProof>false</IsCollisionProof>
			<IsExplosionProof>false</IsExplosionProof>
			<IsFireProof>false</IsFireProof>
			<IsMeleeProof>false</IsMeleeProof>
			<IsOnlyDamagedByPlayer>false</IsOnlyDamagedByPlayer>
			<PositionRotation>
				<X>1711.59778</X>
				<Y>3266.37012</Y>
				<Z>41.1844559</Z>
				<Pitch>8.62699127</Pitch>
				<Roll>0.186565995</Roll>
				<Yaw>-73.9792023</Yaw>
			</PositionRotation>
			<Attachment isAttached="true">
				<AttachedTo>145011</AttachedTo>
				<BoneIndex>0</BoneIndex>
				<X>-0.399286151</X>
				<Y>-0.0781851932</Y>
				<Z>0.570468247</Z>
				<Pitch>8.41732597</Pitch>
				<Roll>0.0465031862</Roll>
				<Yaw>-179.810608</Yaw>
			</Attachment>
		</Attachment>
		<Attachment>
			<ModelHash>0x710841e5</ModelHash>
			<Type>3</Type>
			<Dynamic>false</Dynamic>
			<FrozenPos>true</FrozenPos>
			<HashName>prop_scaffold_pole</HashName>
			<InitialHandle>92504</InitialHandle>
			<ObjectProperties>
				<TextureVariation>0</TextureVariation>
			</ObjectProperties>
			<OpacityLevel>255</OpacityLevel>
			<LodDistance>16960</LodDistance>
			<IsVisible>true</IsVisible>
			<MaxHealth>1000</MaxHealth>
			<Health>1000</Health>
			<HasGravity>true</HasGravity>
			<IsOnFire>false</IsOnFire>
			<IsInvincible>false</IsInvincible>
			<IsBulletProof>false</IsBulletProof>
			<IsCollisionProof>false</IsCollisionProof>
			<IsExplosionProof>false</IsExplosionProof>
			<IsFireProof>false</IsFireProof>
			<IsMeleeProof>false</IsMeleeProof>
			<IsOnlyDamagedByPlayer>false</IsOnlyDamagedByPlayer>
			<PositionRotation>
				<X>1712.73474</X>
				<Y>3267.77612</Y>
				<Z>41.1372719</Z>
				<Pitch>-78.8048706</Pitch>
				<Roll>-0.552006125</Roll>
				<Yaw>111.352219</Yaw>
			</PositionRotation>
			<Attachment isAttached="true">
				<AttachedTo>145011</AttachedTo>
				<BoneIndex>0</BoneIndex>
				<X>0.642460883</X>
				<Y>-1.55570006</Y>
				<Z>0.515358746</Z>
				<Pitch>-78.5826721</Pitch>
				<Roll>0.0465085506</Roll>
				<Yaw>6.08697462</Yaw>
			</Attachment>
		</Attachment>
		<Attachment>
			<ModelHash>0x710841e5</ModelHash>
			<Type>3</Type>
			<Dynamic>false</Dynamic>
			<FrozenPos>true</FrozenPos>
			<HashName>prop_scaffold_pole</HashName>
			<InitialHandle>79127</InitialHandle>
			<ObjectProperties>
				<TextureVariation>0</TextureVariation>
			</ObjectProperties>
			<OpacityLevel>255</OpacityLevel>
			<LodDistance>16960</LodDistance>
			<IsVisible>true</IsVisible>
			<MaxHealth>1000</MaxHealth>
			<Health>1000</Health>
			<HasGravity>true</HasGravity>
			<IsOnFire>false</IsOnFire>
			<IsInvincible>false</IsInvincible>
			<IsBulletProof>false</IsBulletProof>
			<IsCollisionProof>false</IsCollisionProof>
			<IsExplosionProof>false</IsExplosionProof>
			<IsFireProof>false</IsFireProof>
			<IsMeleeProof>false</IsMeleeProof>
			<IsOnlyDamagedByPlayer>false</IsOnlyDamagedByPlayer>
			<PositionRotation>
				<X>1712.72388</X>
				<Y>3267.8147</Y>
				<Z>41.0973701</Z>
				<Pitch>-78.8048706</Pitch>
				<Roll>-0.552006125</Roll>
				<Yaw>111.352219</Yaw>
			</PositionRotation>
			<Attachment isAttached="true">
				<AttachedTo>145011</AttachedTo>
				<BoneIndex>0</BoneIndex>
				<X>0.682460845</X>
				<Y>-1.55570006</Y>
				<Z>0.475358784</Z>
				<Pitch>-78.5826721</Pitch>
				<Roll>0.0465085506</Roll>
				<Yaw>6.08697462</Yaw>
			</Attachment>
		</Attachment>
		<Attachment>
			<ModelHash>0x710841e5</ModelHash>
			<Type>3</Type>
			<Dynamic>false</Dynamic>
			<FrozenPos>true</FrozenPos>
			<HashName>prop_scaffold_pole</HashName>
			<InitialHandle>92991</InitialHandle>
			<ObjectProperties>
				<TextureVariation>0</TextureVariation>
			</ObjectProperties>
			<OpacityLevel>255</OpacityLevel>
			<LodDistance>16960</LodDistance>
			<IsVisible>true</IsVisible>
			<MaxHealth>1000</MaxHealth>
			<Health>1000</Health>
			<HasGravity>true</HasGravity>
			<IsOnFire>false</IsOnFire>
			<IsInvincible>false</IsInvincible>
			<IsBulletProof>false</IsBulletProof>
			<IsCollisionProof>false</IsCollisionProof>
			<IsExplosionProof>false</IsExplosionProof>
			<IsFireProof>false</IsFireProof>
			<IsMeleeProof>false</IsMeleeProof>
			<IsOnlyDamagedByPlayer>false</IsOnlyDamagedByPlayer>
			<PositionRotation>
				<X>1712.71313</X>
				<Y>3267.85327</Y>
				<Z>41.0474663</Z>
				<Pitch>-78.8048706</Pitch>
				<Roll>-0.552006125</Roll>
				<Yaw>111.352219</Yaw>
			</PositionRotation>
			<Attachment isAttached="true">
				<AttachedTo>145011</AttachedTo>
				<BoneIndex>0</BoneIndex>
				<X>0.722460806</X>
				<Y>-1.55570006</Y>
				<Z>0.425358832</Z>
				<Pitch>-78.5826721</Pitch>
				<Roll>0.0465085506</Roll>
				<Yaw>6.08697462</Yaw>
			</Attachment>
		</Attachment>
		<Attachment>
			<ModelHash>0x710841e5</ModelHash>
			<Type>3</Type>
			<Dynamic>false</Dynamic>
			<FrozenPos>true</FrozenPos>
			<HashName>prop_scaffold_pole</HashName>
			<InitialHandle>84749</InitialHandle>
			<ObjectProperties>
				<TextureVariation>0</TextureVariation>
			</ObjectProperties>
			<OpacityLevel>255</OpacityLevel>
			<LodDistance>16960</LodDistance>
			<IsVisible>true</IsVisible>
			<MaxHealth>1000</MaxHealth>
			<Health>1000</Health>
			<HasGravity>true</HasGravity>
			<IsOnFire>false</IsOnFire>
			<IsInvincible>false</IsInvincible>
			<IsBulletProof>false</IsBulletProof>
			<IsCollisionProof>false</IsCollisionProof>
			<IsExplosionProof>false</IsExplosionProof>
			<IsFireProof>false</IsFireProof>
			<IsMeleeProof>false</IsMeleeProof>
			<IsOnlyDamagedByPlayer>false</IsOnlyDamagedByPlayer>
			<PositionRotation>
				<X>1712.70227</X>
				<Y>3267.89209</Y>
				<Z>41.0075645</Z>
				<Pitch>-78.8048706</Pitch>
				<Roll>-0.552006125</Roll>
				<Yaw>111.352219</Yaw>
			</PositionRotation>
			<Attachment isAttached="true">
				<AttachedTo>145011</AttachedTo>
				<BoneIndex>0</BoneIndex>
				<X>0.762460768</X>
				<Y>-1.55570006</Y>
				<Z>0.38535887</Z>
				<Pitch>-78.5826721</Pitch>
				<Roll>0.0465085506</Roll>
				<Yaw>6.08697462</Yaw>
			</Attachment>
		</Attachment>
		<Attachment>
			<ModelHash>0x710841e5</ModelHash>
			<Type>3</Type>
			<Dynamic>false</Dynamic>
			<FrozenPos>true</FrozenPos>
			<HashName>prop_scaffold_pole</HashName>
			<InitialHandle>24144</InitialHandle>
			<ObjectProperties>
				<TextureVariation>0</TextureVariation>
			</ObjectProperties>
			<OpacityLevel>255</OpacityLevel>
			<LodDistance>16960</LodDistance>
			<IsVisible>true</IsVisible>
			<MaxHealth>1000</MaxHealth>
			<Health>1000</Health>
			<HasGravity>true</HasGravity>
			<IsOnFire>false</IsOnFire>
			<IsInvincible>false</IsInvincible>
			<IsBulletProof>false</IsBulletProof>
			<IsCollisionProof>false</IsCollisionProof>
			<IsExplosionProof>false</IsExplosionProof>
			<IsFireProof>false</IsFireProof>
			<IsMeleeProof>false</IsMeleeProof>
			<IsOnlyDamagedByPlayer>false</IsOnlyDamagedByPlayer>
			<PositionRotation>
				<X>1712.68884</X>
				<Y>3267.94019</Y>
				<Z>40.9476891</Z>
				<Pitch>-78.8048706</Pitch>
				<Roll>-0.552006125</Roll>
				<Yaw>111.352219</Yaw>
			</PositionRotation>
			<Attachment isAttached="true">
				<AttachedTo>145011</AttachedTo>
				<BoneIndex>0</BoneIndex>
				<X>0.812460721</X>
				<Y>-1.55570006</Y>
				<Z>0.325358927</Z>
				<Pitch>-78.5826721</Pitch>
				<Roll>0.0465085506</Roll>
				<Yaw>6.08697462</Yaw>
			</Attachment>
		</Attachment>
		<Attachment>
			<ModelHash>0x710841e5</ModelHash>
			<Type>3</Type>
			<Dynamic>false</Dynamic>
			<FrozenPos>true</FrozenPos>
			<HashName>prop_scaffold_pole</HashName>
			<InitialHandle>5672</InitialHandle>
			<ObjectProperties>
				<TextureVariation>0</TextureVariation>
			</ObjectProperties>
			<OpacityLevel>255</OpacityLevel>
			<LodDistance>16960</LodDistance>
			<IsVisible>true</IsVisible>
			<MaxHealth>1000</MaxHealth>
			<Health>1000</Health>
			<HasGravity>true</HasGravity>
			<IsOnFire>false</IsOnFire>
			<IsInvincible>false</IsInvincible>
			<IsBulletProof>false</IsBulletProof>
			<IsCollisionProof>false</IsCollisionProof>
			<IsExplosionProof>false</IsExplosionProof>
			<IsFireProof>false</IsFireProof>
			<IsMeleeProof>false</IsMeleeProof>
			<IsOnlyDamagedByPlayer>false</IsOnlyDamagedByPlayer>
			<PositionRotation>
				<X>1713.08423</X>
				<Y>3266.54468</Y>
				<Z>41.1641617</Z>
				<Pitch>-81.8047485</Pitch>
				<Roll>9.23131847</Roll>
				<Yaw>111.132484</Yaw>
			</PositionRotation>
			<Attachment isAttached="true">
				<AttachedTo>145011</AttachedTo>
				<BoneIndex>0</BoneIndex>
				<X>-0.637538493</X>
				<Y>-1.55570006</Y>
				<Z>0.545358717</Z>
				<Pitch>-81.5826721</Pitch>
				<Roll>10.0465078</Roll>
				<Yaw>6.08697462</Yaw>
			</Attachment>
		</Attachment>
		<Attachment>
			<ModelHash>0x710841e5</ModelHash>
			<Type>3</Type>
			<Dynamic>false</Dynamic>
			<FrozenPos>true</FrozenPos>
			<HashName>prop_scaffold_pole</HashName>
			<InitialHandle>104257</InitialHandle>
			<ObjectProperties>
				<TextureVariation>0</TextureVariation>
			</ObjectProperties>
			<OpacityLevel>255</OpacityLevel>
			<LodDistance>16960</LodDistance>
			<IsVisible>true</IsVisible>
			<MaxHealth>1000</MaxHealth>
			<Health>1000</Health>
			<HasGravity>true</HasGravity>
			<IsOnFire>false</IsOnFire>
			<IsInvincible>false</IsInvincible>
			<IsBulletProof>false</IsBulletProof>
			<IsCollisionProof>false</IsCollisionProof>
			<IsExplosionProof>false</IsExplosionProof>
			<IsFireProof>false</IsFireProof>
			<IsMeleeProof>false</IsMeleeProof>
			<IsOnlyDamagedByPlayer>false</IsOnlyDamagedByPlayer>
			<PositionRotation>
				<X>1713.09534</X>
				<Y>3266.50635</Y>
				<Z>41.1140671</Z>
				<Pitch>-81.8047485</Pitch>
				<Roll>9.23131847</Roll>
				<Yaw>111.132484</Yaw>
			</PositionRotation>
			<Attachment isAttached="true">
				<AttachedTo>145011</AttachedTo>
				<BoneIndex>0</BoneIndex>
				<X>-0.677538455</X>
				<Y>-1.55570006</Y>
				<Z>0.495358765</Z>
				<Pitch>-81.5826721</Pitch>
				<Roll>10.0465078</Roll>
				<Yaw>6.08697462</Yaw>
			</Attachment>
		</Attachment>
		<Attachment>
			<ModelHash>0x710841e5</ModelHash>
			<Type>3</Type>
			<Dynamic>false</Dynamic>
			<FrozenPos>true</FrozenPos>
			<HashName>prop_scaffold_pole</HashName>
			<InitialHandle>25104</InitialHandle>
			<ObjectProperties>
				<TextureVariation>0</TextureVariation>
			</ObjectProperties>
			<OpacityLevel>255</OpacityLevel>
			<LodDistance>16960</LodDistance>
			<IsVisible>true</IsVisible>
			<MaxHealth>1000</MaxHealth>
			<Health>1000</Health>
			<HasGravity>true</HasGravity>
			<IsOnFire>false</IsOnFire>
			<IsInvincible>false</IsInvincible>
			<IsBulletProof>false</IsBulletProof>
			<IsCollisionProof>false</IsCollisionProof>
			<IsExplosionProof>false</IsExplosionProof>
			<IsFireProof>false</IsFireProof>
			<IsMeleeProof>false</IsMeleeProof>
			<IsOnlyDamagedByPlayer>false</IsOnlyDamagedByPlayer>
			<PositionRotation>
				<X>1713.11194</X>
				<Y>3266.44897</Y>
				<Z>41.0539207</Z>
				<Pitch>-81.8047485</Pitch>
				<Roll>9.23131847</Roll>
				<Yaw>111.132484</Yaw>
			</PositionRotation>
			<Attachment isAttached="true">
				<AttachedTo>145011</AttachedTo>
				<BoneIndex>0</BoneIndex>
				<X>-0.737538397</X>
				<Y>-1.55570006</Y>
				<Z>0.435358822</Z>
				<Pitch>-81.5826721</Pitch>
				<Roll>10.0465078</Roll>
				<Yaw>6.08697462</Yaw>
			</Attachment>
		</Attachment>
		<Attachment>
			<ModelHash>0x710841e5</ModelHash>
			<Type>3</Type>
			<Dynamic>false</Dynamic>
			<FrozenPos>true</FrozenPos>
			<HashName>prop_scaffold_pole</HashName>
			<InitialHandle>103476</InitialHandle>
			<ObjectProperties>
				<TextureVariation>0</TextureVariation>
			</ObjectProperties>
			<OpacityLevel>255</OpacityLevel>
			<LodDistance>16960</LodDistance>
			<IsVisible>true</IsVisible>
			<MaxHealth>1000</MaxHealth>
			<Health>1000</Health>
			<HasGravity>true</HasGravity>
			<IsOnFire>false</IsOnFire>
			<IsInvincible>false</IsInvincible>
			<IsBulletProof>false</IsBulletProof>
			<IsCollisionProof>false</IsCollisionProof>
			<IsExplosionProof>false</IsExplosionProof>
			<IsFireProof>false</IsFireProof>
			<IsMeleeProof>false</IsMeleeProof>
			<IsOnlyDamagedByPlayer>false</IsOnlyDamagedByPlayer>
			<PositionRotation>
				<X>1713.12573</X>
				<Y>3266.40088</Y>
				<Z>41.0037994</Z>
				<Pitch>-81.8047485</Pitch>
				<Roll>9.23131847</Roll>
				<Yaw>111.132484</Yaw>
			</PositionRotation>
			<Attachment isAttached="true">
				<AttachedTo>145011</AttachedTo>
				<BoneIndex>0</BoneIndex>
				<X>-0.78753835</X>
				<Y>-1.55570006</Y>
				<Z>0.38535887</Z>
				<Pitch>-81.5826721</Pitch>
				<Roll>10.0465078</Roll>
				<Yaw>6.08697462</Yaw>
			</Attachment>
		</Attachment>
		<Attachment>
			<ModelHash>0x710841e5</ModelHash>
			<Type>3</Type>
			<Dynamic>false</Dynamic>
			<FrozenPos>true</FrozenPos>
			<HashName>prop_scaffold_pole</HashName>
			<InitialHandle>158507</InitialHandle>
			<ObjectProperties>
				<TextureVariation>0</TextureVariation>
			</ObjectProperties>
			<OpacityLevel>255</OpacityLevel>
			<LodDistance>16960</LodDistance>
			<IsVisible>true</IsVisible>
			<MaxHealth>1000</MaxHealth>
			<Health>1000</Health>
			<HasGravity>true</HasGravity>
			<IsOnFire>false</IsOnFire>
			<IsInvincible>false</IsInvincible>
			<IsBulletProof>false</IsBulletProof>
			<IsCollisionProof>false</IsCollisionProof>
			<IsExplosionProof>false</IsExplosionProof>
			<IsFireProof>false</IsFireProof>
			<IsMeleeProof>false</IsMeleeProof>
			<IsOnlyDamagedByPlayer>false</IsOnlyDamagedByPlayer>
			<PositionRotation>
				<X>1713.13684</X>
				<Y>3266.36255</Y>
				<Z>40.9437027</Z>
				<Pitch>-81.8047485</Pitch>
				<Roll>9.23131847</Roll>
				<Yaw>111.132484</Yaw>
			</PositionRotation>
			<Attachment isAttached="true">
				<AttachedTo>145011</AttachedTo>
				<BoneIndex>0</BoneIndex>
				<X>-0.827538311</X>
				<Y>-1.55570006</Y>
				<Z>0.325358927</Z>
				<Pitch>-81.5826721</Pitch>
				<Roll>10.0465078</Roll>
				<Yaw>6.08697462</Yaw>
			</Attachment>
		</Attachment>
		<Attachment>
			<ModelHash>0x710841e5</ModelHash>
			<Type>3</Type>
			<Dynamic>false</Dynamic>
			<FrozenPos>true</FrozenPos>
			<HashName>prop_scaffold_pole</HashName>
			<InitialHandle>146747</InitialHandle>
			<ObjectProperties>
				<TextureVariation>0</TextureVariation>
			</ObjectProperties>
			<OpacityLevel>255</OpacityLevel>
			<LodDistance>16960</LodDistance>
			<IsVisible>true</IsVisible>
			<MaxHealth>1000</MaxHealth>
			<Health>1000</Health>
			<HasGravity>true</HasGravity>
			<IsOnFire>false</IsOnFire>
			<IsInvincible>false</IsInvincible>
			<IsBulletProof>false</IsBulletProof>
			<IsCollisionProof>false</IsCollisionProof>
			<IsExplosionProof>false</IsExplosionProof>
			<IsFireProof>false</IsFireProof>
			<IsMeleeProof>false</IsMeleeProof>
			<IsOnlyDamagedByPlayer>false</IsOnlyDamagedByPlayer>
			<PositionRotation>
				<X>1711.61755</X>
				<Y>3265.94849</Y>
				<Z>40.9991226</Z>
				<Pitch>-87.6505585</Pitch>
				<Roll>74.5840073</Roll>
				<Yaw>0.385297388</Yaw>
			</PositionRotation>
			<Attachment isAttached="true">
				<AttachedTo>145011</AttachedTo>
				<BoneIndex>42</BoneIndex>
				<X>-0.688308358</X>
				<Y>-0.311234683</Y>
				<Z>-0.393746763</Z>
				<Pitch>0.417326897</Pitch>
				<Roll>0.0465031676</Roll>
				<Yaw>-177.874664</Yaw>
			</Attachment>
		</Attachment>
		<Attachment>
			<ModelHash>0x710841e5</ModelHash>
			<Type>3</Type>
			<Dynamic>false</Dynamic>
			<FrozenPos>true</FrozenPos>
			<HashName>prop_scaffold_pole</HashName>
			<InitialHandle>132407</InitialHandle>
			<ObjectProperties>
				<TextureVariation>0</TextureVariation>
			</ObjectProperties>
			<OpacityLevel>255</OpacityLevel>
			<LodDistance>16960</LodDistance>
			<IsVisible>true</IsVisible>
			<MaxHealth>1000</MaxHealth>
			<Health>1000</Health>
			<HasGravity>true</HasGravity>
			<IsOnFire>false</IsOnFire>
			<IsInvincible>false</IsInvincible>
			<IsBulletProof>false</IsBulletProof>
			<IsCollisionProof>false</IsCollisionProof>
			<IsExplosionProof>false</IsExplosionProof>
			<IsFireProof>false</IsFireProof>
			<IsMeleeProof>false</IsMeleeProof>
			<IsOnlyDamagedByPlayer>false</IsOnlyDamagedByPlayer>
			<PositionRotation>
				<X>1711.60352</X>
				<Y>3265.99731</Y>
				<Z>41.0382462</Z>
				<Pitch>-87.6505585</Pitch>
				<Roll>74.5840073</Roll>
				<Yaw>0.385297388</Yaw>
			</PositionRotation>
			<Attachment isAttached="true">
				<AttachedTo>145011</AttachedTo>
				<BoneIndex>42</BoneIndex>
				<X>-0.637308419</X>
				<Y>-0.272234589</Y>
				<Z>-0.393746763</Z>
				<Pitch>0.417326897</Pitch>
				<Roll>0.0465031676</Roll>
				<Yaw>-177.874664</Yaw>
			</Attachment>
		</Attachment>
		<Attachment>
			<ModelHash>0x710841e5</ModelHash>
			<Type>3</Type>
			<Dynamic>false</Dynamic>
			<FrozenPos>true</FrozenPos>
			<HashName>prop_scaffold_pole</HashName>
			<InitialHandle>174370</InitialHandle>
			<ObjectProperties>
				<TextureVariation>0</TextureVariation>
			</ObjectProperties>
			<OpacityLevel>255</OpacityLevel>
			<LodDistance>16960</LodDistance>
			<IsVisible>true</IsVisible>
			<MaxHealth>1000</MaxHealth>
			<Health>1000</Health>
			<HasGravity>true</HasGravity>
			<IsOnFire>false</IsOnFire>
			<IsInvincible>false</IsInvincible>
			<IsBulletProof>false</IsBulletProof>
			<IsCollisionProof>false</IsCollisionProof>
			<IsExplosionProof>false</IsExplosionProof>
			<IsFireProof>false</IsFireProof>
			<IsMeleeProof>false</IsMeleeProof>
			<IsOnlyDamagedByPlayer>false</IsOnlyDamagedByPlayer>
			<PositionRotation>
				<X>1711.59265</X>
				<Y>3266.03467</Y>
				<Z>41.0863419</Z>
				<Pitch>-87.6505585</Pitch>
				<Roll>74.5840073</Roll>
				<Yaw>0.385297388</Yaw>
			</PositionRotation>
			<Attachment isAttached="true">
				<AttachedTo>145011</AttachedTo>
				<BoneIndex>42</BoneIndex>
				<X>-0.598308444</X>
				<Y>-0.22423473</Y>
				<Z>-0.393746763</Z>
				<Pitch>0.417326897</Pitch>
				<Roll>0.0465031676</Roll>
				<Yaw>-177.874664</Yaw>
			</Attachment>
		</Attachment>
		<Attachment>
			<ModelHash>0x710841e5</ModelHash>
			<Type>3</Type>
			<Dynamic>false</Dynamic>
			<FrozenPos>true</FrozenPos>
			<HashName>prop_scaffold_pole</HashName>
			<InitialHandle>164920</InitialHandle>
			<ObjectProperties>
				<TextureVariation>0</TextureVariation>
			</ObjectProperties>
			<OpacityLevel>255</OpacityLevel>
			<LodDistance>16960</LodDistance>
			<IsVisible>true</IsVisible>
			<MaxHealth>1000</MaxHealth>
			<Health>1000</Health>
			<HasGravity>true</HasGravity>
			<IsOnFire>false</IsOnFire>
			<IsInvincible>false</IsInvincible>
			<IsBulletProof>false</IsBulletProof>
			<IsCollisionProof>false</IsCollisionProof>
			<IsExplosionProof>false</IsExplosionProof>
			<IsFireProof>false</IsFireProof>
			<IsMeleeProof>false</IsMeleeProof>
			<IsOnlyDamagedByPlayer>false</IsOnlyDamagedByPlayer>
			<PositionRotation>
				<X>1711.60083</X>
				<Y>3266.07837</Y>
				<Z>41.1295128</Z>
				<Pitch>-87.6505585</Pitch>
				<Roll>74.5840073</Roll>
				<Yaw>0.385297388</Yaw>
			</PositionRotation>
			<Attachment isAttached="true">
				<AttachedTo>145011</AttachedTo>
				<BoneIndex>42</BoneIndex>
				<X>-0.558308482</X>
				<Y>-0.181234702</Y>
				<Z>-0.373746783</Z>
				<Pitch>0.417326897</Pitch>
				<Roll>0.0465031676</Roll>
				<Yaw>-177.874664</Yaw>
			</Attachment>
		</Attachment>
		<Attachment>
			<ModelHash>0x710841e5</ModelHash>
			<Type>3</Type>
			<Dynamic>false</Dynamic>
			<FrozenPos>true</FrozenPos>
			<HashName>prop_scaffold_pole</HashName>
			<InitialHandle>1146</InitialHandle>
			<ObjectProperties>
				<TextureVariation>0</TextureVariation>
			</ObjectProperties>
			<OpacityLevel>255</OpacityLevel>
			<LodDistance>16960</LodDistance>
			<IsVisible>true</IsVisible>
			<MaxHealth>1000</MaxHealth>
			<Health>1000</Health>
			<HasGravity>true</HasGravity>
			<IsOnFire>false</IsOnFire>
			<IsInvincible>false</IsInvincible>
			<IsBulletProof>false</IsBulletProof>
			<IsCollisionProof>false</IsCollisionProof>
			<IsExplosionProof>false</IsExplosionProof>
			<IsFireProof>false</IsFireProof>
			<IsMeleeProof>false</IsMeleeProof>
			<IsOnlyDamagedByPlayer>false</IsOnlyDamagedByPlayer>
			<PositionRotation>
				<X>1711.6283</X>
				<Y>3266.12769</Y>
				<Z>41.169754</Z>
				<Pitch>-87.6505585</Pitch>
				<Roll>74.5840073</Roll>
				<Yaw>0.385297388</Yaw>
			</PositionRotation>
			<Attachment isAttached="true">
				<AttachedTo>145011</AttachedTo>
				<BoneIndex>42</BoneIndex>
				<X>-0.51830852</X>
				<Y>-0.141234681</Y>
				<Z>-0.333746821</Z>
				<Pitch>0.417326897</Pitch>
				<Roll>0.0465031676</Roll>
				<Yaw>-177.874664</Yaw>
			</Attachment>
		</Attachment>
		<Attachment>
			<ModelHash>0x710841e5</ModelHash>
			<Type>3</Type>
			<Dynamic>false</Dynamic>
			<FrozenPos>true</FrozenPos>
			<HashName>prop_scaffold_pole</HashName>
			<InitialHandle>156209</InitialHandle>
			<ObjectProperties>
				<TextureVariation>0</TextureVariation>
			</ObjectProperties>
			<OpacityLevel>255</OpacityLevel>
			<LodDistance>16960</LodDistance>
			<IsVisible>true</IsVisible>
			<MaxHealth>1000</MaxHealth>
			<Health>1000</Health>
			<HasGravity>true</HasGravity>
			<IsOnFire>false</IsOnFire>
			<IsInvincible>false</IsInvincible>
			<IsBulletProof>false</IsBulletProof>
			<IsCollisionProof>false</IsCollisionProof>
			<IsExplosionProof>false</IsExplosionProof>
			<IsFireProof>false</IsFireProof>
			<IsMeleeProof>false</IsMeleeProof>
			<IsOnlyDamagedByPlayer>false</IsOnlyDamagedByPlayer>
			<PositionRotation>
				<X>1711.62683</X>
				<Y>3266.16895</Y>
				<Z>41.2098885</Z>
				<Pitch>-87.6505585</Pitch>
				<Roll>74.5840073</Roll>
				<Yaw>0.385297388</Yaw>
			</PositionRotation>
			<Attachment isAttached="true">
				<AttachedTo>145011</AttachedTo>
				<BoneIndex>42</BoneIndex>
				<X>-0.478308558</X>
				<Y>-0.101234682</Y>
				<Z>-0.32374683</Z>
				<Pitch>0.417326897</Pitch>
				<Roll>0.0465031676</Roll>
				<Yaw>-177.874664</Yaw>
			</Attachment>
		</Attachment>
		<Attachment>
			<ModelHash>0x710841e5</ModelHash>
			<Type>3</Type>
			<Dynamic>false</Dynamic>
			<FrozenPos>true</FrozenPos>
			<HashName>prop_scaffold_pole</HashName>
			<InitialHandle>161066</InitialHandle>
			<ObjectProperties>
				<TextureVariation>0</TextureVariation>
			</ObjectProperties>
			<OpacityLevel>255</OpacityLevel>
			<LodDistance>16960</LodDistance>
			<IsVisible>true</IsVisible>
			<MaxHealth>1000</MaxHealth>
			<Health>1000</Health>
			<HasGravity>true</HasGravity>
			<IsOnFire>false</IsOnFire>
			<IsInvincible>false</IsInvincible>
			<IsBulletProof>false</IsBulletProof>
			<IsCollisionProof>false</IsCollisionProof>
			<IsExplosionProof>false</IsExplosionProof>
			<IsFireProof>false</IsFireProof>
			<IsMeleeProof>false</IsMeleeProof>
			<IsOnlyDamagedByPlayer>false</IsOnlyDamagedByPlayer>
			<PositionRotation>
				<X>1711.61584</X>
				<Y>3266.20728</Y>
				<Z>41.2499847</Z>
				<Pitch>-87.6505585</Pitch>
				<Roll>74.5840073</Roll>
				<Yaw>0.385297388</Yaw>
			</PositionRotation>
			<Attachment isAttached="true">
				<AttachedTo>145011</AttachedTo>
				<BoneIndex>42</BoneIndex>
				<X>-0.438308597</X>
				<Y>-0.0612346902</Y>
				<Z>-0.32374683</Z>
				<Pitch>0.417326897</Pitch>
				<Roll>0.0465031676</Roll>
				<Yaw>-177.874664</Yaw>
			</Attachment>
		</Attachment>
		<Attachment>
			<ModelHash>0x710841e5</ModelHash>
			<Type>3</Type>
			<Dynamic>false</Dynamic>
			<FrozenPos>true</FrozenPos>
			<HashName>prop_scaffold_pole</HashName>
			<InitialHandle>53613</InitialHandle>
			<ObjectProperties>
				<TextureVariation>0</TextureVariation>
			</ObjectProperties>
			<OpacityLevel>255</OpacityLevel>
			<LodDistance>16960</LodDistance>
			<IsVisible>true</IsVisible>
			<MaxHealth>1000</MaxHealth>
			<Health>1000</Health>
			<HasGravity>true</HasGravity>
			<IsOnFire>false</IsOnFire>
			<IsInvincible>false</IsInvincible>
			<IsBulletProof>false</IsBulletProof>
			<IsCollisionProof>false</IsCollisionProof>
			<IsExplosionProof>false</IsExplosionProof>
			<IsFireProof>false</IsFireProof>
			<IsMeleeProof>false</IsMeleeProof>
			<IsOnlyDamagedByPlayer>false</IsOnlyDamagedByPlayer>
			<PositionRotation>
				<X>1711.15198</X>
				<Y>3267.50439</Y>
				<Z>40.9992332</Z>
				<Pitch>89.1188431</Pitch>
				<Roll>116.709297</Roll>
				<Yaw>-11.0038538</Yaw>
			</PositionRotation>
			<Attachment isAttached="true">
				<AttachedTo>145011</AttachedTo>
				<BoneIndex>39</BoneIndex>
				<X>0.690537989</X>
				<Y>-0.314984739</Y>
				<Z>-0.416676551</Z>
				<Pitch>0.60756737</Pitch>
				<Roll>-0.140847087</Roll>
				<Yaw>-0.92590332</Yaw>
			</Attachment>
		</Attachment>
		<Attachment>
			<ModelHash>0x710841e5</ModelHash>
			<Type>3</Type>
			<Dynamic>false</Dynamic>
			<FrozenPos>true</FrozenPos>
			<HashName>prop_scaffold_pole</HashName>
			<InitialHandle>150615</InitialHandle>
			<ObjectProperties>
				<TextureVariation>0</TextureVariation>
			</ObjectProperties>
			<OpacityLevel>255</OpacityLevel>
			<LodDistance>16960</LodDistance>
			<IsVisible>true</IsVisible>
			<MaxHealth>1000</MaxHealth>
			<Health>1000</Health>
			<HasGravity>true</HasGravity>
			<IsOnFire>false</IsOnFire>
			<IsInvincible>false</IsInvincible>
			<IsBulletProof>false</IsBulletProof>
			<IsCollisionProof>false</IsCollisionProof>
			<IsExplosionProof>false</IsExplosionProof>
			<IsFireProof>false</IsFireProof>
			<IsMeleeProof>false</IsMeleeProof>
			<IsOnlyDamagedByPlayer>false</IsOnlyDamagedByPlayer>
			<PositionRotation>
				<X>1711.17236</X>
				<Y>3267.46851</Y>
				<Z>41.0491714</Z>
				<Pitch>89.1188431</Pitch>
				<Roll>116.709297</Roll>
				<Yaw>-11.0038538</Yaw>
			</PositionRotation>
			<Attachment isAttached="true">
				<AttachedTo>145011</AttachedTo>
				<BoneIndex>39</BoneIndex>
				<X>0.650538027</X>
				<Y>-0.264984787</Y>
				<Z>-0.406676561</Z>
				<Pitch>0.60756737</Pitch>
				<Roll>-0.140847087</Roll>
				<Yaw>-0.92590332</Yaw>
			</Attachment>
		</Attachment>
		<Attachment>
			<ModelHash>0x710841e5</ModelHash>
			<Type>3</Type>
			<Dynamic>false</Dynamic>
			<FrozenPos>true</FrozenPos>
			<HashName>prop_scaffold_pole</HashName>
			<InitialHandle>165432</InitialHandle>
			<ObjectProperties>
				<TextureVariation>0</TextureVariation>
			</ObjectProperties>
			<OpacityLevel>255</OpacityLevel>
			<LodDistance>16960</LodDistance>
			<IsVisible>true</IsVisible>
			<MaxHealth>1000</MaxHealth>
			<Health>1000</Health>
			<HasGravity>true</HasGravity>
			<IsOnFire>false</IsOnFire>
			<IsInvincible>false</IsInvincible>
			<IsBulletProof>false</IsBulletProof>
			<IsCollisionProof>false</IsCollisionProof>
			<IsExplosionProof>false</IsExplosionProof>
			<IsFireProof>false</IsFireProof>
			<IsMeleeProof>false</IsMeleeProof>
			<IsOnlyDamagedByPlayer>false</IsOnlyDamagedByPlayer>
			<PositionRotation>
				<X>1711.21204</X>
				<Y>3267.43799</Y>
				<Z>41.0891838</Z>
				<Pitch>89.1188431</Pitch>
				<Roll>116.709297</Roll>
				<Yaw>-11.0038538</Yaw>
			</PositionRotation>
			<Attachment isAttached="true">
				<AttachedTo>145011</AttachedTo>
				<BoneIndex>39</BoneIndex>
				<X>0.610538065</X>
				<Y>-0.22498478</Y>
				<Z>-0.376676589</Z>
				<Pitch>0.60756737</Pitch>
				<Roll>-0.140847087</Roll>
				<Yaw>-0.92590332</Yaw>
			</Attachment>
		</Attachment>
		<Attachment>
			<ModelHash>0x710841e5</ModelHash>
			<Type>3</Type>
			<Dynamic>false</Dynamic>
			<FrozenPos>true</FrozenPos>
			<HashName>prop_scaffold_pole</HashName>
			<InitialHandle>3194</InitialHandle>
			<ObjectProperties>
				<TextureVariation>0</TextureVariation>
			</ObjectProperties>
			<OpacityLevel>255</OpacityLevel>
			<LodDistance>16960</LodDistance>
			<IsVisible>true</IsVisible>
			<MaxHealth>1000</MaxHealth>
			<Health>1000</Health>
			<HasGravity>true</HasGravity>
			<IsOnFire>false</IsOnFire>
			<IsInvincible>false</IsInvincible>
			<IsBulletProof>false</IsBulletProof>
			<IsCollisionProof>false</IsCollisionProof>
			<IsExplosionProof>false</IsExplosionProof>
			<IsFireProof>false</IsFireProof>
			<IsMeleeProof>false</IsMeleeProof>
			<IsOnlyDamagedByPlayer>false</IsOnlyDamagedByPlayer>
			<PositionRotation>
				<X>1711.22278</X>
				<Y>3267.39941</Y>
				<Z>41.1390877</Z>
				<Pitch>89.1188431</Pitch>
				<Roll>116.709297</Roll>
				<Yaw>-11.0038538</Yaw>
			</PositionRotation>
			<Attachment isAttached="true">
				<AttachedTo>145011</AttachedTo>
				<BoneIndex>39</BoneIndex>
				<X>0.570538104</X>
				<Y>-0.174984753</Y>
				<Z>-0.376676589</Z>
				<Pitch>0.60756737</Pitch>
				<Roll>-0.140847087</Roll>
				<Yaw>-0.92590332</Yaw>
			</Attachment>
		</Attachment>
		<Attachment>
			<ModelHash>0x710841e5</ModelHash>
			<Type>3</Type>
			<Dynamic>false</Dynamic>
			<FrozenPos>true</FrozenPos>
			<HashName>prop_scaffold_pole</HashName>
			<InitialHandle>124529</InitialHandle>
			<ObjectProperties>
				<TextureVariation>0</TextureVariation>
			</ObjectProperties>
			<OpacityLevel>255</OpacityLevel>
			<LodDistance>16960</LodDistance>
			<IsVisible>true</IsVisible>
			<MaxHealth>1000</MaxHealth>
			<Health>1000</Health>
			<HasGravity>true</HasGravity>
			<IsOnFire>false</IsOnFire>
			<IsInvincible>false</IsInvincible>
			<IsBulletProof>false</IsBulletProof>
			<IsCollisionProof>false</IsCollisionProof>
			<IsExplosionProof>false</IsExplosionProof>
			<IsFireProof>false</IsFireProof>
			<IsMeleeProof>false</IsMeleeProof>
			<IsOnlyDamagedByPlayer>false</IsOnlyDamagedByPlayer>
			<PositionRotation>
				<X>1711.25281</X>
				<Y>3267.36621</Y>
				<Z>41.1790619</Z>
				<Pitch>89.1188431</Pitch>
				<Roll>116.709297</Roll>
				<Yaw>-11.0038538</Yaw>
			</PositionRotation>
			<Attachment isAttached="true">
				<AttachedTo>145011</AttachedTo>
				<BoneIndex>39</BoneIndex>
				<X>0.530538142</X>
				<Y>-0.134984732</Y>
				<Z>-0.356676608</Z>
				<Pitch>0.60756737</Pitch>
				<Roll>-0.140847087</Roll>
				<Yaw>-0.92590332</Yaw>
			</Attachment>
		</Attachment>
		<Attachment>
			<ModelHash>0x710841e5</ModelHash>
			<Type>3</Type>
			<Dynamic>false</Dynamic>
			<FrozenPos>true</FrozenPos>
			<HashName>prop_scaffold_pole</HashName>
			<InitialHandle>9589</InitialHandle>
			<ObjectProperties>
				<TextureVariation>0</TextureVariation>
			</ObjectProperties>
			<OpacityLevel>255</OpacityLevel>
			<LodDistance>16960</LodDistance>
			<IsVisible>true</IsVisible>
			<MaxHealth>1000</MaxHealth>
			<Health>1000</Health>
			<HasGravity>true</HasGravity>
			<IsOnFire>false</IsOnFire>
			<IsInvincible>false</IsInvincible>
			<IsBulletProof>false</IsBulletProof>
			<IsCollisionProof>false</IsCollisionProof>
			<IsExplosionProof>false</IsExplosionProof>
			<IsFireProof>false</IsFireProof>
			<IsMeleeProof>false</IsMeleeProof>
			<IsOnlyDamagedByPlayer>false</IsOnlyDamagedByPlayer>
			<PositionRotation>
				<X>1711.34058</X>
				<Y>3267.34961</Y>
				<Z>41.2192574</Z>
				<Pitch>89.1188431</Pitch>
				<Roll>116.709297</Roll>
				<Yaw>-11.0038538</Yaw>
			</PositionRotation>
			<Attachment isAttached="true">
				<AttachedTo>145011</AttachedTo>
				<BoneIndex>39</BoneIndex>
				<X>0.49053818</X>
				<Y>-0.09498474</Y>
				<Z>-0.276676685</Z>
				<Pitch>0.60756737</Pitch>
				<Roll>-0.140847087</Roll>
				<Yaw>-0.92590332</Yaw>
			</Attachment>
		</Attachment>
		<Attachment>
			<ModelHash>0x710841e5</ModelHash>
			<Type>3</Type>
			<Dynamic>false</Dynamic>
			<FrozenPos>true</FrozenPos>
			<HashName>prop_scaffold_pole</HashName>
			<InitialHandle>159531</InitialHandle>
			<ObjectProperties>
				<TextureVariation>0</TextureVariation>
			</ObjectProperties>
			<OpacityLevel>255</OpacityLevel>
			<LodDistance>16960</LodDistance>
			<IsVisible>true</IsVisible>
			<MaxHealth>1000</MaxHealth>
			<Health>1000</Health>
			<HasGravity>true</HasGravity>
			<IsOnFire>false</IsOnFire>
			<IsInvincible>false</IsInvincible>
			<IsBulletProof>false</IsBulletProof>
			<IsCollisionProof>false</IsCollisionProof>
			<IsExplosionProof>false</IsExplosionProof>
			<IsFireProof>false</IsFireProof>
			<IsMeleeProof>false</IsMeleeProof>
			<IsOnlyDamagedByPlayer>false</IsOnlyDamagedByPlayer>
			<PositionRotation>
				<X>1711.39954</X>
				<Y>3267.32446</Y>
				<Z>41.2493439</Z>
				<Pitch>89.1188431</Pitch>
				<Roll>116.709297</Roll>
				<Yaw>-11.0038538</Yaw>
			</PositionRotation>
			<Attachment isAttached="true">
				<AttachedTo>145011</AttachedTo>
				<BoneIndex>39</BoneIndex>
				<X>0.450538218</X>
				<Y>-0.0649847463</Y>
				<Z>-0.226676688</Z>
				<Pitch>0.60756737</Pitch>
				<Roll>-0.140847087</Roll>
				<Yaw>-0.92590332</Yaw>
			</Attachment>
		</Attachment>
		<Attachment>
			<ModelHash>0x7f2b2371</ModelHash>
			<Type>3</Type>
			<Dynamic>false</Dynamic>
			<FrozenPos>true</FrozenPos>
			<HashName>prop_ld_fireaxe</HashName>
			<InitialHandle>178958</InitialHandle>
			<ObjectProperties>
				<TextureVariation>0</TextureVariation>
			</ObjectProperties>
			<OpacityLevel>255</OpacityLevel>
			<LodDistance>16960</LodDistance>
			<IsVisible>true</IsVisible>
			<MaxHealth>1000</MaxHealth>
			<Health>1000</Health>
			<HasGravity>true</HasGravity>
			<IsOnFire>false</IsOnFire>
			<IsInvincible>false</IsInvincible>
			<IsBulletProof>false</IsBulletProof>
			<IsCollisionProof>false</IsCollisionProof>
			<IsExplosionProof>false</IsExplosionProof>
			<IsFireProof>false</IsFireProof>
			<IsMeleeProof>false</IsMeleeProof>
			<IsOnlyDamagedByPlayer>false</IsOnlyDamagedByPlayer>
			<PositionRotation>
				<X>1712.37964</X>
				<Y>3267.06055</Y>
				<Z>41.3540878</Z>
				<Pitch>-89.1259689</Pitch>
				<Roll>-9.07886028</Roll>
				<Yaw>96.9760818</Yaw>
			</PositionRotation>
			<Attachment isAttached="true">
				<AttachedTo>145011</AttachedTo>
				<BoneIndex>0</BoneIndex>
				<X>0.0515705422</X>
				<Y>-1.01942647</Y>
				<Z>0.735570967</Z>
				<Pitch>-88.9267654</Pitch>
				<Roll>0.0242395401</Roll>
				<Yaw>0.225738525</Yaw>
			</Attachment>
		</Attachment>
		<Attachment>
			<ModelHash>0x9970602c</ModelHash>
			<Type>3</Type>
			<Dynamic>false</Dynamic>
			<FrozenPos>true</FrozenPos>
			<HashName>prop_bumper_02</HashName>
			<InitialHandle>97911</InitialHandle>
			<ObjectProperties>
				<TextureVariation>0</TextureVariation>
			</ObjectProperties>
			<OpacityLevel>255</OpacityLevel>
			<LodDistance>16960</LodDistance>
			<IsVisible>true</IsVisible>
			<MaxHealth>1000</MaxHealth>
			<Health>1000</Health>
			<HasGravity>true</HasGravity>
			<IsOnFire>false</IsOnFire>
			<IsInvincible>false</IsInvincible>
			<IsBulletProof>false</IsBulletProof>
			<IsCollisionProof>false</IsCollisionProof>
			<IsExplosionProof>false</IsExplosionProof>
			<IsFireProof>false</IsFireProof>
			<IsMeleeProof>false</IsMeleeProof>
			<IsOnlyDamagedByPlayer>false</IsOnlyDamagedByPlayer>
			<PositionRotation>
				<X>1709.48621</X>
				<Y>3266.18579</Y>
				<Z>40.6722298</Z>
				<Pitch>0.282546639</Pitch>
				<Roll>0.163286716</Roll>
				<Yaw>-74.1139221</Yaw>
			</PositionRotation>
			<Attachment isAttached="true">
				<AttachedTo>145011</AttachedTo>
				<BoneIndex>0</BoneIndex>
				<X>-0.0012479499</X>
				<Y>2.00540447</Y>
				<Z>0.0648774952</Z>
				<Pitch>0.0732331127</Pitch>
				<Roll>0.024239555</Roll>
				<Yaw>-179.965652</Yaw>
			</Attachment>
		</Attachment>
		<Attachment>
			<ModelHash>0x9970602c</ModelHash>
			<Type>3</Type>
			<Dynamic>false</Dynamic>
			<FrozenPos>true</FrozenPos>
			<HashName>prop_bumper_02</HashName>
			<InitialHandle>297</InitialHandle>
			<ObjectProperties>
				<TextureVariation>0</TextureVariation>
			</ObjectProperties>
			<OpacityLevel>255</OpacityLevel>
			<LodDistance>16960</LodDistance>
			<IsVisible>true</IsVisible>
			<MaxHealth>1000</MaxHealth>
			<Health>1000</Health>
			<HasGravity>true</HasGravity>
			<IsOnFire>false</IsOnFire>
			<IsInvincible>false</IsInvincible>
			<IsBulletProof>false</IsBulletProof>
			<IsCollisionProof>false</IsCollisionProof>
			<IsExplosionProof>false</IsExplosionProof>
			<IsFireProof>false</IsFireProof>
			<IsMeleeProof>false</IsMeleeProof>
			<IsOnlyDamagedByPlayer>false</IsOnlyDamagedByPlayer>
			<PositionRotation>
				<X>1709.61096</X>
				<Y>3266.22095</Y>
				<Z>40.7627029</Z>
				<Pitch>-15.7174082</Pitch>
				<Roll>-179.731293</Roll>
				<Yaw>-74.0741043</Yaw>
			</PositionRotation>
			<Attachment isAttached="true">
				<AttachedTo>145011</AttachedTo>
				<BoneIndex>0</BoneIndex>
				<X>-0.0012479499</X>
				<Y>1.8754046</Y>
				<Z>0.154877499</Z>
				<Pitch>-15.9267664</Pitch>
				<Roll>-179.875748</Roll>
				<Yaw>-179.965652</Yaw>
			</Attachment>
		</Attachment>
		<Attachment>
			<ModelHash>0xacdef4a2</ModelHash>
			<Type>3</Type>
			<Dynamic>false</Dynamic>
			<FrozenPos>true</FrozenPos>
			<HashName>prop_tv_01</HashName>
			<InitialHandle>142643</InitialHandle>
			<ObjectProperties>
				<TextureVariation>0</TextureVariation>
			</ObjectProperties>
			<OpacityLevel>255</OpacityLevel>
			<LodDistance>16960</LodDistance>
			<IsVisible>true</IsVisible>
			<MaxHealth>1000</MaxHealth>
			<Health>1000</Health>
			<HasGravity>true</HasGravity>
			<IsOnFire>false</IsOnFire>
			<IsInvincible>false</IsInvincible>
			<IsBulletProof>false</IsBulletProof>
			<IsCollisionProof>false</IsCollisionProof>
			<IsExplosionProof>false</IsExplosionProof>
			<IsFireProof>false</IsFireProof>
			<IsMeleeProof>false</IsMeleeProof>
			<IsOnlyDamagedByPlayer>false</IsOnlyDamagedByPlayer>
			<PositionRotation>
				<X>1713.39795</X>
				<Y>3267.22461</Y>
				<Z>40.8005943</Z>
				<Pitch>0.281509101</Pitch>
				<Roll>0.164835915</Roll>
				<Yaw>-74.5390549</Yaw>
			</PositionRotation>
			<Attachment isAttached="true">
				<AttachedTo>145011</AttachedTo>
				<BoneIndex>0</BoneIndex>
				<X>-0.0701616853</X>
				<Y>-2.04184866</Y>
				<Z>0.178633451</Z>
				<Pitch>0.0732331127</Pitch>
				<Roll>0.024239555</Roll>
				<Yaw>-180.390778</Yaw>
			</Attachment>
		</Attachment>
		<Attachment>
			<ModelHash>0xacdef4a2</ModelHash>
			<Type>3</Type>
			<Dynamic>false</Dynamic>
			<FrozenPos>true</FrozenPos>
			<HashName>prop_tv_01</HashName>
			<InitialHandle>85085</InitialHandle>
			<ObjectProperties>
				<TextureVariation>0</TextureVariation>
			</ObjectProperties>
			<OpacityLevel>255</OpacityLevel>
			<LodDistance>16960</LodDistance>
			<IsVisible>true</IsVisible>
			<MaxHealth>1000</MaxHealth>
			<Health>1000</Health>
			<HasGravity>true</HasGravity>
			<IsOnFire>false</IsOnFire>
			<IsInvincible>false</IsInvincible>
			<IsBulletProof>false</IsBulletProof>
			<IsCollisionProof>false</IsCollisionProof>
			<IsExplosionProof>false</IsExplosionProof>
			<IsFireProof>false</IsFireProof>
			<IsMeleeProof>false</IsMeleeProof>
			<IsOnlyDamagedByPlayer>false</IsOnlyDamagedByPlayer>
			<PositionRotation>
				<X>1713.35706</X>
				<Y>3267.3689</Y>
				<Z>40.8009605</Z>
				<Pitch>0.281509101</Pitch>
				<Roll>0.164835915</Roll>
				<Yaw>-74.5390549</Yaw>
			</PositionRotation>
			<Attachment isAttached="true">
				<AttachedTo>145011</AttachedTo>
				<BoneIndex>0</BoneIndex>
				<X>0.0798382908</X>
				<Y>-2.04184866</Y>
				<Z>0.178633451</Z>
				<Pitch>0.0732331127</Pitch>
				<Roll>0.024239555</Roll>
				<Yaw>-180.390778</Yaw>
			</Attachment>
		</Attachment>
	</SpoonerAttachments>
</Vehicle>
