<?xml version="1.0" encoding="ISO-8859-1"?>
<Vehicle menyoo_ver="0.99987681b">
	<ModelHash>0x8c2bd0dc</ModelHash>
	<InitialHandle>183383</InitialHandle>
	<VehicleProperties>
		<Colours>
			<Primary>154</Primary>
			<Secondary>12</Secondary>
			<Pearl>0</Pearl>
			<Rim>0</Rim>
			<Mod1_a>6</Mod1_a>
			<Mod1_b>-1</Mod1_b>
			<Mod1_c>-1</Mod1_c>
			<Mod2_a>6</Mod2_a>
			<Mod2_b>-1</Mod2_b>
			<IsPrimaryColourCustom>false</IsPrimaryColourCustom>
			<IsSecondaryColourCustom>false</IsSecondaryColourCustom>
			<tyreSmoke_R>255</tyreSmoke_R>
			<tyreSmoke_G>255</tyreSmoke_G>
			<tyreSmoke_B>255</tyreSmoke_B>
			<LrInterior>0</LrInterior>
			<LrDashboard>0</LrDashboard>
		</Colours>
		<Livery>-1</Livery>
		<NumberPlateText>09HOR929</NumberPlateText>
		<NumberPlateIndex>4</NumberPlateIndex>
		<WheelType>5</WheelType>
		<WheelsInvisible>false</WheelsInvisible>
		<EngineSoundName>BTYPE2</EngineSoundName>
		<WindowTint>0</WindowTint>
		<BulletProofTyres>true</BulletProofTyres>
		<DirtLevel>15</DirtLevel>
		<PaintFade>0.298039228</PaintFade>
		<RoofState>0</RoofState>
		<SirenActive>false</SirenActive>
		<EngineOn>true</EngineOn>
		<EngineHealth>1001.49707</EngineHealth>
		<LightsOn>false</LightsOn>
		<IsRadioLoud>0</IsRadioLoud>
		<LockStatus>1</LockStatus>
		<Neons>
			<Left>false</Left>
			<Right>false</Right>
			<Front>false</Front>
			<Back>false</Back>
			<R>255</R>
			<G>0</G>
			<B>255</B>
		</Neons>
		<ModExtras />
		<Mods>
			<_0>-1,0</_0>
			<_1>-1,0</_1>
			<_2>-1,0</_2>
			<_3>-1,0</_3>
			<_4>0,0</_4>
			<_5>0,0</_5>
			<_6>0,0</_6>
			<_7>3,0</_7>
			<_8>-1,0</_8>
			<_9>-1,0</_9>
			<_10>-1,0</_10>
			<_11>3,0</_11>
			<_12>2,0</_12>
			<_13>2,0</_13>
			<_14>-1,0</_14>
			<_15>-1,0</_15>
			<_16>-1,0</_16>
			<_17>false</_17>
			<_18>true</_18>
			<_19>false</_19>
			<_20>false</_20>
			<_21>false</_21>
			<_22>false</_22>
			<_23>6,1</_23>
			<_24>-1,0</_24>
			<_25>-1,0</_25>
			<_26>-1,0</_26>
			<_27>-1,0</_27>
			<_28>-1,0</_28>
			<_29>-1,0</_29>
			<_30>-1,0</_30>
			<_31>-1,0</_31>
			<_32>-1,0</_32>
			<_33>-1,0</_33>
			<_34>-1,0</_34>
			<_35>-1,0</_35>
			<_36>-1,0</_36>
			<_37>-1,0</_37>
			<_38>-1,0</_38>
			<_39>-1,0</_39>
			<_40>-1,0</_40>
			<_41>-1,0</_41>
			<_42>-1,0</_42>
			<_43>-1,0</_43>
			<_44>-1,0</_44>
			<_45>-1,0</_45>
			<_46>-1,0</_46>
			<_47>-1,0</_47>
			<_48>-1,0</_48>
		</Mods>
		<DoorsOpen>
			<BackLeftDoor>false</BackLeftDoor>
			<BackRightDoor>false</BackRightDoor>
			<FrontLeftDoor>false</FrontLeftDoor>
			<FrontRightDoor>false</FrontRightDoor>
			<Hood>false</Hood>
			<Trunk>false</Trunk>
			<Trunk2>false</Trunk2>
		</DoorsOpen>
		<DoorsBroken>
			<BackLeftDoor>false</BackLeftDoor>
			<BackRightDoor>false</BackRightDoor>
			<FrontLeftDoor>true</FrontLeftDoor>
			<FrontRightDoor>true</FrontRightDoor>
			<Hood>false</Hood>
			<Trunk>false</Trunk>
			<Trunk2>false</Trunk2>
		</DoorsBroken>
		<TyresBursted>
			<FrontLeft>false</FrontLeft>
			<FrontRight>false</FrontRight>
			<_2>false</_2>
			<_3>false</_3>
			<BackLeft>false</BackLeft>
			<BackRight>false</BackRight>
			<_6>false</_6>
			<_7>false</_7>
			<_8>false</_8>
		</TyresBursted>
		<RpmMultiplier>1</RpmMultiplier>
		<TorqueMultiplier>10</TorqueMultiplier>
		<MaxSpeed>86.3888931</MaxSpeed>
		<HeadlightIntensity>1</HeadlightIntensity>
	</VehicleProperties>
	<OpacityLevel>255</OpacityLevel>
	<LodDistance>16960</LodDistance>
	<IsVisible>true</IsVisible>
	<IsDriverVisible>true</IsDriverVisible>
	<MaxHealth>1000</MaxHealth>
	<Health>1000</Health>
	<HasGravity>true</HasGravity>
	<IsOnFire>false</IsOnFire>
	<IsInvincible>false</IsInvincible>
	<IsBulletProof>false</IsBulletProof>
	<IsExplosionProof>false</IsExplosionProof>
	<IsFireProof>false</IsFireProof>
	<IsMeleeProof>false</IsMeleeProof>
	<IsOnlyDamagedByPlayer>false</IsOnlyDamagedByPlayer>
	<SpoonerAttachments SetAttachmentsPersistentAndAddToSpoonerDatabase="false" StartTaskSequencesOnLoad="true">
		<Attachment>
			<ModelHash>0x8c2bd0dc</ModelHash>
			<Type>2</Type>
			<Dynamic>true</Dynamic>
			<FrozenPos>false</FrozenPos>
			<HashName>Nightshade</HashName>
			<InitialHandle>471590</InitialHandle>
			<VehicleProperties>
				<Colours>
					<Primary>154</Primary>
					<Secondary>12</Secondary>
					<Pearl>0</Pearl>
					<Rim>156</Rim>
					<Mod1_a>6</Mod1_a>
					<Mod1_b>-1</Mod1_b>
					<Mod1_c>-1</Mod1_c>
					<Mod2_a>6</Mod2_a>
					<Mod2_b>-1</Mod2_b>
					<IsPrimaryColourCustom>false</IsPrimaryColourCustom>
					<IsSecondaryColourCustom>false</IsSecondaryColourCustom>
					<tyreSmoke_R>255</tyreSmoke_R>
					<tyreSmoke_G>255</tyreSmoke_G>
					<tyreSmoke_B>255</tyreSmoke_B>
					<LrInterior>0</LrInterior>
					<LrDashboard>0</LrDashboard>
				</Colours>
				<Livery>-1</Livery>
				<NumberPlateText>43YVK644</NumberPlateText>
				<NumberPlateIndex>4</NumberPlateIndex>
				<WheelType>4</WheelType>
				<WheelsInvisible>false</WheelsInvisible>
				<EngineSoundName></EngineSoundName>
				<WindowTint>-1</WindowTint>
				<BulletProofTyres>false</BulletProofTyres>
				<DirtLevel>14.9000206</DirtLevel>
				<PaintFade>0.298039228</PaintFade>
				<RoofState>0</RoofState>
				<SirenActive>false</SirenActive>
				<EngineOn>true</EngineOn>
				<EngineHealth>2000</EngineHealth>
				<LightsOn>true</LightsOn>
				<IsRadioLoud>0</IsRadioLoud>
				<LockStatus>1</LockStatus>
				<Neons>
					<Left>false</Left>
					<Right>false</Right>
					<Front>false</Front>
					<Back>false</Back>
					<R>255</R>
					<G>0</G>
					<B>255</B>
				</Neons>
				<DoorsOpen>
					<BackLeftDoor>false</BackLeftDoor>
					<BackRightDoor>false</BackRightDoor>
					<FrontLeftDoor>false</FrontLeftDoor>
					<FrontRightDoor>false</FrontRightDoor>
					<Hood>false</Hood>
					<Trunk>false</Trunk>
					<Trunk2>false</Trunk2>
				</DoorsOpen>
				<DoorsBroken>
					<BackLeftDoor>false</BackLeftDoor>
					<BackRightDoor>false</BackRightDoor>
					<FrontLeftDoor>false</FrontLeftDoor>
					<FrontRightDoor>false</FrontRightDoor>
					<Hood>true</Hood>
					<Trunk>true</Trunk>
					<Trunk2>false</Trunk2>
				</DoorsBroken>
				<TyresBursted>
					<FrontLeft>true</FrontLeft>
					<FrontRight>true</FrontRight>
					<_2>false</_2>
					<_3>false</_3>
					<BackLeft>true</BackLeft>
					<BackRight>true</BackRight>
					<_6>true</_6>
					<_7>true</_7>
					<_8>false</_8>
				</TyresBursted>
				<RpmMultiplier>1</RpmMultiplier>
				<TorqueMultiplier>1</TorqueMultiplier>
				<HeadlightIntensity>1</HeadlightIntensity>
				<ModExtras />
				<Mods>
					<_0>2,0</_0>
					<_1>-1,0</_1>
					<_2>0,0</_2>
					<_3>-1,0</_3>
					<_4>-1,0</_4>
					<_5>0,0</_5>
					<_6>-1,0</_6>
					<_7>3,0</_7>
					<_8>-1,0</_8>
					<_9>-1,0</_9>
					<_10>-1,0</_10>
					<_11>-1,0</_11>
					<_12>-1,0</_12>
					<_13>-1,0</_13>
					<_14>-1,0</_14>
					<_15>-1,0</_15>
					<_16>-1,0</_16>
					<_17>false</_17>
					<_18>false</_18>
					<_19>false</_19>
					<_20>false</_20>
					<_21>false</_21>
					<_22>false</_22>
					<_23>0,0</_23>
					<_24>-1,0</_24>
					<_25>-1,0</_25>
					<_26>-1,0</_26>
					<_27>-1,0</_27>
					<_28>-1,0</_28>
					<_29>-1,0</_29>
					<_30>-1,0</_30>
					<_31>-1,0</_31>
					<_32>-1,0</_32>
					<_33>-1,0</_33>
					<_34>-1,0</_34>
					<_35>-1,0</_35>
					<_36>-1,0</_36>
					<_37>-1,0</_37>
					<_38>-1,0</_38>
					<_39>-1,0</_39>
					<_40>-1,0</_40>
					<_41>-1,0</_41>
					<_42>-1,0</_42>
					<_43>-1,0</_43>
					<_44>-1,0</_44>
					<_45>-1,0</_45>
					<_46>-1,0</_46>
					<_47>-1,0</_47>
					<_48>-1,0</_48>
				</Mods>
			</VehicleProperties>
			<OpacityLevel>255</OpacityLevel>
			<LodDistance>16960</LodDistance>
			<IsVisible>true</IsVisible>
			<MaxHealth>1000</MaxHealth>
			<Health>999</Health>
			<HasGravity>true</HasGravity>
			<IsOnFire>false</IsOnFire>
			<IsInvincible>false</IsInvincible>
			<IsBulletProof>false</IsBulletProof>
			<IsCollisionProof>false</IsCollisionProof>
			<IsExplosionProof>false</IsExplosionProof>
			<IsFireProof>false</IsFireProof>
			<IsMeleeProof>false</IsMeleeProof>
			<IsOnlyDamagedByPlayer>false</IsOnlyDamagedByPlayer>
			<PositionRotation>
				<X>1770.23132</X>
				<Y>3251.64819</Y>
				<Z>41.7771339</Z>
				<Pitch>-12.5398331</Pitch>
				<Roll>1.03612149</Roll>
				<Yaw>85.2215042</Yaw>
			</PositionRotation>
			<Attachment isAttached="true">
				<AttachedTo>183383</AttachedTo>
				<BoneIndex>0</BoneIndex>
				<X>0</X>
				<Y>-0.900000095</Y>
				<Z>0.50000006</Z>
				<Pitch>-10.8000078</Pitch>
				<Roll>0</Roll>
				<Yaw>0</Yaw>
			</Attachment>
		</Attachment>
		<Attachment>
			<ModelHash>0x0dd75614</ModelHash>
			<Type>3</Type>
			<Dynamic>false</Dynamic>
			<FrozenPos>true</FrozenPos>
			<HashName>prop_car_engine_01</HashName>
			<InitialHandle>69933</InitialHandle>
			<ObjectProperties>
				<TextureVariation>0</TextureVariation>
			</ObjectProperties>
			<OpacityLevel>255</OpacityLevel>
			<LodDistance>16960</LodDistance>
			<IsVisible>true</IsVisible>
			<MaxHealth>1000</MaxHealth>
			<Health>1000</Health>
			<HasGravity>true</HasGravity>
			<IsOnFire>false</IsOnFire>
			<IsInvincible>false</IsInvincible>
			<IsBulletProof>false</IsBulletProof>
			<IsCollisionProof>false</IsCollisionProof>
			<IsExplosionProof>false</IsExplosionProof>
			<IsFireProof>false</IsFireProof>
			<IsMeleeProof>false</IsMeleeProof>
			<IsOnlyDamagedByPlayer>false</IsOnlyDamagedByPlayer>
			<PositionRotation>
				<X>1771.59607</X>
				<Y>3252.42114</Y>
				<Z>41.7106857</Z>
				<Pitch>1.01140225</Pitch>
				<Roll>1.74181247</Roll>
				<Yaw>174.996506</Yaw>
			</PositionRotation>
			<Attachment isAttached="true">
				<AttachedTo>183383</AttachedTo>
				<BoneIndex>0</BoneIndex>
				<X>0.889999866</X>
				<Y>-2.1900003</Y>
				<Z>0.409999937</Z>
				<Pitch>0</Pitch>
				<Roll>0</Roll>
				<Yaw>90</Yaw>
			</Attachment>
		</Attachment>
		<Attachment>
			<ModelHash>0x0dd75614</ModelHash>
			<Type>3</Type>
			<Dynamic>false</Dynamic>
			<FrozenPos>true</FrozenPos>
			<HashName>prop_car_engine_01</HashName>
			<InitialHandle>255278</InitialHandle>
			<ObjectProperties>
				<TextureVariation>0</TextureVariation>
			</ObjectProperties>
			<OpacityLevel>255</OpacityLevel>
			<LodDistance>16960</LodDistance>
			<IsVisible>true</IsVisible>
			<MaxHealth>1000</MaxHealth>
			<Health>1000</Health>
			<HasGravity>true</HasGravity>
			<IsOnFire>false</IsOnFire>
			<IsInvincible>false</IsInvincible>
			<IsBulletProof>false</IsBulletProof>
			<IsCollisionProof>false</IsCollisionProof>
			<IsExplosionProof>false</IsExplosionProof>
			<IsFireProof>false</IsFireProof>
			<IsMeleeProof>false</IsMeleeProof>
			<IsOnlyDamagedByPlayer>false</IsOnlyDamagedByPlayer>
			<PositionRotation>
				<X>1771.57031</X>
				<Y>3250.63696</Y>
				<Z>41.7460556</Z>
				<Pitch>-1.01140261</Pitch>
				<Roll>-1.74181247</Roll>
				<Yaw>-5.00347757</Yaw>
			</PositionRotation>
			<Attachment isAttached="true">
				<AttachedTo>183383</AttachedTo>
				<BoneIndex>0</BoneIndex>
				<X>-0.890000105</X>
				<Y>-2.32000017</Y>
				<Z>0.409999937</Z>
				<Pitch>0</Pitch>
				<Roll>0</Roll>
				<Yaw>-90.0000076</Yaw>
			</Attachment>
		</Attachment>
		<Attachment>
			<ModelHash>0x88ffcce5</ModelHash>
			<Type>3</Type>
			<Dynamic>false</Dynamic>
			<FrozenPos>true</FrozenPos>
			<HashName>prop_fence_log_02</HashName>
			<InitialHandle>147247</InitialHandle>
			<ObjectProperties>
				<TextureVariation>0</TextureVariation>
			</ObjectProperties>
			<OpacityLevel>255</OpacityLevel>
			<LodDistance>16960</LodDistance>
			<IsVisible>true</IsVisible>
			<MaxHealth>1000</MaxHealth>
			<Health>1000</Health>
			<HasGravity>true</HasGravity>
			<IsOnFire>false</IsOnFire>
			<IsInvincible>false</IsInvincible>
			<IsBulletProof>false</IsBulletProof>
			<IsCollisionProof>false</IsCollisionProof>
			<IsExplosionProof>false</IsExplosionProof>
			<IsFireProof>false</IsFireProof>
			<IsMeleeProof>false</IsMeleeProof>
			<IsOnlyDamagedByPlayer>false</IsOnlyDamagedByPlayer>
			<PositionRotation>
				<X>1769.35913</X>
				<Y>3250.81909</Y>
				<Z>41.6687698</Z>
				<Pitch>-1.01140261</Pitch>
				<Roll>-1.74181247</Roll>
				<Yaw>-5.00347757</Yaw>
			</PositionRotation>
			<Attachment isAttached="true">
				<AttachedTo>183383</AttachedTo>
				<BoneIndex>0</BoneIndex>
				<X>-0.900000095</X>
				<Y>-0.100000016</Y>
				<Z>0.400000036</Z>
				<Pitch>0</Pitch>
				<Roll>0</Roll>
				<Yaw>-90.0000076</Yaw>
			</Attachment>
		</Attachment>
		<Attachment>
			<ModelHash>0x88ffcce5</ModelHash>
			<Type>3</Type>
			<Dynamic>false</Dynamic>
			<FrozenPos>true</FrozenPos>
			<HashName>prop_fence_log_02</HashName>
			<InitialHandle>483375</InitialHandle>
			<ObjectProperties>
				<TextureVariation>0</TextureVariation>
			</ObjectProperties>
			<OpacityLevel>255</OpacityLevel>
			<LodDistance>16960</LodDistance>
			<IsVisible>true</IsVisible>
			<MaxHealth>1000</MaxHealth>
			<Health>1000</Health>
			<HasGravity>true</HasGravity>
			<IsOnFire>false</IsOnFire>
			<IsInvincible>false</IsInvincible>
			<IsBulletProof>false</IsBulletProof>
			<IsCollisionProof>false</IsCollisionProof>
			<IsExplosionProof>false</IsExplosionProof>
			<IsFireProof>false</IsFireProof>
			<IsMeleeProof>false</IsMeleeProof>
			<IsOnlyDamagedByPlayer>false</IsOnlyDamagedByPlayer>
			<PositionRotation>
				<X>1769.51599</X>
				<Y>3252.61182</Y>
				<Z>41.6369972</Z>
				<Pitch>-1.01140261</Pitch>
				<Roll>-1.74181247</Roll>
				<Yaw>-5.00347757</Yaw>
			</PositionRotation>
			<Attachment isAttached="true">
				<AttachedTo>183383</AttachedTo>
				<BoneIndex>0</BoneIndex>
				<X>0.900000274</X>
				<Y>-0.100000016</Y>
				<Z>0.400000036</Z>
				<Pitch>0</Pitch>
				<Roll>0</Roll>
				<Yaw>-90.0000076</Yaw>
			</Attachment>
		</Attachment>
		<Attachment>
			<ModelHash>0xbf1b2b36</ModelHash>
			<Type>3</Type>
			<Dynamic>false</Dynamic>
			<FrozenPos>true</FrozenPos>
			<HashName>prop_barrel_exp_01b</HashName>
			<InitialHandle>23605</InitialHandle>
			<ObjectProperties>
				<TextureVariation>0</TextureVariation>
			</ObjectProperties>
			<OpacityLevel>255</OpacityLevel>
			<LodDistance>16960</LodDistance>
			<IsVisible>true</IsVisible>
			<MaxHealth>1000</MaxHealth>
			<Health>1000</Health>
			<HasGravity>true</HasGravity>
			<IsOnFire>false</IsOnFire>
			<IsInvincible>false</IsInvincible>
			<IsBulletProof>false</IsBulletProof>
			<IsCollisionProof>false</IsCollisionProof>
			<IsExplosionProof>false</IsExplosionProof>
			<IsFireProof>false</IsFireProof>
			<IsMeleeProof>false</IsMeleeProof>
			<IsOnlyDamagedByPlayer>false</IsOnlyDamagedByPlayer>
			<PositionRotation>
				<X>1769.03552</X>
				<Y>3252.74878</Y>
				<Z>41.3202209</Z>
				<Pitch>-1.01140404</Pitch>
				<Roll>-91.741806</Roll>
				<Yaw>-5.00348425</Yaw>
			</PositionRotation>
			<Attachment isAttached="true">
				<AttachedTo>183383</AttachedTo>
				<BoneIndex>0</BoneIndex>
				<X>1.00000012</X>
				<Y>0.400000036</Y>
				<Z>0.100000016</Z>
				<Pitch>0</Pitch>
				<Roll>-90.0000076</Roll>
				<Yaw>-90.0000076</Yaw>
			</Attachment>
		</Attachment>
		<Attachment>
			<ModelHash>0xbf1b2b36</ModelHash>
			<Type>3</Type>
			<Dynamic>false</Dynamic>
			<FrozenPos>true</FrozenPos>
			<HashName>prop_barrel_exp_01b</HashName>
			<InitialHandle>639796</InitialHandle>
			<ObjectProperties>
				<TextureVariation>0</TextureVariation>
			</ObjectProperties>
			<OpacityLevel>255</OpacityLevel>
			<LodDistance>16960</LodDistance>
			<IsVisible>true</IsVisible>
			<MaxHealth>1000</MaxHealth>
			<Health>1000</Health>
			<HasGravity>true</HasGravity>
			<IsOnFire>false</IsOnFire>
			<IsInvincible>false</IsInvincible>
			<IsBulletProof>false</IsBulletProof>
			<IsCollisionProof>false</IsCollisionProof>
			<IsExplosionProof>false</IsExplosionProof>
			<IsFireProof>false</IsFireProof>
			<IsMeleeProof>false</IsMeleeProof>
			<IsOnlyDamagedByPlayer>false</IsOnlyDamagedByPlayer>
			<PositionRotation>
				<X>1769.90186</X>
				<Y>3252.67334</Y>
				<Z>41.3466606</Z>
				<Pitch>-1.01140404</Pitch>
				<Roll>-91.741806</Roll>
				<Yaw>-5.00348425</Yaw>
			</PositionRotation>
			<Attachment isAttached="true">
				<AttachedTo>183383</AttachedTo>
				<BoneIndex>0</BoneIndex>
				<X>1.00000012</X>
				<Y>-0.470000148</Y>
				<Z>0.100000016</Z>
				<Pitch>0</Pitch>
				<Roll>-90.0000076</Roll>
				<Yaw>-90.0000076</Yaw>
			</Attachment>
		</Attachment>
		<Attachment>
			<ModelHash>0xbf1b2b36</ModelHash>
			<Type>3</Type>
			<Dynamic>false</Dynamic>
			<FrozenPos>true</FrozenPos>
			<HashName>prop_barrel_exp_01b</HashName>
			<InitialHandle>426037</InitialHandle>
			<ObjectProperties>
				<TextureVariation>0</TextureVariation>
			</ObjectProperties>
			<OpacityLevel>255</OpacityLevel>
			<LodDistance>16960</LodDistance>
			<IsVisible>true</IsVisible>
			<MaxHealth>1000</MaxHealth>
			<Health>1000</Health>
			<HasGravity>true</HasGravity>
			<IsOnFire>false</IsOnFire>
			<IsInvincible>false</IsInvincible>
			<IsBulletProof>false</IsBulletProof>
			<IsCollisionProof>false</IsCollisionProof>
			<IsExplosionProof>false</IsExplosionProof>
			<IsFireProof>false</IsFireProof>
			<IsMeleeProof>false</IsMeleeProof>
			<IsOnlyDamagedByPlayer>false</IsOnlyDamagedByPlayer>
			<PositionRotation>
				<X>1769.72742</X>
				<Y>3250.6814</Y>
				<Z>41.3819656</Z>
				<Pitch>-1.01140404</Pitch>
				<Roll>-91.741806</Roll>
				<Yaw>-5.00348425</Yaw>
			</PositionRotation>
			<Attachment isAttached="true">
				<AttachedTo>183383</AttachedTo>
				<BoneIndex>0</BoneIndex>
				<X>-1.00000012</X>
				<Y>-0.470000148</Y>
				<Z>0.100000016</Z>
				<Pitch>0</Pitch>
				<Roll>-90.0000076</Roll>
				<Yaw>-90.0000076</Yaw>
			</Attachment>
		</Attachment>
		<Attachment>
			<ModelHash>0xbf1b2b36</ModelHash>
			<Type>3</Type>
			<Dynamic>false</Dynamic>
			<FrozenPos>true</FrozenPos>
			<HashName>prop_barrel_exp_01b</HashName>
			<InitialHandle>94819</InitialHandle>
			<ObjectProperties>
				<TextureVariation>0</TextureVariation>
			</ObjectProperties>
			<OpacityLevel>255</OpacityLevel>
			<LodDistance>16960</LodDistance>
			<IsVisible>true</IsVisible>
			<MaxHealth>1000</MaxHealth>
			<Health>1000</Health>
			<HasGravity>true</HasGravity>
			<IsOnFire>false</IsOnFire>
			<IsInvincible>false</IsInvincible>
			<IsBulletProof>false</IsBulletProof>
			<IsCollisionProof>false</IsCollisionProof>
			<IsExplosionProof>false</IsExplosionProof>
			<IsFireProof>false</IsFireProof>
			<IsMeleeProof>false</IsMeleeProof>
			<IsOnlyDamagedByPlayer>false</IsOnlyDamagedByPlayer>
			<PositionRotation>
				<X>1768.8512</X>
				<Y>3250.75757</Y>
				<Z>41.3552208</Z>
				<Pitch>-1.01140404</Pitch>
				<Roll>-91.741806</Roll>
				<Yaw>-5.00348425</Yaw>
			</PositionRotation>
			<Attachment isAttached="true">
				<AttachedTo>183383</AttachedTo>
				<BoneIndex>0</BoneIndex>
				<X>-1.00000012</X>
				<Y>0.410000026</Y>
				<Z>0.100000016</Z>
				<Pitch>0</Pitch>
				<Roll>-90.0000076</Roll>
				<Yaw>-90.0000076</Yaw>
			</Attachment>
		</Attachment>
		<Attachment>
			<ModelHash>0xa4751611</ModelHash>
			<Type>3</Type>
			<Dynamic>false</Dynamic>
			<FrozenPos>true</FrozenPos>
			<HashName>prop_traffic_lightset_01</HashName>
			<InitialHandle>112997</InitialHandle>
			<ObjectProperties>
				<TextureVariation>0</TextureVariation>
			</ObjectProperties>
			<OpacityLevel>255</OpacityLevel>
			<LodDistance>16960</LodDistance>
			<IsVisible>true</IsVisible>
			<MaxHealth>1000</MaxHealth>
			<Health>1000</Health>
			<HasGravity>true</HasGravity>
			<IsOnFire>false</IsOnFire>
			<IsInvincible>false</IsInvincible>
			<IsBulletProof>false</IsBulletProof>
			<IsCollisionProof>false</IsCollisionProof>
			<IsExplosionProof>false</IsExplosionProof>
			<IsFireProof>false</IsFireProof>
			<IsMeleeProof>false</IsMeleeProof>
			<IsOnlyDamagedByPlayer>false</IsOnlyDamagedByPlayer>
			<PositionRotation>
				<X>1771.21851</X>
				<Y>3251.56763</Y>
				<Z>42.1073418</Z>
				<Pitch>-78.2153091</Pitch>
				<Roll>175.041901</Roll>
				<Yaw>-99.8575592</Yaw>
			</PositionRotation>
			<Attachment isAttached="true">
				<AttachedTo>183383</AttachedTo>
				<BoneIndex>0</BoneIndex>
				<X>2.38418579e-07</X>
				<Y>-1.90000141</Y>
				<Z>0.800000131</Z>
				<Pitch>-100.000015</Pitch>
				<Roll>0</Roll>
				<Yaw>0</Yaw>
			</Attachment>
		</Attachment>
		<Attachment>
			<ModelHash>0x8bd5c4f7</ModelHash>
			<Type>3</Type>
			<Dynamic>false</Dynamic>
			<FrozenPos>true</FrozenPos>
			<HashName>prop_bumper_01</HashName>
			<InitialHandle>364859</InitialHandle>
			<ObjectProperties>
				<TextureVariation>0</TextureVariation>
			</ObjectProperties>
			<OpacityLevel>255</OpacityLevel>
			<LodDistance>16960</LodDistance>
			<IsVisible>true</IsVisible>
			<MaxHealth>1000</MaxHealth>
			<Health>1000</Health>
			<HasGravity>true</HasGravity>
			<IsOnFire>false</IsOnFire>
			<IsInvincible>false</IsInvincible>
			<IsBulletProof>false</IsBulletProof>
			<IsCollisionProof>false</IsCollisionProof>
			<IsExplosionProof>false</IsExplosionProof>
			<IsFireProof>false</IsFireProof>
			<IsMeleeProof>false</IsMeleeProof>
			<IsOnlyDamagedByPlayer>false</IsOnlyDamagedByPlayer>
			<PositionRotation>
				<X>1767.19897</X>
				<Y>3251.93896</Y>
				<Z>41.2203331</Z>
				<Pitch>1.74154174</Pitch>
				<Roll>-1.01186919</Roll>
				<Yaw>-94.9727402</Yaw>
			</PositionRotation>
			<Attachment isAttached="true">
				<AttachedTo>183383</AttachedTo>
				<BoneIndex>12</BoneIndex>
				<X>-0.800000131</X>
				<Y>0.350000083</Y>
				<Z>0</Z>
				<Pitch>0</Pitch>
				<Roll>0</Roll>
				<Yaw>179.999985</Yaw>
			</Attachment>
		</Attachment>
		<Attachment>
			<ModelHash>0x8bd5c4f7</ModelHash>
			<Type>3</Type>
			<Dynamic>false</Dynamic>
			<FrozenPos>true</FrozenPos>
			<HashName>prop_bumper_01</HashName>
			<InitialHandle>329532</InitialHandle>
			<ObjectProperties>
				<TextureVariation>0</TextureVariation>
			</ObjectProperties>
			<OpacityLevel>255</OpacityLevel>
			<LodDistance>16960</LodDistance>
			<IsVisible>true</IsVisible>
			<MaxHealth>1000</MaxHealth>
			<Health>1000</Health>
			<HasGravity>true</HasGravity>
			<IsOnFire>false</IsOnFire>
			<IsInvincible>false</IsInvincible>
			<IsBulletProof>false</IsBulletProof>
			<IsCollisionProof>false</IsCollisionProof>
			<IsExplosionProof>false</IsExplosionProof>
			<IsFireProof>false</IsFireProof>
			<IsMeleeProof>false</IsMeleeProof>
			<IsOnlyDamagedByPlayer>false</IsOnlyDamagedByPlayer>
			<PositionRotation>
				<X>1767.18372</X>
				<Y>3251.9375</Y>
				<Z>41.0598259</Z>
				<Pitch>1.74154174</Pitch>
				<Roll>-1.01186919</Roll>
				<Yaw>-94.9727402</Yaw>
			</PositionRotation>
			<Attachment isAttached="true">
				<AttachedTo>183383</AttachedTo>
				<BoneIndex>12</BoneIndex>
				<X>-0.800000131</X>
				<Y>0.370000064</Y>
				<Z>-0.160000056</Z>
				<Pitch>0</Pitch>
				<Roll>0</Roll>
				<Yaw>179.999985</Yaw>
			</Attachment>
		</Attachment>
		<Attachment>
			<ModelHash>0xa640636d</ModelHash>
			<Type>3</Type>
			<Dynamic>false</Dynamic>
			<FrozenPos>true</FrozenPos>
			<HashName>prop_rub_scrap_06</HashName>
			<InitialHandle>35391</InitialHandle>
			<ObjectProperties>
				<TextureVariation>0</TextureVariation>
			</ObjectProperties>
			<OpacityLevel>255</OpacityLevel>
			<LodDistance>16960</LodDistance>
			<IsVisible>true</IsVisible>
			<MaxHealth>1000</MaxHealth>
			<Health>1000</Health>
			<HasGravity>true</HasGravity>
			<IsOnFire>false</IsOnFire>
			<IsInvincible>false</IsInvincible>
			<IsBulletProof>false</IsBulletProof>
			<IsCollisionProof>false</IsCollisionProof>
			<IsExplosionProof>false</IsExplosionProof>
			<IsFireProof>false</IsFireProof>
			<IsMeleeProof>false</IsMeleeProof>
			<IsOnlyDamagedByPlayer>false</IsOnlyDamagedByPlayer>
			<PositionRotation>
				<X>1770.35986</X>
				<Y>3250.74683</Y>
				<Z>42.4668694</Z>
				<Pitch>8.11331463</Pitch>
				<Roll>-121.827293</Roll>
				<Yaw>-95.3657684</Yaw>
			</PositionRotation>
			<Attachment isAttached="true">
				<AttachedTo>183383</AttachedTo>
				<BoneIndex>0</BoneIndex>
				<X>-0.898819685</X>
				<Y>-1.12712455</Y>
				<Z>1.16738045</Z>
				<Pitch>6.36390114</Pitch>
				<Roll>-120.821213</Roll>
				<Yaw>179.495544</Yaw>
			</Attachment>
		</Attachment>
		<Attachment>
			<ModelHash>0xa640636d</ModelHash>
			<Type>3</Type>
			<Dynamic>false</Dynamic>
			<FrozenPos>true</FrozenPos>
			<HashName>prop_rub_scrap_06</HashName>
			<InitialHandle>82497</InitialHandle>
			<ObjectProperties>
				<TextureVariation>0</TextureVariation>
			</ObjectProperties>
			<OpacityLevel>255</OpacityLevel>
			<LodDistance>16960</LodDistance>
			<IsVisible>true</IsVisible>
			<MaxHealth>1000</MaxHealth>
			<Health>1000</Health>
			<HasGravity>true</HasGravity>
			<IsOnFire>false</IsOnFire>
			<IsInvincible>false</IsInvincible>
			<IsBulletProof>false</IsBulletProof>
			<IsCollisionProof>false</IsCollisionProof>
			<IsExplosionProof>false</IsExplosionProof>
			<IsFireProof>false</IsFireProof>
			<IsMeleeProof>false</IsMeleeProof>
			<IsOnlyDamagedByPlayer>false</IsOnlyDamagedByPlayer>
			<PositionRotation>
				<X>1770.51685</X>
				<Y>3252.53955</Y>
				<Z>42.4350967</Z>
				<Pitch>-5.1859436</Pitch>
				<Roll>-119.531067</Roll>
				<Yaw>94.6066742</Yaw>
			</PositionRotation>
			<Attachment isAttached="true">
				<AttachedTo>183383</AttachedTo>
				<BoneIndex>0</BoneIndex>
				<X>0.901180506</X>
				<Y>-1.12712455</Y>
				<Z>1.16738045</Z>
				<Pitch>-3.63609982</Pitch>
				<Roll>-120.821213</Roll>
				<Yaw>9.49554348</Yaw>
			</Attachment>
		</Attachment>
		<Attachment>
			<ModelHash>0xa640636d</ModelHash>
			<Type>3</Type>
			<Dynamic>false</Dynamic>
			<FrozenPos>true</FrozenPos>
			<HashName>prop_rub_scrap_06</HashName>
			<InitialHandle>467264</InitialHandle>
			<ObjectProperties>
				<TextureVariation>0</TextureVariation>
			</ObjectProperties>
			<OpacityLevel>255</OpacityLevel>
			<LodDistance>16960</LodDistance>
			<IsVisible>true</IsVisible>
			<MaxHealth>1000</MaxHealth>
			<Health>1000</Health>
			<HasGravity>true</HasGravity>
			<IsOnFire>false</IsOnFire>
			<IsInvincible>false</IsInvincible>
			<IsBulletProof>false</IsBulletProof>
			<IsCollisionProof>false</IsCollisionProof>
			<IsExplosionProof>false</IsExplosionProof>
			<IsFireProof>false</IsFireProof>
			<IsMeleeProof>false</IsMeleeProof>
			<IsOnlyDamagedByPlayer>false</IsOnlyDamagedByPlayer>
			<PositionRotation>
				<X>1771.57397</X>
				<Y>3251.55078</Y>
				<Z>42.8474236</Z>
				<Pitch>-6.8075552</Pitch>
				<Roll>-167.649109</Roll>
				<Yaw>-5.55486202</Yaw>
			</PositionRotation>
			<Attachment isAttached="true">
				<AttachedTo>183383</AttachedTo>
				<BoneIndex>0</BoneIndex>
				<X>0.00118242949</X>
				<Y>-2.27795744</Y>
				<Z>1.52906871</Z>
				<Pitch>-5.81023884</Pitch>
				<Roll>-165.888611</Roll>
				<Yaw>269.626709</Yaw>
			</Attachment>
		</Attachment>
	</SpoonerAttachments>
</Vehicle>
