<?xml version="1.0" encoding="ISO-8859-1"?>
<Vehicle menyoo_ver="0.99987681b">
	<ModelHash>0xb472d2b5</ModelHash>
	<InitialHandle>143984</InitialHandle>
	<VehicleProperties>
		<Colours>
			<Primary>12</Primary>
			<Secondary>12</Secondary>
			<Pearl>0</Pearl>
			<Rim>0</Rim>
			<Mod1_a>6</Mod1_a>
			<Mod1_b>-1</Mod1_b>
			<Mod1_c>-1</Mod1_c>
			<Mod2_a>6</Mod2_a>
			<Mod2_b>-1</Mod2_b>
			<IsPrimaryColourCustom>false</IsPrimaryColourCustom>
			<IsSecondaryColourCustom>false</IsSecondaryColourCustom>
			<tyreSmoke_R>255</tyreSmoke_R>
			<tyreSmoke_G>255</tyreSmoke_G>
			<tyreSmoke_B>255</tyreSmoke_B>
			<LrInterior>1</LrInterior>
			<LrDashboard>0</LrDashboard>
		</Colours>
		<Livery>-1</Livery>
		<NumberPlateText>89HXG184</NumberPlateText>
		<NumberPlateIndex>0</NumberPlateIndex>
		<WheelType>1</WheelType>
		<WheelsInvisible>false</WheelsInvisible>
		<EngineSoundName>DOMINATOR3</EngineSoundName>
		<WindowTint>-1</WindowTint>
		<BulletProofTyres>true</BulletProofTyres>
		<DirtLevel>0</DirtLevel>
		<PaintFade>0.298039228</PaintFade>
		<RoofState>0</RoofState>
		<SirenActive>false</SirenActive>
		<EngineOn>true</EngineOn>
		<EngineHealth>1002.49988</EngineHealth>
		<LightsOn>false</LightsOn>
		<IsRadioLoud>0</IsRadioLoud>
		<LockStatus>1</LockStatus>
		<Neons>
			<Left>false</Left>
			<Right>false</Right>
			<Front>false</Front>
			<Back>false</Back>
			<R>255</R>
			<G>0</G>
			<B>255</B>
		</Neons>
		<ModExtras />
		<Mods>
			<_0>-1,0</_0>
			<_1>-1,0</_1>
			<_2>-1,0</_2>
			<_3>-1,0</_3>
			<_4>5,0</_4>
			<_5>-1,0</_5>
			<_6>-1,0</_6>
			<_7>-1,0</_7>
			<_8>-1,0</_8>
			<_9>-1,0</_9>
			<_10>-1,0</_10>
			<_11>3,0</_11>
			<_12>2,0</_12>
			<_13>2,0</_13>
			<_14>2,0</_14>
			<_15>-1,0</_15>
			<_16>4,0</_16>
			<_17>false</_17>
			<_18>true</_18>
			<_19>false</_19>
			<_20>false</_20>
			<_21>false</_21>
			<_22>false</_22>
			<_23>7,1</_23>
			<_24>-1,0</_24>
			<_25>-1,0</_25>
			<_26>-1,0</_26>
			<_27>-1,0</_27>
			<_28>-1,0</_28>
			<_29>-1,0</_29>
			<_30>-1,0</_30>
			<_31>-1,0</_31>
			<_32>-1,0</_32>
			<_33>-1,0</_33>
			<_34>-1,0</_34>
			<_35>-1,0</_35>
			<_36>-1,0</_36>
			<_37>-1,0</_37>
			<_38>-1,0</_38>
			<_39>-1,0</_39>
			<_40>-1,0</_40>
			<_41>-1,0</_41>
			<_42>-1,0</_42>
			<_43>-1,0</_43>
			<_44>-1,0</_44>
			<_45>-1,0</_45>
			<_46>-1,0</_46>
			<_47>-1,0</_47>
			<_48>-1,0</_48>
		</Mods>
		<DoorsOpen>
			<BackLeftDoor>false</BackLeftDoor>
			<BackRightDoor>false</BackRightDoor>
			<FrontLeftDoor>false</FrontLeftDoor>
			<FrontRightDoor>false</FrontRightDoor>
			<Hood>false</Hood>
			<Trunk>false</Trunk>
			<Trunk2>false</Trunk2>
		</DoorsOpen>
		<DoorsBroken>
			<BackLeftDoor>false</BackLeftDoor>
			<BackRightDoor>false</BackRightDoor>
			<FrontLeftDoor>false</FrontLeftDoor>
			<FrontRightDoor>false</FrontRightDoor>
			<Hood>true</Hood>
			<Trunk>true</Trunk>
			<Trunk2>false</Trunk2>
		</DoorsBroken>
		<TyresBursted>
			<FrontLeft>false</FrontLeft>
			<FrontRight>false</FrontRight>
			<_2>false</_2>
			<_3>false</_3>
			<BackLeft>false</BackLeft>
			<BackRight>false</BackRight>
			<_6>false</_6>
			<_7>false</_7>
			<_8>false</_8>
		</TyresBursted>
		<RpmMultiplier>30</RpmMultiplier>
		<TorqueMultiplier>1</TorqueMultiplier>
		<HeadlightIntensity>1</HeadlightIntensity>
	</VehicleProperties>
	<OpacityLevel>255</OpacityLevel>
	<LodDistance>16960</LodDistance>
	<IsVisible>true</IsVisible>
	<IsDriverVisible>true</IsDriverVisible>
	<MaxHealth>1000</MaxHealth>
	<Health>1000</Health>
	<HasGravity>true</HasGravity>
	<IsOnFire>false</IsOnFire>
	<IsInvincible>false</IsInvincible>
	<IsBulletProof>false</IsBulletProof>
	<IsExplosionProof>false</IsExplosionProof>
	<IsFireProof>false</IsFireProof>
	<IsMeleeProof>false</IsMeleeProof>
	<IsOnlyDamagedByPlayer>false</IsOnlyDamagedByPlayer>
	<SpoonerAttachments SetAttachmentsPersistentAndAddToSpoonerDatabase="false" StartTaskSequencesOnLoad="true">
		<Attachment>
			<ModelHash>0xbf1b2b36</ModelHash>
			<Type>3</Type>
			<Dynamic>false</Dynamic>
			<FrozenPos>true</FrozenPos>
			<HashName>prop_barrel_exp_01b</HashName>
			<InitialHandle>60536</InitialHandle>
			<ObjectProperties>
				<TextureVariation>0</TextureVariation>
			</ObjectProperties>
			<OpacityLevel>255</OpacityLevel>
			<LodDistance>16960</LodDistance>
			<IsVisible>true</IsVisible>
			<MaxHealth>1000</MaxHealth>
			<Health>1000</Health>
			<HasGravity>true</HasGravity>
			<IsOnFire>false</IsOnFire>
			<IsInvincible>false</IsInvincible>
			<IsBulletProof>false</IsBulletProof>
			<IsCollisionProof>false</IsCollisionProof>
			<IsExplosionProof>false</IsExplosionProof>
			<IsFireProof>false</IsFireProof>
			<IsMeleeProof>false</IsMeleeProof>
			<IsOnlyDamagedByPlayer>false</IsOnlyDamagedByPlayer>
			<PositionRotation>
				<X>1603.92346</X>
				<Y>3300.05054</Y>
				<Z>39.2023544</Z>
				<Pitch>-3.27038503</Pitch>
				<Roll>-86.813736</Roll>
				<Yaw>62.4082603</Yaw>
			</PositionRotation>
			<Attachment isAttached="true">
				<AttachedTo>143984</AttachedTo>
				<BoneIndex>0</BoneIndex>
				<X>0.199999988</X>
				<Y>-1.95000017</Y>
				<Z>0.129999995</Z>
				<Pitch>0</Pitch>
				<Roll>-89.9999924</Roll>
				<Yaw>0</Yaw>
			</Attachment>
		</Attachment>
		<Attachment>
			<ModelHash>0x2edd9003</ModelHash>
			<Type>3</Type>
			<Dynamic>false</Dynamic>
			<FrozenPos>true</FrozenPos>
			<HashName>prop_jerrycan_01a</HashName>
			<InitialHandle>253564</InitialHandle>
			<ObjectProperties>
				<TextureVariation>0</TextureVariation>
			</ObjectProperties>
			<OpacityLevel>255</OpacityLevel>
			<LodDistance>16960</LodDistance>
			<IsVisible>true</IsVisible>
			<MaxHealth>1000</MaxHealth>
			<Health>1000</Health>
			<HasGravity>true</HasGravity>
			<IsOnFire>false</IsOnFire>
			<IsInvincible>false</IsInvincible>
			<IsBulletProof>false</IsBulletProof>
			<IsCollisionProof>false</IsCollisionProof>
			<IsExplosionProof>false</IsExplosionProof>
			<IsFireProof>false</IsFireProof>
			<IsMeleeProof>false</IsMeleeProof>
			<IsOnlyDamagedByPlayer>false</IsOnlyDamagedByPlayer>
			<PositionRotation>
				<X>1603.51599</X>
				<Y>3299.52856</Y>
				<Z>39.0111504</Z>
				<Pitch>-3.27038646</Pitch>
				<Roll>3.18624067</Roll>
				<Yaw>62.408268</Yaw>
			</PositionRotation>
			<Attachment isAttached="true">
				<AttachedTo>143984</AttachedTo>
				<BoneIndex>0</BoneIndex>
				<X>-0.439999938</X>
				<Y>-1.82000029</Y>
				<Z>-0.0899999887</Z>
				<Pitch>0</Pitch>
				<Roll>0</Roll>
				<Yaw>0</Yaw>
			</Attachment>
		</Attachment>
		<Attachment>
			<ModelHash>0x2edd9003</ModelHash>
			<Type>3</Type>
			<Dynamic>false</Dynamic>
			<FrozenPos>true</FrozenPos>
			<HashName>prop_jerrycan_01a</HashName>
			<InitialHandle>83836</InitialHandle>
			<ObjectProperties>
				<TextureVariation>0</TextureVariation>
			</ObjectProperties>
			<OpacityLevel>255</OpacityLevel>
			<LodDistance>16960</LodDistance>
			<IsVisible>true</IsVisible>
			<MaxHealth>1000</MaxHealth>
			<Health>1000</Health>
			<HasGravity>true</HasGravity>
			<IsOnFire>false</IsOnFire>
			<IsInvincible>false</IsInvincible>
			<IsBulletProof>false</IsBulletProof>
			<IsCollisionProof>false</IsCollisionProof>
			<IsExplosionProof>false</IsExplosionProof>
			<IsFireProof>false</IsFireProof>
			<IsMeleeProof>false</IsMeleeProof>
			<IsOnlyDamagedByPlayer>false</IsOnlyDamagedByPlayer>
			<PositionRotation>
				<X>1603.6665</X>
				<Y>3299.44995</Y>
				<Z>39.0208473</Z>
				<Pitch>-3.27038646</Pitch>
				<Roll>3.18624067</Roll>
				<Yaw>62.408268</Yaw>
			</PositionRotation>
			<Attachment isAttached="true">
				<AttachedTo>143984</AttachedTo>
				<BoneIndex>0</BoneIndex>
				<X>-0.439999938</X>
				<Y>-1.99000025</Y>
				<Z>-0.0899999887</Z>
				<Pitch>0</Pitch>
				<Roll>0</Roll>
				<Yaw>0</Yaw>
			</Attachment>
		</Attachment>
		<Attachment>
			<ModelHash>0xbef068da</ModelHash>
			<Type>3</Type>
			<Dynamic>false</Dynamic>
			<FrozenPos>true</FrozenPos>
			<HashName>prop_oil_wellhead_06</HashName>
			<InitialHandle>17669</InitialHandle>
			<ObjectProperties>
				<TextureVariation>0</TextureVariation>
			</ObjectProperties>
			<OpacityLevel>255</OpacityLevel>
			<LodDistance>16960</LodDistance>
			<IsVisible>true</IsVisible>
			<MaxHealth>1000</MaxHealth>
			<Health>1000</Health>
			<HasGravity>true</HasGravity>
			<IsOnFire>false</IsOnFire>
			<IsInvincible>false</IsInvincible>
			<IsBulletProof>false</IsBulletProof>
			<IsCollisionProof>false</IsCollisionProof>
			<IsExplosionProof>false</IsExplosionProof>
			<IsFireProof>false</IsFireProof>
			<IsMeleeProof>false</IsMeleeProof>
			<IsOnlyDamagedByPlayer>false</IsOnlyDamagedByPlayer>
			<PositionRotation>
				<X>1603.27368</X>
				<Y>3299.49683</Y>
				<Z>39.3586502</Z>
				<Pitch>-3.18104696</Pitch>
				<Roll>-3.27543855</Roll>
				<Yaw>-27.7736778</Yaw>
			</PositionRotation>
			<Attachment isAttached="true">
				<AttachedTo>143984</AttachedTo>
				<BoneIndex>0</BoneIndex>
				<X>-0.599999964</X>
				<Y>-1.64000022</Y>
				<Z>0.25999999</Z>
				<Pitch>0</Pitch>
				<Roll>0</Roll>
				<Yaw>-89.9999924</Yaw>
			</Attachment>
		</Attachment>
		<Attachment>
			<ModelHash>0x58a81454</ModelHash>
			<Type>3</Type>
			<Dynamic>false</Dynamic>
			<FrozenPos>true</FrozenPos>
			<HashName>prop_roofpipe_02</HashName>
			<InitialHandle>77577</InitialHandle>
			<ObjectProperties>
				<TextureVariation>0</TextureVariation>
			</ObjectProperties>
			<OpacityLevel>255</OpacityLevel>
			<LodDistance>16960</LodDistance>
			<IsVisible>true</IsVisible>
			<MaxHealth>1000</MaxHealth>
			<Health>1000</Health>
			<HasGravity>true</HasGravity>
			<IsOnFire>false</IsOnFire>
			<IsInvincible>false</IsInvincible>
			<IsBulletProof>false</IsBulletProof>
			<IsCollisionProof>false</IsCollisionProof>
			<IsExplosionProof>false</IsExplosionProof>
			<IsFireProof>false</IsFireProof>
			<IsMeleeProof>false</IsMeleeProof>
			<IsOnlyDamagedByPlayer>false</IsOnlyDamagedByPlayer>
			<PositionRotation>
				<X>1602.03284</X>
				<Y>3300.06152</Y>
				<Z>39.7264175</Z>
				<Pitch>-85.4352798</Pitch>
				<Roll>-44.2073669</Roll>
				<Yaw>-161.890045</Yaw>
			</PositionRotation>
			<Attachment isAttached="true">
				<AttachedTo>143984</AttachedTo>
				<BoneIndex>0</BoneIndex>
				<X>-0.698999941</X>
				<Y>-0.301999897</Y>
				<Z>0.699999928</Z>
				<Pitch>-89.9999924</Pitch>
				<Roll>1.90734863e-06</Roll>
				<Yaw>-179.999985</Yaw>
			</Attachment>
		</Attachment>
		<Attachment>
			<ModelHash>0x58a81454</ModelHash>
			<Type>3</Type>
			<Dynamic>false</Dynamic>
			<FrozenPos>true</FrozenPos>
			<HashName>prop_roofpipe_02</HashName>
			<InitialHandle>144397</InitialHandle>
			<ObjectProperties>
				<TextureVariation>0</TextureVariation>
			</ObjectProperties>
			<OpacityLevel>255</OpacityLevel>
			<LodDistance>16960</LodDistance>
			<IsVisible>true</IsVisible>
			<MaxHealth>1000</MaxHealth>
			<Health>1000</Health>
			<HasGravity>true</HasGravity>
			<IsOnFire>false</IsOnFire>
			<IsInvincible>false</IsInvincible>
			<IsBulletProof>false</IsBulletProof>
			<IsCollisionProof>false</IsCollisionProof>
			<IsExplosionProof>false</IsExplosionProof>
			<IsFireProof>false</IsFireProof>
			<IsMeleeProof>false</IsMeleeProof>
			<IsOnlyDamagedByPlayer>false</IsOnlyDamagedByPlayer>
			<PositionRotation>
				<X>1601.44885</X>
				<Y>3300.3667</Y>
				<Z>39.6887665</Z>
				<Pitch>-85.4352798</Pitch>
				<Roll>-44.2073669</Roll>
				<Yaw>-161.890045</Yaw>
			</PositionRotation>
			<Attachment isAttached="true">
				<AttachedTo>143984</AttachedTo>
				<BoneIndex>0</BoneIndex>
				<X>-0.698999941</X>
				<Y>0.35800007</Y>
				<Z>0.699999928</Z>
				<Pitch>-89.9999924</Pitch>
				<Roll>1.90734863e-06</Roll>
				<Yaw>-179.999985</Yaw>
			</Attachment>
		</Attachment>
		<Attachment>
			<ModelHash>0xef87532a</ModelHash>
			<Type>3</Type>
			<Dynamic>false</Dynamic>
			<FrozenPos>true</FrozenPos>
			<HashName>prop_oilcan_01a</HashName>
			<InitialHandle>83985</InitialHandle>
			<ObjectProperties>
				<TextureVariation>0</TextureVariation>
			</ObjectProperties>
			<OpacityLevel>255</OpacityLevel>
			<LodDistance>16960</LodDistance>
			<IsVisible>true</IsVisible>
			<MaxHealth>1000</MaxHealth>
			<Health>1000</Health>
			<HasGravity>true</HasGravity>
			<IsOnFire>false</IsOnFire>
			<IsInvincible>false</IsInvincible>
			<IsBulletProof>false</IsBulletProof>
			<IsCollisionProof>false</IsCollisionProof>
			<IsExplosionProof>false</IsExplosionProof>
			<IsFireProof>false</IsFireProof>
			<IsMeleeProof>false</IsMeleeProof>
			<IsOnlyDamagedByPlayer>false</IsOnlyDamagedByPlayer>
			<PositionRotation>
				<X>1600.15784</X>
				<Y>3301.33081</Y>
				<Z>38.8279839</Z>
				<Pitch>-3.27038646</Pitch>
				<Roll>3.18624067</Roll>
				<Yaw>62.408268</Yaw>
			</PositionRotation>
			<Attachment isAttached="true">
				<AttachedTo>143984</AttachedTo>
				<BoneIndex>45</BoneIndex>
				<X>-0.400000036</X>
				<Y>0.600000083</Y>
				<Z>-0.140000001</Z>
				<Pitch>0</Pitch>
				<Roll>0</Roll>
				<Yaw>0</Yaw>
			</Attachment>
		</Attachment>
		<Attachment>
			<ModelHash>0xa692bac0</ModelHash>
			<Type>3</Type>
			<Dynamic>true</Dynamic>
			<FrozenPos>true</FrozenPos>
			<HashName>prop_roofvent_09a</HashName>
			<InitialHandle>6425</InitialHandle>
			<ObjectProperties>
				<TextureVariation>0</TextureVariation>
			</ObjectProperties>
			<OpacityLevel>255</OpacityLevel>
			<LodDistance>16960</LodDistance>
			<IsVisible>true</IsVisible>
			<MaxHealth>1000</MaxHealth>
			<Health>1000</Health>
			<HasGravity>true</HasGravity>
			<IsOnFire>false</IsOnFire>
			<IsInvincible>false</IsInvincible>
			<IsBulletProof>false</IsBulletProof>
			<IsCollisionProof>false</IsCollisionProof>
			<IsExplosionProof>false</IsExplosionProof>
			<IsFireProof>false</IsFireProof>
			<IsMeleeProof>false</IsMeleeProof>
			<IsOnlyDamagedByPlayer>false</IsOnlyDamagedByPlayer>
			<PositionRotation>
				<X>1600.51904</X>
				<Y>3301.00171</Y>
				<Z>39.3233719</Z>
				<Pitch>-2.82773566</Pitch>
				<Roll>86.415184</Roll>
				<Yaw>-33.6711388</Yaw>
			</PositionRotation>
			<Attachment isAttached="true">
				<AttachedTo>143984</AttachedTo>
				<BoneIndex>45</BoneIndex>
				<X>-0.550000131</X>
				<Y>0.100000016</Y>
				<Z>0.319999993</Z>
				<Pitch>5.7220459e-06</Pitch>
				<Roll>90.0000076</Roll>
				<Yaw>-95.8999176</Yaw>
			</Attachment>
		</Attachment>
		<Attachment>
			<ModelHash>0x7d4fdda3</ModelHash>
			<Type>3</Type>
			<Dynamic>false</Dynamic>
			<FrozenPos>true</FrozenPos>
			<HashName>prop_roofpipe_04</HashName>
			<InitialHandle>194580</InitialHandle>
			<ObjectProperties>
				<TextureVariation>0</TextureVariation>
			</ObjectProperties>
			<OpacityLevel>255</OpacityLevel>
			<LodDistance>16960</LodDistance>
			<IsVisible>true</IsVisible>
			<MaxHealth>1000</MaxHealth>
			<Health>1000</Health>
			<HasGravity>true</HasGravity>
			<IsOnFire>false</IsOnFire>
			<IsInvincible>false</IsInvincible>
			<IsBulletProof>false</IsBulletProof>
			<IsCollisionProof>false</IsCollisionProof>
			<IsExplosionProof>false</IsExplosionProof>
			<IsFireProof>false</IsFireProof>
			<IsMeleeProof>false</IsMeleeProof>
			<IsOnlyDamagedByPlayer>false</IsOnlyDamagedByPlayer>
			<PositionRotation>
				<X>1600.20178</X>
				<Y>3301.46411</Y>
				<Z>39.0272446</Z>
				<Pitch>-1.21128845</Pitch>
				<Roll>32.6359558</Roll>
				<Yaw>-56.5794144</Yaw>
			</PositionRotation>
			<Attachment isAttached="true">
				<AttachedTo>143984</AttachedTo>
				<BoneIndex>45</BoneIndex>
				<X>-0.272657633</X>
				<Y>0.61142695</Y>
				<Z>0.0676369518</Z>
				<Pitch>-0.00356864929</Pitch>
				<Roll>37.0383301</Roll>
				<Yaw>-118.850006</Yaw>
			</Attachment>
		</Attachment>
		<Attachment>
			<ModelHash>0x79c14bf9</ModelHash>
			<Type>3</Type>
			<Dynamic>false</Dynamic>
			<FrozenPos>true</FrozenPos>
			<HashName>prop_railsleepers01</HashName>
			<InitialHandle>126514</InitialHandle>
			<ObjectProperties>
				<TextureVariation>0</TextureVariation>
			</ObjectProperties>
			<OpacityLevel>255</OpacityLevel>
			<LodDistance>16960</LodDistance>
			<IsVisible>true</IsVisible>
			<MaxHealth>1000</MaxHealth>
			<Health>1000</Health>
			<HasGravity>true</HasGravity>
			<IsOnFire>false</IsOnFire>
			<IsInvincible>false</IsInvincible>
			<IsBulletProof>false</IsBulletProof>
			<IsCollisionProof>false</IsCollisionProof>
			<IsExplosionProof>false</IsExplosionProof>
			<IsFireProof>false</IsFireProof>
			<IsMeleeProof>false</IsMeleeProof>
			<IsOnlyDamagedByPlayer>false</IsOnlyDamagedByPlayer>
			<PositionRotation>
				<X>1602.54211</X>
				<Y>3300.99927</Y>
				<Z>39.5800591</Z>
				<Pitch>3.01980543</Pitch>
				<Roll>-3.50865507</Roll>
				<Yaw>-117.550606</Yaw>
			</PositionRotation>
			<Attachment isAttached="true">
				<AttachedTo>143984</AttachedTo>
				<BoneIndex>0</BoneIndex>
				<X>0.374552429</X>
				<Y>-0.310572833</Y>
				<Z>0.612447023</Z>
				<Pitch>-0.247910529</Pitch>
				<Roll>-0.320040077</Roll>
				<Yaw>180.054916</Yaw>
			</Attachment>
		</Attachment>
		<Attachment>
			<ModelHash>0x79c14bf9</ModelHash>
			<Type>3</Type>
			<Dynamic>false</Dynamic>
			<FrozenPos>true</FrozenPos>
			<HashName>prop_railsleepers01</HashName>
			<InitialHandle>40242</InitialHandle>
			<ObjectProperties>
				<TextureVariation>0</TextureVariation>
			</ObjectProperties>
			<OpacityLevel>255</OpacityLevel>
			<LodDistance>16960</LodDistance>
			<IsVisible>true</IsVisible>
			<MaxHealth>1000</MaxHealth>
			<Health>1000</Health>
			<HasGravity>true</HasGravity>
			<IsOnFire>false</IsOnFire>
			<IsInvincible>false</IsInvincible>
			<IsBulletProof>false</IsBulletProof>
			<IsCollisionProof>false</IsCollisionProof>
			<IsExplosionProof>false</IsExplosionProof>
			<IsFireProof>false</IsFireProof>
			<IsMeleeProof>false</IsMeleeProof>
			<IsOnlyDamagedByPlayer>false</IsOnlyDamagedByPlayer>
			<PositionRotation>
				<X>1602.44897</X>
				<Y>3300.82251</Y>
				<Z>39.591156</Z>
				<Pitch>3.01980543</Pitch>
				<Roll>-3.50865507</Roll>
				<Yaw>-117.550606</Yaw>
			</PositionRotation>
			<Attachment isAttached="true">
				<AttachedTo>143984</AttachedTo>
				<BoneIndex>0</BoneIndex>
				<X>0.174552381</X>
				<Y>-0.310572833</Y>
				<Z>0.612447023</Z>
				<Pitch>-0.247910529</Pitch>
				<Roll>-0.320040077</Roll>
				<Yaw>180.054916</Yaw>
			</Attachment>
		</Attachment>
		<Attachment>
			<ModelHash>0x79c14bf9</ModelHash>
			<Type>3</Type>
			<Dynamic>false</Dynamic>
			<FrozenPos>true</FrozenPos>
			<HashName>prop_railsleepers01</HashName>
			<InitialHandle>80674</InitialHandle>
			<ObjectProperties>
				<TextureVariation>0</TextureVariation>
			</ObjectProperties>
			<OpacityLevel>255</OpacityLevel>
			<LodDistance>16960</LodDistance>
			<IsVisible>true</IsVisible>
			<MaxHealth>1000</MaxHealth>
			<Health>1000</Health>
			<HasGravity>true</HasGravity>
			<IsOnFire>false</IsOnFire>
			<IsInvincible>false</IsInvincible>
			<IsBulletProof>false</IsBulletProof>
			<IsCollisionProof>false</IsCollisionProof>
			<IsExplosionProof>false</IsExplosionProof>
			<IsFireProof>false</IsFireProof>
			<IsMeleeProof>false</IsMeleeProof>
			<IsOnlyDamagedByPlayer>false</IsOnlyDamagedByPlayer>
			<PositionRotation>
				<X>1602.35596</X>
				<Y>3300.64575</Y>
				<Z>39.6022568</Z>
				<Pitch>3.01980543</Pitch>
				<Roll>-3.50865507</Roll>
				<Yaw>-117.550606</Yaw>
			</PositionRotation>
			<Attachment isAttached="true">
				<AttachedTo>143984</AttachedTo>
				<BoneIndex>0</BoneIndex>
				<X>-0.0254476443</X>
				<Y>-0.310572833</Y>
				<Z>0.612447023</Z>
				<Pitch>-0.247910529</Pitch>
				<Roll>-0.320040077</Roll>
				<Yaw>180.054916</Yaw>
			</Attachment>
		</Attachment>
		<Attachment>
			<ModelHash>0x79c14bf9</ModelHash>
			<Type>3</Type>
			<Dynamic>false</Dynamic>
			<FrozenPos>true</FrozenPos>
			<HashName>prop_railsleepers01</HashName>
			<InitialHandle>108337</InitialHandle>
			<ObjectProperties>
				<TextureVariation>0</TextureVariation>
			</ObjectProperties>
			<OpacityLevel>255</OpacityLevel>
			<LodDistance>16960</LodDistance>
			<IsVisible>true</IsVisible>
			<MaxHealth>1000</MaxHealth>
			<Health>1000</Health>
			<HasGravity>true</HasGravity>
			<IsOnFire>false</IsOnFire>
			<IsInvincible>false</IsInvincible>
			<IsBulletProof>false</IsBulletProof>
			<IsCollisionProof>false</IsCollisionProof>
			<IsExplosionProof>false</IsExplosionProof>
			<IsFireProof>false</IsFireProof>
			<IsMeleeProof>false</IsMeleeProof>
			<IsOnlyDamagedByPlayer>false</IsOnlyDamagedByPlayer>
			<PositionRotation>
				<X>1602.26294</X>
				<Y>3300.46924</Y>
				<Z>39.6133537</Z>
				<Pitch>3.01980543</Pitch>
				<Roll>-3.50865507</Roll>
				<Yaw>-117.550606</Yaw>
			</PositionRotation>
			<Attachment isAttached="true">
				<AttachedTo>143984</AttachedTo>
				<BoneIndex>0</BoneIndex>
				<X>-0.225447685</X>
				<Y>-0.310572833</Y>
				<Z>0.612447023</Z>
				<Pitch>-0.247910529</Pitch>
				<Roll>-0.320040077</Roll>
				<Yaw>180.054916</Yaw>
			</Attachment>
		</Attachment>
		<Attachment>
			<ModelHash>0x79c14bf9</ModelHash>
			<Type>3</Type>
			<Dynamic>false</Dynamic>
			<FrozenPos>true</FrozenPos>
			<HashName>prop_railsleepers01</HashName>
			<InitialHandle>199983</InitialHandle>
			<ObjectProperties>
				<TextureVariation>0</TextureVariation>
			</ObjectProperties>
			<OpacityLevel>255</OpacityLevel>
			<LodDistance>16960</LodDistance>
			<IsVisible>true</IsVisible>
			<MaxHealth>1000</MaxHealth>
			<Health>1000</Health>
			<HasGravity>true</HasGravity>
			<IsOnFire>false</IsOnFire>
			<IsInvincible>false</IsInvincible>
			<IsBulletProof>false</IsBulletProof>
			<IsCollisionProof>false</IsCollisionProof>
			<IsExplosionProof>false</IsExplosionProof>
			<IsFireProof>false</IsFireProof>
			<IsMeleeProof>false</IsMeleeProof>
			<IsOnlyDamagedByPlayer>false</IsOnlyDamagedByPlayer>
			<PositionRotation>
				<X>1602.16992</X>
				<Y>3300.29248</Y>
				<Z>39.6244545</Z>
				<Pitch>3.01980543</Pitch>
				<Roll>-3.50865507</Roll>
				<Yaw>-117.550606</Yaw>
			</PositionRotation>
			<Attachment isAttached="true">
				<AttachedTo>143984</AttachedTo>
				<BoneIndex>0</BoneIndex>
				<X>-0.425447732</X>
				<Y>-0.310572833</Y>
				<Z>0.612447023</Z>
				<Pitch>-0.247910529</Pitch>
				<Roll>-0.320040077</Roll>
				<Yaw>180.054916</Yaw>
			</Attachment>
		</Attachment>
		<Attachment>
			<ModelHash>0xd1cfa7e0</ModelHash>
			<Type>3</Type>
			<Dynamic>false</Dynamic>
			<FrozenPos>true</FrozenPos>
			<HashName>prop_oil_valve_02</HashName>
			<InitialHandle>14883</InitialHandle>
			<ObjectProperties>
				<TextureVariation>0</TextureVariation>
			</ObjectProperties>
			<OpacityLevel>255</OpacityLevel>
			<LodDistance>16960</LodDistance>
			<IsVisible>true</IsVisible>
			<MaxHealth>1000</MaxHealth>
			<Health>1000</Health>
			<HasGravity>true</HasGravity>
			<IsOnFire>false</IsOnFire>
			<IsInvincible>false</IsInvincible>
			<IsBulletProof>false</IsBulletProof>
			<IsCollisionProof>false</IsCollisionProof>
			<IsExplosionProof>false</IsExplosionProof>
			<IsFireProof>false</IsFireProof>
			<IsMeleeProof>false</IsMeleeProof>
			<IsOnlyDamagedByPlayer>false</IsOnlyDamagedByPlayer>
			<PositionRotation>
				<X>1603.26184</X>
				<Y>3299.53345</Y>
				<Z>39.8020096</Z>
				<Pitch>-85.3169632</Pitch>
				<Roll>137.909729</Roll>
				<Yaw>-160.533707</Yaw>
			</PositionRotation>
			<Attachment isAttached="true">
				<AttachedTo>143984</AttachedTo>
				<BoneIndex>0</BoneIndex>
				<X>-0.597845137</X>
				<Y>-1.63790238</Y>
				<Z>0.705008864</Z>
				<Pitch>-90.1611328</Pitch>
				<Roll>-0.0299734194</Roll>
				<Yaw>-0.795131683</Yaw>
			</Attachment>
		</Attachment>
		<Attachment>
			<ModelHash>0x812eaa44</ModelHash>
			<Type>3</Type>
			<Dynamic>false</Dynamic>
			<FrozenPos>true</FrozenPos>
			<HashName>prop_oil_guage_01</HashName>
			<InitialHandle>237109</InitialHandle>
			<ObjectProperties>
				<TextureVariation>0</TextureVariation>
			</ObjectProperties>
			<OpacityLevel>255</OpacityLevel>
			<LodDistance>16960</LodDistance>
			<IsVisible>true</IsVisible>
			<MaxHealth>1000</MaxHealth>
			<Health>1000</Health>
			<HasGravity>true</HasGravity>
			<IsOnFire>false</IsOnFire>
			<IsInvincible>false</IsInvincible>
			<IsBulletProof>false</IsBulletProof>
			<IsCollisionProof>false</IsCollisionProof>
			<IsExplosionProof>false</IsExplosionProof>
			<IsFireProof>false</IsFireProof>
			<IsMeleeProof>false</IsMeleeProof>
			<IsOnlyDamagedByPlayer>false</IsOnlyDamagedByPlayer>
			<PositionRotation>
				<X>1601.35156</X>
				<Y>3300.72095</Y>
				<Z>39.1277695</Z>
				<Pitch>46.6308823</Pitch>
				<Roll>94.6350784</Roll>
				<Yaw>58.8533936</Yaw>
			</PositionRotation>
			<Attachment isAttached="true">
				<AttachedTo>143984</AttachedTo>
				<BoneIndex>0</BoneIndex>
				<X>-0.400000066</X>
				<Y>0.640000165</Y>
				<Z>0.1700003</Z>
				<Pitch>50</Pitch>
				<Roll>90.0000153</Roll>
				<Yaw>-1.90734863e-06</Yaw>
			</Attachment>
		</Attachment>
		<Attachment>
			<ModelHash>0x79c14bf9</ModelHash>
			<Type>3</Type>
			<Dynamic>false</Dynamic>
			<FrozenPos>true</FrozenPos>
			<HashName>prop_railsleepers01</HashName>
			<InitialHandle>9801</InitialHandle>
			<ObjectProperties>
				<TextureVariation>0</TextureVariation>
			</ObjectProperties>
			<OpacityLevel>255</OpacityLevel>
			<LodDistance>16960</LodDistance>
			<IsVisible>true</IsVisible>
			<MaxHealth>1000</MaxHealth>
			<Health>1000</Health>
			<HasGravity>true</HasGravity>
			<IsOnFire>false</IsOnFire>
			<IsInvincible>false</IsInvincible>
			<IsBulletProof>false</IsBulletProof>
			<IsCollisionProof>false</IsCollisionProof>
			<IsExplosionProof>false</IsExplosionProof>
			<IsFireProof>false</IsFireProof>
			<IsMeleeProof>false</IsMeleeProof>
			<IsOnlyDamagedByPlayer>false</IsOnlyDamagedByPlayer>
			<PositionRotation>
				<X>1600.06104</X>
				<Y>3301.8269</Y>
				<Z>38.5195236</Z>
				<Pitch>-3.18104887</Pitch>
				<Roll>-83.2754364</Roll>
				<Yaw>-27.7736969</Yaw>
			</PositionRotation>
			<Attachment isAttached="true">
				<AttachedTo>143984</AttachedTo>
				<BoneIndex>41</BoneIndex>
				<X>0.850000083</X>
				<Y>0.200000033</Y>
				<Z>-0.200000018</Z>
				<Pitch>0</Pitch>
				<Roll>-80.0000076</Roll>
				<Yaw>-90.0000076</Yaw>
			</Attachment>
		</Attachment>
		<Attachment>
			<ModelHash>0x79c14bf9</ModelHash>
			<Type>3</Type>
			<Dynamic>false</Dynamic>
			<FrozenPos>true</FrozenPos>
			<HashName>prop_railsleepers01</HashName>
			<InitialHandle>101198</InitialHandle>
			<ObjectProperties>
				<TextureVariation>0</TextureVariation>
			</ObjectProperties>
			<OpacityLevel>255</OpacityLevel>
			<LodDistance>16960</LodDistance>
			<IsVisible>true</IsVisible>
			<MaxHealth>1000</MaxHealth>
			<Health>1000</Health>
			<HasGravity>true</HasGravity>
			<IsOnFire>false</IsOnFire>
			<IsInvincible>false</IsInvincible>
			<IsBulletProof>false</IsBulletProof>
			<IsCollisionProof>false</IsCollisionProof>
			<IsExplosionProof>false</IsExplosionProof>
			<IsFireProof>false</IsFireProof>
			<IsMeleeProof>false</IsMeleeProof>
			<IsOnlyDamagedByPlayer>false</IsOnlyDamagedByPlayer>
			<PositionRotation>
				<X>1600.14209</X>
				<Y>3301.80322</Y>
				<Z>38.824276</Z>
				<Pitch>-3.18104887</Pitch>
				<Roll>-83.2754364</Roll>
				<Yaw>-27.7736969</Yaw>
			</PositionRotation>
			<Attachment isAttached="true">
				<AttachedTo>143984</AttachedTo>
				<BoneIndex>41</BoneIndex>
				<X>0.850000083</X>
				<Y>0.0999999791</Y>
				<Z>0.100000083</Z>
				<Pitch>0</Pitch>
				<Roll>-80.0000076</Roll>
				<Yaw>-90.0000076</Yaw>
			</Attachment>
		</Attachment>
		<Attachment>
			<ModelHash>0xa4751611</ModelHash>
			<Type>3</Type>
			<Dynamic>false</Dynamic>
			<FrozenPos>true</FrozenPos>
			<HashName>prop_traffic_lightset_01</HashName>
			<InitialHandle>27503</InitialHandle>
			<ObjectProperties>
				<TextureVariation>0</TextureVariation>
			</ObjectProperties>
			<OpacityLevel>255</OpacityLevel>
			<LodDistance>16960</LodDistance>
			<IsVisible>true</IsVisible>
			<MaxHealth>1000</MaxHealth>
			<Health>1000</Health>
			<HasGravity>true</HasGravity>
			<IsOnFire>false</IsOnFire>
			<IsInvincible>false</IsInvincible>
			<IsBulletProof>false</IsBulletProof>
			<IsCollisionProof>false</IsCollisionProof>
			<IsExplosionProof>false</IsExplosionProof>
			<IsFireProof>false</IsFireProof>
			<IsMeleeProof>false</IsMeleeProof>
			<IsOnlyDamagedByPlayer>false</IsOnlyDamagedByPlayer>
			<PositionRotation>
				<X>1600.16345</X>
				<Y>3301.78711</Y>
				<Z>38.9339333</Z>
				<Pitch>-85.4352798</Pitch>
				<Roll>135.792526</Roll>
				<Yaw>-161.890167</Yaw>
			</PositionRotation>
			<Attachment isAttached="true">
				<AttachedTo>143984</AttachedTo>
				<BoneIndex>45</BoneIndex>
				<X>0</X>
				<Y>0.800000131</Y>
				<Z>-4.47034836e-08</Z>
				<Pitch>-90.0000076</Pitch>
				<Roll>0</Roll>
				<Yaw>0</Yaw>
			</Attachment>
		</Attachment>
		<Attachment>
			<ModelHash>0x0dd75614</ModelHash>
			<Type>3</Type>
			<Dynamic>false</Dynamic>
			<FrozenPos>true</FrozenPos>
			<HashName>prop_car_engine_01</HashName>
			<InitialHandle>117112</InitialHandle>
			<ObjectProperties>
				<TextureVariation>0</TextureVariation>
			</ObjectProperties>
			<OpacityLevel>255</OpacityLevel>
			<LodDistance>16960</LodDistance>
			<IsVisible>true</IsVisible>
			<MaxHealth>1000</MaxHealth>
			<Health>1000</Health>
			<HasGravity>true</HasGravity>
			<IsOnFire>false</IsOnFire>
			<IsInvincible>false</IsInvincible>
			<IsBulletProof>false</IsBulletProof>
			<IsCollisionProof>false</IsCollisionProof>
			<IsExplosionProof>false</IsExplosionProof>
			<IsFireProof>false</IsFireProof>
			<IsMeleeProof>false</IsMeleeProof>
			<IsOnlyDamagedByPlayer>false</IsOnlyDamagedByPlayer>
			<PositionRotation>
				<X>1600.89978</X>
				<Y>3301.49316</Y>
				<Z>38.803978</Z>
				<Pitch>-3.27038646</Pitch>
				<Roll>3.18624067</Roll>
				<Yaw>62.408268</Yaw>
			</PositionRotation>
			<Attachment isAttached="true">
				<AttachedTo>143984</AttachedTo>
				<BoneIndex>45</BoneIndex>
				<X>0.0900000185</X>
				<Y>0.0200000033</Y>
				<Z>-0.170000002</Z>
				<Pitch>0</Pitch>
				<Roll>0</Roll>
				<Yaw>0</Yaw>
			</Attachment>
		</Attachment>
		<Attachment>
			<ModelHash>0x05ccacf6</ModelHash>
			<Type>3</Type>
			<Dynamic>false</Dynamic>
			<FrozenPos>true</FrozenPos>
			<HashName>prop_roofvent_08a</HashName>
			<InitialHandle>87815</InitialHandle>
			<ObjectProperties>
				<TextureVariation>0</TextureVariation>
			</ObjectProperties>
			<OpacityLevel>255</OpacityLevel>
			<LodDistance>16960</LodDistance>
			<IsVisible>true</IsVisible>
			<MaxHealth>1000</MaxHealth>
			<Health>1000</Health>
			<HasGravity>true</HasGravity>
			<IsOnFire>false</IsOnFire>
			<IsInvincible>false</IsInvincible>
			<IsBulletProof>false</IsBulletProof>
			<IsCollisionProof>false</IsCollisionProof>
			<IsExplosionProof>false</IsExplosionProof>
			<IsFireProof>false</IsFireProof>
			<IsMeleeProof>false</IsMeleeProof>
			<IsOnlyDamagedByPlayer>false</IsOnlyDamagedByPlayer>
			<PositionRotation>
				<X>1600.49121</X>
				<Y>3301.59326</Y>
				<Z>38.7507782</Z>
				<Pitch>-4.72190809</Pitch>
				<Roll>0.118457869</Roll>
				<Yaw>19.9342403</Yaw>
			</PositionRotation>
			<Attachment isAttached="true">
				<AttachedTo>143984</AttachedTo>
				<BoneIndex>0</BoneIndex>
				<X>-0.00883129239</X>
				<Y>1.82604551</Y>
				<Z>-0.11853601</Z>
				<Pitch>-0.159506902</Pitch>
				<Roll>-0.026713429</Roll>
				<Yaw>-42.3892288</Yaw>
			</Attachment>
		</Attachment>
		<Attachment>
			<ModelHash>0x05ccacf6</ModelHash>
			<Type>3</Type>
			<Dynamic>false</Dynamic>
			<FrozenPos>true</FrozenPos>
			<HashName>prop_roofvent_08a</HashName>
			<InitialHandle>115981</InitialHandle>
			<ObjectProperties>
				<TextureVariation>0</TextureVariation>
			</ObjectProperties>
			<OpacityLevel>255</OpacityLevel>
			<LodDistance>16960</LodDistance>
			<IsVisible>true</IsVisible>
			<MaxHealth>1000</MaxHealth>
			<Health>1000</Health>
			<HasGravity>true</HasGravity>
			<IsOnFire>false</IsOnFire>
			<IsInvincible>false</IsInvincible>
			<IsBulletProof>false</IsBulletProof>
			<IsCollisionProof>false</IsCollisionProof>
			<IsExplosionProof>false</IsExplosionProof>
			<IsFireProof>false</IsFireProof>
			<IsMeleeProof>false</IsMeleeProof>
			<IsOnlyDamagedByPlayer>false</IsOnlyDamagedByPlayer>
			<PositionRotation>
				<X>1600.8363</X>
				<Y>3301.41284</Y>
				<Z>38.7730293</Z>
				<Pitch>-4.72190809</Pitch>
				<Roll>0.118457869</Roll>
				<Yaw>19.9342403</Yaw>
			</PositionRotation>
			<Attachment isAttached="true">
				<AttachedTo>143984</AttachedTo>
				<BoneIndex>0</BoneIndex>
				<X>-0.00883129239</X>
				<Y>1.43604589</Y>
				<Z>-0.11853601</Z>
				<Pitch>-0.159506902</Pitch>
				<Roll>-0.026713429</Roll>
				<Yaw>-42.3892288</Yaw>
			</Attachment>
		</Attachment>
		<Attachment>
			<ModelHash>0x05ccacf6</ModelHash>
			<Type>3</Type>
			<Dynamic>false</Dynamic>
			<FrozenPos>true</FrozenPos>
			<HashName>prop_roofvent_08a</HashName>
			<InitialHandle>216844</InitialHandle>
			<ObjectProperties>
				<TextureVariation>0</TextureVariation>
			</ObjectProperties>
			<OpacityLevel>255</OpacityLevel>
			<LodDistance>16960</LodDistance>
			<IsVisible>true</IsVisible>
			<MaxHealth>1000</MaxHealth>
			<Health>1000</Health>
			<HasGravity>true</HasGravity>
			<IsOnFire>false</IsOnFire>
			<IsInvincible>false</IsInvincible>
			<IsBulletProof>false</IsBulletProof>
			<IsCollisionProof>false</IsCollisionProof>
			<IsExplosionProof>false</IsExplosionProof>
			<IsFireProof>false</IsFireProof>
			<IsMeleeProof>false</IsMeleeProof>
			<IsOnlyDamagedByPlayer>false</IsOnlyDamagedByPlayer>
			<PositionRotation>
				<X>1601.17261</X>
				<Y>3301.2373</Y>
				<Z>38.7947083</Z>
				<Pitch>-4.72190809</Pitch>
				<Roll>0.118457869</Roll>
				<Yaw>19.9342403</Yaw>
			</PositionRotation>
			<Attachment isAttached="true">
				<AttachedTo>143984</AttachedTo>
				<BoneIndex>0</BoneIndex>
				<X>-0.00883129239</X>
				<Y>1.05604625</Y>
				<Z>-0.11853601</Z>
				<Pitch>-0.159506902</Pitch>
				<Roll>-0.026713429</Roll>
				<Yaw>-42.3892288</Yaw>
			</Attachment>
		</Attachment>
		<Attachment>
			<ModelHash>0xa692bac0</ModelHash>
			<Type>3</Type>
			<Dynamic>true</Dynamic>
			<FrozenPos>true</FrozenPos>
			<HashName>prop_roofvent_09a</HashName>
			<InitialHandle>241676</InitialHandle>
			<ObjectProperties>
				<TextureVariation>0</TextureVariation>
			</ObjectProperties>
			<OpacityLevel>255</OpacityLevel>
			<LodDistance>16960</LodDistance>
			<IsVisible>true</IsVisible>
			<MaxHealth>1000</MaxHealth>
			<Health>1000</Health>
			<HasGravity>true</HasGravity>
			<IsOnFire>false</IsOnFire>
			<IsInvincible>false</IsInvincible>
			<IsBulletProof>false</IsBulletProof>
			<IsCollisionProof>false</IsCollisionProof>
			<IsExplosionProof>false</IsExplosionProof>
			<IsFireProof>false</IsFireProof>
			<IsMeleeProof>false</IsMeleeProof>
			<IsOnlyDamagedByPlayer>false</IsOnlyDamagedByPlayer>
			<PositionRotation>
				<X>1600.46179</X>
				<Y>3301.65942</Y>
				<Z>39.5830269</Z>
				<Pitch>-3.12924385</Pitch>
				<Roll>86.6750336</Roll>
				<Yaw>-28.6734715</Yaw>
			</PositionRotation>
			<Attachment isAttached="true">
				<AttachedTo>143984</AttachedTo>
				<BoneIndex>45</BoneIndex>
				<X>-0.0100000203</X>
				<Y>0.439999998</Y>
				<Z>0.630000174</Z>
				<Pitch>5.7220459e-06</Pitch>
				<Roll>90.0000076</Roll>
				<Yaw>-90.8999176</Yaw>
			</Attachment>
		</Attachment>
		<Attachment>
			<ModelHash>0xa692bac0</ModelHash>
			<Type>3</Type>
			<Dynamic>true</Dynamic>
			<FrozenPos>true</FrozenPos>
			<HashName>prop_roofvent_09a</HashName>
			<InitialHandle>234763</InitialHandle>
			<ObjectProperties>
				<TextureVariation>0</TextureVariation>
			</ObjectProperties>
			<OpacityLevel>255</OpacityLevel>
			<LodDistance>16960</LodDistance>
			<IsVisible>true</IsVisible>
			<MaxHealth>1000</MaxHealth>
			<Health>1000</Health>
			<HasGravity>true</HasGravity>
			<IsOnFire>false</IsOnFire>
			<IsInvincible>false</IsInvincible>
			<IsBulletProof>false</IsBulletProof>
			<IsCollisionProof>false</IsCollisionProof>
			<IsExplosionProof>false</IsExplosionProof>
			<IsFireProof>false</IsFireProof>
			<IsMeleeProof>false</IsMeleeProof>
			<IsOnlyDamagedByPlayer>false</IsOnlyDamagedByPlayer>
			<PositionRotation>
				<X>1600.80688</X>
				<Y>3301.47925</Y>
				<Z>39.605278</Z>
				<Pitch>-3.12924385</Pitch>
				<Roll>86.6750336</Roll>
				<Yaw>-28.6734715</Yaw>
			</PositionRotation>
			<Attachment isAttached="true">
				<AttachedTo>143984</AttachedTo>
				<BoneIndex>45</BoneIndex>
				<X>-0.0100000203</X>
				<Y>0.050000079</Y>
				<Z>0.630000174</Z>
				<Pitch>5.7220459e-06</Pitch>
				<Roll>90.0000076</Roll>
				<Yaw>-90.8999176</Yaw>
			</Attachment>
		</Attachment>
		<Attachment>
			<ModelHash>0xa692bac0</ModelHash>
			<Type>3</Type>
			<Dynamic>true</Dynamic>
			<FrozenPos>false</FrozenPos>
			<HashName>prop_roofvent_09a</HashName>
			<InitialHandle>207378</InitialHandle>
			<ObjectProperties>
				<TextureVariation>0</TextureVariation>
			</ObjectProperties>
			<OpacityLevel>255</OpacityLevel>
			<LodDistance>16960</LodDistance>
			<IsVisible>true</IsVisible>
			<MaxHealth>1000</MaxHealth>
			<Health>1000</Health>
			<HasGravity>true</HasGravity>
			<IsOnFire>false</IsOnFire>
			<IsInvincible>false</IsInvincible>
			<IsBulletProof>false</IsBulletProof>
			<IsCollisionProof>false</IsCollisionProof>
			<IsExplosionProof>false</IsExplosionProof>
			<IsFireProof>false</IsFireProof>
			<IsMeleeProof>false</IsMeleeProof>
			<IsOnlyDamagedByPlayer>false</IsOnlyDamagedByPlayer>
			<PositionRotation>
				<X>1601.13428</X>
				<Y>3301.30811</Y>
				<Z>39.6263847</Z>
				<Pitch>-3.12924385</Pitch>
				<Roll>86.6750336</Roll>
				<Yaw>-28.6734715</Yaw>
			</PositionRotation>
			<Attachment isAttached="true">
				<AttachedTo>143984</AttachedTo>
				<BoneIndex>45</BoneIndex>
				<X>-0.0100000203</X>
				<Y>-0.319999963</Y>
				<Z>0.630000174</Z>
				<Pitch>5.7220459e-06</Pitch>
				<Roll>90.0000076</Roll>
				<Yaw>-90.8999176</Yaw>
			</Attachment>
		</Attachment>
		<Attachment>
			<ModelHash>0x0c437502</ModelHash>
			<Type>3</Type>
			<Dynamic>false</Dynamic>
			<FrozenPos>true</FrozenPos>
			<HashName>imp_prop_impexp_exhaust_04</HashName>
			<InitialHandle>132614</InitialHandle>
			<ObjectProperties>
				<TextureVariation>0</TextureVariation>
			</ObjectProperties>
			<OpacityLevel>255</OpacityLevel>
			<LodDistance>16960</LodDistance>
			<IsVisible>true</IsVisible>
			<MaxHealth>1000</MaxHealth>
			<Health>1000</Health>
			<HasGravity>true</HasGravity>
			<IsOnFire>false</IsOnFire>
			<IsInvincible>false</IsInvincible>
			<IsBulletProof>false</IsBulletProof>
			<IsCollisionProof>false</IsCollisionProof>
			<IsExplosionProof>false</IsExplosionProof>
			<IsFireProof>false</IsFireProof>
			<IsMeleeProof>false</IsMeleeProof>
			<IsOnlyDamagedByPlayer>false</IsOnlyDamagedByPlayer>
			<PositionRotation>
				<X>1601.73743</X>
				<Y>3300.98047</Y>
				<Z>39.800293</Z>
				<Pitch>-3.44609857</Pitch>
				<Roll>3.14546466</Roll>
				<Yaw>62.1715698</Yaw>
			</PositionRotation>
			<Attachment isAttached="true">
				<AttachedTo>143984</AttachedTo>
				<BoneIndex>0</BoneIndex>
				<X>-0.0286470056</X>
				<Y>0.380206615</Y>
				<Z>0.85046792</Z>
				<Pitch>-0.162335873</Pitch>
				<Roll>-0.0272578839</Roll>
				<Yaw>-0.245674014</Yaw>
			</Attachment>
		</Attachment>
		<Attachment>
			<ModelHash>0x0c437502</ModelHash>
			<Type>3</Type>
			<Dynamic>false</Dynamic>
			<FrozenPos>true</FrozenPos>
			<HashName>imp_prop_impexp_exhaust_04</HashName>
			<InitialHandle>120599</InitialHandle>
			<ObjectProperties>
				<TextureVariation>0</TextureVariation>
			</ObjectProperties>
			<OpacityLevel>255</OpacityLevel>
			<LodDistance>16960</LodDistance>
			<IsVisible>true</IsVisible>
			<MaxHealth>1000</MaxHealth>
			<Health>1000</Health>
			<HasGravity>true</HasGravity>
			<IsOnFire>false</IsOnFire>
			<IsInvincible>false</IsInvincible>
			<IsBulletProof>false</IsBulletProof>
			<IsCollisionProof>false</IsCollisionProof>
			<IsExplosionProof>false</IsExplosionProof>
			<IsFireProof>false</IsFireProof>
			<IsMeleeProof>false</IsMeleeProof>
			<IsOnlyDamagedByPlayer>false</IsOnlyDamagedByPlayer>
			<PositionRotation>
				<X>1601.73535</X>
				<Y>3300.98657</Y>
				<Z>39.8800392</Z>
				<Pitch>-3.44609857</Pitch>
				<Roll>3.14546466</Roll>
				<Yaw>62.1715698</Yaw>
			</PositionRotation>
			<Attachment isAttached="true">
				<AttachedTo>143984</AttachedTo>
				<BoneIndex>0</BoneIndex>
				<X>-0.0286470056</X>
				<Y>0.380206615</Y>
				<Z>0.930467844</Z>
				<Pitch>-0.162335873</Pitch>
				<Roll>-0.0272578839</Roll>
				<Yaw>-0.245674014</Yaw>
			</Attachment>
		</Attachment>
		<Attachment>
			<ModelHash>0x0c437502</ModelHash>
			<Type>3</Type>
			<Dynamic>false</Dynamic>
			<FrozenPos>true</FrozenPos>
			<HashName>imp_prop_impexp_exhaust_04</HashName>
			<InitialHandle>50202</InitialHandle>
			<ObjectProperties>
				<TextureVariation>0</TextureVariation>
			</ObjectProperties>
			<OpacityLevel>255</OpacityLevel>
			<LodDistance>16960</LodDistance>
			<IsVisible>true</IsVisible>
			<MaxHealth>1000</MaxHealth>
			<Health>1000</Health>
			<HasGravity>true</HasGravity>
			<IsOnFire>false</IsOnFire>
			<IsInvincible>false</IsInvincible>
			<IsBulletProof>false</IsBulletProof>
			<IsCollisionProof>false</IsCollisionProof>
			<IsExplosionProof>false</IsExplosionProof>
			<IsFireProof>false</IsFireProof>
			<IsMeleeProof>false</IsMeleeProof>
			<IsOnlyDamagedByPlayer>false</IsOnlyDamagedByPlayer>
			<PositionRotation>
				<X>1601.7334</X>
				<Y>3300.99268</Y>
				<Z>39.9597855</Z>
				<Pitch>-3.44609857</Pitch>
				<Roll>3.14546466</Roll>
				<Yaw>62.1715698</Yaw>
			</PositionRotation>
			<Attachment isAttached="true">
				<AttachedTo>143984</AttachedTo>
				<BoneIndex>0</BoneIndex>
				<X>-0.0286470056</X>
				<Y>0.380206615</Y>
				<Z>1.01046777</Z>
				<Pitch>-0.162335873</Pitch>
				<Roll>-0.0272578839</Roll>
				<Yaw>-0.245674014</Yaw>
			</Attachment>
		</Attachment>
		<Attachment>
			<ModelHash>0xb6270cb7</ModelHash>
			<Type>3</Type>
			<Dynamic>false</Dynamic>
			<FrozenPos>true</FrozenPos>
			<HashName>imp_prop_impexp_car_panel_01a</HashName>
			<InitialHandle>148002</InitialHandle>
			<ObjectProperties>
				<TextureVariation>3</TextureVariation>
			</ObjectProperties>
			<OpacityLevel>255</OpacityLevel>
			<LodDistance>16960</LodDistance>
			<IsVisible>true</IsVisible>
			<MaxHealth>1000</MaxHealth>
			<Health>1000</Health>
			<HasGravity>true</HasGravity>
			<IsOnFire>false</IsOnFire>
			<IsInvincible>false</IsInvincible>
			<IsBulletProof>false</IsBulletProof>
			<IsCollisionProof>false</IsCollisionProof>
			<IsExplosionProof>false</IsExplosionProof>
			<IsFireProof>false</IsFireProof>
			<IsMeleeProof>false</IsMeleeProof>
			<IsOnlyDamagedByPlayer>false</IsOnlyDamagedByPlayer>
			<PositionRotation>
				<X>1601.08618</X>
				<Y>3300.53735</Y>
				<Z>39.5901031</Z>
				<Pitch>-2.95934415</Pitch>
				<Roll>2.42057824</Roll>
				<Yaw>58.9623756</Yaw>
			</PositionRotation>
			<Attachment isAttached="true">
				<AttachedTo>143984</AttachedTo>
				<BoneIndex>0</BoneIndex>
				<X>-0.711378276</X>
				<Y>0.763468742</Y>
				<Z>0.623536885</Z>
				<Pitch>0.495831996</Pitch>
				<Roll>-0.563564301</Roll>
				<Yaw>-3.41910601</Yaw>
			</Attachment>
		</Attachment>
		<Attachment>
			<ModelHash>0x451054d8</ModelHash>
			<Type>3</Type>
			<Dynamic>false</Dynamic>
			<FrozenPos>true</FrozenPos>
			<HashName>prop_car_battery_01</HashName>
			<InitialHandle>120105</InitialHandle>
			<ObjectProperties>
				<TextureVariation>0</TextureVariation>
			</ObjectProperties>
			<OpacityLevel>255</OpacityLevel>
			<LodDistance>16960</LodDistance>
			<IsVisible>true</IsVisible>
			<MaxHealth>1000</MaxHealth>
			<Health>1000</Health>
			<HasGravity>true</HasGravity>
			<IsOnFire>false</IsOnFire>
			<IsInvincible>false</IsInvincible>
			<IsBulletProof>false</IsBulletProof>
			<IsCollisionProof>false</IsCollisionProof>
			<IsExplosionProof>false</IsExplosionProof>
			<IsFireProof>false</IsFireProof>
			<IsMeleeProof>false</IsMeleeProof>
			<IsOnlyDamagedByPlayer>false</IsOnlyDamagedByPlayer>
			<PositionRotation>
				<X>1601.3634</X>
				<Y>3301.62012</Y>
				<Z>39.1268654</Z>
				<Pitch>-3.27038646</Pitch>
				<Roll>3.18624067</Roll>
				<Yaw>62.408268</Yaw>
			</PositionRotation>
			<Attachment isAttached="true">
				<AttachedTo>143984</AttachedTo>
				<BoneIndex>45</BoneIndex>
				<X>0.400000066</X>
				<Y>-0.350000203</Y>
				<Z>0.150000036</Z>
				<Pitch>0</Pitch>
				<Roll>0</Roll>
				<Yaw>0</Yaw>
			</Attachment>
		</Attachment>
		<Attachment>
			<ModelHash>0x5379dc63</ModelHash>
			<Type>3</Type>
			<Dynamic>false</Dynamic>
			<FrozenPos>true</FrozenPos>
			<HashName>pil_prop_fs_target_base</HashName>
			<InitialHandle>150825</InitialHandle>
			<ObjectProperties>
				<TextureVariation>0</TextureVariation>
			</ObjectProperties>
			<OpacityLevel>255</OpacityLevel>
			<LodDistance>16960</LodDistance>
			<IsVisible>true</IsVisible>
			<MaxHealth>1000</MaxHealth>
			<Health>1000</Health>
			<HasGravity>true</HasGravity>
			<IsOnFire>false</IsOnFire>
			<IsInvincible>false</IsInvincible>
			<IsBulletProof>false</IsBulletProof>
			<IsCollisionProof>false</IsCollisionProof>
			<IsExplosionProof>false</IsExplosionProof>
			<IsFireProof>false</IsFireProof>
			<IsMeleeProof>false</IsMeleeProof>
			<IsOnlyDamagedByPlayer>false</IsOnlyDamagedByPlayer>
			<PositionRotation>
				<X>1603.86914</X>
				<Y>3299.86719</Y>
				<Z>39.4356079</Z>
				<Pitch>16.69804</Pitch>
				<Roll>3.32124257</Roll>
				<Yaw>61.2710419</Yaw>
			</PositionRotation>
			<Attachment isAttached="true">
				<AttachedTo>143984</AttachedTo>
				<BoneIndex>0</BoneIndex>
				<X>0</X>
				<Y>-1.99999988</Y>
				<Z>0.349999964</Z>
				<Pitch>20.0000038</Pitch>
				<Roll>0</Roll>
				<Yaw>0</Yaw>
			</Attachment>
		</Attachment>
		<Attachment>
			<ModelHash>0x5379dc63</ModelHash>
			<Type>3</Type>
			<Dynamic>false</Dynamic>
			<FrozenPos>true</FrozenPos>
			<HashName>pil_prop_fs_target_base</HashName>
			<InitialHandle>89923</InitialHandle>
			<ObjectProperties>
				<TextureVariation>0</TextureVariation>
			</ObjectProperties>
			<OpacityLevel>255</OpacityLevel>
			<LodDistance>16960</LodDistance>
			<IsVisible>true</IsVisible>
			<MaxHealth>1000</MaxHealth>
			<Health>1000</Health>
			<HasGravity>true</HasGravity>
			<IsOnFire>false</IsOnFire>
			<IsInvincible>false</IsInvincible>
			<IsBulletProof>false</IsBulletProof>
			<IsCollisionProof>false</IsCollisionProof>
			<IsExplosionProof>false</IsExplosionProof>
			<IsFireProof>false</IsFireProof>
			<IsMeleeProof>false</IsMeleeProof>
			<IsOnlyDamagedByPlayer>false</IsOnlyDamagedByPlayer>
			<PositionRotation>
				<X>1603.87903</X>
				<Y>3299.83691</Y>
				<Z>39.0368767</Z>
				<Pitch>23.2374554</Pitch>
				<Roll>176.537781</Roll>
				<Yaw>-116.406281</Yaw>
			</PositionRotation>
			<Attachment isAttached="true">
				<AttachedTo>143984</AttachedTo>
				<BoneIndex>0</BoneIndex>
				<X>0</X>
				<Y>-1.99999988</Y>
				<Z>-0.0500001162</Z>
				<Pitch>160.000015</Pitch>
				<Roll>0</Roll>
				<Yaw>0</Yaw>
			</Attachment>
		</Attachment>
		<Attachment>
			<ModelHash>0x79c14bf9</ModelHash>
			<Type>3</Type>
			<Dynamic>false</Dynamic>
			<FrozenPos>true</FrozenPos>
			<HashName>prop_railsleepers01</HashName>
			<InitialHandle>103492</InitialHandle>
			<ObjectProperties>
				<TextureVariation>0</TextureVariation>
			</ObjectProperties>
			<OpacityLevel>255</OpacityLevel>
			<LodDistance>16960</LodDistance>
			<IsVisible>true</IsVisible>
			<MaxHealth>1000</MaxHealth>
			<Health>1000</Health>
			<HasGravity>true</HasGravity>
			<IsOnFire>false</IsOnFire>
			<IsInvincible>false</IsInvincible>
			<IsBulletProof>false</IsBulletProof>
			<IsCollisionProof>false</IsCollisionProof>
			<IsExplosionProof>false</IsExplosionProof>
			<IsFireProof>false</IsFireProof>
			<IsMeleeProof>false</IsMeleeProof>
			<IsOnlyDamagedByPlayer>false</IsOnlyDamagedByPlayer>
			<PositionRotation>
				<X>1602.63513</X>
				<Y>3301.17603</Y>
				<Z>39.5689621</Z>
				<Pitch>3.01980543</Pitch>
				<Roll>-3.50865507</Roll>
				<Yaw>-117.550606</Yaw>
			</PositionRotation>
			<Attachment isAttached="true">
				<AttachedTo>143984</AttachedTo>
				<BoneIndex>0</BoneIndex>
				<X>0.574552476</X>
				<Y>-0.310572833</Y>
				<Z>0.612447023</Z>
				<Pitch>-0.247910529</Pitch>
				<Roll>-0.320040077</Roll>
				<Yaw>180.054916</Yaw>
			</Attachment>
		</Attachment>
		<Attachment>
			<ModelHash>0x06c5bea2</ModelHash>
			<Type>3</Type>
			<Dynamic>false</Dynamic>
			<FrozenPos>true</FrozenPos>
			<HashName>xm_prop_base_tripod_lampc</HashName>
			<InitialHandle>191577</InitialHandle>
			<ObjectProperties>
				<TextureVariation>0</TextureVariation>
			</ObjectProperties>
			<OpacityLevel>255</OpacityLevel>
			<LodDistance>16960</LodDistance>
			<IsVisible>true</IsVisible>
			<MaxHealth>1000</MaxHealth>
			<Health>1000</Health>
			<HasGravity>true</HasGravity>
			<IsOnFire>false</IsOnFire>
			<IsInvincible>false</IsInvincible>
			<IsBulletProof>false</IsBulletProof>
			<IsCollisionProof>false</IsCollisionProof>
			<IsExplosionProof>false</IsExplosionProof>
			<IsFireProof>false</IsFireProof>
			<IsMeleeProof>false</IsMeleeProof>
			<IsOnlyDamagedByPlayer>false</IsOnlyDamagedByPlayer>
			<PositionRotation>
				<X>1600.04138</X>
				<Y>3301.83643</Y>
				<Z>38.6896057</Z>
				<Pitch>-3.27038503</Pitch>
				<Roll>93.1862411</Roll>
				<Yaw>62.4082603</Yaw>
			</PositionRotation>
			<Attachment isAttached="true">
				<AttachedTo>143984</AttachedTo>
				<BoneIndex>0</BoneIndex>
				<X>0</X>
				<Y>2.33999991</Y>
				<Z>-0.150000051</Z>
				<Pitch>0</Pitch>
				<Roll>90.0000076</Roll>
				<Yaw>0</Yaw>
			</Attachment>
		</Attachment>
		<Attachment>
			<ModelHash>0x6b5f9218</ModelHash>
			<Type>3</Type>
			<Dynamic>false</Dynamic>
			<FrozenPos>true</FrozenPos>
			<HashName>bkr_prop_weed_fan_ceiling_01a</HashName>
			<InitialHandle>213104</InitialHandle>
			<ObjectProperties>
				<TextureVariation>0</TextureVariation>
			</ObjectProperties>
			<OpacityLevel>255</OpacityLevel>
			<LodDistance>16960</LodDistance>
			<IsVisible>true</IsVisible>
			<MaxHealth>1000</MaxHealth>
			<Health>1000</Health>
			<HasGravity>true</HasGravity>
			<IsOnFire>false</IsOnFire>
			<IsInvincible>false</IsInvincible>
			<IsBulletProof>false</IsBulletProof>
			<IsCollisionProof>false</IsCollisionProof>
			<IsExplosionProof>false</IsExplosionProof>
			<IsFireProof>false</IsFireProof>
			<IsMeleeProof>false</IsMeleeProof>
			<IsOnlyDamagedByPlayer>false</IsOnlyDamagedByPlayer>
			<PositionRotation>
				<X>1603.06384</X>
				<Y>3300.30981</Y>
				<Z>39.733139</Z>
				<Pitch>-85.4352798</Pitch>
				<Roll>135.792526</Roll>
				<Yaw>-161.890167</Yaw>
			</PositionRotation>
			<Attachment isAttached="true">
				<AttachedTo>143984</AttachedTo>
				<BoneIndex>43</BoneIndex>
				<X>0</X>
				<Y>-1.10000014</Y>
				<Z>0.700000048</Z>
				<Pitch>-90.0000076</Pitch>
				<Roll>0</Roll>
				<Yaw>0</Yaw>
			</Attachment>
		</Attachment>
		<Attachment>
			<ModelHash>0x85f27d41</ModelHash>
			<Type>3</Type>
			<Dynamic>false</Dynamic>
			<FrozenPos>true</FrozenPos>
			<HashName>bkr_prop_weed_plantpot_stack_01a</HashName>
			<InitialHandle>21626</InitialHandle>
			<ObjectProperties>
				<TextureVariation>0</TextureVariation>
			</ObjectProperties>
			<OpacityLevel>255</OpacityLevel>
			<LodDistance>16960</LodDistance>
			<IsVisible>true</IsVisible>
			<MaxHealth>1000</MaxHealth>
			<Health>1000</Health>
			<HasGravity>true</HasGravity>
			<IsOnFire>false</IsOnFire>
			<IsInvincible>false</IsInvincible>
			<IsBulletProof>false</IsBulletProof>
			<IsCollisionProof>false</IsCollisionProof>
			<IsExplosionProof>false</IsExplosionProof>
			<IsFireProof>false</IsFireProof>
			<IsMeleeProof>false</IsMeleeProof>
			<IsOnlyDamagedByPlayer>false</IsOnlyDamagedByPlayer>
			<PositionRotation>
				<X>1603.61755</X>
				<Y>3299.97827</Y>
				<Z>39.8626175</Z>
				<Pitch>73.4501419</Pitch>
				<Roll>168.859161</Roll>
				<Yaw>-107.373154</Yaw>
			</PositionRotation>
			<Attachment isAttached="true">
				<AttachedTo>143984</AttachedTo>
				<BoneIndex>0</BoneIndex>
				<X>-0.0425639078</X>
				<Y>-1.75041091</Y>
				<Z>0.790284574</Z>
				<Pitch>109.546059</Pitch>
				<Roll>0.0279319584</Roll>
				<Yaw>-0.316520691</Yaw>
			</Attachment>
		</Attachment>
		<Attachment>
			<ModelHash>0x85f27d41</ModelHash>
			<Type>3</Type>
			<Dynamic>false</Dynamic>
			<FrozenPos>true</FrozenPos>
			<HashName>bkr_prop_weed_plantpot_stack_01a</HashName>
			<InitialHandle>162426</InitialHandle>
			<ObjectProperties>
				<TextureVariation>0</TextureVariation>
			</ObjectProperties>
			<OpacityLevel>255</OpacityLevel>
			<LodDistance>16960</LodDistance>
			<IsVisible>true</IsVisible>
			<MaxHealth>1000</MaxHealth>
			<Health>1000</Health>
			<HasGravity>true</HasGravity>
			<IsOnFire>false</IsOnFire>
			<IsInvincible>false</IsInvincible>
			<IsBulletProof>false</IsBulletProof>
			<IsCollisionProof>false</IsCollisionProof>
			<IsExplosionProof>false</IsExplosionProof>
			<IsFireProof>false</IsFireProof>
			<IsMeleeProof>false</IsMeleeProof>
			<IsOnlyDamagedByPlayer>false</IsOnlyDamagedByPlayer>
			<PositionRotation>
				<X>1604.70801</X>
				<Y>3299.38086</Y>
				<Z>39.4936142</Z>
				<Pitch>-73.4501572</Pitch>
				<Roll>11.1966896</Roll>
				<Yaw>72.6268311</Yaw>
			</PositionRotation>
			<Attachment isAttached="true">
				<AttachedTo>143984</AttachedTo>
				<BoneIndex>0</BoneIndex>
				<X>-0.0425634384</X>
				<Y>-2.97041011</Y>
				<Z>0.350284398</Z>
				<Pitch>-70.4539337</Pitch>
				<Roll>0.0279319584</Roll>
				<Yaw>-0.316520691</Yaw>
			</Attachment>
		</Attachment>
		<Attachment>
			<ModelHash>0xe5be2b0d</ModelHash>
			<Type>3</Type>
			<Dynamic>false</Dynamic>
			<FrozenPos>true</FrozenPos>
			<HashName>hei_prop_container_lock</HashName>
			<InitialHandle>82997</InitialHandle>
			<ObjectProperties>
				<TextureVariation>0</TextureVariation>
			</ObjectProperties>
			<OpacityLevel>255</OpacityLevel>
			<LodDistance>16960</LodDistance>
			<IsVisible>true</IsVisible>
			<MaxHealth>1000</MaxHealth>
			<Health>1000</Health>
			<HasGravity>true</HasGravity>
			<IsOnFire>false</IsOnFire>
			<IsInvincible>false</IsInvincible>
			<IsBulletProof>false</IsBulletProof>
			<IsCollisionProof>false</IsCollisionProof>
			<IsExplosionProof>false</IsExplosionProof>
			<IsFireProof>false</IsFireProof>
			<IsMeleeProof>false</IsMeleeProof>
			<IsOnlyDamagedByPlayer>false</IsOnlyDamagedByPlayer>
			<PositionRotation>
				<X>1601.52942</X>
				<Y>3302.05591</Y>
				<Z>38.9527626</Z>
				<Pitch>2.74639177</Pitch>
				<Roll>3.28390288</Roll>
				<Yaw>152.577866</Yaw>
			</PositionRotation>
			<Attachment isAttached="true">
				<AttachedTo>143984</AttachedTo>
				<BoneIndex>0</BoneIndex>
				<X>0.87177974</X>
				<Y>1.10986233</Y>
				<Z>0.0921227336</Z>
				<Pitch>-0.453949302</Pitch>
				<Roll>0.0279319584</Roll>
				<Yaw>90.3257675</Yaw>
			</Attachment>
		</Attachment>
		<Attachment>
			<ModelHash>0x13cb151f</ModelHash>
			<Type>3</Type>
			<Dynamic>false</Dynamic>
			<FrozenPos>true</FrozenPos>
			<HashName>hei_prop_hei_shack_window</HashName>
			<InitialHandle>16190</InitialHandle>
			<ObjectProperties>
				<TextureVariation>0</TextureVariation>
			</ObjectProperties>
			<OpacityLevel>255</OpacityLevel>
			<LodDistance>16960</LodDistance>
			<IsVisible>true</IsVisible>
			<MaxHealth>1000</MaxHealth>
			<Health>1000</Health>
			<HasGravity>true</HasGravity>
			<IsOnFire>false</IsOnFire>
			<IsInvincible>false</IsInvincible>
			<IsBulletProof>false</IsBulletProof>
			<IsCollisionProof>false</IsCollisionProof>
			<IsExplosionProof>false</IsExplosionProof>
			<IsFireProof>false</IsFireProof>
			<IsMeleeProof>false</IsMeleeProof>
			<IsOnlyDamagedByPlayer>false</IsOnlyDamagedByPlayer>
			<PositionRotation>
				<X>1602.52356</X>
				<Y>3301.52368</Y>
				<Z>38.8043671</Z>
				<Pitch>-3.181036</Pitch>
				<Roll>-93.2754135</Roll>
				<Yaw>-27.773674</Yaw>
			</PositionRotation>
			<Attachment isAttached="true">
				<AttachedTo>143984</AttachedTo>
				<BoneIndex>1</BoneIndex>
				<X>0.0299999863</X>
				<Y>-0.659999967</Y>
				<Z>-0.200000033</Z>
				<Pitch>179.999985</Pitch>
				<Roll>90.0000076</Roll>
				<Yaw>90.0000076</Yaw>
			</Attachment>
		</Attachment>
		<Attachment>
			<ModelHash>0x13cb151f</ModelHash>
			<Type>3</Type>
			<Dynamic>false</Dynamic>
			<FrozenPos>true</FrozenPos>
			<HashName>hei_prop_hei_shack_window</HashName>
			<InitialHandle>162115</InitialHandle>
			<ObjectProperties>
				<TextureVariation>0</TextureVariation>
			</ObjectProperties>
			<OpacityLevel>255</OpacityLevel>
			<LodDistance>16960</LodDistance>
			<IsVisible>true</IsVisible>
			<MaxHealth>1000</MaxHealth>
			<Health>1000</Health>
			<HasGravity>true</HasGravity>
			<IsOnFire>false</IsOnFire>
			<IsInvincible>false</IsInvincible>
			<IsBulletProof>false</IsBulletProof>
			<IsCollisionProof>false</IsCollisionProof>
			<IsExplosionProof>false</IsExplosionProof>
			<IsFireProof>false</IsFireProof>
			<IsMeleeProof>false</IsMeleeProof>
			<IsOnlyDamagedByPlayer>false</IsOnlyDamagedByPlayer>
			<PositionRotation>
				<X>1602.46216</X>
				<Y>3301.48071</Y>
				<Z>39.4080124</Z>
				<Pitch>16.7855759</Pitch>
				<Roll>-93.4160767</Roll>
				<Yaw>-26.6041088</Yaw>
			</PositionRotation>
			<Attachment isAttached="true">
				<AttachedTo>143984</AttachedTo>
				<BoneIndex>1</BoneIndex>
				<X>-0.0700000301</X>
				<Y>-0.659999967</Y>
				<Z>0.400000066</Z>
				<Pitch>159.999985</Pitch>
				<Roll>90.0000076</Roll>
				<Yaw>90.0000076</Yaw>
			</Attachment>
		</Attachment>
		<Attachment>
			<ModelHash>0xb7f028b8</ModelHash>
			<Type>3</Type>
			<Dynamic>false</Dynamic>
			<FrozenPos>true</FrozenPos>
			<HashName>ng_proc_rebar_01a</HashName>
			<InitialHandle>220503</InitialHandle>
			<ObjectProperties>
				<TextureVariation>0</TextureVariation>
			</ObjectProperties>
			<OpacityLevel>255</OpacityLevel>
			<LodDistance>16960</LodDistance>
			<IsVisible>true</IsVisible>
			<MaxHealth>1000</MaxHealth>
			<Health>1000</Health>
			<HasGravity>true</HasGravity>
			<IsOnFire>false</IsOnFire>
			<IsInvincible>false</IsInvincible>
			<IsBulletProof>false</IsBulletProof>
			<IsCollisionProof>false</IsCollisionProof>
			<IsExplosionProof>false</IsExplosionProof>
			<IsFireProof>false</IsFireProof>
			<IsMeleeProof>false</IsMeleeProof>
			<IsOnlyDamagedByPlayer>false</IsOnlyDamagedByPlayer>
			<PositionRotation>
				<X>1600.40247</X>
				<Y>3302.04468</Y>
				<Z>39.0612793</Z>
				<Pitch>3.48575687</Pitch>
				<Roll>-2.2788105</Roll>
				<Yaw>-131.51062</Yaw>
			</PositionRotation>
			<Attachment isAttached="true">
				<AttachedTo>143984</AttachedTo>
				<BoneIndex>0</BoneIndex>
				<X>0.331430167</X>
				<Y>2.0956943</Y>
				<Z>0.227325171</Z>
				<Pitch>-0.453949302</Pitch>
				<Roll>0.0279319584</Roll>
				<Yaw>166.111023</Yaw>
			</Attachment>
		</Attachment>
		<Attachment>
			<ModelHash>0x18b8f776</ModelHash>
			<Type>3</Type>
			<Dynamic>false</Dynamic>
			<FrozenPos>true</FrozenPos>
			<HashName>p_d_scuba_tank_s</HashName>
			<InitialHandle>129378</InitialHandle>
			<ObjectProperties>
				<TextureVariation>0</TextureVariation>
			</ObjectProperties>
			<OpacityLevel>255</OpacityLevel>
			<LodDistance>16960</LodDistance>
			<IsVisible>true</IsVisible>
			<MaxHealth>1000</MaxHealth>
			<Health>1000</Health>
			<HasGravity>true</HasGravity>
			<IsOnFire>false</IsOnFire>
			<IsInvincible>false</IsInvincible>
			<IsBulletProof>false</IsBulletProof>
			<IsCollisionProof>false</IsCollisionProof>
			<IsExplosionProof>false</IsExplosionProof>
			<IsFireProof>false</IsFireProof>
			<IsMeleeProof>false</IsMeleeProof>
			<IsOnlyDamagedByPlayer>false</IsOnlyDamagedByPlayer>
			<PositionRotation>
				<X>1601.18958</X>
				<Y>3302.05835</Y>
				<Z>39.2397766</Z>
				<Pitch>46.714447</Pitch>
				<Roll>85.2271881</Roll>
				<Yaw>-24.1136093</Yaw>
			</PositionRotation>
			<Attachment isAttached="true">
				<AttachedTo>143984</AttachedTo>
				<BoneIndex>45</BoneIndex>
				<X>0.700000107</X>
				<Y>-1.49011612e-08</Y>
				<Z>0.300000042</Z>
				<Pitch>50.0000038</Pitch>
				<Roll>90.0000076</Roll>
				<Yaw>-90.0000076</Yaw>
			</Attachment>
		</Attachment>
		<Attachment>
			<ModelHash>0x18b8f776</ModelHash>
			<Type>3</Type>
			<Dynamic>false</Dynamic>
			<FrozenPos>true</FrozenPos>
			<HashName>p_d_scuba_tank_s</HashName>
			<InitialHandle>129644</InitialHandle>
			<ObjectProperties>
				<TextureVariation>0</TextureVariation>
			</ObjectProperties>
			<OpacityLevel>255</OpacityLevel>
			<LodDistance>16960</LodDistance>
			<IsVisible>true</IsVisible>
			<MaxHealth>1000</MaxHealth>
			<Health>1000</Health>
			<HasGravity>true</HasGravity>
			<IsOnFire>false</IsOnFire>
			<IsInvincible>false</IsInvincible>
			<IsBulletProof>false</IsBulletProof>
			<IsCollisionProof>false</IsCollisionProof>
			<IsExplosionProof>false</IsExplosionProof>
			<IsFireProof>false</IsFireProof>
			<IsMeleeProof>false</IsMeleeProof>
			<IsOnlyDamagedByPlayer>false</IsOnlyDamagedByPlayer>
			<PositionRotation>
				<X>1601.19409</X>
				<Y>3302.04468</Y>
				<Z>39.0603485</Z>
				<Pitch>46.714447</Pitch>
				<Roll>85.2271881</Roll>
				<Yaw>-24.1136093</Yaw>
			</PositionRotation>
			<Attachment isAttached="true">
				<AttachedTo>143984</AttachedTo>
				<BoneIndex>45</BoneIndex>
				<X>0.700000107</X>
				<Y>-1.49011612e-08</Y>
				<Z>0.120000005</Z>
				<Pitch>50.0000038</Pitch>
				<Roll>90.0000076</Roll>
				<Yaw>-90.0000076</Yaw>
			</Attachment>
		</Attachment>
		<Attachment>
			<ModelHash>0xc667d37d</ModelHash>
			<Type>3</Type>
			<Dynamic>false</Dynamic>
			<FrozenPos>true</FrozenPos>
			<HashName>p_defilied_ragdoll_01_s</HashName>
			<InitialHandle>81770</InitialHandle>
			<ObjectProperties>
				<TextureVariation>0</TextureVariation>
			</ObjectProperties>
			<OpacityLevel>255</OpacityLevel>
			<LodDistance>16960</LodDistance>
			<IsVisible>true</IsVisible>
			<MaxHealth>1000</MaxHealth>
			<Health>1000</Health>
			<HasGravity>true</HasGravity>
			<IsOnFire>false</IsOnFire>
			<IsInvincible>false</IsInvincible>
			<IsBulletProof>false</IsBulletProof>
			<IsCollisionProof>false</IsCollisionProof>
			<IsExplosionProof>false</IsExplosionProof>
			<IsFireProof>false</IsFireProof>
			<IsMeleeProof>false</IsMeleeProof>
			<IsOnlyDamagedByPlayer>false</IsOnlyDamagedByPlayer>
			<PositionRotation>
				<X>1599.98853</X>
				<Y>3301.93921</Y>
				<Z>38.8001251</Z>
				<Pitch>85.4352798</Pitch>
				<Roll>-135.79248</Roll>
				<Yaw>18.1097603</Yaw>
			</PositionRotation>
			<Attachment isAttached="true">
				<AttachedTo>143984</AttachedTo>
				<BoneIndex>41</BoneIndex>
				<X>0.900000095</X>
				<Y>0.300000012</Y>
				<Z>0.0900000185</Z>
				<Pitch>90</Pitch>
				<Roll>0</Roll>
				<Yaw>179.999985</Yaw>
			</Attachment>
		</Attachment>
		<Attachment>
			<ModelHash>0xcbe2a89c</ModelHash>
			<Type>3</Type>
			<Dynamic>false</Dynamic>
			<FrozenPos>true</FrozenPos>
			<HashName>p_ld_stinger_s</HashName>
			<InitialHandle>55924</InitialHandle>
			<ObjectProperties>
				<TextureVariation>0</TextureVariation>
			</ObjectProperties>
			<OpacityLevel>255</OpacityLevel>
			<LodDistance>16960</LodDistance>
			<IsVisible>true</IsVisible>
			<MaxHealth>1000</MaxHealth>
			<Health>1000</Health>
			<HasGravity>true</HasGravity>
			<IsOnFire>false</IsOnFire>
			<IsInvincible>false</IsInvincible>
			<IsBulletProof>false</IsBulletProof>
			<IsCollisionProof>false</IsCollisionProof>
			<IsExplosionProof>false</IsExplosionProof>
			<IsFireProof>false</IsFireProof>
			<IsMeleeProof>false</IsMeleeProof>
			<IsOnlyDamagedByPlayer>false</IsOnlyDamagedByPlayer>
			<PositionRotation>
				<X>1602.61047</X>
				<Y>3301.52954</Y>
				<Z>39.1277504</Z>
				<Pitch>-3.27038503</Pitch>
				<Roll>93.1862411</Roll>
				<Yaw>62.4082603</Yaw>
			</PositionRotation>
			<Attachment isAttached="true">
				<AttachedTo>143984</AttachedTo>
				<BoneIndex>0</BoneIndex>
				<X>0.900000095</X>
				<Y>-0.10000024</Y>
				<Z>0.200000033</Z>
				<Pitch>0</Pitch>
				<Roll>90.0000076</Roll>
				<Yaw>0</Yaw>
			</Attachment>
		</Attachment>
		<Attachment>
			<ModelHash>0xcbe2a89c</ModelHash>
			<Type>3</Type>
			<Dynamic>false</Dynamic>
			<FrozenPos>true</FrozenPos>
			<HashName>p_ld_stinger_s</HashName>
			<InitialHandle>15738</InitialHandle>
			<ObjectProperties>
				<TextureVariation>0</TextureVariation>
			</ObjectProperties>
			<OpacityLevel>255</OpacityLevel>
			<LodDistance>16960</LodDistance>
			<IsVisible>true</IsVisible>
			<MaxHealth>1000</MaxHealth>
			<Health>1000</Health>
			<HasGravity>true</HasGravity>
			<IsOnFire>false</IsOnFire>
			<IsInvincible>false</IsInvincible>
			<IsBulletProof>false</IsBulletProof>
			<IsCollisionProof>false</IsCollisionProof>
			<IsExplosionProof>false</IsExplosionProof>
			<IsFireProof>false</IsFireProof>
			<IsMeleeProof>false</IsMeleeProof>
			<IsOnlyDamagedByPlayer>false</IsOnlyDamagedByPlayer>
			<PositionRotation>
				<X>1601.81812</X>
				<Y>3299.96094</Y>
				<Z>39.2271271</Z>
				<Pitch>3.2703867</Pitch>
				<Roll>86.8137512</Roll>
				<Yaw>-117.591751</Yaw>
			</PositionRotation>
			<Attachment isAttached="true">
				<AttachedTo>143984</AttachedTo>
				<BoneIndex>0</BoneIndex>
				<X>-0.860000253</X>
				<Y>-0.130000219</Y>
				<Z>0.200000033</Z>
				<Pitch>0</Pitch>
				<Roll>90.0000076</Roll>
				<Yaw>179.999985</Yaw>
			</Attachment>
		</Attachment>
		<Attachment>
			<ModelHash>0xfe7b72d7</ModelHash>
			<Type>3</Type>
			<Dynamic>false</Dynamic>
			<FrozenPos>true</FrozenPos>
			<HashName>p_mr_raspberry_01_s</HashName>
			<InitialHandle>200964</InitialHandle>
			<ObjectProperties>
				<TextureVariation>0</TextureVariation>
			</ObjectProperties>
			<OpacityLevel>255</OpacityLevel>
			<LodDistance>16960</LodDistance>
			<IsVisible>true</IsVisible>
			<MaxHealth>1000</MaxHealth>
			<Health>1000</Health>
			<HasGravity>true</HasGravity>
			<IsOnFire>false</IsOnFire>
			<IsInvincible>false</IsInvincible>
			<IsBulletProof>false</IsBulletProof>
			<IsCollisionProof>false</IsCollisionProof>
			<IsExplosionProof>false</IsExplosionProof>
			<IsFireProof>false</IsFireProof>
			<IsMeleeProof>false</IsMeleeProof>
			<IsOnlyDamagedByPlayer>false</IsOnlyDamagedByPlayer>
			<PositionRotation>
				<X>1601.43445</X>
				<Y>3300.79395</Y>
				<Z>39.8807793</Z>
				<Pitch>2.01395392</Pitch>
				<Roll>-3.81277013</Roll>
				<Yaw>-104.578049</Yaw>
			</PositionRotation>
			<Attachment isAttached="true">
				<AttachedTo>143984</AttachedTo>
				<BoneIndex>0</BoneIndex>
				<X>-0.338776976</X>
				<Y>0.55744791</Y>
				<Z>0.924091876</Z>
				<Pitch>-0.453949302</Pitch>
				<Roll>0.0279319584</Roll>
				<Yaw>193.052353</Yaw>
			</Attachment>
		</Attachment>
		<Attachment>
			<ModelHash>0xf2b2e482</ModelHash>
			<Type>3</Type>
			<Dynamic>false</Dynamic>
			<FrozenPos>true</FrozenPos>
			<HashName>prop_aircon_s_01a</HashName>
			<InitialHandle>187923</InitialHandle>
			<ObjectProperties>
				<TextureVariation>0</TextureVariation>
			</ObjectProperties>
			<OpacityLevel>255</OpacityLevel>
			<LodDistance>16960</LodDistance>
			<IsVisible>true</IsVisible>
			<MaxHealth>1000</MaxHealth>
			<Health>1000</Health>
			<HasGravity>true</HasGravity>
			<IsOnFire>false</IsOnFire>
			<IsInvincible>false</IsInvincible>
			<IsBulletProof>false</IsBulletProof>
			<IsCollisionProof>false</IsCollisionProof>
			<IsExplosionProof>false</IsExplosionProof>
			<IsFireProof>false</IsFireProof>
			<IsMeleeProof>false</IsMeleeProof>
			<IsOnlyDamagedByPlayer>false</IsOnlyDamagedByPlayer>
			<PositionRotation>
				<X>1600.32556</X>
				<Y>3301.73999</Y>
				<Z>39.5434418</Z>
				<Pitch>3.27038765</Pitch>
				<Roll>-3.18623924</Roll>
				<Yaw>-117.591743</Yaw>
			</PositionRotation>
			<Attachment isAttached="true">
				<AttachedTo>143984</AttachedTo>
				<BoneIndex>45</BoneIndex>
				<X>0</X>
				<Y>0.600000083</Y>
				<Z>0.600000083</Z>
				<Pitch>0</Pitch>
				<Roll>0</Roll>
				<Yaw>179.999985</Yaw>
			</Attachment>
		</Attachment>
		<Attachment>
			<ModelHash>0xf2b2e482</ModelHash>
			<Type>3</Type>
			<Dynamic>false</Dynamic>
			<FrozenPos>true</FrozenPos>
			<HashName>prop_aircon_s_01a</HashName>
			<InitialHandle>97564</InitialHandle>
			<ObjectProperties>
				<TextureVariation>0</TextureVariation>
			</ObjectProperties>
			<OpacityLevel>255</OpacityLevel>
			<LodDistance>16960</LodDistance>
			<IsVisible>true</IsVisible>
			<MaxHealth>1000</MaxHealth>
			<Health>1000</Health>
			<HasGravity>true</HasGravity>
			<IsOnFire>false</IsOnFire>
			<IsInvincible>false</IsInvincible>
			<IsBulletProof>false</IsBulletProof>
			<IsCollisionProof>false</IsCollisionProof>
			<IsExplosionProof>false</IsExplosionProof>
			<IsFireProof>false</IsFireProof>
			<IsMeleeProof>false</IsMeleeProof>
			<IsOnlyDamagedByPlayer>false</IsOnlyDamagedByPlayer>
			<PositionRotation>
				<X>1600.41406</X>
				<Y>3301.69385</Y>
				<Z>39.5491447</Z>
				<Pitch>3.27038765</Pitch>
				<Roll>-3.18623924</Roll>
				<Yaw>-117.591743</Yaw>
			</PositionRotation>
			<Attachment isAttached="true">
				<AttachedTo>143984</AttachedTo>
				<BoneIndex>45</BoneIndex>
				<X>0</X>
				<Y>0.50000006</Y>
				<Z>0.600000083</Z>
				<Pitch>0</Pitch>
				<Roll>0</Roll>
				<Yaw>179.999985</Yaw>
			</Attachment>
		</Attachment>
		<Attachment>
			<ModelHash>0xf2b2e482</ModelHash>
			<Type>3</Type>
			<Dynamic>false</Dynamic>
			<FrozenPos>true</FrozenPos>
			<HashName>prop_aircon_s_01a</HashName>
			<InitialHandle>230432</InitialHandle>
			<ObjectProperties>
				<TextureVariation>0</TextureVariation>
			</ObjectProperties>
			<OpacityLevel>255</OpacityLevel>
			<LodDistance>16960</LodDistance>
			<IsVisible>true</IsVisible>
			<MaxHealth>1000</MaxHealth>
			<Health>1000</Health>
			<HasGravity>true</HasGravity>
			<IsOnFire>false</IsOnFire>
			<IsInvincible>false</IsInvincible>
			<IsBulletProof>false</IsBulletProof>
			<IsCollisionProof>false</IsCollisionProof>
			<IsExplosionProof>false</IsExplosionProof>
			<IsFireProof>false</IsFireProof>
			<IsMeleeProof>false</IsMeleeProof>
			<IsOnlyDamagedByPlayer>false</IsOnlyDamagedByPlayer>
			<PositionRotation>
				<X>1600.50256</X>
				<Y>3301.64771</Y>
				<Z>39.5548515</Z>
				<Pitch>3.27038765</Pitch>
				<Roll>-3.18623924</Roll>
				<Yaw>-117.591743</Yaw>
			</PositionRotation>
			<Attachment isAttached="true">
				<AttachedTo>143984</AttachedTo>
				<BoneIndex>45</BoneIndex>
				<X>0</X>
				<Y>0.400000036</Y>
				<Z>0.600000083</Z>
				<Pitch>0</Pitch>
				<Roll>0</Roll>
				<Yaw>179.999985</Yaw>
			</Attachment>
		</Attachment>
		<Attachment>
			<ModelHash>0xf2b2e482</ModelHash>
			<Type>3</Type>
			<Dynamic>false</Dynamic>
			<FrozenPos>true</FrozenPos>
			<HashName>prop_aircon_s_01a</HashName>
			<InitialHandle>109088</InitialHandle>
			<ObjectProperties>
				<TextureVariation>0</TextureVariation>
			</ObjectProperties>
			<OpacityLevel>255</OpacityLevel>
			<LodDistance>16960</LodDistance>
			<IsVisible>true</IsVisible>
			<MaxHealth>1000</MaxHealth>
			<Health>1000</Health>
			<HasGravity>true</HasGravity>
			<IsOnFire>false</IsOnFire>
			<IsInvincible>false</IsInvincible>
			<IsBulletProof>false</IsBulletProof>
			<IsCollisionProof>false</IsCollisionProof>
			<IsExplosionProof>false</IsExplosionProof>
			<IsFireProof>false</IsFireProof>
			<IsMeleeProof>false</IsMeleeProof>
			<IsOnlyDamagedByPlayer>false</IsOnlyDamagedByPlayer>
			<PositionRotation>
				<X>1600.59106</X>
				<Y>3301.60132</Y>
				<Z>39.5605545</Z>
				<Pitch>3.27038765</Pitch>
				<Roll>-3.18623924</Roll>
				<Yaw>-117.591743</Yaw>
			</PositionRotation>
			<Attachment isAttached="true">
				<AttachedTo>143984</AttachedTo>
				<BoneIndex>45</BoneIndex>
				<X>0</X>
				<Y>0.300000012</Y>
				<Z>0.600000083</Z>
				<Pitch>0</Pitch>
				<Roll>0</Roll>
				<Yaw>179.999985</Yaw>
			</Attachment>
		</Attachment>
		<Attachment>
			<ModelHash>0xf2b2e482</ModelHash>
			<Type>3</Type>
			<Dynamic>false</Dynamic>
			<FrozenPos>true</FrozenPos>
			<HashName>prop_aircon_s_01a</HashName>
			<InitialHandle>220173</InitialHandle>
			<ObjectProperties>
				<TextureVariation>0</TextureVariation>
			</ObjectProperties>
			<OpacityLevel>255</OpacityLevel>
			<LodDistance>16960</LodDistance>
			<IsVisible>true</IsVisible>
			<MaxHealth>1000</MaxHealth>
			<Health>1000</Health>
			<HasGravity>true</HasGravity>
			<IsOnFire>false</IsOnFire>
			<IsInvincible>false</IsInvincible>
			<IsBulletProof>false</IsBulletProof>
			<IsCollisionProof>false</IsCollisionProof>
			<IsExplosionProof>false</IsExplosionProof>
			<IsFireProof>false</IsFireProof>
			<IsMeleeProof>false</IsMeleeProof>
			<IsOnlyDamagedByPlayer>false</IsOnlyDamagedByPlayer>
			<PositionRotation>
				<X>1600.67957</X>
				<Y>3301.55518</Y>
				<Z>39.5662613</Z>
				<Pitch>3.27038765</Pitch>
				<Roll>-3.18623924</Roll>
				<Yaw>-117.591743</Yaw>
			</PositionRotation>
			<Attachment isAttached="true">
				<AttachedTo>143984</AttachedTo>
				<BoneIndex>45</BoneIndex>
				<X>0</X>
				<Y>0.199999988</Y>
				<Z>0.600000083</Z>
				<Pitch>0</Pitch>
				<Roll>0</Roll>
				<Yaw>179.999985</Yaw>
			</Attachment>
		</Attachment>
		<Attachment>
			<ModelHash>0xf2b2e482</ModelHash>
			<Type>3</Type>
			<Dynamic>false</Dynamic>
			<FrozenPos>true</FrozenPos>
			<HashName>prop_aircon_s_01a</HashName>
			<InitialHandle>54309</InitialHandle>
			<ObjectProperties>
				<TextureVariation>0</TextureVariation>
			</ObjectProperties>
			<OpacityLevel>255</OpacityLevel>
			<LodDistance>16960</LodDistance>
			<IsVisible>true</IsVisible>
			<MaxHealth>1000</MaxHealth>
			<Health>1000</Health>
			<HasGravity>true</HasGravity>
			<IsOnFire>false</IsOnFire>
			<IsInvincible>false</IsInvincible>
			<IsBulletProof>false</IsBulletProof>
			<IsCollisionProof>false</IsCollisionProof>
			<IsExplosionProof>false</IsExplosionProof>
			<IsFireProof>false</IsFireProof>
			<IsMeleeProof>false</IsMeleeProof>
			<IsOnlyDamagedByPlayer>false</IsOnlyDamagedByPlayer>
			<PositionRotation>
				<X>1600.76807</X>
				<Y>3301.50879</Y>
				<Z>39.5719643</Z>
				<Pitch>3.27038765</Pitch>
				<Roll>-3.18623924</Roll>
				<Yaw>-117.591743</Yaw>
			</PositionRotation>
			<Attachment isAttached="true">
				<AttachedTo>143984</AttachedTo>
				<BoneIndex>45</BoneIndex>
				<X>0</X>
				<Y>0.0999999717</Y>
				<Z>0.600000083</Z>
				<Pitch>0</Pitch>
				<Roll>0</Roll>
				<Yaw>179.999985</Yaw>
			</Attachment>
		</Attachment>
		<Attachment>
			<ModelHash>0xf2b2e482</ModelHash>
			<Type>3</Type>
			<Dynamic>false</Dynamic>
			<FrozenPos>true</FrozenPos>
			<HashName>prop_aircon_s_01a</HashName>
			<InitialHandle>229408</InitialHandle>
			<ObjectProperties>
				<TextureVariation>0</TextureVariation>
			</ObjectProperties>
			<OpacityLevel>255</OpacityLevel>
			<LodDistance>16960</LodDistance>
			<IsVisible>true</IsVisible>
			<MaxHealth>1000</MaxHealth>
			<Health>1000</Health>
			<HasGravity>true</HasGravity>
			<IsOnFire>false</IsOnFire>
			<IsInvincible>false</IsInvincible>
			<IsBulletProof>false</IsBulletProof>
			<IsCollisionProof>false</IsCollisionProof>
			<IsExplosionProof>false</IsExplosionProof>
			<IsFireProof>false</IsFireProof>
			<IsMeleeProof>false</IsMeleeProof>
			<IsOnlyDamagedByPlayer>false</IsOnlyDamagedByPlayer>
			<PositionRotation>
				<X>1600.85645</X>
				<Y>3301.46265</Y>
				<Z>39.5776711</Z>
				<Pitch>3.27038765</Pitch>
				<Roll>-3.18623924</Roll>
				<Yaw>-117.591743</Yaw>
			</PositionRotation>
			<Attachment isAttached="true">
				<AttachedTo>143984</AttachedTo>
				<BoneIndex>45</BoneIndex>
				<X>0</X>
				<Y>-4.47034836e-08</Y>
				<Z>0.600000083</Z>
				<Pitch>0</Pitch>
				<Roll>0</Roll>
				<Yaw>179.999985</Yaw>
			</Attachment>
		</Attachment>
		<Attachment>
			<ModelHash>0xf2b2e482</ModelHash>
			<Type>3</Type>
			<Dynamic>false</Dynamic>
			<FrozenPos>true</FrozenPos>
			<HashName>prop_aircon_s_01a</HashName>
			<InitialHandle>82718</InitialHandle>
			<ObjectProperties>
				<TextureVariation>0</TextureVariation>
			</ObjectProperties>
			<OpacityLevel>255</OpacityLevel>
			<LodDistance>16960</LodDistance>
			<IsVisible>true</IsVisible>
			<MaxHealth>1000</MaxHealth>
			<Health>1000</Health>
			<HasGravity>true</HasGravity>
			<IsOnFire>false</IsOnFire>
			<IsInvincible>false</IsInvincible>
			<IsBulletProof>false</IsBulletProof>
			<IsCollisionProof>false</IsCollisionProof>
			<IsExplosionProof>false</IsExplosionProof>
			<IsFireProof>false</IsFireProof>
			<IsMeleeProof>false</IsMeleeProof>
			<IsOnlyDamagedByPlayer>false</IsOnlyDamagedByPlayer>
			<PositionRotation>
				<X>1600.94495</X>
				<Y>3301.41626</Y>
				<Z>39.583374</Z>
				<Pitch>3.27038765</Pitch>
				<Roll>-3.18623924</Roll>
				<Yaw>-117.591743</Yaw>
			</PositionRotation>
			<Attachment isAttached="true">
				<AttachedTo>143984</AttachedTo>
				<BoneIndex>45</BoneIndex>
				<X>0</X>
				<Y>-0.100000061</Y>
				<Z>0.600000083</Z>
				<Pitch>0</Pitch>
				<Roll>0</Roll>
				<Yaw>179.999985</Yaw>
			</Attachment>
		</Attachment>
		<Attachment>
			<ModelHash>0xf2b2e482</ModelHash>
			<Type>3</Type>
			<Dynamic>false</Dynamic>
			<FrozenPos>true</FrozenPos>
			<HashName>prop_aircon_s_01a</HashName>
			<InitialHandle>142620</InitialHandle>
			<ObjectProperties>
				<TextureVariation>0</TextureVariation>
			</ObjectProperties>
			<OpacityLevel>255</OpacityLevel>
			<LodDistance>16960</LodDistance>
			<IsVisible>true</IsVisible>
			<MaxHealth>1000</MaxHealth>
			<Health>1000</Health>
			<HasGravity>true</HasGravity>
			<IsOnFire>false</IsOnFire>
			<IsInvincible>false</IsInvincible>
			<IsBulletProof>false</IsBulletProof>
			<IsCollisionProof>false</IsCollisionProof>
			<IsExplosionProof>false</IsExplosionProof>
			<IsFireProof>false</IsFireProof>
			<IsMeleeProof>false</IsMeleeProof>
			<IsOnlyDamagedByPlayer>false</IsOnlyDamagedByPlayer>
			<PositionRotation>
				<X>1601.03345</X>
				<Y>3301.37012</Y>
				<Z>39.5890808</Z>
				<Pitch>3.27038765</Pitch>
				<Roll>-3.18623924</Roll>
				<Yaw>-117.591743</Yaw>
			</PositionRotation>
			<Attachment isAttached="true">
				<AttachedTo>143984</AttachedTo>
				<BoneIndex>45</BoneIndex>
				<X>0</X>
				<Y>-0.200000077</Y>
				<Z>0.600000083</Z>
				<Pitch>0</Pitch>
				<Roll>0</Roll>
				<Yaw>179.999985</Yaw>
			</Attachment>
		</Attachment>
		<Attachment>
			<ModelHash>0xf2b2e482</ModelHash>
			<Type>3</Type>
			<Dynamic>false</Dynamic>
			<FrozenPos>true</FrozenPos>
			<HashName>prop_aircon_s_01a</HashName>
			<InitialHandle>253723</InitialHandle>
			<ObjectProperties>
				<TextureVariation>0</TextureVariation>
			</ObjectProperties>
			<OpacityLevel>255</OpacityLevel>
			<LodDistance>16960</LodDistance>
			<IsVisible>true</IsVisible>
			<MaxHealth>1000</MaxHealth>
			<Health>1000</Health>
			<HasGravity>true</HasGravity>
			<IsOnFire>false</IsOnFire>
			<IsInvincible>false</IsInvincible>
			<IsBulletProof>false</IsBulletProof>
			<IsCollisionProof>false</IsCollisionProof>
			<IsExplosionProof>false</IsExplosionProof>
			<IsFireProof>false</IsFireProof>
			<IsMeleeProof>false</IsMeleeProof>
			<IsOnlyDamagedByPlayer>false</IsOnlyDamagedByPlayer>
			<PositionRotation>
				<X>1601.12195</X>
				<Y>3301.32397</Y>
				<Z>39.5947838</Z>
				<Pitch>3.27038765</Pitch>
				<Roll>-3.18623924</Roll>
				<Yaw>-117.591743</Yaw>
			</PositionRotation>
			<Attachment isAttached="true">
				<AttachedTo>143984</AttachedTo>
				<BoneIndex>45</BoneIndex>
				<X>0</X>
				<Y>-0.300000101</Y>
				<Z>0.600000083</Z>
				<Pitch>0</Pitch>
				<Roll>0</Roll>
				<Yaw>179.999985</Yaw>
			</Attachment>
		</Attachment>
		<Attachment>
			<ModelHash>0xf2b2e482</ModelHash>
			<Type>3</Type>
			<Dynamic>false</Dynamic>
			<FrozenPos>true</FrozenPos>
			<HashName>prop_aircon_s_01a</HashName>
			<InitialHandle>184332</InitialHandle>
			<ObjectProperties>
				<TextureVariation>0</TextureVariation>
			</ObjectProperties>
			<OpacityLevel>255</OpacityLevel>
			<LodDistance>16960</LodDistance>
			<IsVisible>true</IsVisible>
			<MaxHealth>1000</MaxHealth>
			<Health>1000</Health>
			<HasGravity>true</HasGravity>
			<IsOnFire>false</IsOnFire>
			<IsInvincible>false</IsInvincible>
			<IsBulletProof>false</IsBulletProof>
			<IsCollisionProof>false</IsCollisionProof>
			<IsExplosionProof>false</IsExplosionProof>
			<IsFireProof>false</IsFireProof>
			<IsMeleeProof>false</IsMeleeProof>
			<IsOnlyDamagedByPlayer>false</IsOnlyDamagedByPlayer>
			<PositionRotation>
				<X>1601.21045</X>
				<Y>3301.27759</Y>
				<Z>39.6004868</Z>
				<Pitch>3.27038765</Pitch>
				<Roll>-3.18623924</Roll>
				<Yaw>-117.591743</Yaw>
			</PositionRotation>
			<Attachment isAttached="true">
				<AttachedTo>143984</AttachedTo>
				<BoneIndex>45</BoneIndex>
				<X>0</X>
				<Y>-0.400000125</Y>
				<Z>0.600000083</Z>
				<Pitch>0</Pitch>
				<Roll>0</Roll>
				<Yaw>179.999985</Yaw>
			</Attachment>
		</Attachment>
		<Attachment>
			<ModelHash>0xf2b2e482</ModelHash>
			<Type>3</Type>
			<Dynamic>false</Dynamic>
			<FrozenPos>true</FrozenPos>
			<HashName>prop_aircon_s_01a</HashName>
			<InitialHandle>108070</InitialHandle>
			<ObjectProperties>
				<TextureVariation>0</TextureVariation>
			</ObjectProperties>
			<OpacityLevel>255</OpacityLevel>
			<LodDistance>16960</LodDistance>
			<IsVisible>true</IsVisible>
			<MaxHealth>1000</MaxHealth>
			<Health>1000</Health>
			<HasGravity>true</HasGravity>
			<IsOnFire>false</IsOnFire>
			<IsInvincible>false</IsInvincible>
			<IsBulletProof>false</IsBulletProof>
			<IsCollisionProof>false</IsCollisionProof>
			<IsExplosionProof>false</IsExplosionProof>
			<IsFireProof>false</IsFireProof>
			<IsMeleeProof>false</IsMeleeProof>
			<IsOnlyDamagedByPlayer>false</IsOnlyDamagedByPlayer>
			<PositionRotation>
				<X>1601.29895</X>
				<Y>3301.23145</Y>
				<Z>39.6061935</Z>
				<Pitch>3.27038765</Pitch>
				<Roll>-3.18623924</Roll>
				<Yaw>-117.591743</Yaw>
			</PositionRotation>
			<Attachment isAttached="true">
				<AttachedTo>143984</AttachedTo>
				<BoneIndex>45</BoneIndex>
				<X>0</X>
				<Y>-0.500000119</Y>
				<Z>0.600000083</Z>
				<Pitch>0</Pitch>
				<Roll>0</Roll>
				<Yaw>179.999985</Yaw>
			</Attachment>
		</Attachment>
		<Attachment>
			<ModelHash>0xf2b2e482</ModelHash>
			<Type>3</Type>
			<Dynamic>false</Dynamic>
			<FrozenPos>true</FrozenPos>
			<HashName>prop_aircon_s_01a</HashName>
			<InitialHandle>17184</InitialHandle>
			<ObjectProperties>
				<TextureVariation>0</TextureVariation>
			</ObjectProperties>
			<OpacityLevel>255</OpacityLevel>
			<LodDistance>16960</LodDistance>
			<IsVisible>true</IsVisible>
			<MaxHealth>1000</MaxHealth>
			<Health>1000</Health>
			<HasGravity>true</HasGravity>
			<IsOnFire>false</IsOnFire>
			<IsInvincible>false</IsInvincible>
			<IsBulletProof>false</IsBulletProof>
			<IsCollisionProof>false</IsCollisionProof>
			<IsExplosionProof>false</IsExplosionProof>
			<IsFireProof>false</IsFireProof>
			<IsMeleeProof>false</IsMeleeProof>
			<IsOnlyDamagedByPlayer>false</IsOnlyDamagedByPlayer>
			<PositionRotation>
				<X>1601.38745</X>
				<Y>3301.18506</Y>
				<Z>39.6118965</Z>
				<Pitch>3.27038765</Pitch>
				<Roll>-3.18623924</Roll>
				<Yaw>-117.591743</Yaw>
			</PositionRotation>
			<Attachment isAttached="true">
				<AttachedTo>143984</AttachedTo>
				<BoneIndex>45</BoneIndex>
				<X>0</X>
				<Y>-0.600000143</Y>
				<Z>0.600000083</Z>
				<Pitch>0</Pitch>
				<Roll>0</Roll>
				<Yaw>179.999985</Yaw>
			</Attachment>
		</Attachment>
		<Attachment>
			<ModelHash>0xcc4b16af</ModelHash>
			<Type>3</Type>
			<Dynamic>false</Dynamic>
			<FrozenPos>true</FrozenPos>
			<HashName>prop_aircon_s_06a</HashName>
			<InitialHandle>92717</InitialHandle>
			<ObjectProperties>
				<TextureVariation>0</TextureVariation>
			</ObjectProperties>
			<OpacityLevel>255</OpacityLevel>
			<LodDistance>16960</LodDistance>
			<IsVisible>true</IsVisible>
			<MaxHealth>1000</MaxHealth>
			<Health>1000</Health>
			<HasGravity>true</HasGravity>
			<IsOnFire>false</IsOnFire>
			<IsInvincible>false</IsInvincible>
			<IsBulletProof>false</IsBulletProof>
			<IsCollisionProof>false</IsCollisionProof>
			<IsExplosionProof>false</IsExplosionProof>
			<IsFireProof>false</IsFireProof>
			<IsMeleeProof>false</IsMeleeProof>
			<IsOnlyDamagedByPlayer>false</IsOnlyDamagedByPlayer>
			<PositionRotation>
				<X>1603.15698</X>
				<Y>3300.21558</Y>
				<Z>39.3761635</Z>
				<Pitch>-85.727356</Pitch>
				<Roll>52.2810783</Roll>
				<Yaw>-157.375046</Yaw>
			</PositionRotation>
			<Attachment isAttached="true">
				<AttachedTo>143984</AttachedTo>
				<BoneIndex>0</BoneIndex>
				<X>-0.020396255</X>
				<Y>-1.20540893</Y>
				<Z>0.334703445</Z>
				<Pitch>-90.4539566</Pitch>
				<Roll>0.0279321671</Roll>
				<Yaw>88.0411148</Yaw>
			</Attachment>
		</Attachment>
		<Attachment>
			<ModelHash>0xb1a9c764</ModelHash>
			<Type>3</Type>
			<Dynamic>false</Dynamic>
			<FrozenPos>true</FrozenPos>
			<HashName>prop_bikerack_2</HashName>
			<InitialHandle>125254</InitialHandle>
			<ObjectProperties>
				<TextureVariation>0</TextureVariation>
			</ObjectProperties>
			<OpacityLevel>255</OpacityLevel>
			<LodDistance>16960</LodDistance>
			<IsVisible>true</IsVisible>
			<MaxHealth>1000</MaxHealth>
			<Health>1000</Health>
			<HasGravity>true</HasGravity>
			<IsOnFire>false</IsOnFire>
			<IsInvincible>false</IsInvincible>
			<IsBulletProof>false</IsBulletProof>
			<IsCollisionProof>false</IsCollisionProof>
			<IsExplosionProof>false</IsExplosionProof>
			<IsFireProof>false</IsFireProof>
			<IsMeleeProof>false</IsMeleeProof>
			<IsOnlyDamagedByPlayer>false</IsOnlyDamagedByPlayer>
			<PositionRotation>
				<X>1600.38904</X>
				<Y>3301.72437</Y>
				<Z>38.7360802</Z>
				<Pitch>-82.5641403</Pitch>
				<Roll>25.390152</Roll>
				<Yaw>87.4295273</Yaw>
			</PositionRotation>
			<Attachment isAttached="true">
				<AttachedTo>143984</AttachedTo>
				<BoneIndex>41</BoneIndex>
				<X>0.900000095</X>
				<Y>-0.150000051</Y>
				<Z>0</Z>
				<Pitch>-80.0000076</Pitch>
				<Roll>0</Roll>
				<Yaw>0</Yaw>
			</Attachment>
		</Attachment>
		<Attachment>
			<ModelHash>0x27c33a11</ModelHash>
			<Type>3</Type>
			<Dynamic>false</Dynamic>
			<FrozenPos>true</FrozenPos>
			<HashName>prop_etricmotor_01</HashName>
			<InitialHandle>194311</InitialHandle>
			<ObjectProperties>
				<TextureVariation>0</TextureVariation>
			</ObjectProperties>
			<OpacityLevel>255</OpacityLevel>
			<LodDistance>16960</LodDistance>
			<IsVisible>true</IsVisible>
			<MaxHealth>1000</MaxHealth>
			<Health>1000</Health>
			<HasGravity>true</HasGravity>
			<IsOnFire>false</IsOnFire>
			<IsInvincible>false</IsInvincible>
			<IsBulletProof>false</IsBulletProof>
			<IsCollisionProof>false</IsCollisionProof>
			<IsExplosionProof>false</IsExplosionProof>
			<IsFireProof>false</IsFireProof>
			<IsMeleeProof>false</IsMeleeProof>
			<IsOnlyDamagedByPlayer>false</IsOnlyDamagedByPlayer>
			<PositionRotation>
				<X>1600.68872</X>
				<Y>3302.00098</Y>
				<Z>39.5326538</Z>
				<Pitch>-33.1252213</Pitch>
				<Roll>176.09404</Roll>
				<Yaw>-29.7285328</Yaw>
			</PositionRotation>
			<Attachment isAttached="true">
				<AttachedTo>143984</AttachedTo>
				<BoneIndex>45</BoneIndex>
				<X>0.400000036</X>
				<Y>0.400000036</Y>
				<Z>0.600000083</Z>
				<Pitch>-150.000015</Pitch>
				<Roll>0</Roll>
				<Yaw>90.0000076</Yaw>
			</Attachment>
		</Attachment>
		<Attachment>
			<ModelHash>0x27c33a11</ModelHash>
			<Type>3</Type>
			<Dynamic>false</Dynamic>
			<FrozenPos>true</FrozenPos>
			<HashName>prop_etricmotor_01</HashName>
			<InitialHandle>64525</InitialHandle>
			<ObjectProperties>
				<TextureVariation>0</TextureVariation>
			</ObjectProperties>
			<OpacityLevel>255</OpacityLevel>
			<LodDistance>16960</LodDistance>
			<IsVisible>true</IsVisible>
			<MaxHealth>1000</MaxHealth>
			<Health>1000</Health>
			<HasGravity>true</HasGravity>
			<IsOnFire>false</IsOnFire>
			<IsInvincible>false</IsInvincible>
			<IsBulletProof>false</IsBulletProof>
			<IsCollisionProof>false</IsCollisionProof>
			<IsExplosionProof>false</IsExplosionProof>
			<IsFireProof>false</IsFireProof>
			<IsMeleeProof>false</IsMeleeProof>
			<IsOnlyDamagedByPlayer>false</IsOnlyDamagedByPlayer>
			<PositionRotation>
				<X>1600.9541</X>
				<Y>3301.8623</Y>
				<Z>39.5497665</Z>
				<Pitch>-33.1252213</Pitch>
				<Roll>176.09404</Roll>
				<Yaw>-29.7285328</Yaw>
			</PositionRotation>
			<Attachment isAttached="true">
				<AttachedTo>143984</AttachedTo>
				<BoneIndex>45</BoneIndex>
				<X>0.400000036</X>
				<Y>0.0999999717</Y>
				<Z>0.600000083</Z>
				<Pitch>-150.000015</Pitch>
				<Roll>0</Roll>
				<Yaw>90.0000076</Yaw>
			</Attachment>
		</Attachment>
		<Attachment>
			<ModelHash>0x79c14bf9</ModelHash>
			<Type>3</Type>
			<Dynamic>false</Dynamic>
			<FrozenPos>true</FrozenPos>
			<HashName>prop_railsleepers01</HashName>
			<InitialHandle>41806</InitialHandle>
			<ObjectProperties>
				<TextureVariation>0</TextureVariation>
			</ObjectProperties>
			<OpacityLevel>255</OpacityLevel>
			<LodDistance>16960</LodDistance>
			<IsVisible>true</IsVisible>
			<MaxHealth>1000</MaxHealth>
			<Health>1000</Health>
			<HasGravity>true</HasGravity>
			<IsOnFire>false</IsOnFire>
			<IsInvincible>false</IsInvincible>
			<IsBulletProof>false</IsBulletProof>
			<IsCollisionProof>false</IsCollisionProof>
			<IsExplosionProof>false</IsExplosionProof>
			<IsFireProof>false</IsFireProof>
			<IsMeleeProof>false</IsMeleeProof>
			<IsOnlyDamagedByPlayer>false</IsOnlyDamagedByPlayer>
			<PositionRotation>
				<X>1600.93958</X>
				<Y>3301.42188</Y>
				<Z>39.6261292</Z>
				<Pitch>-3.18104625</Pitch>
				<Roll>-3.27543902</Roll>
				<Yaw>-27.7736912</Yaw>
			</PositionRotation>
			<Attachment isAttached="true">
				<AttachedTo>143984</AttachedTo>
				<BoneIndex>43</BoneIndex>
				<X>0</X>
				<Y>1.30000019</Y>
				<Z>0.730000198</Z>
				<Pitch>0</Pitch>
				<Roll>0</Roll>
				<Yaw>-90.0000076</Yaw>
			</Attachment>
		</Attachment>
		<Attachment>
			<ModelHash>0x58a81454</ModelHash>
			<Type>3</Type>
			<Dynamic>false</Dynamic>
			<FrozenPos>true</FrozenPos>
			<HashName>prop_roofpipe_02</HashName>
			<InitialHandle>162659</InitialHandle>
			<ObjectProperties>
				<TextureVariation>0</TextureVariation>
			</ObjectProperties>
			<OpacityLevel>255</OpacityLevel>
			<LodDistance>16960</LodDistance>
			<IsVisible>true</IsVisible>
			<MaxHealth>1000</MaxHealth>
			<Health>1000</Health>
			<HasGravity>true</HasGravity>
			<IsOnFire>false</IsOnFire>
			<IsInvincible>false</IsInvincible>
			<IsBulletProof>false</IsBulletProof>
			<IsCollisionProof>false</IsCollisionProof>
			<IsExplosionProof>false</IsExplosionProof>
			<IsFireProof>false</IsFireProof>
			<IsMeleeProof>false</IsMeleeProof>
			<IsOnlyDamagedByPlayer>false</IsOnlyDamagedByPlayer>
			<PositionRotation>
				<X>1603.34045</X>
				<Y>3300.21265</Y>
				<Z>38.6773453</Z>
				<Pitch>-1.57702851</Pitch>
				<Roll>111.782089</Roll>
				<Yaw>61.0265274</Yaw>
			</PositionRotation>
			<Attachment isAttached="true">
				<AttachedTo>143984</AttachedTo>
				<BoneIndex>26</BoneIndex>
				<X>-0.265556246</X>
				<Y>0.00275886804</Y>
				<Z>-0.190239042</Z>
				<Pitch>2.08488321</Pitch>
				<Roll>90.0183868</Roll>
				<Yaw>-0.653100967</Yaw>
			</Attachment>
		</Attachment>
		<Attachment>
			<ModelHash>0x58a81454</ModelHash>
			<Type>3</Type>
			<Dynamic>false</Dynamic>
			<FrozenPos>true</FrozenPos>
			<HashName>prop_roofpipe_02</HashName>
			<InitialHandle>99934</InitialHandle>
			<ObjectProperties>
				<TextureVariation>0</TextureVariation>
			</ObjectProperties>
			<OpacityLevel>255</OpacityLevel>
			<LodDistance>16960</LodDistance>
			<IsVisible>true</IsVisible>
			<MaxHealth>1000</MaxHealth>
			<Health>1000</Health>
			<HasGravity>true</HasGravity>
			<IsOnFire>false</IsOnFire>
			<IsInvincible>false</IsInvincible>
			<IsBulletProof>false</IsBulletProof>
			<IsCollisionProof>false</IsCollisionProof>
			<IsExplosionProof>false</IsExplosionProof>
			<IsFireProof>false</IsFireProof>
			<IsMeleeProof>false</IsMeleeProof>
			<IsOnlyDamagedByPlayer>false</IsOnlyDamagedByPlayer>
			<PositionRotation>
				<X>1603.24536</X>
				<Y>3300.03174</Y>
				<Z>38.6863098</Z>
				<Pitch>5.11275625</Pitch>
				<Roll>105.17733</Roll>
				<Yaw>-118.769142</Yaw>
			</PositionRotation>
			<Attachment isAttached="true">
				<AttachedTo>143984</AttachedTo>
				<BoneIndex>32</BoneIndex>
				<X>0.264443845</X>
				<Y>0.00275886804</Y>
				<Z>-0.190239042</Z>
				<Pitch>2.08488321</Pitch>
				<Roll>90.0183868</Roll>
				<Yaw>179.346893</Yaw>
			</Attachment>
		</Attachment>
		<Attachment>
			<ModelHash>0x58a81454</ModelHash>
			<Type>3</Type>
			<Dynamic>false</Dynamic>
			<FrozenPos>true</FrozenPos>
			<HashName>prop_roofpipe_02</HashName>
			<InitialHandle>67444</InitialHandle>
			<ObjectProperties>
				<TextureVariation>0</TextureVariation>
			</ObjectProperties>
			<OpacityLevel>255</OpacityLevel>
			<LodDistance>16960</LodDistance>
			<IsVisible>true</IsVisible>
			<MaxHealth>1000</MaxHealth>
			<Health>1000</Health>
			<HasGravity>true</HasGravity>
			<IsOnFire>false</IsOnFire>
			<IsInvincible>false</IsInvincible>
			<IsBulletProof>false</IsBulletProof>
			<IsCollisionProof>false</IsCollisionProof>
			<IsExplosionProof>false</IsExplosionProof>
			<IsFireProof>false</IsFireProof>
			<IsMeleeProof>false</IsMeleeProof>
			<IsOnlyDamagedByPlayer>false</IsOnlyDamagedByPlayer>
			<PositionRotation>
				<X>1600.76196</X>
				<Y>3301.60352</Y>
				<Z>38.5916595</Z>
				<Pitch>-0.702973008</Pitch>
				<Roll>107.136543</Roll>
				<Yaw>51.8561745</Yaw>
			</PositionRotation>
			<Attachment isAttached="true">
				<AttachedTo>143984</AttachedTo>
				<BoneIndex>9</BoneIndex>
				<X>-0.165556207</X>
				<Y>0.0227588713</Y>
				<Z>0.129760981</Z>
				<Pitch>2.08488321</Pitch>
				<Roll>110.018387</Roll>
				<Yaw>-10.6531096</Yaw>
			</Attachment>
		</Attachment>
		<Attachment>
			<ModelHash>0x58a81454</ModelHash>
			<Type>3</Type>
			<Dynamic>false</Dynamic>
			<FrozenPos>true</FrozenPos>
			<HashName>prop_roofpipe_02</HashName>
			<InitialHandle>33395</InitialHandle>
			<ObjectProperties>
				<TextureVariation>0</TextureVariation>
			</ObjectProperties>
			<OpacityLevel>255</OpacityLevel>
			<LodDistance>16960</LodDistance>
			<IsVisible>true</IsVisible>
			<MaxHealth>1000</MaxHealth>
			<Health>1000</Health>
			<HasGravity>true</HasGravity>
			<IsOnFire>false</IsOnFire>
			<IsInvincible>false</IsInvincible>
			<IsBulletProof>false</IsBulletProof>
			<IsCollisionProof>false</IsCollisionProof>
			<IsExplosionProof>false</IsExplosionProof>
			<IsFireProof>false</IsFireProof>
			<IsMeleeProof>false</IsMeleeProof>
			<IsOnlyDamagedByPlayer>false</IsOnlyDamagedByPlayer>
			<PositionRotation>
				<X>1600.63855</X>
				<Y>3301.36987</Y>
				<Z>38.6111221</Z>
				<Pitch>4.17035627</Pitch>
				<Roll>102.625259</Roll>
				<Yaw>-108.039276</Yaw>
			</PositionRotation>
			<Attachment isAttached="true">
				<AttachedTo>143984</AttachedTo>
				<BoneIndex>31</BoneIndex>
				<X>0.17444393</X>
				<Y>0.0227588676</Y>
				<Z>0.129760981</Z>
				<Pitch>2.08488321</Pitch>
				<Roll>110.018387</Roll>
				<Yaw>-170.653122</Yaw>
			</Attachment>
		</Attachment>
	</SpoonerAttachments>
</Vehicle>
