<?xml version="1.0" encoding="ISO-8859-1"?>
<Vehicle menyoo_ver="0.9998744b">
	<ModelHash>0x27b4e6b0</ModelHash>
	<InitialHandle>126212</InitialHandle>
	<VehicleProperties>
		<Colours>
			<Primary>12</Primary>
			<Secondary>0</Secondary>
			<Pearl>2</Pearl>
			<Rim>7</Rim>
			<Mod1_a>6</Mod1_a>
			<Mod1_b>-1</Mod1_b>
			<Mod1_c>-1</Mod1_c>
			<Mod2_a>6</Mod2_a>
			<Mod2_b>-1</Mod2_b>
			<IsPrimaryColourCustom>false</IsPrimaryColourCustom>
			<IsSecondaryColourCustom>false</IsSecondaryColourCustom>
			<tyreSmoke_R>255</tyreSmoke_R>
			<tyreSmoke_G>255</tyreSmoke_G>
			<tyreSmoke_B>255</tyreSmoke_B>
			<LrInterior>8</LrInterior>
			<LrDashboard>156</LrDashboard>
		</Colours>
		<Livery>-1</Livery>
		<NumberPlateText>60OSG966</NumberPlateText>
		<NumberPlateIndex>0</NumberPlateIndex>
		<WheelType>3</WheelType>
		<WheelsInvisible>false</WheelsInvisible>
		<EngineSoundName></EngineSoundName>
		<WindowTint>-1</WindowTint>
		<BulletProofTyres>true</BulletProofTyres>
		<DirtLevel>0</DirtLevel>
		<PaintFade>0.298039228</PaintFade>
		<RoofState>0</RoofState>
		<SirenActive>false</SirenActive>
		<EngineOn>true</EngineOn>
		<EngineHealth>1000</EngineHealth>
		<LightsOn>false</LightsOn>
		<IsRadioLoud>0</IsRadioLoud>
		<LockStatus>1</LockStatus>
		<Neons>
			<Left>false</Left>
			<Right>false</Right>
			<Front>false</Front>
			<Back>false</Back>
			<R>255</R>
			<G>0</G>
			<B>255</B>
		</Neons>
		<ModExtras>
			<_10>true</_10>
			<_12>false</_12>
		</ModExtras>
		<Mods>
			<_0>-1,0</_0>
			<_1>-1,0</_1>
			<_2>-1,0</_2>
			<_3>-1,0</_3>
			<_4>-1,0</_4>
			<_5>-1,0</_5>
			<_6>-1,0</_6>
			<_7>-1,0</_7>
			<_8>-1,0</_8>
			<_9>-1,0</_9>
			<_10>-1,0</_10>
			<_11>3,0</_11>
			<_12>2,0</_12>
			<_13>2,0</_13>
			<_14>-1,0</_14>
			<_15>-1,0</_15>
			<_16>4,0</_16>
			<_17>false</_17>
			<_18>true</_18>
			<_19>false</_19>
			<_20>false</_20>
			<_21>false</_21>
			<_22>true</_22>
			<_23>-1,0</_23>
			<_24>-1,0</_24>
			<_25>-1,0</_25>
			<_26>-1,0</_26>
			<_27>-1,0</_27>
			<_28>-1,0</_28>
			<_29>-1,0</_29>
			<_30>-1,0</_30>
			<_31>-1,0</_31>
			<_32>-1,0</_32>
			<_33>-1,0</_33>
			<_34>-1,0</_34>
			<_35>-1,0</_35>
			<_36>-1,0</_36>
			<_37>-1,0</_37>
			<_38>-1,0</_38>
			<_39>-1,0</_39>
			<_40>-1,0</_40>
			<_41>-1,0</_41>
			<_42>-1,0</_42>
			<_43>-1,0</_43>
			<_44>-1,0</_44>
			<_45>-1,0</_45>
			<_46>-1,0</_46>
			<_47>-1,0</_47>
			<_48>-1,0</_48>
		</Mods>
		<DoorsOpen>
			<BackLeftDoor>false</BackLeftDoor>
			<BackRightDoor>false</BackRightDoor>
			<FrontLeftDoor>false</FrontLeftDoor>
			<FrontRightDoor>false</FrontRightDoor>
			<Hood>false</Hood>
			<Trunk>false</Trunk>
			<Trunk2>false</Trunk2>
		</DoorsOpen>
		<DoorsBroken>
			<BackLeftDoor>false</BackLeftDoor>
			<BackRightDoor>false</BackRightDoor>
			<FrontLeftDoor>false</FrontLeftDoor>
			<FrontRightDoor>false</FrontRightDoor>
			<Hood>false</Hood>
			<Trunk>false</Trunk>
			<Trunk2>false</Trunk2>
		</DoorsBroken>
		<TyresBursted>
			<FrontLeft>false</FrontLeft>
			<FrontRight>false</FrontRight>
			<_2>false</_2>
			<_3>false</_3>
			<BackLeft>false</BackLeft>
			<BackRight>false</BackRight>
			<_6>false</_6>
			<_7>false</_7>
			<_8>false</_8>
		</TyresBursted>
		<RpmMultiplier>1</RpmMultiplier>
		<TorqueMultiplier>1</TorqueMultiplier>
		<HeadlightIntensity>1</HeadlightIntensity>
	</VehicleProperties>
	<OpacityLevel>255</OpacityLevel>
	<LodDistance>16960</LodDistance>
	<IsVisible>true</IsVisible>
	<IsDriverVisible>true</IsDriverVisible>
	<MaxHealth>1000</MaxHealth>
	<Health>1000</Health>
	<HasGravity>true</HasGravity>
	<IsOnFire>false</IsOnFire>
	<IsInvincible>false</IsInvincible>
	<IsBulletProof>false</IsBulletProof>
	<IsExplosionProof>false</IsExplosionProof>
	<IsFireProof>false</IsFireProof>
	<IsMeleeProof>false</IsMeleeProof>
	<IsOnlyDamagedByPlayer>false</IsOnlyDamagedByPlayer>
	<SpoonerAttachments SetAttachmentsPersistentAndAddToSpoonerDatabase="false" StartTaskSequencesOnLoad="true">
		<Attachment>
			<ModelHash>0xb7dd5fd1</ModelHash>
			<Type>3</Type>
			<Dynamic>false</Dynamic>
			<FrozenPos>true</FrozenPos>
			<HashName>p_rcss_folded</HashName>
			<InitialHandle>529668</InitialHandle>
			<ObjectProperties>
				<TextureVariation>0</TextureVariation>
			</ObjectProperties>
			<OpacityLevel>255</OpacityLevel>
			<LodDistance>16960</LodDistance>
			<IsVisible>true</IsVisible>
			<MaxHealth>1000</MaxHealth>
			<Health>1000</Health>
			<HasGravity>true</HasGravity>
			<IsOnFire>false</IsOnFire>
			<IsInvincible>false</IsInvincible>
			<IsBulletProof>false</IsBulletProof>
			<IsCollisionProof>false</IsCollisionProof>
			<IsExplosionProof>false</IsExplosionProof>
			<IsFireProof>false</IsFireProof>
			<IsMeleeProof>false</IsMeleeProof>
			<IsOnlyDamagedByPlayer>false</IsOnlyDamagedByPlayer>
			<PositionRotation>
				<X>-1711.4502</X>
				<Y>-1080.71179</Y>
				<Z>13.092061</Z>
				<Pitch>-0.376101345</Pitch>
				<Roll>1.00553679</Roll>
				<Yaw>129.987137</Yaw>
			</PositionRotation>
			<Attachment isAttached="true">
				<AttachedTo>126212</AttachedTo>
				<BoneIndex>0</BoneIndex>
				<X>0.236268252</X>
				<Y>1.48443818</Y>
				<Z>0.102682121</Z>
				<Pitch>-0.0419984758</Pitch>
				<Roll>1.36103554e-05</Roll>
				<Yaw>-181.920425</Yaw>
			</Attachment>
		</Attachment>
		<Attachment>
			<ModelHash>0xe2ba016f</ModelHash>
			<Type>3</Type>
			<Dynamic>false</Dynamic>
			<FrozenPos>true</FrozenPos>
			<HashName>prop_cs_katana_01</HashName>
			<InitialHandle>279559</InitialHandle>
			<ObjectProperties>
				<TextureVariation>0</TextureVariation>
			</ObjectProperties>
			<OpacityLevel>255</OpacityLevel>
			<LodDistance>16960</LodDistance>
			<IsVisible>true</IsVisible>
			<MaxHealth>1000</MaxHealth>
			<Health>1000</Health>
			<HasGravity>true</HasGravity>
			<IsOnFire>false</IsOnFire>
			<IsInvincible>false</IsInvincible>
			<IsBulletProof>false</IsBulletProof>
			<IsCollisionProof>false</IsCollisionProof>
			<IsExplosionProof>false</IsExplosionProof>
			<IsFireProof>false</IsFireProof>
			<IsMeleeProof>false</IsMeleeProof>
			<IsOnlyDamagedByPlayer>false</IsOnlyDamagedByPlayer>
			<PositionRotation>
				<X>-1710.74231</X>
				<Y>-1080.76184</Y>
				<Z>12.8964386</Z>
				<Pitch>-1.05961621</Pitch>
				<Roll>89.7047501</Roll>
				<Yaw>42.185791</Yaw>
			</PositionRotation>
			<Attachment isAttached="true">
				<AttachedTo>126212</AttachedTo>
				<BoneIndex>0</BoneIndex>
				<X>0.742700577</X>
				<Y>1.97673678</Y>
				<Z>-0.104536608</Z>
				<Pitch>-0.0419989042</Pitch>
				<Roll>89.9999771</Roll>
				<Yaw>-269.715271</Yaw>
			</Attachment>
		</Attachment>
		<Attachment>
			<ModelHash>0xe2ba016f</ModelHash>
			<Type>3</Type>
			<Dynamic>false</Dynamic>
			<FrozenPos>true</FrozenPos>
			<HashName>prop_cs_katana_01</HashName>
			<InitialHandle>286983</InitialHandle>
			<ObjectProperties>
				<TextureVariation>0</TextureVariation>
			</ObjectProperties>
			<OpacityLevel>255</OpacityLevel>
			<LodDistance>16960</LodDistance>
			<IsVisible>true</IsVisible>
			<MaxHealth>1000</MaxHealth>
			<Health>1000</Health>
			<HasGravity>true</HasGravity>
			<IsOnFire>false</IsOnFire>
			<IsInvincible>false</IsInvincible>
			<IsBulletProof>false</IsBulletProof>
			<IsCollisionProof>false</IsCollisionProof>
			<IsExplosionProof>false</IsExplosionProof>
			<IsFireProof>false</IsFireProof>
			<IsMeleeProof>false</IsMeleeProof>
			<IsOnlyDamagedByPlayer>false</IsOnlyDamagedByPlayer>
			<PositionRotation>
				<X>-1710.8606</X>
				<Y>-1080.63342</Y>
				<Z>12.8975163</Z>
				<Pitch>-1.06049562</Pitch>
				<Roll>89.7078171</Roll>
				<Yaw>42.359024</Yaw>
			</PositionRotation>
			<Attachment isAttached="true">
				<AttachedTo>126212</AttachedTo>
				<BoneIndex>0</BoneIndex>
				<X>0.568186998</X>
				<Y>1.97455621</Y>
				<Z>-0.100352146</Z>
				<Pitch>-0.0419976227</Pitch>
				<Roll>89.9999771</Roll>
				<Yaw>-269.542053</Yaw>
			</Attachment>
		</Attachment>
		<Attachment>
			<ModelHash>0xe2ba016f</ModelHash>
			<Type>3</Type>
			<Dynamic>false</Dynamic>
			<FrozenPos>true</FrozenPos>
			<HashName>prop_cs_katana_01</HashName>
			<InitialHandle>347655</InitialHandle>
			<ObjectProperties>
				<TextureVariation>0</TextureVariation>
			</ObjectProperties>
			<OpacityLevel>255</OpacityLevel>
			<LodDistance>16960</LodDistance>
			<IsVisible>true</IsVisible>
			<MaxHealth>1000</MaxHealth>
			<Health>1000</Health>
			<HasGravity>true</HasGravity>
			<IsOnFire>false</IsOnFire>
			<IsInvincible>false</IsInvincible>
			<IsBulletProof>false</IsBulletProof>
			<IsCollisionProof>false</IsCollisionProof>
			<IsExplosionProof>false</IsExplosionProof>
			<IsFireProof>false</IsFireProof>
			<IsMeleeProof>false</IsMeleeProof>
			<IsOnlyDamagedByPlayer>false</IsOnlyDamagedByPlayer>
			<PositionRotation>
				<X>-1710.93701</X>
				<Y>-1080.5448</Y>
				<Z>12.8978262</Z>
				<Pitch>-1.05871785</Pitch>
				<Roll>89.7016678</Roll>
				<Yaw>42.0126076</Yaw>
			</PositionRotation>
			<Attachment isAttached="true">
				<AttachedTo>126212</AttachedTo>
				<BoneIndex>0</BoneIndex>
				<X>0.451159805</X>
				<Y>1.97689188</Y>
				<Z>-0.0979782268</Z>
				<Pitch>-0.0419984758</Pitch>
				<Roll>89.9999771</Roll>
				<Yaw>-269.888428</Yaw>
			</Attachment>
		</Attachment>
		<Attachment>
			<ModelHash>0xe2ba016f</ModelHash>
			<Type>3</Type>
			<Dynamic>false</Dynamic>
			<FrozenPos>true</FrozenPos>
			<HashName>prop_cs_katana_01</HashName>
			<InitialHandle>305671</InitialHandle>
			<ObjectProperties>
				<TextureVariation>0</TextureVariation>
			</ObjectProperties>
			<OpacityLevel>255</OpacityLevel>
			<LodDistance>16960</LodDistance>
			<IsVisible>true</IsVisible>
			<MaxHealth>1000</MaxHealth>
			<Health>1000</Health>
			<HasGravity>true</HasGravity>
			<IsOnFire>false</IsOnFire>
			<IsInvincible>false</IsInvincible>
			<IsBulletProof>false</IsBulletProof>
			<IsCollisionProof>false</IsCollisionProof>
			<IsExplosionProof>false</IsExplosionProof>
			<IsFireProof>false</IsFireProof>
			<IsMeleeProof>false</IsMeleeProof>
			<IsOnlyDamagedByPlayer>false</IsOnlyDamagedByPlayer>
			<PositionRotation>
				<X>-1711.08423</X>
				<Y>-1080.37463</Y>
				<Z>12.8984652</Z>
				<Pitch>-1.05689371</Pitch>
				<Roll>89.6955109</Roll>
				<Yaw>41.666069</Yaw>
			</PositionRotation>
			<Attachment isAttached="true">
				<AttachedTo>126212</AttachedTo>
				<BoneIndex>0</BoneIndex>
				<X>0.226315185</X>
				<Y>1.98096478</Y>
				<Z>-0.0933730006</Z>
				<Pitch>-0.042000182</Pitch>
				<Roll>89.9999619</Roll>
				<Yaw>-270.234894</Yaw>
			</Attachment>
		</Attachment>
		<Attachment>
			<ModelHash>0xe2ba016f</ModelHash>
			<Type>3</Type>
			<Dynamic>false</Dynamic>
			<FrozenPos>true</FrozenPos>
			<HashName>prop_cs_katana_01</HashName>
			<InitialHandle>378375</InitialHandle>
			<ObjectProperties>
				<TextureVariation>0</TextureVariation>
			</ObjectProperties>
			<OpacityLevel>255</OpacityLevel>
			<LodDistance>16960</LodDistance>
			<IsVisible>true</IsVisible>
			<MaxHealth>1000</MaxHealth>
			<Health>1000</Health>
			<HasGravity>true</HasGravity>
			<IsOnFire>false</IsOnFire>
			<IsInvincible>false</IsInvincible>
			<IsBulletProof>false</IsBulletProof>
			<IsCollisionProof>false</IsCollisionProof>
			<IsExplosionProof>false</IsExplosionProof>
			<IsFireProof>false</IsFireProof>
			<IsMeleeProof>false</IsMeleeProof>
			<IsOnlyDamagedByPlayer>false</IsOnlyDamagedByPlayer>
			<PositionRotation>
				<X>-1711.20435</X>
				<Y>-1080.23962</Y>
				<Z>12.8992519</Z>
				<Pitch>-1.05689609</Pitch>
				<Roll>89.6955338</Roll>
				<Yaw>41.6661758</Yaw>
			</PositionRotation>
			<Attachment isAttached="true">
				<AttachedTo>126212</AttachedTo>
				<BoneIndex>0</BoneIndex>
				<X>0.0456352606</X>
				<Y>1.98174751</Y>
				<Z>-0.0893852636</Z>
				<Pitch>-0.0419993289</Pitch>
				<Roll>89.9999771</Roll>
				<Yaw>-270.234802</Yaw>
			</Attachment>
		</Attachment>
		<Attachment>
			<ModelHash>0xe2ba016f</ModelHash>
			<Type>3</Type>
			<Dynamic>false</Dynamic>
			<FrozenPos>true</FrozenPos>
			<HashName>prop_cs_katana_01</HashName>
			<InitialHandle>426503</InitialHandle>
			<ObjectProperties>
				<TextureVariation>0</TextureVariation>
			</ObjectProperties>
			<OpacityLevel>255</OpacityLevel>
			<LodDistance>16960</LodDistance>
			<IsVisible>true</IsVisible>
			<MaxHealth>1000</MaxHealth>
			<Health>1000</Health>
			<HasGravity>true</HasGravity>
			<IsOnFire>false</IsOnFire>
			<IsInvincible>false</IsInvincible>
			<IsBulletProof>false</IsBulletProof>
			<IsCollisionProof>false</IsCollisionProof>
			<IsExplosionProof>false</IsExplosionProof>
			<IsFireProof>false</IsFireProof>
			<IsMeleeProof>false</IsMeleeProof>
			<IsOnlyDamagedByPlayer>false</IsOnlyDamagedByPlayer>
			<PositionRotation>
				<X>-1711.33228</X>
				<Y>-1080.11963</Y>
				<Z>12.8959246</Z>
				<Pitch>-1.05961561</Pitch>
				<Roll>89.7047577</Roll>
				<Yaw>42.1863098</Yaw>
			</PositionRotation>
			<Attachment isAttached="true">
				<AttachedTo>126212</AttachedTo>
				<BoneIndex>0</BoneIndex>
				<X>-0.129189923</X>
				<Y>1.96669674</Y>
				<Z>-0.0895334557</Z>
				<Pitch>-0.0419976227</Pitch>
				<Roll>89.9999771</Roll>
				<Yaw>-269.714752</Yaw>
			</Attachment>
		</Attachment>
		<Attachment>
			<ModelHash>0xe2ba016f</ModelHash>
			<Type>3</Type>
			<Dynamic>false</Dynamic>
			<FrozenPos>true</FrozenPos>
			<HashName>prop_cs_katana_01</HashName>
			<InitialHandle>485895</InitialHandle>
			<ObjectProperties>
				<TextureVariation>0</TextureVariation>
			</ObjectProperties>
			<OpacityLevel>255</OpacityLevel>
			<LodDistance>16960</LodDistance>
			<IsVisible>true</IsVisible>
			<MaxHealth>1000</MaxHealth>
			<Health>1000</Health>
			<HasGravity>true</HasGravity>
			<IsOnFire>false</IsOnFire>
			<IsInvincible>false</IsInvincible>
			<IsBulletProof>false</IsBulletProof>
			<IsCollisionProof>false</IsCollisionProof>
			<IsExplosionProof>false</IsExplosionProof>
			<IsFireProof>false</IsFireProof>
			<IsMeleeProof>false</IsMeleeProof>
			<IsOnlyDamagedByPlayer>false</IsOnlyDamagedByPlayer>
			<PositionRotation>
				<X>-1711.46143</X>
				<Y>-1079.98169</Y>
				<Z>12.8887625</Z>
				<Pitch>-1.06224954</Pitch>
				<Roll>89.713974</Roll>
				<Yaw>42.7060661</Yaw>
			</PositionRotation>
			<Attachment isAttached="true">
				<AttachedTo>126212</AttachedTo>
				<BoneIndex>0</BoneIndex>
				<X>-0.318241805</X>
				<Y>1.9626348</Y>
				<Z>-0.0933222473</Z>
				<Pitch>-0.0419959128</Pitch>
				<Roll>89.9999619</Roll>
				<Yaw>-269.195068</Yaw>
			</Attachment>
		</Attachment>
		<Attachment>
			<ModelHash>0xe2ba016f</ModelHash>
			<Type>3</Type>
			<Dynamic>false</Dynamic>
			<FrozenPos>true</FrozenPos>
			<HashName>prop_cs_katana_01</HashName>
			<InitialHandle>547335</InitialHandle>
			<ObjectProperties>
				<TextureVariation>0</TextureVariation>
			</ObjectProperties>
			<OpacityLevel>255</OpacityLevel>
			<LodDistance>16960</LodDistance>
			<IsVisible>true</IsVisible>
			<MaxHealth>1000</MaxHealth>
			<Health>1000</Health>
			<HasGravity>true</HasGravity>
			<IsOnFire>false</IsOnFire>
			<IsInvincible>false</IsInvincible>
			<IsBulletProof>false</IsBulletProof>
			<IsCollisionProof>false</IsCollisionProof>
			<IsExplosionProof>false</IsExplosionProof>
			<IsFireProof>false</IsFireProof>
			<IsMeleeProof>false</IsMeleeProof>
			<IsOnlyDamagedByPlayer>false</IsOnlyDamagedByPlayer>
			<PositionRotation>
				<X>-1711.59302</X>
				<Y>-1079.84167</Y>
				<Z>12.8815098</Z>
				<Pitch>-1.06310821</Pitch>
				<Roll>89.7170639</Roll>
				<Yaw>42.8793869</Yaw>
			</PositionRotation>
			<Attachment isAttached="true">
				<AttachedTo>126212</AttachedTo>
				<BoneIndex>0</BoneIndex>
				<X>-0.510336816</X>
				<Y>1.95815372</Y>
				<Z>-0.0971450582</Z>
				<Pitch>-0.0419971943</Pitch>
				<Roll>89.9999619</Roll>
				<Yaw>-269.02179</Yaw>
			</Attachment>
		</Attachment>
		<Attachment>
			<ModelHash>0xe2ba016f</ModelHash>
			<Type>3</Type>
			<Dynamic>false</Dynamic>
			<FrozenPos>true</FrozenPos>
			<HashName>prop_cs_katana_01</HashName>
			<InitialHandle>506119</InitialHandle>
			<ObjectProperties>
				<TextureVariation>0</TextureVariation>
			</ObjectProperties>
			<OpacityLevel>255</OpacityLevel>
			<LodDistance>16960</LodDistance>
			<IsVisible>true</IsVisible>
			<MaxHealth>1000</MaxHealth>
			<Health>1000</Health>
			<HasGravity>true</HasGravity>
			<IsOnFire>false</IsOnFire>
			<IsInvincible>false</IsInvincible>
			<IsBulletProof>false</IsBulletProof>
			<IsCollisionProof>false</IsCollisionProof>
			<IsExplosionProof>false</IsExplosionProof>
			<IsFireProof>false</IsFireProof>
			<IsMeleeProof>false</IsMeleeProof>
			<IsOnlyDamagedByPlayer>false</IsOnlyDamagedByPlayer>
			<PositionRotation>
				<X>-1711.72681</X>
				<Y>-1079.69751</Y>
				<Z>12.8739395</Z>
				<Pitch>-1.06311345</Pitch>
				<Roll>89.7170944</Roll>
				<Yaw>42.8793831</Yaw>
			</PositionRotation>
			<Attachment isAttached="true">
				<AttachedTo>126212</AttachedTo>
				<BoneIndex>0</BoneIndex>
				<X>-0.707094014</X>
				<Y>1.95483303</Y>
				<Z>-0.101209998</Z>
				<Pitch>-0.0419980474</Pitch>
				<Roll>89.9999924</Roll>
				<Yaw>-269.02179</Yaw>
			</Attachment>
		</Attachment>
		<Attachment>
			<ModelHash>0xe19a6ca0</ModelHash>
			<Type>3</Type>
			<Dynamic>false</Dynamic>
			<FrozenPos>true</FrozenPos>
			<HashName>prop_medstation_01</HashName>
			<InitialHandle>341256</InitialHandle>
			<ObjectProperties>
				<TextureVariation>0</TextureVariation>
			</ObjectProperties>
			<OpacityLevel>255</OpacityLevel>
			<LodDistance>16960</LodDistance>
			<IsVisible>true</IsVisible>
			<MaxHealth>1000</MaxHealth>
			<Health>1000</Health>
			<HasGravity>true</HasGravity>
			<IsOnFire>false</IsOnFire>
			<IsInvincible>false</IsInvincible>
			<IsBulletProof>false</IsBulletProof>
			<IsCollisionProof>false</IsCollisionProof>
			<IsExplosionProof>false</IsExplosionProof>
			<IsFireProof>false</IsFireProof>
			<IsMeleeProof>false</IsMeleeProof>
			<IsOnlyDamagedByPlayer>false</IsOnlyDamagedByPlayer>
			<PositionRotation>
				<X>-1714.33435</X>
				<Y>-1082.78894</Y>
				<Z>12.8074627</Z>
				<Pitch>-88.9629669</Pitch>
				<Roll>-72.0452881</Roll>
				<Yaw>-119.675537</Yaw>
			</PositionRotation>
			<Attachment isAttached="true">
				<AttachedTo>126212</AttachedTo>
				<BoneIndex>0</BoneIndex>
				<X>-0.148879632</X>
				<Y>-2.05086756</Y>
				<Z>-0.156605408</Z>
				<Pitch>-90.0419998</Pitch>
				<Roll>-131.658432</Roll>
				<Yaw>-131.192902</Yaw>
			</Attachment>
		</Attachment>
		<Attachment>
			<ModelHash>0xbb55760a</ModelHash>
			<Type>3</Type>
			<Dynamic>false</Dynamic>
			<FrozenPos>true</FrozenPos>
			<HashName>prop_tool_fireaxe</HashName>
			<InitialHandle>346633</InitialHandle>
			<ObjectProperties>
				<TextureVariation>0</TextureVariation>
			</ObjectProperties>
			<OpacityLevel>255</OpacityLevel>
			<LodDistance>16960</LodDistance>
			<IsVisible>true</IsVisible>
			<MaxHealth>1000</MaxHealth>
			<Health>1000</Health>
			<HasGravity>true</HasGravity>
			<IsOnFire>false</IsOnFire>
			<IsInvincible>false</IsInvincible>
			<IsBulletProof>false</IsBulletProof>
			<IsCollisionProof>false</IsCollisionProof>
			<IsExplosionProof>false</IsExplosionProof>
			<IsFireProof>false</IsFireProof>
			<IsMeleeProof>false</IsMeleeProof>
			<IsOnlyDamagedByPlayer>false</IsOnlyDamagedByPlayer>
			<PositionRotation>
				<X>-1714.48865</X>
				<Y>-1083.35193</Y>
				<Z>12.918992</Z>
				<Pitch>-88.9622116</Pitch>
				<Roll>-160.826889</Roll>
				<Yaw>-119.67511</Yaw>
			</PositionRotation>
			<Attachment isAttached="true">
				<AttachedTo>126212</AttachedTo>
				<BoneIndex>0</BoneIndex>
				<X>0.168967471</X>
				<Y>-2.54115701</Y>
				<Z>-0.0481251515</Z>
				<Pitch>-90.0419998</Pitch>
				<Roll>139.559555</Roll>
				<Yaw>-131.192902</Yaw>
			</Attachment>
		</Attachment>
		<Attachment>
			<ModelHash>0x3d66cd4d</ModelHash>
			<Type>3</Type>
			<Dynamic>false</Dynamic>
			<FrozenPos>true</FrozenPos>
			<HashName>hei_prop_mini_sever_01</HashName>
			<InitialHandle>613386</InitialHandle>
			<ObjectProperties>
				<TextureVariation>0</TextureVariation>
			</ObjectProperties>
			<OpacityLevel>255</OpacityLevel>
			<LodDistance>16960</LodDistance>
			<IsVisible>true</IsVisible>
			<MaxHealth>1000</MaxHealth>
			<Health>1000</Health>
			<HasGravity>true</HasGravity>
			<IsOnFire>false</IsOnFire>
			<IsInvincible>false</IsInvincible>
			<IsBulletProof>false</IsBulletProof>
			<IsCollisionProof>false</IsCollisionProof>
			<IsExplosionProof>false</IsExplosionProof>
			<IsFireProof>false</IsFireProof>
			<IsMeleeProof>false</IsMeleeProof>
			<IsOnlyDamagedByPlayer>false</IsOnlyDamagedByPlayer>
			<PositionRotation>
				<X>-1712.15137</X>
				<Y>-1081.10034</Y>
				<Z>12.814208</Z>
				<Pitch>0.265437603</Pitch>
				<Roll>-1.01397586</Roll>
				<Yaw>-48.5006828</Yaw>
			</PositionRotation>
			<Attachment isAttached="true">
				<AttachedTo>126212</AttachedTo>
				<BoneIndex>0</BoneIndex>
				<X>0.0522660501</X>
				<Y>0.701644897</Y>
				<Z>-0.167852744</Z>
				<Pitch>-0.0419984758</Pitch>
				<Roll>1.36103554e-05</Roll>
				<Yaw>-0.406555176</Yaw>
			</Attachment>
		</Attachment>
		<Attachment>
			<ModelHash>0x8b02bba6</ModelHash>
			<Type>3</Type>
			<Dynamic>false</Dynamic>
			<FrozenPos>true</FrozenPos>
			<HashName>hei_prop_hei_ammo_single</HashName>
			<InitialHandle>65036</InitialHandle>
			<ObjectProperties>
				<TextureVariation>0</TextureVariation>
			</ObjectProperties>
			<OpacityLevel>255</OpacityLevel>
			<LodDistance>16960</LodDistance>
			<IsVisible>true</IsVisible>
			<MaxHealth>1000</MaxHealth>
			<Health>1000</Health>
			<HasGravity>true</HasGravity>
			<IsOnFire>false</IsOnFire>
			<IsInvincible>false</IsInvincible>
			<IsBulletProof>false</IsBulletProof>
			<IsCollisionProof>false</IsCollisionProof>
			<IsExplosionProof>false</IsExplosionProof>
			<IsFireProof>false</IsFireProof>
			<IsMeleeProof>false</IsMeleeProof>
			<IsOnlyDamagedByPlayer>false</IsOnlyDamagedByPlayer>
			<PositionRotation>
				<X>-1714.0343</X>
				<Y>-1083.45923</Y>
				<Z>12.9556274</Z>
				<Pitch>0.971084893</Pitch>
				<Roll>0.310426801</Roll>
				<Yaw>-138.671326</Yaw>
			</PositionRotation>
			<Attachment isAttached="true">
				<AttachedTo>126212</AttachedTo>
				<BoneIndex>0</BoneIndex>
				<X>0.552878737</X>
				<Y>-2.27449226</Y>
				<Z>-0.0196913965</Z>
				<Pitch>-0.0419984758</Pitch>
				<Roll>1.36103554e-05</Roll>
				<Yaw>-90.572731</Yaw>
			</Attachment>
		</Attachment>
		<Attachment>
			<ModelHash>0x56605a21</ModelHash>
			<Type>3</Type>
			<Dynamic>false</Dynamic>
			<FrozenPos>true</FrozenPos>
			<HashName>prop_cctv_cam_03a</HashName>
			<InitialHandle>170765</InitialHandle>
			<ObjectProperties>
				<TextureVariation>0</TextureVariation>
			</ObjectProperties>
			<OpacityLevel>255</OpacityLevel>
			<LodDistance>16960</LodDistance>
			<IsVisible>true</IsVisible>
			<MaxHealth>1000</MaxHealth>
			<Health>1000</Health>
			<HasGravity>true</HasGravity>
			<IsOnFire>false</IsOnFire>
			<IsInvincible>false</IsInvincible>
			<IsBulletProof>false</IsBulletProof>
			<IsCollisionProof>false</IsCollisionProof>
			<IsExplosionProof>false</IsExplosionProof>
			<IsFireProof>false</IsFireProof>
			<IsMeleeProof>false</IsMeleeProof>
			<IsOnlyDamagedByPlayer>false</IsOnlyDamagedByPlayer>
			<PositionRotation>
				<X>-1714.08704</X>
				<Y>-1083.80652</Y>
				<Z>13.265274</Z>
				<Pitch>-0.626080692</Pitch>
				<Roll>-0.88404876</Roll>
				<Yaw>1.81410778</Yaw>
			</PositionRotation>
			<Attachment isAttached="true">
				<AttachedTo>126212</AttachedTo>
				<BoneIndex>0</BoneIndex>
				<X>0.781652927</X>
				<Y>-2.54408598</Y>
				<Z>0.28736338</Z>
				<Pitch>-0.0419984758</Pitch>
				<Roll>1.36103554e-05</Roll>
				<Yaw>-310.084625</Yaw>
			</Attachment>
		</Attachment>
		<Attachment>
			<ModelHash>0x0bbfe056</ModelHash>
			<Type>3</Type>
			<Dynamic>false</Dynamic>
			<FrozenPos>true</FrozenPos>
			<HashName>v_res_monitor</HashName>
			<InitialHandle>224014</InitialHandle>
			<ObjectProperties>
				<TextureVariation>0</TextureVariation>
			</ObjectProperties>
			<OpacityLevel>255</OpacityLevel>
			<LodDistance>16960</LodDistance>
			<IsVisible>true</IsVisible>
			<MaxHealth>1000</MaxHealth>
			<Health>1000</Health>
			<HasGravity>true</HasGravity>
			<IsOnFire>false</IsOnFire>
			<IsInvincible>false</IsInvincible>
			<IsBulletProof>false</IsBulletProof>
			<IsCollisionProof>false</IsCollisionProof>
			<IsExplosionProof>false</IsExplosionProof>
			<IsFireProof>false</IsFireProof>
			<IsMeleeProof>false</IsMeleeProof>
			<IsOnlyDamagedByPlayer>false</IsOnlyDamagedByPlayer>
			<PositionRotation>
				<X>-1711.84338</X>
				<Y>-1081.60889</Y>
				<Z>12.6801691</Z>
				<Pitch>0.198955104</Pitch>
				<Roll>-1.0317955</Roll>
				<Yaw>-44.7784653</Yaw>
			</PositionRotation>
			<Attachment isAttached="true">
				<AttachedTo>126212</AttachedTo>
				<BoneIndex>0</BoneIndex>
				<X>0.633979023</X>
				<Y>0.590504408</Y>
				<Z>-0.311649472</Z>
				<Pitch>-0.0419984758</Pitch>
				<Roll>1.36103554e-05</Roll>
				<Yaw>3.31622314</Yaw>
			</Attachment>
		</Attachment>
		<Attachment>
			<ModelHash>0xd7ad02f4</ModelHash>
			<Type>3</Type>
			<Dynamic>false</Dynamic>
			<FrozenPos>true</FrozenPos>
			<HashName>hei_prop_hst_laptop</HashName>
			<InitialHandle>57361</InitialHandle>
			<ObjectProperties>
				<TextureVariation>0</TextureVariation>
			</ObjectProperties>
			<OpacityLevel>255</OpacityLevel>
			<LodDistance>16960</LodDistance>
			<IsVisible>true</IsVisible>
			<MaxHealth>1000</MaxHealth>
			<Health>1000</Health>
			<HasGravity>true</HasGravity>
			<IsOnFire>false</IsOnFire>
			<IsInvincible>false</IsInvincible>
			<IsBulletProof>false</IsBulletProof>
			<IsCollisionProof>false</IsCollisionProof>
			<IsExplosionProof>false</IsExplosionProof>
			<IsFireProof>false</IsFireProof>
			<IsMeleeProof>false</IsMeleeProof>
			<IsOnlyDamagedByPlayer>false</IsOnlyDamagedByPlayer>
			<PositionRotation>
				<X>-1712.6333</X>
				<Y>-1081.4707</Y>
				<Z>12.7984743</Z>
				<Pitch>-0.529404104</Pitch>
				<Roll>-0.940809846</Roll>
				<Yaw>-4.25071526</Yaw>
			</PositionRotation>
			<Attachment isAttached="true">
				<AttachedTo>126212</AttachedTo>
				<BoneIndex>0</BoneIndex>
				<X>0.00578776561</X>
				<Y>0.0955417007</Y>
				<Z>-0.179587826</Z>
				<Pitch>-0.0419984758</Pitch>
				<Roll>1.36103554e-05</Roll>
				<Yaw>43.8500824</Yaw>
			</Attachment>
		</Attachment>
		<Attachment>
			<ModelHash>0xc89630b8</ModelHash>
			<Type>3</Type>
			<Dynamic>false</Dynamic>
			<FrozenPos>true</FrozenPos>
			<HashName>prop_minigun_01</HashName>
			<InitialHandle>586002</InitialHandle>
			<ObjectProperties>
				<TextureVariation>0</TextureVariation>
			</ObjectProperties>
			<OpacityLevel>255</OpacityLevel>
			<LodDistance>16960</LodDistance>
			<IsVisible>true</IsVisible>
			<MaxHealth>1000</MaxHealth>
			<Health>1000</Health>
			<HasGravity>true</HasGravity>
			<IsOnFire>false</IsOnFire>
			<IsInvincible>false</IsInvincible>
			<IsBulletProof>false</IsBulletProof>
			<IsCollisionProof>false</IsCollisionProof>
			<IsExplosionProof>false</IsExplosionProof>
			<IsFireProof>false</IsFireProof>
			<IsMeleeProof>false</IsMeleeProof>
			<IsOnlyDamagedByPlayer>false</IsOnlyDamagedByPlayer>
			<PositionRotation>
				<X>-1715.08545</X>
				<Y>-1082.32642</Y>
				<Z>13.2006111</Z>
				<Pitch>-88.9625854</Pitch>
				<Roll>16.9186211</Roll>
				<Yaw>-119.674744</Yaw>
			</PositionRotation>
			<Attachment isAttached="true">
				<AttachedTo>126212</AttachedTo>
				<BoneIndex>0</BoneIndex>
				<X>-0.987657964</X>
				<Y>-2.29886293</Y>
				<Z>0.252786905</Z>
				<Pitch>-90.0419998</Pitch>
				<Roll>-42.6953049</Roll>
				<Yaw>-131.192902</Yaw>
			</Attachment>
		</Attachment>
		<Attachment>
			<ModelHash>0xc89630b8</ModelHash>
			<Type>3</Type>
			<Dynamic>false</Dynamic>
			<FrozenPos>true</FrozenPos>
			<HashName>prop_minigun_01</HashName>
			<InitialHandle>204307</InitialHandle>
			<ObjectProperties>
				<TextureVariation>0</TextureVariation>
			</ObjectProperties>
			<OpacityLevel>255</OpacityLevel>
			<LodDistance>16960</LodDistance>
			<IsVisible>true</IsVisible>
			<MaxHealth>1000</MaxHealth>
			<Health>1000</Health>
			<HasGravity>true</HasGravity>
			<IsOnFire>false</IsOnFire>
			<IsInvincible>false</IsInvincible>
			<IsBulletProof>false</IsBulletProof>
			<IsCollisionProof>false</IsCollisionProof>
			<IsExplosionProof>false</IsExplosionProof>
			<IsFireProof>false</IsFireProof>
			<IsMeleeProof>false</IsMeleeProof>
			<IsOnlyDamagedByPlayer>false</IsOnlyDamagedByPlayer>
			<PositionRotation>
				<X>-1713.75867</X>
				<Y>-1083.80408</Y>
				<Z>13.1786966</Z>
				<Pitch>88.1587753</Pitch>
				<Roll>-170.99205</Roll>
				<Yaw>29.7950249</Yaw>
			</PositionRotation>
			<Attachment isAttached="true">
				<AttachedTo>126212</AttachedTo>
				<BoneIndex>0</BoneIndex>
				<X>0.997490466</X>
				<Y>-2.29846931</Y>
				<Z>0.195656255</Z>
				<Pitch>88.9578476</Pitch>
				<Roll>-141.899887</Roll>
				<Yaw>48.8070831</Yaw>
			</Attachment>
		</Attachment>
		<Attachment>
			<ModelHash>0xc89630b8</ModelHash>
			<Type>3</Type>
			<Dynamic>false</Dynamic>
			<FrozenPos>true</FrozenPos>
			<HashName>prop_minigun_01</HashName>
			<InitialHandle>556051</InitialHandle>
			<ObjectProperties>
				<TextureVariation>0</TextureVariation>
			</ObjectProperties>
			<OpacityLevel>255</OpacityLevel>
			<LodDistance>16960</LodDistance>
			<IsVisible>true</IsVisible>
			<MaxHealth>1000</MaxHealth>
			<Health>1000</Health>
			<HasGravity>true</HasGravity>
			<IsOnFire>false</IsOnFire>
			<IsInvincible>false</IsInvincible>
			<IsBulletProof>false</IsBulletProof>
			<IsCollisionProof>false</IsCollisionProof>
			<IsExplosionProof>false</IsExplosionProof>
			<IsFireProof>false</IsFireProof>
			<IsMeleeProof>false</IsMeleeProof>
			<IsOnlyDamagedByPlayer>false</IsOnlyDamagedByPlayer>
			<PositionRotation>
				<X>-1711.91699</X>
				<Y>-1080.03137</Y>
				<Z>13.3361282</Z>
				<Pitch>0.973049164</Pitch>
				<Roll>-179.17247</Roll>
				<Yaw>-138.291733</Yaw>
			</PositionRotation>
			<Attachment isAttached="true">
				<AttachedTo>126212</AttachedTo>
				<BoneIndex>0</BoneIndex>
				<X>-0.577524781</X>
				<Y>1.59276247</Y>
				<Z>0.360656768</Z>
				<Pitch>-0.0420679785</Pitch>
				<Roll>-179.476166</Roll>
				<Yaw>-90.1931763</Yaw>
			</Attachment>
		</Attachment>
		<Attachment>
			<ModelHash>0x45c35f6a</ModelHash>
			<Type>3</Type>
			<Dynamic>false</Dynamic>
			<FrozenPos>true</FrozenPos>
			<HashName>prop_dock_shippad</HashName>
			<InitialHandle>355612</InitialHandle>
			<ObjectProperties>
				<TextureVariation>0</TextureVariation>
			</ObjectProperties>
			<OpacityLevel>255</OpacityLevel>
			<LodDistance>16960</LodDistance>
			<IsVisible>true</IsVisible>
			<MaxHealth>1000</MaxHealth>
			<Health>1000</Health>
			<HasGravity>true</HasGravity>
			<IsOnFire>false</IsOnFire>
			<IsInvincible>false</IsInvincible>
			<IsBulletProof>false</IsBulletProof>
			<IsCollisionProof>false</IsCollisionProof>
			<IsExplosionProof>false</IsExplosionProof>
			<IsFireProof>false</IsFireProof>
			<IsMeleeProof>false</IsMeleeProof>
			<IsOnlyDamagedByPlayer>false</IsOnlyDamagedByPlayer>
			<PositionRotation>
				<X>-1713.97083</X>
				<Y>-1081.86707</Y>
				<Z>12.9777412</Z>
				<Pitch>0.976970553</Pitch>
				<Roll>0.290522039</Roll>
				<Yaw>-137.548843</Yaw>
			</PositionRotation>
			<Attachment isAttached="true">
				<AttachedTo>126212</AttachedTo>
				<BoneIndex>0</BoneIndex>
				<X>-0.589275122</X>
				<Y>-1.16371381</Y>
				<Z>0.0168634448</Z>
				<Pitch>-0.0419984758</Pitch>
				<Roll>1.36103554e-05</Roll>
				<Yaw>-89.4503784</Yaw>
			</Attachment>
		</Attachment>
		<Attachment>
			<ModelHash>0x45c35f6a</ModelHash>
			<Type>3</Type>
			<Dynamic>false</Dynamic>
			<FrozenPos>true</FrozenPos>
			<HashName>prop_dock_shippad</HashName>
			<InitialHandle>426012</InitialHandle>
			<ObjectProperties>
				<TextureVariation>0</TextureVariation>
			</ObjectProperties>
			<OpacityLevel>255</OpacityLevel>
			<LodDistance>16960</LodDistance>
			<IsVisible>true</IsVisible>
			<MaxHealth>1000</MaxHealth>
			<Health>1000</Health>
			<HasGravity>true</HasGravity>
			<IsOnFire>false</IsOnFire>
			<IsInvincible>false</IsInvincible>
			<IsBulletProof>false</IsBulletProof>
			<IsCollisionProof>false</IsCollisionProof>
			<IsExplosionProof>false</IsExplosionProof>
			<IsFireProof>false</IsFireProof>
			<IsMeleeProof>false</IsMeleeProof>
			<IsOnlyDamagedByPlayer>false</IsOnlyDamagedByPlayer>
			<PositionRotation>
				<X>-1713.12549</X>
				<Y>-1082.69067</Y>
				<Z>13.0458851</Z>
				<Pitch>-1.05450463</Pitch>
				<Roll>-0.312281311</Roll>
				<Yaw>41.2222061</Yaw>
			</PositionRotation>
			<Attachment isAttached="true">
				<AttachedTo>126212</AttachedTo>
				<BoneIndex>0</BoneIndex>
				<X>0.589345753</X>
				<Y>-1.08434045</Y>
				<Z>0.0636981204</Z>
				<Pitch>-0.0419984758</Pitch>
				<Roll>1.36103554e-05</Roll>
				<Yaw>-270.678711</Yaw>
			</Attachment>
		</Attachment>
		<Attachment>
			<ModelHash>0x0321cd96</ModelHash>
			<Type>3</Type>
			<Dynamic>false</Dynamic>
			<FrozenPos>true</FrozenPos>
			<HashName>prop_fib_coffee</HashName>
			<InitialHandle>708381</InitialHandle>
			<ObjectProperties>
				<TextureVariation>0</TextureVariation>
			</ObjectProperties>
			<OpacityLevel>255</OpacityLevel>
			<LodDistance>16960</LodDistance>
			<IsVisible>true</IsVisible>
			<MaxHealth>1000</MaxHealth>
			<Health>1000</Health>
			<HasGravity>true</HasGravity>
			<IsOnFire>false</IsOnFire>
			<IsInvincible>false</IsInvincible>
			<IsBulletProof>false</IsBulletProof>
			<IsCollisionProof>false</IsCollisionProof>
			<IsExplosionProof>false</IsExplosionProof>
			<IsFireProof>false</IsFireProof>
			<IsMeleeProof>false</IsMeleeProof>
			<IsOnlyDamagedByPlayer>false</IsOnlyDamagedByPlayer>
			<PositionRotation>
				<X>-1712.22034</X>
				<Y>-1080.93298</Y>
				<Z>13.395463</Z>
				<Pitch>0.339717776</Pitch>
				<Roll>-0.988413453</Roll>
				<Yaw>-52.7491608</Yaw>
			</PositionRotation>
			<Attachment isAttached="true">
				<AttachedTo>126212</AttachedTo>
				<BoneIndex>0</BoneIndex>
				<X>-0.107988589</X>
				<Y>0.765113294</Y>
				<Z>0.4160119</Z>
				<Pitch>-0.0419984758</Pitch>
				<Roll>1.36103554e-05</Roll>
				<Yaw>-4.65563202</Yaw>
			</Attachment>
		</Attachment>
		<Attachment>
			<ModelHash>0x28781518</ModelHash>
			<Type>3</Type>
			<Dynamic>false</Dynamic>
			<FrozenPos>true</FrozenPos>
			<HashName>prop_ld_health_pack</HashName>
			<InitialHandle>764190</InitialHandle>
			<ObjectProperties>
				<TextureVariation>0</TextureVariation>
			</ObjectProperties>
			<OpacityLevel>255</OpacityLevel>
			<LodDistance>16960</LodDistance>
			<IsVisible>true</IsVisible>
			<MaxHealth>1000</MaxHealth>
			<Health>1000</Health>
			<HasGravity>true</HasGravity>
			<IsOnFire>false</IsOnFire>
			<IsInvincible>false</IsInvincible>
			<IsBulletProof>false</IsBulletProof>
			<IsCollisionProof>false</IsCollisionProof>
			<IsExplosionProof>false</IsExplosionProof>
			<IsFireProof>false</IsFireProof>
			<IsMeleeProof>false</IsMeleeProof>
			<IsOnlyDamagedByPlayer>false</IsOnlyDamagedByPlayer>
			<PositionRotation>
				<X>-1712.03967</X>
				<Y>-1081.22144</Y>
				<Z>13.4331226</Z>
				<Pitch>0.47585386</Pitch>
				<Roll>-0.924395502</Roll>
				<Yaw>-60.8903427</Yaw>
			</PositionRotation>
			<Attachment isAttached="true">
				<AttachedTo>126212</AttachedTo>
				<BoneIndex>0</BoneIndex>
				<X>0.227928519</X>
				<Y>0.707167745</Y>
				<Z>0.448023349</Z>
				<Pitch>-0.0419984758</Pitch>
				<Roll>1.36103554e-05</Roll>
				<Yaw>-12.7977371</Yaw>
			</Attachment>
		</Attachment>
		<Attachment>
			<ModelHash>0xc93e7ef7</ModelHash>
			<Type>3</Type>
			<Dynamic>false</Dynamic>
			<FrozenPos>true</FrozenPos>
			<HashName>prop_detergent_01b</HashName>
			<InitialHandle>31265</InitialHandle>
			<ObjectProperties>
				<TextureVariation>0</TextureVariation>
			</ObjectProperties>
			<OpacityLevel>255</OpacityLevel>
			<LodDistance>16960</LodDistance>
			<IsVisible>true</IsVisible>
			<MaxHealth>1000</MaxHealth>
			<Health>1000</Health>
			<HasGravity>true</HasGravity>
			<IsOnFire>false</IsOnFire>
			<IsInvincible>false</IsInvincible>
			<IsBulletProof>false</IsBulletProof>
			<IsCollisionProof>false</IsCollisionProof>
			<IsExplosionProof>false</IsExplosionProof>
			<IsFireProof>false</IsFireProof>
			<IsMeleeProof>false</IsMeleeProof>
			<IsOnlyDamagedByPlayer>false</IsOnlyDamagedByPlayer>
			<PositionRotation>
				<X>-1714.13525</X>
				<Y>-1083.15271</Y>
				<Z>13.0861568</Z>
				<Pitch>0.987350643</Pitch>
				<Roll>0.251273453</Roll>
				<Yaw>-135.353256</Yaw>
			</PositionRotation>
			<Attachment isAttached="true">
				<AttachedTo>126212</AttachedTo>
				<BoneIndex>0</BoneIndex>
				<X>0.259688705</X>
				<Y>-2.14415836</Y>
				<Z>0.115378387</Z>
				<Pitch>-0.0419984758</Pitch>
				<Roll>1.36103554e-05</Roll>
				<Yaw>-87.2550964</Yaw>
			</Attachment>
		</Attachment>
		<Attachment>
			<ModelHash>0xc2451209</ModelHash>
			<Type>3</Type>
			<Dynamic>false</Dynamic>
			<FrozenPos>true</FrozenPos>
			<HashName>prop_air_lights_02a</HashName>
			<InitialHandle>224806</InitialHandle>
			<ObjectProperties>
				<TextureVariation>0</TextureVariation>
			</ObjectProperties>
			<OpacityLevel>255</OpacityLevel>
			<LodDistance>16960</LodDistance>
			<IsVisible>true</IsVisible>
			<MaxHealth>1000</MaxHealth>
			<Health>1000</Health>
			<HasGravity>true</HasGravity>
			<IsOnFire>false</IsOnFire>
			<IsInvincible>false</IsInvincible>
			<IsBulletProof>false</IsBulletProof>
			<IsCollisionProof>false</IsCollisionProof>
			<IsExplosionProof>false</IsExplosionProof>
			<IsFireProof>false</IsFireProof>
			<IsMeleeProof>false</IsMeleeProof>
			<IsOnlyDamagedByPlayer>false</IsOnlyDamagedByPlayer>
			<PositionRotation>
				<X>-1711.06177</X>
				<Y>-1080.8584</Y>
				<Z>13.0401974</Z>
				<Pitch>80.4832153</Pitch>
				<Roll>-52.2384262</Roll>
				<Yaw>175.367783</Yaw>
			</PositionRotation>
			<Attachment isAttached="true">
				<AttachedTo>126212</AttachedTo>
				<BoneIndex>0</BoneIndex>
				<X>0.603806496</X>
				<Y>1.67533636</Y>
				<Z>0.0432893448</Z>
				<Pitch>79.9580307</Pitch>
				<Roll>-57.6602554</Roll>
				<Yaw>-131.192902</Yaw>
			</Attachment>
		</Attachment>
		<Attachment>
			<ModelHash>0xc2451209</ModelHash>
			<Type>3</Type>
			<Dynamic>false</Dynamic>
			<FrozenPos>true</FrozenPos>
			<HashName>prop_air_lights_02a</HashName>
			<InitialHandle>691493</InitialHandle>
			<ObjectProperties>
				<TextureVariation>0</TextureVariation>
			</ObjectProperties>
			<OpacityLevel>255</OpacityLevel>
			<LodDistance>16960</LodDistance>
			<IsVisible>true</IsVisible>
			<MaxHealth>1000</MaxHealth>
			<Health>1000</Health>
			<HasGravity>true</HasGravity>
			<IsOnFire>false</IsOnFire>
			<IsInvincible>false</IsInvincible>
			<IsBulletProof>false</IsBulletProof>
			<IsCollisionProof>false</IsCollisionProof>
			<IsExplosionProof>false</IsExplosionProof>
			<IsFireProof>false</IsFireProof>
			<IsMeleeProof>false</IsMeleeProof>
			<IsOnlyDamagedByPlayer>false</IsOnlyDamagedByPlayer>
			<PositionRotation>
				<X>-1711.91748</X>
				<Y>-1079.95166</Y>
				<Z>13.0403023</Z>
				<Pitch>84.453125</Pitch>
				<Roll>-31.5560532</Roll>
				<Yaw>171.457184</Yaw>
			</PositionRotation>
			<Attachment isAttached="true">
				<AttachedTo>126212</AttachedTo>
				<BoneIndex>0</BoneIndex>
				<X>-0.642330885</X>
				<Y>1.64407444</Y>
				<Z>0.0656609684</Z>
				<Pitch>83.9586258</Pitch>
				<Roll>-40.85709</Roll>
				<Yaw>-131.192886</Yaw>
			</Attachment>
		</Attachment>
	</SpoonerAttachments>
</Vehicle>
