<?xml version="1.0" encoding="ISO-8859-1"?>
<Vehicle menyoo_ver="0.999876778b">
	<ModelHash>0x82cac433</ModelHash>
	<InitialHandle>342627</InitialHandle>
	<VehicleProperties>
		<Colours>
			<Primary>122</Primary>
			<Secondary>0</Secondary>
			<Pearl>122</Pearl>
			<Rim>156</Rim>
			<Mod1_a>-645070848</Mod1_a>
			<Mod1_b>32762</Mod1_b>
			<Mod1_c>1351942144</Mod1_c>
			<Mod2_a>470</Mod2_a>
			<Mod2_b>518</Mod2_b>
			<IsPrimaryColourCustom>false</IsPrimaryColourCustom>
			<IsSecondaryColourCustom>false</IsSecondaryColourCustom>
			<tyreSmoke_R>255</tyreSmoke_R>
			<tyreSmoke_G>255</tyreSmoke_G>
			<tyreSmoke_B>255</tyreSmoke_B>
			<LrInterior>0</LrInterior>
			<LrDashboard>0</LrDashboard>
		</Colours>
		<Livery>-1</Livery>
		<NumberPlateText>86JQY003</NumberPlateText>
		<NumberPlateIndex>0</NumberPlateIndex>
		<WheelType>0</WheelType>
		<WheelsInvisible>false</WheelsInvisible>
		<EngineSoundName></EngineSoundName>
		<WindowTint>-1</WindowTint>
		<BulletProofTyres>false</BulletProofTyres>
		<DirtLevel>0</DirtLevel>
		<PaintFade>0.298039228</PaintFade>
		<RoofState>0</RoofState>
		<SirenActive>false</SirenActive>
		<EngineOn>true</EngineOn>
		<EngineHealth>1000</EngineHealth>
		<LightsOn>false</LightsOn>
		<IsRadioLoud>0</IsRadioLoud>
		<LockStatus>1</LockStatus>
		<Neons>
			<Left>false</Left>
			<Right>false</Right>
			<Front>false</Front>
			<Back>false</Back>
			<R>255</R>
			<G>0</G>
			<B>255</B>
		</Neons>
		<ModExtras />
		<Mods>
			<_0>-1,0</_0>
			<_1>-1,0</_1>
			<_2>-1,0</_2>
			<_3>-1,0</_3>
			<_4>-1,0</_4>
			<_5>-1,0</_5>
			<_6>-1,0</_6>
			<_7>-1,0</_7>
			<_8>-1,0</_8>
			<_9>-1,0</_9>
			<_10>-1,0</_10>
			<_11>-1,0</_11>
			<_12>-1,0</_12>
			<_13>-1,0</_13>
			<_14>-1,0</_14>
			<_15>-1,0</_15>
			<_16>-1,0</_16>
			<_17>false</_17>
			<_18>false</_18>
			<_19>false</_19>
			<_20>false</_20>
			<_21>false</_21>
			<_22>false</_22>
			<_23>-1,0</_23>
			<_24>-1,0</_24>
			<_25>-1,0</_25>
			<_26>-1,0</_26>
			<_27>-1,0</_27>
			<_28>-1,0</_28>
			<_29>-1,0</_29>
			<_30>-1,0</_30>
			<_31>-1,0</_31>
			<_32>-1,0</_32>
			<_33>-1,0</_33>
			<_34>-1,0</_34>
			<_35>-1,0</_35>
			<_36>-1,0</_36>
			<_37>-1,0</_37>
			<_38>-1,0</_38>
			<_39>-1,0</_39>
			<_40>-1,0</_40>
			<_41>-1,0</_41>
			<_42>-1,0</_42>
			<_43>-1,0</_43>
			<_44>-1,0</_44>
			<_45>-1,0</_45>
			<_46>-1,0</_46>
			<_47>-1,0</_47>
			<_48>-1,0</_48>
		</Mods>
		<DoorsOpen>
			<BackLeftDoor>false</BackLeftDoor>
			<BackRightDoor>false</BackRightDoor>
			<FrontLeftDoor>false</FrontLeftDoor>
			<FrontRightDoor>false</FrontRightDoor>
			<Hood>false</Hood>
			<Trunk>false</Trunk>
			<Trunk2>false</Trunk2>
		</DoorsOpen>
		<DoorsBroken>
			<BackLeftDoor>false</BackLeftDoor>
			<BackRightDoor>false</BackRightDoor>
			<FrontLeftDoor>false</FrontLeftDoor>
			<FrontRightDoor>false</FrontRightDoor>
			<Hood>false</Hood>
			<Trunk>false</Trunk>
			<Trunk2>false</Trunk2>
		</DoorsBroken>
		<TyresBursted>
			<FrontLeft>false</FrontLeft>
			<FrontRight>false</FrontRight>
			<_2>false</_2>
			<_3>false</_3>
			<BackLeft>false</BackLeft>
			<BackRight>false</BackRight>
			<_6>false</_6>
			<_7>false</_7>
			<_8>false</_8>
		</TyresBursted>
	</VehicleProperties>
	<OpacityLevel>255</OpacityLevel>
	<LodDistance>16960</LodDistance>
	<IsVisible>true</IsVisible>
	<IsDriverVisible>true</IsDriverVisible>
	<MaxHealth>1000</MaxHealth>
	<Health>1000</Health>
	<HasGravity>true</HasGravity>
	<IsOnFire>false</IsOnFire>
	<IsInvincible>false</IsInvincible>
	<IsBulletProof>false</IsBulletProof>
	<IsExplosionProof>false</IsExplosionProof>
	<IsFireProof>false</IsFireProof>
	<IsMeleeProof>false</IsMeleeProof>
	<IsOnlyDamagedByPlayer>false</IsOnlyDamagedByPlayer>
	<SpoonerAttachments SetAttachmentsPersistentAndAddToSpoonerDatabase="false" StartTaskSequencesOnLoad="true">
		<Attachment>
			<ModelHash>0xc7cee99e</ModelHash>
			<Type>3</Type>
			<Dynamic>false</Dynamic>
			<FrozenPos>true</FrozenPos>
			<HashName>prop_cj_big_boat</HashName>
			<InitialHandle>319588</InitialHandle>
			<ObjectProperties>
				<TextureVariation>0</TextureVariation>
			</ObjectProperties>
			<OpacityLevel>255</OpacityLevel>
			<LodDistance>16960</LodDistance>
			<IsVisible>true</IsVisible>
			<MaxHealth>1000</MaxHealth>
			<Health>1000</Health>
			<HasGravity>true</HasGravity>
			<IsOnFire>false</IsOnFire>
			<IsInvincible>false</IsInvincible>
			<IsBulletProof>false</IsBulletProof>
			<IsCollisionProof>false</IsCollisionProof>
			<IsExplosionProof>false</IsExplosionProof>
			<IsFireProof>false</IsFireProof>
			<IsMeleeProof>false</IsMeleeProof>
			<IsOnlyDamagedByPlayer>false</IsOnlyDamagedByPlayer>
			<PositionRotation>
				<X>1672.87158</X>
				<Y>4213.91846</Y>
				<Z>31.4899483</Z>
				<Pitch>-2.83432412</Pitch>
				<Roll>0.371765047</Roll>
				<Yaw>-101.538811</Yaw>
			</PositionRotation>
			<Attachment isAttached="true">
				<AttachedTo>342627</AttachedTo>
				<BoneIndex>0</BoneIndex>
				<X>0.0609673597</X>
				<Y>-3.04466581</Y>
				<Z>0.231597304</Z>
				<Pitch>-1.05483186</Pitch>
				<Roll>0.0380860567</Roll>
				<Yaw>0.520217896</Yaw>
			</Attachment>
		</Attachment>
		<Attachment>
			<ModelHash>0xe58c6fc3</ModelHash>
			<Type>3</Type>
			<Dynamic>false</Dynamic>
			<FrozenPos>true</FrozenPos>
			<HashName>hei_prop_carrier_bombs_1</HashName>
			<InitialHandle>405606</InitialHandle>
			<ObjectProperties>
				<TextureVariation>0</TextureVariation>
			</ObjectProperties>
			<OpacityLevel>255</OpacityLevel>
			<LodDistance>16960</LodDistance>
			<IsVisible>true</IsVisible>
			<MaxHealth>1000</MaxHealth>
			<Health>1000</Health>
			<HasGravity>true</HasGravity>
			<IsOnFire>false</IsOnFire>
			<IsInvincible>false</IsInvincible>
			<IsBulletProof>false</IsBulletProof>
			<IsCollisionProof>false</IsCollisionProof>
			<IsExplosionProof>false</IsExplosionProof>
			<IsFireProof>false</IsFireProof>
			<IsMeleeProof>false</IsMeleeProof>
			<IsOnlyDamagedByPlayer>false</IsOnlyDamagedByPlayer>
			<PositionRotation>
				<X>1649.51917</X>
				<Y>4212.50781</Y>
				<Z>38.0715599</Z>
				<Pitch>-0.37373203</Pitch>
				<Roll>-1.77148652</Roll>
				<Yaw>169.749908</Yaw>
			</PositionRotation>
			<Attachment isAttached="true">
				<AttachedTo>342627</AttachedTo>
				<BoneIndex>0</BoneIndex>
				<X>6.28898668</X>
				<Y>-25.7801476</Y>
				<Z>6.14344406</Z>
				<Pitch>0</Pitch>
				<Roll>0</Roll>
				<Yaw>271.82605</Yaw>
			</Attachment>
		</Attachment>
		<Attachment>
			<ModelHash>0xe58c6fc3</ModelHash>
			<Type>3</Type>
			<Dynamic>false</Dynamic>
			<FrozenPos>true</FrozenPos>
			<HashName>hei_prop_carrier_bombs_1</HashName>
			<InitialHandle>195428</InitialHandle>
			<ObjectProperties>
				<TextureVariation>0</TextureVariation>
			</ObjectProperties>
			<OpacityLevel>255</OpacityLevel>
			<LodDistance>16960</LodDistance>
			<IsVisible>true</IsVisible>
			<MaxHealth>1000</MaxHealth>
			<Health>1000</Health>
			<HasGravity>true</HasGravity>
			<IsOnFire>false</IsOnFire>
			<IsInvincible>false</IsInvincible>
			<IsBulletProof>false</IsBulletProof>
			<IsCollisionProof>false</IsCollisionProof>
			<IsExplosionProof>false</IsExplosionProof>
			<IsFireProof>false</IsFireProof>
			<IsMeleeProof>false</IsMeleeProof>
			<IsOnlyDamagedByPlayer>false</IsOnlyDamagedByPlayer>
			<PositionRotation>
				<X>1651.87891</X>
				<Y>4211.97363</Y>
				<Z>37.9514656</Z>
				<Pitch>-0.376412719</Pitch>
				<Roll>-1.77091897</Roll>
				<Yaw>169.836594</Yaw>
			</PositionRotation>
			<Attachment isAttached="true">
				<AttachedTo>342627</AttachedTo>
				<BoneIndex>0</BoneIndex>
				<X>6.31840229</X>
				<Y>-23.3582821</Y>
				<Z>6.09882355</Z>
				<Pitch>0</Pitch>
				<Roll>0</Roll>
				<Yaw>271.912781</Yaw>
			</Attachment>
		</Attachment>
		<Attachment>
			<ModelHash>0xe58c6fc3</ModelHash>
			<Type>3</Type>
			<Dynamic>false</Dynamic>
			<FrozenPos>true</FrozenPos>
			<HashName>hei_prop_carrier_bombs_1</HashName>
			<InitialHandle>572765</InitialHandle>
			<ObjectProperties>
				<TextureVariation>0</TextureVariation>
			</ObjectProperties>
			<OpacityLevel>255</OpacityLevel>
			<LodDistance>16960</LodDistance>
			<IsVisible>true</IsVisible>
			<MaxHealth>1000</MaxHealth>
			<Health>1000</Health>
			<HasGravity>true</HasGravity>
			<IsOnFire>false</IsOnFire>
			<IsInvincible>false</IsInvincible>
			<IsBulletProof>false</IsBulletProof>
			<IsCollisionProof>false</IsCollisionProof>
			<IsExplosionProof>false</IsExplosionProof>
			<IsFireProof>false</IsFireProof>
			<IsMeleeProof>false</IsMeleeProof>
			<IsOnlyDamagedByPlayer>false</IsOnlyDamagedByPlayer>
			<PositionRotation>
				<X>1651.93726</X>
				<Y>4212</Y>
				<Z>39.1184998</Z>
				<Pitch>-0.419096708</Pitch>
				<Roll>-1.76130903</Roll>
				<Yaw>171.220871</Yaw>
			</PositionRotation>
			<Attachment isAttached="true">
				<AttachedTo>342627</AttachedTo>
				<BoneIndex>0</BoneIndex>
				<X>6.27419806</X>
				<Y>-23.3431034</Y>
				<Z>7.26666641</Z>
				<Pitch>0</Pitch>
				<Roll>0</Roll>
				<Yaw>273.297668</Yaw>
			</Attachment>
		</Attachment>
		<Attachment>
			<ModelHash>0x305c794e</ModelHash>
			<Type>3</Type>
			<Dynamic>false</Dynamic>
			<FrozenPos>true</FrozenPos>
			<HashName>hei_prop_carrier_cargo_05b</HashName>
			<InitialHandle>651063</InitialHandle>
			<ObjectProperties>
				<TextureVariation>0</TextureVariation>
			</ObjectProperties>
			<OpacityLevel>255</OpacityLevel>
			<LodDistance>16960</LodDistance>
			<IsVisible>true</IsVisible>
			<MaxHealth>1000</MaxHealth>
			<Health>1000</Health>
			<HasGravity>true</HasGravity>
			<IsOnFire>false</IsOnFire>
			<IsInvincible>false</IsInvincible>
			<IsBulletProof>false</IsBulletProof>
			<IsCollisionProof>false</IsCollisionProof>
			<IsExplosionProof>false</IsExplosionProof>
			<IsFireProof>false</IsFireProof>
			<IsMeleeProof>false</IsMeleeProof>
			<IsOnlyDamagedByPlayer>false</IsOnlyDamagedByPlayer>
			<PositionRotation>
				<X>1654.23767</X>
				<Y>4223.1123</Y>
				<Z>38.0202408</Z>
				<Pitch>-1.79084194</Pitch>
				<Roll>0.265901923</Roll>
				<Yaw>-103.71244</Yaw>
			</PositionRotation>
			<Attachment isAttached="true">
				<AttachedTo>342627</AttachedTo>
				<BoneIndex>0</BoneIndex>
				<X>-5.06735611</X>
				<Y>-23.3821297</Y>
				<Z>6.10384369</Z>
				<Pitch>0</Pitch>
				<Roll>0</Roll>
				<Yaw>-1.64624023</Yaw>
			</Attachment>
		</Attachment>
		<Attachment>
			<ModelHash>0x305c794e</ModelHash>
			<Type>3</Type>
			<Dynamic>false</Dynamic>
			<FrozenPos>true</FrozenPos>
			<HashName>hei_prop_carrier_cargo_05b</HashName>
			<InitialHandle>329576</InitialHandle>
			<ObjectProperties>
				<TextureVariation>0</TextureVariation>
			</ObjectProperties>
			<OpacityLevel>255</OpacityLevel>
			<LodDistance>16960</LodDistance>
			<IsVisible>true</IsVisible>
			<MaxHealth>1000</MaxHealth>
			<Health>1000</Health>
			<HasGravity>true</HasGravity>
			<IsOnFire>false</IsOnFire>
			<IsInvincible>false</IsInvincible>
			<IsBulletProof>false</IsBulletProof>
			<IsCollisionProof>false</IsCollisionProof>
			<IsExplosionProof>false</IsExplosionProof>
			<IsFireProof>false</IsFireProof>
			<IsMeleeProof>false</IsMeleeProof>
			<IsOnlyDamagedByPlayer>false</IsOnlyDamagedByPlayer>
			<PositionRotation>
				<X>1654.29578</X>
				<Y>4223.05127</Y>
				<Z>39.4976501</Z>
				<Pitch>-1.78919816</Pitch>
				<Roll>0.276751518</Roll>
				<Yaw>-103.365105</Yaw>
			</PositionRotation>
			<Attachment isAttached="true">
				<AttachedTo>342627</AttachedTo>
				<BoneIndex>0</BoneIndex>
				<X>-5.02779627</X>
				<Y>-23.3583984</Y>
				<Z>7.58295059</Z>
				<Pitch>0</Pitch>
				<Roll>0</Roll>
				<Yaw>-1.29907227</Yaw>
			</Attachment>
		</Attachment>
		<Attachment>
			<ModelHash>0x27238cad</ModelHash>
			<Type>3</Type>
			<Dynamic>false</Dynamic>
			<FrozenPos>true</FrozenPos>
			<HashName>hei_prop_carrier_crate_01b</HashName>
			<InitialHandle>212786</InitialHandle>
			<ObjectProperties>
				<TextureVariation>0</TextureVariation>
			</ObjectProperties>
			<OpacityLevel>255</OpacityLevel>
			<LodDistance>16960</LodDistance>
			<IsVisible>true</IsVisible>
			<MaxHealth>1000</MaxHealth>
			<Health>1000</Health>
			<HasGravity>true</HasGravity>
			<IsOnFire>false</IsOnFire>
			<IsInvincible>false</IsInvincible>
			<IsBulletProof>false</IsBulletProof>
			<IsCollisionProof>false</IsCollisionProof>
			<IsExplosionProof>false</IsExplosionProof>
			<IsFireProof>false</IsFireProof>
			<IsMeleeProof>false</IsMeleeProof>
			<IsOnlyDamagedByPlayer>false</IsOnlyDamagedByPlayer>
			<PositionRotation>
				<X>1652.28687</X>
				<Y>4224.8374</Y>
				<Z>38.1403961</Z>
				<Pitch>-0.209064543</Pitch>
				<Roll>-1.79836071</Roll>
				<Yaw>164.469482</Yaw>
			</PositionRotation>
			<Attachment isAttached="true">
				<AttachedTo>342627</AttachedTo>
				<BoneIndex>0</BoneIndex>
				<X>-6.34674072</X>
				<Y>-25.6530056</Y>
				<Z>6.14630508</Z>
				<Pitch>0</Pitch>
				<Roll>0</Roll>
				<Yaw>266.543121</Yaw>
			</Attachment>
		</Attachment>
		<Attachment>
			<ModelHash>0x8b9108e7</ModelHash>
			<Type>3</Type>
			<Dynamic>false</Dynamic>
			<FrozenPos>true</FrozenPos>
			<HashName>hei_prop_carrier_defense_02</HashName>
			<InitialHandle>430438</InitialHandle>
			<ObjectProperties>
				<TextureVariation>0</TextureVariation>
			</ObjectProperties>
			<OpacityLevel>255</OpacityLevel>
			<LodDistance>16960</LodDistance>
			<IsVisible>true</IsVisible>
			<MaxHealth>1000</MaxHealth>
			<Health>1000</Health>
			<HasGravity>true</HasGravity>
			<IsOnFire>false</IsOnFire>
			<IsInvincible>false</IsInvincible>
			<IsBulletProof>false</IsBulletProof>
			<IsCollisionProof>false</IsCollisionProof>
			<IsExplosionProof>false</IsExplosionProof>
			<IsFireProof>false</IsFireProof>
			<IsMeleeProof>false</IsMeleeProof>
			<IsOnlyDamagedByPlayer>false</IsOnlyDamagedByPlayer>
			<PositionRotation>
				<X>1641.44067</X>
				<Y>4220.25</Y>
				<Z>39.1601677</Z>
				<Pitch>-1.78480768</Pitch>
				<Roll>0.303788215</Roll>
				<Yaw>-102.498116</Yaw>
			</PositionRotation>
			<Attachment isAttached="true">
				<AttachedTo>342627</AttachedTo>
				<BoneIndex>0</BoneIndex>
				<X>0.402359009</X>
				<Y>-35.3278275</Y>
				<Z>6.90287399</Z>
				<Pitch>0</Pitch>
				<Roll>0</Roll>
				<Yaw>-0.432495117</Yaw>
			</Attachment>
		</Attachment>
		<Attachment>
			<ModelHash>0x8b9108e7</ModelHash>
			<Type>3</Type>
			<Dynamic>false</Dynamic>
			<FrozenPos>true</FrozenPos>
			<HashName>hei_prop_carrier_defense_02</HashName>
			<InitialHandle>275049</InitialHandle>
			<ObjectProperties>
				<TextureVariation>0</TextureVariation>
			</ObjectProperties>
			<OpacityLevel>255</OpacityLevel>
			<LodDistance>16960</LodDistance>
			<IsVisible>true</IsVisible>
			<MaxHealth>1000</MaxHealth>
			<Health>1000</Health>
			<HasGravity>true</HasGravity>
			<IsOnFire>false</IsOnFire>
			<IsInvincible>false</IsInvincible>
			<IsBulletProof>false</IsBulletProof>
			<IsCollisionProof>false</IsCollisionProof>
			<IsExplosionProof>false</IsExplosionProof>
			<IsFireProof>false</IsFireProof>
			<IsMeleeProof>false</IsMeleeProof>
			<IsOnlyDamagedByPlayer>false</IsOnlyDamagedByPlayer>
			<PositionRotation>
				<X>1705.71863</X>
				<Y>4207.18311</Y>
				<Z>34.5958405</Z>
				<Pitch>1.77703834</Pitch>
				<Roll>-0.346365184</Roll>
				<Yaw>78.8718185</Yaw>
			</PositionRotation>
			<Attachment isAttached="true">
				<AttachedTo>342627</AttachedTo>
				<BoneIndex>0</BoneIndex>
				<X>-0.241621017</X>
				<Y>30.3717461</Y>
				<Z>4.37729645</Z>
				<Pitch>0</Pitch>
				<Roll>0</Roll>
				<Yaw>180.936813</Yaw>
			</Attachment>
		</Attachment>
		<Attachment>
			<ModelHash>0x8b9108e7</ModelHash>
			<Type>3</Type>
			<Dynamic>false</Dynamic>
			<FrozenPos>true</FrozenPos>
			<HashName>hei_prop_carrier_defense_02</HashName>
			<InitialHandle>439145</InitialHandle>
			<ObjectProperties>
				<TextureVariation>0</TextureVariation>
			</ObjectProperties>
			<OpacityLevel>255</OpacityLevel>
			<LodDistance>16960</LodDistance>
			<IsVisible>true</IsVisible>
			<MaxHealth>1000</MaxHealth>
			<Health>1000</Health>
			<HasGravity>true</HasGravity>
			<IsOnFire>false</IsOnFire>
			<IsInvincible>false</IsInvincible>
			<IsBulletProof>false</IsBulletProof>
			<IsCollisionProof>false</IsCollisionProof>
			<IsExplosionProof>false</IsExplosionProof>
			<IsFireProof>false</IsFireProof>
			<IsMeleeProof>false</IsMeleeProof>
			<IsOnlyDamagedByPlayer>false</IsOnlyDamagedByPlayer>
			<PositionRotation>
				<X>1675.01306</X>
				<Y>4213.44238</Y>
				<Z>42.2482796</Z>
				<Pitch>1.78535438</Pitch>
				<Roll>-0.30055818</Roll>
				<Yaw>77.3981857</Yaw>
			</PositionRotation>
			<Attachment isAttached="true">
				<AttachedTo>342627</AttachedTo>
				<BoneIndex>0</BoneIndex>
				<X>0.0189530998</X>
				<Y>-1.18664443</Y>
				<Z>11.0528908</Z>
				<Pitch>0</Pitch>
				<Roll>0</Roll>
				<Yaw>179.463867</Yaw>
			</Attachment>
		</Attachment>
		<Attachment>
			<ModelHash>0x8b9108e7</ModelHash>
			<Type>3</Type>
			<Dynamic>false</Dynamic>
			<FrozenPos>true</FrozenPos>
			<HashName>hei_prop_carrier_defense_02</HashName>
			<InitialHandle>227690</InitialHandle>
			<ObjectProperties>
				<TextureVariation>0</TextureVariation>
			</ObjectProperties>
			<OpacityLevel>255</OpacityLevel>
			<LodDistance>16960</LodDistance>
			<IsVisible>true</IsVisible>
			<MaxHealth>1000</MaxHealth>
			<Health>1000</Health>
			<HasGravity>true</HasGravity>
			<IsOnFire>false</IsOnFire>
			<IsInvincible>false</IsInvincible>
			<IsBulletProof>false</IsBulletProof>
			<IsCollisionProof>false</IsCollisionProof>
			<IsExplosionProof>false</IsExplosionProof>
			<IsFireProof>false</IsFireProof>
			<IsMeleeProof>false</IsMeleeProof>
			<IsOnlyDamagedByPlayer>false</IsOnlyDamagedByPlayer>
			<PositionRotation>
				<X>1635.61169</X>
				<Y>4221.77051</Y>
				<Z>33.5110359</Z>
				<Pitch>-1.77969253</Pitch>
				<Roll>0.332453877</Roll>
				<Yaw>-101.576447</Yaw>
			</PositionRotation>
			<Attachment isAttached="true">
				<AttachedTo>342627</AttachedTo>
				<BoneIndex>0</BoneIndex>
				<X>0.166028023</X>
				<Y>-41.1671715</Y>
				<Z>1.06789017</Z>
				<Pitch>0</Pitch>
				<Roll>0</Roll>
				<Yaw>0.488746643</Yaw>
			</Attachment>
		</Attachment>
		<Attachment>
			<ModelHash>0x7cdc8e14</ModelHash>
			<Type>3</Type>
			<Dynamic>false</Dynamic>
			<FrozenPos>true</FrozenPos>
			<HashName>hei_prop_carrier_gasbogey_01</HashName>
			<InitialHandle>651882</InitialHandle>
			<ObjectProperties>
				<TextureVariation>0</TextureVariation>
			</ObjectProperties>
			<OpacityLevel>255</OpacityLevel>
			<LodDistance>16960</LodDistance>
			<IsVisible>true</IsVisible>
			<MaxHealth>1000</MaxHealth>
			<Health>1000</Health>
			<HasGravity>true</HasGravity>
			<IsOnFire>false</IsOnFire>
			<IsInvincible>false</IsInvincible>
			<IsBulletProof>false</IsBulletProof>
			<IsCollisionProof>false</IsCollisionProof>
			<IsExplosionProof>false</IsExplosionProof>
			<IsFireProof>false</IsFireProof>
			<IsMeleeProof>false</IsMeleeProof>
			<IsOnlyDamagedByPlayer>false</IsOnlyDamagedByPlayer>
			<PositionRotation>
				<X>1702.84021</X>
				<Y>4211.8999</Y>
				<Z>35.0855522</Z>
				<Pitch>-1.73295438</Pitch>
				<Roll>-0.524164259</Roll>
				<Yaw>-128.991135</Yaw>
			</PositionRotation>
			<Attachment isAttached="true">
				<AttachedTo>342627</AttachedTo>
				<BoneIndex>0</BoneIndex>
				<X>-4.25430202</X>
				<Y>26.5576344</Y>
				<Z>4.72633743</Z>
				<Pitch>0</Pitch>
				<Roll>0</Roll>
				<Yaw>-26.9128571</Yaw>
			</Attachment>
		</Attachment>
		<Attachment>
			<ModelHash>0x0f8662dc</ModelHash>
			<Type>3</Type>
			<Dynamic>false</Dynamic>
			<FrozenPos>true</FrozenPos>
			<HashName>hei_prop_carrier_liferafts</HashName>
			<InitialHandle>700267</InitialHandle>
			<ObjectProperties>
				<TextureVariation>0</TextureVariation>
			</ObjectProperties>
			<OpacityLevel>255</OpacityLevel>
			<LodDistance>16960</LodDistance>
			<IsVisible>true</IsVisible>
			<MaxHealth>1000</MaxHealth>
			<Health>1000</Health>
			<HasGravity>true</HasGravity>
			<IsOnFire>false</IsOnFire>
			<IsInvincible>false</IsInvincible>
			<IsBulletProof>false</IsBulletProof>
			<IsCollisionProof>false</IsCollisionProof>
			<IsExplosionProof>false</IsExplosionProof>
			<IsFireProof>false</IsFireProof>
			<IsMeleeProof>false</IsMeleeProof>
			<IsOnlyDamagedByPlayer>false</IsOnlyDamagedByPlayer>
			<PositionRotation>
				<X>1674.5824</X>
				<Y>4218.28076</Y>
				<Z>38.533844</Z>
				<Pitch>-0.366448492</Pitch>
				<Roll>-1.77300704</Roll>
				<Yaw>169.514511</Yaw>
			</PositionRotation>
			<Attachment isAttached="true">
				<AttachedTo>342627</AttachedTo>
				<BoneIndex>0</BoneIndex>
				<X>-4.60169697</X>
				<Y>-2.50292873</Y>
				<Z>7.27005005</Z>
				<Pitch>0</Pitch>
				<Roll>0</Roll>
				<Yaw>271.590546</Yaw>
			</Attachment>
		</Attachment>
		<Attachment>
			<ModelHash>0x01e52097</ModelHash>
			<Type>3</Type>
			<Dynamic>false</Dynamic>
			<FrozenPos>true</FrozenPos>
			<HashName>hei_prop_carrier_lightset_1</HashName>
			<InitialHandle>465771</InitialHandle>
			<ObjectProperties>
				<TextureVariation>0</TextureVariation>
			</ObjectProperties>
			<OpacityLevel>255</OpacityLevel>
			<LodDistance>16960</LodDistance>
			<IsVisible>true</IsVisible>
			<MaxHealth>1000</MaxHealth>
			<Health>1000</Health>
			<HasGravity>true</HasGravity>
			<IsOnFire>false</IsOnFire>
			<IsInvincible>false</IsInvincible>
			<IsBulletProof>false</IsBulletProof>
			<IsCollisionProof>false</IsCollisionProof>
			<IsExplosionProof>false</IsExplosionProof>
			<IsFireProof>false</IsFireProof>
			<IsMeleeProof>false</IsMeleeProof>
			<IsOnlyDamagedByPlayer>false</IsOnlyDamagedByPlayer>
			<PositionRotation>
				<X>1692.21399</X>
				<Y>4209.84033</Y>
				<Z>38.0785522</Z>
				<Pitch>1.78224826</Pitch>
				<Roll>-0.31846565</Roll>
				<Yaw>77.973465</Yaw>
			</PositionRotation>
			<Attachment isAttached="true">
				<AttachedTo>342627</AttachedTo>
				<BoneIndex>0</BoneIndex>
				<X>-0.0340602398</X>
				<Y>16.5084438</Y>
				<Z>7.43146515</Z>
				<Pitch>0</Pitch>
				<Roll>0</Roll>
				<Yaw>180.038864</Yaw>
			</Attachment>
		</Attachment>
		<Attachment>
			<ModelHash>0x01e52097</ModelHash>
			<Type>3</Type>
			<Dynamic>false</Dynamic>
			<FrozenPos>true</FrozenPos>
			<HashName>hei_prop_carrier_lightset_1</HashName>
			<InitialHandle>332907</InitialHandle>
			<ObjectProperties>
				<TextureVariation>0</TextureVariation>
			</ObjectProperties>
			<OpacityLevel>255</OpacityLevel>
			<LodDistance>16960</LodDistance>
			<IsVisible>true</IsVisible>
			<MaxHealth>1000</MaxHealth>
			<Health>1000</Health>
			<HasGravity>true</HasGravity>
			<IsOnFire>false</IsOnFire>
			<IsInvincible>false</IsInvincible>
			<IsBulletProof>false</IsBulletProof>
			<IsCollisionProof>false</IsCollisionProof>
			<IsExplosionProof>false</IsExplosionProof>
			<IsFireProof>false</IsFireProof>
			<IsMeleeProof>false</IsMeleeProof>
			<IsOnlyDamagedByPlayer>false</IsOnlyDamagedByPlayer>
			<PositionRotation>
				<X>1657.85449</X>
				<Y>4216.74609</Y>
				<Z>42.2331123</Z>
				<Pitch>-1.78328824</Pitch>
				<Roll>0.312586814</Roll>
				<Yaw>-102.2155</Yaw>
			</PositionRotation>
			<Attachment isAttached="true">
				<AttachedTo>342627</AttachedTo>
				<BoneIndex>0</BoneIndex>
				<X>0.3780725</X>
				<Y>-18.6477871</Y>
				<Z>10.4963074</Z>
				<Pitch>0</Pitch>
				<Roll>0</Roll>
				<Yaw>-0.150009155</Yaw>
			</Attachment>
		</Attachment>
		<Attachment>
			<ModelHash>0x63be2dc3</ModelHash>
			<Type>3</Type>
			<Dynamic>false</Dynamic>
			<FrozenPos>true</FrozenPos>
			<HashName>hei_prop_carrier_ord_01</HashName>
			<InitialHandle>408429</InitialHandle>
			<ObjectProperties>
				<TextureVariation>0</TextureVariation>
			</ObjectProperties>
			<OpacityLevel>255</OpacityLevel>
			<LodDistance>16960</LodDistance>
			<IsVisible>true</IsVisible>
			<MaxHealth>1000</MaxHealth>
			<Health>1000</Health>
			<HasGravity>true</HasGravity>
			<IsOnFire>false</IsOnFire>
			<IsInvincible>false</IsInvincible>
			<IsBulletProof>false</IsBulletProof>
			<IsCollisionProof>false</IsCollisionProof>
			<IsExplosionProof>false</IsExplosionProof>
			<IsFireProof>false</IsFireProof>
			<IsMeleeProof>false</IsMeleeProof>
			<IsOnlyDamagedByPlayer>false</IsOnlyDamagedByPlayer>
			<PositionRotation>
				<X>1685.03601</X>
				<Y>4205.59961</Y>
				<Z>36.246254</Z>
				<Pitch>0.318517357</Pitch>
				<Roll>1.78223872</Roll>
				<Yaw>-12.0298252</Yaw>
			</PositionRotation>
			<Attachment isAttached="true">
				<AttachedTo>342627</AttachedTo>
				<BoneIndex>0</BoneIndex>
				<X>5.62450838</X>
				<Y>10.4354353</Y>
				<Z>5.4405899</Z>
				<Pitch>-0</Pitch>
				<Roll>0</Roll>
				<Yaw>90.0454865</Yaw>
			</Attachment>
		</Attachment>
		<Attachment>
			<ModelHash>0x63be2dc3</ModelHash>
			<Type>3</Type>
			<Dynamic>false</Dynamic>
			<FrozenPos>true</FrozenPos>
			<HashName>hei_prop_carrier_ord_01</HashName>
			<InitialHandle>161125</InitialHandle>
			<ObjectProperties>
				<TextureVariation>0</TextureVariation>
			</ObjectProperties>
			<OpacityLevel>255</OpacityLevel>
			<LodDistance>16960</LodDistance>
			<IsVisible>true</IsVisible>
			<MaxHealth>1000</MaxHealth>
			<Health>1000</Health>
			<HasGravity>true</HasGravity>
			<IsOnFire>false</IsOnFire>
			<IsInvincible>false</IsInvincible>
			<IsBulletProof>false</IsBulletProof>
			<IsCollisionProof>false</IsCollisionProof>
			<IsExplosionProof>false</IsExplosionProof>
			<IsFireProof>false</IsFireProof>
			<IsMeleeProof>false</IsMeleeProof>
			<IsOnlyDamagedByPlayer>false</IsOnlyDamagedByPlayer>
			<PositionRotation>
				<X>1670.31738</X>
				<Y>4208.51025</Y>
				<Z>37.0125809</Z>
				<Pitch>0.348104358</Pitch>
				<Roll>1.77669871</Roll>
				<Yaw>-11.0774899</Yaw>
			</PositionRotation>
			<Attachment isAttached="true">
				<AttachedTo>342627</AttachedTo>
				<BoneIndex>0</BoneIndex>
				<X>5.85314512</X>
				<Y>-4.58303738</Y>
				<Z>5.74118423</Z>
				<Pitch>0</Pitch>
				<Roll>0</Roll>
				<Yaw>90.9982681</Yaw>
			</Attachment>
		</Attachment>
		<Attachment>
			<ModelHash>0x80d6e7f4</ModelHash>
			<Type>3</Type>
			<Dynamic>false</Dynamic>
			<FrozenPos>true</FrozenPos>
			<HashName>hei_prop_carrier_ord_03</HashName>
			<InitialHandle>472686</InitialHandle>
			<ObjectProperties>
				<TextureVariation>0</TextureVariation>
			</ObjectProperties>
			<OpacityLevel>255</OpacityLevel>
			<LodDistance>16960</LodDistance>
			<IsVisible>true</IsVisible>
			<MaxHealth>1000</MaxHealth>
			<Health>1000</Health>
			<HasGravity>true</HasGravity>
			<IsOnFire>false</IsOnFire>
			<IsInvincible>false</IsInvincible>
			<IsBulletProof>false</IsBulletProof>
			<IsCollisionProof>false</IsCollisionProof>
			<IsExplosionProof>false</IsExplosionProof>
			<IsFireProof>false</IsFireProof>
			<IsMeleeProof>false</IsMeleeProof>
			<IsOnlyDamagedByPlayer>false</IsOnlyDamagedByPlayer>
			<PositionRotation>
				<X>1656.60632</X>
				<Y>4213.07129</Y>
				<Z>37.758049</Z>
				<Pitch>0.256383896</Pitch>
				<Roll>1.7922287</Roll>
				<Yaw>-14.0209007</Yaw>
			</PositionRotation>
			<Attachment isAttached="true">
				<AttachedTo>342627</AttachedTo>
				<BoneIndex>0</BoneIndex>
				<X>4.25708389</X>
				<Y>-18.9608936</Y>
				<Z>6.03074265</Z>
				<Pitch>0</Pitch>
				<Roll>0</Roll>
				<Yaw>88.0534592</Yaw>
			</Attachment>
		</Attachment>
		<Attachment>
			<ModelHash>0x80d6e7f4</ModelHash>
			<Type>3</Type>
			<Dynamic>false</Dynamic>
			<FrozenPos>true</FrozenPos>
			<HashName>hei_prop_carrier_ord_03</HashName>
			<InitialHandle>735085</InitialHandle>
			<ObjectProperties>
				<TextureVariation>0</TextureVariation>
			</ObjectProperties>
			<OpacityLevel>255</OpacityLevel>
			<LodDistance>16960</LodDistance>
			<IsVisible>true</IsVisible>
			<MaxHealth>1000</MaxHealth>
			<Health>1000</Health>
			<HasGravity>true</HasGravity>
			<IsOnFire>false</IsOnFire>
			<IsInvincible>false</IsInvincible>
			<IsBulletProof>false</IsBulletProof>
			<IsCollisionProof>false</IsCollisionProof>
			<IsExplosionProof>false</IsExplosionProof>
			<IsFireProof>false</IsFireProof>
			<IsMeleeProof>false</IsMeleeProof>
			<IsOnlyDamagedByPlayer>false</IsOnlyDamagedByPlayer>
			<PositionRotation>
				<X>1659.47876</X>
				<Y>4220.98975</Y>
				<Z>37.7504044</Z>
				<Pitch>-0.300149143</Pitch>
				<Roll>-1.78542304</Roll>
				<Yaw>167.380371</Yaw>
			</PositionRotation>
			<Attachment isAttached="true">
				<AttachedTo>342627</AttachedTo>
				<BoneIndex>0</BoneIndex>
				<X>-4.08654594</X>
				<Y>-17.8073597</Y>
				<Z>6.01279449</Z>
				<Pitch>0</Pitch>
				<Roll>0</Roll>
				<Yaw>269.455414</Yaw>
			</Attachment>
		</Attachment>
		<Attachment>
			<ModelHash>0x80d6e7f4</ModelHash>
			<Type>3</Type>
			<Dynamic>false</Dynamic>
			<FrozenPos>true</FrozenPos>
			<HashName>hei_prop_carrier_ord_03</HashName>
			<InitialHandle>65135</InitialHandle>
			<ObjectProperties>
				<TextureVariation>0</TextureVariation>
			</ObjectProperties>
			<OpacityLevel>255</OpacityLevel>
			<LodDistance>16960</LodDistance>
			<IsVisible>true</IsVisible>
			<MaxHealth>1000</MaxHealth>
			<Health>1000</Health>
			<HasGravity>true</HasGravity>
			<IsOnFire>false</IsOnFire>
			<IsInvincible>false</IsInvincible>
			<IsBulletProof>false</IsBulletProof>
			<IsCollisionProof>false</IsCollisionProof>
			<IsExplosionProof>false</IsExplosionProof>
			<IsFireProof>false</IsFireProof>
			<IsMeleeProof>false</IsMeleeProof>
			<IsOnlyDamagedByPlayer>false</IsOnlyDamagedByPlayer>
			<PositionRotation>
				<X>1664.67749</X>
				<Y>4221.23486</Y>
				<Z>37.5082092</Z>
				<Pitch>-0.348592699</Pitch>
				<Roll>-1.77660286</Roll>
				<Yaw>168.938248</Yaw>
			</PositionRotation>
			<Attachment isAttached="true">
				<AttachedTo>342627</AttachedTo>
				<BoneIndex>0</BoneIndex>
				<X>-5.41270065</X>
				<Y>-12.7696753</Y>
				<Z>5.91991043</Z>
				<Pitch>0</Pitch>
				<Roll>0</Roll>
				<Yaw>271.014008</Yaw>
			</Attachment>
		</Attachment>
		<Attachment>
			<ModelHash>0xe62ca86d</ModelHash>
			<Type>3</Type>
			<Dynamic>false</Dynamic>
			<FrozenPos>true</FrozenPos>
			<HashName>hei_prop_carrier_phone_02</HashName>
			<InitialHandle>203615</InitialHandle>
			<ObjectProperties>
				<TextureVariation>0</TextureVariation>
			</ObjectProperties>
			<OpacityLevel>255</OpacityLevel>
			<LodDistance>16960</LodDistance>
			<IsVisible>true</IsVisible>
			<MaxHealth>1000</MaxHealth>
			<Health>1000</Health>
			<HasGravity>true</HasGravity>
			<IsOnFire>false</IsOnFire>
			<IsInvincible>false</IsInvincible>
			<IsBulletProof>false</IsBulletProof>
			<IsCollisionProof>false</IsCollisionProof>
			<IsExplosionProof>false</IsExplosionProof>
			<IsFireProof>false</IsFireProof>
			<IsMeleeProof>false</IsMeleeProof>
			<IsOnlyDamagedByPlayer>false</IsOnlyDamagedByPlayer>
			<PositionRotation>
				<X>1676.17139</X>
				<Y>4218.06543</Y>
				<Z>38.0028496</Z>
				<Pitch>-0.327066839</Pitch>
				<Roll>-1.78069031</Roll>
				<Yaw>168.245056</Yaw>
			</PositionRotation>
			<Attachment isAttached="true">
				<AttachedTo>342627</AttachedTo>
				<BoneIndex>0</BoneIndex>
				<X>-4.72038078</X>
				<Y>-0.888296306</Y>
				<Z>6.78838348</Z>
				<Pitch>0</Pitch>
				<Roll>0</Roll>
				<Yaw>270.320496</Yaw>
			</Attachment>
		</Attachment>
		<Attachment>
			<ModelHash>0x7ea4a671</ModelHash>
			<Type>3</Type>
			<Dynamic>false</Dynamic>
			<FrozenPos>true</FrozenPos>
			<HashName>hei_prop_carrier_radar_1</HashName>
			<InitialHandle>563822</InitialHandle>
			<ObjectProperties>
				<TextureVariation>0</TextureVariation>
			</ObjectProperties>
			<OpacityLevel>255</OpacityLevel>
			<LodDistance>16960</LodDistance>
			<IsVisible>true</IsVisible>
			<MaxHealth>1000</MaxHealth>
			<Health>1000</Health>
			<HasGravity>true</HasGravity>
			<IsOnFire>false</IsOnFire>
			<IsInvincible>false</IsInvincible>
			<IsBulletProof>false</IsBulletProof>
			<IsCollisionProof>false</IsCollisionProof>
			<IsExplosionProof>false</IsExplosionProof>
			<IsFireProof>false</IsFireProof>
			<IsMeleeProof>false</IsMeleeProof>
			<IsOnlyDamagedByPlayer>false</IsOnlyDamagedByPlayer>
			<PositionRotation>
				<X>1660.7146</X>
				<Y>4216.28271</Y>
				<Z>51.6737213</Z>
				<Pitch>0.818459392</Pitch>
				<Roll>1.61496043</Roll>
				<Yaw>4.70955229</Yaw>
			</PositionRotation>
			<Attachment isAttached="true">
				<AttachedTo>342627</AttachedTo>
				<BoneIndex>0</BoneIndex>
				<X>0.180281639</X>
				<Y>-16.0491524</Y>
				<Z>20.0214081</Z>
				<Pitch>0</Pitch>
				<Roll>0</Roll>
				<Yaw>106.791451</Yaw>
			</Attachment>
		</Attachment>
		<Attachment>
			<ModelHash>0x047d2164</ModelHash>
			<Type>3</Type>
			<Dynamic>false</Dynamic>
			<FrozenPos>true</FrozenPos>
			<HashName>hei_prop_carrier_stair_01a</HashName>
			<InitialHandle>298608</InitialHandle>
			<ObjectProperties>
				<TextureVariation>0</TextureVariation>
			</ObjectProperties>
			<OpacityLevel>255</OpacityLevel>
			<LodDistance>16960</LodDistance>
			<IsVisible>true</IsVisible>
			<MaxHealth>1000</MaxHealth>
			<Health>1000</Health>
			<HasGravity>true</HasGravity>
			<IsOnFire>false</IsOnFire>
			<IsInvincible>false</IsInvincible>
			<IsBulletProof>false</IsBulletProof>
			<IsCollisionProof>false</IsCollisionProof>
			<IsExplosionProof>false</IsExplosionProof>
			<IsFireProof>false</IsFireProof>
			<IsMeleeProof>false</IsMeleeProof>
			<IsOnlyDamagedByPlayer>false</IsOnlyDamagedByPlayer>
			<PositionRotation>
				<X>1689.07983</X>
				<Y>4216.51318</Y>
				<Z>36.1955757</Z>
				<Pitch>0.342651218</Pitch>
				<Roll>1.77775776</Roll>
				<Yaw>-11.2532377</Yaw>
			</PositionRotation>
			<Attachment isAttached="true">
				<AttachedTo>342627</AttachedTo>
				<BoneIndex>0</BoneIndex>
				<X>-5.89299583</X>
				<Y>12.1094246</Y>
				<Z>5.37820816</Z>
				<Pitch>0</Pitch>
				<Roll>0</Roll>
				<Yaw>90.8224335</Yaw>
			</Attachment>
		</Attachment>
		<Attachment>
			<ModelHash>0xc6974ca9</ModelHash>
			<Type>3</Type>
			<Dynamic>false</Dynamic>
			<FrozenPos>true</FrozenPos>
			<HashName>hei_prop_carrier_trailer_01</HashName>
			<InitialHandle>660082</InitialHandle>
			<ObjectProperties>
				<TextureVariation>0</TextureVariation>
			</ObjectProperties>
			<OpacityLevel>255</OpacityLevel>
			<LodDistance>16960</LodDistance>
			<IsVisible>true</IsVisible>
			<MaxHealth>1000</MaxHealth>
			<Health>1000</Health>
			<HasGravity>true</HasGravity>
			<IsOnFire>false</IsOnFire>
			<IsInvincible>false</IsInvincible>
			<IsBulletProof>false</IsBulletProof>
			<IsCollisionProof>false</IsCollisionProof>
			<IsExplosionProof>false</IsExplosionProof>
			<IsFireProof>false</IsFireProof>
			<IsMeleeProof>false</IsMeleeProof>
			<IsOnlyDamagedByPlayer>false</IsOnlyDamagedByPlayer>
			<PositionRotation>
				<X>1646.58203</X>
				<Y>4221.51074</Y>
				<Z>36.1831284</Z>
				<Pitch>-1.52317262</Pitch>
				<Roll>0.978757858</Roll>
				<Yaw>-79.4298248</Yaw>
			</PositionRotation>
			<Attachment isAttached="true">
				<AttachedTo>342627</AttachedTo>
				<BoneIndex>0</BoneIndex>
				<X>-1.88948345</X>
				<Y>-30.4731655</Y>
				<Z>4.06273651</Z>
				<Pitch>0</Pitch>
				<Roll>0</Roll>
				<Yaw>22.6275177</Yaw>
			</Attachment>
		</Attachment>
	</SpoonerAttachments>
</Vehicle>
