<?xml version="1.0" encoding="ISO-8859-1"?>
<Vehicle menyoo_ver="0.9998744b">
	<ModelHash>0xb820ed5e</ModelHash>
	<InitialHandle>165637</InitialHandle>
	<VehicleProperties>
		<Colours>
			<Primary>41</Primary>
			<Secondary>12</Secondary>
			<Pearl>0</Pearl>
			<Rim>0</Rim>
			<Mod1_a>6</Mod1_a>
			<Mod1_b>-1</Mod1_b>
			<Mod1_c>-1</Mod1_c>
			<Mod2_a>6</Mod2_a>
			<Mod2_b>-1</Mod2_b>
			<IsPrimaryColourCustom>false</IsPrimaryColourCustom>
			<IsSecondaryColourCustom>false</IsSecondaryColourCustom>
			<tyreSmoke_R>255</tyreSmoke_R>
			<tyreSmoke_G>255</tyreSmoke_G>
			<tyreSmoke_B>255</tyreSmoke_B>
			<LrInterior>0</LrInterior>
			<LrDashboard>0</LrDashboard>
		</Colours>
		<Livery>-1</Livery>
		<NumberPlateText>08HFP253</NumberPlateText>
		<NumberPlateIndex>3</NumberPlateIndex>
		<WheelType>4</WheelType>
		<WheelsInvisible>false</WheelsInvisible>
		<EngineSoundName></EngineSoundName>
		<WindowTint>1</WindowTint>
		<BulletProofTyres>false</BulletProofTyres>
		<DirtLevel>0.201811016</DirtLevel>
		<PaintFade>0.298039228</PaintFade>
		<RoofState>0</RoofState>
		<SirenActive>false</SirenActive>
		<EngineOn>true</EngineOn>
		<EngineHealth>1000</EngineHealth>
		<LightsOn>false</LightsOn>
		<IsRadioLoud>0</IsRadioLoud>
		<LockStatus>1</LockStatus>
		<Neons>
			<Left>false</Left>
			<Right>false</Right>
			<Front>false</Front>
			<Back>false</Back>
			<R>255</R>
			<G>0</G>
			<B>255</B>
		</Neons>
		<ModExtras />
		<Mods>
			<_0>1,0</_0>
			<_1>-1,0</_1>
			<_2>-1,0</_2>
			<_3>-1,0</_3>
			<_4>-1,0</_4>
			<_5>0,0</_5>
			<_6>-1,0</_6>
			<_7>-1,0</_7>
			<_8>-1,0</_8>
			<_9>-1,0</_9>
			<_10>-1,0</_10>
			<_11>3,0</_11>
			<_12>2,0</_12>
			<_13>2,0</_13>
			<_14>44,0</_14>
			<_15>-1,0</_15>
			<_16>4,0</_16>
			<_17>false</_17>
			<_18>true</_18>
			<_19>false</_19>
			<_20>true</_20>
			<_21>false</_21>
			<_22>true</_22>
			<_23>1,0</_23>
			<_24>-1,0</_24>
			<_25>-1,0</_25>
			<_26>-1,0</_26>
			<_27>-1,0</_27>
			<_28>-1,0</_28>
			<_29>-1,0</_29>
			<_30>-1,0</_30>
			<_31>-1,0</_31>
			<_32>-1,0</_32>
			<_33>-1,0</_33>
			<_34>-1,0</_34>
			<_35>-1,0</_35>
			<_36>-1,0</_36>
			<_37>-1,0</_37>
			<_38>-1,0</_38>
			<_39>-1,0</_39>
			<_40>-1,0</_40>
			<_41>-1,0</_41>
			<_42>-1,0</_42>
			<_43>-1,0</_43>
			<_44>-1,0</_44>
			<_45>-1,0</_45>
			<_46>-1,0</_46>
			<_47>-1,0</_47>
			<_48>-1,0</_48>
		</Mods>
		<DoorsOpen>
			<BackLeftDoor>false</BackLeftDoor>
			<BackRightDoor>false</BackRightDoor>
			<FrontLeftDoor>false</FrontLeftDoor>
			<FrontRightDoor>false</FrontRightDoor>
			<Hood>false</Hood>
			<Trunk>false</Trunk>
			<Trunk2>false</Trunk2>
		</DoorsOpen>
		<DoorsBroken>
			<BackLeftDoor>false</BackLeftDoor>
			<BackRightDoor>false</BackRightDoor>
			<FrontLeftDoor>false</FrontLeftDoor>
			<FrontRightDoor>false</FrontRightDoor>
			<Hood>false</Hood>
			<Trunk>false</Trunk>
			<Trunk2>false</Trunk2>
		</DoorsBroken>
		<TyresBursted>
			<FrontLeft>false</FrontLeft>
			<FrontRight>false</FrontRight>
			<_2>false</_2>
			<_3>false</_3>
			<BackLeft>false</BackLeft>
			<BackRight>false</BackRight>
			<_6>false</_6>
			<_7>false</_7>
			<_8>false</_8>
		</TyresBursted>
		<RpmMultiplier>1</RpmMultiplier>
		<TorqueMultiplier>1</TorqueMultiplier>
		<HeadlightIntensity>1</HeadlightIntensity>
	</VehicleProperties>
	<OpacityLevel>255</OpacityLevel>
	<LodDistance>16960</LodDistance>
	<IsVisible>true</IsVisible>
	<IsDriverVisible>true</IsDriverVisible>
	<MaxHealth>1000</MaxHealth>
	<Health>1000</Health>
	<HasGravity>true</HasGravity>
	<IsOnFire>false</IsOnFire>
	<IsInvincible>false</IsInvincible>
	<IsBulletProof>false</IsBulletProof>
	<IsExplosionProof>false</IsExplosionProof>
	<IsFireProof>false</IsFireProof>
	<IsMeleeProof>false</IsMeleeProof>
	<IsOnlyDamagedByPlayer>false</IsOnlyDamagedByPlayer>
	<SpoonerAttachments SetAttachmentsPersistentAndAddToSpoonerDatabase="false" StartTaskSequencesOnLoad="true">
		<Attachment>
			<ModelHash>0x9271a41a</ModelHash>
			<Type>3</Type>
			<Dynamic>false</Dynamic>
			<FrozenPos>true</FrozenPos>
			<HashName>prop_muscle_bench_01</HashName>
			<InitialHandle>290058</InitialHandle>
			<ObjectProperties>
				<TextureVariation>0</TextureVariation>
			</ObjectProperties>
			<OpacityLevel>255</OpacityLevel>
			<LodDistance>16960</LodDistance>
			<IsVisible>true</IsVisible>
			<MaxHealth>1000</MaxHealth>
			<Health>1000</Health>
			<HasGravity>true</HasGravity>
			<IsOnFire>false</IsOnFire>
			<IsInvincible>false</IsInvincible>
			<IsBulletProof>false</IsBulletProof>
			<IsCollisionProof>false</IsCollisionProof>
			<IsExplosionProof>false</IsExplosionProof>
			<IsFireProof>false</IsFireProof>
			<IsMeleeProof>false</IsMeleeProof>
			<IsOnlyDamagedByPlayer>false</IsOnlyDamagedByPlayer>
			<PositionRotation>
				<X>-1068.33472</X>
				<Y>-3018.8855</Y>
				<Z>13.3984528</Z>
				<Pitch>-0.134434462</Pitch>
				<Roll>-49.999897</Roll>
				<Yaw>-52.4467926</Yaw>
			</PositionRotation>
			<Attachment isAttached="true">
				<AttachedTo>165637</AttachedTo>
				<BoneIndex>0</BoneIndex>
				<X>0.0173717495</X>
				<Y>2.06918526</Y>
				<Z>0.0228394866</Z>
				<Pitch>-0.0696090758</Pitch>
				<Roll>-49.9599419</Roll>
				<Yaw>-90.5969925</Yaw>
			</Attachment>
		</Attachment>
		<Attachment>
			<ModelHash>0x45c35f6a</ModelHash>
			<Type>3</Type>
			<Dynamic>false</Dynamic>
			<FrozenPos>true</FrozenPos>
			<HashName>prop_dock_shippad</HashName>
			<InitialHandle>92685</InitialHandle>
			<ObjectProperties>
				<TextureVariation>0</TextureVariation>
			</ObjectProperties>
			<OpacityLevel>255</OpacityLevel>
			<LodDistance>16960</LodDistance>
			<IsVisible>true</IsVisible>
			<MaxHealth>1000</MaxHealth>
			<Health>1000</Health>
			<HasGravity>true</HasGravity>
			<IsOnFire>false</IsOnFire>
			<IsInvincible>false</IsInvincible>
			<IsBulletProof>false</IsBulletProof>
			<IsCollisionProof>false</IsCollisionProof>
			<IsExplosionProof>false</IsExplosionProof>
			<IsFireProof>false</IsFireProof>
			<IsMeleeProof>false</IsMeleeProof>
			<IsOnlyDamagedByPlayer>false</IsOnlyDamagedByPlayer>
			<PositionRotation>
				<X>-1067.03247</X>
				<Y>-3022.33984</Y>
				<Z>12.9543819</Z>
				<Pitch>-0.135498226</Pitch>
				<Roll>0.00184964563</Roll>
				<Yaw>-50.8871384</Yaw>
			</PositionRotation>
			<Attachment isAttached="true">
				<AttachedTo>165637</AttachedTo>
				<BoneIndex>0</BoneIndex>
				<X>-1.09181917</X>
				<Y>-1.45135283</Y>
				<Z>-0.424909204</Z>
				<Pitch>-0.0696090758</Pitch>
				<Roll>0.0400388017</Roll>
				<Yaw>-89.0373383</Yaw>
			</Attachment>
		</Attachment>
		<Attachment>
			<ModelHash>0x45c35f6a</ModelHash>
			<Type>3</Type>
			<Dynamic>false</Dynamic>
			<FrozenPos>true</FrozenPos>
			<HashName>prop_dock_shippad</HashName>
			<InitialHandle>242957</InitialHandle>
			<ObjectProperties>
				<TextureVariation>0</TextureVariation>
			</ObjectProperties>
			<OpacityLevel>255</OpacityLevel>
			<LodDistance>16960</LodDistance>
			<IsVisible>true</IsVisible>
			<MaxHealth>1000</MaxHealth>
			<Health>1000</Health>
			<HasGravity>true</HasGravity>
			<IsOnFire>false</IsOnFire>
			<IsInvincible>false</IsInvincible>
			<IsBulletProof>false</IsBulletProof>
			<IsCollisionProof>false</IsCollisionProof>
			<IsExplosionProof>false</IsExplosionProof>
			<IsFireProof>false</IsFireProof>
			<IsMeleeProof>false</IsMeleeProof>
			<IsOnlyDamagedByPlayer>false</IsOnlyDamagedByPlayer>
			<PositionRotation>
				<X>-1065.30701</X>
				<Y>-3020.95313</Y>
				<Z>12.9500551</Z>
				<Pitch>-0.00491662556</Pitch>
				<Roll>0.080221884</Roll>
				<Yaw>127.363197</Yaw>
			</PositionRotation>
			<Attachment isAttached="true">
				<AttachedTo>165637</AttachedTo>
				<BoneIndex>0</BoneIndex>
				<X>1.12163579</X>
				<Y>-1.42665744</Y>
				<Z>-0.426698655</Z>
				<Pitch>-0.0696090758</Pitch>
				<Roll>0.0400388017</Roll>
				<Yaw>89.2129364</Yaw>
			</Attachment>
		</Attachment>
		<Attachment>
			<ModelHash>0xe2ba016f</ModelHash>
			<Type>3</Type>
			<Dynamic>false</Dynamic>
			<FrozenPos>true</FrozenPos>
			<HashName>prop_cs_katana_01</HashName>
			<InitialHandle>195342</InitialHandle>
			<ObjectProperties>
				<TextureVariation>0</TextureVariation>
			</ObjectProperties>
			<OpacityLevel>255</OpacityLevel>
			<LodDistance>16960</LodDistance>
			<IsVisible>true</IsVisible>
			<MaxHealth>1000</MaxHealth>
			<Health>1000</Health>
			<HasGravity>true</HasGravity>
			<IsOnFire>false</IsOnFire>
			<IsInvincible>false</IsInvincible>
			<IsBulletProof>false</IsBulletProof>
			<IsCollisionProof>false</IsCollisionProof>
			<IsExplosionProof>false</IsExplosionProof>
			<IsFireProof>false</IsFireProof>
			<IsMeleeProof>false</IsMeleeProof>
			<IsOnlyDamagedByPlayer>false</IsOnlyDamagedByPlayer>
			<PositionRotation>
				<X>-1067.66833</X>
				<Y>-3018.57324</Y>
				<Z>13.56464</Z>
				<Pitch>-0.00373011688</Pitch>
				<Roll>90.0782089</Roll>
				<Yaw>129.095291</Yaw>
			</PositionRotation>
			<Attachment isAttached="true">
				<AttachedTo>165637</AttachedTo>
				<BoneIndex>0</BoneIndex>
				<X>0.734122813</X>
				<Y>1.90292358</Y>
				<Z>0.189728856</Z>
				<Pitch>-0.0696103573</Pitch>
				<Roll>90.0400009</Roll>
				<Yaw>90.9450073</Yaw>
			</Attachment>
		</Attachment>
		<Attachment>
			<ModelHash>0xe2ba016f</ModelHash>
			<Type>3</Type>
			<Dynamic>false</Dynamic>
			<FrozenPos>true</FrozenPos>
			<HashName>prop_cs_katana_01</HashName>
			<InitialHandle>285454</InitialHandle>
			<ObjectProperties>
				<TextureVariation>0</TextureVariation>
			</ObjectProperties>
			<OpacityLevel>255</OpacityLevel>
			<LodDistance>16960</LodDistance>
			<IsVisible>true</IsVisible>
			<MaxHealth>1000</MaxHealth>
			<Health>1000</Health>
			<HasGravity>true</HasGravity>
			<IsOnFire>false</IsOnFire>
			<IsInvincible>false</IsInvincible>
			<IsBulletProof>false</IsBulletProof>
			<IsCollisionProof>false</IsCollisionProof>
			<IsExplosionProof>false</IsExplosionProof>
			<IsFireProof>false</IsFireProof>
			<IsMeleeProof>false</IsMeleeProof>
			<IsOnlyDamagedByPlayer>false</IsOnlyDamagedByPlayer>
			<PositionRotation>
				<X>-1067.94287</X>
				<Y>-3018.75586</Y>
				<Z>13.5638237</Z>
				<Pitch>-0.00479068374</Pitch>
				<Roll>90.0799561</Roll>
				<Yaw>127.536209</Yaw>
			</PositionRotation>
			<Attachment isAttached="true">
				<AttachedTo>165637</AttachedTo>
				<BoneIndex>0</BoneIndex>
				<X>0.405358344</X>
				<Y>1.92898536</Y>
				<Z>0.188555554</Z>
				<Pitch>-0.0696090758</Pitch>
				<Roll>90.0399857</Roll>
				<Yaw>89.3859253</Yaw>
			</Attachment>
		</Attachment>
		<Attachment>
			<ModelHash>0xe2ba016f</ModelHash>
			<Type>3</Type>
			<Dynamic>false</Dynamic>
			<FrozenPos>true</FrozenPos>
			<HashName>prop_cs_katana_01</HashName>
			<InitialHandle>200718</InitialHandle>
			<ObjectProperties>
				<TextureVariation>0</TextureVariation>
			</ObjectProperties>
			<OpacityLevel>255</OpacityLevel>
			<LodDistance>16960</LodDistance>
			<IsVisible>true</IsVisible>
			<MaxHealth>1000</MaxHealth>
			<Health>1000</Health>
			<HasGravity>true</HasGravity>
			<IsOnFire>false</IsOnFire>
			<IsInvincible>false</IsInvincible>
			<IsBulletProof>false</IsBulletProof>
			<IsCollisionProof>false</IsCollisionProof>
			<IsExplosionProof>false</IsExplosionProof>
			<IsFireProof>false</IsFireProof>
			<IsMeleeProof>false</IsMeleeProof>
			<IsOnlyDamagedByPlayer>false</IsOnlyDamagedByPlayer>
			<PositionRotation>
				<X>-1068.2843</X>
				<Y>-3018.98535</Y>
				<Z>13.5628138</Z>
				<Pitch>-0.00350377336</Pitch>
				<Roll>90.0778046</Roll>
				<Yaw>129.441589</Yaw>
			</PositionRotation>
			<Attachment isAttached="true">
				<AttachedTo>165637</AttachedTo>
				<BoneIndex>0</BoneIndex>
				<X>-0.00483647315</X>
				<Y>1.95939982</Y>
				<Z>0.187100083</Z>
				<Pitch>-0.0696090758</Pitch>
				<Roll>90.0400009</Roll>
				<Yaw>91.2912979</Yaw>
			</Attachment>
		</Attachment>
		<Attachment>
			<ModelHash>0xe2ba016f</ModelHash>
			<Type>3</Type>
			<Dynamic>false</Dynamic>
			<FrozenPos>true</FrozenPos>
			<HashName>prop_cs_katana_01</HashName>
			<InitialHandle>632078</InitialHandle>
			<ObjectProperties>
				<TextureVariation>0</TextureVariation>
			</ObjectProperties>
			<OpacityLevel>255</OpacityLevel>
			<LodDistance>16960</LodDistance>
			<IsVisible>true</IsVisible>
			<MaxHealth>1000</MaxHealth>
			<Health>1000</Health>
			<HasGravity>true</HasGravity>
			<IsOnFire>false</IsOnFire>
			<IsInvincible>false</IsInvincible>
			<IsBulletProof>false</IsBulletProof>
			<IsCollisionProof>false</IsCollisionProof>
			<IsExplosionProof>false</IsExplosionProof>
			<IsFireProof>false</IsFireProof>
			<IsMeleeProof>false</IsMeleeProof>
			<IsOnlyDamagedByPlayer>false</IsOnlyDamagedByPlayer>
			<PositionRotation>
				<X>-1068.57336</X>
				<Y>-3019.21045</Y>
				<Z>13.5647144</Z>
				<Pitch>-0.0045573134</Pitch>
				<Roll>90.0795975</Roll>
				<Yaw>127.882072</Yaw>
			</PositionRotation>
			<Attachment isAttached="true">
				<AttachedTo>165637</AttachedTo>
				<BoneIndex>0</BoneIndex>
				<X>-0.371320903</X>
				<Y>1.96089613</Y>
				<Z>0.188584611</Z>
				<Pitch>-0.0696090758</Pitch>
				<Roll>90.0400009</Roll>
				<Yaw>89.7317886</Yaw>
			</Attachment>
		</Attachment>
		<Attachment>
			<ModelHash>0xe2ba016f</ModelHash>
			<Type>3</Type>
			<Dynamic>false</Dynamic>
			<FrozenPos>true</FrozenPos>
			<HashName>prop_cs_katana_01</HashName>
			<InitialHandle>690958</InitialHandle>
			<ObjectProperties>
				<TextureVariation>0</TextureVariation>
			</ObjectProperties>
			<OpacityLevel>255</OpacityLevel>
			<LodDistance>16960</LodDistance>
			<IsVisible>true</IsVisible>
			<MaxHealth>1000</MaxHealth>
			<Health>1000</Health>
			<HasGravity>true</HasGravity>
			<IsOnFire>false</IsOnFire>
			<IsInvincible>false</IsInvincible>
			<IsBulletProof>false</IsBulletProof>
			<IsCollisionProof>false</IsCollisionProof>
			<IsExplosionProof>false</IsExplosionProof>
			<IsFireProof>false</IsFireProof>
			<IsMeleeProof>false</IsMeleeProof>
			<IsOnlyDamagedByPlayer>false</IsOnlyDamagedByPlayer>
			<PositionRotation>
				<X>-1068.84302</X>
				<Y>-3019.41284</Y>
				<Z>13.5665436</Z>
				<Pitch>-0.00503921835</Pitch>
				<Roll>90.0803833</Roll>
				<Yaw>127.18914</Yaw>
			</PositionRotation>
			<Attachment isAttached="true">
				<AttachedTo>165637</AttachedTo>
				<BoneIndex>0</BoneIndex>
				<X>-0.708253264</X>
				<Y>1.96836388</Y>
				<Z>0.190034553</Z>
				<Pitch>-0.0696086511</Pitch>
				<Roll>90.0400009</Roll>
				<Yaw>89.0388489</Yaw>
			</Attachment>
		</Attachment>
		<Attachment>
			<ModelHash>0xc89630b8</ModelHash>
			<Type>3</Type>
			<Dynamic>false</Dynamic>
			<FrozenPos>true</FrozenPos>
			<HashName>prop_minigun_01</HashName>
			<InitialHandle>422162</InitialHandle>
			<ObjectProperties>
				<TextureVariation>0</TextureVariation>
			</ObjectProperties>
			<OpacityLevel>255</OpacityLevel>
			<LodDistance>16960</LodDistance>
			<IsVisible>true</IsVisible>
			<MaxHealth>1000</MaxHealth>
			<Health>1000</Health>
			<HasGravity>true</HasGravity>
			<IsOnFire>false</IsOnFire>
			<IsInvincible>false</IsInvincible>
			<IsBulletProof>false</IsBulletProof>
			<IsCollisionProof>false</IsCollisionProof>
			<IsExplosionProof>false</IsExplosionProof>
			<IsFireProof>false</IsFireProof>
			<IsMeleeProof>false</IsMeleeProof>
			<IsOnlyDamagedByPlayer>false</IsOnlyDamagedByPlayer>
			<PositionRotation>
				<X>-1067.34631</X>
				<Y>-3022.05664</Y>
				<Z>13.7548246</Z>
				<Pitch>-0.135779426</Pitch>
				<Roll>179.499207</Roll>
				<Yaw>-50.5043182</Yaw>
			</PositionRotation>
			<Attachment isAttached="true">
				<AttachedTo>165637</AttachedTo>
				<BoneIndex>0</BoneIndex>
				<X>-1.16464901</X>
				<Y>-1.03538954</Y>
				<Z>0.375736117</Z>
				<Pitch>-0.0696365982</Pitch>
				<Roll>179.536957</Roll>
				<Yaw>-88.6545105</Yaw>
			</Attachment>
		</Attachment>
		<Attachment>
			<ModelHash>0xc89630b8</ModelHash>
			<Type>3</Type>
			<Dynamic>false</Dynamic>
			<FrozenPos>true</FrozenPos>
			<HashName>prop_minigun_01</HashName>
			<InitialHandle>780562</InitialHandle>
			<ObjectProperties>
				<TextureVariation>0</TextureVariation>
			</ObjectProperties>
			<OpacityLevel>255</OpacityLevel>
			<LodDistance>16960</LodDistance>
			<IsVisible>true</IsVisible>
			<MaxHealth>1000</MaxHealth>
			<Health>1000</Health>
			<HasGravity>true</HasGravity>
			<IsOnFire>false</IsOnFire>
			<IsInvincible>false</IsInvincible>
			<IsBulletProof>false</IsBulletProof>
			<IsCollisionProof>false</IsCollisionProof>
			<IsExplosionProof>false</IsExplosionProof>
			<IsFireProof>false</IsFireProof>
			<IsMeleeProof>false</IsMeleeProof>
			<IsOnlyDamagedByPlayer>false</IsOnlyDamagedByPlayer>
			<PositionRotation>
				<X>-1065.50952</X>
				<Y>-3020.59302</Y>
				<Z>13.7497606</Z>
				<Pitch>-0.133721456</Pitch>
				<Roll>-178.949448</Roll>
				<Yaw>-53.5043488</Yaw>
			</PositionRotation>
			<Attachment isAttached="true">
				<AttachedTo>165637</AttachedTo>
				<BoneIndex>0</BoneIndex>
				<X>1.18388367</X>
				<Y>-1.0190556</Y>
				<Z>0.373357922</Z>
				<Pitch>-0.0696447194</Pitch>
				<Roll>-178.908295</Roll>
				<Yaw>-91.6545334</Yaw>
			</Attachment>
		</Attachment>
		<Attachment>
			<ModelHash>0xe2ba016f</ModelHash>
			<Type>3</Type>
			<Dynamic>false</Dynamic>
			<FrozenPos>true</FrozenPos>
			<HashName>prop_cs_katana_01</HashName>
			<InitialHandle>234266</InitialHandle>
			<ObjectProperties>
				<TextureVariation>0</TextureVariation>
			</ObjectProperties>
			<OpacityLevel>255</OpacityLevel>
			<LodDistance>16960</LodDistance>
			<IsVisible>true</IsVisible>
			<MaxHealth>1000</MaxHealth>
			<Health>1000</Health>
			<HasGravity>true</HasGravity>
			<IsOnFire>false</IsOnFire>
			<IsInvincible>false</IsInvincible>
			<IsBulletProof>false</IsBulletProof>
			<IsCollisionProof>false</IsCollisionProof>
			<IsExplosionProof>false</IsExplosionProof>
			<IsFireProof>false</IsFireProof>
			<IsMeleeProof>false</IsMeleeProof>
			<IsOnlyDamagedByPlayer>false</IsOnlyDamagedByPlayer>
			<PositionRotation>
				<X>-1068.4093</X>
				<Y>-3019.77563</Y>
				<Z>13.2594395</Z>
				<Pitch>-0.0301275123</Pitch>
				<Roll>89.9748764</Roll>
				<Yaw>-142.013748</Yaw>
			</PositionRotation>
			<Attachment isAttached="true">
				<AttachedTo>165637</AttachedTo>
				<BoneIndex>0</BoneIndex>
				<X>-0.590901732</X>
				<Y>1.41539049</Y>
				<Z>-0.117315538</Z>
				<Pitch>-0.0696052313</Pitch>
				<Roll>90.0400009</Roll>
				<Yaw>179.836044</Yaw>
			</Attachment>
		</Attachment>
		<Attachment>
			<ModelHash>0xe2ba016f</ModelHash>
			<Type>3</Type>
			<Dynamic>false</Dynamic>
			<FrozenPos>true</FrozenPos>
			<HashName>prop_cs_katana_01</HashName>
			<InitialHandle>364058</InitialHandle>
			<ObjectProperties>
				<TextureVariation>0</TextureVariation>
			</ObjectProperties>
			<OpacityLevel>255</OpacityLevel>
			<LodDistance>16960</LodDistance>
			<IsVisible>true</IsVisible>
			<MaxHealth>1000</MaxHealth>
			<Health>1000</Health>
			<HasGravity>true</HasGravity>
			<IsOnFire>false</IsOnFire>
			<IsInvincible>false</IsInvincible>
			<IsBulletProof>false</IsBulletProof>
			<IsCollisionProof>false</IsCollisionProof>
			<IsExplosionProof>false</IsExplosionProof>
			<IsFireProof>false</IsFireProof>
			<IsMeleeProof>false</IsMeleeProof>
			<IsOnlyDamagedByPlayer>false</IsOnlyDamagedByPlayer>
			<PositionRotation>
				<X>-1067.4823</X>
				<Y>-3019.04102</Y>
				<Z>13.2072573</Z>
				<Pitch>-10.0312195</Pitch>
				<Roll>-80.0267639</Roll>
				<Yaw>-141.025421</Yaw>
			</PositionRotation>
			<Attachment isAttached="true">
				<AttachedTo>165637</AttachedTo>
				<BoneIndex>0</BoneIndex>
				<X>0.591893911</X>
				<Y>1.42046952</Y>
				<Z>-0.168147549</Z>
				<Pitch>-10.0695581</Pitch>
				<Roll>-79.9599304</Roll>
				<Yaw>180.835983</Yaw>
			</Attachment>
		</Attachment>
		<Attachment>
			<ModelHash>0xe2ba016f</ModelHash>
			<Type>3</Type>
			<Dynamic>false</Dynamic>
			<FrozenPos>true</FrozenPos>
			<HashName>prop_cs_katana_01</HashName>
			<InitialHandle>183069</InitialHandle>
			<ObjectProperties>
				<TextureVariation>0</TextureVariation>
			</ObjectProperties>
			<OpacityLevel>255</OpacityLevel>
			<LodDistance>16960</LodDistance>
			<IsVisible>true</IsVisible>
			<MaxHealth>1000</MaxHealth>
			<Health>1000</Health>
			<HasGravity>true</HasGravity>
			<IsOnFire>false</IsOnFire>
			<IsInvincible>false</IsInvincible>
			<IsBulletProof>false</IsBulletProof>
			<IsCollisionProof>false</IsCollisionProof>
			<IsExplosionProof>false</IsExplosionProof>
			<IsFireProof>false</IsFireProof>
			<IsMeleeProof>false</IsMeleeProof>
			<IsOnlyDamagedByPlayer>false</IsOnlyDamagedByPlayer>
			<PositionRotation>
				<X>-1068.21533</X>
				<Y>-3019.07739</Y>
				<Z>13.8612547</Z>
				<Pitch>-0.00508337468</Pitch>
				<Roll>0.0804891139</Roll>
				<Yaw>127.126221</Yaw>
			</PositionRotation>
			<Attachment isAttached="true">
				<AttachedTo>165637</AttachedTo>
				<BoneIndex>0</BoneIndex>
				<X>-0.00787110627</X>
				<Y>1.84422624</Y>
				<Z>0.485458344</Z>
				<Pitch>-0.0696090758</Pitch>
				<Roll>0.0400388017</Roll>
				<Yaw>88.9759598</Yaw>
			</Attachment>
		</Attachment>
		<Attachment>
			<ModelHash>0xe2ba016f</ModelHash>
			<Type>3</Type>
			<Dynamic>false</Dynamic>
			<FrozenPos>true</FrozenPos>
			<HashName>prop_cs_katana_01</HashName>
			<InitialHandle>390941</InitialHandle>
			<ObjectProperties>
				<TextureVariation>0</TextureVariation>
			</ObjectProperties>
			<OpacityLevel>255</OpacityLevel>
			<LodDistance>16960</LodDistance>
			<IsVisible>true</IsVisible>
			<MaxHealth>1000</MaxHealth>
			<Health>1000</Health>
			<HasGravity>true</HasGravity>
			<IsOnFire>false</IsOnFire>
			<IsInvincible>false</IsInvincible>
			<IsBulletProof>false</IsBulletProof>
			<IsCollisionProof>false</IsCollisionProof>
			<IsExplosionProof>false</IsExplosionProof>
			<IsFireProof>false</IsFireProof>
			<IsMeleeProof>false</IsMeleeProof>
			<IsOnlyDamagedByPlayer>false</IsOnlyDamagedByPlayer>
			<PositionRotation>
				<X>-1068.01746</X>
				<Y>-3019.34155</Y>
				<Z>13.8567858</Z>
				<Pitch>-0.00508337468</Pitch>
				<Roll>0.0804891139</Roll>
				<Yaw>127.126221</Yaw>
			</PositionRotation>
			<Attachment isAttached="true">
				<AttachedTo>165637</AttachedTo>
				<BoneIndex>0</BoneIndex>
				<X>-0.0154590104</X>
				<Y>1.51422238</Y>
				<Z>0.480754763</Z>
				<Pitch>-0.0696090758</Pitch>
				<Roll>0.0400388017</Roll>
				<Yaw>88.9759598</Yaw>
			</Attachment>
		</Attachment>
		<Attachment>
			<ModelHash>0xe2ba016f</ModelHash>
			<Type>3</Type>
			<Dynamic>false</Dynamic>
			<FrozenPos>true</FrozenPos>
			<HashName>prop_cs_katana_01</HashName>
			<InitialHandle>124957</InitialHandle>
			<ObjectProperties>
				<TextureVariation>0</TextureVariation>
			</ObjectProperties>
			<OpacityLevel>255</OpacityLevel>
			<LodDistance>16960</LodDistance>
			<IsVisible>true</IsVisible>
			<MaxHealth>1000</MaxHealth>
			<Health>1000</Health>
			<HasGravity>true</HasGravity>
			<IsOnFire>false</IsOnFire>
			<IsInvincible>false</IsInvincible>
			<IsBulletProof>false</IsBulletProof>
			<IsCollisionProof>false</IsCollisionProof>
			<IsExplosionProof>false</IsExplosionProof>
			<IsFireProof>false</IsFireProof>
			<IsMeleeProof>false</IsMeleeProof>
			<IsOnlyDamagedByPlayer>false</IsOnlyDamagedByPlayer>
			<PositionRotation>
				<X>-1067.81982</X>
				<Y>-3019.60571</Y>
				<Z>13.8523207</Z>
				<Pitch>-0.00508337468</Pitch>
				<Roll>0.0804891139</Roll>
				<Yaw>127.126221</Yaw>
			</PositionRotation>
			<Attachment isAttached="true">
				<AttachedTo>165637</AttachedTo>
				<BoneIndex>0</BoneIndex>
				<X>-0.0230601151</X>
				<Y>1.18449128</Y>
				<Z>0.476054728</Z>
				<Pitch>-0.0696090758</Pitch>
				<Roll>0.0400388017</Roll>
				<Yaw>88.9759598</Yaw>
			</Attachment>
		</Attachment>
		<Attachment>
			<ModelHash>0xe2ba016f</ModelHash>
			<Type>3</Type>
			<Dynamic>false</Dynamic>
			<FrozenPos>true</FrozenPos>
			<HashName>prop_cs_katana_01</HashName>
			<InitialHandle>217117</InitialHandle>
			<ObjectProperties>
				<TextureVariation>0</TextureVariation>
			</ObjectProperties>
			<OpacityLevel>255</OpacityLevel>
			<LodDistance>16960</LodDistance>
			<IsVisible>true</IsVisible>
			<MaxHealth>1000</MaxHealth>
			<Health>1000</Health>
			<HasGravity>true</HasGravity>
			<IsOnFire>false</IsOnFire>
			<IsInvincible>false</IsInvincible>
			<IsBulletProof>false</IsBulletProof>
			<IsCollisionProof>false</IsCollisionProof>
			<IsExplosionProof>false</IsExplosionProof>
			<IsFireProof>false</IsFireProof>
			<IsMeleeProof>false</IsMeleeProof>
			<IsOnlyDamagedByPlayer>false</IsOnlyDamagedByPlayer>
			<PositionRotation>
				<X>-1067.62219</X>
				<Y>-3019.86963</Y>
				<Z>13.8478556</Z>
				<Pitch>-0.00508337468</Pitch>
				<Roll>0.0804891139</Roll>
				<Yaw>127.126221</Yaw>
			</PositionRotation>
			<Attachment isAttached="true">
				<AttachedTo>165637</AttachedTo>
				<BoneIndex>0</BoneIndex>
				<X>-0.0307676718</X>
				<Y>0.854700387</Y>
				<Z>0.471354783</Z>
				<Pitch>-0.0696090758</Pitch>
				<Roll>0.0400388017</Roll>
				<Yaw>88.9759598</Yaw>
			</Attachment>
		</Attachment>
		<Attachment>
			<ModelHash>0xe2ba016f</ModelHash>
			<Type>3</Type>
			<Dynamic>false</Dynamic>
			<FrozenPos>true</FrozenPos>
			<HashName>prop_cs_katana_01</HashName>
			<InitialHandle>447261</InitialHandle>
			<ObjectProperties>
				<TextureVariation>0</TextureVariation>
			</ObjectProperties>
			<OpacityLevel>255</OpacityLevel>
			<LodDistance>16960</LodDistance>
			<IsVisible>true</IsVisible>
			<MaxHealth>1000</MaxHealth>
			<Health>1000</Health>
			<HasGravity>true</HasGravity>
			<IsOnFire>false</IsOnFire>
			<IsInvincible>false</IsInvincible>
			<IsBulletProof>false</IsBulletProof>
			<IsCollisionProof>false</IsCollisionProof>
			<IsExplosionProof>false</IsExplosionProof>
			<IsFireProof>false</IsFireProof>
			<IsMeleeProof>false</IsMeleeProof>
			<IsOnlyDamagedByPlayer>false</IsOnlyDamagedByPlayer>
			<PositionRotation>
				<X>-1067.18079</X>
				<Y>-3020.40479</Y>
				<Z>14.2365646</Z>
				<Pitch>-0.00354410429</Pitch>
				<Roll>0.0779230222</Roll>
				<Yaw>129.37764</Yaw>
			</PositionRotation>
			<Attachment isAttached="true">
				<AttachedTo>165637</AttachedTo>
				<BoneIndex>0</BoneIndex>
				<X>-0.0146059422</X>
				<Y>0.161103442</Y>
				<Z>0.859607279</Z>
				<Pitch>-0.0696090758</Pitch>
				<Roll>0.0400388017</Roll>
				<Yaw>91.2273712</Yaw>
			</Attachment>
		</Attachment>
		<Attachment>
			<ModelHash>0xe2ba016f</ModelHash>
			<Type>3</Type>
			<Dynamic>false</Dynamic>
			<FrozenPos>true</FrozenPos>
			<HashName>prop_cs_katana_01</HashName>
			<InitialHandle>600349</InitialHandle>
			<ObjectProperties>
				<TextureVariation>0</TextureVariation>
			</ObjectProperties>
			<OpacityLevel>255</OpacityLevel>
			<LodDistance>16960</LodDistance>
			<IsVisible>true</IsVisible>
			<MaxHealth>1000</MaxHealth>
			<Health>1000</Health>
			<HasGravity>true</HasGravity>
			<IsOnFire>false</IsOnFire>
			<IsInvincible>false</IsInvincible>
			<IsBulletProof>false</IsBulletProof>
			<IsCollisionProof>false</IsCollisionProof>
			<IsExplosionProof>false</IsExplosionProof>
			<IsFireProof>false</IsFireProof>
			<IsMeleeProof>false</IsMeleeProof>
			<IsOnlyDamagedByPlayer>false</IsOnlyDamagedByPlayer>
			<PositionRotation>
				<X>-1066.97217</X>
				<Y>-3020.66016</Y>
				<Z>14.2298107</Z>
				<Pitch>-0.00354410429</Pitch>
				<Roll>0.0779230222</Roll>
				<Yaw>129.37764</Yaw>
			</PositionRotation>
			<Attachment isAttached="true">
				<AttachedTo>165637</AttachedTo>
				<BoneIndex>0</BoneIndex>
				<X>-0.00843072776</X>
				<Y>-0.168726489</Y>
				<Z>0.852633655</Z>
				<Pitch>-0.0696090758</Pitch>
				<Roll>0.0400388017</Roll>
				<Yaw>91.2273712</Yaw>
			</Attachment>
		</Attachment>
		<Attachment>
			<ModelHash>0xe2ba016f</ModelHash>
			<Type>3</Type>
			<Dynamic>false</Dynamic>
			<FrozenPos>true</FrozenPos>
			<HashName>prop_cs_katana_01</HashName>
			<InitialHandle>610845</InitialHandle>
			<ObjectProperties>
				<TextureVariation>0</TextureVariation>
			</ObjectProperties>
			<OpacityLevel>255</OpacityLevel>
			<LodDistance>16960</LodDistance>
			<IsVisible>true</IsVisible>
			<MaxHealth>1000</MaxHealth>
			<Health>1000</Health>
			<HasGravity>true</HasGravity>
			<IsOnFire>false</IsOnFire>
			<IsInvincible>false</IsInvincible>
			<IsBulletProof>false</IsBulletProof>
			<IsCollisionProof>false</IsCollisionProof>
			<IsExplosionProof>false</IsExplosionProof>
			<IsFireProof>false</IsFireProof>
			<IsMeleeProof>false</IsMeleeProof>
			<IsOnlyDamagedByPlayer>false</IsOnlyDamagedByPlayer>
			<PositionRotation>
				<X>-1066.76367</X>
				<Y>-3020.91602</Y>
				<Z>14.2230511</Z>
				<Pitch>-0.00354410429</Pitch>
				<Roll>0.0779230222</Roll>
				<Yaw>129.37764</Yaw>
			</PositionRotation>
			<Attachment isAttached="true">
				<AttachedTo>165637</AttachedTo>
				<BoneIndex>0</BoneIndex>
				<X>-0.00246832427</X>
				<Y>-0.498676062</Y>
				<Z>0.845654607</Z>
				<Pitch>-0.0696090758</Pitch>
				<Roll>0.0400388017</Roll>
				<Yaw>91.2273712</Yaw>
			</Attachment>
		</Attachment>
		<Attachment>
			<ModelHash>0xe2ba016f</ModelHash>
			<Type>3</Type>
			<Dynamic>false</Dynamic>
			<FrozenPos>true</FrozenPos>
			<HashName>prop_cs_katana_01</HashName>
			<InitialHandle>496413</InitialHandle>
			<ObjectProperties>
				<TextureVariation>0</TextureVariation>
			</ObjectProperties>
			<OpacityLevel>255</OpacityLevel>
			<LodDistance>16960</LodDistance>
			<IsVisible>true</IsVisible>
			<MaxHealth>1000</MaxHealth>
			<Health>1000</Health>
			<HasGravity>true</HasGravity>
			<IsOnFire>false</IsOnFire>
			<IsInvincible>false</IsInvincible>
			<IsBulletProof>false</IsBulletProof>
			<IsCollisionProof>false</IsCollisionProof>
			<IsExplosionProof>false</IsExplosionProof>
			<IsFireProof>false</IsFireProof>
			<IsMeleeProof>false</IsMeleeProof>
			<IsOnlyDamagedByPlayer>false</IsOnlyDamagedByPlayer>
			<PositionRotation>
				<X>-1066.55725</X>
				<Y>-3021.17383</Y>
				<Z>14.1931181</Z>
				<Pitch>-0.00354410429</Pitch>
				<Roll>0.0779230222</Roll>
				<Yaw>129.37764</Yaw>
			</PositionRotation>
			<Attachment isAttached="true">
				<AttachedTo>165637</AttachedTo>
				<BoneIndex>0</BoneIndex>
				<X>0.000645110966</X>
				<Y>-0.828845978</Y>
				<Z>0.81549871</Z>
				<Pitch>-0.0696090758</Pitch>
				<Roll>0.0400388017</Roll>
				<Yaw>91.2273712</Yaw>
			</Attachment>
		</Attachment>
		<Attachment>
			<ModelHash>0xc89630b8</ModelHash>
			<Type>3</Type>
			<Dynamic>false</Dynamic>
			<FrozenPos>true</FrozenPos>
			<HashName>prop_minigun_01</HashName>
			<InitialHandle>728865</InitialHandle>
			<ObjectProperties>
				<TextureVariation>0</TextureVariation>
			</ObjectProperties>
			<OpacityLevel>255</OpacityLevel>
			<LodDistance>16960</LodDistance>
			<IsVisible>true</IsVisible>
			<MaxHealth>1000</MaxHealth>
			<Health>1000</Health>
			<HasGravity>true</HasGravity>
			<IsOnFire>false</IsOnFire>
			<IsInvincible>false</IsInvincible>
			<IsBulletProof>false</IsBulletProof>
			<IsCollisionProof>false</IsCollisionProof>
			<IsExplosionProof>false</IsExplosionProof>
			<IsFireProof>false</IsFireProof>
			<IsMeleeProof>false</IsMeleeProof>
			<IsOnlyDamagedByPlayer>false</IsOnlyDamagedByPlayer>
			<PositionRotation>
				<X>-1065.46802</X>
				<Y>-3020.64526</Y>
				<Z>13.1498528</Z>
				<Pitch>0.104159869</Pitch>
				<Roll>0.0474769361</Roll>
				<Yaw>126.184143</Yaw>
			</PositionRotation>
			<Attachment isAttached="true">
				<AttachedTo>165637</AttachedTo>
				<BoneIndex>0</BoneIndex>
				<X>1.18487966</X>
				<Y>-1.08544242</Y>
				<Z>-0.226595178</Z>
				<Pitch>0.0403079577</Pitch>
				<Roll>0.00597119052</Roll>
				<Yaw>88.0339508</Yaw>
			</Attachment>
		</Attachment>
		<Attachment>
			<ModelHash>0xc89630b8</ModelHash>
			<Type>3</Type>
			<Dynamic>false</Dynamic>
			<FrozenPos>true</FrozenPos>
			<HashName>prop_minigun_01</HashName>
			<InitialHandle>323589</InitialHandle>
			<ObjectProperties>
				<TextureVariation>0</TextureVariation>
			</ObjectProperties>
			<OpacityLevel>255</OpacityLevel>
			<LodDistance>16960</LodDistance>
			<IsVisible>true</IsVisible>
			<MaxHealth>1000</MaxHealth>
			<Health>1000</Health>
			<HasGravity>true</HasGravity>
			<IsOnFire>false</IsOnFire>
			<IsInvincible>false</IsInvincible>
			<IsBulletProof>false</IsBulletProof>
			<IsCollisionProof>false</IsCollisionProof>
			<IsExplosionProof>false</IsExplosionProof>
			<IsFireProof>false</IsFireProof>
			<IsMeleeProof>false</IsMeleeProof>
			<IsOnlyDamagedByPlayer>false</IsOnlyDamagedByPlayer>
			<PositionRotation>
				<X>-1067.30908</X>
				<Y>-3022.06909</Y>
				<Z>13.1547689</Z>
				<Pitch>0.107000448</Pitch>
				<Roll>0.0427394547</Roll>
				<Yaw>130.340881</Yaw>
			</PositionRotation>
			<Attachment isAttached="true">
				<AttachedTo>165637</AttachedTo>
				<BoneIndex>0</BoneIndex>
				<X>-1.14237142</X>
				<Y>-1.06768537</Y>
				<Z>-0.224316448</Z>
				<Pitch>0.0403079577</Pitch>
				<Roll>0.00597119052</Roll>
				<Yaw>92.1906891</Yaw>
			</Attachment>
		</Attachment>
	</SpoonerAttachments>
</Vehicle>
