<?xml version="1.0" encoding="ISO-8859-1"?>
<Vehicle menyoo_ver="0.9998744b">
	<ModelHash>0x04ce68ac</ModelHash>
	<InitialHandle>622594</InitialHandle>
	<VehicleProperties>
		<Colours>
			<Primary>12</Primary>
			<Secondary>39</Secondary>
			<Pearl>0</Pearl>
			<Rim>156</Rim>
			<Mod1_a>0</Mod1_a>
			<Mod1_b>0</Mod1_b>
			<Mod1_c>0</Mod1_c>
			<Mod2_a>0</Mod2_a>
			<Mod2_b>0</Mod2_b>
			<IsPrimaryColourCustom>false</IsPrimaryColourCustom>
			<IsSecondaryColourCustom>false</IsSecondaryColourCustom>
			<tyreSmoke_R>255</tyreSmoke_R>
			<tyreSmoke_G>255</tyreSmoke_G>
			<tyreSmoke_B>255</tyreSmoke_B>
			<LrInterior>0</LrInterior>
			<LrDashboard>0</LrDashboard>
		</Colours>
		<Livery>-1</Livery>
		<NumberPlateText>47CLW085</NumberPlateText>
		<NumberPlateIndex>0</NumberPlateIndex>
		<WheelType>3</WheelType>
		<WheelsInvisible>false</WheelsInvisible>
		<EngineSoundName></EngineSoundName>
		<WindowTint>-1</WindowTint>
		<BulletProofTyres>true</BulletProofTyres>
		<DirtLevel>0.0210562553</DirtLevel>
		<PaintFade>0.298039228</PaintFade>
		<RoofState>0</RoofState>
		<SirenActive>false</SirenActive>
		<EngineOn>true</EngineOn>
		<EngineHealth>1000</EngineHealth>
		<LightsOn>false</LightsOn>
		<IsRadioLoud>0</IsRadioLoud>
		<LockStatus>1</LockStatus>
		<Neons>
			<Left>false</Left>
			<Right>false</Right>
			<Front>false</Front>
			<Back>false</Back>
			<R>255</R>
			<G>0</G>
			<B>255</B>
		</Neons>
		<ModExtras>
			<_10>true</_10>
			<_11>true</_11>
			<_12>false</_12>
		</ModExtras>
		<Mods>
			<_0>-1,0</_0>
			<_1>-1,0</_1>
			<_2>-1,0</_2>
			<_3>-1,0</_3>
			<_4>0,0</_4>
			<_5>0,0</_5>
			<_6>0,0</_6>
			<_7>-1,0</_7>
			<_8>-1,0</_8>
			<_9>-1,0</_9>
			<_10>0,0</_10>
			<_11>3,0</_11>
			<_12>2,0</_12>
			<_13>2,0</_13>
			<_14>-1,0</_14>
			<_15>-1,0</_15>
			<_16>4,0</_16>
			<_17>false</_17>
			<_18>true</_18>
			<_19>false</_19>
			<_20>false</_20>
			<_21>false</_21>
			<_22>true</_22>
			<_23>0,0</_23>
			<_24>-1,0</_24>
			<_25>-1,0</_25>
			<_26>-1,0</_26>
			<_27>-1,0</_27>
			<_28>-1,0</_28>
			<_29>-1,0</_29>
			<_30>-1,0</_30>
			<_31>-1,0</_31>
			<_32>-1,0</_32>
			<_33>-1,0</_33>
			<_34>-1,0</_34>
			<_35>-1,0</_35>
			<_36>-1,0</_36>
			<_37>-1,0</_37>
			<_38>-1,0</_38>
			<_39>-1,0</_39>
			<_40>-1,0</_40>
			<_41>-1,0</_41>
			<_42>-1,0</_42>
			<_43>-1,0</_43>
			<_44>-1,0</_44>
			<_45>-1,0</_45>
			<_46>-1,0</_46>
			<_47>-1,0</_47>
			<_48>-1,0</_48>
		</Mods>
		<DoorsOpen>
			<BackLeftDoor>false</BackLeftDoor>
			<BackRightDoor>false</BackRightDoor>
			<FrontLeftDoor>false</FrontLeftDoor>
			<FrontRightDoor>false</FrontRightDoor>
			<Hood>false</Hood>
			<Trunk>false</Trunk>
			<Trunk2>false</Trunk2>
		</DoorsOpen>
		<DoorsBroken>
			<BackLeftDoor>false</BackLeftDoor>
			<BackRightDoor>false</BackRightDoor>
			<FrontLeftDoor>false</FrontLeftDoor>
			<FrontRightDoor>false</FrontRightDoor>
			<Hood>false</Hood>
			<Trunk>false</Trunk>
			<Trunk2>false</Trunk2>
		</DoorsBroken>
		<TyresBursted>
			<FrontLeft>false</FrontLeft>
			<FrontRight>false</FrontRight>
			<_2>false</_2>
			<_3>false</_3>
			<BackLeft>false</BackLeft>
			<BackRight>false</BackRight>
			<_6>false</_6>
			<_7>false</_7>
			<_8>false</_8>
		</TyresBursted>
	</VehicleProperties>
	<OpacityLevel>255</OpacityLevel>
	<LodDistance>16960</LodDistance>
	<IsVisible>true</IsVisible>
	<IsDriverVisible>true</IsDriverVisible>
	<MaxHealth>1000</MaxHealth>
	<Health>1000</Health>
	<HasGravity>true</HasGravity>
	<IsOnFire>false</IsOnFire>
	<IsInvincible>false</IsInvincible>
	<IsBulletProof>false</IsBulletProof>
	<IsExplosionProof>false</IsExplosionProof>
	<IsFireProof>false</IsFireProof>
	<IsMeleeProof>false</IsMeleeProof>
	<IsOnlyDamagedByPlayer>false</IsOnlyDamagedByPlayer>
	<SpoonerAttachments SetAttachmentsPersistentAndAddToSpoonerDatabase="false" StartTaskSequencesOnLoad="true">
		<Attachment>
			<ModelHash>0xa640636d</ModelHash>
			<Type>3</Type>
			<Dynamic>false</Dynamic>
			<FrozenPos>true</FrozenPos>
			<HashName>0xa640636d</HashName>
			<InitialHandle>645123</InitialHandle>
			<ObjectProperties>
				<TextureVariation>0</TextureVariation>
			</ObjectProperties>
			<OpacityLevel>255</OpacityLevel>
			<LodDistance>16960</LodDistance>
			<IsVisible>true</IsVisible>
			<MaxHealth>1000</MaxHealth>
			<Health>1000</Health>
			<HasGravity>true</HasGravity>
			<IsOnFire>false</IsOnFire>
			<IsInvincible>false</IsInvincible>
			<IsBulletProof>false</IsBulletProof>
			<IsCollisionProof>false</IsCollisionProof>
			<IsExplosionProof>false</IsExplosionProof>
			<IsFireProof>false</IsFireProof>
			<IsMeleeProof>false</IsMeleeProof>
			<IsOnlyDamagedByPlayer>false</IsOnlyDamagedByPlayer>
			<PositionRotation>
				<X>507.554016</X>
				<Y>-599.519775</Y>
				<Z>24.8461437</Z>
				<Pitch>0.0756217614</Pitch>
				<Roll>179.881912</Roll>
				<Yaw>7.18085241</Yaw>
			</PositionRotation>
			<Attachment isAttached="true">
				<AttachedTo>622594</AttachedTo>
				<BoneIndex>0</BoneIndex>
				<X>0.365105778</X>
				<Y>1.26668072</Y>
				<Z>0.80383414</Z>
				<Pitch>-0.0438357294</Pitch>
				<Roll>-180.024216</Roll>
				<Yaw>-177.343536</Yaw>
			</Attachment>
		</Attachment>
		<Attachment>
			<ModelHash>0xa640636d</ModelHash>
			<Type>3</Type>
			<Dynamic>false</Dynamic>
			<FrozenPos>true</FrozenPos>
			<HashName>0xa640636d</HashName>
			<InitialHandle>775171</InitialHandle>
			<ObjectProperties>
				<TextureVariation>0</TextureVariation>
			</ObjectProperties>
			<OpacityLevel>255</OpacityLevel>
			<LodDistance>16960</LodDistance>
			<IsVisible>true</IsVisible>
			<MaxHealth>1000</MaxHealth>
			<Health>1000</Health>
			<HasGravity>true</HasGravity>
			<IsOnFire>false</IsOnFire>
			<IsInvincible>false</IsInvincible>
			<IsBulletProof>false</IsBulletProof>
			<IsCollisionProof>false</IsCollisionProof>
			<IsExplosionProof>false</IsExplosionProof>
			<IsFireProof>false</IsFireProof>
			<IsMeleeProof>false</IsMeleeProof>
			<IsOnlyDamagedByPlayer>false</IsOnlyDamagedByPlayer>
			<PositionRotation>
				<X>508.303162</X>
				<Y>-599.483704</Y>
				<Z>24.8456364</Z>
				<Pitch>0.083383292</Pitch>
				<Roll>179.892731</Roll>
				<Yaw>2.15725279</Yaw>
			</PositionRotation>
			<Attachment isAttached="true">
				<AttachedTo>622594</AttachedTo>
				<BoneIndex>0</BoneIndex>
				<X>-0.384552002</X>
				<Y>1.28980339</Y>
				<Z>0.802223504</Z>
				<Pitch>-0.0438350774</Pitch>
				<Roll>-180.024216</Roll>
				<Yaw>-182.367142</Yaw>
			</Attachment>
		</Attachment>
		<Attachment>
			<ModelHash>0xa640636d</ModelHash>
			<Type>3</Type>
			<Dynamic>false</Dynamic>
			<FrozenPos>true</FrozenPos>
			<HashName>0xa640636d</HashName>
			<InitialHandle>388100</InitialHandle>
			<ObjectProperties>
				<TextureVariation>0</TextureVariation>
			</ObjectProperties>
			<OpacityLevel>255</OpacityLevel>
			<LodDistance>16960</LodDistance>
			<IsVisible>true</IsVisible>
			<MaxHealth>1000</MaxHealth>
			<Health>1000</Health>
			<HasGravity>true</HasGravity>
			<IsOnFire>false</IsOnFire>
			<IsInvincible>false</IsInvincible>
			<IsBulletProof>false</IsBulletProof>
			<IsCollisionProof>false</IsCollisionProof>
			<IsExplosionProof>false</IsExplosionProof>
			<IsFireProof>false</IsFireProof>
			<IsMeleeProof>false</IsMeleeProof>
			<IsOnlyDamagedByPlayer>false</IsOnlyDamagedByPlayer>
			<PositionRotation>
				<X>507.638733</X>
				<Y>-595.614075</Y>
				<Z>24.2896271</Z>
				<Pitch>0.0360966548</Pitch>
				<Roll>90.1047745</Roll>
				<Yaw>-89.2351456</Yaw>
			</PositionRotation>
			<Attachment isAttached="true">
				<AttachedTo>622594</AttachedTo>
				<BoneIndex>0</BoneIndex>
				<X>-0.0265972633</X>
				<Y>-2.6189549</Y>
				<Z>0.238324419</Z>
				<Pitch>-0.0438347012</Pitch>
				<Roll>89.9755783</Roll>
				<Yaw>-273.759521</Yaw>
			</Attachment>
		</Attachment>
		<Attachment>
			<ModelHash>0xa640636d</ModelHash>
			<Type>3</Type>
			<Dynamic>false</Dynamic>
			<FrozenPos>true</FrozenPos>
			<HashName>0xa640636d</HashName>
			<InitialHandle>616964</InitialHandle>
			<ObjectProperties>
				<TextureVariation>0</TextureVariation>
			</ObjectProperties>
			<OpacityLevel>255</OpacityLevel>
			<LodDistance>16960</LodDistance>
			<IsVisible>true</IsVisible>
			<MaxHealth>1000</MaxHealth>
			<Health>1000</Health>
			<HasGravity>true</HasGravity>
			<IsOnFire>false</IsOnFire>
			<IsInvincible>false</IsInvincible>
			<IsBulletProof>false</IsBulletProof>
			<IsCollisionProof>false</IsCollisionProof>
			<IsExplosionProof>false</IsExplosionProof>
			<IsFireProof>false</IsFireProof>
			<IsMeleeProof>false</IsMeleeProof>
			<IsOnlyDamagedByPlayer>false</IsOnlyDamagedByPlayer>
			<PositionRotation>
				<X>508.077637</X>
				<Y>-597.520447</Y>
				<Z>25.2439995</Z>
				<Pitch>-0.169241354</Pitch>
				<Roll>-179.938446</Roll>
				<Yaw>-176.612854</Yaw>
			</PositionRotation>
			<Attachment isAttached="true">
				<AttachedTo>622594</AttachedTo>
				<BoneIndex>0</BoneIndex>
				<X>-0.315197051</X>
				<Y>-0.685966969</Y>
				<Z>1.19642866</Z>
				<Pitch>-0.0438347012</Pitch>
				<Roll>-180.024216</Roll>
				<Yaw>-1.13739014</Yaw>
			</Attachment>
		</Attachment>
		<Attachment>
			<ModelHash>0xa640636d</ModelHash>
			<Type>3</Type>
			<Dynamic>false</Dynamic>
			<FrozenPos>true</FrozenPos>
			<HashName>0xa640636d</HashName>
			<InitialHandle>728068</InitialHandle>
			<ObjectProperties>
				<TextureVariation>0</TextureVariation>
			</ObjectProperties>
			<OpacityLevel>255</OpacityLevel>
			<LodDistance>16960</LodDistance>
			<IsVisible>true</IsVisible>
			<MaxHealth>1000</MaxHealth>
			<Health>1000</Health>
			<HasGravity>true</HasGravity>
			<IsOnFire>false</IsOnFire>
			<IsInvincible>false</IsInvincible>
			<IsBulletProof>false</IsBulletProof>
			<IsCollisionProof>false</IsCollisionProof>
			<IsExplosionProof>false</IsExplosionProof>
			<IsFireProof>false</IsFireProof>
			<IsMeleeProof>false</IsMeleeProof>
			<IsOnlyDamagedByPlayer>false</IsOnlyDamagedByPlayer>
			<PositionRotation>
				<X>507.377899</X>
				<Y>-597.561462</Y>
				<Z>25.2350121</Z>
				<Pitch>-0.168721169</Pitch>
				<Roll>-169.937698</Roll>
				<Yaw>-176.266632</Yaw>
			</PositionRotation>
			<Attachment isAttached="true">
				<AttachedTo>622594</AttachedTo>
				<BoneIndex>0</BoneIndex>
				<X>0.385584444</X>
				<Y>-0.700304747</Y>
				<Z>1.18849039</Z>
				<Pitch>-0.0438348092</Pitch>
				<Roll>-170.024231</Roll>
				<Yaw>-0.791168213</Yaw>
			</Attachment>
		</Attachment>
		<Attachment>
			<ModelHash>0xa640636d</ModelHash>
			<Type>3</Type>
			<Dynamic>false</Dynamic>
			<FrozenPos>true</FrozenPos>
			<HashName>0xa640636d</HashName>
			<InitialHandle>138245</InitialHandle>
			<ObjectProperties>
				<TextureVariation>0</TextureVariation>
			</ObjectProperties>
			<OpacityLevel>255</OpacityLevel>
			<LodDistance>16960</LodDistance>
			<IsVisible>true</IsVisible>
			<MaxHealth>1000</MaxHealth>
			<Health>1000</Health>
			<HasGravity>true</HasGravity>
			<IsOnFire>false</IsOnFire>
			<IsInvincible>false</IsInvincible>
			<IsBulletProof>false</IsBulletProof>
			<IsCollisionProof>false</IsCollisionProof>
			<IsExplosionProof>false</IsExplosionProof>
			<IsFireProof>false</IsFireProof>
			<IsMeleeProof>false</IsMeleeProof>
			<IsOnlyDamagedByPlayer>false</IsOnlyDamagedByPlayer>
			<PositionRotation>
				<X>506.728638</X>
				<Y>-598.101318</Y>
				<Z>24.3813572</Z>
				<Pitch>-0.1595231</Pitch>
				<Roll>-99.9258041</Roll>
				<Yaw>-170.573456</Yaw>
			</PositionRotation>
			<Attachment isAttached="true">
				<AttachedTo>622594</AttachedTo>
				<BoneIndex>0</BoneIndex>
				<X>1.07672012</X>
				<Y>-0.211480379</Y>
				<Z>0.336952299</Z>
				<Pitch>-0.0438343436</Pitch>
				<Roll>-100.024284</Roll>
				<Yaw>-355.098022</Yaw>
			</Attachment>
		</Attachment>
		<Attachment>
			<ModelHash>0xa640636d</ModelHash>
			<Type>3</Type>
			<Dynamic>false</Dynamic>
			<FrozenPos>true</FrozenPos>
			<HashName>0xa640636d</HashName>
			<InitialHandle>205317</InitialHandle>
			<ObjectProperties>
				<TextureVariation>0</TextureVariation>
			</ObjectProperties>
			<OpacityLevel>255</OpacityLevel>
			<LodDistance>16960</LodDistance>
			<IsVisible>true</IsVisible>
			<MaxHealth>1000</MaxHealth>
			<Health>1000</Health>
			<HasGravity>true</HasGravity>
			<IsOnFire>false</IsOnFire>
			<IsInvincible>false</IsInvincible>
			<IsBulletProof>false</IsBulletProof>
			<IsCollisionProof>false</IsCollisionProof>
			<IsExplosionProof>false</IsExplosionProof>
			<IsFireProof>false</IsFireProof>
			<IsMeleeProof>false</IsMeleeProof>
			<IsOnlyDamagedByPlayer>false</IsOnlyDamagedByPlayer>
			<PositionRotation>
				<X>508.851257</X>
				<Y>-597.92688</Y>
				<Z>24.4137516</Z>
				<Pitch>-0.172103062</Pitch>
				<Roll>100.056961</Roll>
				<Yaw>-178.573685</Yaw>
			</PositionRotation>
			<Attachment isAttached="true">
				<AttachedTo>622594</AttachedTo>
				<BoneIndex>0</BoneIndex>
				<X>-1.0530926</X>
				<Y>-0.218007043</Y>
				<Z>0.366052061</Z>
				<Pitch>-0.043834541</Pitch>
				<Roll>99.9755478</Roll>
				<Yaw>-3.09822083</Yaw>
			</Attachment>
		</Attachment>
		<Attachment>
			<ModelHash>0xa640636d</ModelHash>
			<Type>3</Type>
			<Dynamic>false</Dynamic>
			<FrozenPos>true</FrozenPos>
			<HashName>0xa640636d</HashName>
			<InitialHandle>35591</InitialHandle>
			<ObjectProperties>
				<TextureVariation>0</TextureVariation>
			</ObjectProperties>
			<OpacityLevel>255</OpacityLevel>
			<LodDistance>16960</LodDistance>
			<IsVisible>true</IsVisible>
			<MaxHealth>1000</MaxHealth>
			<Health>1000</Health>
			<HasGravity>true</HasGravity>
			<IsOnFire>false</IsOnFire>
			<IsInvincible>false</IsInvincible>
			<IsBulletProof>false</IsBulletProof>
			<IsCollisionProof>false</IsCollisionProof>
			<IsExplosionProof>false</IsExplosionProof>
			<IsFireProof>false</IsFireProof>
			<IsMeleeProof>false</IsMeleeProof>
			<IsOnlyDamagedByPlayer>false</IsOnlyDamagedByPlayer>
			<PositionRotation>
				<X>507.64917</X>
				<Y>-595.630798</Y>
				<Z>24.6895885</Z>
				<Pitch>-0.136417568</Pitch>
				<Roll>-110.144699</Roll>
				<Yaw>96.5677032</Yaw>
			</PositionRotation>
			<Attachment isAttached="true">
				<AttachedTo>622594</AttachedTo>
				<BoneIndex>0</BoneIndex>
				<X>-0.0362961777</X>
				<Y>-2.60233974</Y>
				<Z>0.63830936</Z>
				<Pitch>-0.0438349172</Pitch>
				<Roll>-110.024246</Roll>
				<Yaw>-87.9564667</Yaw>
			</Attachment>
		</Attachment>
		<Attachment>
			<ModelHash>0xa640636d</ModelHash>
			<Type>3</Type>
			<Dynamic>false</Dynamic>
			<FrozenPos>true</FrozenPos>
			<HashName>0xa640636d</HashName>
			<InitialHandle>50696</InitialHandle>
			<ObjectProperties>
				<TextureVariation>0</TextureVariation>
			</ObjectProperties>
			<OpacityLevel>255</OpacityLevel>
			<LodDistance>16960</LodDistance>
			<IsVisible>true</IsVisible>
			<MaxHealth>1000</MaxHealth>
			<Health>1000</Health>
			<HasGravity>true</HasGravity>
			<IsOnFire>false</IsOnFire>
			<IsInvincible>false</IsInvincible>
			<IsBulletProof>false</IsBulletProof>
			<IsCollisionProof>false</IsCollisionProof>
			<IsExplosionProof>false</IsExplosionProof>
			<IsFireProof>false</IsFireProof>
			<IsMeleeProof>false</IsMeleeProof>
			<IsOnlyDamagedByPlayer>false</IsOnlyDamagedByPlayer>
			<PositionRotation>
				<X>507.693237</X>
				<Y>-596.234741</Y>
				<Z>25.0561371</Z>
				<Pitch>-6.96269846</Pitch>
				<Roll>-179.894714</Roll>
				<Yaw>-88.6908569</Yaw>
			</PositionRotation>
			<Attachment isAttached="true">
				<AttachedTo>622594</AttachedTo>
				<BoneIndex>0</BoneIndex>
				<X>-0.0331341475</X>
				<Y>-1.99759316</Y>
				<Z>1.0061686</Z>
				<Pitch>-7.04383421</Pitch>
				<Roll>-180.024124</Roll>
				<Yaw>-273.231018</Yaw>
			</Attachment>
		</Attachment>
		<Attachment>
			<ModelHash>0xa640636d</ModelHash>
			<Type>3</Type>
			<Dynamic>false</Dynamic>
			<FrozenPos>true</FrozenPos>
			<HashName>0xa640636d</HashName>
			<InitialHandle>780810</InitialHandle>
			<ObjectProperties>
				<TextureVariation>0</TextureVariation>
			</ObjectProperties>
			<OpacityLevel>255</OpacityLevel>
			<LodDistance>16960</LodDistance>
			<IsVisible>true</IsVisible>
			<MaxHealth>1000</MaxHealth>
			<Health>1000</Health>
			<HasGravity>true</HasGravity>
			<IsOnFire>false</IsOnFire>
			<IsInvincible>false</IsInvincible>
			<IsBulletProof>false</IsBulletProof>
			<IsCollisionProof>false</IsCollisionProof>
			<IsExplosionProof>false</IsExplosionProof>
			<IsFireProof>false</IsFireProof>
			<IsMeleeProof>false</IsMeleeProof>
			<IsOnlyDamagedByPlayer>false</IsOnlyDamagedByPlayer>
			<PositionRotation>
				<X>508.91214</X>
				<Y>-599.436462</Y>
				<Z>24.3592701</Z>
				<Pitch>0.0757497922</Pitch>
				<Roll>-90.1180038</Roll>
				<Yaw>7.10390615</Yaw>
			</PositionRotation>
			<Attachment isAttached="true">
				<AttachedTo>622594</AttachedTo>
				<BoneIndex>0</BoneIndex>
				<X>-0.99461937</X>
				<Y>1.29181123</Y>
				<Z>0.314918756</Z>
				<Pitch>-0.043834649</Pitch>
				<Roll>-90.0243149</Roll>
				<Yaw>-177.420486</Yaw>
			</Attachment>
		</Attachment>
		<Attachment>
			<ModelHash>0xa640636d</ModelHash>
			<Type>3</Type>
			<Dynamic>false</Dynamic>
			<FrozenPos>true</FrozenPos>
			<HashName>0xa640636d</HashName>
			<InitialHandle>114187</InitialHandle>
			<ObjectProperties>
				<TextureVariation>0</TextureVariation>
			</ObjectProperties>
			<OpacityLevel>255</OpacityLevel>
			<LodDistance>16960</LodDistance>
			<IsVisible>true</IsVisible>
			<MaxHealth>1000</MaxHealth>
			<Health>1000</Health>
			<HasGravity>true</HasGravity>
			<IsOnFire>false</IsOnFire>
			<IsInvincible>false</IsInvincible>
			<IsBulletProof>false</IsBulletProof>
			<IsCollisionProof>false</IsCollisionProof>
			<IsExplosionProof>false</IsExplosionProof>
			<IsFireProof>false</IsFireProof>
			<IsMeleeProof>false</IsMeleeProof>
			<IsOnlyDamagedByPlayer>false</IsOnlyDamagedByPlayer>
			<PositionRotation>
				<X>506.917664</X>
				<Y>-599.56012</Y>
				<Z>24.3771439</Z>
				<Pitch>0.0817021057</Pitch>
				<Roll>99.8899689</Roll>
				<Yaw>3.30074835</Yaw>
			</PositionRotation>
			<Attachment isAttached="true">
				<AttachedTo>622594</AttachedTo>
				<BoneIndex>0</BoneIndex>
				<X>1.00336814</X>
				<Y>1.25771964</Y>
				<Z>0.335797101</Z>
				<Pitch>-0.0438344367</Pitch>
				<Roll>99.9755554</Roll>
				<Yaw>-181.223648</Yaw>
			</Attachment>
		</Attachment>
		<Attachment>
			<ModelHash>0xa640636d</ModelHash>
			<Type>3</Type>
			<Dynamic>false</Dynamic>
			<FrozenPos>true</FrozenPos>
			<HashName>0xa640636d</HashName>
			<InitialHandle>6157</InitialHandle>
			<ObjectProperties>
				<TextureVariation>0</TextureVariation>
			</ObjectProperties>
			<OpacityLevel>255</OpacityLevel>
			<LodDistance>16960</LodDistance>
			<IsVisible>true</IsVisible>
			<MaxHealth>1000</MaxHealth>
			<Health>1000</Health>
			<HasGravity>true</HasGravity>
			<IsOnFire>false</IsOnFire>
			<IsInvincible>false</IsInvincible>
			<IsBulletProof>false</IsBulletProof>
			<IsCollisionProof>false</IsCollisionProof>
			<IsExplosionProof>false</IsExplosionProof>
			<IsFireProof>false</IsFireProof>
			<IsMeleeProof>false</IsMeleeProof>
			<IsOnlyDamagedByPlayer>false</IsOnlyDamagedByPlayer>
			<PositionRotation>
				<X>506.669159</X>
				<Y>-596.710022</Y>
				<Z>24.4854832</Z>
				<Pitch>-0.171482429</Pitch>
				<Roll>-99.941925</Roll>
				<Yaw>-178.139908</Yaw>
			</PositionRotation>
			<Attachment isAttached="true">
				<AttachedTo>622594</AttachedTo>
				<BoneIndex>0</BoneIndex>
				<X>1.02611661</X>
				<Y>-1.60334802</Y>
				<Z>0.437996089</Z>
				<Pitch>-0.0438342206</Pitch>
				<Roll>-100.024323</Roll>
				<Yaw>-2.66442871</Yaw>
			</Attachment>
		</Attachment>
		<Attachment>
			<ModelHash>0xa640636d</ModelHash>
			<Type>3</Type>
			<Dynamic>false</Dynamic>
			<FrozenPos>true</FrozenPos>
			<HashName>0xa640636d</HashName>
			<InitialHandle>182797</InitialHandle>
			<ObjectProperties>
				<TextureVariation>0</TextureVariation>
			</ObjectProperties>
			<OpacityLevel>255</OpacityLevel>
			<LodDistance>16960</LodDistance>
			<IsVisible>true</IsVisible>
			<MaxHealth>1000</MaxHealth>
			<Health>1000</Health>
			<HasGravity>true</HasGravity>
			<IsOnFire>false</IsOnFire>
			<IsInvincible>false</IsInvincible>
			<IsBulletProof>false</IsBulletProof>
			<IsCollisionProof>false</IsCollisionProof>
			<IsExplosionProof>false</IsExplosionProof>
			<IsFireProof>false</IsFireProof>
			<IsMeleeProof>false</IsMeleeProof>
			<IsOnlyDamagedByPlayer>false</IsOnlyDamagedByPlayer>
			<PositionRotation>
				<X>508.783875</X>
				<Y>-596.649109</Y>
				<Z>24.3875275</Z>
				<Pitch>-0.169710904</Pitch>
				<Roll>90.0606613</Roll>
				<Yaw>-176.927399</Yaw>
			</PositionRotation>
			<Attachment isAttached="true">
				<AttachedTo>622594</AttachedTo>
				<BoneIndex>0</BoneIndex>
				<X>-1.08667171</X>
				<Y>-1.49702299</Y>
				<Z>0.337015599</Z>
				<Pitch>-0.043834649</Pitch>
				<Roll>89.9756088</Roll>
				<Yaw>-1.45193481</Yaw>
			</Attachment>
		</Attachment>
		<Attachment>
			<ModelHash>0x715c7e1f</ModelHash>
			<Type>3</Type>
			<Dynamic>false</Dynamic>
			<FrozenPos>true</FrozenPos>
			<HashName>w_lr_homing</HashName>
			<InitialHandle>597518</InitialHandle>
			<ObjectProperties>
				<TextureVariation>0</TextureVariation>
			</ObjectProperties>
			<OpacityLevel>255</OpacityLevel>
			<LodDistance>16960</LodDistance>
			<IsVisible>true</IsVisible>
			<MaxHealth>1000</MaxHealth>
			<Health>1000</Health>
			<HasGravity>true</HasGravity>
			<IsOnFire>false</IsOnFire>
			<IsInvincible>false</IsInvincible>
			<IsBulletProof>false</IsBulletProof>
			<IsCollisionProof>false</IsCollisionProof>
			<IsExplosionProof>false</IsExplosionProof>
			<IsFireProof>false</IsFireProof>
			<IsMeleeProof>false</IsMeleeProof>
			<IsOnlyDamagedByPlayer>false</IsOnlyDamagedByPlayer>
			<PositionRotation>
				<X>506.817169</X>
				<Y>-598.110779</Y>
				<Z>24.742506</Z>
				<Pitch>60.0463333</Pitch>
				<Roll>0.220212072</Roll>
				<Yaw>-84.6909714</Yaw>
			</PositionRotation>
			<Attachment isAttached="true">
				<AttachedTo>622594</AttachedTo>
				<BoneIndex>0</BoneIndex>
				<X>0.988649309</X>
				<Y>-0.195838854</Y>
				<Z>0.698000431</Z>
				<Pitch>59.9561768</Pitch>
				<Roll>-0.0243715718</Roll>
				<Yaw>-269.00354</Yaw>
			</Attachment>
		</Attachment>
		<Attachment>
			<ModelHash>0x715c7e1f</ModelHash>
			<Type>3</Type>
			<Dynamic>false</Dynamic>
			<FrozenPos>true</FrozenPos>
			<HashName>w_lr_homing</HashName>
			<InitialHandle>251407</InitialHandle>
			<ObjectProperties>
				<TextureVariation>0</TextureVariation>
			</ObjectProperties>
			<OpacityLevel>255</OpacityLevel>
			<LodDistance>16960</LodDistance>
			<IsVisible>true</IsVisible>
			<MaxHealth>1000</MaxHealth>
			<Health>1000</Health>
			<HasGravity>true</HasGravity>
			<IsOnFire>false</IsOnFire>
			<IsInvincible>false</IsInvincible>
			<IsBulletProof>false</IsBulletProof>
			<IsCollisionProof>false</IsCollisionProof>
			<IsExplosionProof>false</IsExplosionProof>
			<IsFireProof>false</IsFireProof>
			<IsMeleeProof>false</IsMeleeProof>
			<IsOnlyDamagedByPlayer>false</IsOnlyDamagedByPlayer>
			<PositionRotation>
				<X>506.783936</X>
				<Y>-598.113708</Y>
				<Z>24.642725</Z>
				<Pitch>80.045105</Pitch>
				<Roll>0.685248733</Roll>
				<Yaw>-85.5243759</Yaw>
			</PositionRotation>
			<Attachment isAttached="true">
				<AttachedTo>622594</AttachedTo>
				<BoneIndex>0</BoneIndex>
				<X>1.02217448</X>
				<Y>-0.195334643</Y>
				<Z>0.59827137</Z>
				<Pitch>79.9561768</Pitch>
				<Roll>-0.0243703425</Roll>
				<Yaw>-269.349915</Yaw>
			</Attachment>
		</Attachment>
		<Attachment>
			<ModelHash>0xc89630b8</ModelHash>
			<Type>3</Type>
			<Dynamic>false</Dynamic>
			<FrozenPos>true</FrozenPos>
			<HashName>prop_minigun_01</HashName>
			<InitialHandle>538128</InitialHandle>
			<ObjectProperties>
				<TextureVariation>0</TextureVariation>
			</ObjectProperties>
			<OpacityLevel>255</OpacityLevel>
			<LodDistance>16960</LodDistance>
			<IsVisible>true</IsVisible>
			<MaxHealth>1000</MaxHealth>
			<Health>1000</Health>
			<HasGravity>true</HasGravity>
			<IsOnFire>false</IsOnFire>
			<IsInvincible>false</IsInvincible>
			<IsBulletProof>false</IsBulletProof>
			<IsCollisionProof>false</IsCollisionProof>
			<IsExplosionProof>false</IsExplosionProof>
			<IsFireProof>false</IsFireProof>
			<IsMeleeProof>false</IsMeleeProof>
			<IsOnlyDamagedByPlayer>false</IsOnlyDamagedByPlayer>
			<PositionRotation>
				<X>507.433105</X>
				<Y>-599.419983</Y>
				<Z>24.9134045</Z>
				<Pitch>-0.133803606</Pitch>
				<Roll>-179.443146</Roll>
				<Yaw>95.337883</Yaw>
			</PositionRotation>
			<Attachment isAttached="true">
				<AttachedTo>622594</AttachedTo>
				<BoneIndex>0</BoneIndex>
				<X>0.477666736</X>
				<Y>1.15746295</Y>
				<Z>0.871033669</Z>
				<Pitch>-0.0438247547</Pitch>
				<Roll>-179.32074</Roll>
				<Yaw>-89.1862869</Yaw>
			</Attachment>
		</Attachment>
		<Attachment>
			<ModelHash>0xc89630b8</ModelHash>
			<Type>3</Type>
			<Dynamic>false</Dynamic>
			<FrozenPos>true</FrozenPos>
			<HashName>prop_minigun_01</HashName>
			<InitialHandle>729616</InitialHandle>
			<ObjectProperties>
				<TextureVariation>0</TextureVariation>
			</ObjectProperties>
			<OpacityLevel>255</OpacityLevel>
			<LodDistance>16960</LodDistance>
			<IsVisible>true</IsVisible>
			<MaxHealth>1000</MaxHealth>
			<Health>1000</Health>
			<HasGravity>true</HasGravity>
			<IsOnFire>false</IsOnFire>
			<IsInvincible>false</IsInvincible>
			<IsBulletProof>false</IsBulletProof>
			<IsCollisionProof>false</IsCollisionProof>
			<IsExplosionProof>false</IsExplosionProof>
			<IsFireProof>false</IsFireProof>
			<IsMeleeProof>false</IsMeleeProof>
			<IsOnlyDamagedByPlayer>false</IsOnlyDamagedByPlayer>
			<PositionRotation>
				<X>507.807129</X>
				<Y>-599.388611</Y>
				<Z>24.9365463</Z>
				<Pitch>-0.131667241</Pitch>
				<Roll>-179.236984</Roll>
				<Yaw>94.3379211</Yaw>
			</PositionRotation>
			<Attachment isAttached="true">
				<AttachedTo>622594</AttachedTo>
				<BoneIndex>0</BoneIndex>
				<X>0.10227982</X>
				<Y>1.15570092</Y>
				<Z>0.893593788</Z>
				<Pitch>-0.0438384898</Pitch>
				<Roll>-179.113022</Roll>
				<Yaw>-90.1862564</Yaw>
			</Attachment>
		</Attachment>
		<Attachment>
			<ModelHash>0xe2ba016f</ModelHash>
			<Type>3</Type>
			<Dynamic>false</Dynamic>
			<FrozenPos>true</FrozenPos>
			<HashName>prop_cs_katana_01</HashName>
			<InitialHandle>607507</InitialHandle>
			<ObjectProperties>
				<TextureVariation>0</TextureVariation>
			</ObjectProperties>
			<OpacityLevel>255</OpacityLevel>
			<LodDistance>16960</LodDistance>
			<IsVisible>true</IsVisible>
			<MaxHealth>1000</MaxHealth>
			<Health>1000</Health>
			<HasGravity>true</HasGravity>
			<IsOnFire>false</IsOnFire>
			<IsInvincible>false</IsInvincible>
			<IsBulletProof>false</IsBulletProof>
			<IsCollisionProof>false</IsCollisionProof>
			<IsExplosionProof>false</IsExplosionProof>
			<IsFireProof>false</IsFireProof>
			<IsMeleeProof>false</IsMeleeProof>
			<IsOnlyDamagedByPlayer>false</IsOnlyDamagedByPlayer>
			<PositionRotation>
				<X>507.381409</X>
				<Y>-600.351501</Y>
				<Z>24.2151852</Z>
				<Pitch>0.048126705</Pitch>
				<Roll>91.0964508</Roll>
				<Yaw>-83.7289352</Yaw>
			</PositionRotation>
			<Attachment isAttached="true">
				<AttachedTo>622594</AttachedTo>
				<BoneIndex>0</BoneIndex>
				<X>0.603739798</X>
				<Y>2.08354831</Y>
				<Z>0.175004885</Z>
				<Pitch>-0.0438342541</Pitch>
				<Roll>90.9755249</Roll>
				<Yaw>-268.253296</Yaw>
			</Attachment>
		</Attachment>
		<Attachment>
			<ModelHash>0xe2ba016f</ModelHash>
			<Type>3</Type>
			<Dynamic>false</Dynamic>
			<FrozenPos>true</FrozenPos>
			<HashName>prop_cs_katana_01</HashName>
			<InitialHandle>631059</InitialHandle>
			<ObjectProperties>
				<TextureVariation>0</TextureVariation>
			</ObjectProperties>
			<OpacityLevel>255</OpacityLevel>
			<LodDistance>16960</LodDistance>
			<IsVisible>true</IsVisible>
			<MaxHealth>1000</MaxHealth>
			<Health>1000</Health>
			<HasGravity>true</HasGravity>
			<IsOnFire>false</IsOnFire>
			<IsInvincible>false</IsInvincible>
			<IsBulletProof>false</IsBulletProof>
			<IsCollisionProof>false</IsCollisionProof>
			<IsExplosionProof>false</IsExplosionProof>
			<IsFireProof>false</IsFireProof>
			<IsMeleeProof>false</IsMeleeProof>
			<IsOnlyDamagedByPlayer>false</IsOnlyDamagedByPlayer>
			<PositionRotation>
				<X>507.708893</X>
				<Y>-600.47699</Y>
				<Z>24.2150974</Z>
				<Pitch>0.0492512323</Pitch>
				<Roll>89.0956497</Roll>
				<Yaw>-83.1933899</Yaw>
			</PositionRotation>
			<Attachment isAttached="true">
				<AttachedTo>622594</AttachedTo>
				<BoneIndex>0</BoneIndex>
				<X>0.287184179</X>
				<Y>2.23445702</Y>
				<Z>0.174754784</Z>
				<Pitch>-0.0438346267</Pitch>
				<Roll>88.9755936</Roll>
				<Yaw>-267.717773</Yaw>
			</Attachment>
		</Attachment>
		<Attachment>
			<ModelHash>0xe2ba016f</ModelHash>
			<Type>3</Type>
			<Dynamic>false</Dynamic>
			<FrozenPos>true</FrozenPos>
			<HashName>prop_cs_katana_01</HashName>
			<InitialHandle>36628</InitialHandle>
			<ObjectProperties>
				<TextureVariation>0</TextureVariation>
			</ObjectProperties>
			<OpacityLevel>255</OpacityLevel>
			<LodDistance>16960</LodDistance>
			<IsVisible>true</IsVisible>
			<MaxHealth>1000</MaxHealth>
			<Health>1000</Health>
			<HasGravity>true</HasGravity>
			<IsOnFire>false</IsOnFire>
			<IsInvincible>false</IsInvincible>
			<IsBulletProof>false</IsBulletProof>
			<IsCollisionProof>false</IsCollisionProof>
			<IsExplosionProof>false</IsExplosionProof>
			<IsFireProof>false</IsFireProof>
			<IsMeleeProof>false</IsMeleeProof>
			<IsOnlyDamagedByPlayer>false</IsOnlyDamagedByPlayer>
			<PositionRotation>
				<X>507.98291</X>
				<Y>-600.412598</Y>
				<Z>24.2155323</Z>
				<Pitch>0.0477665551</Pitch>
				<Roll>90.0967789</Roll>
				<Yaw>-83.896965</Yaw>
			</PositionRotation>
			<Attachment isAttached="true">
				<AttachedTo>622594</AttachedTo>
				<BoneIndex>0</BoneIndex>
				<X>0.00894427765</X>
				<Y>2.19186854</Y>
				<Z>0.174669012</Z>
				<Pitch>-0.0438344888</Pitch>
				<Roll>89.9755783</Roll>
				<Yaw>-268.421326</Yaw>
			</Attachment>
		</Attachment>
		<Attachment>
			<ModelHash>0xe2ba016f</ModelHash>
			<Type>3</Type>
			<Dynamic>false</Dynamic>
			<FrozenPos>true</FrozenPos>
			<HashName>prop_cs_katana_01</HashName>
			<InitialHandle>126996</InitialHandle>
			<ObjectProperties>
				<TextureVariation>0</TextureVariation>
			</ObjectProperties>
			<OpacityLevel>255</OpacityLevel>
			<LodDistance>16960</LodDistance>
			<IsVisible>true</IsVisible>
			<MaxHealth>1000</MaxHealth>
			<Health>1000</Health>
			<HasGravity>true</HasGravity>
			<IsOnFire>false</IsOnFire>
			<IsInvincible>false</IsInvincible>
			<IsBulletProof>false</IsBulletProof>
			<IsCollisionProof>false</IsCollisionProof>
			<IsExplosionProof>false</IsExplosionProof>
			<IsFireProof>false</IsFireProof>
			<IsMeleeProof>false</IsMeleeProof>
			<IsOnlyDamagedByPlayer>false</IsOnlyDamagedByPlayer>
			<PositionRotation>
				<X>508.229767</X>
				<Y>-600.406738</Y>
				<Z>24.2157669</Z>
				<Pitch>0.0476388931</Pitch>
				<Roll>90.0968781</Roll>
				<Yaw>-83.9597168</Yaw>
			</PositionRotation>
			<Attachment isAttached="true">
				<AttachedTo>622594</AttachedTo>
				<BoneIndex>0</BoneIndex>
				<X>-0.237597048</X>
				<Y>2.20552897</Y>
				<Z>0.174553692</Z>
				<Pitch>-0.043834649</Pitch>
				<Roll>89.9755783</Roll>
				<Yaw>-268.48407</Yaw>
			</Attachment>
		</Attachment>
		<Attachment>
			<ModelHash>0xe2ba016f</ModelHash>
			<Type>3</Type>
			<Dynamic>false</Dynamic>
			<FrozenPos>true</FrozenPos>
			<HashName>prop_cs_katana_01</HashName>
			<InitialHandle>232980</InitialHandle>
			<ObjectProperties>
				<TextureVariation>0</TextureVariation>
			</ObjectProperties>
			<OpacityLevel>255</OpacityLevel>
			<LodDistance>16960</LodDistance>
			<IsVisible>true</IsVisible>
			<MaxHealth>1000</MaxHealth>
			<Health>1000</Health>
			<HasGravity>true</HasGravity>
			<IsOnFire>false</IsOnFire>
			<IsInvincible>false</IsInvincible>
			<IsBulletProof>false</IsBulletProof>
			<IsCollisionProof>false</IsCollisionProof>
			<IsExplosionProof>false</IsExplosionProof>
			<IsFireProof>false</IsFireProof>
			<IsMeleeProof>false</IsMeleeProof>
			<IsOnlyDamagedByPlayer>false</IsOnlyDamagedByPlayer>
			<PositionRotation>
				<X>508.506592</X>
				<Y>-600.254211</Y>
				<Z>24.2164688</Z>
				<Pitch>0.0548800714</Pitch>
				<Roll>90.0910721</Roll>
				<Yaw>-80.4556732</Yaw>
			</PositionRotation>
			<Attachment isAttached="true">
				<AttachedTo>622594</AttachedTo>
				<BoneIndex>0</BoneIndex>
				<X>-0.52559334</X>
				<Y>2.07530522</Y>
				<Z>0.174530819</Z>
				<Pitch>-0.043833781</Pitch>
				<Roll>89.9755936</Roll>
				<Yaw>-264.980042</Yaw>
			</Attachment>
		</Attachment>
		<Attachment>
			<ModelHash>0xacdef4a2</ModelHash>
			<Type>3</Type>
			<Dynamic>false</Dynamic>
			<FrozenPos>true</FrozenPos>
			<HashName>prop_tv_01</HashName>
			<InitialHandle>658713</InitialHandle>
			<ObjectProperties>
				<TextureVariation>0</TextureVariation>
			</ObjectProperties>
			<OpacityLevel>255</OpacityLevel>
			<LodDistance>16960</LodDistance>
			<IsVisible>true</IsVisible>
			<MaxHealth>1000</MaxHealth>
			<Health>1000</Health>
			<HasGravity>true</HasGravity>
			<IsOnFire>false</IsOnFire>
			<IsInvincible>false</IsInvincible>
			<IsBulletProof>false</IsBulletProof>
			<IsCollisionProof>false</IsCollisionProof>
			<IsExplosionProof>false</IsExplosionProof>
			<IsFireProof>false</IsFireProof>
			<IsMeleeProof>false</IsMeleeProof>
			<IsOnlyDamagedByPlayer>false</IsOnlyDamagedByPlayer>
			<PositionRotation>
				<X>507.392517</X>
				<Y>-598.611755</Y>
				<Z>24.4720135</Z>
				<Pitch>-0.166861728</Pitch>
				<Roll>0.0647678897</Roll>
				<Yaw>-175.053879</Yaw>
			</PositionRotation>
			<Attachment isAttached="true">
				<AttachedTo>622594</AttachedTo>
				<BoneIndex>0</BoneIndex>
				<X>0.45504421</X>
				<Y>0.349557221</Y>
				<Z>0.427861005</Z>
				<Pitch>-0.043834649</Pitch>
				<Roll>-0.0243715718</Roll>
				<Yaw>0.421585083</Yaw>
			</Attachment>
		</Attachment>
		<Attachment>
			<ModelHash>0x9271a41a</ModelHash>
			<Type>3</Type>
			<Dynamic>false</Dynamic>
			<FrozenPos>true</FrozenPos>
			<HashName>prop_muscle_bench_01</HashName>
			<InitialHandle>672794</InitialHandle>
			<ObjectProperties>
				<TextureVariation>0</TextureVariation>
			</ObjectProperties>
			<OpacityLevel>255</OpacityLevel>
			<LodDistance>16960</LodDistance>
			<IsVisible>true</IsVisible>
			<MaxHealth>1000</MaxHealth>
			<Health>1000</Health>
			<HasGravity>true</HasGravity>
			<IsOnFire>false</IsOnFire>
			<IsInvincible>false</IsInvincible>
			<IsBulletProof>false</IsBulletProof>
			<IsCollisionProof>false</IsCollisionProof>
			<IsExplosionProof>false</IsExplosionProof>
			<IsFireProof>false</IsFireProof>
			<IsMeleeProof>false</IsMeleeProof>
			<IsOnlyDamagedByPlayer>false</IsOnlyDamagedByPlayer>
			<PositionRotation>
				<X>507.949585</X>
				<Y>-600.46405</Y>
				<Z>24.1067238</Z>
				<Pitch>-0.130551428</Pitch>
				<Roll>-80.1490097</Roll>
				<Yaw>93.8256683</Yaw>
			</PositionRotation>
			<Attachment isAttached="true">
				<AttachedTo>622594</AttachedTo>
				<BoneIndex>0</BoneIndex>
				<X>0.0463954732</X>
				<Y>2.24078679</Y>
				<Z>0.0660243928</Z>
				<Pitch>-0.0438347571</Pitch>
				<Roll>-80.0242691</Roll>
				<Yaw>-90.6985016</Yaw>
			</Attachment>
		</Attachment>
		<Attachment>
			<ModelHash>0x9271a41a</ModelHash>
			<Type>3</Type>
			<Dynamic>false</Dynamic>
			<FrozenPos>true</FrozenPos>
			<HashName>prop_muscle_bench_01</HashName>
			<InitialHandle>300060</InitialHandle>
			<ObjectProperties>
				<TextureVariation>0</TextureVariation>
			</ObjectProperties>
			<OpacityLevel>255</OpacityLevel>
			<LodDistance>16960</LodDistance>
			<IsVisible>true</IsVisible>
			<MaxHealth>1000</MaxHealth>
			<Health>1000</Health>
			<HasGravity>true</HasGravity>
			<IsOnFire>false</IsOnFire>
			<IsInvincible>false</IsInvincible>
			<IsBulletProof>false</IsBulletProof>
			<IsCollisionProof>false</IsCollisionProof>
			<IsExplosionProof>false</IsExplosionProof>
			<IsFireProof>false</IsFireProof>
			<IsMeleeProof>false</IsMeleeProof>
			<IsOnlyDamagedByPlayer>false</IsOnlyDamagedByPlayer>
			<PositionRotation>
				<X>508.486145</X>
				<Y>-597.014709</Y>
				<Z>24.9444046</Z>
				<Pitch>-0.168914124</Pitch>
				<Roll>-49.9380836</Roll>
				<Yaw>-176.394485</Yaw>
			</PositionRotation>
			<Attachment isAttached="true">
				<AttachedTo>622594</AttachedTo>
				<BoneIndex>0</BoneIndex>
				<X>-0.761866808</X>
				<Y>-1.15726805</Y>
				<Z>0.895127416</Z>
				<Pitch>-0.0438355021</Pitch>
				<Roll>-50.0243225</Roll>
				<Yaw>-0.919021606</Yaw>
			</Attachment>
		</Attachment>
		<Attachment>
			<ModelHash>0x9271a41a</ModelHash>
			<Type>3</Type>
			<Dynamic>false</Dynamic>
			<FrozenPos>true</FrozenPos>
			<HashName>prop_muscle_bench_01</HashName>
			<InitialHandle>393756</InitialHandle>
			<ObjectProperties>
				<TextureVariation>0</TextureVariation>
			</ObjectProperties>
			<OpacityLevel>255</OpacityLevel>
			<LodDistance>16960</LodDistance>
			<IsVisible>true</IsVisible>
			<MaxHealth>1000</MaxHealth>
			<Health>1000</Health>
			<HasGravity>true</HasGravity>
			<IsOnFire>false</IsOnFire>
			<IsInvincible>false</IsInvincible>
			<IsBulletProof>false</IsBulletProof>
			<IsCollisionProof>false</IsCollisionProof>
			<IsExplosionProof>false</IsExplosionProof>
			<IsFireProof>false</IsFireProof>
			<IsMeleeProof>false</IsMeleeProof>
			<IsOnlyDamagedByPlayer>false</IsOnlyDamagedByPlayer>
			<PositionRotation>
				<X>506.94931</X>
				<Y>-597.104004</Y>
				<Z>24.9693642</Z>
				<Pitch>-0.171656564</Pitch>
				<Roll>50.0577164</Roll>
				<Yaw>-178.261185</Yaw>
			</PositionRotation>
			<Attachment isAttached="true">
				<AttachedTo>622594</AttachedTo>
				<BoneIndex>0</BoneIndex>
				<X>0.777155399</X>
				<Y>-1.18953049</Y>
				<Z>0.92238754</Z>
				<Pitch>-0.0438344367</Pitch>
				<Roll>49.9755974</Roll>
				<Yaw>-2.78570557</Yaw>
			</Attachment>
		</Attachment>
		<Attachment>
			<ModelHash>0xf2f47da7</ModelHash>
			<Type>3</Type>
			<Dynamic>false</Dynamic>
			<FrozenPos>true</FrozenPos>
			<HashName>w_lr_rpg</HashName>
			<InitialHandle>419103</InitialHandle>
			<ObjectProperties>
				<TextureVariation>0</TextureVariation>
			</ObjectProperties>
			<OpacityLevel>255</OpacityLevel>
			<LodDistance>16960</LodDistance>
			<IsVisible>true</IsVisible>
			<MaxHealth>1000</MaxHealth>
			<Health>1000</Health>
			<HasGravity>true</HasGravity>
			<IsOnFire>false</IsOnFire>
			<IsInvincible>false</IsInvincible>
			<IsBulletProof>false</IsBulletProof>
			<IsCollisionProof>false</IsCollisionProof>
			<IsExplosionProof>false</IsExplosionProof>
			<IsFireProof>false</IsFireProof>
			<IsMeleeProof>false</IsMeleeProof>
			<IsOnlyDamagedByPlayer>false</IsOnlyDamagedByPlayer>
			<PositionRotation>
				<X>506.754639</X>
				<Y>-597.420044</Y>
				<Z>25.0502701</Z>
				<Pitch>40.0386086</Pitch>
				<Roll>0.142213419</Roll>
				<Yaw>-88.1719894</Yaw>
			</PositionRotation>
			<Attachment isAttached="true">
				<AttachedTo>622594</AttachedTo>
				<BoneIndex>0</BoneIndex>
				<X>0.99603188</X>
				<Y>-0.890015066</Y>
				<Z>1.00427794</Z>
				<Pitch>39.9561653</Pitch>
				<Roll>-0.0243715718</Roll>
				<Yaw>-272.589294</Yaw>
			</Attachment>
		</Attachment>
		<Attachment>
			<ModelHash>0xf2f47da7</ModelHash>
			<Type>3</Type>
			<Dynamic>false</Dynamic>
			<FrozenPos>true</FrozenPos>
			<HashName>w_lr_rpg</HashName>
			<InitialHandle>468255</InitialHandle>
			<ObjectProperties>
				<TextureVariation>0</TextureVariation>
			</ObjectProperties>
			<OpacityLevel>255</OpacityLevel>
			<LodDistance>16960</LodDistance>
			<IsVisible>true</IsVisible>
			<MaxHealth>1000</MaxHealth>
			<Health>1000</Health>
			<HasGravity>true</HasGravity>
			<IsOnFire>false</IsOnFire>
			<IsInvincible>false</IsInvincible>
			<IsBulletProof>false</IsBulletProof>
			<IsCollisionProof>false</IsCollisionProof>
			<IsExplosionProof>false</IsExplosionProof>
			<IsFireProof>false</IsFireProof>
			<IsMeleeProof>false</IsMeleeProof>
			<IsOnlyDamagedByPlayer>false</IsOnlyDamagedByPlayer>
			<PositionRotation>
				<X>506.859833</X>
				<Y>-597.429077</Y>
				<Z>25.1754475</Z>
				<Pitch>50.0373917</Pitch>
				<Roll>0.17535539</Roll>
				<Yaw>-88.7375565</Yaw>
			</PositionRotation>
			<Attachment isAttached="true">
				<AttachedTo>622594</AttachedTo>
				<BoneIndex>0</BoneIndex>
				<X>0.891687572</X>
				<Y>-0.873015225</Y>
				<Z>1.12933123</Z>
				<Pitch>49.9561653</Pitch>
				<Roll>-0.0243710782</Roll>
				<Yaw>-273.108948</Yaw>
			</Attachment>
		</Attachment>
		<Attachment>
			<ModelHash>0xf2f47da7</ModelHash>
			<Type>3</Type>
			<Dynamic>false</Dynamic>
			<FrozenPos>true</FrozenPos>
			<HashName>w_lr_rpg</HashName>
			<InitialHandle>60705</InitialHandle>
			<ObjectProperties>
				<TextureVariation>0</TextureVariation>
			</ObjectProperties>
			<OpacityLevel>255</OpacityLevel>
			<LodDistance>16960</LodDistance>
			<IsVisible>true</IsVisible>
			<MaxHealth>1000</MaxHealth>
			<Health>1000</Health>
			<HasGravity>true</HasGravity>
			<IsOnFire>false</IsOnFire>
			<IsInvincible>false</IsInvincible>
			<IsBulletProof>false</IsBulletProof>
			<IsCollisionProof>false</IsCollisionProof>
			<IsExplosionProof>false</IsExplosionProof>
			<IsFireProof>false</IsFireProof>
			<IsMeleeProof>false</IsMeleeProof>
			<IsOnlyDamagedByPlayer>false</IsOnlyDamagedByPlayer>
			<PositionRotation>
				<X>508.703674</X>
				<Y>-597.41394</Y>
				<Z>25.0160885</Z>
				<Pitch>-49.9636803</Pitch>
				<Roll>0.17641595</Roll>
				<Yaw>-89.0531387</Yaw>
			</PositionRotation>
			<Attachment isAttached="true">
				<AttachedTo>622594</AttachedTo>
				<BoneIndex>0</BoneIndex>
				<X>-0.947347164</X>
				<Y>-0.742298365</Y>
				<Z>0.967422068</Z>
				<Pitch>-50.0438347</Pitch>
				<Roll>-0.0243715718</Roll>
				<Yaw>-273.731323</Yaw>
			</Attachment>
		</Attachment>
		<Attachment>
			<ModelHash>0xf2f47da7</ModelHash>
			<Type>3</Type>
			<Dynamic>false</Dynamic>
			<FrozenPos>true</FrozenPos>
			<HashName>w_lr_rpg</HashName>
			<InitialHandle>52001</InitialHandle>
			<ObjectProperties>
				<TextureVariation>0</TextureVariation>
			</ObjectProperties>
			<OpacityLevel>255</OpacityLevel>
			<LodDistance>16960</LodDistance>
			<IsVisible>true</IsVisible>
			<MaxHealth>1000</MaxHealth>
			<Health>1000</Health>
			<HasGravity>true</HasGravity>
			<IsOnFire>false</IsOnFire>
			<IsInvincible>false</IsInvincible>
			<IsBulletProof>false</IsBulletProof>
			<IsCollisionProof>false</IsCollisionProof>
			<IsExplosionProof>false</IsExplosionProof>
			<IsFireProof>false</IsFireProof>
			<IsMeleeProof>false</IsMeleeProof>
			<IsOnlyDamagedByPlayer>false</IsOnlyDamagedByPlayer>
			<PositionRotation>
				<X>508.608002</X>
				<Y>-597.414368</Y>
				<Z>25.1415405</Z>
				<Pitch>-39.9637299</Pitch>
				<Roll>0.144145384</Roll>
				<Yaw>-89.0986328</Yaw>
			</PositionRotation>
			<Attachment isAttached="true">
				<AttachedTo>622594</AttachedTo>
				<BoneIndex>0</BoneIndex>
				<X>-0.85214895</X>
				<Y>-0.749677062</Y>
				<Z>1.09300613</Z>
				<Pitch>-40.0438385</Pitch>
				<Roll>-0.0243710149</Roll>
				<Yaw>-273.731323</Yaw>
			</Attachment>
		</Attachment>
		<Attachment>
			<ModelHash>0x7773ca4a</ModelHash>
			<Type>3</Type>
			<Dynamic>false</Dynamic>
			<FrozenPos>true</FrozenPos>
			<HashName>prop_fncsec_02pole</HashName>
			<InitialHandle>315942</InitialHandle>
			<ObjectProperties>
				<TextureVariation>0</TextureVariation>
			</ObjectProperties>
			<OpacityLevel>255</OpacityLevel>
			<LodDistance>16960</LodDistance>
			<IsVisible>true</IsVisible>
			<MaxHealth>1000</MaxHealth>
			<Health>1000</Health>
			<HasGravity>true</HasGravity>
			<IsOnFire>false</IsOnFire>
			<IsInvincible>false</IsInvincible>
			<IsBulletProof>false</IsBulletProof>
			<IsCollisionProof>false</IsCollisionProof>
			<IsExplosionProof>false</IsExplosionProof>
			<IsFireProof>false</IsFireProof>
			<IsMeleeProof>false</IsMeleeProof>
			<IsOnlyDamagedByPlayer>false</IsOnlyDamagedByPlayer>
			<PositionRotation>
				<X>507.931702</X>
				<Y>-599.870239</Y>
				<Z>23.8493805</Z>
				<Pitch>-49.9175186</Pitch>
				<Roll>-0.155509412</Roll>
				<Yaw>2.68548489</Yaw>
			</PositionRotation>
			<Attachment isAttached="true">
				<AttachedTo>622594</AttachedTo>
				<BoneIndex>0</BoneIndex>
				<X>0.0177814923</X>
				<Y>1.6479919</Y>
				<Z>-0.192644358</Z>
				<Pitch>-50.0438728</Pitch>
				<Roll>-0.0243709069</Roll>
				<Yaw>-181.738449</Yaw>
			</Attachment>
		</Attachment>
	</SpoonerAttachments>
</Vehicle>
