<?xml version="1.0" encoding="ISO-8859-1"?>
<Vehicle menyoo_ver="0.9998744b">
	<ModelHash>0xdc434e51</ModelHash>
	<InitialHandle>542210</InitialHandle>
	<VehicleProperties>
		<Colours>
			<Primary>153</Primary>
			<Secondary>1</Secondary>
			<Pearl>0</Pearl>
			<Rim>156</Rim>
			<Mod1_a>0</Mod1_a>
			<Mod1_b>0</Mod1_b>
			<Mod1_c>0</Mod1_c>
			<Mod2_a>6</Mod2_a>
			<Mod2_b>-1</Mod2_b>
			<IsPrimaryColourCustom>false</IsPrimaryColourCustom>
			<IsSecondaryColourCustom>false</IsSecondaryColourCustom>
			<tyreSmoke_R>255</tyreSmoke_R>
			<tyreSmoke_G>255</tyreSmoke_G>
			<tyreSmoke_B>255</tyreSmoke_B>
			<LrInterior>0</LrInterior>
			<LrDashboard>0</LrDashboard>
		</Colours>
		<Livery>-1</Livery>
		<NumberPlateText>01ODB651</NumberPlateText>
		<NumberPlateIndex>0</NumberPlateIndex>
		<WheelType>2</WheelType>
		<WheelsInvisible>false</WheelsInvisible>
		<EngineSoundName></EngineSoundName>
		<WindowTint>-1</WindowTint>
		<BulletProofTyres>true</BulletProofTyres>
		<DirtLevel>0.00594598847</DirtLevel>
		<PaintFade>0.298039228</PaintFade>
		<RoofState>0</RoofState>
		<SirenActive>false</SirenActive>
		<EngineOn>true</EngineOn>
		<EngineHealth>1000</EngineHealth>
		<LightsOn>false</LightsOn>
		<IsRadioLoud>0</IsRadioLoud>
		<LockStatus>1</LockStatus>
		<Neons>
			<Left>false</Left>
			<Right>false</Right>
			<Front>false</Front>
			<Back>false</Back>
			<R>255</R>
			<G>0</G>
			<B>255</B>
		</Neons>
		<ModExtras>
			<_1>true</_1>
			<_2>false</_2>
			<_4>false</_4>
			<_5>false</_5>
			<_6>false</_6>
			<_7>false</_7>
			<_10>false</_10>
			<_11>false</_11>
			<_12>true</_12>
		</ModExtras>
		<Mods>
			<_0>-1,0</_0>
			<_1>-1,0</_1>
			<_2>-1,0</_2>
			<_3>-1,0</_3>
			<_4>-1,0</_4>
			<_5>-1,0</_5>
			<_6>-1,0</_6>
			<_7>-1,0</_7>
			<_8>-1,0</_8>
			<_9>-1,0</_9>
			<_10>-1,0</_10>
			<_11>3,0</_11>
			<_12>2,0</_12>
			<_13>2,0</_13>
			<_14>-1,0</_14>
			<_15>-1,0</_15>
			<_16>4,0</_16>
			<_17>false</_17>
			<_18>true</_18>
			<_19>false</_19>
			<_20>false</_20>
			<_21>false</_21>
			<_22>true</_22>
			<_23>10,0</_23>
			<_24>-1,0</_24>
			<_25>-1,0</_25>
			<_26>-1,0</_26>
			<_27>-1,0</_27>
			<_28>-1,0</_28>
			<_29>-1,0</_29>
			<_30>-1,0</_30>
			<_31>-1,0</_31>
			<_32>-1,0</_32>
			<_33>-1,0</_33>
			<_34>-1,0</_34>
			<_35>-1,0</_35>
			<_36>-1,0</_36>
			<_37>-1,0</_37>
			<_38>-1,0</_38>
			<_39>-1,0</_39>
			<_40>-1,0</_40>
			<_41>-1,0</_41>
			<_42>-1,0</_42>
			<_43>-1,0</_43>
			<_44>-1,0</_44>
			<_45>-1,0</_45>
			<_46>-1,0</_46>
			<_47>-1,0</_47>
			<_48>-1,0</_48>
		</Mods>
		<DoorsOpen>
			<BackLeftDoor>false</BackLeftDoor>
			<BackRightDoor>false</BackRightDoor>
			<FrontLeftDoor>false</FrontLeftDoor>
			<FrontRightDoor>false</FrontRightDoor>
			<Hood>false</Hood>
			<Trunk>false</Trunk>
			<Trunk2>false</Trunk2>
		</DoorsOpen>
		<DoorsBroken>
			<BackLeftDoor>false</BackLeftDoor>
			<BackRightDoor>false</BackRightDoor>
			<FrontLeftDoor>false</FrontLeftDoor>
			<FrontRightDoor>false</FrontRightDoor>
			<Hood>false</Hood>
			<Trunk>false</Trunk>
			<Trunk2>false</Trunk2>
		</DoorsBroken>
		<TyresBursted>
			<FrontLeft>false</FrontLeft>
			<FrontRight>false</FrontRight>
			<_2>false</_2>
			<_3>false</_3>
			<BackLeft>false</BackLeft>
			<BackRight>false</BackRight>
			<_6>false</_6>
			<_7>false</_7>
			<_8>false</_8>
		</TyresBursted>
	</VehicleProperties>
	<OpacityLevel>255</OpacityLevel>
	<LodDistance>16960</LodDistance>
	<IsVisible>true</IsVisible>
	<IsDriverVisible>true</IsDriverVisible>
	<MaxHealth>1000</MaxHealth>
	<Health>1000</Health>
	<HasGravity>true</HasGravity>
	<IsOnFire>false</IsOnFire>
	<IsInvincible>false</IsInvincible>
	<IsBulletProof>false</IsBulletProof>
	<IsExplosionProof>false</IsExplosionProof>
	<IsFireProof>false</IsFireProof>
	<IsMeleeProof>false</IsMeleeProof>
	<IsOnlyDamagedByPlayer>false</IsOnlyDamagedByPlayer>
	<SpoonerAttachments SetAttachmentsPersistentAndAddToSpoonerDatabase="false" StartTaskSequencesOnLoad="true">
		<Attachment>
			<ModelHash>0xa640636d</ModelHash>
			<Type>3</Type>
			<Dynamic>false</Dynamic>
			<FrozenPos>true</FrozenPos>
			<HashName>0xa640636d</HashName>
			<InitialHandle>354820</InitialHandle>
			<ObjectProperties>
				<TextureVariation>0</TextureVariation>
			</ObjectProperties>
			<OpacityLevel>255</OpacityLevel>
			<LodDistance>16960</LodDistance>
			<IsVisible>true</IsVisible>
			<MaxHealth>1000</MaxHealth>
			<Health>1000</Health>
			<HasGravity>true</HasGravity>
			<IsOnFire>false</IsOnFire>
			<IsInvincible>false</IsInvincible>
			<IsBulletProof>false</IsBulletProof>
			<IsCollisionProof>false</IsCollisionProof>
			<IsExplosionProof>false</IsExplosionProof>
			<IsFireProof>false</IsFireProof>
			<IsMeleeProof>false</IsMeleeProof>
			<IsOnlyDamagedByPlayer>false</IsOnlyDamagedByPlayer>
			<PositionRotation>
				<X>469.892273</X>
				<Y>-901.950623</Y>
				<Z>35.4002686</Z>
				<Pitch>0.0715457126</Pitch>
				<Roll>-59.9998894</Roll>
				<Yaw>-2.63466787</Yaw>
			</PositionRotation>
			<Attachment isAttached="true">
				<AttachedTo>542210</AttachedTo>
				<BoneIndex>0</BoneIndex>
				<X>-0.746026158</X>
				<Y>3.5268991</Y>
				<Z>-0.325425774</Z>
				<Pitch>-0.00313723553</Pitch>
				<Roll>-60</Roll>
				<Yaw>-58.5831451</Yaw>
			</Attachment>
		</Attachment>
		<Attachment>
			<ModelHash>0xa640636d</ModelHash>
			<Type>3</Type>
			<Dynamic>false</Dynamic>
			<FrozenPos>true</FrozenPos>
			<HashName>0xa640636d</HashName>
			<InitialHandle>572932</InitialHandle>
			<ObjectProperties>
				<TextureVariation>0</TextureVariation>
			</ObjectProperties>
			<OpacityLevel>255</OpacityLevel>
			<LodDistance>16960</LodDistance>
			<IsVisible>true</IsVisible>
			<MaxHealth>1000</MaxHealth>
			<Health>1000</Health>
			<HasGravity>true</HasGravity>
			<IsOnFire>false</IsOnFire>
			<IsInvincible>false</IsInvincible>
			<IsBulletProof>false</IsBulletProof>
			<IsCollisionProof>false</IsCollisionProof>
			<IsExplosionProof>false</IsExplosionProof>
			<IsFireProof>false</IsFireProof>
			<IsMeleeProof>false</IsMeleeProof>
			<IsOnlyDamagedByPlayer>false</IsOnlyDamagedByPlayer>
			<PositionRotation>
				<X>470.812164</X>
				<Y>-900.483643</Y>
				<Z>35.4022179</Z>
				<Pitch>0.0461310968</Pitch>
				<Roll>-59.9438629</Roll>
				<Yaw>-51.279274</Yaw>
			</PositionRotation>
			<Attachment isAttached="true">
				<AttachedTo>542210</AttachedTo>
				<BoneIndex>0</BoneIndex>
				<X>0.984526277</X>
				<Y>3.58617926</Y>
				<Z>-0.325439185</Z>
				<Pitch>-0.0031385161</Pitch>
				<Roll>-60</Roll>
				<Yaw>-107.227745</Yaw>
			</Attachment>
		</Attachment>
		<Attachment>
			<ModelHash>0x7773ca4a</ModelHash>
			<Type>3</Type>
			<Dynamic>false</Dynamic>
			<FrozenPos>true</FrozenPos>
			<HashName>prop_fncsec_02pole</HashName>
			<InitialHandle>362506</InitialHandle>
			<ObjectProperties>
				<TextureVariation>0</TextureVariation>
			</ObjectProperties>
			<OpacityLevel>255</OpacityLevel>
			<LodDistance>16960</LodDistance>
			<IsVisible>true</IsVisible>
			<MaxHealth>1000</MaxHealth>
			<Health>1000</Health>
			<HasGravity>true</HasGravity>
			<IsOnFire>false</IsOnFire>
			<IsInvincible>false</IsInvincible>
			<IsBulletProof>false</IsBulletProof>
			<IsCollisionProof>false</IsCollisionProof>
			<IsExplosionProof>false</IsExplosionProof>
			<IsFireProof>false</IsFireProof>
			<IsMeleeProof>false</IsMeleeProof>
			<IsOnlyDamagedByPlayer>false</IsOnlyDamagedByPlayer>
			<PositionRotation>
				<X>471.865112</X>
				<Y>-902.006104</Y>
				<Z>35.4852028</Z>
				<Pitch>89.9314728</Pitch>
				<Roll>-124.932076</Roll>
				<Yaw>0</Yaw>
			</PositionRotation>
			<Attachment isAttached="true">
				<AttachedTo>542210</AttachedTo>
				<BoneIndex>0</BoneIndex>
				<X>0.312781304</X>
				<Y>1.86132658</Y>
				<Z>-0.24053444</Z>
				<Pitch>89.9968643</Pitch>
				<Roll>-168.026062</Roll>
				<Yaw>-12.8545094</Yaw>
			</Attachment>
		</Attachment>
		<Attachment>
			<ModelHash>0x7773ca4a</ModelHash>
			<Type>3</Type>
			<Dynamic>false</Dynamic>
			<FrozenPos>true</FrozenPos>
			<HashName>prop_fncsec_02pole</HashName>
			<InitialHandle>457482</InitialHandle>
			<ObjectProperties>
				<TextureVariation>0</TextureVariation>
			</ObjectProperties>
			<OpacityLevel>255</OpacityLevel>
			<LodDistance>16960</LodDistance>
			<IsVisible>true</IsVisible>
			<MaxHealth>1000</MaxHealth>
			<Health>1000</Health>
			<HasGravity>true</HasGravity>
			<IsOnFire>false</IsOnFire>
			<IsInvincible>false</IsInvincible>
			<IsBulletProof>false</IsBulletProof>
			<IsCollisionProof>false</IsCollisionProof>
			<IsExplosionProof>false</IsExplosionProof>
			<IsFireProof>false</IsFireProof>
			<IsMeleeProof>false</IsMeleeProof>
			<IsOnlyDamagedByPlayer>false</IsOnlyDamagedByPlayer>
			<PositionRotation>
				<X>471.655823</X>
				<Y>-902.633972</Y>
				<Z>35.4843826</Z>
				<Pitch>89.9314728</Pitch>
				<Roll>-121.813644</Roll>
				<Yaw>0</Yaw>
			</PositionRotation>
			<Attachment isAttached="true">
				<AttachedTo>542210</AttachedTo>
				<BoneIndex>0</BoneIndex>
				<X>-0.32464397</X>
				<Y>1.68317771</Y>
				<Z>-0.240523547</Z>
				<Pitch>89.9968643</Pitch>
				<Roll>-164.907623</Roll>
				<Yaw>-12.8545094</Yaw>
			</Attachment>
		</Attachment>
		<Attachment>
			<ModelHash>0x45195a3f</ModelHash>
			<Type>3</Type>
			<Dynamic>false</Dynamic>
			<FrozenPos>true</FrozenPos>
			<HashName>prop_fnccorgm_02pole</HashName>
			<InitialHandle>193293</InitialHandle>
			<ObjectProperties>
				<TextureVariation>0</TextureVariation>
			</ObjectProperties>
			<OpacityLevel>255</OpacityLevel>
			<LodDistance>16960</LodDistance>
			<IsVisible>true</IsVisible>
			<MaxHealth>1000</MaxHealth>
			<Health>1000</Health>
			<HasGravity>true</HasGravity>
			<IsOnFire>false</IsOnFire>
			<IsInvincible>false</IsInvincible>
			<IsBulletProof>false</IsBulletProof>
			<IsCollisionProof>false</IsCollisionProof>
			<IsExplosionProof>false</IsExplosionProof>
			<IsFireProof>false</IsFireProof>
			<IsMeleeProof>false</IsMeleeProof>
			<IsOnlyDamagedByPlayer>false</IsOnlyDamagedByPlayer>
			<PositionRotation>
				<X>472.384003</X>
				<Y>-901.825989</Y>
				<Z>36.275959</Z>
				<Pitch>70.2490463</Pitch>
				<Roll>-169.135712</Roll>
				<Yaw>43.2426834</Yaw>
			</PositionRotation>
			<Attachment isAttached="true">
				<AttachedTo>542210</AttachedTo>
				<BoneIndex>0</BoneIndex>
				<X>0.753413916</X>
				<Y>1.53281534</Y>
				<Z>0.549957752</Z>
				<Pitch>70.1968994</Pitch>
				<Roll>-168.977692</Roll>
				<Yaw>-12.8545084</Yaw>
			</Attachment>
		</Attachment>
		<Attachment>
			<ModelHash>0x45195a3f</ModelHash>
			<Type>3</Type>
			<Dynamic>false</Dynamic>
			<FrozenPos>true</FrozenPos>
			<HashName>prop_fnccorgm_02pole</HashName>
			<InitialHandle>255245</InitialHandle>
			<ObjectProperties>
				<TextureVariation>0</TextureVariation>
			</ObjectProperties>
			<OpacityLevel>255</OpacityLevel>
			<LodDistance>16960</LodDistance>
			<IsVisible>true</IsVisible>
			<MaxHealth>1000</MaxHealth>
			<Health>1000</Health>
			<HasGravity>true</HasGravity>
			<IsOnFire>false</IsOnFire>
			<IsInvincible>false</IsInvincible>
			<IsBulletProof>false</IsBulletProof>
			<IsCollisionProof>false</IsCollisionProof>
			<IsExplosionProof>false</IsExplosionProof>
			<IsFireProof>false</IsFireProof>
			<IsMeleeProof>false</IsMeleeProof>
			<IsOnlyDamagedByPlayer>false</IsOnlyDamagedByPlayer>
			<PositionRotation>
				<X>471.775909</X>
				<Y>-903.15741</Y>
				<Z>36.1742058</Z>
				<Pitch>70.0491104</Pitch>
				<Roll>-163.49588</Roll>
				<Yaw>43.2410698</Yaw>
			</PositionRotation>
			<Attachment isAttached="true">
				<AttachedTo>542210</AttachedTo>
				<BoneIndex>0</BoneIndex>
				<X>-0.69031167</X>
				<Y>1.29106081</Y>
				<Z>0.449971616</Z>
				<Pitch>69.9969711</Pitch>
				<Roll>-163.339371</Roll>
				<Yaw>-12.8545027</Yaw>
			</Attachment>
		</Attachment>
		<Attachment>
			<ModelHash>0x45195a3f</ModelHash>
			<Type>3</Type>
			<Dynamic>false</Dynamic>
			<FrozenPos>true</FrozenPos>
			<HashName>prop_fnccorgm_02pole</HashName>
			<InitialHandle>300557</InitialHandle>
			<ObjectProperties>
				<TextureVariation>0</TextureVariation>
			</ObjectProperties>
			<OpacityLevel>255</OpacityLevel>
			<LodDistance>16960</LodDistance>
			<IsVisible>true</IsVisible>
			<MaxHealth>1000</MaxHealth>
			<Health>1000</Health>
			<HasGravity>true</HasGravity>
			<IsOnFire>false</IsOnFire>
			<IsInvincible>false</IsInvincible>
			<IsBulletProof>false</IsBulletProof>
			<IsCollisionProof>false</IsCollisionProof>
			<IsExplosionProof>false</IsExplosionProof>
			<IsFireProof>false</IsFireProof>
			<IsMeleeProof>false</IsMeleeProof>
			<IsOnlyDamagedByPlayer>false</IsOnlyDamagedByPlayer>
			<PositionRotation>
				<X>472.105255</X>
				<Y>-902.091248</Y>
				<Z>35.475605</Z>
				<Pitch>89.9314728</Pitch>
				<Roll>-119.079437</Roll>
				<Yaw>0</Yaw>
			</PositionRotation>
			<Attachment isAttached="true">
				<AttachedTo>542210</AttachedTo>
				<BoneIndex>0</BoneIndex>
				<X>0.376665264</X>
				<Y>1.61467445</Y>
				<Z>-0.25003475</Z>
				<Pitch>89.9968643</Pitch>
				<Roll>-162.173416</Roll>
				<Yaw>-12.8545094</Yaw>
			</Attachment>
		</Attachment>
		<Attachment>
			<ModelHash>0x45195a3f</ModelHash>
			<Type>3</Type>
			<Dynamic>false</Dynamic>
			<FrozenPos>true</FrozenPos>
			<HashName>prop_fnccorgm_02pole</HashName>
			<InitialHandle>289805</InitialHandle>
			<ObjectProperties>
				<TextureVariation>0</TextureVariation>
			</ObjectProperties>
			<OpacityLevel>255</OpacityLevel>
			<LodDistance>16960</LodDistance>
			<IsVisible>true</IsVisible>
			<MaxHealth>1000</MaxHealth>
			<Health>1000</Health>
			<HasGravity>true</HasGravity>
			<IsOnFire>false</IsOnFire>
			<IsInvincible>false</IsInvincible>
			<IsBulletProof>false</IsBulletProof>
			<IsCollisionProof>false</IsCollisionProof>
			<IsExplosionProof>false</IsExplosionProof>
			<IsFireProof>false</IsFireProof>
			<IsMeleeProof>false</IsMeleeProof>
			<IsOnlyDamagedByPlayer>false</IsOnlyDamagedByPlayer>
			<PositionRotation>
				<X>471.629333</X>
				<Y>-902.795288</Y>
				<Z>35.4746704</Z>
				<Pitch>89.9314728</Pitch>
				<Roll>-130.12645</Roll>
				<Yaw>0</Yaw>
			</PositionRotation>
			<Attachment isAttached="true">
				<AttachedTo>542210</AttachedTo>
				<BoneIndex>0</BoneIndex>
				<X>-0.473127872</X>
				<Y>1.61478102</Y>
				<Z>-0.250026762</Z>
				<Pitch>89.9968643</Pitch>
				<Roll>-173.220428</Roll>
				<Yaw>-12.8545094</Yaw>
			</Attachment>
		</Attachment>
		<Attachment>
			<ModelHash>0xa640636d</ModelHash>
			<Type>3</Type>
			<Dynamic>false</Dynamic>
			<FrozenPos>true</FrozenPos>
			<HashName>0xa640636d</HashName>
			<InitialHandle>561938</InitialHandle>
			<ObjectProperties>
				<TextureVariation>0</TextureVariation>
			</ObjectProperties>
			<OpacityLevel>255</OpacityLevel>
			<LodDistance>16960</LodDistance>
			<IsVisible>true</IsVisible>
			<MaxHealth>1000</MaxHealth>
			<Health>1000</Health>
			<HasGravity>true</HasGravity>
			<IsOnFire>false</IsOnFire>
			<IsInvincible>false</IsInvincible>
			<IsBulletProof>false</IsBulletProof>
			<IsCollisionProof>false</IsCollisionProof>
			<IsExplosionProof>false</IsExplosionProof>
			<IsFireProof>false</IsFireProof>
			<IsMeleeProof>false</IsMeleeProof>
			<IsOnlyDamagedByPlayer>false</IsOnlyDamagedByPlayer>
			<PositionRotation>
				<X>470.969482</X>
				<Y>-901.676636</Y>
				<Z>36.4599075</Z>
				<Pitch>-5.06662893</Pitch>
				<Roll>-160.039368</Roll>
				<Yaw>145.681244</Yaw>
			</PositionRotation>
			<Attachment isAttached="true">
				<AttachedTo>542210</AttachedTo>
				<BoneIndex>0</BoneIndex>
				<X>0.0853445157</X>
				<Y>2.78854823</Y>
				<Z>0.733791351</Z>
				<Pitch>-5.00312757</Pitch>
				<Roll>-159.999908</Roll>
				<Yaw>89.7362366</Yaw>
			</Attachment>
		</Attachment>
		<Attachment>
			<ModelHash>0xa640636d</ModelHash>
			<Type>3</Type>
			<Dynamic>false</Dynamic>
			<FrozenPos>true</FrozenPos>
			<HashName>0xa640636d</HashName>
			<InitialHandle>593938</InitialHandle>
			<ObjectProperties>
				<TextureVariation>0</TextureVariation>
			</ObjectProperties>
			<OpacityLevel>255</OpacityLevel>
			<LodDistance>16960</LodDistance>
			<IsVisible>true</IsVisible>
			<MaxHealth>1000</MaxHealth>
			<Health>1000</Health>
			<HasGravity>true</HasGravity>
			<IsOnFire>false</IsOnFire>
			<IsInvincible>false</IsInvincible>
			<IsBulletProof>false</IsBulletProof>
			<IsCollisionProof>false</IsCollisionProof>
			<IsExplosionProof>false</IsExplosionProof>
			<IsFireProof>false</IsFireProof>
			<IsMeleeProof>false</IsMeleeProof>
			<IsOnlyDamagedByPlayer>false</IsOnlyDamagedByPlayer>
			<PositionRotation>
				<X>471.543945</X>
				<Y>-902.177124</Y>
				<Z>36.5458984</Z>
				<Pitch>-7.06733799</Pitch>
				<Roll>-177.038254</Roll>
				<Yaw>146.719254</Yaw>
			</PositionRotation>
			<Attachment isAttached="true">
				<AttachedTo>542210</AttachedTo>
				<BoneIndex>0</BoneIndex>
				<X>-0.00757336989</X>
				<Y>2.03240061</Y>
				<Z>0.820403397</Z>
				<Pitch>-7.00313568</Pitch>
				<Roll>-176.999817</Roll>
				<Yaw>90.7754974</Yaw>
			</Attachment>
		</Attachment>
		<Attachment>
			<ModelHash>0xa640636d</ModelHash>
			<Type>3</Type>
			<Dynamic>false</Dynamic>
			<FrozenPos>true</FrozenPos>
			<HashName>0xa640636d</HashName>
			<InitialHandle>227347</InitialHandle>
			<ObjectProperties>
				<TextureVariation>0</TextureVariation>
			</ObjectProperties>
			<OpacityLevel>255</OpacityLevel>
			<LodDistance>16960</LodDistance>
			<IsVisible>true</IsVisible>
			<MaxHealth>1000</MaxHealth>
			<Health>1000</Health>
			<HasGravity>true</HasGravity>
			<IsOnFire>false</IsOnFire>
			<IsInvincible>false</IsInvincible>
			<IsBulletProof>false</IsBulletProof>
			<IsCollisionProof>false</IsCollisionProof>
			<IsExplosionProof>false</IsExplosionProof>
			<IsFireProof>false</IsFireProof>
			<IsMeleeProof>false</IsMeleeProof>
			<IsOnlyDamagedByPlayer>false</IsOnlyDamagedByPlayer>
			<PositionRotation>
				<X>472.876251</X>
				<Y>-903.622803</Y>
				<Z>37.1252098</Z>
				<Pitch>-0.0416927561</Pitch>
				<Roll>-169.935837</Roll>
				<Yaw>-123.629723</Yaw>
			</PositionRotation>
			<Attachment isAttached="true">
				<AttachedTo>542210</AttachedTo>
				<BoneIndex>0</BoneIndex>
				<X>-0.458691537</X>
				<Y>0.119459666</Y>
				<Z>1.4015168</Z>
				<Pitch>-0.00313638174</Pitch>
				<Roll>-169.999817</Roll>
				<Yaw>-179.578247</Yaw>
			</Attachment>
		</Attachment>
		<Attachment>
			<ModelHash>0xa640636d</ModelHash>
			<Type>3</Type>
			<Dynamic>false</Dynamic>
			<FrozenPos>true</FrozenPos>
			<HashName>0xa640636d</HashName>
			<InitialHandle>357395</InitialHandle>
			<ObjectProperties>
				<TextureVariation>0</TextureVariation>
			</ObjectProperties>
			<OpacityLevel>255</OpacityLevel>
			<LodDistance>16960</LodDistance>
			<IsVisible>true</IsVisible>
			<MaxHealth>1000</MaxHealth>
			<Health>1000</Health>
			<HasGravity>true</HasGravity>
			<IsOnFire>false</IsOnFire>
			<IsInvincible>false</IsInvincible>
			<IsBulletProof>false</IsBulletProof>
			<IsCollisionProof>false</IsCollisionProof>
			<IsExplosionProof>false</IsExplosionProof>
			<IsFireProof>false</IsFireProof>
			<IsMeleeProof>false</IsMeleeProof>
			<IsOnlyDamagedByPlayer>false</IsOnlyDamagedByPlayer>
			<PositionRotation>
				<X>473.352844</X>
				<Y>-902.948486</Y>
				<Z>37.1383247</Z>
				<Pitch>-0.0424195305</Pitch>
				<Roll>-177.936157</Roll>
				<Yaw>-124.282661</Yaw>
			</PositionRotation>
			<Attachment isAttached="true">
				<AttachedTo>542210</AttachedTo>
				<BoneIndex>0</BoneIndex>
				<X>0.366867363</X>
				<Y>0.102168903</Y>
				<Z>1.41372907</Z>
				<Pitch>-0.00313646183</Pitch>
				<Roll>-177.999695</Roll>
				<Yaw>-180.231186</Yaw>
			</Attachment>
		</Attachment>
		<Attachment>
			<ModelHash>0xa640636d</ModelHash>
			<Type>3</Type>
			<Dynamic>false</Dynamic>
			<FrozenPos>true</FrozenPos>
			<HashName>0xa640636d</HashName>
			<InitialHandle>529427</InitialHandle>
			<ObjectProperties>
				<TextureVariation>0</TextureVariation>
			</ObjectProperties>
			<OpacityLevel>255</OpacityLevel>
			<LodDistance>16960</LodDistance>
			<IsVisible>true</IsVisible>
			<MaxHealth>1000</MaxHealth>
			<Health>1000</Health>
			<HasGravity>true</HasGravity>
			<IsOnFire>false</IsOnFire>
			<IsInvincible>false</IsInvincible>
			<IsBulletProof>false</IsBulletProof>
			<IsCollisionProof>false</IsCollisionProof>
			<IsExplosionProof>false</IsExplosionProof>
			<IsFireProof>false</IsFireProof>
			<IsMeleeProof>false</IsMeleeProof>
			<IsOnlyDamagedByPlayer>false</IsOnlyDamagedByPlayer>
			<PositionRotation>
				<X>472.116913</X>
				<Y>-904.021545</Y>
				<Z>36.0100784</Z>
				<Pitch>-0.0380906872</Pitch>
				<Roll>-79.9339828</Roll>
				<Yaw>-120.454941</Yaw>
			</PositionRotation>
			<Attachment isAttached="true">
				<AttachedTo>542210</AttachedTo>
				<BoneIndex>0</BoneIndex>
				<X>-1.21552408</X>
				<Y>0.524553537</Y>
				<Z>0.286950201</Z>
				<Pitch>-0.00313680852</Pitch>
				<Roll>-80</Roll>
				<Yaw>-176.403442</Yaw>
			</Attachment>
		</Attachment>
		<Attachment>
			<ModelHash>0xa640636d</ModelHash>
			<Type>3</Type>
			<Dynamic>false</Dynamic>
			<FrozenPos>true</FrozenPos>
			<HashName>0xa640636d</HashName>
			<InitialHandle>610323</InitialHandle>
			<ObjectProperties>
				<TextureVariation>0</TextureVariation>
			</ObjectProperties>
			<OpacityLevel>255</OpacityLevel>
			<LodDistance>16960</LodDistance>
			<IsVisible>true</IsVisible>
			<MaxHealth>1000</MaxHealth>
			<Health>1000</Health>
			<HasGravity>true</HasGravity>
			<IsOnFire>false</IsOnFire>
			<IsInvincible>false</IsInvincible>
			<IsBulletProof>false</IsBulletProof>
			<IsCollisionProof>false</IsCollisionProof>
			<IsExplosionProof>false</IsExplosionProof>
			<IsFireProof>false</IsFireProof>
			<IsMeleeProof>false</IsMeleeProof>
			<IsOnlyDamagedByPlayer>false</IsOnlyDamagedByPlayer>
			<PositionRotation>
				<X>473.351654</X>
				<Y>-901.979675</Y>
				<Z>36.0128021</Z>
				<Pitch>-0.0458740517</Pitch>
				<Roll>90.0611496</Roll>
				<Yaw>-127.454926</Yaw>
			</PositionRotation>
			<Attachment isAttached="true">
				<AttachedTo>542210</AttachedTo>
				<BoneIndex>0</BoneIndex>
				<X>1.16762328</X>
				<Y>0.644835532</Y>
				<Z>0.286945105</Z>
				<Pitch>-0.00313614332</Pitch>
				<Roll>89.9999008</Roll>
				<Yaw>-183.403442</Yaw>
			</Attachment>
		</Attachment>
		<Attachment>
			<ModelHash>0xa640636d</ModelHash>
			<Type>3</Type>
			<Dynamic>false</Dynamic>
			<FrozenPos>true</FrozenPos>
			<HashName>0xa640636d</HashName>
			<InitialHandle>740885</InitialHandle>
			<ObjectProperties>
				<TextureVariation>0</TextureVariation>
			</ObjectProperties>
			<OpacityLevel>255</OpacityLevel>
			<LodDistance>16960</LodDistance>
			<IsVisible>true</IsVisible>
			<MaxHealth>1000</MaxHealth>
			<Health>1000</Health>
			<HasGravity>true</HasGravity>
			<IsOnFire>false</IsOnFire>
			<IsInvincible>false</IsInvincible>
			<IsBulletProof>false</IsBulletProof>
			<IsCollisionProof>false</IsCollisionProof>
			<IsExplosionProof>false</IsExplosionProof>
			<IsFireProof>false</IsFireProof>
			<IsMeleeProof>false</IsMeleeProof>
			<IsOnlyDamagedByPlayer>false</IsOnlyDamagedByPlayer>
			<PositionRotation>
				<X>470.647705</X>
				<Y>-901.389648</Y>
				<Z>35.8010368</Z>
				<Pitch>0.927205265</Pitch>
				<Roll>-90.0374756</Roll>
				<Yaw>150.07901</Yaw>
			</PositionRotation>
			<Attachment isAttached="true">
				<AttachedTo>542210</AttachedTo>
				<BoneIndex>0</BoneIndex>
				<X>0.142220214</X>
				<Y>3.21538997</Y>
				<Z>0.0745692551</Z>
				<Pitch>0.993534982</Pitch>
				<Roll>-90.0031357</Roll>
				<Yaw>94.1299744</Yaw>
			</Attachment>
		</Attachment>
		<Attachment>
			<ModelHash>0xa640636d</ModelHash>
			<Type>3</Type>
			<Dynamic>false</Dynamic>
			<FrozenPos>true</FrozenPos>
			<HashName>0xa640636d</HashName>
			<InitialHandle>453147</InitialHandle>
			<ObjectProperties>
				<TextureVariation>0</TextureVariation>
			</ObjectProperties>
			<OpacityLevel>255</OpacityLevel>
			<LodDistance>16960</LodDistance>
			<IsVisible>true</IsVisible>
			<MaxHealth>1000</MaxHealth>
			<Health>1000</Health>
			<HasGravity>true</HasGravity>
			<IsOnFire>false</IsOnFire>
			<IsInvincible>false</IsInvincible>
			<IsBulletProof>false</IsBulletProof>
			<IsCollisionProof>false</IsCollisionProof>
			<IsExplosionProof>false</IsExplosionProof>
			<IsFireProof>false</IsFireProof>
			<IsMeleeProof>false</IsMeleeProof>
			<IsOnlyDamagedByPlayer>false</IsOnlyDamagedByPlayer>
			<PositionRotation>
				<X>470.854095</X>
				<Y>-903.119934</Y>
				<Z>36.0988541</Z>
				<Pitch>-0.0377829</Pitch>
				<Roll>-79.9338303</Roll>
				<Yaw>-120.189163</Yaw>
			</PositionRotation>
			<Attachment isAttached="true">
				<AttachedTo>542210</AttachedTo>
				<BoneIndex>0</BoneIndex>
				<X>-1.17547488</X>
				<Y>2.07576466</Y>
				<Z>0.374626249</Z>
				<Pitch>-0.00313595496</Pitch>
				<Roll>-80.0000076</Roll>
				<Yaw>-176.13768</Yaw>
			</Attachment>
		</Attachment>
		<Attachment>
			<ModelHash>0xa640636d</ModelHash>
			<Type>3</Type>
			<Dynamic>false</Dynamic>
			<FrozenPos>true</FrozenPos>
			<HashName>0xa640636d</HashName>
			<InitialHandle>733466</InitialHandle>
			<ObjectProperties>
				<TextureVariation>0</TextureVariation>
			</ObjectProperties>
			<OpacityLevel>255</OpacityLevel>
			<LodDistance>16960</LodDistance>
			<IsVisible>true</IsVisible>
			<MaxHealth>1000</MaxHealth>
			<Health>1000</Health>
			<HasGravity>true</HasGravity>
			<IsOnFire>false</IsOnFire>
			<IsInvincible>false</IsInvincible>
			<IsBulletProof>false</IsBulletProof>
			<IsCollisionProof>false</IsCollisionProof>
			<IsExplosionProof>false</IsExplosionProof>
			<IsFireProof>false</IsFireProof>
			<IsMeleeProof>false</IsMeleeProof>
			<IsOnlyDamagedByPlayer>false</IsOnlyDamagedByPlayer>
			<PositionRotation>
				<X>472.216125</X>
				<Y>-901.175659</Y>
				<Z>36.1014709</Z>
				<Pitch>-0.0426558144</Pitch>
				<Roll>100.063263</Roll>
				<Yaw>-124.49601</Yaw>
			</PositionRotation>
			<Attachment isAttached="true">
				<AttachedTo>542210</AttachedTo>
				<BoneIndex>0</BoneIndex>
				<X>1.19804978</X>
				<Y>2.03590989</Y>
				<Z>0.374629915</Z>
				<Pitch>-0.00313723553</Pitch>
				<Roll>99.9999008</Roll>
				<Yaw>-180.444534</Yaw>
			</Attachment>
		</Attachment>
		<Attachment>
			<ModelHash>0xa640636d</ModelHash>
			<Type>3</Type>
			<Dynamic>false</Dynamic>
			<FrozenPos>true</FrozenPos>
			<HashName>0xa640636d</HashName>
			<InitialHandle>114206</InitialHandle>
			<ObjectProperties>
				<TextureVariation>0</TextureVariation>
			</ObjectProperties>
			<OpacityLevel>255</OpacityLevel>
			<LodDistance>16960</LodDistance>
			<IsVisible>true</IsVisible>
			<MaxHealth>1000</MaxHealth>
			<Health>1000</Health>
			<HasGravity>true</HasGravity>
			<IsOnFire>false</IsOnFire>
			<IsInvincible>false</IsInvincible>
			<IsBulletProof>false</IsBulletProof>
			<IsCollisionProof>false</IsCollisionProof>
			<IsExplosionProof>false</IsExplosionProof>
			<IsFireProof>false</IsFireProof>
			<IsMeleeProof>false</IsMeleeProof>
			<IsOnlyDamagedByPlayer>false</IsOnlyDamagedByPlayer>
			<PositionRotation>
				<X>472.520172</X>
				<Y>-904.274902</Y>
				<Z>36.1975555</Z>
				<Pitch>-89.9314728</Pitch>
				<Roll>31.7302456</Roll>
				<Yaw>0</Yaw>
			</PositionRotation>
			<Attachment isAttached="true">
				<AttachedTo>542210</AttachedTo>
				<BoneIndex>0</BoneIndex>
				<X>-1.19940114</X>
				<Y>0.0487241745</Y>
				<Z>0.474735677</Z>
				<Pitch>-90.0031357</Pitch>
				<Roll>74.8242264</Roll>
				<Yaw>-12.8545094</Yaw>
			</Attachment>
		</Attachment>
		<Attachment>
			<ModelHash>0xa640636d</ModelHash>
			<Type>3</Type>
			<Dynamic>false</Dynamic>
			<FrozenPos>true</FrozenPos>
			<HashName>0xa640636d</HashName>
			<InitialHandle>408094</InitialHandle>
			<ObjectProperties>
				<TextureVariation>0</TextureVariation>
			</ObjectProperties>
			<OpacityLevel>255</OpacityLevel>
			<LodDistance>16960</LodDistance>
			<IsVisible>true</IsVisible>
			<MaxHealth>1000</MaxHealth>
			<Health>1000</Health>
			<HasGravity>true</HasGravity>
			<IsOnFire>false</IsOnFire>
			<IsInvincible>false</IsInvincible>
			<IsBulletProof>false</IsBulletProof>
			<IsCollisionProof>false</IsCollisionProof>
			<IsExplosionProof>false</IsExplosionProof>
			<IsFireProof>false</IsFireProof>
			<IsMeleeProof>false</IsMeleeProof>
			<IsOnlyDamagedByPlayer>false</IsOnlyDamagedByPlayer>
			<PositionRotation>
				<X>473.042603</X>
				<Y>-904.553894</Y>
				<Z>36.1972542</Z>
				<Pitch>-89.0533218</Pitch>
				<Roll>-101.50769</Roll>
				<Yaw>-133.671249</Yaw>
			</PositionRotation>
			<Attachment isAttached="true">
				<AttachedTo>542210</AttachedTo>
				<BoneIndex>0</BoneIndex>
				<X>-1.13803315</X>
				<Y>-0.540361285</Y>
				<Z>0.474767953</Z>
				<Pitch>-89.0029831</Pitch>
				<Roll>-104.74292</Roll>
				<Yaw>-192.854507</Yaw>
			</Attachment>
		</Attachment>
		<Attachment>
			<ModelHash>0xa640636d</ModelHash>
			<Type>3</Type>
			<Dynamic>false</Dynamic>
			<FrozenPos>true</FrozenPos>
			<HashName>0xa640636d</HashName>
			<InitialHandle>276255</InitialHandle>
			<ObjectProperties>
				<TextureVariation>0</TextureVariation>
			</ObjectProperties>
			<OpacityLevel>255</OpacityLevel>
			<LodDistance>16960</LodDistance>
			<IsVisible>true</IsVisible>
			<MaxHealth>1000</MaxHealth>
			<Health>1000</Health>
			<HasGravity>true</HasGravity>
			<IsOnFire>false</IsOnFire>
			<IsInvincible>false</IsInvincible>
			<IsBulletProof>false</IsBulletProof>
			<IsCollisionProof>false</IsCollisionProof>
			<IsExplosionProof>false</IsExplosionProof>
			<IsFireProof>false</IsFireProof>
			<IsMeleeProof>false</IsMeleeProof>
			<IsOnlyDamagedByPlayer>false</IsOnlyDamagedByPlayer>
			<PositionRotation>
				<X>473.781769</X>
				<Y>-902.326172</Y>
				<Z>36.2001648</Z>
				<Pitch>-89.9314728</Pitch>
				<Roll>-141.292648</Roll>
				<Yaw>0</Yaw>
			</PositionRotation>
			<Attachment isAttached="true">
				<AttachedTo>542210</AttachedTo>
				<BoneIndex>0</BoneIndex>
				<X>1.12159908</X>
				<Y>0.0946030468</Y>
				<Z>0.474734604</Z>
				<Pitch>-90.0031357</Pitch>
				<Roll>-98.1986771</Roll>
				<Yaw>-12.8545094</Yaw>
			</Attachment>
		</Attachment>
		<Attachment>
			<ModelHash>0xa640636d</ModelHash>
			<Type>3</Type>
			<Dynamic>false</Dynamic>
			<FrozenPos>true</FrozenPos>
			<HashName>0xa640636d</HashName>
			<InitialHandle>381727</InitialHandle>
			<ObjectProperties>
				<TextureVariation>0</TextureVariation>
			</ObjectProperties>
			<OpacityLevel>255</OpacityLevel>
			<LodDistance>16960</LodDistance>
			<IsVisible>true</IsVisible>
			<MaxHealth>1000</MaxHealth>
			<Health>1000</Health>
			<HasGravity>true</HasGravity>
			<IsOnFire>false</IsOnFire>
			<IsInvincible>false</IsInvincible>
			<IsBulletProof>false</IsBulletProof>
			<IsCollisionProof>false</IsCollisionProof>
			<IsExplosionProof>false</IsExplosionProof>
			<IsFireProof>false</IsFireProof>
			<IsMeleeProof>false</IsMeleeProof>
			<IsOnlyDamagedByPlayer>false</IsOnlyDamagedByPlayer>
			<PositionRotation>
				<X>474.305389</X>
				<Y>-902.704102</Y>
				<Z>36.1997414</Z>
				<Pitch>-89.9259796</Pitch>
				<Roll>-144.292526</Roll>
				<Yaw>0</Yaw>
			</PositionRotation>
			<Attachment isAttached="true">
				<AttachedTo>542210</AttachedTo>
				<BoneIndex>0</BoneIndex>
				<X>1.1016736</X>
				<Y>-0.55086875</Y>
				<Z>0.47476992</Z>
				<Pitch>-90.0031357</Pitch>
				<Roll>-101.198547</Roll>
				<Yaw>-12.8545094</Yaw>
			</Attachment>
		</Attachment>
		<Attachment>
			<ModelHash>0xa640636d</ModelHash>
			<Type>3</Type>
			<Dynamic>false</Dynamic>
			<FrozenPos>true</FrozenPos>
			<HashName>0xa640636d</HashName>
			<InitialHandle>591137</InitialHandle>
			<ObjectProperties>
				<TextureVariation>0</TextureVariation>
			</ObjectProperties>
			<OpacityLevel>255</OpacityLevel>
			<LodDistance>16960</LodDistance>
			<IsVisible>true</IsVisible>
			<MaxHealth>1000</MaxHealth>
			<Health>1000</Health>
			<HasGravity>true</HasGravity>
			<IsOnFire>false</IsOnFire>
			<IsInvincible>false</IsInvincible>
			<IsBulletProof>false</IsBulletProof>
			<IsCollisionProof>false</IsCollisionProof>
			<IsExplosionProof>false</IsExplosionProof>
			<IsFireProof>false</IsFireProof>
			<IsMeleeProof>false</IsMeleeProof>
			<IsOnlyDamagedByPlayer>false</IsOnlyDamagedByPlayer>
			<PositionRotation>
				<X>474.033844</X>
				<Y>-905.33252</Y>
				<Z>35.9963722</Z>
				<Pitch>-0.0357650779</Pitch>
				<Roll>-89.932785</Roll>
				<Yaw>-118.454857</Yaw>
			</PositionRotation>
			<Attachment isAttached="true">
				<AttachedTo>542210</AttachedTo>
				<BoneIndex>0</BoneIndex>
				<X>-1.22832513</X>
				<Y>-1.79776883</Y>
				<Z>0.274839759</Z>
				<Pitch>-0.00313595496</Pitch>
				<Roll>-89.9999847</Roll>
				<Yaw>-174.403381</Yaw>
			</Attachment>
		</Attachment>
		<Attachment>
			<ModelHash>0xa640636d</ModelHash>
			<Type>3</Type>
			<Dynamic>false</Dynamic>
			<FrozenPos>true</FrozenPos>
			<HashName>0xa640636d</HashName>
			<InitialHandle>686114</InitialHandle>
			<ObjectProperties>
				<TextureVariation>0</TextureVariation>
			</ObjectProperties>
			<OpacityLevel>255</OpacityLevel>
			<LodDistance>16960</LodDistance>
			<IsVisible>true</IsVisible>
			<MaxHealth>1000</MaxHealth>
			<Health>1000</Health>
			<HasGravity>true</HasGravity>
			<IsOnFire>false</IsOnFire>
			<IsInvincible>false</IsInvincible>
			<IsBulletProof>false</IsBulletProof>
			<IsCollisionProof>false</IsCollisionProof>
			<IsExplosionProof>false</IsExplosionProof>
			<IsFireProof>false</IsFireProof>
			<IsMeleeProof>false</IsMeleeProof>
			<IsOnlyDamagedByPlayer>false</IsOnlyDamagedByPlayer>
			<PositionRotation>
				<X>475.388092</X>
				<Y>-903.315857</Y>
				<Z>36.0990753</Z>
				<Pitch>-0.043710649</Pitch>
				<Roll>100.062584</Roll>
				<Yaw>-125.454887</Yaw>
			</PositionRotation>
			<Attachment isAttached="true">
				<AttachedTo>542210</AttachedTo>
				<BoneIndex>0</BoneIndex>
				<X>1.20092201</X>
				<Y>-1.79054666</Y>
				<Z>0.374839365</Z>
				<Pitch>-0.00313616823</Pitch>
				<Roll>99.9998779</Roll>
				<Yaw>-181.403412</Yaw>
			</Attachment>
		</Attachment>
		<Attachment>
			<ModelHash>0xa640636d</ModelHash>
			<Type>3</Type>
			<Dynamic>false</Dynamic>
			<FrozenPos>true</FrozenPos>
			<HashName>0xa640636d</HashName>
			<InitialHandle>364067</InitialHandle>
			<ObjectProperties>
				<TextureVariation>0</TextureVariation>
			</ObjectProperties>
			<OpacityLevel>255</OpacityLevel>
			<LodDistance>16960</LodDistance>
			<IsVisible>true</IsVisible>
			<MaxHealth>1000</MaxHealth>
			<Health>1000</Health>
			<HasGravity>true</HasGravity>
			<IsOnFire>false</IsOnFire>
			<IsInvincible>false</IsInvincible>
			<IsBulletProof>false</IsBulletProof>
			<IsCollisionProof>false</IsCollisionProof>
			<IsExplosionProof>false</IsExplosionProof>
			<IsFireProof>false</IsFireProof>
			<IsMeleeProof>false</IsMeleeProof>
			<IsOnlyDamagedByPlayer>false</IsOnlyDamagedByPlayer>
			<PositionRotation>
				<X>476.057678</X>
				<Y>-904.891235</Y>
				<Z>35.7971458</Z>
				<Pitch>-0.0663411245</Pitch>
				<Roll>89.960144</Roll>
				<Yaw>145.253235</Yaw>
			</PositionRotation>
			<Attachment isAttached="true">
				<AttachedTo>542210</AttachedTo>
				<BoneIndex>0</BoneIndex>
				<X>0.270270586</X>
				<Y>-3.22762418</Y>
				<Z>0.0749220252</Z>
				<Pitch>-0.00313339359</Pitch>
				<Roll>89.999939</Roll>
				<Yaw>89.3047867</Yaw>
			</Attachment>
		</Attachment>
		<Attachment>
			<ModelHash>0xa640636d</ModelHash>
			<Type>3</Type>
			<Dynamic>false</Dynamic>
			<FrozenPos>true</FrozenPos>
			<HashName>0xa640636d</HashName>
			<InitialHandle>683299</InitialHandle>
			<ObjectProperties>
				<TextureVariation>0</TextureVariation>
			</ObjectProperties>
			<OpacityLevel>255</OpacityLevel>
			<LodDistance>16960</LodDistance>
			<IsVisible>true</IsVisible>
			<MaxHealth>1000</MaxHealth>
			<Health>1000</Health>
			<HasGravity>true</HasGravity>
			<IsOnFire>false</IsOnFire>
			<IsInvincible>false</IsInvincible>
			<IsBulletProof>false</IsBulletProof>
			<IsCollisionProof>false</IsCollisionProof>
			<IsExplosionProof>false</IsExplosionProof>
			<IsFireProof>false</IsFireProof>
			<IsMeleeProof>false</IsMeleeProof>
			<IsOnlyDamagedByPlayer>false</IsOnlyDamagedByPlayer>
			<PositionRotation>
				<X>475.808319</X>
				<Y>-905.313416</Y>
				<Z>35.7965775</Z>
				<Pitch>0.0615366809</Pitch>
				<Roll>-89.9626312</Roll>
				<Yaw>-32.5651588</Yaw>
			</PositionRotation>
			<Attachment isAttached="true">
				<AttachedTo>542210</AttachedTo>
				<BoneIndex>0</BoneIndex>
				<X>-0.219133511</X>
				<Y>-3.25741982</Y>
				<Z>0.0749179423</Z>
				<Pitch>-0.00313595496</Pitch>
				<Roll>-90</Roll>
				<Yaw>-88.5136185</Yaw>
			</Attachment>
		</Attachment>
		<Attachment>
			<ModelHash>0xa640636d</ModelHash>
			<Type>3</Type>
			<Dynamic>false</Dynamic>
			<FrozenPos>true</FrozenPos>
			<HashName>0xa640636d</HashName>
			<InitialHandle>150311</InitialHandle>
			<ObjectProperties>
				<TextureVariation>0</TextureVariation>
			</ObjectProperties>
			<OpacityLevel>255</OpacityLevel>
			<LodDistance>16960</LodDistance>
			<IsVisible>true</IsVisible>
			<MaxHealth>1000</MaxHealth>
			<Health>1000</Health>
			<HasGravity>true</HasGravity>
			<IsOnFire>false</IsOnFire>
			<IsInvincible>false</IsInvincible>
			<IsBulletProof>false</IsBulletProof>
			<IsCollisionProof>false</IsCollisionProof>
			<IsExplosionProof>false</IsExplosionProof>
			<IsFireProof>false</IsFireProof>
			<IsMeleeProof>false</IsMeleeProof>
			<IsOnlyDamagedByPlayer>false</IsOnlyDamagedByPlayer>
			<PositionRotation>
				<X>475.834106</X>
				<Y>-905.108215</Y>
				<Z>36.2519875</Z>
				<Pitch>0.0624898374</Pitch>
				<Roll>-101.964302</Roll>
				<Yaw>-31.0844002</Yaw>
			</PositionRotation>
			<Attachment isAttached="true">
				<AttachedTo>542210</AttachedTo>
				<BoneIndex>0</BoneIndex>
				<X>-0.0341808498</X>
				<Y>-3.16357136</Y>
				<Z>0.530061305</Z>
				<Pitch>-0.00313574146</Pitch>
				<Roll>-101.999992</Roll>
				<Yaw>-87.0328674</Yaw>
			</Attachment>
		</Attachment>
		<Attachment>
			<ModelHash>0xa640636d</ModelHash>
			<Type>3</Type>
			<Dynamic>false</Dynamic>
			<FrozenPos>true</FrozenPos>
			<HashName>0xa640636d</HashName>
			<InitialHandle>349736</InitialHandle>
			<ObjectProperties>
				<TextureVariation>0</TextureVariation>
			</ObjectProperties>
			<OpacityLevel>255</OpacityLevel>
			<LodDistance>16960</LodDistance>
			<IsVisible>true</IsVisible>
			<MaxHealth>1000</MaxHealth>
			<Health>1000</Health>
			<HasGravity>true</HasGravity>
			<IsOnFire>false</IsOnFire>
			<IsInvincible>false</IsInvincible>
			<IsBulletProof>false</IsBulletProof>
			<IsCollisionProof>false</IsCollisionProof>
			<IsExplosionProof>false</IsExplosionProof>
			<IsFireProof>false</IsFireProof>
			<IsMeleeProof>false</IsMeleeProof>
			<IsOnlyDamagedByPlayer>false</IsOnlyDamagedByPlayer>
			<PositionRotation>
				<X>474.028229</X>
				<Y>-903.908325</Y>
				<Z>36.7833252</Z>
				<Pitch>0.0616018921</Pitch>
				<Roll>-89.9627228</Roll>
				<Yaw>-32.4781151</Yaw>
			</PositionRotation>
			<Attachment isAttached="true">
				<AttachedTo>542210</AttachedTo>
				<BoneIndex>0</BoneIndex>
				<X>-0.0506164022</X>
				<Y>-0.99512881</Y>
				<Z>1.0599376</Z>
				<Pitch>-0.00313616823</Pitch>
				<Roll>-90</Roll>
				<Yaw>-88.4265747</Yaw>
			</Attachment>
		</Attachment>
		<Attachment>
			<ModelHash>0xa640636d</ModelHash>
			<Type>3</Type>
			<Dynamic>false</Dynamic>
			<FrozenPos>true</FrozenPos>
			<HashName>0xa640636d</HashName>
			<InitialHandle>398888</InitialHandle>
			<ObjectProperties>
				<TextureVariation>0</TextureVariation>
			</ObjectProperties>
			<OpacityLevel>255</OpacityLevel>
			<LodDistance>16960</LodDistance>
			<IsVisible>true</IsVisible>
			<MaxHealth>1000</MaxHealth>
			<Health>1000</Health>
			<HasGravity>true</HasGravity>
			<IsOnFire>false</IsOnFire>
			<IsInvincible>false</IsInvincible>
			<IsBulletProof>false</IsBulletProof>
			<IsCollisionProof>false</IsCollisionProof>
			<IsExplosionProof>false</IsExplosionProof>
			<IsFireProof>false</IsFireProof>
			<IsMeleeProof>false</IsMeleeProof>
			<IsOnlyDamagedByPlayer>false</IsOnlyDamagedByPlayer>
			<PositionRotation>
				<X>474.143433</X>
				<Y>-903.979126</Y>
				<Z>36.1832542</Z>
				<Pitch>0.0613146164</Pitch>
				<Roll>-109.962234</Roll>
				<Yaw>-32.910717</Yaw>
			</PositionRotation>
			<Attachment isAttached="true">
				<AttachedTo>542210</AttachedTo>
				<BoneIndex>0</BoneIndex>
				<X>-0.0454377569</X>
				<Y>-1.13062918</Y>
				<Z>0.459954143</Z>
				<Pitch>-0.00313595496</Pitch>
				<Roll>-109.999985</Roll>
				<Yaw>-88.8591766</Yaw>
			</Attachment>
		</Attachment>
		<Attachment>
			<ModelHash>0xa640636d</ModelHash>
			<Type>3</Type>
			<Dynamic>false</Dynamic>
			<FrozenPos>true</FrozenPos>
			<HashName>0xa640636d</HashName>
			<InitialHandle>269352</InitialHandle>
			<ObjectProperties>
				<TextureVariation>0</TextureVariation>
			</ObjectProperties>
			<OpacityLevel>255</OpacityLevel>
			<LodDistance>16960</LodDistance>
			<IsVisible>true</IsVisible>
			<MaxHealth>1000</MaxHealth>
			<Health>1000</Health>
			<HasGravity>true</HasGravity>
			<IsOnFire>false</IsOnFire>
			<IsInvincible>false</IsInvincible>
			<IsBulletProof>false</IsBulletProof>
			<IsCollisionProof>false</IsCollisionProof>
			<IsExplosionProof>false</IsExplosionProof>
			<IsFireProof>false</IsFireProof>
			<IsMeleeProof>false</IsMeleeProof>
			<IsOnlyDamagedByPlayer>false</IsOnlyDamagedByPlayer>
			<PositionRotation>
				<X>471.915558</X>
				<Y>-903.918457</Y>
				<Z>35.4979553</Z>
				<Pitch>-0.0418485701</Pitch>
				<Roll>-109.936104</Roll>
				<Yaw>-123.767311</Yaw>
			</PositionRotation>
			<Attachment isAttached="true">
				<AttachedTo>542210</AttachedTo>
				<BoneIndex>0</BoneIndex>
				<X>-1.24342489</X>
				<Y>0.74875468</Y>
				<Z>-0.225292012</Z>
				<Pitch>-0.00313723553</Pitch>
				<Roll>-109.999985</Roll>
				<Yaw>-179.715836</Yaw>
			</Attachment>
		</Attachment>
		<Attachment>
			<ModelHash>0xa640636d</ModelHash>
			<Type>3</Type>
			<Dynamic>false</Dynamic>
			<FrozenPos>true</FrozenPos>
			<HashName>0xa640636d</HashName>
			<InitialHandle>586537</InitialHandle>
			<ObjectProperties>
				<TextureVariation>0</TextureVariation>
			</ObjectProperties>
			<OpacityLevel>255</OpacityLevel>
			<LodDistance>16960</LodDistance>
			<IsVisible>true</IsVisible>
			<MaxHealth>1000</MaxHealth>
			<Health>1000</Health>
			<HasGravity>true</HasGravity>
			<IsOnFire>false</IsOnFire>
			<IsInvincible>false</IsInvincible>
			<IsBulletProof>false</IsBulletProof>
			<IsCollisionProof>false</IsCollisionProof>
			<IsExplosionProof>false</IsExplosionProof>
			<IsFireProof>false</IsFireProof>
			<IsMeleeProof>false</IsMeleeProof>
			<IsOnlyDamagedByPlayer>false</IsOnlyDamagedByPlayer>
			<PositionRotation>
				<X>473.275909</X>
				<Y>-901.874146</Y>
				<Z>35.5006981</Z>
				<Pitch>-0.0450912006</Pitch>
				<Roll>110.061638</Roll>
				<Yaw>-126.727554</Yaw>
			</PositionRotation>
			<Attachment isAttached="true">
				<AttachedTo>542210</AttachedTo>
				<BoneIndex>0</BoneIndex>
				<X>1.21206784</X>
				<Y>0.766321957</Y>
				<Z>-0.225291446</Z>
				<Pitch>-0.00313574146</Pitch>
				<Roll>109.999863</Roll>
				<Yaw>-182.676071</Yaw>
			</Attachment>
		</Attachment>
		<Attachment>
			<ModelHash>0xa640636d</ModelHash>
			<Type>3</Type>
			<Dynamic>false</Dynamic>
			<FrozenPos>true</FrozenPos>
			<HashName>0xa640636d</HashName>
			<InitialHandle>445228</InitialHandle>
			<ObjectProperties>
				<TextureVariation>0</TextureVariation>
			</ObjectProperties>
			<OpacityLevel>255</OpacityLevel>
			<LodDistance>16960</LodDistance>
			<IsVisible>true</IsVisible>
			<MaxHealth>1000</MaxHealth>
			<Health>1000</Health>
			<HasGravity>true</HasGravity>
			<IsOnFire>false</IsOnFire>
			<IsInvincible>false</IsInvincible>
			<IsBulletProof>false</IsBulletProof>
			<IsCollisionProof>false</IsCollisionProof>
			<IsExplosionProof>false</IsExplosionProof>
			<IsFireProof>false</IsFireProof>
			<IsMeleeProof>false</IsMeleeProof>
			<IsOnlyDamagedByPlayer>false</IsOnlyDamagedByPlayer>
			<PositionRotation>
				<X>474.304688</X>
				<Y>-904.160339</Y>
				<Z>35.8830452</Z>
				<Pitch>0.0614844114</Pitch>
				<Roll>0.0374192409</Roll>
				<Yaw>-32.6480865</Yaw>
			</PositionRotation>
			<Attachment isAttached="true">
				<AttachedTo>542210</AttachedTo>
				<BoneIndex>0</BoneIndex>
				<X>-0.105599545</X>
				<Y>-1.3658936</Y>
				<Z>0.15997155</Z>
				<Pitch>-0.00313638174</Pitch>
				<Roll>-3.56456221e-05</Roll>
				<Yaw>-88.59655</Yaw>
			</Attachment>
		</Attachment>
		<Attachment>
			<ModelHash>0xa640636d</ModelHash>
			<Type>3</Type>
			<Dynamic>false</Dynamic>
			<FrozenPos>true</FrozenPos>
			<HashName>0xa640636d</HashName>
			<InitialHandle>619308</InitialHandle>
			<ObjectProperties>
				<TextureVariation>0</TextureVariation>
			</ObjectProperties>
			<OpacityLevel>255</OpacityLevel>
			<LodDistance>16960</LodDistance>
			<IsVisible>true</IsVisible>
			<MaxHealth>1000</MaxHealth>
			<Health>1000</Health>
			<HasGravity>true</HasGravity>
			<IsOnFire>false</IsOnFire>
			<IsInvincible>false</IsInvincible>
			<IsBulletProof>false</IsBulletProof>
			<IsCollisionProof>false</IsCollisionProof>
			<IsExplosionProof>false</IsExplosionProof>
			<IsFireProof>false</IsFireProof>
			<IsMeleeProof>false</IsMeleeProof>
			<IsOnlyDamagedByPlayer>false</IsOnlyDamagedByPlayer>
			<PositionRotation>
				<X>474.877594</X>
				<Y>-904.475037</Y>
				<Z>35.8827095</Z>
				<Pitch>0.0603228584</Pitch>
				<Roll>0.0393552184</Roll>
				<Yaw>-34.3800507</Yaw>
			</PositionRotation>
			<Attachment isAttached="true">
				<AttachedTo>542210</AttachedTo>
				<BoneIndex>0</BoneIndex>
				<X>-0.0455626659</X>
				<Y>-2.01677847</Y>
				<Z>0.160011038</Z>
				<Pitch>-0.00313638174</Pitch>
				<Roll>-3.56456221e-05</Roll>
				<Yaw>-90.3285141</Yaw>
			</Attachment>
		</Attachment>
		<Attachment>
			<ModelHash>0xa640636d</ModelHash>
			<Type>3</Type>
			<Dynamic>false</Dynamic>
			<FrozenPos>true</FrozenPos>
			<HashName>0xa640636d</HashName>
			<InitialHandle>102444</InitialHandle>
			<ObjectProperties>
				<TextureVariation>0</TextureVariation>
			</ObjectProperties>
			<OpacityLevel>255</OpacityLevel>
			<LodDistance>16960</LodDistance>
			<IsVisible>true</IsVisible>
			<MaxHealth>1000</MaxHealth>
			<Health>1000</Health>
			<HasGravity>true</HasGravity>
			<IsOnFire>false</IsOnFire>
			<IsInvincible>false</IsInvincible>
			<IsBulletProof>false</IsBulletProof>
			<IsCollisionProof>false</IsCollisionProof>
			<IsExplosionProof>false</IsExplosionProof>
			<IsFireProof>false</IsFireProof>
			<IsMeleeProof>false</IsMeleeProof>
			<IsOnlyDamagedByPlayer>false</IsOnlyDamagedByPlayer>
			<PositionRotation>
				<X>475.324799</X>
				<Y>-904.741882</Y>
				<Z>35.8824196</Z>
				<Pitch>0.0604420081</Pitch>
				<Roll>0.0391626172</Roll>
				<Yaw>-34.2063179</Yaw>
			</PositionRotation>
			<Attachment isAttached="true">
				<AttachedTo>542210</AttachedTo>
				<BoneIndex>0</BoneIndex>
				<X>-0.0162409339</X>
				<Y>-2.53669834</Y>
				<Z>0.160043329</Z>
				<Pitch>-0.00313638174</Pitch>
				<Roll>-3.56456221e-05</Roll>
				<Yaw>-90.1547775</Yaw>
			</Attachment>
		</Attachment>
		<Attachment>
			<ModelHash>0xa640636d</ModelHash>
			<Type>3</Type>
			<Dynamic>false</Dynamic>
			<FrozenPos>true</FrozenPos>
			<HashName>0xa640636d</HashName>
			<InitialHandle>271661</InitialHandle>
			<ObjectProperties>
				<TextureVariation>0</TextureVariation>
			</ObjectProperties>
			<OpacityLevel>255</OpacityLevel>
			<LodDistance>16960</LodDistance>
			<IsVisible>true</IsVisible>
			<MaxHealth>1000</MaxHealth>
			<Health>1000</Health>
			<HasGravity>true</HasGravity>
			<IsOnFire>false</IsOnFire>
			<IsInvincible>false</IsInvincible>
			<IsBulletProof>false</IsBulletProof>
			<IsCollisionProof>false</IsCollisionProof>
			<IsExplosionProof>false</IsExplosionProof>
			<IsFireProof>false</IsFireProof>
			<IsMeleeProof>false</IsMeleeProof>
			<IsOnlyDamagedByPlayer>false</IsOnlyDamagedByPlayer>
			<PositionRotation>
				<X>474.371338</X>
				<Y>-905.052734</Y>
				<Z>36.1494827</Z>
				<Pitch>0.0364542492</Pitch>
				<Roll>-0.0633704513</Roll>
				<Yaw>55.4394302</Yaw>
			</PositionRotation>
			<Attachment isAttached="true">
				<AttachedTo>542210</AttachedTo>
				<BoneIndex>0</BoneIndex>
				<X>-0.80736357</X>
				<Y>-1.92061651</Y>
				<Z>0.427568167</Z>
				<Pitch>-0.00313638174</Pitch>
				<Roll>-3.56456221e-05</Roll>
				<Yaw>-0.509065628</Yaw>
			</Attachment>
		</Attachment>
		<Attachment>
			<ModelHash>0xa640636d</ModelHash>
			<Type>3</Type>
			<Dynamic>false</Dynamic>
			<FrozenPos>true</FrozenPos>
			<HashName>0xa640636d</HashName>
			<InitialHandle>483117</InitialHandle>
			<ObjectProperties>
				<TextureVariation>0</TextureVariation>
			</ObjectProperties>
			<OpacityLevel>255</OpacityLevel>
			<LodDistance>16960</LodDistance>
			<IsVisible>true</IsVisible>
			<MaxHealth>1000</MaxHealth>
			<Health>1000</Health>
			<HasGravity>true</HasGravity>
			<IsOnFire>false</IsOnFire>
			<IsInvincible>false</IsInvincible>
			<IsBulletProof>false</IsBulletProof>
			<IsCollisionProof>false</IsCollisionProof>
			<IsExplosionProof>false</IsExplosionProof>
			<IsFireProof>false</IsFireProof>
			<IsMeleeProof>false</IsMeleeProof>
			<IsOnlyDamagedByPlayer>false</IsOnlyDamagedByPlayer>
			<PositionRotation>
				<X>475.249023</X>
				<Y>-903.769348</Y>
				<Z>36.15802</Z>
				<Pitch>0.0354923829</Pitch>
				<Roll>-0.0639616475</Roll>
				<Yaw>56.3055191</Yaw>
			</PositionRotation>
			<Attachment isAttached="true">
				<AttachedTo>542210</AttachedTo>
				<BoneIndex>0</BoneIndex>
				<X>0.747391343</X>
				<Y>-1.92920268</Y>
				<Z>0.434382647</Z>
				<Pitch>-0.00313638174</Pitch>
				<Roll>-3.56456221e-05</Roll>
				<Yaw>0.357023239</Yaw>
			</Attachment>
		</Attachment>
		<Attachment>
			<ModelHash>0xa640636d</ModelHash>
			<Type>3</Type>
			<Dynamic>false</Dynamic>
			<FrozenPos>true</FrozenPos>
			<HashName>0xa640636d</HashName>
			<InitialHandle>251694</InitialHandle>
			<ObjectProperties>
				<TextureVariation>0</TextureVariation>
			</ObjectProperties>
			<OpacityLevel>255</OpacityLevel>
			<LodDistance>16960</LodDistance>
			<IsVisible>true</IsVisible>
			<MaxHealth>1000</MaxHealth>
			<Health>1000</Health>
			<HasGravity>true</HasGravity>
			<IsOnFire>false</IsOnFire>
			<IsInvincible>false</IsInvincible>
			<IsBulletProof>false</IsBulletProof>
			<IsCollisionProof>false</IsCollisionProof>
			<IsExplosionProof>false</IsExplosionProof>
			<IsFireProof>false</IsFireProof>
			<IsMeleeProof>false</IsMeleeProof>
			<IsOnlyDamagedByPlayer>false</IsOnlyDamagedByPlayer>
			<PositionRotation>
				<X>474.343567</X>
				<Y>-905.081848</Y>
				<Z>36.5259094</Z>
				<Pitch>-3.96314073</Pitch>
				<Roll>178.180679</Roll>
				<Yaw>55.0895653</Yaw>
			</PositionRotation>
			<Attachment isAttached="true">
				<AttachedTo>542210</AttachedTo>
				<BoneIndex>0</BoneIndex>
				<X>-0.846625686</X>
				<Y>-1.9136399</Y>
				<Z>0.804032624</Z>
				<Pitch>-4.0031147</Pitch>
				<Roll>178.243942</Roll>
				<Yaw>-0.854520798</Yaw>
			</Attachment>
		</Attachment>
		<Attachment>
			<ModelHash>0xa640636d</ModelHash>
			<Type>3</Type>
			<Dynamic>false</Dynamic>
			<FrozenPos>true</FrozenPos>
			<HashName>0xa640636d</HashName>
			<InitialHandle>683053</InitialHandle>
			<ObjectProperties>
				<TextureVariation>0</TextureVariation>
			</ObjectProperties>
			<OpacityLevel>255</OpacityLevel>
			<LodDistance>16960</LodDistance>
			<IsVisible>true</IsVisible>
			<MaxHealth>1000</MaxHealth>
			<Health>1000</Health>
			<HasGravity>true</HasGravity>
			<IsOnFire>false</IsOnFire>
			<IsInvincible>false</IsInvincible>
			<IsBulletProof>false</IsBulletProof>
			<IsCollisionProof>false</IsCollisionProof>
			<IsExplosionProof>false</IsExplosionProof>
			<IsFireProof>false</IsFireProof>
			<IsMeleeProof>false</IsMeleeProof>
			<IsOnlyDamagedByPlayer>false</IsOnlyDamagedByPlayer>
			<PositionRotation>
				<X>475.270691</X>
				<Y>-903.736389</Y>
				<Z>36.5314713</Z>
				<Pitch>-4.03949833</Pitch>
				<Roll>-179.934387</Roll>
				<Yaw>-121.680168</Yaw>
			</PositionRotation>
			<Attachment isAttached="true">
				<AttachedTo>542210</AttachedTo>
				<BoneIndex>0</BoneIndex>
				<X>0.787249565</X>
				<Y>-1.9284488</Y>
				<Z>0.807788074</Z>
				<Pitch>-4.00313616</Pitch>
				<Roll>-179.999802</Roll>
				<Yaw>-177.63324</Yaw>
			</Attachment>
		</Attachment>
		<Attachment>
			<ModelHash>0x715c7e1f</ModelHash>
			<Type>3</Type>
			<Dynamic>false</Dynamic>
			<FrozenPos>true</FrozenPos>
			<HashName>w_lr_homing</HashName>
			<InitialHandle>215345</InitialHandle>
			<ObjectProperties>
				<TextureVariation>0</TextureVariation>
			</ObjectProperties>
			<OpacityLevel>255</OpacityLevel>
			<LodDistance>16960</LodDistance>
			<IsVisible>true</IsVisible>
			<MaxHealth>1000</MaxHealth>
			<Health>1000</Health>
			<HasGravity>true</HasGravity>
			<IsOnFire>false</IsOnFire>
			<IsInvincible>false</IsInvincible>
			<IsBulletProof>false</IsBulletProof>
			<IsCollisionProof>false</IsCollisionProof>
			<IsExplosionProof>false</IsExplosionProof>
			<IsFireProof>false</IsFireProof>
			<IsMeleeProof>false</IsMeleeProof>
			<IsOnlyDamagedByPlayer>false</IsOnlyDamagedByPlayer>
			<PositionRotation>
				<X>473.097443</X>
				<Y>-902.505188</Y>
				<Z>37.0716095</Z>
				<Pitch>-0.0686008632</Pitch>
				<Roll>-0.0359955765</Roll>
				<Yaw>148.668747</Yaw>
			</PositionRotation>
			<Attachment isAttached="true">
				<AttachedTo>542210</AttachedTo>
				<BoneIndex>0</BoneIndex>
				<X>0.591042519</X>
				<Y>0.561921895</Y>
				<Z>1.34645092</Z>
				<Pitch>-0.00313638174</Pitch>
				<Roll>-3.56456221e-05</Roll>
				<Yaw>92.7202988</Yaw>
			</Attachment>
		</Attachment>
		<Attachment>
			<ModelHash>0x715c7e1f</ModelHash>
			<Type>3</Type>
			<Dynamic>false</Dynamic>
			<FrozenPos>true</FrozenPos>
			<HashName>w_lr_homing</HashName>
			<InitialHandle>487985</InitialHandle>
			<ObjectProperties>
				<TextureVariation>0</TextureVariation>
			</ObjectProperties>
			<OpacityLevel>255</OpacityLevel>
			<LodDistance>16960</LodDistance>
			<IsVisible>true</IsVisible>
			<MaxHealth>1000</MaxHealth>
			<Health>1000</Health>
			<HasGravity>true</HasGravity>
			<IsOnFire>false</IsOnFire>
			<IsInvincible>false</IsInvincible>
			<IsBulletProof>false</IsBulletProof>
			<IsCollisionProof>false</IsCollisionProof>
			<IsExplosionProof>false</IsExplosionProof>
			<IsFireProof>false</IsFireProof>
			<IsMeleeProof>false</IsMeleeProof>
			<IsOnlyDamagedByPlayer>false</IsOnlyDamagedByPlayer>
			<PositionRotation>
				<X>472.988922</X>
				<Y>-902.669312</Y>
				<Z>37.0773354</Z>
				<Pitch>-0.0682718903</Pitch>
				<Roll>-0.0365880765</Roll>
				<Yaw>148.148865</Yaw>
			</PositionRotation>
			<Attachment isAttached="true">
				<AttachedTo>542210</AttachedTo>
				<BoneIndex>0</BoneIndex>
				<X>0.394335806</X>
				<Y>0.559981823</Y>
				<Z>1.35239422</Z>
				<Pitch>-0.00313638174</Pitch>
				<Roll>-3.56456221e-05</Roll>
				<Yaw>92.2004318</Yaw>
			</Attachment>
		</Attachment>
		<Attachment>
			<ModelHash>0x715c7e1f</ModelHash>
			<Type>3</Type>
			<Dynamic>false</Dynamic>
			<FrozenPos>true</FrozenPos>
			<HashName>w_lr_homing</HashName>
			<InitialHandle>484912</InitialHandle>
			<ObjectProperties>
				<TextureVariation>0</TextureVariation>
			</ObjectProperties>
			<OpacityLevel>255</OpacityLevel>
			<LodDistance>16960</LodDistance>
			<IsVisible>true</IsVisible>
			<MaxHealth>1000</MaxHealth>
			<Health>1000</Health>
			<HasGravity>true</HasGravity>
			<IsOnFire>false</IsOnFire>
			<IsInvincible>false</IsInvincible>
			<IsBulletProof>false</IsBulletProof>
			<IsCollisionProof>false</IsCollisionProof>
			<IsExplosionProof>false</IsExplosionProof>
			<IsFireProof>false</IsFireProof>
			<IsMeleeProof>false</IsMeleeProof>
			<IsOnlyDamagedByPlayer>false</IsOnlyDamagedByPlayer>
			<PositionRotation>
				<X>472.889404</X>
				<Y>-902.829529</Y>
				<Z>37.0865288</Z>
				<Pitch>-0.0682718903</Pitch>
				<Roll>-0.0365880765</Roll>
				<Yaw>148.148865</Yaw>
			</PositionRotation>
			<Attachment isAttached="true">
				<AttachedTo>542210</AttachedTo>
				<BoneIndex>0</BoneIndex>
				<X>0.205867544</X>
				<Y>0.552718818</Y>
				<Z>1.36180151</Z>
				<Pitch>-0.00313638174</Pitch>
				<Roll>-3.56456221e-05</Roll>
				<Yaw>92.2004318</Yaw>
			</Attachment>
		</Attachment>
		<Attachment>
			<ModelHash>0x715c7e1f</ModelHash>
			<Type>3</Type>
			<Dynamic>false</Dynamic>
			<FrozenPos>true</FrozenPos>
			<HashName>w_lr_homing</HashName>
			<InitialHandle>656945</InitialHandle>
			<ObjectProperties>
				<TextureVariation>0</TextureVariation>
			</ObjectProperties>
			<OpacityLevel>255</OpacityLevel>
			<LodDistance>16960</LodDistance>
			<IsVisible>true</IsVisible>
			<MaxHealth>1000</MaxHealth>
			<Health>1000</Health>
			<HasGravity>true</HasGravity>
			<IsOnFire>false</IsOnFire>
			<IsInvincible>false</IsInvincible>
			<IsBulletProof>false</IsBulletProof>
			<IsCollisionProof>false</IsCollisionProof>
			<IsExplosionProof>false</IsExplosionProof>
			<IsFireProof>false</IsFireProof>
			<IsMeleeProof>false</IsMeleeProof>
			<IsOnlyDamagedByPlayer>false</IsOnlyDamagedByPlayer>
			<PositionRotation>
				<X>472.79187</X>
				<Y>-902.993408</Y>
				<Z>37.1035385</Z>
				<Pitch>-0.0683820918</Pitch>
				<Roll>-0.0363910012</Roll>
				<Yaw>148.322083</Yaw>
			</PositionRotation>
			<Attachment isAttached="true">
				<AttachedTo>542210</AttachedTo>
				<BoneIndex>0</BoneIndex>
				<X>0.0154914847</X>
				<Y>0.54175961</Y>
				<Z>1.37903297</Z>
				<Pitch>-0.00313638174</Pitch>
				<Roll>-3.56456221e-05</Roll>
				<Yaw>92.3736267</Yaw>
			</Attachment>
		</Attachment>
		<Attachment>
			<ModelHash>0x715c7e1f</ModelHash>
			<Type>3</Type>
			<Dynamic>false</Dynamic>
			<FrozenPos>true</FrozenPos>
			<HashName>w_lr_homing</HashName>
			<InitialHandle>221233</InitialHandle>
			<ObjectProperties>
				<TextureVariation>0</TextureVariation>
			</ObjectProperties>
			<OpacityLevel>255</OpacityLevel>
			<LodDistance>16960</LodDistance>
			<IsVisible>true</IsVisible>
			<MaxHealth>1000</MaxHealth>
			<Health>1000</Health>
			<HasGravity>true</HasGravity>
			<IsOnFire>false</IsOnFire>
			<IsInvincible>false</IsInvincible>
			<IsBulletProof>false</IsBulletProof>
			<IsCollisionProof>false</IsCollisionProof>
			<IsExplosionProof>false</IsExplosionProof>
			<IsFireProof>false</IsFireProof>
			<IsMeleeProof>false</IsMeleeProof>
			<IsOnlyDamagedByPlayer>false</IsOnlyDamagedByPlayer>
			<PositionRotation>
				<X>472.672089</X>
				<Y>-903.187561</Y>
				<Z>37.1008606</Z>
				<Pitch>-0.0683820918</Pitch>
				<Roll>-0.0363910273</Roll>
				<Yaw>148.322067</Yaw>
			</PositionRotation>
			<Attachment isAttached="true">
				<AttachedTo>542210</AttachedTo>
				<BoneIndex>0</BoneIndex>
				<X>-0.212449536</X>
				<Y>0.532297254</Y>
				<Z>1.37661481</Z>
				<Pitch>-0.00313638174</Pitch>
				<Roll>-3.56456221e-05</Roll>
				<Yaw>92.3736115</Yaw>
			</Attachment>
		</Attachment>
		<Attachment>
			<ModelHash>0x715c7e1f</ModelHash>
			<Type>3</Type>
			<Dynamic>false</Dynamic>
			<FrozenPos>true</FrozenPos>
			<HashName>w_lr_homing</HashName>
			<InitialHandle>323633</InitialHandle>
			<ObjectProperties>
				<TextureVariation>0</TextureVariation>
			</ObjectProperties>
			<OpacityLevel>255</OpacityLevel>
			<LodDistance>16960</LodDistance>
			<IsVisible>true</IsVisible>
			<MaxHealth>1000</MaxHealth>
			<Health>1000</Health>
			<HasGravity>true</HasGravity>
			<IsOnFire>false</IsOnFire>
			<IsInvincible>false</IsInvincible>
			<IsBulletProof>false</IsBulletProof>
			<IsCollisionProof>false</IsCollisionProof>
			<IsExplosionProof>false</IsExplosionProof>
			<IsFireProof>false</IsFireProof>
			<IsMeleeProof>false</IsMeleeProof>
			<IsOnlyDamagedByPlayer>false</IsOnlyDamagedByPlayer>
			<PositionRotation>
				<X>472.582794</X>
				<Y>-903.332153</Y>
				<Z>37.0826073</Z>
				<Pitch>-0.0683820918</Pitch>
				<Roll>-0.0363910273</Roll>
				<Yaw>148.322067</Yaw>
			</PositionRotation>
			<Attachment isAttached="true">
				<AttachedTo>542210</AttachedTo>
				<BoneIndex>0</BoneIndex>
				<X>-0.382266998</X>
				<Y>0.525284171</Y>
				<Z>1.35855258</Z>
				<Pitch>-0.00313638174</Pitch>
				<Roll>-3.56456221e-05</Roll>
				<Yaw>92.3736115</Yaw>
			</Attachment>
		</Attachment>
		<Attachment>
			<ModelHash>0x715c7e1f</ModelHash>
			<Type>3</Type>
			<Dynamic>false</Dynamic>
			<FrozenPos>true</FrozenPos>
			<HashName>w_lr_homing</HashName>
			<InitialHandle>526385</InitialHandle>
			<ObjectProperties>
				<TextureVariation>0</TextureVariation>
			</ObjectProperties>
			<OpacityLevel>255</OpacityLevel>
			<LodDistance>16960</LodDistance>
			<IsVisible>true</IsVisible>
			<MaxHealth>1000</MaxHealth>
			<Health>1000</Health>
			<HasGravity>true</HasGravity>
			<IsOnFire>false</IsOnFire>
			<IsInvincible>false</IsInvincible>
			<IsBulletProof>false</IsBulletProof>
			<IsCollisionProof>false</IsCollisionProof>
			<IsExplosionProof>false</IsExplosionProof>
			<IsFireProof>false</IsFireProof>
			<IsMeleeProof>false</IsMeleeProof>
			<IsOnlyDamagedByPlayer>false</IsOnlyDamagedByPlayer>
			<PositionRotation>
				<X>472.471313</X>
				<Y>-903.511841</Y>
				<Z>37.0660439</Z>
				<Pitch>-0.0680495948</Pitch>
				<Roll>-0.0369814187</Roll>
				<Yaw>147.802277</Yaw>
			</PositionRotation>
			<Attachment isAttached="true">
				<AttachedTo>542210</AttachedTo>
				<BoneIndex>0</BoneIndex>
				<X>-0.593590796</X>
				<Y>0.517037392</Y>
				<Z>1.34222984</Z>
				<Pitch>-0.00313638174</Pitch>
				<Roll>-3.56456221e-05</Roll>
				<Yaw>91.8538361</Yaw>
			</Attachment>
		</Attachment>
		<Attachment>
			<ModelHash>0x715c7e1f</ModelHash>
			<Type>3</Type>
			<Dynamic>false</Dynamic>
			<FrozenPos>true</FrozenPos>
			<HashName>w_lr_homing</HashName>
			<InitialHandle>720689</InitialHandle>
			<ObjectProperties>
				<TextureVariation>0</TextureVariation>
			</ObjectProperties>
			<OpacityLevel>255</OpacityLevel>
			<LodDistance>16960</LodDistance>
			<IsVisible>true</IsVisible>
			<MaxHealth>1000</MaxHealth>
			<Health>1000</Health>
			<HasGravity>true</HasGravity>
			<IsOnFire>false</IsOnFire>
			<IsInvincible>false</IsInvincible>
			<IsBulletProof>false</IsBulletProof>
			<IsCollisionProof>false</IsCollisionProof>
			<IsExplosionProof>false</IsExplosionProof>
			<IsFireProof>false</IsFireProof>
			<IsMeleeProof>false</IsMeleeProof>
			<IsOnlyDamagedByPlayer>false</IsOnlyDamagedByPlayer>
			<PositionRotation>
				<X>472.390015</X>
				<Y>-903.648743</Y>
				<Z>37.0576172</Z>
				<Pitch>-0.0680494234</Pitch>
				<Roll>-0.0369817391</Roll>
				<Yaw>147.802002</Yaw>
			</PositionRotation>
			<Attachment isAttached="true">
				<AttachedTo>542210</AttachedTo>
				<BoneIndex>0</BoneIndex>
				<X>-0.752567232</X>
				<Y>0.507738769</Y>
				<Z>1.33398664</Z>
				<Pitch>-0.00313638174</Pitch>
				<Roll>-3.56456221e-05</Roll>
				<Yaw>91.853569</Yaw>
			</Attachment>
		</Attachment>
		<Attachment>
			<ModelHash>0x856e5e8e</ModelHash>
			<Type>3</Type>
			<Dynamic>false</Dynamic>
			<FrozenPos>true</FrozenPos>
			<HashName>w_mg_mg</HashName>
			<InitialHandle>408882</InitialHandle>
			<ObjectProperties>
				<TextureVariation>0</TextureVariation>
			</ObjectProperties>
			<OpacityLevel>255</OpacityLevel>
			<LodDistance>16960</LodDistance>
			<IsVisible>true</IsVisible>
			<MaxHealth>1000</MaxHealth>
			<Health>1000</Health>
			<HasGravity>true</HasGravity>
			<IsOnFire>false</IsOnFire>
			<IsInvincible>false</IsInvincible>
			<IsBulletProof>false</IsBulletProof>
			<IsCollisionProof>false</IsCollisionProof>
			<IsExplosionProof>false</IsExplosionProof>
			<IsFireProof>false</IsFireProof>
			<IsMeleeProof>false</IsMeleeProof>
			<IsOnlyDamagedByPlayer>false</IsOnlyDamagedByPlayer>
			<PositionRotation>
				<X>471.757141</X>
				<Y>-901.393311</Y>
				<Z>36.5326385</Z>
				<Pitch>-0.0675974861</Pitch>
				<Roll>-0.0377647057</Roll>
				<Yaw>147.108505</Yaw>
			</PositionRotation>
			<Attachment isAttached="true">
				<AttachedTo>542210</AttachedTo>
				<BoneIndex>0</BoneIndex>
				<X>0.761196852</X>
				<Y>2.29463577</Y>
				<Z>0.806107342</Z>
				<Pitch>-0.00313638174</Pitch>
				<Roll>-3.56456221e-05</Roll>
				<Yaw>91.1600571</Yaw>
			</Attachment>
		</Attachment>
		<Attachment>
			<ModelHash>0x856e5e8e</ModelHash>
			<Type>3</Type>
			<Dynamic>false</Dynamic>
			<FrozenPos>true</FrozenPos>
			<HashName>w_mg_mg</HashName>
			<InitialHandle>408369</InitialHandle>
			<ObjectProperties>
				<TextureVariation>0</TextureVariation>
			</ObjectProperties>
			<OpacityLevel>255</OpacityLevel>
			<LodDistance>16960</LodDistance>
			<IsVisible>true</IsVisible>
			<MaxHealth>1000</MaxHealth>
			<Health>1000</Health>
			<HasGravity>true</HasGravity>
			<IsOnFire>false</IsOnFire>
			<IsInvincible>false</IsInvincible>
			<IsBulletProof>false</IsBulletProof>
			<IsCollisionProof>false</IsCollisionProof>
			<IsExplosionProof>false</IsExplosionProof>
			<IsFireProof>false</IsFireProof>
			<IsMeleeProof>false</IsMeleeProof>
			<IsOnlyDamagedByPlayer>false</IsOnlyDamagedByPlayer>
			<PositionRotation>
				<X>471.161499</X>
				<Y>-902.257385</Y>
				<Z>36.5653381</Z>
				<Pitch>-0.066307202</Pitch>
				<Roll>-0.0398874022</Roll>
				<Yaw>145.202881</Yaw>
			</PositionRotation>
			<Attachment isAttached="true">
				<AttachedTo>542210</AttachedTo>
				<BoneIndex>0</BoneIndex>
				<X>-0.288211107</X>
				<Y>2.30435014</Y>
				<Z>0.839969218</Z>
				<Pitch>-0.00313638174</Pitch>
				<Roll>-3.56456221e-05</Roll>
				<Yaw>89.2544174</Yaw>
			</Attachment>
		</Attachment>
		<Attachment>
			<ModelHash>0x856e5e8e</ModelHash>
			<Type>3</Type>
			<Dynamic>false</Dynamic>
			<FrozenPos>true</FrozenPos>
			<HashName>w_mg_mg</HashName>
			<InitialHandle>445746</InitialHandle>
			<ObjectProperties>
				<TextureVariation>0</TextureVariation>
			</ObjectProperties>
			<OpacityLevel>255</OpacityLevel>
			<LodDistance>16960</LodDistance>
			<IsVisible>true</IsVisible>
			<MaxHealth>1000</MaxHealth>
			<Health>1000</Health>
			<HasGravity>true</HasGravity>
			<IsOnFire>false</IsOnFire>
			<IsInvincible>false</IsInvincible>
			<IsBulletProof>false</IsBulletProof>
			<IsCollisionProof>false</IsCollisionProof>
			<IsExplosionProof>false</IsExplosionProof>
			<IsFireProof>false</IsFireProof>
			<IsMeleeProof>false</IsMeleeProof>
			<IsOnlyDamagedByPlayer>false</IsOnlyDamagedByPlayer>
			<PositionRotation>
				<X>471.031769</X>
				<Y>-902.44397</Y>
				<Z>36.5379372</Z>
				<Pitch>-0.0663071871</Pitch>
				<Roll>-0.0398874395</Roll>
				<Yaw>145.202835</Yaw>
			</PositionRotation>
			<Attachment isAttached="true">
				<AttachedTo>542210</AttachedTo>
				<BoneIndex>0</BoneIndex>
				<X>-0.515475631</X>
				<Y>2.30731583</Y>
				<Z>0.812819719</Z>
				<Pitch>-0.00313638174</Pitch>
				<Roll>-3.56456221e-05</Roll>
				<Yaw>89.2543869</Yaw>
			</Attachment>
		</Attachment>
		<Attachment>
			<ModelHash>0x856e5e8e</ModelHash>
			<Type>3</Type>
			<Dynamic>false</Dynamic>
			<FrozenPos>true</FrozenPos>
			<HashName>w_mg_mg</HashName>
			<InitialHandle>564532</InitialHandle>
			<ObjectProperties>
				<TextureVariation>0</TextureVariation>
			</ObjectProperties>
			<OpacityLevel>255</OpacityLevel>
			<LodDistance>16960</LodDistance>
			<IsVisible>true</IsVisible>
			<MaxHealth>1000</MaxHealth>
			<Health>1000</Health>
			<HasGravity>true</HasGravity>
			<IsOnFire>false</IsOnFire>
			<IsInvincible>false</IsInvincible>
			<IsBulletProof>false</IsBulletProof>
			<IsCollisionProof>false</IsCollisionProof>
			<IsExplosionProof>false</IsExplosionProof>
			<IsFireProof>false</IsFireProof>
			<IsMeleeProof>false</IsMeleeProof>
			<IsOnlyDamagedByPlayer>false</IsOnlyDamagedByPlayer>
			<PositionRotation>
				<X>471.619476</X>
				<Y>-901.518433</Y>
				<Z>36.5744171</Z>
				<Pitch>-0.0681800917</Pitch>
				<Roll>-0.0367511846</Roll>
				<Yaw>148.005295</Yaw>
			</PositionRotation>
			<Attachment isAttached="true">
				<AttachedTo>542210</AttachedTo>
				<BoneIndex>0</BoneIndex>
				<X>0.580524325</X>
				<Y>2.33868384</Y>
				<Z>0.84805882</Z>
				<Pitch>-0.00313638174</Pitch>
				<Roll>-3.56456221e-05</Roll>
				<Yaw>92.0568542</Yaw>
			</Attachment>
		</Attachment>
		<Attachment>
			<ModelHash>0x5dec10b0</ModelHash>
			<Type>3</Type>
			<Dynamic>false</Dynamic>
			<FrozenPos>true</FrozenPos>
			<HashName>prop_byard_bench01</HashName>
			<InitialHandle>158776</InitialHandle>
			<ObjectProperties>
				<TextureVariation>0</TextureVariation>
			</ObjectProperties>
			<OpacityLevel>255</OpacityLevel>
			<LodDistance>16960</LodDistance>
			<IsVisible>true</IsVisible>
			<MaxHealth>1000</MaxHealth>
			<Health>1000</Health>
			<HasGravity>true</HasGravity>
			<IsOnFire>false</IsOnFire>
			<IsInvincible>false</IsInvincible>
			<IsBulletProof>false</IsBulletProof>
			<IsCollisionProof>false</IsCollisionProof>
			<IsExplosionProof>false</IsExplosionProof>
			<IsFireProof>false</IsFireProof>
			<IsMeleeProof>false</IsMeleeProof>
			<IsOnlyDamagedByPlayer>false</IsOnlyDamagedByPlayer>
			<PositionRotation>
				<X>471.841858</X>
				<Y>-902.26239</Y>
				<Z>36.2328644</Z>
				<Pitch>-30.0428486</Pitch>
				<Roll>0.0730418488</Roll>
				<Yaw>-124.633446</Yaw>
			</PositionRotation>
			<Attachment isAttached="true">
				<AttachedTo>542210</AttachedTo>
				<BoneIndex>0</BoneIndex>
				<X>0.088248387</X>
				<Y>1.73762608</Y>
				<Z>0.507461846</Z>
				<Pitch>-30.0031548</Pitch>
				<Roll>-3.51526942e-05</Roll>
				<Yaw>-180.6185</Yaw>
			</Attachment>
		</Attachment>
		<Attachment>
			<ModelHash>0x5dec10b0</ModelHash>
			<Type>3</Type>
			<Dynamic>false</Dynamic>
			<FrozenPos>true</FrozenPos>
			<HashName>prop_byard_bench01</HashName>
			<InitialHandle>105531</InitialHandle>
			<ObjectProperties>
				<TextureVariation>0</TextureVariation>
			</ObjectProperties>
			<OpacityLevel>255</OpacityLevel>
			<LodDistance>16960</LodDistance>
			<IsVisible>true</IsVisible>
			<MaxHealth>1000</MaxHealth>
			<Health>1000</Health>
			<HasGravity>true</HasGravity>
			<IsOnFire>false</IsOnFire>
			<IsInvincible>false</IsInvincible>
			<IsBulletProof>false</IsBulletProof>
			<IsCollisionProof>false</IsCollisionProof>
			<IsExplosionProof>false</IsExplosionProof>
			<IsFireProof>false</IsFireProof>
			<IsMeleeProof>false</IsMeleeProof>
			<IsOnlyDamagedByPlayer>false</IsOnlyDamagedByPlayer>
			<PositionRotation>
				<X>472.248962</X>
				<Y>-902.672241</Y>
				<Z>36.5521889</Z>
				<Pitch>-0.0430377647</Pitch>
				<Roll>0.0631038547</Roll>
				<Yaw>-124.84211</Yaw>
			</PositionRotation>
			<Attachment isAttached="true">
				<AttachedTo>542210</AttachedTo>
				<BoneIndex>0</BoneIndex>
				<X>-0.0230159834</X>
				<Y>1.17104888</Y>
				<Z>0.827297926</Z>
				<Pitch>-0.00313638174</Pitch>
				<Roll>-3.56456221e-05</Roll>
				<Yaw>-180.790634</Yaw>
			</Attachment>
		</Attachment>
		<Attachment>
			<ModelHash>0xdfb0893d</ModelHash>
			<Type>3</Type>
			<Dynamic>false</Dynamic>
			<FrozenPos>true</FrozenPos>
			<HashName>prop_bollard_01c</HashName>
			<InitialHandle>101693</InitialHandle>
			<ObjectProperties>
				<TextureVariation>0</TextureVariation>
			</ObjectProperties>
			<OpacityLevel>255</OpacityLevel>
			<LodDistance>16960</LodDistance>
			<IsVisible>true</IsVisible>
			<MaxHealth>1000</MaxHealth>
			<Health>1000</Health>
			<HasGravity>true</HasGravity>
			<IsOnFire>false</IsOnFire>
			<IsInvincible>false</IsInvincible>
			<IsBulletProof>false</IsBulletProof>
			<IsCollisionProof>false</IsCollisionProof>
			<IsExplosionProof>false</IsExplosionProof>
			<IsFireProof>false</IsFireProof>
			<IsMeleeProof>false</IsMeleeProof>
			<IsOnlyDamagedByPlayer>false</IsOnlyDamagedByPlayer>
			<PositionRotation>
				<X>474.831757</X>
				<Y>-904.202454</Y>
				<Z>35.3870277</Z>
				<Pitch>89.9314728</Pitch>
				<Roll>146.223831</Roll>
				<Yaw>0</Yaw>
			</PositionRotation>
			<Attachment isAttached="true">
				<AttachedTo>542210</AttachedTo>
				<BoneIndex>0</BoneIndex>
				<X>0.154055476</X>
				<Y>-1.82652771</Y>
				<Z>-0.336020529</Z>
				<Pitch>89.9968643</Pitch>
				<Roll>103.12986</Roll>
				<Yaw>-12.8545094</Yaw>
			</Attachment>
		</Attachment>
		<Attachment>
			<ModelHash>0xdfb0893d</ModelHash>
			<Type>3</Type>
			<Dynamic>false</Dynamic>
			<FrozenPos>true</FrozenPos>
			<HashName>prop_bollard_01c</HashName>
			<InitialHandle>526909</InitialHandle>
			<ObjectProperties>
				<TextureVariation>0</TextureVariation>
			</ObjectProperties>
			<OpacityLevel>255</OpacityLevel>
			<LodDistance>16960</LodDistance>
			<IsVisible>true</IsVisible>
			<MaxHealth>1000</MaxHealth>
			<Health>1000</Health>
			<HasGravity>true</HasGravity>
			<IsOnFire>false</IsOnFire>
			<IsInvincible>false</IsInvincible>
			<IsBulletProof>false</IsBulletProof>
			<IsCollisionProof>false</IsCollisionProof>
			<IsExplosionProof>false</IsExplosionProof>
			<IsFireProof>false</IsFireProof>
			<IsMeleeProof>false</IsMeleeProof>
			<IsOnlyDamagedByPlayer>false</IsOnlyDamagedByPlayer>
			<PositionRotation>
				<X>474.591858</X>
				<Y>-904.440491</Y>
				<Z>35.3867149</Z>
				<Pitch>89.9314728</Pitch>
				<Roll>-29.5160637</Roll>
				<Yaw>0</Yaw>
			</PositionRotation>
			<Attachment isAttached="true">
				<AttachedTo>542210</AttachedTo>
				<BoneIndex>0</BoneIndex>
				<X>-0.177477539</X>
				<Y>-1.76101542</Y>
				<Z>-0.336009055</Z>
				<Pitch>89.9968643</Pitch>
				<Roll>-72.6100311</Roll>
				<Yaw>-12.8545094</Yaw>
			</Attachment>
		</Attachment>
	</SpoonerAttachments>
</Vehicle>
