<?xml version="1.0" encoding="ISO-8859-1"?>
<Vehicle menyoo_ver="0.999876782b">
	<ModelHash>0xd83c13ce</ModelHash>
	<InitialHandle>328706</InitialHandle>
	<VehicleProperties>
		<Colours>
			<Primary>31</Primary>
			<Secondary>0</Secondary>
			<Pearl>27</Pearl>
			<Rim>156</Rim>
			<Mod1_a>6</Mod1_a>
			<Mod1_b>-1</Mod1_b>
			<Mod1_c>-1</Mod1_c>
			<Mod2_a>6</Mod2_a>
			<Mod2_b>-1</Mod2_b>
			<IsPrimaryColourCustom>false</IsPrimaryColourCustom>
			<IsSecondaryColourCustom>false</IsSecondaryColourCustom>
			<tyreSmoke_R>255</tyreSmoke_R>
			<tyreSmoke_G>255</tyreSmoke_G>
			<tyreSmoke_B>255</tyreSmoke_B>
			<LrInterior>0</LrInterior>
			<LrDashboard>0</LrDashboard>
		</Colours>
		<Livery>-1</Livery>
		<NumberPlateText>81XDG214</NumberPlateText>
		<NumberPlateIndex>1</NumberPlateIndex>
		<WheelType>1</WheelType>
		<WheelsInvisible>false</WheelsInvisible>
		<EngineSoundName></EngineSoundName>
		<WindowTint>1</WindowTint>
		<BulletProofTyres>true</BulletProofTyres>
		<DirtLevel>0.0102952896</DirtLevel>
		<PaintFade>0.298039228</PaintFade>
		<RoofState>0</RoofState>
		<SirenActive>false</SirenActive>
		<EngineOn>true</EngineOn>
		<EngineHealth>1000</EngineHealth>
		<LightsOn>false</LightsOn>
		<IsRadioLoud>1</IsRadioLoud>
		<LockStatus>1</LockStatus>
		<Neons>
			<Left>false</Left>
			<Right>false</Right>
			<Front>false</Front>
			<Back>false</Back>
			<R>255</R>
			<G>0</G>
			<B>255</B>
		</Neons>
		<ModExtras>
			<_1>false</_1>
			<_10>false</_10>
			<_11>false</_11>
		</ModExtras>
		<Mods>
			<_0>-1,0</_0>
			<_1>-1,0</_1>
			<_2>-1,0</_2>
			<_3>-1,0</_3>
			<_4>3,0</_4>
			<_5>0,0</_5>
			<_6>3,0</_6>
			<_7>5,0</_7>
			<_8>-1,0</_8>
			<_9>-1,0</_9>
			<_10>1,0</_10>
			<_11>3,0</_11>
			<_12>2,0</_12>
			<_13>2,0</_13>
			<_14>44,0</_14>
			<_15>-1,0</_15>
			<_16>4,0</_16>
			<_17>false</_17>
			<_18>true</_18>
			<_19>false</_19>
			<_20>true</_20>
			<_21>false</_21>
			<_22>true</_22>
			<_23>-1,0</_23>
			<_24>-1,0</_24>
			<_25>-1,0</_25>
			<_26>-1,0</_26>
			<_27>-1,0</_27>
			<_28>-1,0</_28>
			<_29>-1,0</_29>
			<_30>-1,0</_30>
			<_31>-1,0</_31>
			<_32>-1,0</_32>
			<_33>-1,0</_33>
			<_34>-1,0</_34>
			<_35>-1,0</_35>
			<_36>-1,0</_36>
			<_37>-1,0</_37>
			<_38>-1,0</_38>
			<_39>-1,0</_39>
			<_40>-1,0</_40>
			<_41>-1,0</_41>
			<_42>-1,0</_42>
			<_43>-1,0</_43>
			<_44>-1,0</_44>
			<_45>-1,0</_45>
			<_46>-1,0</_46>
			<_47>-1,0</_47>
			<_48>-1,0</_48>
		</Mods>
		<DoorsOpen>
			<BackLeftDoor>false</BackLeftDoor>
			<BackRightDoor>false</BackRightDoor>
			<FrontLeftDoor>false</FrontLeftDoor>
			<FrontRightDoor>false</FrontRightDoor>
			<Hood>false</Hood>
			<Trunk>false</Trunk>
			<Trunk2>false</Trunk2>
		</DoorsOpen>
		<DoorsBroken>
			<BackLeftDoor>false</BackLeftDoor>
			<BackRightDoor>false</BackRightDoor>
			<FrontLeftDoor>false</FrontLeftDoor>
			<FrontRightDoor>false</FrontRightDoor>
			<Hood>false</Hood>
			<Trunk>false</Trunk>
			<Trunk2>false</Trunk2>
		</DoorsBroken>
		<TyresBursted>
			<FrontLeft>false</FrontLeft>
			<FrontRight>false</FrontRight>
			<_2>false</_2>
			<_3>false</_3>
			<BackLeft>false</BackLeft>
			<BackRight>false</BackRight>
			<_6>false</_6>
			<_7>false</_7>
			<_8>false</_8>
		</TyresBursted>
		<RpmMultiplier>1</RpmMultiplier>
		<TorqueMultiplier>1</TorqueMultiplier>
		<HeadlightIntensity>1</HeadlightIntensity>
	</VehicleProperties>
	<OpacityLevel>255</OpacityLevel>
	<LodDistance>16960</LodDistance>
	<IsVisible>true</IsVisible>
	<IsDriverVisible>true</IsDriverVisible>
	<MaxHealth>1000</MaxHealth>
	<Health>1000</Health>
	<HasGravity>true</HasGravity>
	<IsOnFire>false</IsOnFire>
	<IsInvincible>false</IsInvincible>
	<IsBulletProof>false</IsBulletProof>
	<IsExplosionProof>false</IsExplosionProof>
	<IsFireProof>false</IsFireProof>
	<IsMeleeProof>false</IsMeleeProof>
	<IsOnlyDamagedByPlayer>false</IsOnlyDamagedByPlayer>
	<SpoonerAttachments SetAttachmentsPersistentAndAddToSpoonerDatabase="false" StartTaskSequencesOnLoad="true">
		<Attachment>
			<ModelHash>0x9970602c</ModelHash>
			<Type>3</Type>
			<Dynamic>false</Dynamic>
			<FrozenPos>true</FrozenPos>
			<HashName>prop_bumper_02</HashName>
			<InitialHandle>336386</InitialHandle>
			<ObjectProperties>
				<TextureVariation>0</TextureVariation>
			</ObjectProperties>
			<OpacityLevel>255</OpacityLevel>
			<LodDistance>16960</LodDistance>
			<IsVisible>true</IsVisible>
			<MaxHealth>1000</MaxHealth>
			<Health>1000</Health>
			<HasGravity>true</HasGravity>
			<IsOnFire>false</IsOnFire>
			<IsInvincible>false</IsInvincible>
			<IsBulletProof>false</IsBulletProof>
			<IsCollisionProof>false</IsCollisionProof>
			<IsExplosionProof>false</IsExplosionProof>
			<IsFireProof>false</IsFireProof>
			<IsMeleeProof>false</IsMeleeProof>
			<IsOnlyDamagedByPlayer>false</IsOnlyDamagedByPlayer>
			<PositionRotation>
				<X>2933.01147</X>
				<Y>4634.65039</Y>
				<Z>47.8437424</Z>
				<Pitch>-1.54535174</Pitch>
				<Roll>-0.00289545325</Roll>
				<Yaw>137.538452</Yaw>
			</PositionRotation>
			<Attachment isAttached="true">
				<AttachedTo>328706</AttachedTo>
				<BoneIndex>0</BoneIndex>
				<X>-0.0013736356</X>
				<Y>2.31133842</Y>
				<Z>0.0954424441</Z>
				<Pitch>-1.21380591</Pitch>
				<Roll>0.00335867424</Roll>
				<Yaw>178.549927</Yaw>
			</Attachment>
		</Attachment>
		<Attachment>
			<ModelHash>0x9970602c</ModelHash>
			<Type>3</Type>
			<Dynamic>false</Dynamic>
			<FrozenPos>true</FrozenPos>
			<HashName>prop_bumper_02</HashName>
			<InitialHandle>336642</InitialHandle>
			<ObjectProperties>
				<TextureVariation>0</TextureVariation>
			</ObjectProperties>
			<OpacityLevel>255</OpacityLevel>
			<LodDistance>16960</LodDistance>
			<IsVisible>true</IsVisible>
			<MaxHealth>1000</MaxHealth>
			<Health>1000</Health>
			<HasGravity>true</HasGravity>
			<IsOnFire>false</IsOnFire>
			<IsInvincible>false</IsInvincible>
			<IsBulletProof>false</IsBulletProof>
			<IsCollisionProof>false</IsCollisionProof>
			<IsExplosionProof>false</IsExplosionProof>
			<IsFireProof>false</IsFireProof>
			<IsMeleeProof>false</IsMeleeProof>
			<IsOnlyDamagedByPlayer>false</IsOnlyDamagedByPlayer>
			<PositionRotation>
				<X>2932.98242</X>
				<Y>4634.61475</Y>
				<Z>47.9737625</Z>
				<Pitch>-0.736152947</Pitch>
				<Roll>-0.00171889563</Roll>
				<Yaw>137.538605</Yaw>
			</PositionRotation>
			<Attachment isAttached="true">
				<AttachedTo>328706</AttachedTo>
				<BoneIndex>0</BoneIndex>
				<X>6.87708525e-05</X>
				<Y>2.26620221</Y>
				<Z>0.225727946</Z>
				<Pitch>-0.404606938</Pitch>
				<Roll>0.00453302357</Roll>
				<Yaw>178.550018</Yaw>
			</Attachment>
		</Attachment>
		<Attachment>
			<ModelHash>0x9970602c</ModelHash>
			<Type>3</Type>
			<Dynamic>false</Dynamic>
			<FrozenPos>true</FrozenPos>
			<HashName>prop_bumper_02</HashName>
			<InitialHandle>336898</InitialHandle>
			<ObjectProperties>
				<TextureVariation>0</TextureVariation>
			</ObjectProperties>
			<OpacityLevel>255</OpacityLevel>
			<LodDistance>16960</LodDistance>
			<IsVisible>true</IsVisible>
			<MaxHealth>1000</MaxHealth>
			<Health>1000</Health>
			<HasGravity>true</HasGravity>
			<IsOnFire>false</IsOnFire>
			<IsInvincible>false</IsInvincible>
			<IsBulletProof>false</IsBulletProof>
			<IsCollisionProof>false</IsCollisionProof>
			<IsExplosionProof>false</IsExplosionProof>
			<IsFireProof>false</IsFireProof>
			<IsMeleeProof>false</IsMeleeProof>
			<IsOnlyDamagedByPlayer>false</IsOnlyDamagedByPlayer>
			<PositionRotation>
				<X>2932.94751</X>
				<Y>4634.57275</Y>
				<Z>48.0949898</Z>
				<Pitch>-0.736152947</Pitch>
				<Roll>-0.00171889563</Roll>
				<Yaw>137.538605</Yaw>
			</PositionRotation>
			<Attachment isAttached="true">
				<AttachedTo>328706</AttachedTo>
				<BoneIndex>0</BoneIndex>
				<X>0.00134524889</X>
				<Y>2.21230674</Y>
				<Z>0.34726578</Z>
				<Pitch>-0.404606938</Pitch>
				<Roll>0.00453302357</Roll>
				<Yaw>178.550018</Yaw>
			</Attachment>
		</Attachment>
		<Attachment>
			<ModelHash>0x9970602c</ModelHash>
			<Type>3</Type>
			<Dynamic>false</Dynamic>
			<FrozenPos>true</FrozenPos>
			<HashName>prop_bumper_02</HashName>
			<InitialHandle>337154</InitialHandle>
			<ObjectProperties>
				<TextureVariation>0</TextureVariation>
			</ObjectProperties>
			<OpacityLevel>255</OpacityLevel>
			<LodDistance>16960</LodDistance>
			<IsVisible>true</IsVisible>
			<MaxHealth>1000</MaxHealth>
			<Health>1000</Health>
			<HasGravity>true</HasGravity>
			<IsOnFire>false</IsOnFire>
			<IsInvincible>false</IsInvincible>
			<IsBulletProof>false</IsBulletProof>
			<IsCollisionProof>false</IsCollisionProof>
			<IsExplosionProof>false</IsExplosionProof>
			<IsFireProof>false</IsFireProof>
			<IsMeleeProof>false</IsMeleeProof>
			<IsOnlyDamagedByPlayer>false</IsOnlyDamagedByPlayer>
			<PositionRotation>
				<X>2932.9248</X>
				<Y>4634.54297</Y>
				<Z>48.2383537</Z>
				<Pitch>-0.736152947</Pitch>
				<Roll>-0.00171889563</Roll>
				<Yaw>137.538605</Yaw>
			</PositionRotation>
			<Attachment isAttached="true">
				<AttachedTo>328706</AttachedTo>
				<BoneIndex>0</BoneIndex>
				<X>0.00372721069</X>
				<Y>2.17589903</Y>
				<Z>0.490843117</Z>
				<Pitch>-0.404606938</Pitch>
				<Roll>0.00453302357</Roll>
				<Yaw>178.550018</Yaw>
			</Attachment>
		</Attachment>
		<Attachment>
			<ModelHash>0x8bd5c4f7</ModelHash>
			<Type>3</Type>
			<Dynamic>false</Dynamic>
			<FrozenPos>true</FrozenPos>
			<HashName>prop_bumper_01</HashName>
			<InitialHandle>337410</InitialHandle>
			<ObjectProperties>
				<TextureVariation>0</TextureVariation>
			</ObjectProperties>
			<OpacityLevel>255</OpacityLevel>
			<LodDistance>16960</LodDistance>
			<IsVisible>true</IsVisible>
			<MaxHealth>1000</MaxHealth>
			<Health>1000</Health>
			<HasGravity>true</HasGravity>
			<IsOnFire>false</IsOnFire>
			<IsInvincible>false</IsInvincible>
			<IsBulletProof>false</IsBulletProof>
			<IsCollisionProof>false</IsCollisionProof>
			<IsExplosionProof>false</IsExplosionProof>
			<IsFireProof>false</IsFireProof>
			<IsMeleeProof>false</IsMeleeProof>
			<IsOnlyDamagedByPlayer>false</IsOnlyDamagedByPlayer>
			<PositionRotation>
				<X>2929.96582</X>
				<Y>4631.09668</Y>
				<Z>48.1708755</Z>
				<Pitch>-0.0730166957</Pitch>
				<Roll>0.00135489029</Roll>
				<Yaw>-40.8319778</Yaw>
			</PositionRotation>
			<Attachment isAttached="true">
				<AttachedTo>328706</AttachedTo>
				<BoneIndex>0</BoneIndex>
				<X>0.0325080529</X>
				<Y>-2.36670113</Y>
				<Z>0.449655294</Z>
				<Pitch>-0.404606938</Pitch>
				<Roll>0.00453302357</Roll>
				<Yaw>0.179359436</Yaw>
			</Attachment>
		</Attachment>
		<Attachment>
			<ModelHash>0x8bd5c4f7</ModelHash>
			<Type>3</Type>
			<Dynamic>false</Dynamic>
			<FrozenPos>true</FrozenPos>
			<HashName>prop_bumper_01</HashName>
			<InitialHandle>337666</InitialHandle>
			<ObjectProperties>
				<TextureVariation>0</TextureVariation>
			</ObjectProperties>
			<OpacityLevel>255</OpacityLevel>
			<LodDistance>16960</LodDistance>
			<IsVisible>true</IsVisible>
			<MaxHealth>1000</MaxHealth>
			<Health>1000</Health>
			<HasGravity>true</HasGravity>
			<IsOnFire>false</IsOnFire>
			<IsInvincible>false</IsInvincible>
			<IsBulletProof>false</IsBulletProof>
			<IsCollisionProof>false</IsCollisionProof>
			<IsExplosionProof>false</IsExplosionProof>
			<IsFireProof>false</IsFireProof>
			<IsMeleeProof>false</IsMeleeProof>
			<IsOnlyDamagedByPlayer>false</IsOnlyDamagedByPlayer>
			<PositionRotation>
				<X>2929.96558</X>
				<Y>4631.12305</Y>
				<Z>48.3792572</Z>
				<Pitch>-0.0730166733</Pitch>
				<Roll>0.0013545301</Roll>
				<Yaw>-40.8319168</Yaw>
			</PositionRotation>
			<Attachment isAttached="true">
				<AttachedTo>328706</AttachedTo>
				<BoneIndex>0</BoneIndex>
				<X>0.014967842</X>
				<Y>-2.34569621</Y>
				<Z>0.657917142</Z>
				<Pitch>-0.404606938</Pitch>
				<Roll>0.00453302357</Roll>
				<Yaw>0.179420471</Yaw>
			</Attachment>
		</Attachment>
		<Attachment>
			<ModelHash>0x8bd5c4f7</ModelHash>
			<Type>3</Type>
			<Dynamic>false</Dynamic>
			<FrozenPos>true</FrozenPos>
			<HashName>prop_bumper_01</HashName>
			<InitialHandle>337922</InitialHandle>
			<ObjectProperties>
				<TextureVariation>0</TextureVariation>
			</ObjectProperties>
			<OpacityLevel>255</OpacityLevel>
			<LodDistance>16960</LodDistance>
			<IsVisible>true</IsVisible>
			<MaxHealth>1000</MaxHealth>
			<Health>1000</Health>
			<HasGravity>true</HasGravity>
			<IsOnFire>false</IsOnFire>
			<IsInvincible>false</IsInvincible>
			<IsBulletProof>false</IsBulletProof>
			<IsCollisionProof>false</IsCollisionProof>
			<IsExplosionProof>false</IsExplosionProof>
			<IsFireProof>false</IsFireProof>
			<IsMeleeProof>false</IsMeleeProof>
			<IsOnlyDamagedByPlayer>false</IsOnlyDamagedByPlayer>
			<PositionRotation>
				<X>2929.95923</X>
				<Y>4631.14063</Y>
				<Z>48.5731316</Z>
				<Pitch>-0.0730035603</Pitch>
				<Roll>0.00335956621</Roll>
				<Yaw>-41.1783447</Yaw>
			</PositionRotation>
			<Attachment isAttached="true">
				<AttachedTo>328706</AttachedTo>
				<BoneIndex>0</BoneIndex>
				<X>-0.00123342231</X>
				<Y>-2.33567214</Y>
				<Z>0.851739228</Z>
				<Pitch>-0.404606938</Pitch>
				<Roll>0.00453302357</Roll>
				<Yaw>-0.167022705</Yaw>
			</Attachment>
		</Attachment>
		<Attachment>
			<ModelHash>0x8c9fc63c</ModelHash>
			<Type>3</Type>
			<Dynamic>false</Dynamic>
			<FrozenPos>true</FrozenPos>
			<HashName>prop_barrel_exp_01c</HashName>
			<InitialHandle>338178</InitialHandle>
			<ObjectProperties>
				<TextureVariation>0</TextureVariation>
			</ObjectProperties>
			<OpacityLevel>255</OpacityLevel>
			<LodDistance>16960</LodDistance>
			<IsVisible>true</IsVisible>
			<MaxHealth>1000</MaxHealth>
			<Health>1000</Health>
			<HasGravity>true</HasGravity>
			<IsOnFire>false</IsOnFire>
			<IsInvincible>false</IsInvincible>
			<IsBulletProof>false</IsBulletProof>
			<IsCollisionProof>false</IsCollisionProof>
			<IsExplosionProof>false</IsExplosionProof>
			<IsFireProof>false</IsFireProof>
			<IsMeleeProof>false</IsMeleeProof>
			<IsOnlyDamagedByPlayer>false</IsOnlyDamagedByPlayer>
			<PositionRotation>
				<X>2931.2417</X>
				<Y>4632.12207</Y>
				<Z>48.6614418</Z>
				<Pitch>-0.216728598</Pitch>
				<Roll>0.27778393</Roll>
				<Yaw>-96.8688965</Yaw>
			</PositionRotation>
			<Attachment isAttached="true">
				<AttachedTo>328706</AttachedTo>
				<BoneIndex>0</BoneIndex>
				<X>0.322255313</X>
				<Y>-0.752886176</Y>
				<Z>0.930879176</Z>
				<Pitch>-0.404606938</Pitch>
				<Roll>0.00453302357</Roll>
				<Yaw>-55.859066</Yaw>
			</Attachment>
		</Attachment>
		<Attachment>
			<ModelHash>0x8c9fc63c</ModelHash>
			<Type>3</Type>
			<Dynamic>false</Dynamic>
			<FrozenPos>true</FrozenPos>
			<HashName>prop_barrel_exp_01c</HashName>
			<InitialHandle>338434</InitialHandle>
			<ObjectProperties>
				<TextureVariation>0</TextureVariation>
			</ObjectProperties>
			<OpacityLevel>255</OpacityLevel>
			<LodDistance>16960</LodDistance>
			<IsVisible>true</IsVisible>
			<MaxHealth>1000</MaxHealth>
			<Health>1000</Health>
			<HasGravity>true</HasGravity>
			<IsOnFire>false</IsOnFire>
			<IsInvincible>false</IsInvincible>
			<IsBulletProof>false</IsBulletProof>
			<IsCollisionProof>false</IsCollisionProof>
			<IsExplosionProof>false</IsExplosionProof>
			<IsFireProof>false</IsFireProof>
			<IsMeleeProof>false</IsMeleeProof>
			<IsOnlyDamagedByPlayer>false</IsOnlyDamagedByPlayer>
			<PositionRotation>
				<X>2930.73804</X>
				<Y>4632.52783</Y>
				<Z>48.68116</Z>
				<Pitch>-0.125586063</Pitch>
				<Roll>0.183726296</Roll>
				<Yaw>-74.0899277</Yaw>
			</PositionRotation>
			<Attachment isAttached="true">
				<AttachedTo>328706</AttachedTo>
				<BoneIndex>0</BoneIndex>
				<X>-0.324158579</X>
				<Y>-0.777025402</Y>
				<Z>0.950761259</Z>
				<Pitch>-0.404606938</Pitch>
				<Roll>0.00453302357</Roll>
				<Yaw>-33.0794334</Yaw>
			</Attachment>
		</Attachment>
		<Attachment>
			<ModelHash>0x45709ef7</ModelHash>
			<Type>3</Type>
			<Dynamic>false</Dynamic>
			<FrozenPos>true</FrozenPos>
			<HashName>prop_box_wood01a</HashName>
			<InitialHandle>338690</InitialHandle>
			<ObjectProperties>
				<TextureVariation>0</TextureVariation>
			</ObjectProperties>
			<OpacityLevel>255</OpacityLevel>
			<LodDistance>16960</LodDistance>
			<IsVisible>true</IsVisible>
			<MaxHealth>1000</MaxHealth>
			<Health>1000</Health>
			<HasGravity>true</HasGravity>
			<IsOnFire>false</IsOnFire>
			<IsInvincible>false</IsInvincible>
			<IsBulletProof>false</IsBulletProof>
			<IsCollisionProof>false</IsCollisionProof>
			<IsExplosionProof>false</IsExplosionProof>
			<IsFireProof>false</IsFireProof>
			<IsMeleeProof>false</IsMeleeProof>
			<IsOnlyDamagedByPlayer>false</IsOnlyDamagedByPlayer>
			<PositionRotation>
				<X>2930.30859</X>
				<Y>4631.62646</Y>
				<Z>48.2042999</Z>
				<Pitch>-0.0730286017</Pitch>
				<Roll>0.00877426099</Roll>
				<Yaw>-42.1139221</Yaw>
			</PositionRotation>
			<Attachment isAttached="true">
				<AttachedTo>328706</AttachedTo>
				<BoneIndex>0</BoneIndex>
				<X>-0.0567288361</X>
				<Y>-1.74170077</Y>
				<Z>0.479467392</Z>
				<Pitch>-0.404606938</Pitch>
				<Roll>0.00453302357</Roll>
				<Yaw>-1.10261536</Yaw>
			</Attachment>
		</Attachment>
		<Attachment>
			<ModelHash>0xbb55760a</ModelHash>
			<Type>3</Type>
			<Dynamic>false</Dynamic>
			<FrozenPos>true</FrozenPos>
			<HashName>prop_tool_fireaxe</HashName>
			<InitialHandle>338946</InitialHandle>
			<ObjectProperties>
				<TextureVariation>0</TextureVariation>
			</ObjectProperties>
			<OpacityLevel>255</OpacityLevel>
			<LodDistance>16960</LodDistance>
			<IsVisible>true</IsVisible>
			<MaxHealth>1000</MaxHealth>
			<Health>1000</Health>
			<HasGravity>true</HasGravity>
			<IsOnFire>false</IsOnFire>
			<IsInvincible>false</IsInvincible>
			<IsBulletProof>false</IsBulletProof>
			<IsCollisionProof>false</IsCollisionProof>
			<IsExplosionProof>false</IsExplosionProof>
			<IsFireProof>false</IsFireProof>
			<IsMeleeProof>false</IsMeleeProof>
			<IsOnlyDamagedByPlayer>false</IsOnlyDamagedByPlayer>
			<PositionRotation>
				<X>2931.98096</X>
				<Y>4632.93799</Y>
				<Z>49.2811966</Z>
				<Pitch>-89.7309189</Pitch>
				<Roll>-174.323883</Roll>
				<Yaw>-125.231209</Yaw>
			</PositionRotation>
			<Attachment isAttached="true">
				<AttachedTo>328706</AttachedTo>
				<BoneIndex>0</BoneIndex>
				<X>0.344663352</X>
				<Y>0.351589501</Y>
				<Z>1.54425097</Z>
				<Pitch>-90.4046097</Pitch>
				<Roll>-48.8944817</Roll>
				<Yaw>41.2102928</Yaw>
			</Attachment>
		</Attachment>
		<Attachment>
			<ModelHash>0x0f8c9ecb</ModelHash>
			<Type>3</Type>
			<Dynamic>false</Dynamic>
			<FrozenPos>true</FrozenPos>
			<HashName>prop_tool_pickaxe</HashName>
			<InitialHandle>339202</InitialHandle>
			<ObjectProperties>
				<TextureVariation>0</TextureVariation>
			</ObjectProperties>
			<OpacityLevel>255</OpacityLevel>
			<LodDistance>16960</LodDistance>
			<IsVisible>true</IsVisible>
			<MaxHealth>1000</MaxHealth>
			<Health>1000</Health>
			<HasGravity>true</HasGravity>
			<IsOnFire>false</IsOnFire>
			<IsInvincible>false</IsInvincible>
			<IsBulletProof>false</IsBulletProof>
			<IsCollisionProof>false</IsCollisionProof>
			<IsExplosionProof>false</IsExplosionProof>
			<IsFireProof>false</IsFireProof>
			<IsMeleeProof>false</IsMeleeProof>
			<IsOnlyDamagedByPlayer>false</IsOnlyDamagedByPlayer>
			<PositionRotation>
				<X>2931.86353</X>
				<Y>4632.70459</Y>
				<Z>49.304493</Z>
				<Pitch>-88.6354141</Pitch>
				<Roll>141.769897</Roll>
				<Yaw>-170.525192</Yaw>
			</PositionRotation>
			<Attachment isAttached="true">
				<AttachedTo>328706</AttachedTo>
				<BoneIndex>0</BoneIndex>
				<X>0.409539491</X>
				<Y>0.0983238444</Y>
				<Z>1.56901073</Z>
				<Pitch>-88.4048233</Pitch>
				<Roll>132.491013</Roll>
				<Yaw>221.210281</Yaw>
			</Attachment>
		</Attachment>
	</SpoonerAttachments>
</Vehicle>
