<?xml version="1.0" encoding="ISO-8859-1"?>
<Vehicle menyoo_ver="0.9998744b">
	<ModelHash>0x9114eada</ModelHash>
	<InitialHandle>12057</InitialHandle>
	<VehicleProperties>
		<Colours>
			<Primary>152</Primary>
			<Secondary>152</Secondary>
			<Pearl>18</Pearl>
			<Rim>152</Rim>
			<Mod1_a>6</Mod1_a>
			<Mod1_b>-1</Mod1_b>
			<Mod1_c>-1</Mod1_c>
			<Mod2_a>6</Mod2_a>
			<Mod2_b>-1</Mod2_b>
			<IsPrimaryColourCustom>false</IsPrimaryColourCustom>
			<IsSecondaryColourCustom>false</IsSecondaryColourCustom>
			<tyreSmoke_R>255</tyreSmoke_R>
			<tyreSmoke_G>255</tyreSmoke_G>
			<tyreSmoke_B>255</tyreSmoke_B>
			<LrInterior>0</LrInterior>
			<LrDashboard>0</LrDashboard>
		</Colours>
		<Livery>-1</Livery>
		<NumberPlateText>63HZB723</NumberPlateText>
		<NumberPlateIndex>0</NumberPlateIndex>
		<WheelType>3</WheelType>
		<WheelsInvisible>false</WheelsInvisible>
		<EngineSoundName></EngineSoundName>
		<WindowTint>-1</WindowTint>
		<BulletProofTyres>true</BulletProofTyres>
		<DirtLevel>0.236625314</DirtLevel>
		<PaintFade>0.298039228</PaintFade>
		<RoofState>0</RoofState>
		<SirenActive>false</SirenActive>
		<EngineOn>true</EngineOn>
		<EngineHealth>1000</EngineHealth>
		<LightsOn>false</LightsOn>
		<IsRadioLoud>0</IsRadioLoud>
		<LockStatus>1</LockStatus>
		<Neons>
			<Left>false</Left>
			<Right>false</Right>
			<Front>false</Front>
			<Back>false</Back>
			<R>255</R>
			<G>0</G>
			<B>255</B>
		</Neons>
		<ModExtras>
			<_1>true</_1>
		</ModExtras>
		<Mods>
			<_0>-1,0</_0>
			<_1>-1,0</_1>
			<_2>-1,0</_2>
			<_3>-1,0</_3>
			<_4>-1,0</_4>
			<_5>-1,0</_5>
			<_6>-1,0</_6>
			<_7>-1,0</_7>
			<_8>-1,0</_8>
			<_9>-1,0</_9>
			<_10>-1,0</_10>
			<_11>-1,0</_11>
			<_12>-1,0</_12>
			<_13>-1,0</_13>
			<_14>-1,0</_14>
			<_15>-1,0</_15>
			<_16>-1,0</_16>
			<_17>false</_17>
			<_18>false</_18>
			<_19>false</_19>
			<_20>false</_20>
			<_21>false</_21>
			<_22>false</_22>
			<_23>-1,0</_23>
			<_24>-1,0</_24>
			<_25>-1,0</_25>
			<_26>-1,0</_26>
			<_27>-1,0</_27>
			<_28>-1,0</_28>
			<_29>-1,0</_29>
			<_30>-1,0</_30>
			<_31>-1,0</_31>
			<_32>-1,0</_32>
			<_33>-1,0</_33>
			<_34>-1,0</_34>
			<_35>-1,0</_35>
			<_36>-1,0</_36>
			<_37>-1,0</_37>
			<_38>-1,0</_38>
			<_39>-1,0</_39>
			<_40>-1,0</_40>
			<_41>-1,0</_41>
			<_42>-1,0</_42>
			<_43>-1,0</_43>
			<_44>-1,0</_44>
			<_45>-1,0</_45>
			<_46>-1,0</_46>
			<_47>-1,0</_47>
			<_48>-1,0</_48>
		</Mods>
		<DoorsOpen>
			<BackLeftDoor>true</BackLeftDoor>
			<BackRightDoor>false</BackRightDoor>
			<FrontLeftDoor>false</FrontLeftDoor>
			<FrontRightDoor>false</FrontRightDoor>
			<Hood>false</Hood>
			<Trunk>false</Trunk>
			<Trunk2>false</Trunk2>
		</DoorsOpen>
		<DoorsBroken>
			<BackLeftDoor>false</BackLeftDoor>
			<BackRightDoor>false</BackRightDoor>
			<FrontLeftDoor>false</FrontLeftDoor>
			<FrontRightDoor>false</FrontRightDoor>
			<Hood>false</Hood>
			<Trunk>false</Trunk>
			<Trunk2>false</Trunk2>
		</DoorsBroken>
		<TyresBursted>
			<FrontLeft>false</FrontLeft>
			<FrontRight>false</FrontRight>
			<_2>false</_2>
			<_3>false</_3>
			<BackLeft>false</BackLeft>
			<BackRight>false</BackRight>
			<_6>false</_6>
			<_7>false</_7>
			<_8>false</_8>
		</TyresBursted>
	</VehicleProperties>
	<OpacityLevel>255</OpacityLevel>
	<LodDistance>16960</LodDistance>
	<IsVisible>true</IsVisible>
	<IsDriverVisible>true</IsDriverVisible>
	<MaxHealth>1000</MaxHealth>
	<Health>998</Health>
	<HasGravity>true</HasGravity>
	<IsOnFire>false</IsOnFire>
	<IsInvincible>false</IsInvincible>
	<IsBulletProof>false</IsBulletProof>
	<IsExplosionProof>false</IsExplosionProof>
	<IsFireProof>false</IsFireProof>
	<IsMeleeProof>false</IsMeleeProof>
	<IsOnlyDamagedByPlayer>false</IsOnlyDamagedByPlayer>
	<SpoonerAttachments SetAttachmentsPersistentAndAddToSpoonerDatabase="false" StartTaskSequencesOnLoad="true">
		<Attachment>
			<ModelHash>0x5c762663</ModelHash>
			<Type>3</Type>
			<Dynamic>false</Dynamic>
			<FrozenPos>true</FrozenPos>
			<HashName>prop_bush_ivy_01_2m</HashName>
			<InitialHandle>418585</InitialHandle>
			<ObjectProperties>
				<TextureVariation>0</TextureVariation>
			</ObjectProperties>
			<OpacityLevel>255</OpacityLevel>
			<LodDistance>16960</LodDistance>
			<IsVisible>true</IsVisible>
			<MaxHealth>1000</MaxHealth>
			<Health>1000</Health>
			<HasGravity>true</HasGravity>
			<IsOnFire>false</IsOnFire>
			<IsInvincible>false</IsInvincible>
			<IsBulletProof>false</IsBulletProof>
			<IsCollisionProof>false</IsCollisionProof>
			<IsExplosionProof>false</IsExplosionProof>
			<IsFireProof>false</IsFireProof>
			<IsMeleeProof>false</IsMeleeProof>
			<IsOnlyDamagedByPlayer>false</IsOnlyDamagedByPlayer>
			<PositionRotation>
				<X>-1210.22961</X>
				<Y>4452.8833</Y>
				<Z>31.1227245</Z>
				<Pitch>-4.20858908</Pitch>
				<Roll>-0.513282955</Roll>
				<Yaw>55.3249168</Yaw>
			</PositionRotation>
			<Attachment isAttached="true">
				<AttachedTo>12057</AttachedTo>
				<BoneIndex>0</BoneIndex>
				<X>0.13864325</X>
				<Y>2.91740489</Y>
				<Z>0.420758963</Z>
				<Pitch>-2.15334988</Pitch>
				<Roll>-0.585743725</Roll>
				<Yaw>178.339417</Yaw>
			</Attachment>
		</Attachment>
		<Attachment>
			<ModelHash>0x5c762663</ModelHash>
			<Type>3</Type>
			<Dynamic>false</Dynamic>
			<FrozenPos>true</FrozenPos>
			<HashName>prop_bush_ivy_01_2m</HashName>
			<InitialHandle>404760</InitialHandle>
			<ObjectProperties>
				<TextureVariation>0</TextureVariation>
			</ObjectProperties>
			<OpacityLevel>255</OpacityLevel>
			<LodDistance>16960</LodDistance>
			<IsVisible>true</IsVisible>
			<MaxHealth>1000</MaxHealth>
			<Health>1000</Health>
			<HasGravity>true</HasGravity>
			<IsOnFire>false</IsOnFire>
			<IsInvincible>false</IsInvincible>
			<IsBulletProof>false</IsBulletProof>
			<IsCollisionProof>false</IsCollisionProof>
			<IsExplosionProof>false</IsExplosionProof>
			<IsFireProof>false</IsFireProof>
			<IsMeleeProof>false</IsMeleeProof>
			<IsOnlyDamagedByPlayer>false</IsOnlyDamagedByPlayer>
			<PositionRotation>
				<X>-1213.24194</X>
				<Y>4453.67627</Y>
				<Z>31.0215874</Z>
				<Pitch>-2.35784173</Pitch>
				<Roll>-2.63365126</Roll>
				<Yaw>-31.0275192</Yaw>
			</PositionRotation>
			<Attachment isAttached="true">
				<AttachedTo>12057</AttachedTo>
				<BoneIndex>0</BoneIndex>
				<X>1.11510909</X>
				<Y>-0.0423264168</Y>
				<Z>0.423369735</Z>
				<Pitch>-2.15334988</Pitch>
				<Roll>-0.585743725</Roll>
				<Yaw>92.0716019</Yaw>
			</Attachment>
		</Attachment>
		<Attachment>
			<ModelHash>0x5c762663</ModelHash>
			<Type>3</Type>
			<Dynamic>false</Dynamic>
			<FrozenPos>true</FrozenPos>
			<HashName>prop_bush_ivy_01_2m</HashName>
			<InitialHandle>349721</InitialHandle>
			<ObjectProperties>
				<TextureVariation>0</TextureVariation>
			</ObjectProperties>
			<OpacityLevel>255</OpacityLevel>
			<LodDistance>16960</LodDistance>
			<IsVisible>true</IsVisible>
			<MaxHealth>1000</MaxHealth>
			<Health>1000</Health>
			<HasGravity>true</HasGravity>
			<IsOnFire>false</IsOnFire>
			<IsInvincible>false</IsInvincible>
			<IsBulletProof>false</IsBulletProof>
			<IsCollisionProof>false</IsCollisionProof>
			<IsExplosionProof>false</IsExplosionProof>
			<IsFireProof>false</IsFireProof>
			<IsMeleeProof>false</IsMeleeProof>
			<IsOnlyDamagedByPlayer>false</IsOnlyDamagedByPlayer>
			<PositionRotation>
				<X>-1211.79346</X>
				<Y>4452.62061</Y>
				<Z>31.1029453</Z>
				<Pitch>-2.28349257</Pitch>
				<Roll>-2.63967323</Roll>
				<Yaw>-33.1051788</Yaw>
			</PositionRotation>
			<Attachment isAttached="true">
				<AttachedTo>12057</AttachedTo>
				<BoneIndex>0</BoneIndex>
				<X>1.21109438</X>
				<Y>1.74930012</Y>
				<Z>0.440357268</Z>
				<Pitch>-2.15334988</Pitch>
				<Roll>-0.585743725</Roll>
				<Yaw>89.992836</Yaw>
			</Attachment>
		</Attachment>
		<Attachment>
			<ModelHash>0x5c762663</ModelHash>
			<Type>3</Type>
			<Dynamic>false</Dynamic>
			<FrozenPos>true</FrozenPos>
			<HashName>prop_bush_ivy_01_2m</HashName>
			<InitialHandle>661273</InitialHandle>
			<ObjectProperties>
				<TextureVariation>0</TextureVariation>
			</ObjectProperties>
			<OpacityLevel>255</OpacityLevel>
			<LodDistance>16960</LodDistance>
			<IsVisible>true</IsVisible>
			<MaxHealth>1000</MaxHealth>
			<Health>1000</Health>
			<HasGravity>true</HasGravity>
			<IsOnFire>false</IsOnFire>
			<IsInvincible>false</IsInvincible>
			<IsBulletProof>false</IsBulletProof>
			<IsCollisionProof>false</IsCollisionProof>
			<IsExplosionProof>false</IsExplosionProof>
			<IsFireProof>false</IsFireProof>
			<IsMeleeProof>false</IsMeleeProof>
			<IsOnlyDamagedByPlayer>false</IsOnlyDamagedByPlayer>
			<PositionRotation>
				<X>-1210.20361</X>
				<Y>4454.58643</Y>
				<Z>31.0784302</Z>
				<Pitch>-1.89726913</Pitch>
				<Roll>1.45603967</Roll>
				<Yaw>150.495132</Yaw>
			</PositionRotation>
			<Attachment isAttached="true">
				<AttachedTo>12057</AttachedTo>
				<BoneIndex>0</BoneIndex>
				<X>-1.30343723</X>
				<Y>2.0102644</Y>
				<Z>0.412262142</Z>
				<Pitch>-2.15334988</Pitch>
				<Roll>-0.585743725</Roll>
				<Yaw>-86.5585175</Yaw>
			</Attachment>
		</Attachment>
		<Attachment>
			<ModelHash>0x5c762663</ModelHash>
			<Type>3</Type>
			<Dynamic>false</Dynamic>
			<FrozenPos>true</FrozenPos>
			<HashName>prop_bush_ivy_01_2m</HashName>
			<InitialHandle>685593</InitialHandle>
			<ObjectProperties>
				<TextureVariation>0</TextureVariation>
			</ObjectProperties>
			<OpacityLevel>255</OpacityLevel>
			<LodDistance>16960</LodDistance>
			<IsVisible>true</IsVisible>
			<MaxHealth>1000</MaxHealth>
			<Health>1000</Health>
			<HasGravity>true</HasGravity>
			<IsOnFire>false</IsOnFire>
			<IsInvincible>false</IsInvincible>
			<IsBulletProof>false</IsBulletProof>
			<IsCollisionProof>false</IsCollisionProof>
			<IsExplosionProof>false</IsExplosionProof>
			<IsFireProof>false</IsFireProof>
			<IsMeleeProof>false</IsMeleeProof>
			<IsOnlyDamagedByPlayer>false</IsOnlyDamagedByPlayer>
			<PositionRotation>
				<X>-1211.08777</X>
				<Y>4453.54639</Y>
				<Z>31.5434914</Z>
				<Pitch>-74.2097702</Pitch>
				<Roll>-0.525790155</Roll>
				<Yaw>53.8187294</Yaw>
			</PositionRotation>
			<Attachment isAttached="true">
				<AttachedTo>12057</AttachedTo>
				<BoneIndex>0</BoneIndex>
				<X>0.0510867871</X>
				<Y>1.85221684</Y>
				<Z>0.88016963</Z>
				<Pitch>-72.1533356</Pitch>
				<Roll>-0.585743725</Roll>
				<Yaw>176.779846</Yaw>
			</Attachment>
		</Attachment>
		<Attachment>
			<ModelHash>0x2cfee5fd</ModelHash>
			<Type>3</Type>
			<Dynamic>false</Dynamic>
			<FrozenPos>true</FrozenPos>
			<HashName>prop_bush_ivy_01_1m</HashName>
			<InitialHandle>65306</InitialHandle>
			<ObjectProperties>
				<TextureVariation>0</TextureVariation>
			</ObjectProperties>
			<OpacityLevel>255</OpacityLevel>
			<LodDistance>16960</LodDistance>
			<IsVisible>true</IsVisible>
			<MaxHealth>1000</MaxHealth>
			<Health>1000</Health>
			<HasGravity>true</HasGravity>
			<IsOnFire>false</IsOnFire>
			<IsInvincible>false</IsInvincible>
			<IsBulletProof>false</IsBulletProof>
			<IsCollisionProof>false</IsCollisionProof>
			<IsExplosionProof>false</IsExplosionProof>
			<IsFireProof>false</IsFireProof>
			<IsMeleeProof>false</IsMeleeProof>
			<IsOnlyDamagedByPlayer>false</IsOnlyDamagedByPlayer>
			<PositionRotation>
				<X>-1212.54236</X>
				<Y>4454.55518</Y>
				<Z>32.4854507</Z>
				<Pitch>-64.2086411</Pitch>
				<Roll>-70.4196777</Roll>
				<Yaw>55.4680672</Yaw>
			</PositionRotation>
			<Attachment isAttached="true">
				<AttachedTo>12057</AttachedTo>
				<BoneIndex>0</BoneIndex>
				<X>0.000268995762</X>
				<Y>0.117839813</Y>
				<Z>1.88500321</Z>
				<Pitch>-62.1534843</Pitch>
				<Roll>-70.5857162</Roll>
				<Yaw>178.338379</Yaw>
			</Attachment>
		</Attachment>
		<Attachment>
			<ModelHash>0x5c762663</ModelHash>
			<Type>3</Type>
			<Dynamic>false</Dynamic>
			<FrozenPos>true</FrozenPos>
			<HashName>prop_bush_ivy_01_2m</HashName>
			<InitialHandle>164122</InitialHandle>
			<ObjectProperties>
				<TextureVariation>0</TextureVariation>
			</ObjectProperties>
			<OpacityLevel>255</OpacityLevel>
			<LodDistance>16960</LodDistance>
			<IsVisible>true</IsVisible>
			<MaxHealth>1000</MaxHealth>
			<Health>1000</Health>
			<HasGravity>true</HasGravity>
			<IsOnFire>false</IsOnFire>
			<IsInvincible>false</IsInvincible>
			<IsBulletProof>false</IsBulletProof>
			<IsCollisionProof>false</IsCollisionProof>
			<IsExplosionProof>false</IsExplosionProof>
			<IsFireProof>false</IsFireProof>
			<IsMeleeProof>false</IsMeleeProof>
			<IsOnlyDamagedByPlayer>false</IsOnlyDamagedByPlayer>
			<PositionRotation>
				<X>-1215.02869</X>
				<Y>4454.55908</Y>
				<Z>30.9403763</Z>
				<Pitch>-2.2927599</Pitch>
				<Roll>-2.63907027</Roll>
				<Yaw>-32.8465195</Yaw>
			</PositionRotation>
			<Attachment isAttached="true">
				<AttachedTo>12057</AttachedTo>
				<BoneIndex>0</BoneIndex>
				<X>1.3483355</X>
				<Y>-2.0232079</Y>
				<Z>0.412554383</Z>
				<Pitch>-2.15334988</Pitch>
				<Roll>-0.585743725</Roll>
				<Yaw>90.2516403</Yaw>
			</Attachment>
		</Attachment>
		<Attachment>
			<ModelHash>0x5c762663</ModelHash>
			<Type>3</Type>
			<Dynamic>false</Dynamic>
			<FrozenPos>true</FrozenPos>
			<HashName>prop_bush_ivy_01_2m</HashName>
			<InitialHandle>6938</InitialHandle>
			<ObjectProperties>
				<TextureVariation>0</TextureVariation>
			</ObjectProperties>
			<OpacityLevel>255</OpacityLevel>
			<LodDistance>16960</LodDistance>
			<IsVisible>true</IsVisible>
			<MaxHealth>1000</MaxHealth>
			<Health>1000</Health>
			<HasGravity>true</HasGravity>
			<IsOnFire>false</IsOnFire>
			<IsInvincible>false</IsInvincible>
			<IsBulletProof>false</IsBulletProof>
			<IsCollisionProof>false</IsCollisionProof>
			<IsExplosionProof>false</IsExplosionProof>
			<IsFireProof>false</IsFireProof>
			<IsMeleeProof>false</IsMeleeProof>
			<IsOnlyDamagedByPlayer>false</IsOnlyDamagedByPlayer>
			<PositionRotation>
				<X>-1213.44836</X>
				<Y>4456.66211</Y>
				<Z>30.9740257</Z>
				<Pitch>-2.30252647</Pitch>
				<Roll>1.46690261</Roll>
				<Yaw>139.187225</Yaw>
			</PositionRotation>
			<Attachment isAttached="true">
				<AttachedTo>12057</AttachedTo>
				<BoneIndex>0</BoneIndex>
				<X>-1.2760452</X>
				<Y>-1.84278166</Y>
				<Z>0.445798874</Z>
				<Pitch>-2.15334988</Pitch>
				<Roll>-0.585743725</Roll>
				<Yaw>-97.874054</Yaw>
			</Attachment>
		</Attachment>
		<Attachment>
			<ModelHash>0x5c762663</ModelHash>
			<Type>3</Type>
			<Dynamic>false</Dynamic>
			<FrozenPos>true</FrozenPos>
			<HashName>prop_bush_ivy_01_2m</HashName>
			<InitialHandle>243738</InitialHandle>
			<ObjectProperties>
				<TextureVariation>0</TextureVariation>
			</ObjectProperties>
			<OpacityLevel>255</OpacityLevel>
			<LodDistance>16960</LodDistance>
			<IsVisible>true</IsVisible>
			<MaxHealth>1000</MaxHealth>
			<Health>1000</Health>
			<HasGravity>true</HasGravity>
			<IsOnFire>false</IsOnFire>
			<IsInvincible>false</IsInvincible>
			<IsBulletProof>false</IsBulletProof>
			<IsCollisionProof>false</IsCollisionProof>
			<IsExplosionProof>false</IsExplosionProof>
			<IsFireProof>false</IsFireProof>
			<IsMeleeProof>false</IsMeleeProof>
			<IsOnlyDamagedByPlayer>false</IsOnlyDamagedByPlayer>
			<PositionRotation>
				<X>-1211.95227</X>
				<Y>4455.48291</Y>
				<Z>31.0551071</Z>
				<Pitch>-1.89308035</Pitch>
				<Roll>1.45550621</Roll>
				<Yaw>150.612732</Yaw>
			</PositionRotation>
			<Attachment isAttached="true">
				<AttachedTo>12057</AttachedTo>
				<BoneIndex>0</BoneIndex>
				<X>-1.10237968</X>
				<Y>0.0559580065</Y>
				<Z>0.458493441</Z>
				<Pitch>-2.15334988</Pitch>
				<Roll>-0.585743725</Roll>
				<Yaw>-86.4408112</Yaw>
			</Attachment>
		</Attachment>
		<Attachment>
			<ModelHash>0x2cfee5fd</ModelHash>
			<Type>3</Type>
			<Dynamic>false</Dynamic>
			<FrozenPos>true</FrozenPos>
			<HashName>prop_bush_ivy_01_1m</HashName>
			<InitialHandle>272922</InitialHandle>
			<ObjectProperties>
				<TextureVariation>0</TextureVariation>
			</ObjectProperties>
			<OpacityLevel>255</OpacityLevel>
			<LodDistance>16960</LodDistance>
			<IsVisible>true</IsVisible>
			<MaxHealth>1000</MaxHealth>
			<Health>1000</Health>
			<HasGravity>true</HasGravity>
			<IsOnFire>false</IsOnFire>
			<IsInvincible>false</IsInvincible>
			<IsBulletProof>false</IsBulletProof>
			<IsCollisionProof>false</IsCollisionProof>
			<IsExplosionProof>false</IsExplosionProof>
			<IsFireProof>false</IsFireProof>
			<IsMeleeProof>false</IsMeleeProof>
			<IsOnlyDamagedByPlayer>false</IsOnlyDamagedByPlayer>
			<PositionRotation>
				<X>-1215.11694</X>
				<Y>4456.2583</Y>
				<Z>30.4419823</Z>
				<Pitch>-0.127944916</Pitch>
				<Roll>-80.9421158</Roll>
				<Yaw>-116.71801</Yaw>
			</PositionRotation>
			<Attachment isAttached="true">
				<AttachedTo>12057</AttachedTo>
				<BoneIndex>0</BoneIndex>
				<X>-0.0296330731</X>
				<Y>-3.0403409</Y>
				<Z>-0.0465420187</Z>
				<Pitch>-2.15335202</Pitch>
				<Roll>-80.5857162</Roll>
				<Yaw>6.30758667</Yaw>
			</Attachment>
		</Attachment>
		<Attachment>
			<ModelHash>0x9637ba84</ModelHash>
			<Type>3</Type>
			<Dynamic>false</Dynamic>
			<FrozenPos>true</FrozenPos>
			<HashName>bkr_prop_gunlocker_ammo_01a</HashName>
			<InitialHandle>256797</InitialHandle>
			<ObjectProperties>
				<TextureVariation>0</TextureVariation>
			</ObjectProperties>
			<OpacityLevel>255</OpacityLevel>
			<LodDistance>16960</LodDistance>
			<IsVisible>true</IsVisible>
			<MaxHealth>1000</MaxHealth>
			<Health>1000</Health>
			<HasGravity>true</HasGravity>
			<IsOnFire>false</IsOnFire>
			<IsInvincible>false</IsInvincible>
			<IsBulletProof>false</IsBulletProof>
			<IsCollisionProof>false</IsCollisionProof>
			<IsExplosionProof>false</IsExplosionProof>
			<IsFireProof>false</IsFireProof>
			<IsMeleeProof>false</IsMeleeProof>
			<IsOnlyDamagedByPlayer>false</IsOnlyDamagedByPlayer>
			<PositionRotation>
				<X>-1214.88599</X>
				<Y>4455.52197</Y>
				<Z>31.3592491</Z>
				<Pitch>-0.25436005</Pitch>
				<Roll>3.64599109</Roll>
				<Yaw>149.409622</Yaw>
			</PositionRotation>
			<Attachment isAttached="true">
				<AttachedTo>12057</AttachedTo>
				<BoneIndex>0</BoneIndex>
				<X>0.464107722</X>
				<Y>-2.41292691</Y>
				<Z>0.847696602</Z>
				<Pitch>-0.472789764</Pitch>
				<Roll>1.60107028</Roll>
				<Yaw>-87.5848541</Yaw>
			</Attachment>
		</Attachment>
		<Attachment>
			<ModelHash>0x7a845307</ModelHash>
			<Type>3</Type>
			<Dynamic>false</Dynamic>
			<FrozenPos>true</FrozenPos>
			<HashName>ex_prop_crate_ammo_sc</HashName>
			<InitialHandle>692253</InitialHandle>
			<ObjectProperties>
				<TextureVariation>0</TextureVariation>
			</ObjectProperties>
			<OpacityLevel>255</OpacityLevel>
			<LodDistance>16960</LodDistance>
			<IsVisible>true</IsVisible>
			<MaxHealth>1000</MaxHealth>
			<Health>1000</Health>
			<HasGravity>true</HasGravity>
			<IsOnFire>false</IsOnFire>
			<IsInvincible>false</IsInvincible>
			<IsBulletProof>false</IsBulletProof>
			<IsCollisionProof>false</IsCollisionProof>
			<IsExplosionProof>false</IsExplosionProof>
			<IsFireProof>false</IsFireProof>
			<IsMeleeProof>false</IsMeleeProof>
			<IsOnlyDamagedByPlayer>false</IsOnlyDamagedByPlayer>
			<PositionRotation>
				<X>-1214.44617</X>
				<Y>4456.01416</Y>
				<Z>31.004858</Z>
				<Pitch>-2.29280472</Pitch>
				<Roll>-2.63906765</Roll>
				<Yaw>-32.8452644</Yaw>
			</PositionRotation>
			<Attachment isAttached="true">
				<AttachedTo>12057</AttachedTo>
				<BoneIndex>0</BoneIndex>
				<X>-0.18914111</X>
				<Y>-2.32510018</Y>
				<Z>0.491434336</Z>
				<Pitch>-2.15334988</Pitch>
				<Roll>-0.585743725</Roll>
				<Yaw>90.2528992</Yaw>
			</Attachment>
		</Attachment>
		<Attachment>
			<ModelHash>0xab39f229</ModelHash>
			<Type>3</Type>
			<Dynamic>false</Dynamic>
			<FrozenPos>true</FrozenPos>
			<HashName>prop_box_ammo03a</HashName>
			<InitialHandle>323102</InitialHandle>
			<ObjectProperties>
				<TextureVariation>0</TextureVariation>
			</ObjectProperties>
			<OpacityLevel>255</OpacityLevel>
			<LodDistance>16960</LodDistance>
			<IsVisible>true</IsVisible>
			<MaxHealth>1000</MaxHealth>
			<Health>1000</Health>
			<HasGravity>true</HasGravity>
			<IsOnFire>false</IsOnFire>
			<IsInvincible>false</IsInvincible>
			<IsBulletProof>false</IsBulletProof>
			<IsCollisionProof>false</IsCollisionProof>
			<IsExplosionProof>false</IsExplosionProof>
			<IsFireProof>false</IsFireProof>
			<IsMeleeProof>false</IsMeleeProof>
			<IsOnlyDamagedByPlayer>false</IsOnlyDamagedByPlayer>
			<PositionRotation>
				<X>-1213.51318</X>
				<Y>4455.19141</Y>
				<Z>31.9878826</Z>
				<Pitch>-0.100676797</Pitch>
				<Roll>-0.711373806</Roll>
				<Yaw>-123.192711</Yaw>
			</PositionRotation>
			<Attachment isAttached="true">
				<AttachedTo>12057</AttachedTo>
				<BoneIndex>0</BoneIndex>
				<X>-0.00512761995</X>
				<Y>-1.05992484</Y>
				<Z>1.42933261</Z>
				<Pitch>-2.15334988</Pitch>
				<Roll>-0.585743725</Roll>
				<Yaw>-0.171737671</Yaw>
			</Attachment>
		</Attachment>
		<Attachment>
			<ModelHash>0x541d62e0</ModelHash>
			<Type>3</Type>
			<Dynamic>false</Dynamic>
			<FrozenPos>true</FrozenPos>
			<HashName>bkr_prop_meth_ammonia</HashName>
			<InitialHandle>279583</InitialHandle>
			<ObjectProperties>
				<TextureVariation>0</TextureVariation>
			</ObjectProperties>
			<OpacityLevel>255</OpacityLevel>
			<LodDistance>16960</LodDistance>
			<IsVisible>true</IsVisible>
			<MaxHealth>1000</MaxHealth>
			<Health>1000</Health>
			<HasGravity>true</HasGravity>
			<IsOnFire>false</IsOnFire>
			<IsInvincible>false</IsInvincible>
			<IsBulletProof>false</IsBulletProof>
			<IsCollisionProof>false</IsCollisionProof>
			<IsExplosionProof>false</IsExplosionProof>
			<IsFireProof>false</IsFireProof>
			<IsMeleeProof>false</IsMeleeProof>
			<IsOnlyDamagedByPlayer>false</IsOnlyDamagedByPlayer>
			<PositionRotation>
				<X>-1214.2627</X>
				<Y>4454.85205</Y>
				<Z>31.196619</Z>
				<Pitch>-0.0982516557</Pitch>
				<Roll>-0.509479582</Roll>
				<Yaw>-128.817505</Yaw>
			</PositionRotation>
			<Attachment isAttached="true">
				<AttachedTo>12057</AttachedTo>
				<BoneIndex>0</BoneIndex>
				<X>0.685926557</X>
				<Y>-1.53161359</Y>
				<Z>0.652869701</Z>
				<Pitch>-2.15334988</Pitch>
				<Roll>-0.585743725</Roll>
				<Yaw>-5.80050659</Yaw>
			</Attachment>
		</Attachment>
		<Attachment>
			<ModelHash>0x306e29b4</ModelHash>
			<Type>3</Type>
			<Dynamic>false</Dynamic>
			<FrozenPos>true</FrozenPos>
			<HashName>prop_ballistic_shield_lod1</HashName>
			<InitialHandle>58913</InitialHandle>
			<ObjectProperties>
				<TextureVariation>0</TextureVariation>
			</ObjectProperties>
			<OpacityLevel>255</OpacityLevel>
			<LodDistance>16960</LodDistance>
			<IsVisible>true</IsVisible>
			<MaxHealth>1000</MaxHealth>
			<Health>1000</Health>
			<HasGravity>true</HasGravity>
			<IsOnFire>false</IsOnFire>
			<IsInvincible>false</IsInvincible>
			<IsBulletProof>false</IsBulletProof>
			<IsCollisionProof>false</IsCollisionProof>
			<IsExplosionProof>false</IsExplosionProof>
			<IsFireProof>false</IsFireProof>
			<IsMeleeProof>false</IsMeleeProof>
			<IsOnlyDamagedByPlayer>false</IsOnlyDamagedByPlayer>
			<PositionRotation>
				<X>-1212.1283</X>
				<Y>4454.30176</Y>
				<Z>32.383152</Z>
				<Pitch>-14.203392</Pitch>
				<Roll>-0.418328404</Roll>
				<Yaw>57.8722649</Yaw>
			</PositionRotation>
			<Attachment isAttached="true">
				<AttachedTo>12057</AttachedTo>
				<BoneIndex>0</BoneIndex>
				<X>-0.0132491644</X>
				<Y>0.599067569</Y>
				<Z>1.7654258</Z>
				<Pitch>-12.1533518</Pitch>
				<Roll>-0.585743487</Roll>
				<Yaw>180.8526</Yaw>
			</Attachment>
		</Attachment>
		<Attachment>
			<ModelHash>0x9d47aff9</ModelHash>
			<Type>3</Type>
			<Dynamic>false</Dynamic>
			<FrozenPos>true</FrozenPos>
			<HashName>prop_bush_med_03_cr2</HashName>
			<InitialHandle>675619</InitialHandle>
			<ObjectProperties>
				<TextureVariation>0</TextureVariation>
			</ObjectProperties>
			<OpacityLevel>255</OpacityLevel>
			<LodDistance>16960</LodDistance>
			<IsVisible>true</IsVisible>
			<MaxHealth>1000</MaxHealth>
			<Health>0</Health>
			<HasGravity>true</HasGravity>
			<IsOnFire>false</IsOnFire>
			<IsInvincible>false</IsInvincible>
			<IsBulletProof>false</IsBulletProof>
			<IsCollisionProof>false</IsCollisionProof>
			<IsExplosionProof>false</IsExplosionProof>
			<IsFireProof>false</IsFireProof>
			<IsMeleeProof>false</IsMeleeProof>
			<IsOnlyDamagedByPlayer>false</IsOnlyDamagedByPlayer>
			<PositionRotation>
				<X>-1212.39148</X>
				<Y>4454.42676</Y>
				<Z>31.82197</Z>
				<Pitch>-4.17362642</Pitch>
				<Roll>-0.2007927</Roll>
				<Yaw>64.0898666</Yaw>
			</PositionRotation>
			<Attachment isAttached="true">
				<AttachedTo>12057</AttachedTo>
				<BoneIndex>0</BoneIndex>
				<X>0.0240034983</X>
				<Y>0.290249527</Y>
				<Z>1.21486247</Z>
				<Pitch>-2.15334988</Pitch>
				<Roll>-0.585743725</Roll>
				<Yaw>187.087128</Yaw>
			</Attachment>
		</Attachment>
		<Attachment>
			<ModelHash>0x9d47aff9</ModelHash>
			<Type>3</Type>
			<Dynamic>false</Dynamic>
			<FrozenPos>true</FrozenPos>
			<HashName>prop_bush_med_03_cr2</HashName>
			<InitialHandle>653347</InitialHandle>
			<ObjectProperties>
				<TextureVariation>0</TextureVariation>
			</ObjectProperties>
			<OpacityLevel>255</OpacityLevel>
			<LodDistance>16960</LodDistance>
			<IsVisible>true</IsVisible>
			<MaxHealth>1000</MaxHealth>
			<Health>1000</Health>
			<HasGravity>true</HasGravity>
			<IsOnFire>false</IsOnFire>
			<IsInvincible>false</IsInvincible>
			<IsBulletProof>false</IsBulletProof>
			<IsCollisionProof>false</IsCollisionProof>
			<IsExplosionProof>false</IsExplosionProof>
			<IsFireProof>false</IsFireProof>
			<IsMeleeProof>false</IsMeleeProof>
			<IsOnlyDamagedByPlayer>false</IsOnlyDamagedByPlayer>
			<PositionRotation>
				<X>-1213.14624</X>
				<Y>4454.96631</Y>
				<Z>31.8266449</Z>
				<Pitch>-0.114146806</Pitch>
				<Roll>-0.319417387</Roll>
				<Yaw>-134.130508</Yaw>
			</PositionRotation>
			<Attachment isAttached="true">
				<AttachedTo>12057</AttachedTo>
				<BoneIndex>0</BoneIndex>
				<X>-0.0169494562</X>
				<Y>-0.635728657</Y>
				<Z>1.25281715</Z>
				<Pitch>-2.15334988</Pitch>
				<Roll>-0.585743725</Roll>
				<Yaw>-11.1172867</Yaw>
			</Attachment>
		</Attachment>
		<Attachment>
			<ModelHash>0x36dac2c6</ModelHash>
			<Type>3</Type>
			<Dynamic>false</Dynamic>
			<FrozenPos>true</FrozenPos>
			<HashName>prop_gascyl_ramp_door_01</HashName>
			<InitialHandle>216613</InitialHandle>
			<ObjectProperties>
				<TextureVariation>0</TextureVariation>
			</ObjectProperties>
			<OpacityLevel>255</OpacityLevel>
			<LodDistance>16960</LodDistance>
			<IsVisible>true</IsVisible>
			<MaxHealth>1000</MaxHealth>
			<Health>1000</Health>
			<HasGravity>true</HasGravity>
			<IsOnFire>false</IsOnFire>
			<IsInvincible>false</IsInvincible>
			<IsBulletProof>false</IsBulletProof>
			<IsCollisionProof>false</IsCollisionProof>
			<IsExplosionProof>false</IsExplosionProof>
			<IsFireProof>false</IsFireProof>
			<IsMeleeProof>false</IsMeleeProof>
			<IsOnlyDamagedByPlayer>false</IsOnlyDamagedByPlayer>
			<PositionRotation>
				<X>-1211.91626</X>
				<Y>4453.69922</Y>
				<Z>31.6320095</Z>
				<Pitch>-54.2046852</Pitch>
				<Roll>-0.342117846</Roll>
				<Yaw>57.4758415</Yaw>
			</PositionRotation>
			<Attachment isAttached="true">
				<AttachedTo>12057</AttachedTo>
				<BoneIndex>0</BoneIndex>
				<X>0.37480998</X>
				<Y>1.07796288</Y>
				<Z>0.995744586</Z>
				<Pitch>-52.1533508</Pitch>
				<Roll>-0.585746288</Roll>
				<Yaw>180.299286</Yaw>
			</Attachment>
		</Attachment>
		<Attachment>
			<ModelHash>0x36dac2c6</ModelHash>
			<Type>3</Type>
			<Dynamic>false</Dynamic>
			<FrozenPos>true</FrozenPos>
			<HashName>prop_gascyl_ramp_door_01</HashName>
			<InitialHandle>335652</InitialHandle>
			<ObjectProperties>
				<TextureVariation>0</TextureVariation>
			</ObjectProperties>
			<OpacityLevel>255</OpacityLevel>
			<LodDistance>16960</LodDistance>
			<IsVisible>true</IsVisible>
			<MaxHealth>1000</MaxHealth>
			<Health>1000</Health>
			<HasGravity>true</HasGravity>
			<IsOnFire>false</IsOnFire>
			<IsInvincible>false</IsInvincible>
			<IsBulletProof>false</IsBulletProof>
			<IsCollisionProof>false</IsCollisionProof>
			<IsExplosionProof>false</IsExplosionProof>
			<IsFireProof>false</IsFireProof>
			<IsMeleeProof>false</IsMeleeProof>
			<IsOnlyDamagedByPlayer>false</IsOnlyDamagedByPlayer>
			<PositionRotation>
				<X>-1211.51086</X>
				<Y>4454.33057</Y>
				<Z>31.638649</Z>
				<Pitch>-54.2063141</Pitch>
				<Roll>-0.384562045</Roll>
				<Yaw>56.7484932</Yaw>
			</PositionRotation>
			<Attachment isAttached="true">
				<AttachedTo>12057</AttachedTo>
				<BoneIndex>0</BoneIndex>
				<X>-0.375323892</X>
				<Y>1.07427657</Y>
				<Z>1.004246</Z>
				<Pitch>-52.1533432</Pitch>
				<Roll>-0.585743725</Roll>
				<Yaw>179.605927</Yaw>
			</Attachment>
		</Attachment>
		<Attachment>
			<ModelHash>0x36dac2c6</ModelHash>
			<Type>3</Type>
			<Dynamic>false</Dynamic>
			<FrozenPos>true</FrozenPos>
			<HashName>prop_gascyl_ramp_door_01</HashName>
			<InitialHandle>46631</InitialHandle>
			<ObjectProperties>
				<TextureVariation>0</TextureVariation>
			</ObjectProperties>
			<OpacityLevel>255</OpacityLevel>
			<LodDistance>16960</LodDistance>
			<IsVisible>true</IsVisible>
			<MaxHealth>1000</MaxHealth>
			<Health>1000</Health>
			<HasGravity>true</HasGravity>
			<IsOnFire>false</IsOnFire>
			<IsInvincible>false</IsInvincible>
			<IsBulletProof>false</IsBulletProof>
			<IsCollisionProof>false</IsCollisionProof>
			<IsExplosionProof>false</IsExplosionProof>
			<IsFireProof>false</IsFireProof>
			<IsMeleeProof>false</IsMeleeProof>
			<IsOnlyDamagedByPlayer>false</IsOnlyDamagedByPlayer>
			<PositionRotation>
				<X>-1212.0293</X>
				<Y>4453.79688</Y>
				<Z>31.7898407</Z>
				<Pitch>-47.2096329</Pitch>
				<Roll>-0.626725793</Roll>
				<Yaw>54.4665909</Yaw>
			</PositionRotation>
			<Attachment isAttached="true">
				<AttachedTo>12057</AttachedTo>
				<BoneIndex>0</BoneIndex>
				<X>0.354833156</X>
				<Y>0.935688496</Y>
				<Z>1.15882206</Z>
				<Pitch>-45.1535187</Pitch>
				<Roll>-0.68574506</Roll>
				<Yaw>177.442505</Yaw>
			</Attachment>
		</Attachment>
		<Attachment>
			<ModelHash>0x36dac2c6</ModelHash>
			<Type>3</Type>
			<Dynamic>false</Dynamic>
			<FrozenPos>true</FrozenPos>
			<HashName>prop_gascyl_ramp_door_01</HashName>
			<InitialHandle>547623</InitialHandle>
			<ObjectProperties>
				<TextureVariation>0</TextureVariation>
			</ObjectProperties>
			<OpacityLevel>255</OpacityLevel>
			<LodDistance>16960</LodDistance>
			<IsVisible>true</IsVisible>
			<MaxHealth>1000</MaxHealth>
			<Health>1000</Health>
			<HasGravity>true</HasGravity>
			<IsOnFire>false</IsOnFire>
			<IsInvincible>false</IsInvincible>
			<IsBulletProof>false</IsBulletProof>
			<IsCollisionProof>false</IsCollisionProof>
			<IsExplosionProof>false</IsExplosionProof>
			<IsFireProof>false</IsFireProof>
			<IsMeleeProof>false</IsMeleeProof>
			<IsOnlyDamagedByPlayer>false</IsOnlyDamagedByPlayer>
			<PositionRotation>
				<X>-1211.63306</X>
				<Y>4454.43506</Y>
				<Z>31.7981453</Z>
				<Pitch>-44.2059937</Pitch>
				<Roll>-0.41308552</Roll>
				<Yaw>56.8759575</Yaw>
			</PositionRotation>
			<Attachment isAttached="true">
				<AttachedTo>12057</AttachedTo>
				<BoneIndex>0</BoneIndex>
				<X>-0.395963013</X>
				<Y>0.920579314</Y>
				<Z>1.16940129</Z>
				<Pitch>-42.1533508</Pitch>
				<Roll>-0.585743725</Roll>
				<Yaw>179.776306</Yaw>
			</Attachment>
		</Attachment>
		<Attachment>
			<ModelHash>0xc486b3a9</ModelHash>
			<Type>3</Type>
			<Dynamic>false</Dynamic>
			<FrozenPos>true</FrozenPos>
			<HashName>prop_fncwood_16a</HashName>
			<InitialHandle>32043</InitialHandle>
			<ObjectProperties>
				<TextureVariation>0</TextureVariation>
			</ObjectProperties>
			<OpacityLevel>255</OpacityLevel>
			<LodDistance>16960</LodDistance>
			<IsVisible>true</IsVisible>
			<MaxHealth>1000</MaxHealth>
			<Health>1000</Health>
			<HasGravity>true</HasGravity>
			<IsOnFire>false</IsOnFire>
			<IsInvincible>false</IsInvincible>
			<IsBulletProof>false</IsBulletProof>
			<IsCollisionProof>false</IsCollisionProof>
			<IsExplosionProof>false</IsExplosionProof>
			<IsFireProof>false</IsFireProof>
			<IsMeleeProof>false</IsMeleeProof>
			<IsOnlyDamagedByPlayer>false</IsOnlyDamagedByPlayer>
			<PositionRotation>
				<X>-1215.12439</X>
				<Y>4456.1543</Y>
				<Z>29.6190701</Z>
				<Pitch>11.8985796</Pitch>
				<Roll>-0.725476205</Roll>
				<Yaw>-122.85392</Yaw>
			</PositionRotation>
			<Attachment isAttached="true">
				<AttachedTo>12057</AttachedTo>
				<BoneIndex>0</BoneIndex>
				<X>0.0600657351</X>
				<Y>-3.01918888</Y>
				<Z>-0.870947778</Z>
				<Pitch>9.84665298</Pitch>
				<Roll>-0.585743487</Roll>
				<Yaw>0.138214111</Yaw>
			</Attachment>
		</Attachment>
		<Attachment>
			<ModelHash>0xc486b3a9</ModelHash>
			<Type>3</Type>
			<Dynamic>false</Dynamic>
			<FrozenPos>true</FrozenPos>
			<HashName>prop_fncwood_16a</HashName>
			<InitialHandle>80682</InitialHandle>
			<ObjectProperties>
				<TextureVariation>0</TextureVariation>
			</ObjectProperties>
			<OpacityLevel>255</OpacityLevel>
			<LodDistance>16960</LodDistance>
			<IsVisible>true</IsVisible>
			<MaxHealth>1000</MaxHealth>
			<Health>1000</Health>
			<HasGravity>true</HasGravity>
			<IsOnFire>false</IsOnFire>
			<IsInvincible>false</IsInvincible>
			<IsBulletProof>false</IsBulletProof>
			<IsCollisionProof>false</IsCollisionProof>
			<IsExplosionProof>false</IsExplosionProof>
			<IsFireProof>false</IsFireProof>
			<IsMeleeProof>false</IsMeleeProof>
			<IsOnlyDamagedByPlayer>false</IsOnlyDamagedByPlayer>
			<PositionRotation>
				<X>-1214.11719</X>
				<Y>4456.64404</Y>
				<Z>30.7178116</Z>
				<Pitch>-2.00250483</Pitch>
				<Roll>1.46657848</Roll>
				<Yaw>147.549866</Yaw>
			</PositionRotation>
			<Attachment isAttached="true">
				<AttachedTo>12057</AttachedTo>
				<BoneIndex>0</BoneIndex>
				<X>-0.897107959</X>
				<Y>-2.40272737</Y>
				<Z>0.208614439</Z>
				<Pitch>-2.15334988</Pitch>
				<Roll>-0.585743725</Roll>
				<Yaw>-89.5060425</Yaw>
			</Attachment>
		</Attachment>
		<Attachment>
			<ModelHash>0xc486b3a9</ModelHash>
			<Type>3</Type>
			<Dynamic>false</Dynamic>
			<FrozenPos>true</FrozenPos>
			<HashName>prop_fncwood_16a</HashName>
			<InitialHandle>767018</InitialHandle>
			<ObjectProperties>
				<TextureVariation>0</TextureVariation>
			</ObjectProperties>
			<OpacityLevel>255</OpacityLevel>
			<LodDistance>16960</LodDistance>
			<IsVisible>true</IsVisible>
			<MaxHealth>1000</MaxHealth>
			<Health>400</Health>
			<HasGravity>true</HasGravity>
			<IsOnFire>false</IsOnFire>
			<IsInvincible>false</IsInvincible>
			<IsBulletProof>false</IsBulletProof>
			<IsCollisionProof>false</IsCollisionProof>
			<IsExplosionProof>false</IsExplosionProof>
			<IsFireProof>false</IsFireProof>
			<IsMeleeProof>false</IsMeleeProof>
			<IsOnlyDamagedByPlayer>false</IsOnlyDamagedByPlayer>
			<PositionRotation>
				<X>-1215.03076</X>
				<Y>4455.05225</Y>
				<Z>30.8199806</Z>
				<Pitch>-2.28226686</Pitch>
				<Roll>-2.63974977</Roll>
				<Yaw>-33.1393661</Yaw>
			</PositionRotation>
			<Attachment isAttached="true">
				<AttachedTo>12057</AttachedTo>
				<BoneIndex>0</BoneIndex>
				<X>0.935605288</X>
				<Y>-2.29777646</Y>
				<Z>0.302869856</Z>
				<Pitch>-2.15334988</Pitch>
				<Roll>-0.585743725</Roll>
				<Yaw>89.9586334</Yaw>
			</Attachment>
		</Attachment>
		<Attachment>
			<ModelHash>0xc486b3a9</ModelHash>
			<Type>3</Type>
			<Dynamic>false</Dynamic>
			<FrozenPos>true</FrozenPos>
			<HashName>prop_fncwood_16a</HashName>
			<InitialHandle>352044</InitialHandle>
			<ObjectProperties>
				<TextureVariation>0</TextureVariation>
			</ObjectProperties>
			<OpacityLevel>255</OpacityLevel>
			<LodDistance>16960</LodDistance>
			<IsVisible>true</IsVisible>
			<MaxHealth>1000</MaxHealth>
			<Health>1000</Health>
			<HasGravity>true</HasGravity>
			<IsOnFire>false</IsOnFire>
			<IsInvincible>false</IsInvincible>
			<IsBulletProof>false</IsBulletProof>
			<IsCollisionProof>false</IsCollisionProof>
			<IsExplosionProof>false</IsExplosionProof>
			<IsFireProof>false</IsFireProof>
			<IsMeleeProof>false</IsMeleeProof>
			<IsOnlyDamagedByPlayer>false</IsOnlyDamagedByPlayer>
			<PositionRotation>
				<X>-1213.87195</X>
				<Y>4455.31396</Y>
				<Z>30.7965946</Z>
				<Pitch>-0.101186685</Pitch>
				<Roll>-0.719447911</Roll>
				<Yaw>-122.967415</Yaw>
			</PositionRotation>
			<Attachment isAttached="true">
				<AttachedTo>12057</AttachedTo>
				<BoneIndex>0</BoneIndex>
				<X>0.0846597403</X>
				<Y>-1.47015071</Y>
				<Z>0.251770169</Z>
				<Pitch>-2.15334988</Pitch>
				<Roll>-0.585743725</Roll>
				<Yaw>0.0537109375</Yaw>
			</Attachment>
		</Attachment>
		<Attachment>
			<ModelHash>0xcaec9bd1</ModelHash>
			<Type>3</Type>
			<Dynamic>false</Dynamic>
			<FrozenPos>true</FrozenPos>
			<HashName>prop_stockade_wheel</HashName>
			<InitialHandle>422189</InitialHandle>
			<ObjectProperties>
				<TextureVariation>0</TextureVariation>
			</ObjectProperties>
			<OpacityLevel>255</OpacityLevel>
			<LodDistance>16960</LodDistance>
			<IsVisible>true</IsVisible>
			<MaxHealth>1000</MaxHealth>
			<Health>1000</Health>
			<HasGravity>true</HasGravity>
			<IsOnFire>false</IsOnFire>
			<IsInvincible>false</IsInvincible>
			<IsBulletProof>false</IsBulletProof>
			<IsCollisionProof>false</IsCollisionProof>
			<IsExplosionProof>false</IsExplosionProof>
			<IsFireProof>false</IsFireProof>
			<IsMeleeProof>false</IsMeleeProof>
			<IsOnlyDamagedByPlayer>false</IsOnlyDamagedByPlayer>
			<PositionRotation>
				<X>-1214.20959</X>
				<Y>4456.91455</Y>
				<Z>32.0185928</Z>
				<Pitch>-0.0992768928</Pitch>
				<Roll>-0.685903668</Roll>
				<Yaw>-123.903038</Yaw>
			</PositionRotation>
			<Attachment isAttached="true">
				<AttachedTo>12057</AttachedTo>
				<BoneIndex>0</BoneIndex>
				<X>-1.0704844</X>
				<Y>-2.58073735</Y>
				<Z>1.51701248</Z>
				<Pitch>-2.15334988</Pitch>
				<Roll>-0.585743725</Roll>
				<Yaw>-0.882575035</Yaw>
			</Attachment>
		</Attachment>
		<Attachment>
			<ModelHash>0xcaec9bd1</ModelHash>
			<Type>3</Type>
			<Dynamic>false</Dynamic>
			<FrozenPos>true</FrozenPos>
			<HashName>prop_stockade_wheel</HashName>
			<InitialHandle>691501</InitialHandle>
			<ObjectProperties>
				<TextureVariation>0</TextureVariation>
			</ObjectProperties>
			<OpacityLevel>255</OpacityLevel>
			<LodDistance>16960</LodDistance>
			<IsVisible>true</IsVisible>
			<MaxHealth>1000</MaxHealth>
			<Health>1000</Health>
			<HasGravity>true</HasGravity>
			<IsOnFire>false</IsOnFire>
			<IsInvincible>false</IsInvincible>
			<IsBulletProof>false</IsBulletProof>
			<IsCollisionProof>false</IsCollisionProof>
			<IsExplosionProof>false</IsExplosionProof>
			<IsFireProof>false</IsFireProof>
			<IsMeleeProof>false</IsMeleeProof>
			<IsOnlyDamagedByPlayer>false</IsOnlyDamagedByPlayer>
			<PositionRotation>
				<X>-1215.46167</X>
				<Y>4455.1626</Y>
				<Z>31.814621</Z>
				<Pitch>-4.19826078</Pitch>
				<Roll>-0.367274761</Roll>
				<Yaw>59.4018517</Yaw>
			</PositionRotation>
			<Attachment isAttached="true">
				<AttachedTo>12057</AttachedTo>
				<BoneIndex>0</BoneIndex>
				<X>1.08037972</X>
				<Y>-2.68325758</Y>
				<Z>1.31163144</Z>
				<Pitch>-2.15334988</Pitch>
				<Roll>-0.585743725</Roll>
				<Yaw>182.408264</Yaw>
			</Attachment>
		</Attachment>
	</SpoonerAttachments>
</Vehicle>
