<?xml version="1.0" encoding="ISO-8859-1"?>
<Vehicle menyoo_ver="0.9998744b">
	<ModelHash>0xc1ae4d16</ModelHash>
	<InitialHandle>43011</InitialHandle>
	<VehicleProperties>
		<Colours>
			<Primary>5</Primary>
			<Secondary>6</Secondary>
			<Pearl>0</Pearl>
			<Rim>142</Rim>
			<Mod1_a>0</Mod1_a>
			<Mod1_b>0</Mod1_b>
			<Mod1_c>0</Mod1_c>
			<Mod2_a>6</Mod2_a>
			<Mod2_b>-1</Mod2_b>
			<IsPrimaryColourCustom>false</IsPrimaryColourCustom>
			<IsSecondaryColourCustom>false</IsSecondaryColourCustom>
			<tyreSmoke_R>255</tyreSmoke_R>
			<tyreSmoke_G>255</tyreSmoke_G>
			<tyreSmoke_B>255</tyreSmoke_B>
			<LrInterior>0</LrInterior>
			<LrDashboard>0</LrDashboard>
		</Colours>
		<Livery>-1</Livery>
		<NumberPlateText>47OOJ935</NumberPlateText>
		<NumberPlateIndex>0</NumberPlateIndex>
		<WheelType>0</WheelType>
		<WheelsInvisible>false</WheelsInvisible>
		<EngineSoundName></EngineSoundName>
		<WindowTint>1</WindowTint>
		<BulletProofTyres>true</BulletProofTyres>
		<DirtLevel>1.00089312</DirtLevel>
		<PaintFade>0.298039228</PaintFade>
		<RoofState>0</RoofState>
		<SirenActive>false</SirenActive>
		<EngineOn>true</EngineOn>
		<EngineHealth>1000</EngineHealth>
		<LightsOn>false</LightsOn>
		<IsRadioLoud>0</IsRadioLoud>
		<LockStatus>1</LockStatus>
		<Neons>
			<Left>true</Left>
			<Right>true</Right>
			<Front>true</Front>
			<Back>true</Back>
			<R>3</R>
			<G>83</G>
			<B>255</B>
		</Neons>
		<ModExtras />
		<Mods>
			<_0>1,0</_0>
			<_1>1,0</_1>
			<_2>-1,0</_2>
			<_3>-1,0</_3>
			<_4>-1,0</_4>
			<_5>0,0</_5>
			<_6>-1,0</_6>
			<_7>-1,0</_7>
			<_8>-1,0</_8>
			<_9>-1,0</_9>
			<_10>0,0</_10>
			<_11>3,0</_11>
			<_12>2,0</_12>
			<_13>2,0</_13>
			<_14>-1,0</_14>
			<_15>3,0</_15>
			<_16>4,0</_16>
			<_17>false</_17>
			<_18>true</_18>
			<_19>false</_19>
			<_20>false</_20>
			<_21>false</_21>
			<_22>true</_22>
			<_23>39,0</_23>
			<_24>-1,0</_24>
			<_25>-1,0</_25>
			<_26>-1,0</_26>
			<_27>-1,0</_27>
			<_28>-1,0</_28>
			<_29>-1,0</_29>
			<_30>-1,0</_30>
			<_31>-1,0</_31>
			<_32>-1,0</_32>
			<_33>-1,0</_33>
			<_34>-1,0</_34>
			<_35>-1,0</_35>
			<_36>-1,0</_36>
			<_37>-1,0</_37>
			<_38>-1,0</_38>
			<_39>-1,0</_39>
			<_40>-1,0</_40>
			<_41>-1,0</_41>
			<_42>-1,0</_42>
			<_43>-1,0</_43>
			<_44>-1,0</_44>
			<_45>-1,0</_45>
			<_46>-1,0</_46>
			<_47>-1,0</_47>
			<_48>-1,0</_48>
		</Mods>
		<DoorsOpen>
			<BackLeftDoor>false</BackLeftDoor>
			<BackRightDoor>false</BackRightDoor>
			<FrontLeftDoor>false</FrontLeftDoor>
			<FrontRightDoor>false</FrontRightDoor>
			<Hood>false</Hood>
			<Trunk>false</Trunk>
			<Trunk2>false</Trunk2>
		</DoorsOpen>
		<DoorsBroken>
			<BackLeftDoor>false</BackLeftDoor>
			<BackRightDoor>false</BackRightDoor>
			<FrontLeftDoor>false</FrontLeftDoor>
			<FrontRightDoor>false</FrontRightDoor>
			<Hood>false</Hood>
			<Trunk>false</Trunk>
			<Trunk2>false</Trunk2>
		</DoorsBroken>
		<TyresBursted>
			<FrontLeft>false</FrontLeft>
			<FrontRight>false</FrontRight>
			<_2>false</_2>
			<_3>false</_3>
			<BackLeft>false</BackLeft>
			<BackRight>false</BackRight>
			<_6>false</_6>
			<_7>false</_7>
			<_8>false</_8>
		</TyresBursted>
	</VehicleProperties>
	<OpacityLevel>255</OpacityLevel>
	<LodDistance>16960</LodDistance>
	<IsVisible>true</IsVisible>
	<IsDriverVisible>true</IsDriverVisible>
	<MaxHealth>1000</MaxHealth>
	<Health>1000</Health>
	<HasGravity>true</HasGravity>
	<IsOnFire>false</IsOnFire>
	<IsInvincible>false</IsInvincible>
	<IsBulletProof>false</IsBulletProof>
	<IsExplosionProof>false</IsExplosionProof>
	<IsFireProof>false</IsFireProof>
	<IsMeleeProof>false</IsMeleeProof>
	<IsOnlyDamagedByPlayer>false</IsOnlyDamagedByPlayer>
	<SpoonerAttachments SetAttachmentsPersistentAndAddToSpoonerDatabase="false" StartTaskSequencesOnLoad="true">
		<Attachment>
			<ModelHash>0xc89630b8</ModelHash>
			<Type>3</Type>
			<Dynamic>false</Dynamic>
			<FrozenPos>true</FrozenPos>
			<HashName>prop_minigun_01</HashName>
			<InitialHandle>386310</InitialHandle>
			<ObjectProperties>
				<TextureVariation>0</TextureVariation>
			</ObjectProperties>
			<OpacityLevel>255</OpacityLevel>
			<LodDistance>16960</LodDistance>
			<IsVisible>true</IsVisible>
			<MaxHealth>1000</MaxHealth>
			<Health>1000</Health>
			<HasGravity>true</HasGravity>
			<IsOnFire>false</IsOnFire>
			<IsInvincible>false</IsInvincible>
			<IsBulletProof>false</IsBulletProof>
			<IsCollisionProof>false</IsCollisionProof>
			<IsExplosionProof>false</IsExplosionProof>
			<IsFireProof>false</IsFireProof>
			<IsMeleeProof>false</IsMeleeProof>
			<IsOnlyDamagedByPlayer>false</IsOnlyDamagedByPlayer>
			<PositionRotation>
				<X>77.2581177</X>
				<Y>342.332214</Y>
				<Z>112.868134</Z>
				<Pitch>2.78169012</Pitch>
				<Roll>-179.165329</Roll>
				<Yaw>-27.7462082</Yaw>
			</PositionRotation>
			<Attachment isAttached="true">
				<AttachedTo>43011</AttachedTo>
				<BoneIndex>0</BoneIndex>
				<X>0.480220705</X>
				<Y>1.33265758</Y>
				<Z>0.347262651</Z>
				<Pitch>0.231771752</Pitch>
				<Roll>178.456314</Roll>
				<Yaw>-88.4183655</Yaw>
			</Attachment>
		</Attachment>
		<Attachment>
			<ModelHash>0xc89630b8</ModelHash>
			<Type>3</Type>
			<Dynamic>false</Dynamic>
			<FrozenPos>true</FrozenPos>
			<HashName>prop_minigun_01</HashName>
			<InitialHandle>453382</InitialHandle>
			<ObjectProperties>
				<TextureVariation>0</TextureVariation>
			</ObjectProperties>
			<OpacityLevel>255</OpacityLevel>
			<LodDistance>16960</LodDistance>
			<IsVisible>true</IsVisible>
			<MaxHealth>1000</MaxHealth>
			<Health>1000</Health>
			<HasGravity>true</HasGravity>
			<IsOnFire>false</IsOnFire>
			<IsInvincible>false</IsInvincible>
			<IsBulletProof>false</IsBulletProof>
			<IsCollisionProof>false</IsCollisionProof>
			<IsExplosionProof>false</IsExplosionProof>
			<IsFireProof>false</IsFireProof>
			<IsMeleeProof>false</IsMeleeProof>
			<IsOnlyDamagedByPlayer>false</IsOnlyDamagedByPlayer>
			<PositionRotation>
				<X>77.093132</X>
				<Y>342.069275</Y>
				<Z>112.836853</Z>
				<Pitch>3.65867424</Pitch>
				<Roll>-178.339966</Roll>
				<Yaw>-30.7897568</Yaw>
			</PositionRotation>
			<Attachment isAttached="true">
				<AttachedTo>43011</AttachedTo>
				<BoneIndex>0</BoneIndex>
				<X>0.169120938</X>
				<Y>1.34698677</Y>
				<Z>0.328817606</Z>
				<Pitch>1.23759627</Pitch>
				<Roll>179.149124</Roll>
				<Yaw>-91.4171906</Yaw>
			</Attachment>
		</Attachment>
		<Attachment>
			<ModelHash>0x45e941de</ModelHash>
			<Type>3</Type>
			<Dynamic>false</Dynamic>
			<FrozenPos>true</FrozenPos>
			<HashName>prop_fncres_01a</HashName>
			<InitialHandle>93204</InitialHandle>
			<ObjectProperties>
				<TextureVariation>0</TextureVariation>
			</ObjectProperties>
			<OpacityLevel>255</OpacityLevel>
			<LodDistance>16960</LodDistance>
			<IsVisible>true</IsVisible>
			<MaxHealth>1000</MaxHealth>
			<Health>1000</Health>
			<HasGravity>true</HasGravity>
			<IsOnFire>false</IsOnFire>
			<IsInvincible>false</IsInvincible>
			<IsBulletProof>false</IsBulletProof>
			<IsCollisionProof>false</IsCollisionProof>
			<IsExplosionProof>false</IsExplosionProof>
			<IsFireProof>false</IsFireProof>
			<IsMeleeProof>false</IsMeleeProof>
			<IsOnlyDamagedByPlayer>false</IsOnlyDamagedByPlayer>
			<PositionRotation>
				<X>77.4282227</X>
				<Y>341.760529</Y>
				<Z>112.626999</Z>
				<Pitch>-62.3994865</Pitch>
				<Roll>5.26632071</Roll>
				<Yaw>-116.643097</Yaw>
			</PositionRotation>
			<Attachment isAttached="true">
				<AttachedTo>43011</AttachedTo>
				<BoneIndex>0</BoneIndex>
				<X>0.055009909</X>
				<Y>0.895286381</Y>
				<Z>0.142840743</Z>
				<Pitch>-59.966568</Pitch>
				<Roll>0.0805126578</Roll>
				<Yaw>178.076813</Yaw>
			</Attachment>
		</Attachment>
		<Attachment>
			<ModelHash>0x157b5775</ModelHash>
			<Type>3</Type>
			<Dynamic>false</Dynamic>
			<FrozenPos>true</FrozenPos>
			<HashName>prop_fnccorgm_01a</HashName>
			<InitialHandle>672789</InitialHandle>
			<ObjectProperties>
				<TextureVariation>0</TextureVariation>
			</ObjectProperties>
			<OpacityLevel>255</OpacityLevel>
			<LodDistance>16960</LodDistance>
			<IsVisible>true</IsVisible>
			<MaxHealth>1000</MaxHealth>
			<Health>1000</Health>
			<HasGravity>true</HasGravity>
			<IsOnFire>false</IsOnFire>
			<IsInvincible>false</IsInvincible>
			<IsBulletProof>false</IsBulletProof>
			<IsCollisionProof>false</IsCollisionProof>
			<IsExplosionProof>false</IsExplosionProof>
			<IsFireProof>false</IsFireProof>
			<IsMeleeProof>false</IsMeleeProof>
			<IsOnlyDamagedByPlayer>false</IsOnlyDamagedByPlayer>
			<PositionRotation>
				<X>78.4792633</X>
				<Y>342.023254</Y>
				<Z>112.580711</Z>
				<Pitch>-22.365633</Pitch>
				<Roll>-2.63224578</Roll>
				<Yaw>148.271957</Yaw>
			</PositionRotation>
			<Attachment isAttached="true">
				<AttachedTo>43011</AttachedTo>
				<BoneIndex>0</BoneIndex>
				<X>0.796021581</X>
				<Y>0.104875721</Y>
				<Z>0.0980791226</Z>
				<Pitch>-19.9665375</Pitch>
				<Roll>0.0805139095</Roll>
				<Yaw>88.5171356</Yaw>
			</Attachment>
		</Attachment>
		<Attachment>
			<ModelHash>0x157b5775</ModelHash>
			<Type>3</Type>
			<Dynamic>false</Dynamic>
			<FrozenPos>true</FrozenPos>
			<HashName>prop_fnccorgm_01a</HashName>
			<InitialHandle>522263</InitialHandle>
			<ObjectProperties>
				<TextureVariation>0</TextureVariation>
			</ObjectProperties>
			<OpacityLevel>255</OpacityLevel>
			<LodDistance>16960</LodDistance>
			<IsVisible>true</IsVisible>
			<MaxHealth>1000</MaxHealth>
			<Health>1000</Health>
			<HasGravity>true</HasGravity>
			<IsOnFire>false</IsOnFire>
			<IsInvincible>false</IsInvincible>
			<IsBulletProof>false</IsBulletProof>
			<IsCollisionProof>false</IsCollisionProof>
			<IsExplosionProof>false</IsExplosionProof>
			<IsFireProof>false</IsFireProof>
			<IsMeleeProof>false</IsMeleeProof>
			<IsOnlyDamagedByPlayer>false</IsOnlyDamagedByPlayer>
			<PositionRotation>
				<X>77.5982132</X>
				<Y>340.654724</Y>
				<Z>112.63121</Z>
				<Pitch>27.58605</Pitch>
				<Roll>-2.75341058</Roll>
				<Yaw>150.547546</Yaw>
			</PositionRotation>
			<Attachment isAttached="true">
				<AttachedTo>43011</AttachedTo>
				<BoneIndex>0</BoneIndex>
				<X>-0.824902773</X>
				<Y>0.208039597</Y>
				<Z>0.214629337</Z>
				<Pitch>30.0334606</Pitch>
				<Roll>0.0805143639</Roll>
				<Yaw>88.4466248</Yaw>
			</Attachment>
		</Attachment>
		<Attachment>
			<ModelHash>0x3e1ba8b1</ModelHash>
			<Type>3</Type>
			<Dynamic>false</Dynamic>
			<FrozenPos>true</FrozenPos>
			<HashName>prop_fnccorgm_01b</HashName>
			<InitialHandle>485145</InitialHandle>
			<ObjectProperties>
				<TextureVariation>0</TextureVariation>
			</ObjectProperties>
			<OpacityLevel>255</OpacityLevel>
			<LodDistance>16960</LodDistance>
			<IsVisible>true</IsVisible>
			<MaxHealth>1000</MaxHealth>
			<Health>1000</Health>
			<HasGravity>true</HasGravity>
			<IsOnFire>false</IsOnFire>
			<IsInvincible>false</IsInvincible>
			<IsBulletProof>false</IsBulletProof>
			<IsCollisionProof>false</IsCollisionProof>
			<IsExplosionProof>false</IsExplosionProof>
			<IsFireProof>false</IsFireProof>
			<IsMeleeProof>false</IsMeleeProof>
			<IsOnlyDamagedByPlayer>false</IsOnlyDamagedByPlayer>
			<PositionRotation>
				<X>77.2661362</X>
				<Y>341.102661</Y>
				<Z>113.440987</Z>
				<Pitch>-86.526268</Pitch>
				<Roll>48.4286461</Roll>
				<Yaw>15.799798</Yaw>
			</PositionRotation>
			<Attachment isAttached="true">
				<AttachedTo>43011</AttachedTo>
				<BoneIndex>0</BoneIndex>
				<X>-0.562072396</X>
				<Y>0.750583708</Y>
				<Z>0.991311193</Z>
				<Pitch>-89.9665375</Pitch>
				<Roll>159.947571</Roll>
				<Yaw>66.5830612</Yaw>
			</Attachment>
		</Attachment>
		<Attachment>
			<ModelHash>0x157b5775</ModelHash>
			<Type>3</Type>
			<Dynamic>false</Dynamic>
			<FrozenPos>true</FrozenPos>
			<HashName>prop_fnccorgm_01a</HashName>
			<InitialHandle>783131</InitialHandle>
			<ObjectProperties>
				<TextureVariation>0</TextureVariation>
			</ObjectProperties>
			<OpacityLevel>255</OpacityLevel>
			<LodDistance>16960</LodDistance>
			<IsVisible>true</IsVisible>
			<MaxHealth>1000</MaxHealth>
			<Health>1000</Health>
			<HasGravity>true</HasGravity>
			<IsOnFire>false</IsOnFire>
			<IsInvincible>false</IsInvincible>
			<IsBulletProof>false</IsBulletProof>
			<IsCollisionProof>false</IsCollisionProof>
			<IsExplosionProof>false</IsExplosionProof>
			<IsFireProof>false</IsFireProof>
			<IsMeleeProof>false</IsMeleeProof>
			<IsOnlyDamagedByPlayer>false</IsOnlyDamagedByPlayer>
			<PositionRotation>
				<X>80.3414688</X>
				<Y>340.669678</Y>
				<Z>111.85759</Z>
				<Pitch>2.38673782</Pitch>
				<Roll>-2.4923737</Roll>
				<Yaw>62.8679886</Yaw>
			</PositionRotation>
			<Attachment isAttached="true">
				<AttachedTo>43011</AttachedTo>
				<BoneIndex>0</BoneIndex>
				<X>0.496594965</X>
				<Y>-2.20986152</Y>
				<Z>-0.514455438</Z>
				<Pitch>0.0334602967</Pitch>
				<Roll>0.0805143639</Roll>
				<Yaw>2.07891846</Yaw>
			</Attachment>
		</Attachment>
		<Attachment>
			<ModelHash>0x7c46a803</ModelHash>
			<Type>3</Type>
			<Dynamic>false</Dynamic>
			<FrozenPos>true</FrozenPos>
			<HashName>v_ret_ml_beerpis2</HashName>
			<InitialHandle>776733</InitialHandle>
			<ObjectProperties>
				<TextureVariation>0</TextureVariation>
			</ObjectProperties>
			<OpacityLevel>255</OpacityLevel>
			<LodDistance>16960</LodDistance>
			<IsVisible>true</IsVisible>
			<MaxHealth>1000</MaxHealth>
			<Health>1000</Health>
			<HasGravity>true</HasGravity>
			<IsOnFire>false</IsOnFire>
			<IsInvincible>false</IsInvincible>
			<IsBulletProof>false</IsBulletProof>
			<IsCollisionProof>false</IsCollisionProof>
			<IsExplosionProof>false</IsExplosionProof>
			<IsFireProof>false</IsFireProof>
			<IsMeleeProof>false</IsMeleeProof>
			<IsOnlyDamagedByPlayer>false</IsOnlyDamagedByPlayer>
			<PositionRotation>
				<X>78.1084518</X>
				<Y>341.007019</Y>
				<Z>113.178833</Z>
				<Pitch>-2.62266731</Pitch>
				<Roll>2.33933806</Roll>
				<Yaw>-124.309189</Yaw>
			</PositionRotation>
			<Attachment isAttached="true">
				<AttachedTo>43011</AttachedTo>
				<BoneIndex>0</BoneIndex>
				<X>-0.244683757</X>
				<Y>-0.0417543799</Y>
				<Z>0.748756409</Z>
				<Pitch>0.0334602967</Pitch>
				<Roll>0.0805143639</Roll>
				<Yaw>174.905029</Yaw>
			</Attachment>
		</Attachment>
		<Attachment>
			<ModelHash>0xfc022e61</ModelHash>
			<Type>3</Type>
			<Dynamic>false</Dynamic>
			<FrozenPos>true</FrozenPos>
			<HashName>prop_scn_police_torch</HashName>
			<InitialHandle>453918</InitialHandle>
			<ObjectProperties>
				<TextureVariation>0</TextureVariation>
			</ObjectProperties>
			<OpacityLevel>255</OpacityLevel>
			<LodDistance>16960</LodDistance>
			<IsVisible>true</IsVisible>
			<MaxHealth>1000</MaxHealth>
			<Health>1000</Health>
			<HasGravity>true</HasGravity>
			<IsOnFire>false</IsOnFire>
			<IsInvincible>false</IsInvincible>
			<IsBulletProof>false</IsBulletProof>
			<IsCollisionProof>false</IsCollisionProof>
			<IsExplosionProof>false</IsExplosionProof>
			<IsFireProof>false</IsFireProof>
			<IsMeleeProof>false</IsMeleeProof>
			<IsOnlyDamagedByPlayer>false</IsOnlyDamagedByPlayer>
			<PositionRotation>
				<X>78.2476044</X>
				<Y>341.447418</Y>
				<Z>113.161598</Z>
				<Pitch>-3.1787622</Pitch>
				<Roll>1.43597531</Roll>
				<Yaw>-141.819397</Yaw>
			</PositionRotation>
			<Attachment isAttached="true">
				<AttachedTo>43011</AttachedTo>
				<BoneIndex>0</BoneIndex>
				<X>0.206262216</X>
				<Y>0.0508975647</Y>
				<Z>0.707954526</Z>
				<Pitch>0.0334602967</Pitch>
				<Roll>0.0805143639</Roll>
				<Yaw>157.408661</Yaw>
			</Attachment>
		</Attachment>
		<Attachment>
			<ModelHash>0x7a9ebc92</ModelHash>
			<Type>3</Type>
			<Dynamic>false</Dynamic>
			<FrozenPos>true</FrozenPos>
			<HashName>prop_radio_01</HashName>
			<InitialHandle>760094</InitialHandle>
			<ObjectProperties>
				<TextureVariation>0</TextureVariation>
			</ObjectProperties>
			<OpacityLevel>255</OpacityLevel>
			<LodDistance>16960</LodDistance>
			<IsVisible>true</IsVisible>
			<MaxHealth>1000</MaxHealth>
			<Health>1000</Health>
			<HasGravity>true</HasGravity>
			<IsOnFire>false</IsOnFire>
			<IsInvincible>false</IsInvincible>
			<IsBulletProof>false</IsBulletProof>
			<IsCollisionProof>false</IsCollisionProof>
			<IsExplosionProof>false</IsExplosionProof>
			<IsFireProof>false</IsFireProof>
			<IsMeleeProof>false</IsMeleeProof>
			<IsOnlyDamagedByPlayer>false</IsOnlyDamagedByPlayer>
			<PositionRotation>
				<X>78.6027985</X>
				<Y>341.272522</Y>
				<Z>113.211868</Z>
				<Pitch>2.63478923</Pitch>
				<Roll>-2.24127769</Roll>
				<Yaw>57.0636711</Yaw>
			</PositionRotation>
			<Attachment isAttached="true">
				<AttachedTo>43011</AttachedTo>
				<BoneIndex>0</BoneIndex>
				<X>0.229840979</X>
				<Y>-0.341980785</Y>
				<Z>0.774083078</Z>
				<Pitch>0.0334602967</Pitch>
				<Roll>0.0805143639</Roll>
				<Yaw>-3.72512817</Yaw>
			</Attachment>
		</Attachment>
		<Attachment>
			<ModelHash>0xe2ba016f</ModelHash>
			<Type>3</Type>
			<Dynamic>false</Dynamic>
			<FrozenPos>true</FrozenPos>
			<HashName>prop_cs_katana_01</HashName>
			<InitialHandle>281376</InitialHandle>
			<ObjectProperties>
				<TextureVariation>0</TextureVariation>
			</ObjectProperties>
			<OpacityLevel>255</OpacityLevel>
			<LodDistance>16960</LodDistance>
			<IsVisible>true</IsVisible>
			<MaxHealth>1000</MaxHealth>
			<Health>1000</Health>
			<HasGravity>true</HasGravity>
			<IsOnFire>false</IsOnFire>
			<IsInvincible>false</IsInvincible>
			<IsBulletProof>false</IsBulletProof>
			<IsCollisionProof>false</IsCollisionProof>
			<IsExplosionProof>false</IsExplosionProof>
			<IsFireProof>false</IsFireProof>
			<IsMeleeProof>false</IsMeleeProof>
			<IsOnlyDamagedByPlayer>false</IsOnlyDamagedByPlayer>
			<PositionRotation>
				<X>76.863884</X>
				<Y>342.717682</Y>
				<Z>112.378548</Z>
				<Pitch>-2.45503426</Pitch>
				<Roll>87.4427338</Roll>
				<Yaw>150.328125</Yaw>
			</PositionRotation>
			<Attachment isAttached="true">
				<AttachedTo>43011</AttachedTo>
				<BoneIndex>0</BoneIndex>
				<X>0.601933777</X>
				<Y>1.8435123</Y>
				<Z>-0.170345604</Z>
				<Pitch>0.0133425239</Pitch>
				<Roll>89.9053802</Roll>
				<Yaw>89.6459045</Yaw>
			</Attachment>
		</Attachment>
		<Attachment>
			<ModelHash>0xe2ba016f</ModelHash>
			<Type>3</Type>
			<Dynamic>false</Dynamic>
			<FrozenPos>true</FrozenPos>
			<HashName>prop_cs_katana_01</HashName>
			<InitialHandle>320261</InitialHandle>
			<ObjectProperties>
				<TextureVariation>0</TextureVariation>
			</ObjectProperties>
			<OpacityLevel>255</OpacityLevel>
			<LodDistance>16960</LodDistance>
			<IsVisible>true</IsVisible>
			<MaxHealth>1000</MaxHealth>
			<Health>1000</Health>
			<HasGravity>true</HasGravity>
			<IsOnFire>false</IsOnFire>
			<IsInvincible>false</IsInvincible>
			<IsBulletProof>false</IsBulletProof>
			<IsCollisionProof>false</IsCollisionProof>
			<IsExplosionProof>false</IsExplosionProof>
			<IsFireProof>false</IsFireProof>
			<IsMeleeProof>false</IsMeleeProof>
			<IsOnlyDamagedByPlayer>false</IsOnlyDamagedByPlayer>
			<PositionRotation>
				<X>76.7560883</X>
				<Y>342.538239</Y>
				<Z>112.40773</Z>
				<Pitch>-2.42507958</Pitch>
				<Roll>87.413063</Roll>
				<Yaw>149.635269</Yaw>
			</PositionRotation>
			<Attachment isAttached="true">
				<AttachedTo>43011</AttachedTo>
				<BoneIndex>0</BoneIndex>
				<X>0.394137502</X>
				<Y>1.85125232</Y>
				<Z>-0.132417679</Z>
				<Pitch>0.0133438045</Pitch>
				<Roll>89.9053726</Roll>
				<Yaw>88.9530334</Yaw>
			</Attachment>
		</Attachment>
		<Attachment>
			<ModelHash>0xe2ba016f</ModelHash>
			<Type>3</Type>
			<Dynamic>false</Dynamic>
			<FrozenPos>true</FrozenPos>
			<HashName>prop_cs_katana_01</HashName>
			<InitialHandle>295685</InitialHandle>
			<ObjectProperties>
				<TextureVariation>0</TextureVariation>
			</ObjectProperties>
			<OpacityLevel>255</OpacityLevel>
			<LodDistance>16960</LodDistance>
			<IsVisible>true</IsVisible>
			<MaxHealth>1000</MaxHealth>
			<Health>1000</Health>
			<HasGravity>true</HasGravity>
			<IsOnFire>false</IsOnFire>
			<IsInvincible>false</IsInvincible>
			<IsBulletProof>false</IsBulletProof>
			<IsCollisionProof>false</IsCollisionProof>
			<IsExplosionProof>false</IsExplosionProof>
			<IsFireProof>false</IsFireProof>
			<IsMeleeProof>false</IsMeleeProof>
			<IsOnlyDamagedByPlayer>false</IsOnlyDamagedByPlayer>
			<PositionRotation>
				<X>76.6498032</X>
				<Y>342.374634</Y>
				<Z>112.395103</Z>
				<Pitch>-2.39478135</Pitch>
				<Roll>87.3837891</Roll>
				<Yaw>148.942398</Yaw>
			</PositionRotation>
			<Attachment isAttached="true">
				<AttachedTo>43011</AttachedTo>
				<BoneIndex>0</BoneIndex>
				<X>0.199098676</X>
				<Y>1.86363065</Y>
				<Z>-0.137131274</Z>
				<Pitch>0.0133412434</Pitch>
				<Roll>89.9053879</Roll>
				<Yaw>88.2601166</Yaw>
			</Attachment>
		</Attachment>
		<Attachment>
			<ModelHash>0xe2ba016f</ModelHash>
			<Type>3</Type>
			<Dynamic>false</Dynamic>
			<FrozenPos>true</FrozenPos>
			<HashName>prop_cs_katana_01</HashName>
			<InitialHandle>414495</InitialHandle>
			<ObjectProperties>
				<TextureVariation>0</TextureVariation>
			</ObjectProperties>
			<OpacityLevel>255</OpacityLevel>
			<LodDistance>16960</LodDistance>
			<IsVisible>true</IsVisible>
			<MaxHealth>1000</MaxHealth>
			<Health>1000</Health>
			<HasGravity>true</HasGravity>
			<IsOnFire>false</IsOnFire>
			<IsInvincible>false</IsInvincible>
			<IsBulletProof>false</IsBulletProof>
			<IsCollisionProof>false</IsCollisionProof>
			<IsExplosionProof>false</IsExplosionProof>
			<IsFireProof>false</IsFireProof>
			<IsMeleeProof>false</IsMeleeProof>
			<IsOnlyDamagedByPlayer>false</IsOnlyDamagedByPlayer>
			<PositionRotation>
				<X>76.5171585</X>
				<Y>342.217072</Y>
				<Z>112.38533</Z>
				<Pitch>-2.50659513</Pitch>
				<Roll>87.4955215</Roll>
				<Yaw>151.540939</Yaw>
			</PositionRotation>
			<Attachment isAttached="true">
				<AttachedTo>43011</AttachedTo>
				<BoneIndex>0</BoneIndex>
				<X>-0.00348534738</X>
				<Y>1.9020493</Y>
				<Z>-0.139768422</Z>
				<Pitch>0.0133429505</Pitch>
				<Roll>89.9053879</Roll>
				<Yaw>90.8586731</Yaw>
			</Attachment>
		</Attachment>
		<Attachment>
			<ModelHash>0xe2ba016f</ModelHash>
			<Type>3</Type>
			<Dynamic>false</Dynamic>
			<FrozenPos>true</FrozenPos>
			<HashName>prop_cs_katana_01</HashName>
			<InitialHandle>626976</InitialHandle>
			<ObjectProperties>
				<TextureVariation>0</TextureVariation>
			</ObjectProperties>
			<OpacityLevel>255</OpacityLevel>
			<LodDistance>16960</LodDistance>
			<IsVisible>true</IsVisible>
			<MaxHealth>1000</MaxHealth>
			<Health>1000</Health>
			<HasGravity>true</HasGravity>
			<IsOnFire>false</IsOnFire>
			<IsInvincible>false</IsInvincible>
			<IsBulletProof>false</IsBulletProof>
			<IsCollisionProof>false</IsCollisionProof>
			<IsExplosionProof>false</IsExplosionProof>
			<IsFireProof>false</IsFireProof>
			<IsMeleeProof>false</IsMeleeProof>
			<IsOnlyDamagedByPlayer>false</IsOnlyDamagedByPlayer>
			<PositionRotation>
				<X>76.4282684</X>
				<Y>342.064209</Y>
				<Z>112.364067</Z>
				<Pitch>-2.46247721</Pitch>
				<Roll>87.4502258</Roll>
				<Yaw>150.501526</Yaw>
			</PositionRotation>
			<Attachment isAttached="true">
				<AttachedTo>43011</AttachedTo>
				<BoneIndex>0</BoneIndex>
				<X>-0.181029961</X>
				<Y>1.90413201</Y>
				<Z>-0.153450578</Z>
				<Pitch>0.013343378</Pitch>
				<Roll>89.9053879</Roll>
				<Yaw>89.819313</Yaw>
			</Attachment>
		</Attachment>
		<Attachment>
			<ModelHash>0xe2ba016f</ModelHash>
			<Type>3</Type>
			<Dynamic>false</Dynamic>
			<FrozenPos>true</FrozenPos>
			<HashName>prop_cs_katana_01</HashName>
			<InitialHandle>702751</InitialHandle>
			<ObjectProperties>
				<TextureVariation>0</TextureVariation>
			</ObjectProperties>
			<OpacityLevel>255</OpacityLevel>
			<LodDistance>16960</LodDistance>
			<IsVisible>true</IsVisible>
			<MaxHealth>1000</MaxHealth>
			<Health>1000</Health>
			<HasGravity>true</HasGravity>
			<IsOnFire>false</IsOnFire>
			<IsInvincible>false</IsInvincible>
			<IsBulletProof>false</IsBulletProof>
			<IsCollisionProof>false</IsCollisionProof>
			<IsExplosionProof>false</IsExplosionProof>
			<IsFireProof>false</IsFireProof>
			<IsMeleeProof>false</IsMeleeProof>
			<IsOnlyDamagedByPlayer>false</IsOnlyDamagedByPlayer>
			<PositionRotation>
				<X>76.3468094</X>
				<Y>341.923309</Y>
				<Z>112.351936</Z>
				<Pitch>-2.45504284</Pitch>
				<Roll>87.4427719</Roll>
				<Yaw>150.328323</Yaw>
			</PositionRotation>
			<Attachment isAttached="true">
				<AttachedTo>43011</AttachedTo>
				<BoneIndex>0</BoneIndex>
				<X>-0.344144851</X>
				<Y>1.90594172</Y>
				<Z>-0.158602208</Z>
				<Pitch>0.0133442311</Pitch>
				<Roll>89.9054031</Roll>
				<Yaw>89.6461029</Yaw>
			</Attachment>
		</Attachment>
		<Attachment>
			<ModelHash>0xe2ba016f</ModelHash>
			<Type>3</Type>
			<Dynamic>false</Dynamic>
			<FrozenPos>true</FrozenPos>
			<HashName>prop_cs_katana_01</HashName>
			<InitialHandle>697632</InitialHandle>
			<ObjectProperties>
				<TextureVariation>0</TextureVariation>
			</ObjectProperties>
			<OpacityLevel>255</OpacityLevel>
			<LodDistance>16960</LodDistance>
			<IsVisible>true</IsVisible>
			<MaxHealth>1000</MaxHealth>
			<Health>1000</Health>
			<HasGravity>true</HasGravity>
			<IsOnFire>false</IsOnFire>
			<IsInvincible>false</IsInvincible>
			<IsBulletProof>false</IsBulletProof>
			<IsCollisionProof>false</IsCollisionProof>
			<IsExplosionProof>false</IsExplosionProof>
			<IsFireProof>false</IsFireProof>
			<IsMeleeProof>false</IsMeleeProof>
			<IsOnlyDamagedByPlayer>false</IsOnlyDamagedByPlayer>
			<PositionRotation>
				<X>76.2627945</X>
				<Y>341.696716</Y>
				<Z>112.347923</Z>
				<Pitch>-2.59931421</Pitch>
				<Roll>87.5963974</Roll>
				<Yaw>153.793304</Yaw>
			</PositionRotation>
			<Attachment isAttached="true">
				<AttachedTo>43011</AttachedTo>
				<BoneIndex>0</BoneIndex>
				<X>-0.582818687</X>
				<Y>1.86853302</Y>
				<Z>-0.150659248</Z>
				<Pitch>0.0133425239</Pitch>
				<Roll>89.9054031</Roll>
				<Yaw>93.110733</Yaw>
			</Attachment>
		</Attachment>
		<Attachment>
			<ModelHash>0x715c7e1f</ModelHash>
			<Type>3</Type>
			<Dynamic>false</Dynamic>
			<FrozenPos>true</FrozenPos>
			<HashName>w_lr_homing</HashName>
			<InitialHandle>345637</InitialHandle>
			<ObjectProperties>
				<TextureVariation>0</TextureVariation>
			</ObjectProperties>
			<OpacityLevel>255</OpacityLevel>
			<LodDistance>16960</LodDistance>
			<IsVisible>true</IsVisible>
			<MaxHealth>1000</MaxHealth>
			<Health>1000</Health>
			<HasGravity>true</HasGravity>
			<IsOnFire>false</IsOnFire>
			<IsInvincible>false</IsInvincible>
			<IsBulletProof>false</IsBulletProof>
			<IsCollisionProof>false</IsCollisionProof>
			<IsExplosionProof>false</IsExplosionProof>
			<IsFireProof>false</IsFireProof>
			<IsMeleeProof>false</IsMeleeProof>
			<IsOnlyDamagedByPlayer>false</IsOnlyDamagedByPlayer>
			<PositionRotation>
				<X>79.5935059</X>
				<Y>341.561676</Y>
				<Z>112.682098</Z>
				<Pitch>-2.33704519</Pitch>
				<Roll>-2.67005491</Roll>
				<Yaw>147.644318</Yaw>
			</PositionRotation>
			<Attachment isAttached="true">
				<AttachedTo>43011</AttachedTo>
				<BoneIndex>0</BoneIndex>
				<X>0.943425834</X>
				<Y>-1.08750331</Y>
				<Z>0.244216606</Z>
				<Pitch>0.0133425239</Pitch>
				<Roll>-0.0945710093</Roll>
				<Yaw>86.9618378</Yaw>
			</Attachment>
		</Attachment>
		<Attachment>
			<ModelHash>0x715c7e1f</ModelHash>
			<Type>3</Type>
			<Dynamic>false</Dynamic>
			<FrozenPos>true</FrozenPos>
			<HashName>w_lr_homing</HashName>
			<InitialHandle>759082</InitialHandle>
			<ObjectProperties>
				<TextureVariation>0</TextureVariation>
			</ObjectProperties>
			<OpacityLevel>255</OpacityLevel>
			<LodDistance>16960</LodDistance>
			<IsVisible>true</IsVisible>
			<MaxHealth>1000</MaxHealth>
			<Health>1000</Health>
			<HasGravity>true</HasGravity>
			<IsOnFire>false</IsOnFire>
			<IsInvincible>false</IsInvincible>
			<IsBulletProof>false</IsBulletProof>
			<IsCollisionProof>false</IsCollisionProof>
			<IsExplosionProof>false</IsExplosionProof>
			<IsFireProof>false</IsFireProof>
			<IsMeleeProof>false</IsMeleeProof>
			<IsOnlyDamagedByPlayer>false</IsOnlyDamagedByPlayer>
			<PositionRotation>
				<X>78.5759888</X>
				<Y>340.037689</Y>
				<Z>112.640686</Z>
				<Pitch>-2.42136693</Pitch>
				<Roll>-2.59049988</Roll>
				<Yaw>149.549835</Yaw>
			</PositionRotation>
			<Attachment isAttached="true">
				<AttachedTo>43011</AttachedTo>
				<BoneIndex>0</BoneIndex>
				<X>-0.88365984</X>
				<Y>-0.945063055</Y>
				<Z>0.275957465</Z>
				<Pitch>0.0133425239</Pitch>
				<Roll>-0.0945710093</Roll>
				<Yaw>88.8675842</Yaw>
			</Attachment>
		</Attachment>
		<Attachment>
			<ModelHash>0xbbad749e</ModelHash>
			<Type>3</Type>
			<Dynamic>false</Dynamic>
			<FrozenPos>true</FrozenPos>
			<HashName>w_lr_homing_rocket</HashName>
			<InitialHandle>577066</InitialHandle>
			<ObjectProperties>
				<TextureVariation>0</TextureVariation>
			</ObjectProperties>
			<OpacityLevel>255</OpacityLevel>
			<LodDistance>16960</LodDistance>
			<IsVisible>true</IsVisible>
			<MaxHealth>1000</MaxHealth>
			<Health>1000</Health>
			<HasGravity>true</HasGravity>
			<IsOnFire>false</IsOnFire>
			<IsInvincible>false</IsInvincible>
			<IsBulletProof>false</IsBulletProof>
			<IsCollisionProof>false</IsCollisionProof>
			<IsExplosionProof>false</IsExplosionProof>
			<IsFireProof>false</IsFireProof>
			<IsMeleeProof>false</IsMeleeProof>
			<IsOnlyDamagedByPlayer>false</IsOnlyDamagedByPlayer>
			<PositionRotation>
				<X>78.4683914</X>
				<Y>340.716797</Y>
				<Z>113.120705</Z>
				<Pitch>2.35627198</Pitch>
				<Roll>-2.6768651</Roll>
				<Yaw>63.0975914</Yaw>
			</PositionRotation>
			<Attachment isAttached="true">
				<AttachedTo>43011</AttachedTo>
				<BoneIndex>0</BoneIndex>
				<X>-0.323941588</X>
				<Y>-0.499633104</Y>
				<Z>0.713530004</Z>
				<Pitch>0.0133425239</Pitch>
				<Roll>-0.0945710093</Roll>
				<Yaw>2.3094635</Yaw>
			</Attachment>
		</Attachment>
		<Attachment>
			<ModelHash>0xbbad749e</ModelHash>
			<Type>3</Type>
			<Dynamic>false</Dynamic>
			<FrozenPos>true</FrozenPos>
			<HashName>w_lr_homing_rocket</HashName>
			<InitialHandle>522794</InitialHandle>
			<ObjectProperties>
				<TextureVariation>0</TextureVariation>
			</ObjectProperties>
			<OpacityLevel>255</OpacityLevel>
			<LodDistance>16960</LodDistance>
			<IsVisible>true</IsVisible>
			<MaxHealth>1000</MaxHealth>
			<Health>1000</Health>
			<HasGravity>true</HasGravity>
			<IsOnFire>false</IsOnFire>
			<IsInvincible>false</IsInvincible>
			<IsBulletProof>false</IsBulletProof>
			<IsCollisionProof>false</IsCollisionProof>
			<IsExplosionProof>false</IsExplosionProof>
			<IsFireProof>false</IsFireProof>
			<IsMeleeProof>false</IsMeleeProof>
			<IsOnlyDamagedByPlayer>false</IsOnlyDamagedByPlayer>
			<PositionRotation>
				<X>78.5607376</X>
				<Y>340.834808</Y>
				<Z>113.137787</Z>
				<Pitch>2.52997661</Pitch>
				<Roll>-2.50789642</Roll>
				<Yaw>59.1135979</Yaw>
			</PositionRotation>
			<Attachment isAttached="true">
				<AttachedTo>43011</AttachedTo>
				<BoneIndex>0</BoneIndex>
				<X>-0.175220504</X>
				<Y>-0.521882474</Y>
				<Z>0.725138128</Z>
				<Pitch>0.0133425239</Pitch>
				<Roll>-0.0945710093</Roll>
				<Yaw>-1.67469788</Yaw>
			</Attachment>
		</Attachment>
		<Attachment>
			<ModelHash>0xbbad749e</ModelHash>
			<Type>3</Type>
			<Dynamic>false</Dynamic>
			<FrozenPos>true</FrozenPos>
			<HashName>w_lr_homing_rocket</HashName>
			<InitialHandle>13099</InitialHandle>
			<ObjectProperties>
				<TextureVariation>0</TextureVariation>
			</ObjectProperties>
			<OpacityLevel>255</OpacityLevel>
			<LodDistance>16960</LodDistance>
			<IsVisible>true</IsVisible>
			<MaxHealth>1000</MaxHealth>
			<Health>1000</Health>
			<HasGravity>true</HasGravity>
			<IsOnFire>false</IsOnFire>
			<IsInvincible>false</IsInvincible>
			<IsBulletProof>false</IsBulletProof>
			<IsCollisionProof>false</IsCollisionProof>
			<IsExplosionProof>false</IsExplosionProof>
			<IsFireProof>false</IsFireProof>
			<IsMeleeProof>false</IsMeleeProof>
			<IsOnlyDamagedByPlayer>false</IsOnlyDamagedByPlayer>
			<PositionRotation>
				<X>78.6790619</X>
				<Y>340.93222</Y>
				<Z>113.144493</Z>
				<Pitch>2.69153309</Pitch>
				<Roll>-2.32722878</Roll>
				<Yaw>55.1285133</Yaw>
			</PositionRotation>
			<Attachment isAttached="true">
				<AttachedTo>43011</AttachedTo>
				<BoneIndex>0</BoneIndex>
				<X>-0.0321975015</X>
				<Y>-0.577285588</Y>
				<Z>0.728016317</Z>
				<Pitch>0.0133425239</Pitch>
				<Roll>-0.0945710093</Roll>
				<Yaw>-5.65892029</Yaw>
			</Attachment>
		</Attachment>
		<Attachment>
			<ModelHash>0xbbad749e</ModelHash>
			<Type>3</Type>
			<Dynamic>false</Dynamic>
			<FrozenPos>true</FrozenPos>
			<HashName>w_lr_homing_rocket</HashName>
			<InitialHandle>565803</InitialHandle>
			<ObjectProperties>
				<TextureVariation>0</TextureVariation>
			</ObjectProperties>
			<OpacityLevel>255</OpacityLevel>
			<LodDistance>16960</LodDistance>
			<IsVisible>true</IsVisible>
			<MaxHealth>1000</MaxHealth>
			<Health>1000</Health>
			<HasGravity>true</HasGravity>
			<IsOnFire>false</IsOnFire>
			<IsInvincible>false</IsInvincible>
			<IsBulletProof>false</IsBulletProof>
			<IsCollisionProof>false</IsCollisionProof>
			<IsExplosionProof>false</IsExplosionProof>
			<IsFireProof>false</IsFireProof>
			<IsMeleeProof>false</IsMeleeProof>
			<IsOnlyDamagedByPlayer>false</IsOnlyDamagedByPlayer>
			<PositionRotation>
				<X>78.7414169</X>
				<Y>341.05954</Y>
				<Z>113.145882</Z>
				<Pitch>2.83396602</Pitch>
				<Roll>-2.14427924</Roll>
				<Yaw>51.3159027</Yaw>
			</PositionRotation>
			<Attachment isAttached="true">
				<AttachedTo>43011</AttachedTo>
				<BoneIndex>0</BoneIndex>
				<X>0.109263383</X>
				<Y>-0.569528043</Y>
				<Z>0.722933888</Z>
				<Pitch>0.0133425239</Pitch>
				<Roll>-0.0945710093</Roll>
				<Yaw>-9.46975708</Yaw>
			</Attachment>
		</Attachment>
		<Attachment>
			<ModelHash>0xbbad749e</ModelHash>
			<Type>3</Type>
			<Dynamic>false</Dynamic>
			<FrozenPos>true</FrozenPos>
			<HashName>w_lr_homing_rocket</HashName>
			<InitialHandle>729131</InitialHandle>
			<ObjectProperties>
				<TextureVariation>0</TextureVariation>
			</ObjectProperties>
			<OpacityLevel>255</OpacityLevel>
			<LodDistance>16960</LodDistance>
			<IsVisible>true</IsVisible>
			<MaxHealth>1000</MaxHealth>
			<Health>1000</Health>
			<HasGravity>true</HasGravity>
			<IsOnFire>false</IsOnFire>
			<IsInvincible>false</IsInvincible>
			<IsBulletProof>false</IsBulletProof>
			<IsCollisionProof>false</IsCollisionProof>
			<IsExplosionProof>false</IsExplosionProof>
			<IsFireProof>false</IsFireProof>
			<IsMeleeProof>false</IsMeleeProof>
			<IsOnlyDamagedByPlayer>false</IsOnlyDamagedByPlayer>
			<PositionRotation>
				<X>78.7931824</X>
				<Y>341.202423</Y>
				<Z>113.142853</Z>
				<Pitch>2.96393681</Pitch>
				<Roll>-1.95222187</Roll>
				<Yaw>47.5022469</Yaw>
			</PositionRotation>
			<Attachment isAttached="true">
				<AttachedTo>43011</AttachedTo>
				<BoneIndex>0</BoneIndex>
				<X>0.258921534</X>
				<Y>-0.54513073</Y>
				<Z>0.712360442</Z>
				<Pitch>0.0133425239</Pitch>
				<Roll>-0.0945710093</Roll>
				<Yaw>-13.2807465</Yaw>
			</Attachment>
		</Attachment>
		<Attachment>
			<ModelHash>0xbbad749e</ModelHash>
			<Type>3</Type>
			<Dynamic>false</Dynamic>
			<FrozenPos>true</FrozenPos>
			<HashName>w_lr_homing_rocket</HashName>
			<InitialHandle>609579</InitialHandle>
			<ObjectProperties>
				<TextureVariation>0</TextureVariation>
			</ObjectProperties>
			<OpacityLevel>255</OpacityLevel>
			<LodDistance>16960</LodDistance>
			<IsVisible>true</IsVisible>
			<MaxHealth>1000</MaxHealth>
			<Health>1000</Health>
			<HasGravity>true</HasGravity>
			<IsOnFire>false</IsOnFire>
			<IsInvincible>false</IsInvincible>
			<IsBulletProof>false</IsBulletProof>
			<IsCollisionProof>false</IsCollisionProof>
			<IsExplosionProof>false</IsExplosionProof>
			<IsFireProof>false</IsFireProof>
			<IsMeleeProof>false</IsMeleeProof>
			<IsOnlyDamagedByPlayer>false</IsOnlyDamagedByPlayer>
			<PositionRotation>
				<X>78.8323593</X>
				<Y>341.302124</Y>
				<Z>113.140045</Z>
				<Pitch>3.04510593</Pitch>
				<Roll>-1.81648767</Roll>
				<Yaw>44.9015274</Yaw>
			</PositionRotation>
			<Attachment isAttached="true">
				<AttachedTo>43011</AttachedTo>
				<BoneIndex>0</BoneIndex>
				<X>0.364824235</X>
				<Y>-0.530793428</Y>
				<Z>0.70433706</Z>
				<Pitch>0.0133425239</Pitch>
				<Roll>-0.0945710093</Roll>
				<Yaw>-15.8791656</Yaw>
			</Attachment>
		</Attachment>
	</SpoonerAttachments>
</Vehicle>
