<?xml version="1.0" encoding="ISO-8859-1"?>
<Vehicle menyoo_ver="0.9998744b">
	<ModelHash>0xb12314e0</ModelHash>
	<InitialHandle>474885</InitialHandle>
	<VehicleProperties>
		<Colours>
			<Primary>121</Primary>
			<Secondary>111</Secondary>
			<Pearl>122</Pearl>
			<Rim>156</Rim>
			<Mod1_a>0</Mod1_a>
			<Mod1_b>1</Mod1_b>
			<Mod1_c>7602259</Mod1_c>
			<Mod2_a>7209057</Mod2_a>
			<Mod2_b>6357092</Mod2_b>
			<IsPrimaryColourCustom>false</IsPrimaryColourCustom>
			<IsSecondaryColourCustom>false</IsSecondaryColourCustom>
			<tyreSmoke_R>255</tyreSmoke_R>
			<tyreSmoke_G>255</tyreSmoke_G>
			<tyreSmoke_B>255</tyreSmoke_B>
			<LrInterior>0</LrInterior>
			<LrDashboard>0</LrDashboard>
		</Colours>
		<Livery>-1</Livery>
		<NumberPlateText>41PYI391</NumberPlateText>
		<NumberPlateIndex>3</NumberPlateIndex>
		<WheelType>0</WheelType>
		<WheelsInvisible>false</WheelsInvisible>
		<EngineSoundName></EngineSoundName>
		<WindowTint>-1</WindowTint>
		<BulletProofTyres>false</BulletProofTyres>
		<DirtLevel>0.00935466867</DirtLevel>
		<PaintFade>0.298039228</PaintFade>
		<RoofState>0</RoofState>
		<SirenActive>false</SirenActive>
		<EngineOn>true</EngineOn>
		<EngineHealth>1000</EngineHealth>
		<LightsOn>false</LightsOn>
		<IsRadioLoud>0</IsRadioLoud>
		<LockStatus>1</LockStatus>
		<Neons>
			<Left>false</Left>
			<Right>false</Right>
			<Front>false</Front>
			<Back>false</Back>
			<R>255</R>
			<G>0</G>
			<B>255</B>
		</Neons>
		<ModExtras />
		<Mods>
			<_0>-1,0</_0>
			<_1>-1,0</_1>
			<_2>-1,0</_2>
			<_3>-1,0</_3>
			<_4>-1,0</_4>
			<_5>-1,0</_5>
			<_6>-1,0</_6>
			<_7>-1,0</_7>
			<_8>-1,0</_8>
			<_9>-1,0</_9>
			<_10>-1,0</_10>
			<_11>-1,0</_11>
			<_12>-1,0</_12>
			<_13>-1,0</_13>
			<_14>-1,0</_14>
			<_15>-1,0</_15>
			<_16>-1,0</_16>
			<_17>false</_17>
			<_18>false</_18>
			<_19>false</_19>
			<_20>false</_20>
			<_21>false</_21>
			<_22>false</_22>
			<_23>-1,0</_23>
			<_24>-1,0</_24>
			<_25>-1,0</_25>
			<_26>-1,0</_26>
			<_27>-1,0</_27>
			<_28>-1,0</_28>
			<_29>-1,0</_29>
			<_30>-1,0</_30>
			<_31>-1,0</_31>
			<_32>-1,0</_32>
			<_33>-1,0</_33>
			<_34>-1,0</_34>
			<_35>-1,0</_35>
			<_36>-1,0</_36>
			<_37>-1,0</_37>
			<_38>-1,0</_38>
			<_39>-1,0</_39>
			<_40>-1,0</_40>
			<_41>-1,0</_41>
			<_42>-1,0</_42>
			<_43>-1,0</_43>
			<_44>-1,0</_44>
			<_45>-1,0</_45>
			<_46>-1,0</_46>
			<_47>-1,0</_47>
			<_48>-1,0</_48>
		</Mods>
		<DoorsOpen>
			<BackLeftDoor>false</BackLeftDoor>
			<BackRightDoor>false</BackRightDoor>
			<FrontLeftDoor>false</FrontLeftDoor>
			<FrontRightDoor>false</FrontRightDoor>
			<Hood>false</Hood>
			<Trunk>false</Trunk>
			<Trunk2>false</Trunk2>
		</DoorsOpen>
		<DoorsBroken>
			<BackLeftDoor>false</BackLeftDoor>
			<BackRightDoor>false</BackRightDoor>
			<FrontLeftDoor>false</FrontLeftDoor>
			<FrontRightDoor>false</FrontRightDoor>
			<Hood>false</Hood>
			<Trunk>false</Trunk>
			<Trunk2>false</Trunk2>
		</DoorsBroken>
		<TyresBursted>
			<FrontLeft>false</FrontLeft>
			<FrontRight>false</FrontRight>
			<_2>false</_2>
			<_3>false</_3>
			<BackLeft>false</BackLeft>
			<BackRight>false</BackRight>
			<_6>false</_6>
			<_7>false</_7>
			<_8>false</_8>
		</TyresBursted>
	</VehicleProperties>
	<OpacityLevel>255</OpacityLevel>
	<LodDistance>16960</LodDistance>
	<IsVisible>true</IsVisible>
	<IsDriverVisible>true</IsDriverVisible>
	<MaxHealth>1000</MaxHealth>
	<Health>1000</Health>
	<HasGravity>true</HasGravity>
	<IsOnFire>false</IsOnFire>
	<IsInvincible>false</IsInvincible>
	<IsBulletProof>false</IsBulletProof>
	<IsExplosionProof>false</IsExplosionProof>
	<IsFireProof>false</IsFireProof>
	<IsMeleeProof>false</IsMeleeProof>
	<IsOnlyDamagedByPlayer>false</IsOnlyDamagedByPlayer>
	<SpoonerAttachments SetAttachmentsPersistentAndAddToSpoonerDatabase="false" StartTaskSequencesOnLoad="true">
		<Attachment>
			<ModelHash>0x7fd34040</ModelHash>
			<Type>3</Type>
			<Dynamic>false</Dynamic>
			<FrozenPos>true</FrozenPos>
			<HashName>prop_tool_shovel2</HashName>
			<InitialHandle>95238</InitialHandle>
			<ObjectProperties>
				<TextureVariation>0</TextureVariation>
			</ObjectProperties>
			<OpacityLevel>255</OpacityLevel>
			<LodDistance>16960</LodDistance>
			<IsVisible>true</IsVisible>
			<MaxHealth>1000</MaxHealth>
			<Health>1000</Health>
			<HasGravity>true</HasGravity>
			<IsOnFire>false</IsOnFire>
			<IsInvincible>false</IsInvincible>
			<IsBulletProof>false</IsBulletProof>
			<IsCollisionProof>false</IsCollisionProof>
			<IsExplosionProof>false</IsExplosionProof>
			<IsFireProof>false</IsFireProof>
			<IsMeleeProof>false</IsMeleeProof>
			<IsOnlyDamagedByPlayer>false</IsOnlyDamagedByPlayer>
			<PositionRotation>
				<X>-1022.57361</X>
				<Y>-2994.073</Y>
				<Z>14.6653051</Z>
				<Pitch>0.825938046</Pitch>
				<Roll>-90.6691818</Roll>
				<Yaw>-6.92580128</Yaw>
			</PositionRotation>
			<Attachment isAttached="true">
				<AttachedTo>474885</AttachedTo>
				<BoneIndex>0</BoneIndex>
				<X>-1.08138061</X>
				<Y>2.18800807</Y>
				<Z>0.777895451</Z>
				<Pitch>0.691343844</Pitch>
				<Roll>-89.998024</Roll>
				<Yaw>-94.1498566</Yaw>
			</Attachment>
		</Attachment>
		<Attachment>
			<ModelHash>0xd1fbb176</ModelHash>
			<Type>3</Type>
			<Dynamic>false</Dynamic>
			<FrozenPos>true</FrozenPos>
			<HashName>prop_air_lights_02b</HashName>
			<InitialHandle>520454</InitialHandle>
			<ObjectProperties>
				<TextureVariation>0</TextureVariation>
			</ObjectProperties>
			<OpacityLevel>255</OpacityLevel>
			<LodDistance>16960</LodDistance>
			<IsVisible>true</IsVisible>
			<MaxHealth>1000</MaxHealth>
			<Health>1000</Health>
			<HasGravity>true</HasGravity>
			<IsOnFire>false</IsOnFire>
			<IsInvincible>false</IsInvincible>
			<IsBulletProof>false</IsBulletProof>
			<IsCollisionProof>false</IsCollisionProof>
			<IsExplosionProof>false</IsExplosionProof>
			<IsFireProof>false</IsFireProof>
			<IsMeleeProof>false</IsMeleeProof>
			<IsOnlyDamagedByPlayer>false</IsOnlyDamagedByPlayer>
			<PositionRotation>
				<X>-1021.57599</X>
				<Y>-2993.04639</Y>
				<Z>15.4837227</Z>
				<Pitch>1.32592952</Pitch>
				<Roll>-0.254642516</Roll>
				<Yaw>-63.5754585</Yaw>
			</PositionRotation>
			<Attachment isAttached="true">
				<AttachedTo>474885</AttachedTo>
				<BoneIndex>0</BoneIndex>
				<X>-0.00649193861</X>
				<Y>1.2317872</Y>
				<Z>1.58342993</Z>
				<Pitch>0.691343009</Pitch>
				<Roll>0.0019387675</Roll>
				<Yaw>-150.795135</Yaw>
			</Attachment>
		</Attachment>
		<Attachment>
			<ModelHash>0xcab94be5</ModelHash>
			<Type>3</Type>
			<Dynamic>false</Dynamic>
			<FrozenPos>true</FrozenPos>
			<HashName>hei_prop_cc_metalcover_01</HashName>
			<InitialHandle>38919</InitialHandle>
			<ObjectProperties>
				<TextureVariation>0</TextureVariation>
			</ObjectProperties>
			<OpacityLevel>255</OpacityLevel>
			<LodDistance>16960</LodDistance>
			<IsVisible>true</IsVisible>
			<MaxHealth>1000</MaxHealth>
			<Health>1000</Health>
			<HasGravity>true</HasGravity>
			<IsOnFire>false</IsOnFire>
			<IsInvincible>false</IsInvincible>
			<IsBulletProof>false</IsBulletProof>
			<IsCollisionProof>false</IsCollisionProof>
			<IsExplosionProof>false</IsExplosionProof>
			<IsFireProof>false</IsFireProof>
			<IsMeleeProof>false</IsMeleeProof>
			<IsOnlyDamagedByPlayer>false</IsOnlyDamagedByPlayer>
			<PositionRotation>
				<X>-1023.93207</X>
				<Y>-2992.00732</Y>
				<Z>13.4938107</Z>
				<Pitch>0.474887133</Pitch>
				<Roll>-22.3486423</Roll>
				<Yaw>165.971878</Yaw>
			</PositionRotation>
			<Attachment isAttached="true">
				<AttachedTo>474885</AttachedTo>
				<BoneIndex>0</BoneIndex>
				<X>0.914003611</X>
				<Y>3.65902615</Y>
				<Z>-0.379232615</Z>
				<Pitch>0.691343844</Pitch>
				<Roll>-22.9980297</Roll>
				<Yaw>78.7633209</Yaw>
			</Attachment>
		</Attachment>
		<Attachment>
			<ModelHash>0xcab94be5</ModelHash>
			<Type>3</Type>
			<Dynamic>false</Dynamic>
			<FrozenPos>true</FrozenPos>
			<HashName>hei_prop_cc_metalcover_01</HashName>
			<InitialHandle>66055</InitialHandle>
			<ObjectProperties>
				<TextureVariation>0</TextureVariation>
			</ObjectProperties>
			<OpacityLevel>255</OpacityLevel>
			<LodDistance>16960</LodDistance>
			<IsVisible>true</IsVisible>
			<MaxHealth>1000</MaxHealth>
			<Health>1000</Health>
			<HasGravity>true</HasGravity>
			<IsOnFire>false</IsOnFire>
			<IsInvincible>false</IsInvincible>
			<IsBulletProof>false</IsBulletProof>
			<IsCollisionProof>false</IsCollisionProof>
			<IsExplosionProof>false</IsExplosionProof>
			<IsFireProof>false</IsFireProof>
			<IsMeleeProof>false</IsMeleeProof>
			<IsOnlyDamagedByPlayer>false</IsOnlyDamagedByPlayer>
			<PositionRotation>
				<X>-1024.03857</X>
				<Y>-2993.8645</Y>
				<Z>13.490366</Z>
				<Pitch>-0.219704658</Pitch>
				<Roll>-23.3193703</Roll>
				<Yaw>-168.121277</Yaw>
			</PositionRotation>
			<Attachment isAttached="true">
				<AttachedTo>474885</AttachedTo>
				<BoneIndex>0</BoneIndex>
				<X>-0.946095347</X>
				<Y>3.6752243</Y>
				<Z>-0.379701614</Z>
				<Pitch>-0.308656991</Pitch>
				<Roll>-23.9980507</Roll>
				<Yaw>104.660431</Yaw>
			</Attachment>
		</Attachment>
		<Attachment>
			<ModelHash>0xcab94be5</ModelHash>
			<Type>3</Type>
			<Dynamic>false</Dynamic>
			<FrozenPos>true</FrozenPos>
			<HashName>hei_prop_cc_metalcover_01</HashName>
			<InitialHandle>376583</InitialHandle>
			<ObjectProperties>
				<TextureVariation>0</TextureVariation>
			</ObjectProperties>
			<OpacityLevel>255</OpacityLevel>
			<LodDistance>16960</LodDistance>
			<IsVisible>true</IsVisible>
			<MaxHealth>1000</MaxHealth>
			<Health>1000</Health>
			<HasGravity>true</HasGravity>
			<IsOnFire>false</IsOnFire>
			<IsInvincible>false</IsInvincible>
			<IsBulletProof>false</IsBulletProof>
			<IsCollisionProof>false</IsCollisionProof>
			<IsExplosionProof>false</IsExplosionProof>
			<IsFireProof>false</IsFireProof>
			<IsMeleeProof>false</IsMeleeProof>
			<IsOnlyDamagedByPlayer>false</IsOnlyDamagedByPlayer>
			<PositionRotation>
				<X>-1024.07983</X>
				<Y>-2992.85449</Y>
				<Z>13.5925856</Z>
				<Pitch>-59.9912491</Pitch>
				<Roll>-85.9142227</Roll>
				<Yaw>90.0357742</Yaw>
			</PositionRotation>
			<Attachment isAttached="true">
				<AttachedTo>474885</AttachedTo>
				<BoneIndex>0</BoneIndex>
				<X>0.0608144067</X>
				<Y>3.76426768</Y>
				<Z>-0.277926177</Z>
				<Pitch>-59.308712</Pitch>
				<Roll>-85.8119431</Roll>
				<Yaw>2.90888214</Yaw>
			</Attachment>
		</Attachment>
		<Attachment>
			<ModelHash>0x5bbd60e4</ModelHash>
			<Type>3</Type>
			<Dynamic>false</Dynamic>
			<FrozenPos>true</FrozenPos>
			<HashName>prop_medstation_04</HashName>
			<InitialHandle>529418</InitialHandle>
			<ObjectProperties>
				<TextureVariation>0</TextureVariation>
			</ObjectProperties>
			<OpacityLevel>255</OpacityLevel>
			<LodDistance>16960</LodDistance>
			<IsVisible>true</IsVisible>
			<MaxHealth>1000</MaxHealth>
			<Health>1000</Health>
			<HasGravity>true</HasGravity>
			<IsOnFire>false</IsOnFire>
			<IsInvincible>false</IsInvincible>
			<IsBulletProof>false</IsBulletProof>
			<IsCollisionProof>false</IsCollisionProof>
			<IsExplosionProof>false</IsExplosionProof>
			<IsFireProof>false</IsFireProof>
			<IsMeleeProof>false</IsMeleeProof>
			<IsOnlyDamagedByPlayer>false</IsOnlyDamagedByPlayer>
			<PositionRotation>
				<X>-1022.77722</X>
				<Y>-2992.03979</Y>
				<Z>14.6239214</Z>
				<Pitch>0.692476153</Pitch>
				<Roll>0.686467946</Roll>
				<Yaw>-175.498917</Yaw>
			</PositionRotation>
			<Attachment isAttached="true">
				<AttachedTo>474885</AttachedTo>
				<BoneIndex>0</BoneIndex>
				<X>0.939332724</X>
				<Y>2.49062443</Y>
				<Z>0.737072349</Z>
				<Pitch>0.691343009</Pitch>
				<Roll>0.0019387675</Roll>
				<Yaw>97.2941742</Yaw>
			</Attachment>
		</Attachment>
		<Attachment>
			<ModelHash>0x6ab3b57b</ModelHash>
			<Type>3</Type>
			<Dynamic>false</Dynamic>
			<FrozenPos>true</FrozenPos>
			<HashName>ex_prop_crate_ammo_bc</HashName>
			<InitialHandle>399632</InitialHandle>
			<ObjectProperties>
				<TextureVariation>0</TextureVariation>
			</ObjectProperties>
			<OpacityLevel>255</OpacityLevel>
			<LodDistance>16960</LodDistance>
			<IsVisible>true</IsVisible>
			<MaxHealth>1000</MaxHealth>
			<Health>1000</Health>
			<HasGravity>true</HasGravity>
			<IsOnFire>false</IsOnFire>
			<IsInvincible>false</IsInvincible>
			<IsBulletProof>false</IsBulletProof>
			<IsCollisionProof>false</IsCollisionProof>
			<IsExplosionProof>false</IsExplosionProof>
			<IsFireProof>false</IsFireProof>
			<IsMeleeProof>false</IsMeleeProof>
			<IsOnlyDamagedByPlayer>false</IsOnlyDamagedByPlayer>
			<PositionRotation>
				<X>-1018.86432</X>
				<Y>-2993.74805</Y>
				<Z>14.3507776</Z>
				<Pitch>0.78787607</Pitch>
				<Roll>-0.675756395</Roll>
				<Yaw>-3.69268942</Yaw>
			</PositionRotation>
			<Attachment isAttached="true">
				<AttachedTo>474885</AttachedTo>
				<BoneIndex>0</BoneIndex>
				<X>-0.577179492</X>
				<Y>-1.49712741</Y>
				<Z>0.418911666</Z>
				<Pitch>0.691343009</Pitch>
				<Roll>0.0019387675</Roll>
				<Yaw>-90.9165955</Yaw>
			</Attachment>
		</Attachment>
		<Attachment>
			<ModelHash>0x7cbe795d</ModelHash>
			<Type>3</Type>
			<Dynamic>false</Dynamic>
			<FrozenPos>true</FrozenPos>
			<HashName>ex_prop_crate_closed_ms</HashName>
			<InitialHandle>699152</InitialHandle>
			<ObjectProperties>
				<TextureVariation>0</TextureVariation>
			</ObjectProperties>
			<OpacityLevel>255</OpacityLevel>
			<LodDistance>16960</LodDistance>
			<IsVisible>true</IsVisible>
			<MaxHealth>1000</MaxHealth>
			<Health>1000</Health>
			<HasGravity>true</HasGravity>
			<IsOnFire>false</IsOnFire>
			<IsInvincible>false</IsInvincible>
			<IsBulletProof>false</IsBulletProof>
			<IsCollisionProof>false</IsCollisionProof>
			<IsExplosionProof>false</IsExplosionProof>
			<IsFireProof>false</IsFireProof>
			<IsMeleeProof>false</IsMeleeProof>
			<IsOnlyDamagedByPlayer>false</IsOnlyDamagedByPlayer>
			<PositionRotation>
				<X>-1018.62372</X>
				<Y>-2992.1311</Y>
				<Z>14.3546095</Z>
				<Pitch>1.23940706</Pitch>
				<Roll>1.36982882</Roll>
				<Yaw>174.873062</Yaw>
			</PositionRotation>
			<Attachment isAttached="true">
				<AttachedTo>474885</AttachedTo>
				<BoneIndex>0</BoneIndex>
				<X>1.04958832</X>
				<Y>-1.65891635</Y>
				<Z>0.418392211</Z>
				<Pitch>1.35272932</Pitch>
				<Roll>0.694621801</Roll>
				<Yaw>87.673172</Yaw>
			</Attachment>
		</Attachment>
		<Attachment>
			<ModelHash>0xb213055d</ModelHash>
			<Type>3</Type>
			<Dynamic>false</Dynamic>
			<FrozenPos>true</FrozenPos>
			<HashName>prop_ld_planter3c</HashName>
			<InitialHandle>320786</InitialHandle>
			<ObjectProperties>
				<TextureVariation>0</TextureVariation>
			</ObjectProperties>
			<OpacityLevel>255</OpacityLevel>
			<LodDistance>16960</LodDistance>
			<IsVisible>true</IsVisible>
			<MaxHealth>1000</MaxHealth>
			<Health>1000</Health>
			<HasGravity>true</HasGravity>
			<IsOnFire>false</IsOnFire>
			<IsInvincible>false</IsInvincible>
			<IsBulletProof>false</IsBulletProof>
			<IsCollisionProof>false</IsCollisionProof>
			<IsExplosionProof>false</IsExplosionProof>
			<IsFireProof>false</IsFireProof>
			<IsMeleeProof>false</IsMeleeProof>
			<IsOnlyDamagedByPlayer>false</IsOnlyDamagedByPlayer>
			<PositionRotation>
				<X>-1020.50079</X>
				<Y>-2994.26782</Y>
				<Z>14.403616</Z>
				<Pitch>0.840152025</Pitch>
				<Roll>-0.666229606</Roll>
				<Yaw>-8.14167404</Yaw>
			</PositionRotation>
			<Attachment isAttached="true">
				<AttachedTo>474885</AttachedTo>
				<BoneIndex>0</BoneIndex>
				<X>-1.17574108</X>
				<Y>0.111413911</Y>
				<Z>0.491715282</Z>
				<Pitch>0.691343009</Pitch>
				<Roll>0.0019387675</Roll>
				<Yaw>-95.3657837</Yaw>
			</Attachment>
		</Attachment>
		<Attachment>
			<ModelHash>0xb213055d</ModelHash>
			<Type>3</Type>
			<Dynamic>false</Dynamic>
			<FrozenPos>true</FrozenPos>
			<HashName>prop_ld_planter3c</HashName>
			<InitialHandle>405266</InitialHandle>
			<ObjectProperties>
				<TextureVariation>0</TextureVariation>
			</ObjectProperties>
			<OpacityLevel>255</OpacityLevel>
			<LodDistance>16960</LodDistance>
			<IsVisible>true</IsVisible>
			<MaxHealth>1000</MaxHealth>
			<Health>1000</Health>
			<HasGravity>true</HasGravity>
			<IsOnFire>false</IsOnFire>
			<IsInvincible>false</IsInvincible>
			<IsBulletProof>false</IsBulletProof>
			<IsCollisionProof>false</IsCollisionProof>
			<IsExplosionProof>false</IsExplosionProof>
			<IsFireProof>false</IsFireProof>
			<IsMeleeProof>false</IsMeleeProof>
			<IsOnlyDamagedByPlayer>false</IsOnlyDamagedByPlayer>
			<PositionRotation>
				<X>-1020.47791</X>
				<Y>-2994.25781</Y>
				<Z>15.2036343</Z>
				<Pitch>0.830032766</Pitch>
				<Roll>-0.668402672</Roll>
				<Yaw>-7.27530813</Yaw>
			</PositionRotation>
			<Attachment isAttached="true">
				<AttachedTo>474885</AttachedTo>
				<BoneIndex>0</BoneIndex>
				<X>-1.16338706</X>
				<Y>0.0795691684</Y>
				<Z>1.29139471</Z>
				<Pitch>0.691343009</Pitch>
				<Roll>0.0019387675</Roll>
				<Yaw>-94.4993744</Yaw>
			</Attachment>
		</Attachment>
		<Attachment>
			<ModelHash>0xb213055d</ModelHash>
			<Type>3</Type>
			<Dynamic>false</Dynamic>
			<FrozenPos>true</FrozenPos>
			<HashName>prop_ld_planter3c</HashName>
			<InitialHandle>572434</InitialHandle>
			<ObjectProperties>
				<TextureVariation>0</TextureVariation>
			</ObjectProperties>
			<OpacityLevel>255</OpacityLevel>
			<LodDistance>16960</LodDistance>
			<IsVisible>true</IsVisible>
			<MaxHealth>1000</MaxHealth>
			<Health>1000</Health>
			<HasGravity>true</HasGravity>
			<IsOnFire>false</IsOnFire>
			<IsInvincible>false</IsInvincible>
			<IsBulletProof>false</IsBulletProof>
			<IsCollisionProof>false</IsCollisionProof>
			<IsExplosionProof>false</IsExplosionProof>
			<IsFireProof>false</IsFireProof>
			<IsMeleeProof>false</IsMeleeProof>
			<IsOnlyDamagedByPlayer>false</IsOnlyDamagedByPlayer>
			<PositionRotation>
				<X>-1020.35693</X>
				<Y>-2991.90283</Y>
				<Z>14.321106</Z>
				<Pitch>0.746241093</Pitch>
				<Roll>0.684267759</Roll>
				<Yaw>-170.993668</Yaw>
			</PositionRotation>
			<Attachment isAttached="true">
				<AttachedTo>474885</AttachedTo>
				<BoneIndex>0</BoneIndex>
				<X>1.1931721</X>
				<Y>0.0836581886</Y>
				<Z>0.405325919</Z>
				<Pitch>0.691343009</Pitch>
				<Roll>0.0019387675</Roll>
				<Yaw>101.799728</Yaw>
			</Attachment>
		</Attachment>
		<Attachment>
			<ModelHash>0xb213055d</ModelHash>
			<Type>3</Type>
			<Dynamic>false</Dynamic>
			<FrozenPos>true</FrozenPos>
			<HashName>prop_ld_planter3c</HashName>
			<InitialHandle>656914</InitialHandle>
			<ObjectProperties>
				<TextureVariation>0</TextureVariation>
			</ObjectProperties>
			<OpacityLevel>255</OpacityLevel>
			<LodDistance>16960</LodDistance>
			<IsVisible>true</IsVisible>
			<MaxHealth>1000</MaxHealth>
			<Health>1000</Health>
			<HasGravity>true</HasGravity>
			<IsOnFire>false</IsOnFire>
			<IsInvincible>false</IsInvincible>
			<IsBulletProof>false</IsBulletProof>
			<IsCollisionProof>false</IsCollisionProof>
			<IsExplosionProof>false</IsExplosionProof>
			<IsFireProof>false</IsFireProof>
			<IsMeleeProof>false</IsMeleeProof>
			<IsOnlyDamagedByPlayer>false</IsOnlyDamagedByPlayer>
			<PositionRotation>
				<X>-1020.40509</X>
				<Y>-2991.90112</Y>
				<Z>15.1211224</Z>
				<Pitch>0.754483759</Pitch>
				<Roll>0.683554709</Roll>
				<Yaw>-170.301132</Yaw>
			</PositionRotation>
			<Attachment isAttached="true">
				<AttachedTo>474885</AttachedTo>
				<BoneIndex>0</BoneIndex>
				<X>1.1939255</X>
				<Y>0.122309223</Y>
				<Z>1.20585644</Z>
				<Pitch>0.691343009</Pitch>
				<Roll>0.0019387675</Roll>
				<Yaw>102.492294</Yaw>
			</Attachment>
		</Attachment>
		<Attachment>
			<ModelHash>0xb213055d</ModelHash>
			<Type>3</Type>
			<Dynamic>false</Dynamic>
			<FrozenPos>true</FrozenPos>
			<HashName>prop_ld_planter3c</HashName>
			<InitialHandle>312851</InitialHandle>
			<ObjectProperties>
				<TextureVariation>0</TextureVariation>
			</ObjectProperties>
			<OpacityLevel>255</OpacityLevel>
			<LodDistance>16960</LodDistance>
			<IsVisible>true</IsVisible>
			<MaxHealth>1000</MaxHealth>
			<Health>1000</Health>
			<HasGravity>true</HasGravity>
			<IsOnFire>false</IsOnFire>
			<IsInvincible>false</IsInvincible>
			<IsBulletProof>false</IsBulletProof>
			<IsCollisionProof>false</IsCollisionProof>
			<IsExplosionProof>false</IsExplosionProof>
			<IsFireProof>false</IsFireProof>
			<IsMeleeProof>false</IsMeleeProof>
			<IsOnlyDamagedByPlayer>false</IsOnlyDamagedByPlayer>
			<PositionRotation>
				<X>-1017.84814</X>
				<Y>-2993.85278</Y>
				<Z>14.603714</Z>
				<Pitch>0.0145306932</Pitch>
				<Roll>-0.100231513</Roll>
				<Yaw>85.8263321</Yaw>
			</PositionRotation>
			<Attachment isAttached="true">
				<AttachedTo>474885</AttachedTo>
				<BoneIndex>0</BoneIndex>
				<X>-0.632150471</X>
				<Y>-2.52013397</Y>
				<Z>0.659822464</Z>
				<Pitch>0.691343009</Pitch>
				<Roll>0.0019387675</Roll>
				<Yaw>-1.38946533</Yaw>
			</Attachment>
		</Attachment>
		<Attachment>
			<ModelHash>0xb213055d</ModelHash>
			<Type>3</Type>
			<Dynamic>false</Dynamic>
			<FrozenPos>true</FrozenPos>
			<HashName>prop_ld_planter3c</HashName>
			<InitialHandle>231185</InitialHandle>
			<ObjectProperties>
				<TextureVariation>0</TextureVariation>
			</ObjectProperties>
			<OpacityLevel>255</OpacityLevel>
			<LodDistance>16960</LodDistance>
			<IsVisible>true</IsVisible>
			<MaxHealth>1000</MaxHealth>
			<Health>1000</Health>
			<HasGravity>true</HasGravity>
			<IsOnFire>false</IsOnFire>
			<IsInvincible>false</IsInvincible>
			<IsBulletProof>false</IsBulletProof>
			<IsCollisionProof>false</IsCollisionProof>
			<IsExplosionProof>false</IsExplosionProof>
			<IsFireProof>false</IsFireProof>
			<IsMeleeProof>false</IsMeleeProof>
			<IsOnlyDamagedByPlayer>false</IsOnlyDamagedByPlayer>
			<PositionRotation>
				<X>-1017.86029</X>
				<Y>-2993.84204</Y>
				<Z>15.403738</Z>
				<Pitch>0.0156496912</Pitch>
				<Roll>-0.107387938</Roll>
				<Yaw>85.2200317</Yaw>
			</PositionRotation>
			<Attachment isAttached="true">
				<AttachedTo>474885</AttachedTo>
				<BoneIndex>0</BoneIndex>
				<X>-0.620672882</X>
				<Y>-2.5169251</Y>
				<Z>1.45992494</Z>
				<Pitch>0.691343009</Pitch>
				<Roll>0.0019387675</Roll>
				<Yaw>-1.99580383</Yaw>
			</Attachment>
		</Attachment>
		<Attachment>
			<ModelHash>0xb213055d</ModelHash>
			<Type>3</Type>
			<Dynamic>false</Dynamic>
			<FrozenPos>true</FrozenPos>
			<HashName>prop_ld_planter3c</HashName>
			<InitialHandle>448787</InitialHandle>
			<ObjectProperties>
				<TextureVariation>0</TextureVariation>
			</ObjectProperties>
			<OpacityLevel>255</OpacityLevel>
			<LodDistance>16960</LodDistance>
			<IsVisible>true</IsVisible>
			<MaxHealth>1000</MaxHealth>
			<Health>1000</Health>
			<HasGravity>true</HasGravity>
			<IsOnFire>false</IsOnFire>
			<IsInvincible>false</IsInvincible>
			<IsBulletProof>false</IsBulletProof>
			<IsCollisionProof>false</IsCollisionProof>
			<IsExplosionProof>false</IsExplosionProof>
			<IsFireProof>false</IsFireProof>
			<IsMeleeProof>false</IsMeleeProof>
			<IsOnlyDamagedByPlayer>false</IsOnlyDamagedByPlayer>
			<PositionRotation>
				<X>-1017.75006</X>
				<Y>-2992.59473</Y>
				<Z>14.6047144</Z>
				<Pitch>0.0111539923</Pitch>
				<Roll>-0.0745880753</Roll>
				<Yaw>87.9914169</Yaw>
			</PositionRotation>
			<Attachment isAttached="true">
				<AttachedTo>474885</AttachedTo>
				<BoneIndex>0</BoneIndex>
				<X>0.629353166</X>
				<Y>-2.55695987</Y>
				<Z>0.658498943</Z>
				<Pitch>0.691343009</Pitch>
				<Roll>0.0019387675</Roll>
				<Yaw>0.775779724</Yaw>
			</Attachment>
		</Attachment>
		<Attachment>
			<ModelHash>0xb213055d</ModelHash>
			<Type>3</Type>
			<Dynamic>false</Dynamic>
			<FrozenPos>true</FrozenPos>
			<HashName>prop_ld_planter3c</HashName>
			<InitialHandle>551187</InitialHandle>
			<ObjectProperties>
				<TextureVariation>0</TextureVariation>
			</ObjectProperties>
			<OpacityLevel>255</OpacityLevel>
			<LodDistance>16960</LodDistance>
			<IsVisible>true</IsVisible>
			<MaxHealth>1000</MaxHealth>
			<Health>1000</Health>
			<HasGravity>true</HasGravity>
			<IsOnFire>false</IsOnFire>
			<IsInvincible>false</IsInvincible>
			<IsBulletProof>false</IsBulletProof>
			<IsCollisionProof>false</IsCollisionProof>
			<IsExplosionProof>false</IsExplosionProof>
			<IsFireProof>false</IsFireProof>
			<IsMeleeProof>false</IsMeleeProof>
			<IsOnlyDamagedByPlayer>false</IsOnlyDamagedByPlayer>
			<PositionRotation>
				<X>-1017.73785</X>
				<Y>-2992.59546</Y>
				<Z>15.4047174</Z>
				<Pitch>0.01048801</Pitch>
				<Roll>-0.0684171617</Roll>
				<Yaw>88.5109329</Yaw>
			</PositionRotation>
			<Attachment isAttached="true">
				<AttachedTo>474885</AttachedTo>
				<BoneIndex>0</BoneIndex>
				<X>0.630197883</X>
				<Y>-2.57866001</Y>
				<Z>1.45830119</Z>
				<Pitch>0.691343009</Pitch>
				<Roll>0.0019387675</Roll>
				<Yaw>1.29534149</Yaw>
			</Attachment>
		</Attachment>
		<Attachment>
			<ModelHash>0x3fbdad7c</ModelHash>
			<Type>3</Type>
			<Dynamic>false</Dynamic>
			<FrozenPos>true</FrozenPos>
			<HashName>prop_ld_jerrycan_01</HashName>
			<InitialHandle>39700</InitialHandle>
			<ObjectProperties>
				<TextureVariation>0</TextureVariation>
			</ObjectProperties>
			<OpacityLevel>255</OpacityLevel>
			<LodDistance>16960</LodDistance>
			<IsVisible>true</IsVisible>
			<MaxHealth>1000</MaxHealth>
			<Health>1000</Health>
			<HasGravity>true</HasGravity>
			<IsOnFire>false</IsOnFire>
			<IsInvincible>false</IsInvincible>
			<IsBulletProof>false</IsBulletProof>
			<IsCollisionProof>false</IsCollisionProof>
			<IsExplosionProof>false</IsExplosionProof>
			<IsFireProof>false</IsFireProof>
			<IsMeleeProof>false</IsMeleeProof>
			<IsOnlyDamagedByPlayer>false</IsOnlyDamagedByPlayer>
			<PositionRotation>
				<X>-1018.99951</X>
				<Y>-2992.72998</Y>
				<Z>14.9009638</Z>
				<Pitch>0.016670499</Pitch>
				<Roll>-0.11352063</Roll>
				<Yaw>84.699646</Yaw>
			</PositionRotation>
			<Attachment isAttached="true">
				<AttachedTo>474885</AttachedTo>
				<BoneIndex>0</BoneIndex>
				<X>0.43402639</X>
				<Y>-1.31916642</Y>
				<Z>0.969733715</Z>
				<Pitch>0.691343009</Pitch>
				<Roll>0.0019387675</Roll>
				<Yaw>-2.51623154</Yaw>
			</Attachment>
		</Attachment>
		<Attachment>
			<ModelHash>0x3fbdad7c</ModelHash>
			<Type>3</Type>
			<Dynamic>false</Dynamic>
			<FrozenPos>true</FrozenPos>
			<HashName>prop_ld_jerrycan_01</HashName>
			<InitialHandle>70420</InitialHandle>
			<ObjectProperties>
				<TextureVariation>0</TextureVariation>
			</ObjectProperties>
			<OpacityLevel>255</OpacityLevel>
			<LodDistance>16960</LodDistance>
			<IsVisible>true</IsVisible>
			<MaxHealth>1000</MaxHealth>
			<Health>1000</Health>
			<HasGravity>true</HasGravity>
			<IsOnFire>false</IsOnFire>
			<IsInvincible>false</IsInvincible>
			<IsBulletProof>false</IsBulletProof>
			<IsCollisionProof>false</IsCollisionProof>
			<IsExplosionProof>false</IsExplosionProof>
			<IsFireProof>false</IsFireProof>
			<IsMeleeProof>false</IsMeleeProof>
			<IsOnlyDamagedByPlayer>false</IsOnlyDamagedByPlayer>
			<PositionRotation>
				<X>-1018.42108</X>
				<Y>-2992.79736</Y>
				<Z>14.8080006</Z>
				<Pitch>0.0129267992</Pitch>
				<Roll>-0.0889735371</Roll>
				<Yaw>86.7781754</Yaw>
			</PositionRotation>
			<Attachment isAttached="true">
				<AttachedTo>474885</AttachedTo>
				<BoneIndex>0</BoneIndex>
				<X>0.394476235</X>
				<Y>-1.89903367</Y>
				<Z>0.869950056</Z>
				<Pitch>0.691343009</Pitch>
				<Roll>0.0019387675</Roll>
				<Yaw>-0.437545776</Yaw>
			</Attachment>
		</Attachment>
		<Attachment>
			<ModelHash>0x3fbdad7c</ModelHash>
			<Type>3</Type>
			<Dynamic>false</Dynamic>
			<FrozenPos>true</FrozenPos>
			<HashName>prop_ld_jerrycan_01</HashName>
			<InitialHandle>683027</InitialHandle>
			<ObjectProperties>
				<TextureVariation>0</TextureVariation>
			</ObjectProperties>
			<OpacityLevel>255</OpacityLevel>
			<LodDistance>16960</LodDistance>
			<IsVisible>true</IsVisible>
			<MaxHealth>1000</MaxHealth>
			<Health>1000</Health>
			<HasGravity>true</HasGravity>
			<IsOnFire>false</IsOnFire>
			<IsInvincible>false</IsInvincible>
			<IsBulletProof>false</IsBulletProof>
			<IsCollisionProof>false</IsCollisionProof>
			<IsExplosionProof>false</IsExplosionProof>
			<IsFireProof>false</IsFireProof>
			<IsMeleeProof>false</IsMeleeProof>
			<IsOnlyDamagedByPlayer>false</IsOnlyDamagedByPlayer>
			<PositionRotation>
				<X>-1018.06738</X>
				<Y>-2992.8186</Y>
				<Z>14.8120823</Z>
				<Pitch>0.00950299483</Pitch>
				<Roll>-0.058125373</Roll>
				<Yaw>89.3763351</Yaw>
			</PositionRotation>
			<Attachment isAttached="true">
				<AttachedTo>474885</AttachedTo>
				<BoneIndex>0</BoneIndex>
				<X>0.390525877</X>
				<Y>-2.25334239</Y>
				<Z>0.86983788</Z>
				<Pitch>0.691343009</Pitch>
				<Roll>0.0019387675</Roll>
				<Yaw>2.16080093</Yaw>
			</Attachment>
		</Attachment>
		<Attachment>
			<ModelHash>0x2731d6b5</ModelHash>
			<Type>3</Type>
			<Dynamic>false</Dynamic>
			<FrozenPos>true</FrozenPos>
			<HashName>prop_pighouse2</HashName>
			<InitialHandle>690199</InitialHandle>
			<ObjectProperties>
				<TextureVariation>0</TextureVariation>
			</ObjectProperties>
			<OpacityLevel>255</OpacityLevel>
			<LodDistance>16960</LodDistance>
			<IsVisible>true</IsVisible>
			<MaxHealth>1000</MaxHealth>
			<Health>1000</Health>
			<HasGravity>true</HasGravity>
			<IsOnFire>false</IsOnFire>
			<IsInvincible>false</IsInvincible>
			<IsBulletProof>false</IsBulletProof>
			<IsCollisionProof>false</IsCollisionProof>
			<IsExplosionProof>false</IsExplosionProof>
			<IsFireProof>false</IsFireProof>
			<IsMeleeProof>false</IsMeleeProof>
			<IsOnlyDamagedByPlayer>false</IsOnlyDamagedByPlayer>
			<PositionRotation>
				<X>-1021.67371</X>
				<Y>-2993.03467</Y>
				<Z>14.5097418</Z>
				<Pitch>1.36807907</Pitch>
				<Roll>0.104627132</Roll>
				<Yaw>-94.217514</Yaw>
			</PositionRotation>
			<Attachment isAttached="true">
				<AttachedTo>474885</AttachedTo>
				<BoneIndex>0</BoneIndex>
				<X>-0.000931806862</X>
				<Y>1.34150589</Y>
				<Z>0.610671341</Z>
				<Pitch>0.691343009</Pitch>
				<Roll>0.0019387675</Roll>
				<Yaw>-181.430847</Yaw>
			</Attachment>
		</Attachment>
		<Attachment>
			<ModelHash>0xba109ee7</ModelHash>
			<Type>3</Type>
			<Dynamic>false</Dynamic>
			<FrozenPos>true</FrozenPos>
			<HashName>p_clb_officechair_s</HashName>
			<InitialHandle>363290</InitialHandle>
			<ObjectProperties>
				<TextureVariation>0</TextureVariation>
			</ObjectProperties>
			<OpacityLevel>255</OpacityLevel>
			<LodDistance>16960</LodDistance>
			<IsVisible>true</IsVisible>
			<MaxHealth>1000</MaxHealth>
			<Health>1000</Health>
			<HasGravity>true</HasGravity>
			<IsOnFire>false</IsOnFire>
			<IsInvincible>false</IsInvincible>
			<IsBulletProof>false</IsBulletProof>
			<IsCollisionProof>false</IsCollisionProof>
			<IsExplosionProof>false</IsExplosionProof>
			<IsFireProof>false</IsFireProof>
			<IsMeleeProof>false</IsMeleeProof>
			<IsOnlyDamagedByPlayer>false</IsOnlyDamagedByPlayer>
			<PositionRotation>
				<X>-1017.46124</X>
				<Y>-2993.98999</Y>
				<Z>13.7960091</Z>
				<Pitch>0.0135787753</Pitch>
				<Roll>-0.0937134326</Roll>
				<Yaw>86.3777008</Yaw>
			</PositionRotation>
			<Attachment isAttached="true">
				<AttachedTo>474885</AttachedTo>
				<BoneIndex>0</BoneIndex>
				<X>-0.75164634</X>
				<Y>-2.9036355</Y>
				<Z>-0.152306408</Z>
				<Pitch>0.691343009</Pitch>
				<Roll>0.0019387675</Roll>
				<Yaw>-0.838054657</Yaw>
			</Attachment>
		</Attachment>
		<Attachment>
			<ModelHash>0x00a6c231</ModelHash>
			<Type>3</Type>
			<Dynamic>false</Dynamic>
			<FrozenPos>true</FrozenPos>
			<HashName>prop_roadpole_01a</HashName>
			<InitialHandle>433693</InitialHandle>
			<ObjectProperties>
				<TextureVariation>0</TextureVariation>
			</ObjectProperties>
			<OpacityLevel>255</OpacityLevel>
			<LodDistance>16960</LodDistance>
			<IsVisible>true</IsVisible>
			<MaxHealth>1000</MaxHealth>
			<Health>1000</Health>
			<HasGravity>true</HasGravity>
			<IsOnFire>false</IsOnFire>
			<IsInvincible>false</IsInvincible>
			<IsBulletProof>false</IsBulletProof>
			<IsCollisionProof>false</IsCollisionProof>
			<IsExplosionProof>false</IsExplosionProof>
			<IsFireProof>false</IsFireProof>
			<IsMeleeProof>false</IsMeleeProof>
			<IsOnlyDamagedByPlayer>false</IsOnlyDamagedByPlayer>
			<PositionRotation>
				<X>-1017.56677</X>
				<Y>-2994.354</Y>
				<Z>14.0341053</Z>
				<Pitch>50.6357956</Pitch>
				<Roll>57.4689026</Roll>
				<Yaw>34.5303497</Yaw>
			</PositionRotation>
			<Attachment isAttached="true">
				<AttachedTo>474885</AttachedTo>
				<BoneIndex>0</BoneIndex>
				<X>-1.11991429</X>
				<Y>-2.81871343</Y>
				<Z>0.0873641372</Z>
				<Pitch>50.9755096</Pitch>
				<Roll>58.4092255</Roll>
				<Yaw>-53.4135895</Yaw>
			</Attachment>
		</Attachment>
		<Attachment>
			<ModelHash>0x00a6c231</ModelHash>
			<Type>3</Type>
			<Dynamic>false</Dynamic>
			<FrozenPos>true</FrozenPos>
			<HashName>prop_roadpole_01a</HashName>
			<InitialHandle>547612</InitialHandle>
			<ObjectProperties>
				<TextureVariation>0</TextureVariation>
			</ObjectProperties>
			<OpacityLevel>255</OpacityLevel>
			<LodDistance>16960</LodDistance>
			<IsVisible>true</IsVisible>
			<MaxHealth>1000</MaxHealth>
			<Health>1000</Health>
			<HasGravity>true</HasGravity>
			<IsOnFire>false</IsOnFire>
			<IsInvincible>false</IsInvincible>
			<IsBulletProof>false</IsBulletProof>
			<IsCollisionProof>false</IsCollisionProof>
			<IsExplosionProof>false</IsExplosionProof>
			<IsFireProof>false</IsFireProof>
			<IsMeleeProof>false</IsMeleeProof>
			<IsOnlyDamagedByPlayer>false</IsOnlyDamagedByPlayer>
			<PositionRotation>
				<X>-1017.5257</X>
				<Y>-2993.59277</Y>
				<Z>14.061039</Z>
				<Pitch>60.4879074</Pitch>
				<Roll>51.6315117</Roll>
				<Yaw>22.283474</Yaw>
			</PositionRotation>
			<Attachment isAttached="true">
				<AttachedTo>474885</AttachedTo>
				<BoneIndex>0</BoneIndex>
				<X>-0.357640147</X>
				<Y>-2.8230958</Y>
				<Z>0.113107294</Z>
				<Pitch>60.6913795</Pitch>
				<Roll>52.9624176</Roll>
				<Yaw>-66.091095</Yaw>
			</Attachment>
		</Attachment>
		<Attachment>
			<ModelHash>0x44083a8f</ModelHash>
			<Type>3</Type>
			<Dynamic>false</Dynamic>
			<FrozenPos>true</FrozenPos>
			<HashName>prop_ballistic_shield</HashName>
			<InitialHandle>670751</InitialHandle>
			<ObjectProperties>
				<TextureVariation>0</TextureVariation>
			</ObjectProperties>
			<OpacityLevel>255</OpacityLevel>
			<LodDistance>16960</LodDistance>
			<IsVisible>true</IsVisible>
			<MaxHealth>1000</MaxHealth>
			<Health>1000</Health>
			<HasGravity>true</HasGravity>
			<IsOnFire>false</IsOnFire>
			<IsInvincible>false</IsInvincible>
			<IsBulletProof>false</IsBulletProof>
			<IsCollisionProof>false</IsCollisionProof>
			<IsExplosionProof>false</IsExplosionProof>
			<IsFireProof>false</IsFireProof>
			<IsMeleeProof>false</IsMeleeProof>
			<IsOnlyDamagedByPlayer>false</IsOnlyDamagedByPlayer>
			<PositionRotation>
				<X>-1016.52094</X>
				<Y>-2993.99805</Y>
				<Z>14.4794788</Z>
				<Pitch>89.2685776</Pitch>
				<Roll>24.0993385</Roll>
				<Yaw>152.723984</Yaw>
			</PositionRotation>
			<Attachment isAttached="true">
				<AttachedTo>474885</AttachedTo>
				<BoneIndex>0</BoneIndex>
				<X>-0.71279639</X>
				<Y>-3.85121417</Y>
				<Z>0.519922495</Z>
				<Pitch>90.6913452</Pitch>
				<Roll>146.695557</Roll>
				<Yaw>-57.091095</Yaw>
			</Attachment>
		</Attachment>
		<Attachment>
			<ModelHash>0xc89630b8</ModelHash>
			<Type>3</Type>
			<Dynamic>false</Dynamic>
			<FrozenPos>true</FrozenPos>
			<HashName>prop_minigun_01</HashName>
			<InitialHandle>103201</InitialHandle>
			<ObjectProperties>
				<TextureVariation>0</TextureVariation>
			</ObjectProperties>
			<OpacityLevel>255</OpacityLevel>
			<LodDistance>16960</LodDistance>
			<IsVisible>true</IsVisible>
			<MaxHealth>1000</MaxHealth>
			<Health>1000</Health>
			<HasGravity>true</HasGravity>
			<IsOnFire>false</IsOnFire>
			<IsInvincible>false</IsInvincible>
			<IsBulletProof>false</IsBulletProof>
			<IsCollisionProof>false</IsCollisionProof>
			<IsExplosionProof>false</IsExplosionProof>
			<IsFireProof>false</IsFireProof>
			<IsMeleeProof>false</IsMeleeProof>
			<IsOnlyDamagedByPlayer>false</IsOnlyDamagedByPlayer>
			<PositionRotation>
				<X>-1016.35535</X>
				<Y>-2994.01758</Y>
				<Z>14.5405121</Z>
				<Pitch>0.59262979</Pitch>
				<Roll>-178.901855</Roll>
				<Yaw>176.116257</Yaw>
			</PositionRotation>
			<Attachment isAttached="true">
				<AttachedTo>474885</AttachedTo>
				<BoneIndex>0</BoneIndex>
				<X>-0.724373817</X>
				<Y>-4.0182848</Y>
				<Z>0.578997016</Z>
				<Pitch>0.691325188</Pitch>
				<Roll>-179.579224</Roll>
				<Yaw>88.9086914</Yaw>
			</Attachment>
		</Attachment>
		<Attachment>
			<ModelHash>0xa53de4d1</ModelHash>
			<Type>3</Type>
			<Dynamic>false</Dynamic>
			<FrozenPos>true</FrozenPos>
			<HashName>prop_box_ammo02a</HashName>
			<InitialHandle>743714</InitialHandle>
			<ObjectProperties>
				<TextureVariation>0</TextureVariation>
			</ObjectProperties>
			<OpacityLevel>255</OpacityLevel>
			<LodDistance>16960</LodDistance>
			<IsVisible>true</IsVisible>
			<MaxHealth>1000</MaxHealth>
			<Health>1000</Health>
			<HasGravity>true</HasGravity>
			<IsOnFire>false</IsOnFire>
			<IsInvincible>false</IsInvincible>
			<IsBulletProof>false</IsBulletProof>
			<IsCollisionProof>false</IsCollisionProof>
			<IsExplosionProof>false</IsExplosionProof>
			<IsFireProof>false</IsFireProof>
			<IsMeleeProof>false</IsMeleeProof>
			<IsOnlyDamagedByPlayer>false</IsOnlyDamagedByPlayer>
			<PositionRotation>
				<X>-1016.63092</X>
				<Y>-2994.13159</Y>
				<Z>14.5460148</Z>
				<Pitch>1.3698566</Pitch>
				<Roll>0.0921326205</Roll>
				<Yaw>-93.1611481</Yaw>
			</PositionRotation>
			<Attachment isAttached="true">
				<AttachedTo>474885</AttachedTo>
				<BoneIndex>0</BoneIndex>
				<X>-0.851495087</X>
				<Y>-3.74869275</Y>
				<Z>0.58788532</Z>
				<Pitch>0.691343009</Pitch>
				<Roll>0.0019387675</Roll>
				<Yaw>-180.374695</Yaw>
			</Attachment>
		</Attachment>
		<Attachment>
			<ModelHash>0xcab94be5</ModelHash>
			<Type>3</Type>
			<Dynamic>false</Dynamic>
			<FrozenPos>true</FrozenPos>
			<HashName>hei_prop_cc_metalcover_01</HashName>
			<InitialHandle>474149</InitialHandle>
			<ObjectProperties>
				<TextureVariation>0</TextureVariation>
			</ObjectProperties>
			<OpacityLevel>255</OpacityLevel>
			<LodDistance>16960</LodDistance>
			<IsVisible>true</IsVisible>
			<MaxHealth>1000</MaxHealth>
			<Health>1000</Health>
			<HasGravity>true</HasGravity>
			<IsOnFire>false</IsOnFire>
			<IsInvincible>false</IsInvincible>
			<IsBulletProof>false</IsBulletProof>
			<IsCollisionProof>false</IsCollisionProof>
			<IsExplosionProof>false</IsExplosionProof>
			<IsFireProof>false</IsFireProof>
			<IsMeleeProof>false</IsMeleeProof>
			<IsOnlyDamagedByPlayer>false</IsOnlyDamagedByPlayer>
			<PositionRotation>
				<X>-1019.24658</X>
				<Y>-2994.61816</Y>
				<Z>13.6093044</Z>
				<Pitch>1.36903858</Pitch>
				<Roll>0.0980884582</Roll>
				<Yaw>-93.6643448</Yaw>
			</PositionRotation>
			<Attachment isAttached="true">
				<AttachedTo>474885</AttachedTo>
				<BoneIndex>0</BoneIndex>
				<X>-1.46598971</X>
				<Y>-1.14881742</Y>
				<Z>-0.317155898</Z>
				<Pitch>0.691343009</Pitch>
				<Roll>0.0019387675</Roll>
				<Yaw>-180.877792</Yaw>
			</Attachment>
		</Attachment>
		<Attachment>
			<ModelHash>0xcab94be5</ModelHash>
			<Type>3</Type>
			<Dynamic>false</Dynamic>
			<FrozenPos>true</FrozenPos>
			<HashName>hei_prop_cc_metalcover_01</HashName>
			<InitialHandle>572709</InitialHandle>
			<ObjectProperties>
				<TextureVariation>0</TextureVariation>
			</ObjectProperties>
			<OpacityLevel>255</OpacityLevel>
			<LodDistance>16960</LodDistance>
			<IsVisible>true</IsVisible>
			<MaxHealth>1000</MaxHealth>
			<Health>1000</Health>
			<HasGravity>true</HasGravity>
			<IsOnFire>false</IsOnFire>
			<IsInvincible>false</IsInvincible>
			<IsBulletProof>false</IsBulletProof>
			<IsCollisionProof>false</IsCollisionProof>
			<IsExplosionProof>false</IsExplosionProof>
			<IsFireProof>false</IsFireProof>
			<IsMeleeProof>false</IsMeleeProof>
			<IsOnlyDamagedByPlayer>false</IsOnlyDamagedByPlayer>
			<PositionRotation>
				<X>-1017.90045</X>
				<Y>-2994.68506</Y>
				<Z>13.6190147</Z>
				<Pitch>1.37092197</Pitch>
				<Roll>0.0837181434</Roll>
				<Yaw>-92.4511948</Yaw>
			</PositionRotation>
			<Attachment isAttached="true">
				<AttachedTo>474885</AttachedTo>
				<BoneIndex>0</BoneIndex>
				<X>-1.4673357</X>
				<Y>-2.49664426</Y>
				<Z>-0.323418856</Z>
				<Pitch>0.691343009</Pitch>
				<Roll>0.0019387675</Roll>
				<Yaw>-179.664902</Yaw>
			</Attachment>
		</Attachment>
		<Attachment>
			<ModelHash>0xcab94be5</ModelHash>
			<Type>3</Type>
			<Dynamic>false</Dynamic>
			<FrozenPos>true</FrozenPos>
			<HashName>hei_prop_cc_metalcover_01</HashName>
			<InitialHandle>348453</InitialHandle>
			<ObjectProperties>
				<TextureVariation>0</TextureVariation>
			</ObjectProperties>
			<OpacityLevel>255</OpacityLevel>
			<LodDistance>16960</LodDistance>
			<IsVisible>true</IsVisible>
			<MaxHealth>1000</MaxHealth>
			<Health>1000</Health>
			<HasGravity>true</HasGravity>
			<IsOnFire>false</IsOnFire>
			<IsInvincible>false</IsInvincible>
			<IsBulletProof>false</IsBulletProof>
			<IsCollisionProof>false</IsCollisionProof>
			<IsExplosionProof>false</IsExplosionProof>
			<IsFireProof>false</IsFireProof>
			<IsMeleeProof>false</IsMeleeProof>
			<IsOnlyDamagedByPlayer>false</IsOnlyDamagedByPlayer>
			<PositionRotation>
				<X>-1017.78345</X>
				<Y>-2991.75757</Y>
				<Z>13.6133041</Z>
				<Pitch>0.0114209671</Pitch>
				<Roll>-0.0769252852</Roll>
				<Yaw>87.7945099</Yaw>
			</PositionRotation>
			<Attachment isAttached="true">
				<AttachedTo>474885</AttachedTo>
				<BoneIndex>0</BoneIndex>
				<X>1.46238613</X>
				<Y>-2.4711566</Y>
				<Z>-0.333211392</Z>
				<Pitch>0.691343009</Pitch>
				<Roll>0.0019387675</Roll>
				<Yaw>0.578861237</Yaw>
			</Attachment>
		</Attachment>
		<Attachment>
			<ModelHash>0xcab94be5</ModelHash>
			<Type>3</Type>
			<Dynamic>false</Dynamic>
			<FrozenPos>true</FrozenPos>
			<HashName>hei_prop_cc_metalcover_01</HashName>
			<InitialHandle>292646</InitialHandle>
			<ObjectProperties>
				<TextureVariation>0</TextureVariation>
			</ObjectProperties>
			<OpacityLevel>255</OpacityLevel>
			<LodDistance>16960</LodDistance>
			<IsVisible>true</IsVisible>
			<MaxHealth>1000</MaxHealth>
			<Health>1000</Health>
			<HasGravity>true</HasGravity>
			<IsOnFire>false</IsOnFire>
			<IsInvincible>false</IsInvincible>
			<IsBulletProof>false</IsBulletProof>
			<IsCollisionProof>false</IsCollisionProof>
			<IsExplosionProof>false</IsExplosionProof>
			<IsFireProof>false</IsFireProof>
			<IsMeleeProof>false</IsMeleeProof>
			<IsOnlyDamagedByPlayer>false</IsOnlyDamagedByPlayer>
			<PositionRotation>
				<X>-1019.14447</X>
				<Y>-2991.68848</Y>
				<Z>13.6035995</Z>
				<Pitch>0.012294542</Pitch>
				<Roll>-0.0841244161</Roll>
				<Yaw>87.1875</Yaw>
			</PositionRotation>
			<Attachment isAttached="true">
				<AttachedTo>474885</AttachedTo>
				<BoneIndex>0</BoneIndex>
				<X>1.46512079</X>
				<Y>-1.10840118</Y>
				<Z>-0.326768339</Z>
				<Pitch>0.691343009</Pitch>
				<Roll>0.0019387675</Roll>
				<Yaw>-0.0281944275</Yaw>
			</Attachment>
		</Attachment>
	</SpoonerAttachments>
</Vehicle>
