<?xml version="1.0" encoding="ISO-8859-1"?>
<Vehicle menyoo_ver="0.9998744b">
	<ModelHash>0x360a438e</ModelHash>
	<InitialHandle>394754</InitialHandle>
	<VehicleProperties>
		<Colours>
			<Primary>0</Primary>
			<Secondary>0</Secondary>
			<Pearl>156</Pearl>
			<Rim>156</Rim>
			<Mod1_a>6</Mod1_a>
			<Mod1_b>-1</Mod1_b>
			<Mod1_c>-1</Mod1_c>
			<Mod2_a>6</Mod2_a>
			<Mod2_b>-1</Mod2_b>
			<IsPrimaryColourCustom>false</IsPrimaryColourCustom>
			<IsSecondaryColourCustom>false</IsSecondaryColourCustom>
			<tyreSmoke_R>255</tyreSmoke_R>
			<tyreSmoke_G>255</tyreSmoke_G>
			<tyreSmoke_B>255</tyreSmoke_B>
			<LrInterior>48</LrInterior>
			<LrDashboard>156</LrDashboard>
		</Colours>
		<Livery>-1</Livery>
		<NumberPlateText>87XSI119</NumberPlateText>
		<NumberPlateIndex>0</NumberPlateIndex>
		<WheelType>7</WheelType>
		<WheelsInvisible>false</WheelsInvisible>
		<EngineSoundName></EngineSoundName>
		<WindowTint>-1</WindowTint>
		<BulletProofTyres>false</BulletProofTyres>
		<DirtLevel>0.0565706231</DirtLevel>
		<PaintFade>0.298039228</PaintFade>
		<RoofState>0</RoofState>
		<SirenActive>false</SirenActive>
		<EngineOn>true</EngineOn>
		<EngineHealth>1000</EngineHealth>
		<LightsOn>false</LightsOn>
		<IsRadioLoud>0</IsRadioLoud>
		<LockStatus>1</LockStatus>
		<Neons>
			<Left>false</Left>
			<Right>false</Right>
			<Front>false</Front>
			<Back>false</Back>
			<R>255</R>
			<G>0</G>
			<B>255</B>
		</Neons>
		<ModExtras />
		<Mods>
			<_0>-1,0</_0>
			<_1>-1,0</_1>
			<_2>-1,0</_2>
			<_3>-1,0</_3>
			<_4>-1,0</_4>
			<_5>-1,0</_5>
			<_6>-1,0</_6>
			<_7>-1,0</_7>
			<_8>-1,0</_8>
			<_9>-1,0</_9>
			<_10>-1,0</_10>
			<_11>-1,0</_11>
			<_12>-1,0</_12>
			<_13>-1,0</_13>
			<_14>-1,0</_14>
			<_15>-1,0</_15>
			<_16>-1,0</_16>
			<_17>false</_17>
			<_18>false</_18>
			<_19>false</_19>
			<_20>false</_20>
			<_21>false</_21>
			<_22>false</_22>
			<_23>-1,0</_23>
			<_24>-1,0</_24>
			<_25>-1,0</_25>
			<_26>-1,0</_26>
			<_27>-1,0</_27>
			<_28>-1,0</_28>
			<_29>-1,0</_29>
			<_30>-1,0</_30>
			<_31>-1,0</_31>
			<_32>-1,0</_32>
			<_33>-1,0</_33>
			<_34>-1,0</_34>
			<_35>-1,0</_35>
			<_36>-1,0</_36>
			<_37>-1,0</_37>
			<_38>-1,0</_38>
			<_39>-1,0</_39>
			<_40>-1,0</_40>
			<_41>-1,0</_41>
			<_42>-1,0</_42>
			<_43>-1,0</_43>
			<_44>-1,0</_44>
			<_45>-1,0</_45>
			<_46>-1,0</_46>
			<_47>-1,0</_47>
			<_48>-1,0</_48>
		</Mods>
		<DoorsOpen>
			<BackLeftDoor>false</BackLeftDoor>
			<BackRightDoor>false</BackRightDoor>
			<FrontLeftDoor>false</FrontLeftDoor>
			<FrontRightDoor>false</FrontRightDoor>
			<Hood>false</Hood>
			<Trunk>false</Trunk>
			<Trunk2>false</Trunk2>
		</DoorsOpen>
		<DoorsBroken>
			<BackLeftDoor>false</BackLeftDoor>
			<BackRightDoor>false</BackRightDoor>
			<FrontLeftDoor>false</FrontLeftDoor>
			<FrontRightDoor>false</FrontRightDoor>
			<Hood>false</Hood>
			<Trunk>false</Trunk>
			<Trunk2>false</Trunk2>
		</DoorsBroken>
		<TyresBursted>
			<FrontLeft>false</FrontLeft>
			<FrontRight>false</FrontRight>
			<_2>false</_2>
			<_3>false</_3>
			<BackLeft>false</BackLeft>
			<BackRight>false</BackRight>
			<_6>false</_6>
			<_7>false</_7>
			<_8>false</_8>
		</TyresBursted>
	</VehicleProperties>
	<OpacityLevel>255</OpacityLevel>
	<LodDistance>16960</LodDistance>
	<IsVisible>true</IsVisible>
	<IsDriverVisible>true</IsDriverVisible>
	<MaxHealth>1000</MaxHealth>
	<Health>1000</Health>
	<HasGravity>true</HasGravity>
	<IsOnFire>false</IsOnFire>
	<IsInvincible>false</IsInvincible>
	<IsBulletProof>false</IsBulletProof>
	<IsExplosionProof>false</IsExplosionProof>
	<IsFireProof>false</IsFireProof>
	<IsMeleeProof>false</IsMeleeProof>
	<IsOnlyDamagedByPlayer>false</IsOnlyDamagedByPlayer>
	<SpoonerAttachments SetAttachmentsPersistentAndAddToSpoonerDatabase="false" StartTaskSequencesOnLoad="true">
		<Attachment>
			<ModelHash>0xb7dd5fd1</ModelHash>
			<Type>3</Type>
			<Dynamic>false</Dynamic>
			<FrozenPos>true</FrozenPos>
			<HashName>p_rcss_folded</HashName>
			<InitialHandle>359939</InitialHandle>
			<ObjectProperties>
				<TextureVariation>0</TextureVariation>
			</ObjectProperties>
			<OpacityLevel>255</OpacityLevel>
			<LodDistance>16960</LodDistance>
			<IsVisible>true</IsVisible>
			<MaxHealth>1000</MaxHealth>
			<Health>1000</Health>
			<HasGravity>true</HasGravity>
			<IsOnFire>false</IsOnFire>
			<IsInvincible>false</IsInvincible>
			<IsBulletProof>false</IsBulletProof>
			<IsCollisionProof>false</IsCollisionProof>
			<IsExplosionProof>false</IsExplosionProof>
			<IsFireProof>false</IsFireProof>
			<IsMeleeProof>false</IsMeleeProof>
			<IsOnlyDamagedByPlayer>false</IsOnlyDamagedByPlayer>
			<PositionRotation>
				<X>-1910.42725</X>
				<Y>2055.95313</Y>
				<Z>141.276596</Z>
				<Pitch>0.0254106745</Pitch>
				<Roll>-0.0512919873</Roll>
				<Yaw>56.9665871</Yaw>
			</PositionRotation>
			<Attachment isAttached="true">
				<AttachedTo>394754</AttachedTo>
				<BoneIndex>0</BoneIndex>
				<X>0.101699784</X>
				<Y>-0.311535031</Y>
				<Z>1.02014482</Z>
				<Pitch>0.00958618242</Pitch>
				<Roll>0.00321392436</Roll>
				<Yaw>-182.181122</Yaw>
			</Attachment>
		</Attachment>
		<Attachment>
			<ModelHash>0x371e6eda</ModelHash>
			<Type>3</Type>
			<Dynamic>false</Dynamic>
			<FrozenPos>true</FrozenPos>
			<HashName>hei_prop_heist_thermite_case</HashName>
			<InitialHandle>331013</InitialHandle>
			<ObjectProperties>
				<TextureVariation>0</TextureVariation>
			</ObjectProperties>
			<OpacityLevel>255</OpacityLevel>
			<LodDistance>16960</LodDistance>
			<IsVisible>true</IsVisible>
			<MaxHealth>1000</MaxHealth>
			<Health>1000</Health>
			<HasGravity>true</HasGravity>
			<IsOnFire>false</IsOnFire>
			<IsInvincible>false</IsInvincible>
			<IsBulletProof>false</IsBulletProof>
			<IsCollisionProof>false</IsCollisionProof>
			<IsExplosionProof>false</IsExplosionProof>
			<IsFireProof>false</IsFireProof>
			<IsMeleeProof>false</IsMeleeProof>
			<IsOnlyDamagedByPlayer>false</IsOnlyDamagedByPlayer>
			<PositionRotation>
				<X>-1909.61951</X>
				<Y>2055.04419</Y>
				<Z>140.090088</Z>
				<Pitch>-0.00550879911</Pitch>
				<Roll>0.0579263568</Roll>
				<Yaw>-122.268013</Yaw>
			</PositionRotation>
			<Attachment isAttached="true">
				<AttachedTo>394754</AttachedTo>
				<BoneIndex>0</BoneIndex>
				<X>0.468866467</X>
				<Y>0.848215938</Y>
				<Z>-0.165732175</Z>
				<Pitch>0.00958618242</Pitch>
				<Roll>0.00321392436</Roll>
				<Yaw>-1.41570926</Yaw>
			</Attachment>
		</Attachment>
		<Attachment>
			<ModelHash>0x45c35f6a</ModelHash>
			<Type>3</Type>
			<Dynamic>false</Dynamic>
			<FrozenPos>true</FrozenPos>
			<HashName>prop_dock_shippad</HashName>
			<InitialHandle>103174</InitialHandle>
			<ObjectProperties>
				<TextureVariation>0</TextureVariation>
			</ObjectProperties>
			<OpacityLevel>255</OpacityLevel>
			<LodDistance>16960</LodDistance>
			<IsVisible>true</IsVisible>
			<MaxHealth>1000</MaxHealth>
			<Health>1000</Health>
			<HasGravity>true</HasGravity>
			<IsOnFire>false</IsOnFire>
			<IsInvincible>false</IsInvincible>
			<IsBulletProof>false</IsBulletProof>
			<IsCollisionProof>false</IsCollisionProof>
			<IsExplosionProof>false</IsExplosionProof>
			<IsFireProof>false</IsFireProof>
			<IsMeleeProof>false</IsMeleeProof>
			<IsOnlyDamagedByPlayer>false</IsOnlyDamagedByPlayer>
			<PositionRotation>
				<X>-1907.8064</X>
				<Y>2054.50293</Y>
				<Z>139.742004</Z>
				<Pitch>0.0233681258</Pitch>
				<Roll>-0.0518439226</Roll>
				<Yaw>59.1026154</Yaw>
			</PositionRotation>
			<Attachment isAttached="true">
				<AttachedTo>394754</AttachedTo>
				<BoneIndex>0</BoneIndex>
				<X>0.00415936252</X>
				<Y>2.68248773</Y>
				<Z>-0.513818383</Z>
				<Pitch>0.00958618242</Pitch>
				<Roll>0.00321392436</Roll>
				<Yaw>-180.04509</Yaw>
			</Attachment>
		</Attachment>
		<Attachment>
			<ModelHash>0xe2ba016f</ModelHash>
			<Type>3</Type>
			<Dynamic>false</Dynamic>
			<FrozenPos>true</FrozenPos>
			<HashName>prop_cs_katana_01</HashName>
			<InitialHandle>307974</InitialHandle>
			<ObjectProperties>
				<TextureVariation>0</TextureVariation>
			</ObjectProperties>
			<OpacityLevel>255</OpacityLevel>
			<LodDistance>16960</LodDistance>
			<IsVisible>true</IsVisible>
			<MaxHealth>1000</MaxHealth>
			<Health>1000</Health>
			<HasGravity>true</HasGravity>
			<IsOnFire>false</IsOnFire>
			<IsInvincible>false</IsInvincible>
			<IsBulletProof>false</IsBulletProof>
			<IsCollisionProof>false</IsCollisionProof>
			<IsExplosionProof>false</IsExplosionProof>
			<IsFireProof>false</IsFireProof>
			<IsMeleeProof>false</IsMeleeProof>
			<IsOnlyDamagedByPlayer>false</IsOnlyDamagedByPlayer>
			<PositionRotation>
				<X>-1907.80835</X>
				<Y>2055.05664</Y>
				<Z>140.493301</Z>
				<Pitch>0.0643194094</Pitch>
				<Roll>90.0181656</Roll>
				<Yaw>-32.1893082</Yaw>
			</PositionRotation>
			<Attachment isAttached="true">
				<AttachedTo>394754</AttachedTo>
				<BoneIndex>0</BoneIndex>
				<X>-0.471066803</X>
				<Y>2.39660048</Y>
				<Z>0.236953899</Z>
				<Pitch>0.00958751608</Pitch>
				<Roll>90.0031357</Roll>
				<Yaw>88.6630173</Yaw>
			</Attachment>
		</Attachment>
		<Attachment>
			<ModelHash>0xe2ba016f</ModelHash>
			<Type>3</Type>
			<Dynamic>false</Dynamic>
			<FrozenPos>true</FrozenPos>
			<HashName>prop_cs_katana_01</HashName>
			<InitialHandle>327430</InitialHandle>
			<ObjectProperties>
				<TextureVariation>0</TextureVariation>
			</ObjectProperties>
			<OpacityLevel>255</OpacityLevel>
			<LodDistance>16960</LodDistance>
			<IsVisible>true</IsVisible>
			<MaxHealth>1000</MaxHealth>
			<Health>1000</Health>
			<HasGravity>true</HasGravity>
			<IsOnFire>false</IsOnFire>
			<IsInvincible>false</IsInvincible>
			<IsBulletProof>false</IsBulletProof>
			<IsCollisionProof>false</IsCollisionProof>
			<IsExplosionProof>false</IsExplosionProof>
			<IsFireProof>false</IsFireProof>
			<IsMeleeProof>false</IsMeleeProof>
			<IsOnlyDamagedByPlayer>false</IsOnlyDamagedByPlayer>
			<PositionRotation>
				<X>-1907.77747</X>
				<Y>2055.27246</Y>
				<Z>140.447128</Z>
				<Pitch>0.0642702952</Pitch>
				<Roll>90.018364</Roll>
				<Yaw>-32.3625488</Yaw>
			</PositionRotation>
			<Attachment isAttached="true">
				<AttachedTo>394754</AttachedTo>
				<BoneIndex>0</BoneIndex>
				<X>-0.672147036</X>
				<Y>2.31243277</Y>
				<Z>0.190564379</Z>
				<Pitch>0.00958612934</Pitch>
				<Roll>90.0031738</Roll>
				<Yaw>88.4897766</Yaw>
			</Attachment>
		</Attachment>
		<Attachment>
			<ModelHash>0xe2ba016f</ModelHash>
			<Type>3</Type>
			<Dynamic>false</Dynamic>
			<FrozenPos>true</FrozenPos>
			<HashName>prop_cs_katana_01</HashName>
			<InitialHandle>384262</InitialHandle>
			<ObjectProperties>
				<TextureVariation>0</TextureVariation>
			</ObjectProperties>
			<OpacityLevel>255</OpacityLevel>
			<LodDistance>16960</LodDistance>
			<IsVisible>true</IsVisible>
			<MaxHealth>1000</MaxHealth>
			<Health>1000</Health>
			<HasGravity>true</HasGravity>
			<IsOnFire>false</IsOnFire>
			<IsInvincible>false</IsInvincible>
			<IsBulletProof>false</IsBulletProof>
			<IsCollisionProof>false</IsCollisionProof>
			<IsExplosionProof>false</IsExplosionProof>
			<IsFireProof>false</IsFireProof>
			<IsMeleeProof>false</IsMeleeProof>
			<IsOnlyDamagedByPlayer>false</IsOnlyDamagedByPlayer>
			<PositionRotation>
				<X>-1907.73303</X>
				<Y>2055.34741</Y>
				<Z>140.383072</Z>
				<Pitch>0.0642223805</Pitch>
				<Roll>90.0185165</Roll>
				<Yaw>-32.5358582</Yaw>
			</PositionRotation>
			<Attachment isAttached="true">
				<AttachedTo>394754</AttachedTo>
				<BoneIndex>0</BoneIndex>
				<X>-0.759052515</X>
				<Y>2.31227756</Y>
				<Z>0.126421273</Z>
				<Pitch>0.00958602224</Pitch>
				<Roll>90.0031586</Roll>
				<Yaw>88.3164673</Yaw>
			</Attachment>
		</Attachment>
		<Attachment>
			<ModelHash>0xe2ba016f</ModelHash>
			<Type>3</Type>
			<Dynamic>false</Dynamic>
			<FrozenPos>true</FrozenPos>
			<HashName>prop_cs_katana_01</HashName>
			<InitialHandle>622854</InitialHandle>
			<ObjectProperties>
				<TextureVariation>0</TextureVariation>
			</ObjectProperties>
			<OpacityLevel>255</OpacityLevel>
			<LodDistance>16960</LodDistance>
			<IsVisible>true</IsVisible>
			<MaxHealth>1000</MaxHealth>
			<Health>1000</Health>
			<HasGravity>true</HasGravity>
			<IsOnFire>false</IsOnFire>
			<IsInvincible>false</IsInvincible>
			<IsBulletProof>false</IsBulletProof>
			<IsCollisionProof>false</IsCollisionProof>
			<IsExplosionProof>false</IsExplosionProof>
			<IsFireProof>false</IsFireProof>
			<IsMeleeProof>false</IsMeleeProof>
			<IsOnlyDamagedByPlayer>false</IsOnlyDamagedByPlayer>
			<PositionRotation>
				<X>-1908.6084</X>
				<Y>2054.03516</Y>
				<Z>140.34964</Z>
				<Pitch>0.0652355179</Pitch>
				<Roll>90.0143204</Roll>
				<Yaw>-28.1843185</Yaw>
			</PositionRotation>
			<Attachment isAttached="true">
				<AttachedTo>394754</AttachedTo>
				<BoneIndex>0</BoneIndex>
				<X>0.816373348</X>
				<Y>2.23370075</Y>
				<Z>0.0944899172</Z>
				<Pitch>0.0095863957</Pitch>
				<Roll>90.0031586</Roll>
				<Yaw>92.6680145</Yaw>
			</Attachment>
		</Attachment>
		<Attachment>
			<ModelHash>0xe2ba016f</ModelHash>
			<Type>3</Type>
			<Dynamic>false</Dynamic>
			<FrozenPos>true</FrozenPos>
			<HashName>prop_cs_katana_01</HashName>
			<InitialHandle>654342</InitialHandle>
			<ObjectProperties>
				<TextureVariation>0</TextureVariation>
			</ObjectProperties>
			<OpacityLevel>255</OpacityLevel>
			<LodDistance>16960</LodDistance>
			<IsVisible>true</IsVisible>
			<MaxHealth>1000</MaxHealth>
			<Health>1000</Health>
			<HasGravity>true</HasGravity>
			<IsOnFire>false</IsOnFire>
			<IsInvincible>false</IsInvincible>
			<IsBulletProof>false</IsBulletProof>
			<IsCollisionProof>false</IsCollisionProof>
			<IsExplosionProof>false</IsExplosionProof>
			<IsFireProof>false</IsFireProof>
			<IsMeleeProof>false</IsMeleeProof>
			<IsOnlyDamagedByPlayer>false</IsOnlyDamagedByPlayer>
			<PositionRotation>
				<X>-1908.552</X>
				<Y>2054.13428</Y>
				<Z>140.375961</Z>
				<Pitch>0.0651997998</Pitch>
				<Roll>90.0145035</Roll>
				<Yaw>-28.3574829</Yaw>
			</PositionRotation>
			<Attachment isAttached="true">
				<AttachedTo>394754</AttachedTo>
				<BoneIndex>0</BoneIndex>
				<X>0.702390134</X>
				<Y>2.23130131</Y>
				<Z>0.120695256</Z>
				<Pitch>0.00958660897</Pitch>
				<Roll>90.0031738</Roll>
				<Yaw>92.4948425</Yaw>
			</Attachment>
		</Attachment>
		<Attachment>
			<ModelHash>0xe2ba016f</ModelHash>
			<Type>3</Type>
			<Dynamic>false</Dynamic>
			<FrozenPos>true</FrozenPos>
			<HashName>prop_cs_katana_01</HashName>
			<InitialHandle>402694</InitialHandle>
			<ObjectProperties>
				<TextureVariation>0</TextureVariation>
			</ObjectProperties>
			<OpacityLevel>255</OpacityLevel>
			<LodDistance>16960</LodDistance>
			<IsVisible>true</IsVisible>
			<MaxHealth>1000</MaxHealth>
			<Health>1000</Health>
			<HasGravity>true</HasGravity>
			<IsOnFire>false</IsOnFire>
			<IsInvincible>false</IsInvincible>
			<IsBulletProof>false</IsBulletProof>
			<IsCollisionProof>false</IsCollisionProof>
			<IsExplosionProof>false</IsExplosionProof>
			<IsFireProof>false</IsFireProof>
			<IsMeleeProof>false</IsMeleeProof>
			<IsOnlyDamagedByPlayer>false</IsOnlyDamagedByPlayer>
			<PositionRotation>
				<X>-1908.31738</X>
				<Y>2054.15088</Y>
				<Z>140.492416</Z>
				<Pitch>0.0651997998</Pitch>
				<Roll>90.0144806</Roll>
				<Yaw>-28.3574772</Yaw>
			</PositionRotation>
			<Attachment isAttached="true">
				<AttachedTo>394754</AttachedTo>
				<BoneIndex>0</BoneIndex>
				<X>0.567709148</X>
				<Y>2.42421341</Y>
				<Z>0.237068102</Z>
				<Pitch>0.00958660897</Pitch>
				<Roll>90.0031586</Roll>
				<Yaw>92.4948425</Yaw>
			</Attachment>
		</Attachment>
		<Attachment>
			<ModelHash>0xbb55760a</ModelHash>
			<Type>3</Type>
			<Dynamic>false</Dynamic>
			<FrozenPos>true</FrozenPos>
			<HashName>prop_tool_fireaxe</HashName>
			<InitialHandle>666890</InitialHandle>
			<ObjectProperties>
				<TextureVariation>0</TextureVariation>
			</ObjectProperties>
			<OpacityLevel>255</OpacityLevel>
			<LodDistance>16960</LodDistance>
			<IsVisible>true</IsVisible>
			<MaxHealth>1000</MaxHealth>
			<Health>1000</Health>
			<HasGravity>true</HasGravity>
			<IsOnFire>false</IsOnFire>
			<IsInvincible>false</IsInvincible>
			<IsBulletProof>false</IsBulletProof>
			<IsCollisionProof>false</IsCollisionProof>
			<IsExplosionProof>false</IsExplosionProof>
			<IsFireProof>false</IsFireProof>
			<IsMeleeProof>false</IsMeleeProof>
			<IsOnlyDamagedByPlayer>false</IsOnlyDamagedByPlayer>
			<PositionRotation>
				<X>-1911.7301</X>
				<Y>2057.32495</Y>
				<Z>140.281799</Z>
				<Pitch>-89.9476547</Pitch>
				<Roll>-147.204208</Roll>
				<Yaw>0</Yaw>
			</PositionRotation>
			<Attachment isAttached="true">
				<AttachedTo>394754</AttachedTo>
				<BoneIndex>0</BoneIndex>
				<X>-0.406820029</X>
				<Y>-2.13332844</Y>
				<Z>0.0244309064</Z>
				<Pitch>-89.9904175</Pitch>
				<Roll>87.8640594</Roll>
				<Yaw>-4.07940483</Yaw>
			</Attachment>
		</Attachment>
		<Attachment>
			<ModelHash>0xbdc1dc1d</ModelHash>
			<Type>3</Type>
			<Dynamic>false</Dynamic>
			<FrozenPos>true</FrozenPos>
			<HashName>prop_cs_dumpster_lidl</HashName>
			<InitialHandle>583436</InitialHandle>
			<ObjectProperties>
				<TextureVariation>0</TextureVariation>
			</ObjectProperties>
			<OpacityLevel>255</OpacityLevel>
			<LodDistance>16960</LodDistance>
			<IsVisible>true</IsVisible>
			<MaxHealth>1000</MaxHealth>
			<Health>1000</Health>
			<HasGravity>true</HasGravity>
			<IsOnFire>false</IsOnFire>
			<IsInvincible>false</IsInvincible>
			<IsBulletProof>false</IsBulletProof>
			<IsCollisionProof>false</IsCollisionProof>
			<IsExplosionProof>false</IsExplosionProof>
			<IsFireProof>false</IsFireProof>
			<IsMeleeProof>false</IsMeleeProof>
			<IsOnlyDamagedByPlayer>false</IsOnlyDamagedByPlayer>
			<PositionRotation>
				<X>-1910.06824</X>
				<Y>2055.50952</Y>
				<Z>141.158264</Z>
				<Pitch>20.0248299</Pitch>
				<Roll>-0.0549706295</Roll>
				<Yaw>57.5829659</Yaw>
			</PositionRotation>
			<Attachment isAttached="true">
				<AttachedTo>394754</AttachedTo>
				<BoneIndex>0</BoneIndex>
				<X>0.298503786</X>
				<Y>0.224180922</Y>
				<Z>0.90213567</Z>
				<Pitch>20.0095882</Pitch>
				<Roll>0.00321403798</Roll>
				<Yaw>-181.584641</Yaw>
			</Attachment>
		</Attachment>
		<Attachment>
			<ModelHash>0x0bbfe056</ModelHash>
			<Type>3</Type>
			<Dynamic>false</Dynamic>
			<FrozenPos>true</FrozenPos>
			<HashName>v_res_monitor</HashName>
			<InitialHandle>711693</InitialHandle>
			<ObjectProperties>
				<TextureVariation>0</TextureVariation>
			</ObjectProperties>
			<OpacityLevel>255</OpacityLevel>
			<LodDistance>16960</LodDistance>
			<IsVisible>true</IsVisible>
			<MaxHealth>1000</MaxHealth>
			<Health>1000</Health>
			<HasGravity>true</HasGravity>
			<IsOnFire>false</IsOnFire>
			<IsInvincible>false</IsInvincible>
			<IsBulletProof>false</IsBulletProof>
			<IsCollisionProof>false</IsCollisionProof>
			<IsExplosionProof>false</IsExplosionProof>
			<IsFireProof>false</IsFireProof>
			<IsMeleeProof>false</IsMeleeProof>
			<IsOnlyDamagedByPlayer>false</IsOnlyDamagedByPlayer>
			<PositionRotation>
				<X>-1909.50891</X>
				<Y>2055.45337</Y>
				<Z>140.13765</Z>
				<Pitch>-0.00394216133</Pitch>
				<Roll>0.0583346337</Roll>
				<Yaw>-120.633621</Yaw>
			</PositionRotation>
			<Attachment isAttached="true">
				<AttachedTo>394754</AttachedTo>
				<BoneIndex>0</BoneIndex>
				<X>0.0609852187</X>
				<Y>0.733378828</Y>
				<Z>-0.118578844</Z>
				<Pitch>0.00958618242</Pitch>
				<Roll>0.00321392436</Roll>
				<Yaw>0.218696594</Yaw>
			</Attachment>
		</Attachment>
		<Attachment>
			<ModelHash>0x49996225</ModelHash>
			<Type>3</Type>
			<Dynamic>false</Dynamic>
			<FrozenPos>true</FrozenPos>
			<HashName>prop_big_bag_01</HashName>
			<InitialHandle>40206</InitialHandle>
			<ObjectProperties>
				<TextureVariation>0</TextureVariation>
			</ObjectProperties>
			<OpacityLevel>255</OpacityLevel>
			<LodDistance>16960</LodDistance>
			<IsVisible>true</IsVisible>
			<MaxHealth>1000</MaxHealth>
			<Health>1000</Health>
			<HasGravity>true</HasGravity>
			<IsOnFire>false</IsOnFire>
			<IsInvincible>false</IsInvincible>
			<IsBulletProof>false</IsBulletProof>
			<IsCollisionProof>false</IsCollisionProof>
			<IsExplosionProof>false</IsExplosionProof>
			<IsFireProof>false</IsFireProof>
			<IsMeleeProof>false</IsMeleeProof>
			<IsOnlyDamagedByPlayer>false</IsOnlyDamagedByPlayer>
			<PositionRotation>
				<X>-1910.09412</X>
				<Y>2055.89771</Y>
				<Z>140.345749</Z>
				<Pitch>0.0643840507</Pitch>
				<Roll>0.0179957431</Roll>
				<Yaw>-31.94034</Yaw>
			</PositionRotation>
			<Attachment isAttached="true">
				<AttachedTo>394754</AttachedTo>
				<BoneIndex>0</BoneIndex>
				<X>-0.0207032394</X>
				<Y>0.00305291405</Y>
				<Z>0.0892655924</Z>
				<Pitch>0.00958618242</Pitch>
				<Roll>0.00321392436</Roll>
				<Yaw>88.9119797</Yaw>
			</Attachment>
		</Attachment>
		<Attachment>
			<ModelHash>0x182ce2d9</ModelHash>
			<Type>3</Type>
			<Dynamic>false</Dynamic>
			<FrozenPos>true</FrozenPos>
			<HashName>v_res_mountedprojector</HashName>
			<InitialHandle>411919</InitialHandle>
			<ObjectProperties>
				<TextureVariation>0</TextureVariation>
			</ObjectProperties>
			<OpacityLevel>255</OpacityLevel>
			<LodDistance>16960</LodDistance>
			<IsVisible>true</IsVisible>
			<MaxHealth>1000</MaxHealth>
			<Health>1000</Health>
			<HasGravity>true</HasGravity>
			<IsOnFire>false</IsOnFire>
			<IsInvincible>false</IsInvincible>
			<IsBulletProof>false</IsBulletProof>
			<IsCollisionProof>false</IsCollisionProof>
			<IsExplosionProof>false</IsExplosionProof>
			<IsFireProof>false</IsFireProof>
			<IsMeleeProof>false</IsMeleeProof>
			<IsOnlyDamagedByPlayer>false</IsOnlyDamagedByPlayer>
			<PositionRotation>
				<X>-1908.37012</X>
				<Y>2055.20117</Y>
				<Z>140.813889</Z>
				<Pitch>0.0641081631</Pitch>
				<Roll>7.71895266</Roll>
				<Yaw>-32.9805908</Yaw>
			</PositionRotation>
			<Attachment isAttached="true">
				<AttachedTo>394754</AttachedTo>
				<BoneIndex>0</BoneIndex>
				<X>-0.30720374</X>
				<Y>1.84026861</Y>
				<Z>0.557560861</Z>
				<Pitch>0.00958628953</Pitch>
				<Roll>7.70318127</Roll>
				<Yaw>87.8717194</Yaw>
			</Attachment>
		</Attachment>
		<Attachment>
			<ModelHash>0x6b667f1e</ModelHash>
			<Type>3</Type>
			<Dynamic>false</Dynamic>
			<FrozenPos>true</FrozenPos>
			<HashName>w_ar_carbinerifle_luxe</HashName>
			<InitialHandle>241680</InitialHandle>
			<ObjectProperties>
				<TextureVariation>0</TextureVariation>
			</ObjectProperties>
			<OpacityLevel>255</OpacityLevel>
			<LodDistance>16960</LodDistance>
			<IsVisible>true</IsVisible>
			<MaxHealth>1000</MaxHealth>
			<Health>1000</Health>
			<HasGravity>true</HasGravity>
			<IsOnFire>false</IsOnFire>
			<IsInvincible>false</IsInvincible>
			<IsBulletProof>false</IsBulletProof>
			<IsCollisionProof>false</IsCollisionProof>
			<IsExplosionProof>false</IsExplosionProof>
			<IsFireProof>false</IsFireProof>
			<IsMeleeProof>false</IsMeleeProof>
			<IsOnlyDamagedByPlayer>false</IsOnlyDamagedByPlayer>
			<PositionRotation>
				<X>-1908.27832</X>
				<Y>2055.19043</Y>
				<Z>141.001022</Z>
				<Pitch>0.0640099794</Pitch>
				<Roll>0.0193185415</Roll>
				<Yaw>-33.3281059</Yaw>
			</PositionRotation>
			<Attachment isAttached="true">
				<AttachedTo>394754</AttachedTo>
				<BoneIndex>0</BoneIndex>
				<X>-0.345374137</X>
				<Y>1.92434335</Y>
				<Z>0.744680345</Z>
				<Pitch>0.00958618242</Pitch>
				<Roll>0.00321392436</Roll>
				<Yaw>87.5242157</Yaw>
			</Attachment>
		</Attachment>
		<Attachment>
			<ModelHash>0xb87e6de1</ModelHash>
			<Type>3</Type>
			<Dynamic>false</Dynamic>
			<FrozenPos>true</FrozenPos>
			<HashName>prop_plas_barier_01a</HashName>
			<InitialHandle>465425</InitialHandle>
			<ObjectProperties>
				<TextureVariation>0</TextureVariation>
			</ObjectProperties>
			<OpacityLevel>255</OpacityLevel>
			<LodDistance>16960</LodDistance>
			<IsVisible>true</IsVisible>
			<MaxHealth>1000</MaxHealth>
			<Health>1000</Health>
			<HasGravity>true</HasGravity>
			<IsOnFire>false</IsOnFire>
			<IsInvincible>false</IsInvincible>
			<IsBulletProof>false</IsBulletProof>
			<IsCollisionProof>false</IsCollisionProof>
			<IsExplosionProof>false</IsExplosionProof>
			<IsFireProof>false</IsFireProof>
			<IsMeleeProof>false</IsMeleeProof>
			<IsOnlyDamagedByPlayer>false</IsOnlyDamagedByPlayer>
			<PositionRotation>
				<X>-1910.651</X>
				<Y>2057.05176</Y>
				<Z>140.235153</Z>
				<Pitch>-0.0457910411</Pitch>
				<Roll>-0.0092227906</Roll>
				<Yaw>150.498398</Yaw>
			</PositionRotation>
			<Attachment isAttached="true">
				<AttachedTo>394754</AttachedTo>
				<BoneIndex>0</BoneIndex>
				<X>-0.72567451</X>
				<Y>-1.06681454</Y>
				<Z>-0.022272177</Z>
				<Pitch>0.00958618242</Pitch>
				<Roll>0.00321392436</Roll>
				<Yaw>-88.6492767</Yaw>
			</Attachment>
		</Attachment>
		<Attachment>
			<ModelHash>0xb87e6de1</ModelHash>
			<Type>3</Type>
			<Dynamic>false</Dynamic>
			<FrozenPos>true</FrozenPos>
			<HashName>prop_plas_barier_01a</HashName>
			<InitialHandle>582417</InitialHandle>
			<ObjectProperties>
				<TextureVariation>0</TextureVariation>
			</ObjectProperties>
			<OpacityLevel>255</OpacityLevel>
			<LodDistance>16960</LodDistance>
			<IsVisible>true</IsVisible>
			<MaxHealth>1000</MaxHealth>
			<Health>1000</Health>
			<HasGravity>true</HasGravity>
			<IsOnFire>false</IsOnFire>
			<IsInvincible>false</IsInvincible>
			<IsBulletProof>false</IsBulletProof>
			<IsCollisionProof>false</IsCollisionProof>
			<IsExplosionProof>false</IsExplosionProof>
			<IsFireProof>false</IsFireProof>
			<IsMeleeProof>false</IsMeleeProof>
			<IsOnlyDamagedByPlayer>false</IsOnlyDamagedByPlayer>
			<PositionRotation>
				<X>-1911.46521</X>
				<Y>2055.83447</Y>
				<Z>140.213699</Z>
				<Pitch>0.064471826</Pitch>
				<Roll>0.0176663883</Roll>
				<Yaw>-31.5962543</Yaw>
			</PositionRotation>
			<Attachment isAttached="true">
				<AttachedTo>394754</AttachedTo>
				<BoneIndex>0</BoneIndex>
				<X>0.736943901</X>
				<Y>-1.14149225</Y>
				<Z>-0.042331323</Z>
				<Pitch>0.00958618242</Pitch>
				<Roll>0.00321392436</Roll>
				<Yaw>89.256073</Yaw>
			</Attachment>
		</Attachment>
		<Attachment>
			<ModelHash>0x12862eac</ModelHash>
			<Type>3</Type>
			<Dynamic>false</Dynamic>
			<FrozenPos>true</FrozenPos>
			<HashName>prop_gas_rack01</HashName>
			<InitialHandle>701715</InitialHandle>
			<ObjectProperties>
				<TextureVariation>0</TextureVariation>
			</ObjectProperties>
			<OpacityLevel>255</OpacityLevel>
			<LodDistance>16960</LodDistance>
			<IsVisible>true</IsVisible>
			<MaxHealth>1000</MaxHealth>
			<Health>1000</Health>
			<HasGravity>true</HasGravity>
			<IsOnFire>false</IsOnFire>
			<IsInvincible>false</IsInvincible>
			<IsBulletProof>false</IsBulletProof>
			<IsCollisionProof>false</IsCollisionProof>
			<IsExplosionProof>false</IsExplosionProof>
			<IsFireProof>false</IsFireProof>
			<IsMeleeProof>false</IsMeleeProof>
			<IsOnlyDamagedByPlayer>false</IsOnlyDamagedByPlayer>
			<PositionRotation>
				<X>-1910.95386</X>
				<Y>2056.40234</Y>
				<Z>140.079056</Z>
				<Pitch>0.0195765886</Pitch>
				<Roll>-0.0526564606</Roll>
				<Yaw>63.0178413</Yaw>
			</PositionRotation>
			<Attachment isAttached="true">
				<AttachedTo>394754</AttachedTo>
				<BoneIndex>0</BoneIndex>
				<X>-0.0127565963</X>
				<Y>-0.99376893</Y>
				<Z>-0.177671045</Z>
				<Pitch>0.00958618242</Pitch>
				<Roll>0.00321392436</Roll>
				<Yaw>-176.129852</Yaw>
			</Attachment>
		</Attachment>
		<Attachment>
			<ModelHash>0x4085a501</ModelHash>
			<Type>3</Type>
			<Dynamic>false</Dynamic>
			<FrozenPos>true</FrozenPos>
			<HashName>apa_mp_h_acc_dec_head_01</HashName>
			<InitialHandle>13077</InitialHandle>
			<ObjectProperties>
				<TextureVariation>0</TextureVariation>
			</ObjectProperties>
			<OpacityLevel>255</OpacityLevel>
			<LodDistance>16960</LodDistance>
			<IsVisible>true</IsVisible>
			<MaxHealth>1000</MaxHealth>
			<Health>1000</Health>
			<HasGravity>true</HasGravity>
			<IsOnFire>false</IsOnFire>
			<IsInvincible>false</IsInvincible>
			<IsBulletProof>false</IsBulletProof>
			<IsCollisionProof>false</IsCollisionProof>
			<IsExplosionProof>false</IsExplosionProof>
			<IsFireProof>false</IsFireProof>
			<IsMeleeProof>false</IsMeleeProof>
			<IsOnlyDamagedByPlayer>false</IsOnlyDamagedByPlayer>
			<PositionRotation>
				<X>-1908.05359</X>
				<Y>2054.62207</Y>
				<Z>140.516907</Z>
				<Pitch>0.024429176</Pitch>
				<Roll>-0.051567398</Roll>
				<Yaw>57.9956932</Yaw>
			</PositionRotation>
			<Attachment isAttached="true">
				<AttachedTo>394754</AttachedTo>
				<BoneIndex>0</BoneIndex>
				<X>0.027775662</X>
				<Y>2.40886998</Y>
				<Z>0.261036843</Z>
				<Pitch>0.00958618242</Pitch>
				<Roll>0.00321392436</Roll>
				<Yaw>-181.152008</Yaw>
			</Attachment>
		</Attachment>
		<Attachment>
			<ModelHash>0x979e446a</ModelHash>
			<Type>3</Type>
			<Dynamic>false</Dynamic>
			<FrozenPos>true</FrozenPos>
			<HashName>prop_wheel_05</HashName>
			<InitialHandle>269590</InitialHandle>
			<ObjectProperties>
				<TextureVariation>0</TextureVariation>
			</ObjectProperties>
			<OpacityLevel>255</OpacityLevel>
			<LodDistance>16960</LodDistance>
			<IsVisible>true</IsVisible>
			<MaxHealth>1000</MaxHealth>
			<Health>1000</Health>
			<HasGravity>true</HasGravity>
			<IsOnFire>false</IsOnFire>
			<IsInvincible>false</IsInvincible>
			<IsBulletProof>false</IsBulletProof>
			<IsCollisionProof>false</IsCollisionProof>
			<IsExplosionProof>false</IsExplosionProof>
			<IsFireProof>false</IsFireProof>
			<IsMeleeProof>false</IsMeleeProof>
			<IsOnlyDamagedByPlayer>false</IsOnlyDamagedByPlayer>
			<PositionRotation>
				<X>-1912.55823</X>
				<Y>2057.31885</Y>
				<Z>140.557343</Z>
				<Pitch>-0.00502263149</Pitch>
				<Roll>0.0580581725</Roll>
				<Yaw>-121.759506</Yaw>
			</PositionRotation>
			<Attachment isAttached="true">
				<AttachedTo>394754</AttachedTo>
				<BoneIndex>0</BoneIndex>
				<X>0.0226852726</X>
				<Y>-2.841259</Y>
				<Z>0.300213069</Z>
				<Pitch>0.00958618242</Pitch>
				<Roll>0.00321392436</Roll>
				<Yaw>-0.907201529</Yaw>
			</Attachment>
		</Attachment>
	</SpoonerAttachments>
</Vehicle>
