<?xml version="1.0" encoding="ISO-8859-1"?>
<Vehicle menyoo_ver="0.9998744b">
	<ModelHash>0x41b77fa4</ModelHash>
	<InitialHandle>188711</InitialHandle>
	<VehicleProperties>
		<Colours>
			<Primary>39</Primary>
			<Secondary>39</Secondary>
			<Pearl>0</Pearl>
			<Rim>27</Rim>
			<Mod1_a>6</Mod1_a>
			<Mod1_b>-1</Mod1_b>
			<Mod1_c>-1</Mod1_c>
			<Mod2_a>6</Mod2_a>
			<Mod2_b>-1</Mod2_b>
			<IsPrimaryColourCustom>false</IsPrimaryColourCustom>
			<IsSecondaryColourCustom>false</IsSecondaryColourCustom>
			<tyreSmoke_R>255</tyreSmoke_R>
			<tyreSmoke_G>255</tyreSmoke_G>
			<tyreSmoke_B>255</tyreSmoke_B>
			<LrInterior>0</LrInterior>
			<LrDashboard>0</LrDashboard>
		</Colours>
		<Livery>-1</Livery>
		<NumberPlateText>42DVK844</NumberPlateText>
		<NumberPlateIndex>0</NumberPlateIndex>
		<WheelType>4</WheelType>
		<WheelsInvisible>false</WheelsInvisible>
		<EngineSoundName></EngineSoundName>
		<WindowTint>1</WindowTint>
		<BulletProofTyres>true</BulletProofTyres>
		<DirtLevel>0.00574150775</DirtLevel>
		<PaintFade>0.298039228</PaintFade>
		<RoofState>0</RoofState>
		<SirenActive>false</SirenActive>
		<EngineOn>true</EngineOn>
		<EngineHealth>1000</EngineHealth>
		<LightsOn>false</LightsOn>
		<IsRadioLoud>0</IsRadioLoud>
		<LockStatus>1</LockStatus>
		<Neons>
			<Left>false</Left>
			<Right>false</Right>
			<Front>false</Front>
			<Back>false</Back>
			<R>255</R>
			<G>0</G>
			<B>255</B>
		</Neons>
		<ModExtras />
		<Mods>
			<_0>-1,0</_0>
			<_1>4,0</_1>
			<_2>-1,0</_2>
			<_3>-1,0</_3>
			<_4>-1,0</_4>
			<_5>2,0</_5>
			<_6>-1,0</_6>
			<_7>0,0</_7>
			<_8>-1,0</_8>
			<_9>-1,0</_9>
			<_10>0,0</_10>
			<_11>3,0</_11>
			<_12>2,0</_12>
			<_13>2,0</_13>
			<_14>44,0</_14>
			<_15>2,0</_15>
			<_16>4,0</_16>
			<_17>false</_17>
			<_18>true</_18>
			<_19>false</_19>
			<_20>true</_20>
			<_21>false</_21>
			<_22>true</_22>
			<_23>4,0</_23>
			<_24>-1,0</_24>
			<_25>-1,0</_25>
			<_26>-1,0</_26>
			<_27>-1,0</_27>
			<_28>-1,0</_28>
			<_29>-1,0</_29>
			<_30>-1,0</_30>
			<_31>-1,0</_31>
			<_32>-1,0</_32>
			<_33>-1,0</_33>
			<_34>-1,0</_34>
			<_35>-1,0</_35>
			<_36>-1,0</_36>
			<_37>-1,0</_37>
			<_38>-1,0</_38>
			<_39>-1,0</_39>
			<_40>-1,0</_40>
			<_41>-1,0</_41>
			<_42>-1,0</_42>
			<_43>-1,0</_43>
			<_44>-1,0</_44>
			<_45>-1,0</_45>
			<_46>-1,0</_46>
			<_47>-1,0</_47>
			<_48>-1,0</_48>
		</Mods>
		<DoorsOpen>
			<BackLeftDoor>false</BackLeftDoor>
			<BackRightDoor>false</BackRightDoor>
			<FrontLeftDoor>false</FrontLeftDoor>
			<FrontRightDoor>false</FrontRightDoor>
			<Hood>false</Hood>
			<Trunk>false</Trunk>
			<Trunk2>false</Trunk2>
		</DoorsOpen>
		<DoorsBroken>
			<BackLeftDoor>false</BackLeftDoor>
			<BackRightDoor>false</BackRightDoor>
			<FrontLeftDoor>false</FrontLeftDoor>
			<FrontRightDoor>false</FrontRightDoor>
			<Hood>false</Hood>
			<Trunk>false</Trunk>
			<Trunk2>false</Trunk2>
		</DoorsBroken>
		<TyresBursted>
			<FrontLeft>false</FrontLeft>
			<FrontRight>false</FrontRight>
			<_2>false</_2>
			<_3>false</_3>
			<BackLeft>false</BackLeft>
			<BackRight>false</BackRight>
			<_6>false</_6>
			<_7>false</_7>
			<_8>false</_8>
		</TyresBursted>
		<RpmMultiplier>1</RpmMultiplier>
		<TorqueMultiplier>1</TorqueMultiplier>
		<HeadlightIntensity>1</HeadlightIntensity>
	</VehicleProperties>
	<OpacityLevel>255</OpacityLevel>
	<LodDistance>16960</LodDistance>
	<IsVisible>true</IsVisible>
	<IsDriverVisible>true</IsDriverVisible>
	<MaxHealth>1000</MaxHealth>
	<Health>1000</Health>
	<HasGravity>true</HasGravity>
	<IsOnFire>false</IsOnFire>
	<IsInvincible>false</IsInvincible>
	<IsBulletProof>false</IsBulletProof>
	<IsExplosionProof>false</IsExplosionProof>
	<IsFireProof>false</IsFireProof>
	<IsMeleeProof>false</IsMeleeProof>
	<IsOnlyDamagedByPlayer>false</IsOnlyDamagedByPlayer>
	<SpoonerAttachments SetAttachmentsPersistentAndAddToSpoonerDatabase="false" StartTaskSequencesOnLoad="true">
		<Attachment>
			<ModelHash>0xe2ba016f</ModelHash>
			<Type>3</Type>
			<Dynamic>false</Dynamic>
			<FrozenPos>true</FrozenPos>
			<HashName>prop_cs_katana_01</HashName>
			<InitialHandle>210729</InitialHandle>
			<ObjectProperties>
				<TextureVariation>0</TextureVariation>
			</ObjectProperties>
			<OpacityLevel>255</OpacityLevel>
			<LodDistance>16960</LodDistance>
			<IsVisible>true</IsVisible>
			<MaxHealth>1000</MaxHealth>
			<Health>1000</Health>
			<HasGravity>true</HasGravity>
			<IsOnFire>false</IsOnFire>
			<IsInvincible>false</IsInvincible>
			<IsBulletProof>false</IsBulletProof>
			<IsCollisionProof>false</IsCollisionProof>
			<IsExplosionProof>false</IsExplosionProof>
			<IsFireProof>false</IsFireProof>
			<IsMeleeProof>false</IsMeleeProof>
			<IsOnlyDamagedByPlayer>false</IsOnlyDamagedByPlayer>
			<PositionRotation>
				<X>227.699417</X>
				<Y>-1995.2157</Y>
				<Z>19.1117821</Z>
				<Pitch>2.28881884</Pitch>
				<Roll>0.236872688</Roll>
				<Yaw>-52.4746437</Yaw>
			</PositionRotation>
			<Attachment isAttached="true">
				<AttachedTo>188711</AttachedTo>
				<BoneIndex>0</BoneIndex>
				<X>0.844249904</X>
				<Y>1.18178284</Y>
				<Z>0.0868285447</Z>
				<Pitch>1.60111356</Pitch>
				<Roll>-1.32266295</Roll>
				<Yaw>89.4673233</Yaw>
			</Attachment>
		</Attachment>
		<Attachment>
			<ModelHash>0xe2ba016f</ModelHash>
			<Type>3</Type>
			<Dynamic>false</Dynamic>
			<FrozenPos>true</FrozenPos>
			<HashName>prop_cs_katana_01</HashName>
			<InitialHandle>674600</InitialHandle>
			<ObjectProperties>
				<TextureVariation>0</TextureVariation>
			</ObjectProperties>
			<OpacityLevel>255</OpacityLevel>
			<LodDistance>16960</LodDistance>
			<IsVisible>true</IsVisible>
			<MaxHealth>1000</MaxHealth>
			<Health>1000</Health>
			<HasGravity>true</HasGravity>
			<IsOnFire>false</IsOnFire>
			<IsInvincible>false</IsInvincible>
			<IsBulletProof>false</IsBulletProof>
			<IsCollisionProof>false</IsCollisionProof>
			<IsExplosionProof>false</IsExplosionProof>
			<IsFireProof>false</IsFireProof>
			<IsMeleeProof>false</IsMeleeProof>
			<IsOnlyDamagedByPlayer>false</IsOnlyDamagedByPlayer>
			<PositionRotation>
				<X>227.804352</X>
				<Y>-1995.36511</Y>
				<Z>19.1322556</Z>
				<Pitch>2.2366116</Pitch>
				<Roll>0.258864999</Roll>
				<Yaw>-54.380085</Yaw>
			</PositionRotation>
			<Attachment isAttached="true">
				<AttachedTo>188711</AttachedTo>
				<BoneIndex>0</BoneIndex>
				<X>0.853633463</X>
				<Y>1.36347985</Y>
				<Z>0.112348899</Z>
				<Pitch>1.60111356</Pitch>
				<Roll>-1.32266295</Roll>
				<Yaw>87.5619049</Yaw>
			</Attachment>
		</Attachment>
		<Attachment>
			<ModelHash>0xe2ba016f</ModelHash>
			<Type>3</Type>
			<Dynamic>false</Dynamic>
			<FrozenPos>true</FrozenPos>
			<HashName>prop_cs_katana_01</HashName>
			<InitialHandle>761897</InitialHandle>
			<ObjectProperties>
				<TextureVariation>0</TextureVariation>
			</ObjectProperties>
			<OpacityLevel>255</OpacityLevel>
			<LodDistance>16960</LodDistance>
			<IsVisible>true</IsVisible>
			<MaxHealth>1000</MaxHealth>
			<Health>1000</Health>
			<HasGravity>true</HasGravity>
			<IsOnFire>false</IsOnFire>
			<IsInvincible>false</IsInvincible>
			<IsBulletProof>false</IsBulletProof>
			<IsCollisionProof>false</IsCollisionProof>
			<IsExplosionProof>false</IsExplosionProof>
			<IsFireProof>false</IsFireProof>
			<IsMeleeProof>false</IsMeleeProof>
			<IsOnlyDamagedByPlayer>false</IsOnlyDamagedByPlayer>
			<PositionRotation>
				<X>227.927795</X>
				<Y>-1995.48987</Y>
				<Z>19.0546932</Z>
				<Pitch>2.26043677</Pitch>
				<Roll>0.249082416</Roll>
				<Yaw>-53.5138474</Yaw>
			</PositionRotation>
			<Attachment isAttached="true">
				<AttachedTo>188711</AttachedTo>
				<BoneIndex>0</BoneIndex>
				<X>0.834377229</X>
				<Y>1.53980649</Y>
				<Z>0.0392934978</Z>
				<Pitch>1.60111356</Pitch>
				<Roll>-1.32266295</Roll>
				<Yaw>88.4281464</Yaw>
			</Attachment>
		</Attachment>
		<Attachment>
			<ModelHash>0xe2ba016f</ModelHash>
			<Type>3</Type>
			<Dynamic>false</Dynamic>
			<FrozenPos>true</FrozenPos>
			<HashName>prop_cs_katana_01</HashName>
			<InitialHandle>455717</InitialHandle>
			<ObjectProperties>
				<TextureVariation>0</TextureVariation>
			</ObjectProperties>
			<OpacityLevel>255</OpacityLevel>
			<LodDistance>16960</LodDistance>
			<IsVisible>true</IsVisible>
			<MaxHealth>1000</MaxHealth>
			<Health>1000</Health>
			<HasGravity>true</HasGravity>
			<IsOnFire>false</IsOnFire>
			<IsInvincible>false</IsInvincible>
			<IsBulletProof>false</IsBulletProof>
			<IsCollisionProof>false</IsCollisionProof>
			<IsExplosionProof>false</IsExplosionProof>
			<IsFireProof>false</IsFireProof>
			<IsMeleeProof>false</IsMeleeProof>
			<IsOnlyDamagedByPlayer>false</IsOnlyDamagedByPlayer>
			<PositionRotation>
				<X>229.207062</X>
				<Y>-1994.50427</Y>
				<Z>19.1194801</Z>
				<Pitch>2.24616575</Pitch>
				<Roll>0.254992694</Roll>
				<Yaw>-54.0333443</Yaw>
			</PositionRotation>
			<Attachment isAttached="true">
				<AttachedTo>188711</AttachedTo>
				<BoneIndex>0</BoneIndex>
				<X>-0.781125963</X>
				<Y>1.55240214</Y>
				<Z>0.0846271813</Z>
				<Pitch>1.60111356</Pitch>
				<Roll>-1.32266295</Roll>
				<Yaw>87.9086533</Yaw>
			</Attachment>
		</Attachment>
		<Attachment>
			<ModelHash>0xe2ba016f</ModelHash>
			<Type>3</Type>
			<Dynamic>false</Dynamic>
			<FrozenPos>true</FrozenPos>
			<HashName>prop_cs_katana_01</HashName>
			<InitialHandle>398085</InitialHandle>
			<ObjectProperties>
				<TextureVariation>0</TextureVariation>
			</ObjectProperties>
			<OpacityLevel>255</OpacityLevel>
			<LodDistance>16960</LodDistance>
			<IsVisible>true</IsVisible>
			<MaxHealth>1000</MaxHealth>
			<Health>1000</Health>
			<HasGravity>true</HasGravity>
			<IsOnFire>false</IsOnFire>
			<IsInvincible>false</IsInvincible>
			<IsBulletProof>false</IsBulletProof>
			<IsCollisionProof>false</IsCollisionProof>
			<IsExplosionProof>false</IsExplosionProof>
			<IsFireProof>false</IsFireProof>
			<IsMeleeProof>false</IsMeleeProof>
			<IsOnlyDamagedByPlayer>false</IsOnlyDamagedByPlayer>
			<PositionRotation>
				<X>229.109818</X>
				<Y>-1994.35779</Y>
				<Z>19.1705227</Z>
				<Pitch>2.26518941</Pitch>
				<Roll>0.247079924</Roll>
				<Yaw>-53.3403778</Yaw>
			</PositionRotation>
			<Attachment isAttached="true">
				<AttachedTo>188711</AttachedTo>
				<BoneIndex>0</BoneIndex>
				<X>-0.795612752</X>
				<Y>1.37581885</Y>
				<Z>0.130731285</Z>
				<Pitch>1.60111356</Pitch>
				<Roll>-1.32266295</Roll>
				<Yaw>88.6016006</Yaw>
			</Attachment>
		</Attachment>
		<Attachment>
			<ModelHash>0xe2ba016f</ModelHash>
			<Type>3</Type>
			<Dynamic>false</Dynamic>
			<FrozenPos>true</FrozenPos>
			<HashName>prop_cs_katana_01</HashName>
			<InitialHandle>164357</InitialHandle>
			<ObjectProperties>
				<TextureVariation>0</TextureVariation>
			</ObjectProperties>
			<OpacityLevel>255</OpacityLevel>
			<LodDistance>16960</LodDistance>
			<IsVisible>true</IsVisible>
			<MaxHealth>1000</MaxHealth>
			<Health>1000</Health>
			<HasGravity>true</HasGravity>
			<IsOnFire>false</IsOnFire>
			<IsInvincible>false</IsInvincible>
			<IsBulletProof>false</IsBulletProof>
			<IsCollisionProof>false</IsCollisionProof>
			<IsExplosionProof>false</IsExplosionProof>
			<IsFireProof>false</IsFireProof>
			<IsMeleeProof>false</IsMeleeProof>
			<IsOnlyDamagedByPlayer>false</IsOnlyDamagedByPlayer>
			<PositionRotation>
				<X>229.049377</X>
				<Y>-1994.1814</Y>
				<Z>19.1396008</Z>
				<Pitch>2.29589367</Pitch>
				<Roll>0.233733222</Roll>
				<Yaw>-52.2143135</Yaw>
			</PositionRotation>
			<Attachment isAttached="true">
				<AttachedTo>188711</AttachedTo>
				<BoneIndex>0</BoneIndex>
				<X>-0.856493056</X>
				<Y>1.20067477</Y>
				<Z>0.0943033248</Z>
				<Pitch>1.60111356</Pitch>
				<Roll>-1.32266295</Roll>
				<Yaw>89.7276382</Yaw>
			</Attachment>
		</Attachment>
		<Attachment>
			<ModelHash>0xe2ba016f</ModelHash>
			<Type>3</Type>
			<Dynamic>false</Dynamic>
			<FrozenPos>true</FrozenPos>
			<HashName>prop_cs_katana_01</HashName>
			<InitialHandle>454185</InitialHandle>
			<ObjectProperties>
				<TextureVariation>0</TextureVariation>
			</ObjectProperties>
			<OpacityLevel>255</OpacityLevel>
			<LodDistance>16960</LodDistance>
			<IsVisible>true</IsVisible>
			<MaxHealth>1000</MaxHealth>
			<Health>1000</Health>
			<HasGravity>true</HasGravity>
			<IsOnFire>false</IsOnFire>
			<IsInvincible>false</IsInvincible>
			<IsBulletProof>false</IsBulletProof>
			<IsCollisionProof>false</IsCollisionProof>
			<IsExplosionProof>false</IsExplosionProof>
			<IsFireProof>false</IsFireProof>
			<IsMeleeProof>false</IsMeleeProof>
			<IsOnlyDamagedByPlayer>false</IsOnlyDamagedByPlayer>
			<PositionRotation>
				<X>226.105301</X>
				<Y>-1993.19861</Y>
				<Z>19.1313305</Z>
				<Pitch>2.3932004</Pitch>
				<Roll>0.186528787</Roll>
				<Yaw>-48.5760231</Yaw>
			</PositionRotation>
			<Attachment isAttached="true">
				<AttachedTo>188711</AttachedTo>
				<BoneIndex>0</BoneIndex>
				<X>0.853739381</X>
				<Y>-1.38882422</Y>
				<Z>0.0368566886</Z>
				<Pitch>1.60111356</Pitch>
				<Roll>-1.32266295</Roll>
				<Yaw>93.3656006</Yaw>
			</Attachment>
		</Attachment>
		<Attachment>
			<ModelHash>0xe2ba016f</ModelHash>
			<Type>3</Type>
			<Dynamic>false</Dynamic>
			<FrozenPos>true</FrozenPos>
			<HashName>prop_cs_katana_01</HashName>
			<InitialHandle>104233</InitialHandle>
			<ObjectProperties>
				<TextureVariation>0</TextureVariation>
			</ObjectProperties>
			<OpacityLevel>255</OpacityLevel>
			<LodDistance>16960</LodDistance>
			<IsVisible>true</IsVisible>
			<MaxHealth>1000</MaxHealth>
			<Health>1000</Health>
			<HasGravity>true</HasGravity>
			<IsOnFire>false</IsOnFire>
			<IsInvincible>false</IsInvincible>
			<IsBulletProof>false</IsBulletProof>
			<IsCollisionProof>false</IsCollisionProof>
			<IsExplosionProof>false</IsExplosionProof>
			<IsFireProof>false</IsFireProof>
			<IsMeleeProof>false</IsMeleeProof>
			<IsOnlyDamagedByPlayer>false</IsOnlyDamagedByPlayer>
			<PositionRotation>
				<X>226.240799</X>
				<Y>-1993.36755</Y>
				<Z>19.2313328</Z>
				<Pitch>2.33796787</Pitch>
				<Roll>0.214258254</Roll>
				<Yaw>-50.6548653</Yaw>
			</PositionRotation>
			<Attachment isAttached="true">
				<AttachedTo>188711</AttachedTo>
				<BoneIndex>0</BoneIndex>
				<X>0.850180089</X>
				<Y>-1.17500138</Y>
				<Z>0.142652929</Z>
				<Pitch>1.60111356</Pitch>
				<Roll>-1.32266295</Roll>
				<Yaw>91.2869873</Yaw>
			</Attachment>
		</Attachment>
		<Attachment>
			<ModelHash>0xe2ba016f</ModelHash>
			<Type>3</Type>
			<Dynamic>false</Dynamic>
			<FrozenPos>true</FrozenPos>
			<HashName>prop_cs_katana_01</HashName>
			<InitialHandle>1322</InitialHandle>
			<ObjectProperties>
				<TextureVariation>0</TextureVariation>
			</ObjectProperties>
			<OpacityLevel>255</OpacityLevel>
			<LodDistance>16960</LodDistance>
			<IsVisible>true</IsVisible>
			<MaxHealth>1000</MaxHealth>
			<Health>1000</Health>
			<HasGravity>true</HasGravity>
			<IsOnFire>false</IsOnFire>
			<IsInvincible>false</IsInvincible>
			<IsBulletProof>false</IsBulletProof>
			<IsCollisionProof>false</IsCollisionProof>
			<IsExplosionProof>false</IsExplosionProof>
			<IsFireProof>false</IsFireProof>
			<IsMeleeProof>false</IsMeleeProof>
			<IsOnlyDamagedByPlayer>false</IsOnlyDamagedByPlayer>
			<PositionRotation>
				<X>226.3293</X>
				<Y>-1993.526</Y>
				<Z>19.194006</Z>
				<Pitch>2.16674781</Pitch>
				<Roll>0.285171241</Roll>
				<Yaw>-56.8910217</Yaw>
			</PositionRotation>
			<Attachment isAttached="true">
				<AttachedTo>188711</AttachedTo>
				<BoneIndex>0</BoneIndex>
				<X>0.878757298</X>
				<Y>-0.9947896</Y>
				<Z>0.110541947</Z>
				<Pitch>1.60111356</Pitch>
				<Roll>-1.32266295</Roll>
				<Yaw>85.0508728</Yaw>
			</Attachment>
		</Attachment>
		<Attachment>
			<ModelHash>0xe2ba016f</ModelHash>
			<Type>3</Type>
			<Dynamic>false</Dynamic>
			<FrozenPos>true</FrozenPos>
			<HashName>prop_cs_katana_01</HashName>
			<InitialHandle>246058</InitialHandle>
			<ObjectProperties>
				<TextureVariation>0</TextureVariation>
			</ObjectProperties>
			<OpacityLevel>255</OpacityLevel>
			<LodDistance>16960</LodDistance>
			<IsVisible>true</IsVisible>
			<MaxHealth>1000</MaxHealth>
			<Health>1000</Health>
			<HasGravity>true</HasGravity>
			<IsOnFire>false</IsOnFire>
			<IsInvincible>false</IsInvincible>
			<IsBulletProof>false</IsBulletProof>
			<IsCollisionProof>false</IsCollisionProof>
			<IsExplosionProof>false</IsExplosionProof>
			<IsFireProof>false</IsFireProof>
			<IsMeleeProof>false</IsMeleeProof>
			<IsOnlyDamagedByPlayer>false</IsOnlyDamagedByPlayer>
			<PositionRotation>
				<X>227.468872</X>
				<Y>-1992.21423</Y>
				<Z>19.2065392</Z>
				<Pitch>2.35187578</Pitch>
				<Roll>0.20751141</Roll>
				<Yaw>-50.1349487</Yaw>
			</PositionRotation>
			<Attachment isAttached="true">
				<AttachedTo>188711</AttachedTo>
				<BoneIndex>0</BoneIndex>
				<X>-0.827482522</X>
				<Y>-1.32355785</Y>
				<Z>0.0932365283</Z>
				<Pitch>1.60111356</Pitch>
				<Roll>-1.32266295</Roll>
				<Yaw>91.8068619</Yaw>
			</Attachment>
		</Attachment>
		<Attachment>
			<ModelHash>0xe2ba016f</ModelHash>
			<Type>3</Type>
			<Dynamic>false</Dynamic>
			<FrozenPos>true</FrozenPos>
			<HashName>prop_cs_katana_01</HashName>
			<InitialHandle>145962</InitialHandle>
			<ObjectProperties>
				<TextureVariation>0</TextureVariation>
			</ObjectProperties>
			<OpacityLevel>255</OpacityLevel>
			<LodDistance>16960</LodDistance>
			<IsVisible>true</IsVisible>
			<MaxHealth>1000</MaxHealth>
			<Health>1000</Health>
			<HasGravity>true</HasGravity>
			<IsOnFire>false</IsOnFire>
			<IsInvincible>false</IsInvincible>
			<IsBulletProof>false</IsBulletProof>
			<IsCollisionProof>false</IsCollisionProof>
			<IsExplosionProof>false</IsExplosionProof>
			<IsFireProof>false</IsFireProof>
			<IsMeleeProof>false</IsMeleeProof>
			<IsOnlyDamagedByPlayer>false</IsOnlyDamagedByPlayer>
			<PositionRotation>
				<X>227.594467</X>
				<Y>-1992.34656</Y>
				<Z>19.2605438</Z>
				<Pitch>2.12772465</Pitch>
				<Roll>0.298367441</Roll>
				<Yaw>-58.2765083</Yaw>
			</PositionRotation>
			<Attachment isAttached="true">
				<AttachedTo>188711</AttachedTo>
				<BoneIndex>0</BoneIndex>
				<X>-0.845315874</X>
				<Y>-1.14342976</Y>
				<Z>0.151927918</Z>
				<Pitch>1.60111356</Pitch>
				<Roll>-1.32266295</Roll>
				<Yaw>83.6652527</Yaw>
			</Attachment>
		</Attachment>
		<Attachment>
			<ModelHash>0xe2ba016f</ModelHash>
			<Type>3</Type>
			<Dynamic>false</Dynamic>
			<FrozenPos>true</FrozenPos>
			<HashName>prop_cs_katana_01</HashName>
			<InitialHandle>387881</InitialHandle>
			<ObjectProperties>
				<TextureVariation>0</TextureVariation>
			</ObjectProperties>
			<OpacityLevel>255</OpacityLevel>
			<LodDistance>16960</LodDistance>
			<IsVisible>true</IsVisible>
			<MaxHealth>1000</MaxHealth>
			<Health>1000</Health>
			<HasGravity>true</HasGravity>
			<IsOnFire>false</IsOnFire>
			<IsInvincible>false</IsInvincible>
			<IsBulletProof>false</IsBulletProof>
			<IsCollisionProof>false</IsCollisionProof>
			<IsExplosionProof>false</IsExplosionProof>
			<IsFireProof>false</IsFireProof>
			<IsMeleeProof>false</IsMeleeProof>
			<IsOnlyDamagedByPlayer>false</IsOnlyDamagedByPlayer>
			<PositionRotation>
				<X>227.725342</X>
				<Y>-1992.43445</Y>
				<Z>19.1998425</Z>
				<Pitch>2.11300921</Pitch>
				<Roll>0.303072363</Roll>
				<Yaw>-58.7960815</Yaw>
			</PositionRotation>
			<Attachment isAttached="true">
				<AttachedTo>188711</AttachedTo>
				<BoneIndex>0</BoneIndex>
				<X>-0.893313289</X>
				<Y>-0.991903901</Y>
				<Z>0.0947158337</Z>
				<Pitch>1.60111356</Pitch>
				<Roll>-1.32266295</Roll>
				<Yaw>83.1456375</Yaw>
			</Attachment>
		</Attachment>
		<Attachment>
			<ModelHash>0xe2ba016f</ModelHash>
			<Type>3</Type>
			<Dynamic>false</Dynamic>
			<FrozenPos>true</FrozenPos>
			<HashName>prop_cs_katana_01</HashName>
			<InitialHandle>334377</InitialHandle>
			<ObjectProperties>
				<TextureVariation>0</TextureVariation>
			</ObjectProperties>
			<OpacityLevel>255</OpacityLevel>
			<LodDistance>16960</LodDistance>
			<IsVisible>true</IsVisible>
			<MaxHealth>1000</MaxHealth>
			<Health>1000</Health>
			<HasGravity>true</HasGravity>
			<IsOnFire>false</IsOnFire>
			<IsInvincible>false</IsInvincible>
			<IsBulletProof>false</IsBulletProof>
			<IsCollisionProof>false</IsCollisionProof>
			<IsExplosionProof>false</IsExplosionProof>
			<IsFireProof>false</IsFireProof>
			<IsMeleeProof>false</IsMeleeProof>
			<IsOnlyDamagedByPlayer>false</IsOnlyDamagedByPlayer>
			<PositionRotation>
				<X>228.834915</X>
				<Y>-1995.35852</Y>
				<Z>18.9543591</Z>
				<Pitch>2.24380851</Pitch>
				<Roll>0.255954176</Roll>
				<Yaw>-54.1189651</Yaw>
			</PositionRotation>
			<Attachment isAttached="true">
				<AttachedTo>188711</AttachedTo>
				<BoneIndex>0</BoneIndex>
				<X>0.0407756492</X>
				<Y>1.99900436</Y>
				<Z>-0.0583822057</Z>
				<Pitch>1.60111356</Pitch>
				<Roll>-1.32266295</Roll>
				<Yaw>87.8230209</Yaw>
			</Attachment>
		</Attachment>
		<Attachment>
			<ModelHash>0xe2ba016f</ModelHash>
			<Type>3</Type>
			<Dynamic>false</Dynamic>
			<FrozenPos>true</FrozenPos>
			<HashName>prop_cs_katana_01</HashName>
			<InitialHandle>93463</InitialHandle>
			<ObjectProperties>
				<TextureVariation>0</TextureVariation>
			</ObjectProperties>
			<OpacityLevel>255</OpacityLevel>
			<LodDistance>16960</LodDistance>
			<IsVisible>true</IsVisible>
			<MaxHealth>1000</MaxHealth>
			<Health>1000</Health>
			<HasGravity>true</HasGravity>
			<IsOnFire>false</IsOnFire>
			<IsInvincible>false</IsInvincible>
			<IsBulletProof>false</IsBulletProof>
			<IsCollisionProof>false</IsCollisionProof>
			<IsExplosionProof>false</IsExplosionProof>
			<IsFireProof>false</IsFireProof>
			<IsMeleeProof>false</IsMeleeProof>
			<IsOnlyDamagedByPlayer>false</IsOnlyDamagedByPlayer>
			<PositionRotation>
				<X>228.700928</X>
				<Y>-1995.1698</Y>
				<Z>19.0472393</Z>
				<Pitch>2.21988511</Pitch>
				<Roll>0.265482813</Roll>
				<Yaw>-54.9850769</Yaw>
			</PositionRotation>
			<Attachment isAttached="true">
				<AttachedTo>188711</AttachedTo>
				<BoneIndex>0</BoneIndex>
				<X>0.0286274459</X>
				<Y>1.7653991</Y>
				<Z>0.0280620493</Z>
				<Pitch>1.60111356</Pitch>
				<Roll>-1.32266295</Roll>
				<Yaw>86.9568939</Yaw>
			</Attachment>
		</Attachment>
		<Attachment>
			<ModelHash>0xe2ba016f</ModelHash>
			<Type>3</Type>
			<Dynamic>false</Dynamic>
			<FrozenPos>true</FrozenPos>
			<HashName>prop_cs_katana_01</HashName>
			<InitialHandle>28167</InitialHandle>
			<ObjectProperties>
				<TextureVariation>0</TextureVariation>
			</ObjectProperties>
			<OpacityLevel>255</OpacityLevel>
			<LodDistance>16960</LodDistance>
			<IsVisible>true</IsVisible>
			<MaxHealth>1000</MaxHealth>
			<Health>1000</Health>
			<HasGravity>true</HasGravity>
			<IsOnFire>false</IsOnFire>
			<IsInvincible>false</IsInvincible>
			<IsBulletProof>false</IsBulletProof>
			<IsCollisionProof>false</IsCollisionProof>
			<IsExplosionProof>false</IsExplosionProof>
			<IsFireProof>false</IsFireProof>
			<IsMeleeProof>false</IsMeleeProof>
			<IsOnlyDamagedByPlayer>false</IsOnlyDamagedByPlayer>
			<PositionRotation>
				<X>228.506882</X>
				<Y>-1994.90247</Y>
				<Z>19.1802559</Z>
				<Pitch>2.21988511</Pitch>
				<Roll>0.265482813</Roll>
				<Yaw>-54.9850769</Yaw>
			</PositionRotation>
			<Attachment isAttached="true">
				<AttachedTo>188711</AttachedTo>
				<BoneIndex>0</BoneIndex>
				<X>0.0147819249</X>
				<Y>1.43185306</Y>
				<Z>0.151930958</Z>
				<Pitch>1.60111356</Pitch>
				<Roll>-1.32266295</Roll>
				<Yaw>86.9568939</Yaw>
			</Attachment>
		</Attachment>
		<Attachment>
			<ModelHash>0xe2ba016f</ModelHash>
			<Type>3</Type>
			<Dynamic>false</Dynamic>
			<FrozenPos>true</FrozenPos>
			<HashName>prop_cs_katana_01</HashName>
			<InitialHandle>219141</InitialHandle>
			<ObjectProperties>
				<TextureVariation>0</TextureVariation>
			</ObjectProperties>
			<OpacityLevel>255</OpacityLevel>
			<LodDistance>16960</LodDistance>
			<IsVisible>true</IsVisible>
			<MaxHealth>1000</MaxHealth>
			<Health>1000</Health>
			<HasGravity>true</HasGravity>
			<IsOnFire>false</IsOnFire>
			<IsInvincible>false</IsInvincible>
			<IsBulletProof>false</IsBulletProof>
			<IsCollisionProof>false</IsCollisionProof>
			<IsExplosionProof>false</IsExplosionProof>
			<IsFireProof>false</IsFireProof>
			<IsMeleeProof>false</IsMeleeProof>
			<IsOnlyDamagedByPlayer>false</IsOnlyDamagedByPlayer>
			<PositionRotation>
				<X>228.315002</X>
				<Y>-1994.63391</Y>
				<Z>19.2457485</Z>
				<Pitch>2.21988511</Pitch>
				<Roll>0.265482813</Roll>
				<Yaw>-54.9850769</Yaw>
			</PositionRotation>
			<Attachment isAttached="true">
				<AttachedTo>188711</AttachedTo>
				<BoneIndex>0</BoneIndex>
				<X>-0.000782704912</X>
				<Y>1.10042143</Y>
				<Z>0.208281517</Z>
				<Pitch>1.60111356</Pitch>
				<Roll>-1.32266295</Roll>
				<Yaw>86.9568939</Yaw>
			</Attachment>
		</Attachment>
		<Attachment>
			<ModelHash>0xe2ba016f</ModelHash>
			<Type>3</Type>
			<Dynamic>false</Dynamic>
			<FrozenPos>true</FrozenPos>
			<HashName>prop_cs_katana_01</HashName>
			<InitialHandle>36614</InitialHandle>
			<ObjectProperties>
				<TextureVariation>0</TextureVariation>
			</ObjectProperties>
			<OpacityLevel>255</OpacityLevel>
			<LodDistance>16960</LodDistance>
			<IsVisible>true</IsVisible>
			<MaxHealth>1000</MaxHealth>
			<Health>1000</Health>
			<HasGravity>true</HasGravity>
			<IsOnFire>false</IsOnFire>
			<IsInvincible>false</IsInvincible>
			<IsBulletProof>false</IsBulletProof>
			<IsCollisionProof>false</IsCollisionProof>
			<IsExplosionProof>false</IsExplosionProof>
			<IsFireProof>false</IsFireProof>
			<IsMeleeProof>false</IsMeleeProof>
			<IsOnlyDamagedByPlayer>false</IsOnlyDamagedByPlayer>
			<PositionRotation>
				<X>228.124283</X>
				<Y>-1994.36462</Y>
				<Z>19.2729568</Z>
				<Pitch>2.21988511</Pitch>
				<Roll>0.265482813</Roll>
				<Yaw>-54.9850769</Yaw>
			</PositionRotation>
			<Attachment isAttached="true">
				<AttachedTo>188711</AttachedTo>
				<BoneIndex>0</BoneIndex>
				<X>-0.0171658415</X>
				<Y>0.770277917</Y>
				<Z>0.226356894</Z>
				<Pitch>1.60111356</Pitch>
				<Roll>-1.32266295</Roll>
				<Yaw>86.9568939</Yaw>
			</Attachment>
		</Attachment>
		<Attachment>
			<ModelHash>0xe2ba016f</ModelHash>
			<Type>3</Type>
			<Dynamic>false</Dynamic>
			<FrozenPos>true</FrozenPos>
			<HashName>prop_cs_katana_01</HashName>
			<InitialHandle>73002</InitialHandle>
			<ObjectProperties>
				<TextureVariation>0</TextureVariation>
			</ObjectProperties>
			<OpacityLevel>255</OpacityLevel>
			<LodDistance>16960</LodDistance>
			<IsVisible>true</IsVisible>
			<MaxHealth>1000</MaxHealth>
			<Health>1000</Health>
			<HasGravity>true</HasGravity>
			<IsOnFire>false</IsOnFire>
			<IsInvincible>false</IsInvincible>
			<IsBulletProof>false</IsBulletProof>
			<IsCollisionProof>false</IsCollisionProof>
			<IsExplosionProof>false</IsExplosionProof>
			<IsFireProof>false</IsFireProof>
			<IsMeleeProof>false</IsMeleeProof>
			<IsOnlyDamagedByPlayer>false</IsOnlyDamagedByPlayer>
			<PositionRotation>
				<X>227.549637</X>
				<Y>-1993.64001</Y>
				<Z>19.601162</Z>
				<Pitch>2.27473474</Pitch>
				<Roll>0.24300769</Roll>
				<Yaw>-52.9913368</Yaw>
			</PositionRotation>
			<Attachment isAttached="true">
				<AttachedTo>188711</AttachedTo>
				<BoneIndex>0</BoneIndex>
				<X>-0.0161373727</X>
				<Y>-0.163107574</Y>
				<Z>0.529429793</Z>
				<Pitch>1.60111356</Pitch>
				<Roll>-1.32266295</Roll>
				<Yaw>88.9506378</Yaw>
			</Attachment>
		</Attachment>
		<Attachment>
			<ModelHash>0xe2ba016f</ModelHash>
			<Type>3</Type>
			<Dynamic>false</Dynamic>
			<FrozenPos>true</FrozenPos>
			<HashName>prop_cs_katana_01</HashName>
			<InitialHandle>250922</InitialHandle>
			<ObjectProperties>
				<TextureVariation>0</TextureVariation>
			</ObjectProperties>
			<OpacityLevel>255</OpacityLevel>
			<LodDistance>16960</LodDistance>
			<IsVisible>true</IsVisible>
			<MaxHealth>1000</MaxHealth>
			<Health>1000</Health>
			<HasGravity>true</HasGravity>
			<IsOnFire>false</IsOnFire>
			<IsInvincible>false</IsInvincible>
			<IsBulletProof>false</IsBulletProof>
			<IsCollisionProof>false</IsCollisionProof>
			<IsExplosionProof>false</IsExplosionProof>
			<IsFireProof>false</IsFireProof>
			<IsMeleeProof>false</IsMeleeProof>
			<IsOnlyDamagedByPlayer>false</IsOnlyDamagedByPlayer>
			<PositionRotation>
				<X>227.469177</X>
				<Y>-1993.50256</Y>
				<Z>19.610981</Z>
				<Pitch>2.29831505</Pitch>
				<Roll>0.232650325</Roll>
				<Yaw>-52.1250801</Yaw>
			</PositionRotation>
			<Attachment isAttached="true">
				<AttachedTo>188711</AttachedTo>
				<BoneIndex>0</BoneIndex>
				<X>-0.0377803966</X>
				<Y>-0.321153909</Y>
				<Z>0.53470695</Z>
				<Pitch>1.60111356</Pitch>
				<Roll>-1.32266295</Roll>
				<Yaw>89.8168716</Yaw>
			</Attachment>
		</Attachment>
		<Attachment>
			<ModelHash>0xe2ba016f</ModelHash>
			<Type>3</Type>
			<Dynamic>false</Dynamic>
			<FrozenPos>true</FrozenPos>
			<HashName>prop_cs_katana_01</HashName>
			<InitialHandle>374315</InitialHandle>
			<ObjectProperties>
				<TextureVariation>0</TextureVariation>
			</ObjectProperties>
			<OpacityLevel>255</OpacityLevel>
			<LodDistance>16960</LodDistance>
			<IsVisible>true</IsVisible>
			<MaxHealth>1000</MaxHealth>
			<Health>1000</Health>
			<HasGravity>true</HasGravity>
			<IsOnFire>false</IsOnFire>
			<IsInvincible>false</IsInvincible>
			<IsBulletProof>false</IsBulletProof>
			<IsCollisionProof>false</IsCollisionProof>
			<IsExplosionProof>false</IsExplosionProof>
			<IsFireProof>false</IsFireProof>
			<IsMeleeProof>false</IsMeleeProof>
			<IsOnlyDamagedByPlayer>false</IsOnlyDamagedByPlayer>
			<PositionRotation>
				<X>227.331451</X>
				<Y>-1993.32996</Y>
				<Z>19.6287403</Z>
				<Pitch>2.23430657</Pitch>
				<Roll>0.25978899</Roll>
				<Yaw>-54.4636154</Yaw>
			</PositionRotation>
			<Attachment isAttached="true">
				<AttachedTo>188711</AttachedTo>
				<BoneIndex>0</BoneIndex>
				<X>-0.0360708237</X>
				<Y>-0.542289913</Y>
				<Z>0.546502531</Z>
				<Pitch>1.60111356</Pitch>
				<Roll>-1.32266295</Roll>
				<Yaw>87.478363</Yaw>
			</Attachment>
		</Attachment>
		<Attachment>
			<ModelHash>0xe2ba016f</ModelHash>
			<Type>3</Type>
			<Dynamic>false</Dynamic>
			<FrozenPos>true</FrozenPos>
			<HashName>prop_cs_katana_01</HashName>
			<InitialHandle>440619</InitialHandle>
			<ObjectProperties>
				<TextureVariation>0</TextureVariation>
			</ObjectProperties>
			<OpacityLevel>255</OpacityLevel>
			<LodDistance>16960</LodDistance>
			<IsVisible>true</IsVisible>
			<MaxHealth>1000</MaxHealth>
			<Health>1000</Health>
			<HasGravity>true</HasGravity>
			<IsOnFire>false</IsOnFire>
			<IsInvincible>false</IsInvincible>
			<IsBulletProof>false</IsBulletProof>
			<IsCollisionProof>false</IsCollisionProof>
			<IsExplosionProof>false</IsExplosionProof>
			<IsFireProof>false</IsFireProof>
			<IsMeleeProof>false</IsMeleeProof>
			<IsOnlyDamagedByPlayer>false</IsOnlyDamagedByPlayer>
			<PositionRotation>
				<X>227.242615</X>
				<Y>-1993.1908</Y>
				<Z>19.6135731</Z>
				<Pitch>2.31472874</Pitch>
				<Roll>0.225187108</Roll>
				<Yaw>-51.5186272</Yaw>
			</PositionRotation>
			<Attachment isAttached="true">
				<AttachedTo>188711</AttachedTo>
				<BoneIndex>0</BoneIndex>
				<X>-0.0518889204</X>
				<Y>-0.706180811</Y>
				<Z>0.526694655</Z>
				<Pitch>1.60111356</Pitch>
				<Roll>-1.32266295</Roll>
				<Yaw>90.4232864</Yaw>
			</Attachment>
		</Attachment>
		<Attachment>
			<ModelHash>0xe2ba016f</ModelHash>
			<Type>3</Type>
			<Dynamic>false</Dynamic>
			<FrozenPos>true</FrozenPos>
			<HashName>prop_cs_katana_01</HashName>
			<InitialHandle>540971</InitialHandle>
			<ObjectProperties>
				<TextureVariation>0</TextureVariation>
			</ObjectProperties>
			<OpacityLevel>255</OpacityLevel>
			<LodDistance>16960</LodDistance>
			<IsVisible>true</IsVisible>
			<MaxHealth>1000</MaxHealth>
			<Health>1000</Health>
			<HasGravity>true</HasGravity>
			<IsOnFire>false</IsOnFire>
			<IsInvincible>false</IsInvincible>
			<IsBulletProof>false</IsBulletProof>
			<IsCollisionProof>false</IsCollisionProof>
			<IsExplosionProof>false</IsExplosionProof>
			<IsFireProof>false</IsFireProof>
			<IsMeleeProof>false</IsMeleeProof>
			<IsOnlyDamagedByPlayer>false</IsOnlyDamagedByPlayer>
			<PositionRotation>
				<X>228.072998</X>
				<Y>-1995.63</Y>
				<Z>18.9124889</Z>
				<Pitch>1.89050806</Pitch>
				<Roll>90.3569336</Roll>
				<Yaw>-66.5007553</Yaw>
			</PositionRotation>
			<Attachment isAttached="true">
				<AttachedTo>188711</AttachedTo>
				<BoneIndex>0</BoneIndex>
				<X>0.808378875</X>
				<Y>1.74354029</Y>
				<Z>-0.0977727249</Z>
				<Pitch>1.60111356</Pitch>
				<Roll>88.67733</Roll>
				<Yaw>75.4394379</Yaw>
			</Attachment>
		</Attachment>
		<Attachment>
			<ModelHash>0xe2ba016f</ModelHash>
			<Type>3</Type>
			<Dynamic>false</Dynamic>
			<FrozenPos>true</FrozenPos>
			<HashName>prop_cs_katana_01</HashName>
			<InitialHandle>710443</InitialHandle>
			<ObjectProperties>
				<TextureVariation>0</TextureVariation>
			</ObjectProperties>
			<OpacityLevel>255</OpacityLevel>
			<LodDistance>16960</LodDistance>
			<IsVisible>true</IsVisible>
			<MaxHealth>1000</MaxHealth>
			<Health>1000</Health>
			<HasGravity>true</HasGravity>
			<IsOnFire>false</IsOnFire>
			<IsInvincible>false</IsInvincible>
			<IsBulletProof>false</IsBulletProof>
			<IsCollisionProof>false</IsCollisionProof>
			<IsExplosionProof>false</IsExplosionProof>
			<IsFireProof>false</IsFireProof>
			<IsMeleeProof>false</IsMeleeProof>
			<IsOnlyDamagedByPlayer>false</IsOnlyDamagedByPlayer>
			<PositionRotation>
				<X>228.205185</X>
				<Y>-1995.59399</Y>
				<Z>18.9435577</Z>
				<Pitch>1.89558911</Pitch>
				<Roll>100.356018</Roll>
				<Yaw>-66.3274612</Yaw>
			</PositionRotation>
			<Attachment isAttached="true">
				<AttachedTo>188711</AttachedTo>
				<BoneIndex>0</BoneIndex>
				<X>0.681736887</X>
				<Y>1.79591632</Y>
				<Z>-0.0668252185</Z>
				<Pitch>1.60111606</Pitch>
				<Roll>98.6772919</Roll>
				<Yaw>75.6127777</Yaw>
			</Attachment>
		</Attachment>
		<Attachment>
			<ModelHash>0xe2ba016f</ModelHash>
			<Type>3</Type>
			<Dynamic>false</Dynamic>
			<FrozenPos>true</FrozenPos>
			<HashName>prop_cs_katana_01</HashName>
			<InitialHandle>569130</InitialHandle>
			<ObjectProperties>
				<TextureVariation>0</TextureVariation>
			</ObjectProperties>
			<OpacityLevel>255</OpacityLevel>
			<LodDistance>16960</LodDistance>
			<IsVisible>true</IsVisible>
			<MaxHealth>1000</MaxHealth>
			<Health>1000</Health>
			<HasGravity>true</HasGravity>
			<IsOnFire>false</IsOnFire>
			<IsInvincible>false</IsInvincible>
			<IsBulletProof>false</IsBulletProof>
			<IsCollisionProof>false</IsCollisionProof>
			<IsExplosionProof>false</IsExplosionProof>
			<IsFireProof>false</IsFireProof>
			<IsMeleeProof>false</IsMeleeProof>
			<IsOnlyDamagedByPlayer>false</IsOnlyDamagedByPlayer>
			<PositionRotation>
				<X>228.312393</X>
				<Y>-1995.66492</Y>
				<Z>18.921751</Z>
				<Pitch>2.16990709</Pitch>
				<Roll>90.2840042</Roll>
				<Yaw>-56.7783852</Yaw>
			</PositionRotation>
			<Attachment isAttached="true">
				<AttachedTo>188711</AttachedTo>
				<BoneIndex>0</BoneIndex>
				<X>0.641409218</X>
				<Y>1.91842365</Y>
				<Z>-0.085816443</Z>
				<Pitch>1.60111439</Pitch>
				<Roll>88.6772995</Roll>
				<Yaw>85.1634979</Yaw>
			</Attachment>
		</Attachment>
		<Attachment>
			<ModelHash>0xe2ba016f</ModelHash>
			<Type>3</Type>
			<Dynamic>false</Dynamic>
			<FrozenPos>true</FrozenPos>
			<HashName>prop_cs_katana_01</HashName>
			<InitialHandle>774186</InitialHandle>
			<ObjectProperties>
				<TextureVariation>0</TextureVariation>
			</ObjectProperties>
			<OpacityLevel>255</OpacityLevel>
			<LodDistance>16960</LodDistance>
			<IsVisible>true</IsVisible>
			<MaxHealth>1000</MaxHealth>
			<Health>1000</Health>
			<HasGravity>true</HasGravity>
			<IsOnFire>false</IsOnFire>
			<IsInvincible>false</IsInvincible>
			<IsBulletProof>false</IsBulletProof>
			<IsCollisionProof>false</IsCollisionProof>
			<IsExplosionProof>false</IsExplosionProof>
			<IsFireProof>false</IsFireProof>
			<IsMeleeProof>false</IsMeleeProof>
			<IsOnlyDamagedByPlayer>false</IsOnlyDamagedByPlayer>
			<PositionRotation>
				<X>228.490341</X>
				<Y>-1995.7345</Y>
				<Z>18.8938694</Z>
				<Pitch>2.15177488</Pitch>
				<Roll>90.2903061</Roll>
				<Yaw>-57.4239464</Yaw>
			</PositionRotation>
			<Attachment isAttached="true">
				<AttachedTo>188711</AttachedTo>
				<BoneIndex>0</BoneIndex>
				<X>0.544654667</X>
				<Y>2.08372068</Y>
				<Z>-0.110421002</Z>
				<Pitch>1.60111403</Pitch>
				<Roll>88.6772995</Roll>
				<Yaw>84.5178986</Yaw>
			</Attachment>
		</Attachment>
		<Attachment>
			<ModelHash>0xe2ba016f</ModelHash>
			<Type>3</Type>
			<Dynamic>false</Dynamic>
			<FrozenPos>true</FrozenPos>
			<HashName>prop_cs_katana_01</HashName>
			<InitialHandle>702251</InitialHandle>
			<ObjectProperties>
				<TextureVariation>0</TextureVariation>
			</ObjectProperties>
			<OpacityLevel>255</OpacityLevel>
			<LodDistance>16960</LodDistance>
			<IsVisible>true</IsVisible>
			<MaxHealth>1000</MaxHealth>
			<Health>1000</Health>
			<HasGravity>true</HasGravity>
			<IsOnFire>false</IsOnFire>
			<IsInvincible>false</IsInvincible>
			<IsBulletProof>false</IsBulletProof>
			<IsCollisionProof>false</IsCollisionProof>
			<IsExplosionProof>false</IsExplosionProof>
			<IsFireProof>false</IsFireProof>
			<IsMeleeProof>false</IsMeleeProof>
			<IsOnlyDamagedByPlayer>false</IsOnlyDamagedByPlayer>
			<PositionRotation>
				<X>228.632172</X>
				<Y>-1995.64368</Y>
				<Z>18.8860893</Z>
				<Pitch>2.15178037</Pitch>
				<Roll>90.2903137</Roll>
				<Yaw>-57.4238625</Yaw>
			</PositionRotation>
			<Attachment isAttached="true">
				<AttachedTo>188711</AttachedTo>
				<BoneIndex>0</BoneIndex>
				<X>0.377126068</X>
				<Y>2.10002828</Y>
				<Z>-0.119816594</Z>
				<Pitch>1.60111189</Pitch>
				<Roll>88.6772995</Roll>
				<Yaw>84.5179749</Yaw>
			</Attachment>
		</Attachment>
		<Attachment>
			<ModelHash>0xe2ba016f</ModelHash>
			<Type>3</Type>
			<Dynamic>false</Dynamic>
			<FrozenPos>true</FrozenPos>
			<HashName>prop_cs_katana_01</HashName>
			<InitialHandle>286252</InitialHandle>
			<ObjectProperties>
				<TextureVariation>0</TextureVariation>
			</ObjectProperties>
			<OpacityLevel>255</OpacityLevel>
			<LodDistance>16960</LodDistance>
			<IsVisible>true</IsVisible>
			<MaxHealth>1000</MaxHealth>
			<Health>1000</Health>
			<HasGravity>true</HasGravity>
			<IsOnFire>false</IsOnFire>
			<IsInvincible>false</IsInvincible>
			<IsBulletProof>false</IsBulletProof>
			<IsCollisionProof>false</IsCollisionProof>
			<IsExplosionProof>false</IsExplosionProof>
			<IsFireProof>false</IsFireProof>
			<IsMeleeProof>false</IsMeleeProof>
			<IsOnlyDamagedByPlayer>false</IsOnlyDamagedByPlayer>
			<PositionRotation>
				<X>228.834488</X>
				<Y>-1995.53503</Y>
				<Z>18.86413</Z>
				<Pitch>2.32831454</Pitch>
				<Roll>90.2187729</Roll>
				<Yaw>-51.0143852</Yaw>
			</PositionRotation>
			<Attachment isAttached="true">
				<AttachedTo>188711</AttachedTo>
				<BoneIndex>0</BoneIndex>
				<X>0.151156381</X>
				<Y>2.14001346</Y>
				<Z>-0.143475384</Z>
				<Pitch>1.60111403</Pitch>
				<Roll>88.6772766</Roll>
				<Yaw>90.9274902</Yaw>
			</Attachment>
		</Attachment>
		<Attachment>
			<ModelHash>0xe2ba016f</ModelHash>
			<Type>3</Type>
			<Dynamic>false</Dynamic>
			<FrozenPos>true</FrozenPos>
			<HashName>prop_cs_katana_01</HashName>
			<InitialHandle>251179</InitialHandle>
			<ObjectProperties>
				<TextureVariation>0</TextureVariation>
			</ObjectProperties>
			<OpacityLevel>255</OpacityLevel>
			<LodDistance>16960</LodDistance>
			<IsVisible>true</IsVisible>
			<MaxHealth>1000</MaxHealth>
			<Health>1000</Health>
			<HasGravity>true</HasGravity>
			<IsOnFire>false</IsOnFire>
			<IsInvincible>false</IsInvincible>
			<IsBulletProof>false</IsBulletProof>
			<IsCollisionProof>false</IsCollisionProof>
			<IsExplosionProof>false</IsExplosionProof>
			<IsFireProof>false</IsFireProof>
			<IsMeleeProof>false</IsMeleeProof>
			<IsOnlyDamagedByPlayer>false</IsOnlyDamagedByPlayer>
			<PositionRotation>
				<X>229.006653</X>
				<Y>-1995.39941</Y>
				<Z>18.8733425</Z>
				<Pitch>2.31431055</Pitch>
				<Roll>90.2253113</Roll>
				<Yaw>-51.5340881</Yaw>
			</PositionRotation>
			<Attachment isAttached="true">
				<AttachedTo>188711</AttachedTo>
				<BoneIndex>0</BoneIndex>
				<X>-0.0681255013</X>
				<Y>2.13934708</Y>
				<Z>-0.136967957</Z>
				<Pitch>1.60111141</Pitch>
				<Roll>88.6772766</Roll>
				<Yaw>90.4078217</Yaw>
			</Attachment>
		</Attachment>
		<Attachment>
			<ModelHash>0xe2ba016f</ModelHash>
			<Type>3</Type>
			<Dynamic>false</Dynamic>
			<FrozenPos>true</FrozenPos>
			<HashName>prop_cs_katana_01</HashName>
			<InitialHandle>122410</InitialHandle>
			<ObjectProperties>
				<TextureVariation>0</TextureVariation>
			</ObjectProperties>
			<OpacityLevel>255</OpacityLevel>
			<LodDistance>16960</LodDistance>
			<IsVisible>true</IsVisible>
			<MaxHealth>1000</MaxHealth>
			<Health>1000</Health>
			<HasGravity>true</HasGravity>
			<IsOnFire>false</IsOnFire>
			<IsInvincible>false</IsInvincible>
			<IsBulletProof>false</IsBulletProof>
			<IsCollisionProof>false</IsCollisionProof>
			<IsExplosionProof>false</IsExplosionProof>
			<IsFireProof>false</IsFireProof>
			<IsMeleeProof>false</IsMeleeProof>
			<IsOnlyDamagedByPlayer>false</IsOnlyDamagedByPlayer>
			<PositionRotation>
				<X>229.177567</X>
				<Y>-1995.2655</Y>
				<Z>18.8652554</Z>
				<Pitch>2.30963278</Pitch>
				<Roll>90.2274704</Roll>
				<Yaw>-51.7073097</Yaw>
			</PositionRotation>
			<Attachment isAttached="true">
				<AttachedTo>188711</AttachedTo>
				<BoneIndex>0</BoneIndex>
				<X>-0.285092682</X>
				<Y>2.13977122</Y>
				<Z>-0.147710532</Z>
				<Pitch>1.60111272</Pitch>
				<Roll>88.6772995</Roll>
				<Yaw>90.2346039</Yaw>
			</Attachment>
		</Attachment>
		<Attachment>
			<ModelHash>0xe2ba016f</ModelHash>
			<Type>3</Type>
			<Dynamic>false</Dynamic>
			<FrozenPos>true</FrozenPos>
			<HashName>prop_cs_katana_01</HashName>
			<InitialHandle>7211</InitialHandle>
			<ObjectProperties>
				<TextureVariation>0</TextureVariation>
			</ObjectProperties>
			<OpacityLevel>255</OpacityLevel>
			<LodDistance>16960</LodDistance>
			<IsVisible>true</IsVisible>
			<MaxHealth>1000</MaxHealth>
			<Health>1000</Health>
			<HasGravity>true</HasGravity>
			<IsOnFire>false</IsOnFire>
			<IsInvincible>false</IsInvincible>
			<IsBulletProof>false</IsBulletProof>
			<IsCollisionProof>false</IsCollisionProof>
			<IsExplosionProof>false</IsExplosionProof>
			<IsFireProof>false</IsFireProof>
			<IsMeleeProof>false</IsMeleeProof>
			<IsOnlyDamagedByPlayer>false</IsOnlyDamagedByPlayer>
			<PositionRotation>
				<X>229.315887</X>
				<Y>-1995.0531</Y>
				<Z>18.927927</Z>
				<Pitch>2.49138045</Pitch>
				<Roll>80.1307144</Roll>
				<Yaw>-44.7771416</Yaw>
			</PositionRotation>
			<Attachment isAttached="true">
				<AttachedTo>188711</AttachedTo>
				<BoneIndex>0</BoneIndex>
				<X>-0.525753379</X>
				<Y>2.05640221</Y>
				<Z>-0.0902227238</Z>
				<Pitch>1.60111403</Pitch>
				<Roll>78.6773071</Roll>
				<Yaw>97.1637878</Yaw>
			</Attachment>
		</Attachment>
		<Attachment>
			<ModelHash>0xe2ba016f</ModelHash>
			<Type>3</Type>
			<Dynamic>false</Dynamic>
			<FrozenPos>true</FrozenPos>
			<HashName>prop_cs_katana_01</HashName>
			<InitialHandle>59180</InitialHandle>
			<ObjectProperties>
				<TextureVariation>0</TextureVariation>
			</ObjectProperties>
			<OpacityLevel>255</OpacityLevel>
			<LodDistance>16960</LodDistance>
			<IsVisible>true</IsVisible>
			<MaxHealth>1000</MaxHealth>
			<Health>1000</Health>
			<HasGravity>true</HasGravity>
			<IsOnFire>false</IsOnFire>
			<IsInvincible>false</IsInvincible>
			<IsBulletProof>false</IsBulletProof>
			<IsCollisionProof>false</IsCollisionProof>
			<IsExplosionProof>false</IsExplosionProof>
			<IsFireProof>false</IsFireProof>
			<IsMeleeProof>false</IsMeleeProof>
			<IsOnlyDamagedByPlayer>false</IsOnlyDamagedByPlayer>
			<PositionRotation>
				<X>229.275482</X>
				<Y>-1994.81519</Y>
				<Z>19.0371666</Z>
				<Pitch>2.50311399</Pitch>
				<Roll>90.1234436</Roll>
				<Yaw>-44.3131065</Yaw>
			</PositionRotation>
			<Attachment isAttached="true">
				<AttachedTo>188711</AttachedTo>
				<BoneIndex>0</BoneIndex>
				<X>-0.642125189</X>
				<Y>1.84136164</Y>
				<Z>0.0118112359</Z>
				<Pitch>1.60111272</Pitch>
				<Roll>88.6772995</Roll>
				<Yaw>97.6277008</Yaw>
			</Attachment>
		</Attachment>
		<Attachment>
			<ModelHash>0xe2ba016f</ModelHash>
			<Type>3</Type>
			<Dynamic>false</Dynamic>
			<FrozenPos>true</FrozenPos>
			<HashName>prop_cs_katana_01</HashName>
			<InitialHandle>522795</InitialHandle>
			<ObjectProperties>
				<TextureVariation>0</TextureVariation>
			</ObjectProperties>
			<OpacityLevel>255</OpacityLevel>
			<LodDistance>16960</LodDistance>
			<IsVisible>true</IsVisible>
			<MaxHealth>1000</MaxHealth>
			<Health>1000</Health>
			<HasGravity>true</HasGravity>
			<IsOnFire>false</IsOnFire>
			<IsInvincible>false</IsInvincible>
			<IsBulletProof>false</IsBulletProof>
			<IsCollisionProof>false</IsCollisionProof>
			<IsExplosionProof>false</IsExplosionProof>
			<IsFireProof>false</IsFireProof>
			<IsMeleeProof>false</IsMeleeProof>
			<IsOnlyDamagedByPlayer>false</IsOnlyDamagedByPlayer>
			<PositionRotation>
				<X>229.330231</X>
				<Y>-1994.64746</Y>
				<Z>18.9479389</Z>
				<Pitch>2.29403067</Pitch>
				<Roll>90.23452</Roll>
				<Yaw>-52.2826614</Yaw>
			</PositionRotation>
			<Attachment isAttached="true">
				<AttachedTo>188711</AttachedTo>
				<BoneIndex>0</BoneIndex>
				<X>-0.787605226</X>
				<Y>1.7456398</Y>
				<Z>-0.0818346292</Z>
				<Pitch>1.60111189</Pitch>
				<Roll>88.6772995</Roll>
				<Yaw>89.6592865</Yaw>
			</Attachment>
		</Attachment>
		<Attachment>
			<ModelHash>0xd3edbc71</ModelHash>
			<Type>3</Type>
			<Dynamic>false</Dynamic>
			<FrozenPos>true</FrozenPos>
			<HashName>w_mg_combatmg</HashName>
			<InitialHandle>674098</InitialHandle>
			<ObjectProperties>
				<TextureVariation>0</TextureVariation>
			</ObjectProperties>
			<OpacityLevel>255</OpacityLevel>
			<LodDistance>16960</LodDistance>
			<IsVisible>true</IsVisible>
			<MaxHealth>1000</MaxHealth>
			<Health>1000</Health>
			<HasGravity>true</HasGravity>
			<IsOnFire>false</IsOnFire>
			<IsInvincible>false</IsInvincible>
			<IsBulletProof>false</IsBulletProof>
			<IsCollisionProof>false</IsCollisionProof>
			<IsExplosionProof>false</IsExplosionProof>
			<IsFireProof>false</IsFireProof>
			<IsMeleeProof>false</IsMeleeProof>
			<IsOnlyDamagedByPlayer>false</IsOnlyDamagedByPlayer>
			<PositionRotation>
				<X>227.92038</X>
				<Y>-1995.01025</Y>
				<Z>19.4270782</Z>
				<Pitch>2.28695583</Pitch>
				<Roll>0.237693191</Roll>
				<Yaw>-52.5431023</Yaw>
			</PositionRotation>
			<Attachment isAttached="true">
				<AttachedTo>188711</AttachedTo>
				<BoneIndex>0</BoneIndex>
				<X>0.539744854</X>
				<Y>1.14801323</Y>
				<Z>0.397613138</Z>
				<Pitch>1.60111356</Pitch>
				<Roll>-1.32266295</Roll>
				<Yaw>89.3988724</Yaw>
			</Attachment>
		</Attachment>
		<Attachment>
			<ModelHash>0xd3edbc71</ModelHash>
			<Type>3</Type>
			<Dynamic>false</Dynamic>
			<FrozenPos>true</FrozenPos>
			<HashName>w_mg_combatmg</HashName>
			<InitialHandle>700978</InitialHandle>
			<ObjectProperties>
				<TextureVariation>0</TextureVariation>
			</ObjectProperties>
			<OpacityLevel>255</OpacityLevel>
			<LodDistance>16960</LodDistance>
			<IsVisible>true</IsVisible>
			<MaxHealth>1000</MaxHealth>
			<Health>1000</Health>
			<HasGravity>true</HasGravity>
			<IsOnFire>false</IsOnFire>
			<IsInvincible>false</IsInvincible>
			<IsBulletProof>false</IsBulletProof>
			<IsCollisionProof>false</IsCollisionProof>
			<IsExplosionProof>false</IsExplosionProof>
			<IsFireProof>false</IsFireProof>
			<IsMeleeProof>false</IsMeleeProof>
			<IsOnlyDamagedByPlayer>false</IsOnlyDamagedByPlayer>
			<PositionRotation>
				<X>228.088989</X>
				<Y>-1994.88867</Y>
				<Z>19.4248276</Z>
				<Pitch>2.27751374</Pitch>
				<Roll>0.241809472</Roll>
				<Yaw>-52.8895569</Yaw>
			</PositionRotation>
			<Attachment isAttached="true">
				<AttachedTo>188711</AttachedTo>
				<BoneIndex>0</BoneIndex>
				<X>0.332073212</X>
				<Y>1.15649629</Y>
				<Z>0.393043965</Z>
				<Pitch>1.60111356</Pitch>
				<Roll>-1.32266295</Roll>
				<Yaw>89.0524139</Yaw>
			</Attachment>
		</Attachment>
		<Attachment>
			<ModelHash>0x715c7e1f</ModelHash>
			<Type>3</Type>
			<Dynamic>false</Dynamic>
			<FrozenPos>true</FrozenPos>
			<HashName>w_lr_homing</HashName>
			<InitialHandle>132403</InitialHandle>
			<ObjectProperties>
				<TextureVariation>0</TextureVariation>
			</ObjectProperties>
			<OpacityLevel>255</OpacityLevel>
			<LodDistance>16960</LodDistance>
			<IsVisible>true</IsVisible>
			<MaxHealth>1000</MaxHealth>
			<Health>1000</Health>
			<HasGravity>true</HasGravity>
			<IsOnFire>false</IsOnFire>
			<IsInvincible>false</IsInvincible>
			<IsBulletProof>false</IsBulletProof>
			<IsCollisionProof>false</IsCollisionProof>
			<IsExplosionProof>false</IsExplosionProof>
			<IsFireProof>false</IsFireProof>
			<IsMeleeProof>false</IsMeleeProof>
			<IsOnlyDamagedByPlayer>false</IsOnlyDamagedByPlayer>
			<PositionRotation>
				<X>226.688126</X>
				<Y>-1993.18872</Y>
				<Z>19.7028294</Z>
				<Pitch>2.24427986</Pitch>
				<Roll>-19.744236</Roll>
				<Yaw>-54.1019402</Yaw>
			</PositionRotation>
			<Attachment isAttached="true">
				<AttachedTo>188711</AttachedTo>
				<BoneIndex>0</BoneIndex>
				<X>0.382044017</X>
				<Y>-1.05240178</Y>
				<Z>0.611935854</Z>
				<Pitch>1.60111439</Pitch>
				<Roll>-21.3226643</Roll>
				<Yaw>87.8400345</Yaw>
			</Attachment>
		</Attachment>
		<Attachment>
			<ModelHash>0x715c7e1f</ModelHash>
			<Type>3</Type>
			<Dynamic>false</Dynamic>
			<FrozenPos>true</FrozenPos>
			<HashName>w_lr_homing</HashName>
			<InitialHandle>480308</InitialHandle>
			<ObjectProperties>
				<TextureVariation>0</TextureVariation>
			</ObjectProperties>
			<OpacityLevel>255</OpacityLevel>
			<LodDistance>16960</LodDistance>
			<IsVisible>true</IsVisible>
			<MaxHealth>1000</MaxHealth>
			<Health>1000</Health>
			<HasGravity>true</HasGravity>
			<IsOnFire>false</IsOnFire>
			<IsInvincible>false</IsInvincible>
			<IsBulletProof>false</IsBulletProof>
			<IsCollisionProof>false</IsCollisionProof>
			<IsExplosionProof>false</IsExplosionProof>
			<IsFireProof>false</IsFireProof>
			<IsMeleeProof>false</IsMeleeProof>
			<IsOnlyDamagedByPlayer>false</IsOnlyDamagedByPlayer>
			<PositionRotation>
				<X>226.91246</X>
				<Y>-1993.02307</Y>
				<Z>19.7164993</Z>
				<Pitch>2.24904752</Pitch>
				<Roll>-19.7461853</Roll>
				<Yaw>-53.9286957</Yaw>
			</PositionRotation>
			<Attachment isAttached="true">
				<AttachedTo>188711</AttachedTo>
				<BoneIndex>0</BoneIndex>
				<X>0.103196792</X>
				<Y>-1.04454446</Y>
				<Z>0.622402251</Z>
				<Pitch>1.60111439</Pitch>
				<Roll>-21.3226624</Roll>
				<Yaw>88.0132828</Yaw>
			</Attachment>
		</Attachment>
		<Attachment>
			<ModelHash>0x715c7e1f</ModelHash>
			<Type>3</Type>
			<Dynamic>false</Dynamic>
			<FrozenPos>true</FrozenPos>
			<HashName>w_lr_homing</HashName>
			<InitialHandle>185140</InitialHandle>
			<ObjectProperties>
				<TextureVariation>0</TextureVariation>
			</ObjectProperties>
			<OpacityLevel>255</OpacityLevel>
			<LodDistance>16960</LodDistance>
			<IsVisible>true</IsVisible>
			<MaxHealth>1000</MaxHealth>
			<Health>1000</Health>
			<HasGravity>true</HasGravity>
			<IsOnFire>false</IsOnFire>
			<IsInvincible>false</IsInvincible>
			<IsBulletProof>false</IsBulletProof>
			<IsCollisionProof>false</IsCollisionProof>
			<IsExplosionProof>false</IsExplosionProof>
			<IsFireProof>false</IsFireProof>
			<IsMeleeProof>false</IsMeleeProof>
			<IsOnlyDamagedByPlayer>false</IsOnlyDamagedByPlayer>
			<PositionRotation>
				<X>227.197403</X>
				<Y>-1992.82349</Y>
				<Z>19.720871</Z>
				<Pitch>2.2347281</Pitch>
				<Roll>-19.7403717</Roll>
				<Yaw>-54.4483643</Yaw>
			</PositionRotation>
			<Attachment isAttached="true">
				<AttachedTo>188711</AttachedTo>
				<BoneIndex>0</BoneIndex>
				<X>-0.244225293</X>
				<Y>-1.02580905</Y>
				<Z>0.623019814</Z>
				<Pitch>1.60111439</Pitch>
				<Roll>-21.3226547</Roll>
				<Yaw>87.4936142</Yaw>
			</Attachment>
		</Attachment>
		<Attachment>
			<ModelHash>0x45c35f6a</ModelHash>
			<Type>3</Type>
			<Dynamic>false</Dynamic>
			<FrozenPos>true</FrozenPos>
			<HashName>prop_dock_shippad</HashName>
			<InitialHandle>426770</InitialHandle>
			<ObjectProperties>
				<TextureVariation>0</TextureVariation>
			</ObjectProperties>
			<OpacityLevel>255</OpacityLevel>
			<LodDistance>16960</LodDistance>
			<IsVisible>true</IsVisible>
			<MaxHealth>1000</MaxHealth>
			<Health>1000</Health>
			<HasGravity>true</HasGravity>
			<IsOnFire>false</IsOnFire>
			<IsInvincible>false</IsInvincible>
			<IsBulletProof>false</IsBulletProof>
			<IsCollisionProof>false</IsCollisionProof>
			<IsExplosionProof>false</IsExplosionProof>
			<IsFireProof>false</IsFireProof>
			<IsMeleeProof>false</IsMeleeProof>
			<IsOnlyDamagedByPlayer>false</IsOnlyDamagedByPlayer>
			<PositionRotation>
				<X>227.532303</X>
				<Y>-1994.59741</Y>
				<Z>18.5279751</Z>
				<Pitch>2.25532508</Pitch>
				<Roll>0.251216471</Roll>
				<Yaw>-53.7001419</Yaw>
			</PositionRotation>
			<Attachment isAttached="true">
				<AttachedTo>188711</AttachedTo>
				<BoneIndex>0</BoneIndex>
				<X>0.60140425</X>
				<Y>0.608210027</Y>
				<Z>-0.515755534</Z>
				<Pitch>1.60111356</Pitch>
				<Roll>-1.32266295</Roll>
				<Yaw>88.2418442</Yaw>
			</Attachment>
		</Attachment>
		<Attachment>
			<ModelHash>0x45c35f6a</ModelHash>
			<Type>3</Type>
			<Dynamic>false</Dynamic>
			<FrozenPos>true</FrozenPos>
			<HashName>prop_dock_shippad</HashName>
			<InitialHandle>32056</InitialHandle>
			<ObjectProperties>
				<TextureVariation>0</TextureVariation>
			</ObjectProperties>
			<OpacityLevel>255</OpacityLevel>
			<LodDistance>16960</LodDistance>
			<IsVisible>true</IsVisible>
			<MaxHealth>1000</MaxHealth>
			<Health>1000</Health>
			<HasGravity>true</HasGravity>
			<IsOnFire>false</IsOnFire>
			<IsInvincible>false</IsInvincible>
			<IsBulletProof>false</IsBulletProof>
			<IsCollisionProof>false</IsCollisionProof>
			<IsExplosionProof>false</IsExplosionProof>
			<IsFireProof>false</IsFireProof>
			<IsMeleeProof>false</IsMeleeProof>
			<IsOnlyDamagedByPlayer>false</IsOnlyDamagedByPlayer>
			<PositionRotation>
				<X>226.797943</X>
				<Y>-1993.6554</Y>
				<Z>18.5549793</Z>
				<Pitch>2.33401299</Pitch>
				<Roll>0.216148511</Roll>
				<Yaw>-50.8023033</Yaw>
			</PositionRotation>
			<Attachment isAttached="true">
				<AttachedTo>188711</AttachedTo>
				<BoneIndex>0</BoneIndex>
				<X>0.59763509</X>
				<Y>-0.586577833</Y>
				<Z>-0.521157384</Z>
				<Pitch>1.60111356</Pitch>
				<Roll>-1.32266295</Roll>
				<Yaw>91.1395645</Yaw>
			</Attachment>
		</Attachment>
		<Attachment>
			<ModelHash>0x45c35f6a</ModelHash>
			<Type>3</Type>
			<Dynamic>false</Dynamic>
			<FrozenPos>true</FrozenPos>
			<HashName>prop_dock_shippad</HashName>
			<InitialHandle>314168</InitialHandle>
			<ObjectProperties>
				<TextureVariation>0</TextureVariation>
			</ObjectProperties>
			<OpacityLevel>255</OpacityLevel>
			<LodDistance>16960</LodDistance>
			<IsVisible>true</IsVisible>
			<MaxHealth>1000</MaxHealth>
			<Health>1000</Health>
			<HasGravity>true</HasGravity>
			<IsOnFire>false</IsOnFire>
			<IsInvincible>false</IsInvincible>
			<IsBulletProof>false</IsBulletProof>
			<IsCollisionProof>false</IsCollisionProof>
			<IsExplosionProof>false</IsExplosionProof>
			<IsFireProof>false</IsFireProof>
			<IsMeleeProof>false</IsMeleeProof>
			<IsOnlyDamagedByPlayer>false</IsOnlyDamagedByPlayer>
			<PositionRotation>
				<X>228.583847</X>
				<Y>-1993.96826</Y>
				<Z>18.5479393</Z>
				<Pitch>0.943771064</Pitch>
				<Roll>-2.89473271</Roll>
				<Yaw>126.45787</Yaw>
			</PositionRotation>
			<Attachment isAttached="true">
				<AttachedTo>188711</AttachedTo>
				<BoneIndex>0</BoneIndex>
				<X>-0.614435852</X>
				<Y>0.761801362</Y>
				<Z>-0.506539702</Z>
				<Pitch>1.60111356</Pitch>
				<Roll>-1.32266295</Roll>
				<Yaw>268.311981</Yaw>
			</Attachment>
		</Attachment>
		<Attachment>
			<ModelHash>0x45c35f6a</ModelHash>
			<Type>3</Type>
			<Dynamic>false</Dynamic>
			<FrozenPos>true</FrozenPos>
			<HashName>prop_dock_shippad</HashName>
			<InitialHandle>737324</InitialHandle>
			<ObjectProperties>
				<TextureVariation>0</TextureVariation>
			</ObjectProperties>
			<OpacityLevel>255</OpacityLevel>
			<LodDistance>16960</LodDistance>
			<IsVisible>true</IsVisible>
			<MaxHealth>1000</MaxHealth>
			<Health>1000</Health>
			<HasGravity>true</HasGravity>
			<IsOnFire>false</IsOnFire>
			<IsInvincible>false</IsInvincible>
			<IsBulletProof>false</IsBulletProof>
			<IsCollisionProof>false</IsCollisionProof>
			<IsExplosionProof>false</IsExplosionProof>
			<IsFireProof>false</IsFireProof>
			<IsMeleeProof>false</IsMeleeProof>
			<IsOnlyDamagedByPlayer>false</IsOnlyDamagedByPlayer>
			<PositionRotation>
				<X>227.899826</X>
				<Y>-1993.08948</Y>
				<Z>18.5773144</Z>
				<Pitch>0.97864908</Pitch>
				<Roll>-2.90888429</Roll>
				<Yaw>125.192581</Yaw>
			</PositionRotation>
			<Attachment isAttached="true">
				<AttachedTo>188711</AttachedTo>
				<BoneIndex>0</BoneIndex>
				<X>-0.618838131</X>
				<Y>-0.352259427</Y>
				<Z>-0.507389605</Z>
				<Pitch>1.60111332</Pitch>
				<Roll>-1.32266331</Roll>
				<Yaw>267.045898</Yaw>
			</Attachment>
		</Attachment>
		<Attachment>
			<ModelHash>0x45c35f6a</ModelHash>
			<Type>3</Type>
			<Dynamic>false</Dynamic>
			<FrozenPos>true</FrozenPos>
			<HashName>prop_dock_shippad</HashName>
			<InitialHandle>199738</InitialHandle>
			<ObjectProperties>
				<TextureVariation>0</TextureVariation>
			</ObjectProperties>
			<OpacityLevel>255</OpacityLevel>
			<LodDistance>16960</LodDistance>
			<IsVisible>true</IsVisible>
			<MaxHealth>1000</MaxHealth>
			<Health>1000</Health>
			<HasGravity>true</HasGravity>
			<IsOnFire>false</IsOnFire>
			<IsInvincible>false</IsInvincible>
			<IsBulletProof>false</IsBulletProof>
			<IsCollisionProof>false</IsCollisionProof>
			<IsExplosionProof>false</IsExplosionProof>
			<IsFireProof>false</IsFireProof>
			<IsMeleeProof>false</IsMeleeProof>
			<IsOnlyDamagedByPlayer>false</IsOnlyDamagedByPlayer>
			<PositionRotation>
				<X>227.692795</X>
				<Y>-1994.2533</Y>
				<Z>19.0005779</Z>
				<Pitch>-56.8362541</Pitch>
				<Roll>-2.59000182</Roll>
				<Yaw>36.6896553</Yaw>
			</PositionRotation>
			<Attachment isAttached="true">
				<AttachedTo>188711</AttachedTo>
				<BoneIndex>0</BoneIndex>
				<X>0.257003129</X>
				<Y>0.423829556</Y>
				<Z>-0.0521663129</Z>
				<Pitch>-58.3988991</Pitch>
				<Roll>-1.32266295</Roll>
				<Yaw>179.649048</Yaw>
			</Attachment>
		</Attachment>
		<Attachment>
			<ModelHash>0x45c35f6a</ModelHash>
			<Type>3</Type>
			<Dynamic>false</Dynamic>
			<FrozenPos>true</FrozenPos>
			<HashName>prop_dock_shippad</HashName>
			<InitialHandle>580666</InitialHandle>
			<ObjectProperties>
				<TextureVariation>0</TextureVariation>
			</ObjectProperties>
			<OpacityLevel>255</OpacityLevel>
			<LodDistance>16960</LodDistance>
			<IsVisible>true</IsVisible>
			<MaxHealth>1000</MaxHealth>
			<Health>1000</Health>
			<HasGravity>true</HasGravity>
			<IsOnFire>false</IsOnFire>
			<IsInvincible>false</IsInvincible>
			<IsBulletProof>false</IsBulletProof>
			<IsCollisionProof>false</IsCollisionProof>
			<IsExplosionProof>false</IsExplosionProof>
			<IsFireProof>false</IsFireProof>
			<IsMeleeProof>false</IsMeleeProof>
			<IsOnlyDamagedByPlayer>false</IsOnlyDamagedByPlayer>
			<PositionRotation>
				<X>226.545181</X>
				<Y>-1992.38245</Y>
				<Z>19.3028049</Z>
				<Pitch>-69.9697266</Pitch>
				<Roll>0.534214616</Roll>
				<Yaw>-142.598236</Yaw>
			</PositionRotation>
			<Attachment isAttached="true">
				<AttachedTo>188711</AttachedTo>
				<BoneIndex>0</BoneIndex>
				<X>0.0019316636</X>
				<Y>-1.76387691</Y>
				<Z>0.187793195</Z>
				<Pitch>-68.3989029</Pitch>
				<Roll>-1.32266295</Roll>
				<Yaw>-2.44509125</Yaw>
			</Attachment>
		</Attachment>
		<Attachment>
			<ModelHash>0x45c35f6a</ModelHash>
			<Type>3</Type>
			<Dynamic>false</Dynamic>
			<FrozenPos>true</FrozenPos>
			<HashName>prop_dock_shippad</HashName>
			<InitialHandle>203578</InitialHandle>
			<ObjectProperties>
				<TextureVariation>0</TextureVariation>
			</ObjectProperties>
			<OpacityLevel>255</OpacityLevel>
			<LodDistance>16960</LodDistance>
			<IsVisible>true</IsVisible>
			<MaxHealth>1000</MaxHealth>
			<Health>1000</Health>
			<HasGravity>true</HasGravity>
			<IsOnFire>false</IsOnFire>
			<IsInvincible>false</IsInvincible>
			<IsBulletProof>false</IsBulletProof>
			<IsCollisionProof>false</IsCollisionProof>
			<IsExplosionProof>false</IsExplosionProof>
			<IsFireProof>false</IsFireProof>
			<IsMeleeProof>false</IsMeleeProof>
			<IsOnlyDamagedByPlayer>false</IsOnlyDamagedByPlayer>
			<PositionRotation>
				<X>227.014069</X>
				<Y>-1992.13452</Y>
				<Z>18.6041908</Z>
				<Pitch>-0.0719173029</Pitch>
				<Roll>-1.64399004</Roll>
				<Yaw>-177.124191</Yaw>
			</PositionRotation>
			<Attachment isAttached="true">
				<AttachedTo>188711</AttachedTo>
				<BoneIndex>0</BoneIndex>
				<X>-0.51138401</X>
				<Y>-1.65053856</Y>
				<Z>-0.514357507</Z>
				<Pitch>1.60111356</Pitch>
				<Roll>-1.32266295</Roll>
				<Yaw>-35.2394638</Yaw>
			</Attachment>
		</Attachment>
		<Attachment>
			<ModelHash>0x45c35f6a</ModelHash>
			<Type>3</Type>
			<Dynamic>false</Dynamic>
			<FrozenPos>true</FrozenPos>
			<HashName>prop_dock_shippad</HashName>
			<InitialHandle>690710</InitialHandle>
			<ObjectProperties>
				<TextureVariation>0</TextureVariation>
			</ObjectProperties>
			<OpacityLevel>255</OpacityLevel>
			<LodDistance>16960</LodDistance>
			<IsVisible>true</IsVisible>
			<MaxHealth>1000</MaxHealth>
			<Health>1000</Health>
			<HasGravity>true</HasGravity>
			<IsOnFire>false</IsOnFire>
			<IsInvincible>false</IsInvincible>
			<IsBulletProof>false</IsBulletProof>
			<IsCollisionProof>false</IsCollisionProof>
			<IsExplosionProof>false</IsExplosionProof>
			<IsFireProof>false</IsFireProof>
			<IsMeleeProof>false</IsMeleeProof>
			<IsOnlyDamagedByPlayer>false</IsOnlyDamagedByPlayer>
			<PositionRotation>
				<X>226.215012</X>
				<Y>-1992.69897</Y>
				<Z>18.5992813</Z>
				<Pitch>0.622456312</Pitch>
				<Roll>0.0720656216</Roll>
				<Yaw>-111.328491</Yaw>
			</PositionRotation>
			<Attachment isAttached="true">
				<AttachedTo>188711</AttachedTo>
				<BoneIndex>0</BoneIndex>
				<X>0.465711623</X>
				<Y>-1.69957912</Y>
				<Z>-0.508609176</Z>
				<Pitch>1.60111356</Pitch>
				<Roll>-1.32266295</Roll>
				<Yaw>30.5875854</Yaw>
			</Attachment>
		</Attachment>
	</SpoonerAttachments>
</Vehicle>
