<?xml version="1.0" encoding="ISO-8859-1"?>
<Vehicle menyoo_ver="0.9998744b">
	<ModelHash>0x28b67aca</ModelHash>
	<InitialHandle>523268</InitialHandle>
	<VehicleProperties>
		<Colours>
			<Primary>12</Primary>
			<Secondary>0</Secondary>
			<Pearl>2</Pearl>
			<Rim>7</Rim>
			<Mod1_a>6</Mod1_a>
			<Mod1_b>-1</Mod1_b>
			<Mod1_c>-1</Mod1_c>
			<Mod2_a>6</Mod2_a>
			<Mod2_b>-1</Mod2_b>
			<IsPrimaryColourCustom>false</IsPrimaryColourCustom>
			<IsSecondaryColourCustom>false</IsSecondaryColourCustom>
			<tyreSmoke_R>255</tyreSmoke_R>
			<tyreSmoke_G>255</tyreSmoke_G>
			<tyreSmoke_B>255</tyreSmoke_B>
			<LrInterior>8</LrInterior>
			<LrDashboard>156</LrDashboard>
		</Colours>
		<Livery>-1</Livery>
		<NumberPlateText>62JYO172</NumberPlateText>
		<NumberPlateIndex>0</NumberPlateIndex>
		<WheelType>3</WheelType>
		<WheelsInvisible>false</WheelsInvisible>
		<EngineSoundName></EngineSoundName>
		<WindowTint>-1</WindowTint>
		<BulletProofTyres>false</BulletProofTyres>
		<DirtLevel>0.017928794</DirtLevel>
		<PaintFade>0.298039228</PaintFade>
		<RoofState>0</RoofState>
		<SirenActive>false</SirenActive>
		<EngineOn>true</EngineOn>
		<EngineHealth>1000</EngineHealth>
		<LightsOn>false</LightsOn>
		<IsRadioLoud>0</IsRadioLoud>
		<LockStatus>1</LockStatus>
		<Neons>
			<Left>false</Left>
			<Right>false</Right>
			<Front>false</Front>
			<Back>false</Back>
			<R>255</R>
			<G>0</G>
			<B>255</B>
		</Neons>
		<ModExtras>
			<_1>true</_1>
		</ModExtras>
		<Mods>
			<_0>-1,0</_0>
			<_1>-1,0</_1>
			<_2>-1,0</_2>
			<_3>-1,0</_3>
			<_4>-1,0</_4>
			<_5>-1,0</_5>
			<_6>-1,0</_6>
			<_7>-1,0</_7>
			<_8>-1,0</_8>
			<_9>-1,0</_9>
			<_10>-1,0</_10>
			<_11>-1,0</_11>
			<_12>-1,0</_12>
			<_13>-1,0</_13>
			<_14>-1,0</_14>
			<_15>-1,0</_15>
			<_16>-1,0</_16>
			<_17>false</_17>
			<_18>false</_18>
			<_19>false</_19>
			<_20>false</_20>
			<_21>false</_21>
			<_22>false</_22>
			<_23>-1,0</_23>
			<_24>-1,0</_24>
			<_25>-1,0</_25>
			<_26>-1,0</_26>
			<_27>-1,0</_27>
			<_28>-1,0</_28>
			<_29>-1,0</_29>
			<_30>-1,0</_30>
			<_31>-1,0</_31>
			<_32>-1,0</_32>
			<_33>-1,0</_33>
			<_34>-1,0</_34>
			<_35>-1,0</_35>
			<_36>-1,0</_36>
			<_37>-1,0</_37>
			<_38>-1,0</_38>
			<_39>-1,0</_39>
			<_40>-1,0</_40>
			<_41>-1,0</_41>
			<_42>-1,0</_42>
			<_43>-1,0</_43>
			<_44>-1,0</_44>
			<_45>-1,0</_45>
			<_46>-1,0</_46>
			<_47>-1,0</_47>
			<_48>-1,0</_48>
		</Mods>
		<DoorsOpen>
			<BackLeftDoor>false</BackLeftDoor>
			<BackRightDoor>false</BackRightDoor>
			<FrontLeftDoor>false</FrontLeftDoor>
			<FrontRightDoor>false</FrontRightDoor>
			<Hood>false</Hood>
			<Trunk>false</Trunk>
			<Trunk2>false</Trunk2>
		</DoorsOpen>
		<DoorsBroken>
			<BackLeftDoor>false</BackLeftDoor>
			<BackRightDoor>false</BackRightDoor>
			<FrontLeftDoor>false</FrontLeftDoor>
			<FrontRightDoor>false</FrontRightDoor>
			<Hood>false</Hood>
			<Trunk>false</Trunk>
			<Trunk2>false</Trunk2>
		</DoorsBroken>
		<TyresBursted>
			<FrontLeft>false</FrontLeft>
			<FrontRight>false</FrontRight>
			<_2>false</_2>
			<_3>false</_3>
			<BackLeft>false</BackLeft>
			<BackRight>false</BackRight>
			<_6>false</_6>
			<_7>false</_7>
			<_8>false</_8>
		</TyresBursted>
	</VehicleProperties>
	<OpacityLevel>255</OpacityLevel>
	<LodDistance>16960</LodDistance>
	<IsVisible>true</IsVisible>
	<IsDriverVisible>true</IsDriverVisible>
	<MaxHealth>1000</MaxHealth>
	<Health>1000</Health>
	<HasGravity>true</HasGravity>
	<IsOnFire>false</IsOnFire>
	<IsInvincible>false</IsInvincible>
	<IsBulletProof>false</IsBulletProof>
	<IsExplosionProof>false</IsExplosionProof>
	<IsFireProof>false</IsFireProof>
	<IsMeleeProof>false</IsMeleeProof>
	<IsOnlyDamagedByPlayer>false</IsOnlyDamagedByPlayer>
	<SpoonerAttachments SetAttachmentsPersistentAndAddToSpoonerDatabase="false" StartTaskSequencesOnLoad="true">
		<Attachment>
			<ModelHash>0x44083a8f</ModelHash>
			<Type>3</Type>
			<Dynamic>false</Dynamic>
			<FrozenPos>true</FrozenPos>
			<HashName>prop_ballistic_shield</HashName>
			<InitialHandle>2054</InitialHandle>
			<ObjectProperties>
				<TextureVariation>0</TextureVariation>
			</ObjectProperties>
			<OpacityLevel>255</OpacityLevel>
			<LodDistance>16960</LodDistance>
			<IsVisible>true</IsVisible>
			<MaxHealth>1000</MaxHealth>
			<Health>1000</Health>
			<HasGravity>true</HasGravity>
			<IsOnFire>false</IsOnFire>
			<IsInvincible>false</IsInvincible>
			<IsBulletProof>false</IsBulletProof>
			<IsCollisionProof>false</IsCollisionProof>
			<IsExplosionProof>false</IsExplosionProof>
			<IsFireProof>false</IsFireProof>
			<IsMeleeProof>false</IsMeleeProof>
			<IsOnlyDamagedByPlayer>false</IsOnlyDamagedByPlayer>
			<PositionRotation>
				<X>1330.15637</X>
				<Y>2743.04761</Y>
				<Z>52.7486877</Z>
				<Pitch>-11.8598099</Pitch>
				<Roll>-4.18037939</Roll>
				<Yaw>-22.3150978</Yaw>
			</PositionRotation>
			<Attachment isAttached="true">
				<AttachedTo>523268</AttachedTo>
				<BoneIndex>-1</BoneIndex>
				<X>0.379130572</X>
				<Y>0.0364442393</Y>
				<Z>0.970334947</Z>
				<Pitch>-12.2812214</Pitch>
				<Roll>-0.619972289</Roll>
				<Yaw>-202.664307</Yaw>
			</Attachment>
		</Attachment>
		<Attachment>
			<ModelHash>0x44083a8f</ModelHash>
			<Type>3</Type>
			<Dynamic>false</Dynamic>
			<FrozenPos>true</FrozenPos>
			<HashName>prop_ballistic_shield</HashName>
			<InitialHandle>126982</InitialHandle>
			<ObjectProperties>
				<TextureVariation>0</TextureVariation>
			</ObjectProperties>
			<OpacityLevel>255</OpacityLevel>
			<LodDistance>16960</LodDistance>
			<IsVisible>true</IsVisible>
			<MaxHealth>1000</MaxHealth>
			<Health>1000</Health>
			<HasGravity>true</HasGravity>
			<IsOnFire>false</IsOnFire>
			<IsInvincible>false</IsInvincible>
			<IsBulletProof>false</IsBulletProof>
			<IsCollisionProof>false</IsCollisionProof>
			<IsExplosionProof>false</IsExplosionProof>
			<IsFireProof>false</IsFireProof>
			<IsMeleeProof>false</IsMeleeProof>
			<IsOnlyDamagedByPlayer>false</IsOnlyDamagedByPlayer>
			<PositionRotation>
				<X>1330.88757</X>
				<Y>2743.09521</Y>
				<Z>52.789978</Z>
				<Pitch>-17.7496433</Pitch>
				<Roll>-3.01871181</Roll>
				<Yaw>29.3128586</Yaw>
			</PositionRotation>
			<Attachment isAttached="true">
				<AttachedTo>523268</AttachedTo>
				<BoneIndex>0</BoneIndex>
				<X>-0.354048193</X>
				<Y>0.00312133553</Y>
				<Z>0.969108403</Z>
				<Pitch>-15.2812214</Pitch>
				<Roll>-0.419972241</Roll>
				<Yaw>-151.042084</Yaw>
			</Attachment>
		</Attachment>
		<Attachment>
			<ModelHash>0xc89630b8</ModelHash>
			<Type>3</Type>
			<Dynamic>false</Dynamic>
			<FrozenPos>true</FrozenPos>
			<HashName>prop_minigun_01</HashName>
			<InitialHandle>702216</InitialHandle>
			<ObjectProperties>
				<TextureVariation>0</TextureVariation>
			</ObjectProperties>
			<OpacityLevel>255</OpacityLevel>
			<LodDistance>16960</LodDistance>
			<IsVisible>true</IsVisible>
			<MaxHealth>1000</MaxHealth>
			<Health>1000</Health>
			<HasGravity>true</HasGravity>
			<IsOnFire>false</IsOnFire>
			<IsInvincible>false</IsInvincible>
			<IsBulletProof>false</IsBulletProof>
			<IsCollisionProof>false</IsCollisionProof>
			<IsExplosionProof>false</IsExplosionProof>
			<IsFireProof>false</IsFireProof>
			<IsMeleeProof>false</IsMeleeProof>
			<IsOnlyDamagedByPlayer>false</IsOnlyDamagedByPlayer>
			<PositionRotation>
				<X>1330.56506</X>
				<Y>2743.05981</Y>
				<Z>52.8004036</Z>
				<Pitch>-86.2247162</Pitch>
				<Roll>-17.4523182</Roll>
				<Yaw>-105.256432</Yaw>
			</PositionRotation>
			<Attachment isAttached="true">
				<AttachedTo>523268</AttachedTo>
				<BoneIndex>-1</BoneIndex>
				<X>-0.0320863351</X>
				<Y>0.0325069092</Y>
				<Z>0.998009503</Z>
				<Pitch>-90.2685623</Pitch>
				<Roll>159.769714</Roll>
				<Yaw>-109.12796</Yaw>
			</Attachment>
		</Attachment>
		<Attachment>
			<ModelHash>0xba109ee7</ModelHash>
			<Type>3</Type>
			<Dynamic>false</Dynamic>
			<FrozenPos>true</FrozenPos>
			<HashName>p_clb_officechair_s</HashName>
			<InitialHandle>342796</InitialHandle>
			<ObjectProperties>
				<TextureVariation>0</TextureVariation>
			</ObjectProperties>
			<OpacityLevel>255</OpacityLevel>
			<LodDistance>16960</LodDistance>
			<IsVisible>true</IsVisible>
			<MaxHealth>1000</MaxHealth>
			<Health>1000</Health>
			<HasGravity>true</HasGravity>
			<IsOnFire>false</IsOnFire>
			<IsInvincible>false</IsInvincible>
			<IsBulletProof>false</IsBulletProof>
			<IsCollisionProof>false</IsCollisionProof>
			<IsExplosionProof>false</IsExplosionProof>
			<IsFireProof>false</IsFireProof>
			<IsMeleeProof>false</IsMeleeProof>
			<IsOnlyDamagedByPlayer>false</IsOnlyDamagedByPlayer>
			<PositionRotation>
				<X>1330.53857</X>
				<Y>2743.65918</Y>
				<Z>51.9812126</Z>
				<Pitch>-1.33789599</Pitch>
				<Roll>-4.96444654</Roll>
				<Yaw>2.46315217</Yaw>
			</PositionRotation>
			<Attachment isAttached="true">
				<AttachedTo>523268</AttachedTo>
				<BoneIndex>0</BoneIndex>
				<X>0.0308137722</X>
				<Y>-0.580880404</Y>
				<Z>0.191430733</Z>
				<Pitch>-0.281222314</Pitch>
				<Roll>-1.61997235</Roll>
				<Yaw>-178.583557</Yaw>
			</Attachment>
		</Attachment>
		<Attachment>
			<ModelHash>0xa53de4d1</ModelHash>
			<Type>3</Type>
			<Dynamic>false</Dynamic>
			<FrozenPos>true</FrozenPos>
			<HashName>prop_box_ammo02a</HashName>
			<InitialHandle>390669</InitialHandle>
			<ObjectProperties>
				<TextureVariation>0</TextureVariation>
			</ObjectProperties>
			<OpacityLevel>255</OpacityLevel>
			<LodDistance>16960</LodDistance>
			<IsVisible>true</IsVisible>
			<MaxHealth>1000</MaxHealth>
			<Health>1000</Health>
			<HasGravity>true</HasGravity>
			<IsOnFire>false</IsOnFire>
			<IsInvincible>false</IsInvincible>
			<IsBulletProof>false</IsBulletProof>
			<IsCollisionProof>false</IsCollisionProof>
			<IsExplosionProof>false</IsExplosionProof>
			<IsFireProof>false</IsFireProof>
			<IsMeleeProof>false</IsMeleeProof>
			<IsOnlyDamagedByPlayer>false</IsOnlyDamagedByPlayer>
			<PositionRotation>
				<X>1330.68823</X>
				<Y>2743.26831</Y>
				<Z>52.6680679</Z>
				<Pitch>0.581810772</Pitch>
				<Roll>1.77929127</Roll>
				<Yaw>179.193481</Yaw>
			</PositionRotation>
			<Attachment isAttached="true">
				<AttachedTo>523268</AttachedTo>
				<BoneIndex>0</BoneIndex>
				<X>-0.151251763</X>
				<Y>-0.175912291</Y>
				<Z>0.861958206</Z>
				<Pitch>-0.281222314</Pitch>
				<Roll>-1.61997235</Roll>
				<Yaw>-1.89156342</Yaw>
			</Attachment>
		</Attachment>
		<Attachment>
			<ModelHash>0x9c0759ec</ModelHash>
			<Type>3</Type>
			<Dynamic>false</Dynamic>
			<FrozenPos>true</FrozenPos>
			<HashName>ex_office_swag_guns02</HashName>
			<InitialHandle>600846</InitialHandle>
			<ObjectProperties>
				<TextureVariation>0</TextureVariation>
			</ObjectProperties>
			<OpacityLevel>255</OpacityLevel>
			<LodDistance>16960</LodDistance>
			<IsVisible>true</IsVisible>
			<MaxHealth>1000</MaxHealth>
			<Health>1000</Health>
			<HasGravity>true</HasGravity>
			<IsOnFire>false</IsOnFire>
			<IsInvincible>false</IsInvincible>
			<IsBulletProof>false</IsBulletProof>
			<IsCollisionProof>false</IsCollisionProof>
			<IsExplosionProof>false</IsExplosionProof>
			<IsFireProof>false</IsFireProof>
			<IsMeleeProof>false</IsMeleeProof>
			<IsOnlyDamagedByPlayer>false</IsOnlyDamagedByPlayer>
			<PositionRotation>
				<X>1330.20496</X>
				<Y>2744.47534</Y>
				<Z>52.624794</Z>
				<Pitch>-3.60683775</Pitch>
				<Roll>-0.505711079</Roll>
				<Yaw>93.49189</Yaw>
			</PositionRotation>
			<Attachment isAttached="true">
				<AttachedTo>523268</AttachedTo>
				<BoneIndex>0</BoneIndex>
				<X>0.309988648</X>
				<Y>-1.39217389</Y>
				<Z>0.86647433</Z>
				<Pitch>-0.281222314</Pitch>
				<Roll>-1.61997235</Roll>
				<Yaw>-87.6399078</Yaw>
			</Attachment>
		</Attachment>
		<Attachment>
			<ModelHash>0x2f9f084d</ModelHash>
			<Type>3</Type>
			<Dynamic>false</Dynamic>
			<FrozenPos>true</FrozenPos>
			<HashName>prop_box_guncase_03a</HashName>
			<InitialHandle>761359</InitialHandle>
			<ObjectProperties>
				<TextureVariation>0</TextureVariation>
			</ObjectProperties>
			<OpacityLevel>255</OpacityLevel>
			<LodDistance>16960</LodDistance>
			<IsVisible>true</IsVisible>
			<MaxHealth>1000</MaxHealth>
			<Health>1000</Health>
			<HasGravity>true</HasGravity>
			<IsOnFire>false</IsOnFire>
			<IsInvincible>false</IsInvincible>
			<IsBulletProof>false</IsBulletProof>
			<IsCollisionProof>false</IsCollisionProof>
			<IsExplosionProof>false</IsExplosionProof>
			<IsFireProof>false</IsFireProof>
			<IsMeleeProof>false</IsMeleeProof>
			<IsOnlyDamagedByPlayer>false</IsOnlyDamagedByPlayer>
			<PositionRotation>
				<X>1329.58313</X>
				<Y>2744.70581</Y>
				<Z>51.8763542</Z>
				<Pitch>3.07387018</Pitch>
				<Roll>-2.6416328</Roll>
				<Yaw>-88.0972137</Yaw>
			</PositionRotation>
			<Attachment isAttached="true">
				<AttachedTo>523268</AttachedTo>
				<BoneIndex>0</BoneIndex>
				<X>0.970148742</X>
				<Y>-1.64687681</Y>
				<Z>0.159834877</Z>
				<Pitch>-0.281222314</Pitch>
				<Roll>-1.61997235</Roll>
				<Yaw>-269.216125</Yaw>
			</Attachment>
		</Attachment>
		<Attachment>
			<ModelHash>0x9637ba84</ModelHash>
			<Type>3</Type>
			<Dynamic>false</Dynamic>
			<FrozenPos>true</FrozenPos>
			<HashName>bkr_prop_gunlocker_ammo_01a</HashName>
			<InitialHandle>336662</InitialHandle>
			<ObjectProperties>
				<TextureVariation>0</TextureVariation>
			</ObjectProperties>
			<OpacityLevel>255</OpacityLevel>
			<LodDistance>16960</LodDistance>
			<IsVisible>true</IsVisible>
			<MaxHealth>1000</MaxHealth>
			<Health>1000</Health>
			<HasGravity>true</HasGravity>
			<IsOnFire>false</IsOnFire>
			<IsInvincible>false</IsInvincible>
			<IsBulletProof>false</IsBulletProof>
			<IsCollisionProof>false</IsCollisionProof>
			<IsExplosionProof>false</IsExplosionProof>
			<IsFireProof>false</IsFireProof>
			<IsMeleeProof>false</IsMeleeProof>
			<IsOnlyDamagedByPlayer>false</IsOnlyDamagedByPlayer>
			<PositionRotation>
				<X>1330.09851</X>
				<Y>2745.19043</Y>
				<Z>52.7458038</Z>
				<Pitch>-3.14276934</Pitch>
				<Roll>0.408721268</Roll>
				<Yaw>110.314926</Yaw>
			</PositionRotation>
			<Attachment isAttached="true">
				<AttachedTo>523268</AttachedTo>
				<BoneIndex>0</BoneIndex>
				<X>0.39513272</X>
				<Y>-2.10690475</Y>
				<Z>1.00490034</Z>
				<Pitch>-0.281222314</Pitch>
				<Roll>-1.61997235</Roll>
				<Yaw>-70.8396912</Yaw>
			</Attachment>
		</Attachment>
		<Attachment>
			<ModelHash>0x7a845307</ModelHash>
			<Type>3</Type>
			<Dynamic>false</Dynamic>
			<FrozenPos>true</FrozenPos>
			<HashName>ex_prop_crate_ammo_sc</HashName>
			<InitialHandle>117783</InitialHandle>
			<ObjectProperties>
				<TextureVariation>0</TextureVariation>
			</ObjectProperties>
			<OpacityLevel>255</OpacityLevel>
			<LodDistance>16960</LodDistance>
			<IsVisible>true</IsVisible>
			<MaxHealth>1000</MaxHealth>
			<Health>1000</Health>
			<HasGravity>true</HasGravity>
			<IsOnFire>false</IsOnFire>
			<IsInvincible>false</IsInvincible>
			<IsBulletProof>false</IsBulletProof>
			<IsCollisionProof>false</IsCollisionProof>
			<IsExplosionProof>false</IsExplosionProof>
			<IsFireProof>false</IsFireProof>
			<IsMeleeProof>false</IsMeleeProof>
			<IsOnlyDamagedByPlayer>false</IsOnlyDamagedByPlayer>
			<PositionRotation>
				<X>1330.41235</X>
				<Y>2744.64917</Y>
				<Z>51.4664536</Z>
				<Pitch>-3.62336445</Pitch>
				<Roll>-0.556375086</Roll>
				<Yaw>92.620697</Yaw>
			</PositionRotation>
			<Attachment isAttached="true">
				<AttachedTo>523268</AttachedTo>
				<BoneIndex>0</BoneIndex>
				<X>0.167617947</X>
				<Y>-1.58172035</Y>
				<Z>-0.299190462</Z>
				<Pitch>-0.281222314</Pitch>
				<Roll>-1.61997235</Roll>
				<Yaw>-88.5095291</Yaw>
			</Attachment>
		</Attachment>
		<Attachment>
			<ModelHash>0x19314199</ModelHash>
			<Type>3</Type>
			<Dynamic>false</Dynamic>
			<FrozenPos>true</FrozenPos>
			<HashName>w_mg_minigun</HashName>
			<InitialHandle>185368</InitialHandle>
			<ObjectProperties>
				<TextureVariation>0</TextureVariation>
			</ObjectProperties>
			<OpacityLevel>255</OpacityLevel>
			<LodDistance>16960</LodDistance>
			<IsVisible>true</IsVisible>
			<MaxHealth>1000</MaxHealth>
			<Health>1000</Health>
			<HasGravity>true</HasGravity>
			<IsOnFire>false</IsOnFire>
			<IsInvincible>false</IsInvincible>
			<IsBulletProof>false</IsBulletProof>
			<IsCollisionProof>false</IsCollisionProof>
			<IsExplosionProof>false</IsExplosionProof>
			<IsFireProof>false</IsFireProof>
			<IsMeleeProof>false</IsMeleeProof>
			<IsOnlyDamagedByPlayer>false</IsOnlyDamagedByPlayer>
			<PositionRotation>
				<X>1330.96118</X>
				<Y>2744.92236</Y>
				<Z>52.7067566</Z>
				<Pitch>3.07645226</Pitch>
				<Roll>-2.63310885</Roll>
				<Yaw>-88.2428055</Yaw>
			</PositionRotation>
			<Attachment isAttached="true">
				<AttachedTo>523268</AttachedTo>
				<BoneIndex>0</BoneIndex>
				<X>-0.45834884</X>
				<Y>-1.82359183</Y>
				<Z>0.910709262</Z>
				<Pitch>-0.281222314</Pitch>
				<Roll>-1.61997235</Roll>
				<Yaw>-269.361511</Yaw>
			</Attachment>
		</Attachment>
		<Attachment>
			<ModelHash>0x0a513a07</ModelHash>
			<Type>3</Type>
			<Dynamic>false</Dynamic>
			<FrozenPos>true</FrozenPos>
			<HashName>prop_w_me_hatchet</HashName>
			<InitialHandle>369688</InitialHandle>
			<ObjectProperties>
				<TextureVariation>0</TextureVariation>
			</ObjectProperties>
			<OpacityLevel>255</OpacityLevel>
			<LodDistance>16960</LodDistance>
			<IsVisible>true</IsVisible>
			<MaxHealth>1000</MaxHealth>
			<Health>1000</Health>
			<HasGravity>true</HasGravity>
			<IsOnFire>false</IsOnFire>
			<IsInvincible>false</IsInvincible>
			<IsBulletProof>false</IsBulletProof>
			<IsCollisionProof>false</IsCollisionProof>
			<IsExplosionProof>false</IsExplosionProof>
			<IsFireProof>false</IsFireProof>
			<IsMeleeProof>false</IsMeleeProof>
			<IsOnlyDamagedByPlayer>false</IsOnlyDamagedByPlayer>
			<PositionRotation>
				<X>1330.71082</X>
				<Y>2744.97534</Y>
				<Z>52.6242981</Z>
				<Pitch>-86.2134857</Pitch>
				<Roll>81.7053528</Roll>
				<Yaw>-105.533394</Yaw>
			</PositionRotation>
			<Attachment isAttached="true">
				<AttachedTo>523268</AttachedTo>
				<BoneIndex>0</BoneIndex>
				<X>-0.204588875</X>
				<Y>-1.88262808</Y>
				<Z>0.84404093</Z>
				<Pitch>-90.2812195</Pitch>
				<Roll>-104.40873</Roll>
				<Yaw>-112.740486</Yaw>
			</Attachment>
		</Attachment>
		<Attachment>
			<ModelHash>0x043b7fea</ModelHash>
			<Type>3</Type>
			<Dynamic>false</Dynamic>
			<FrozenPos>true</FrozenPos>
			<HashName>p_cs_police_torch_s</HashName>
			<InitialHandle>488730</InitialHandle>
			<ObjectProperties>
				<TextureVariation>0</TextureVariation>
			</ObjectProperties>
			<OpacityLevel>255</OpacityLevel>
			<LodDistance>16960</LodDistance>
			<IsVisible>true</IsVisible>
			<MaxHealth>1000</MaxHealth>
			<Health>1000</Health>
			<HasGravity>true</HasGravity>
			<IsOnFire>false</IsOnFire>
			<IsInvincible>false</IsInvincible>
			<IsBulletProof>false</IsBulletProof>
			<IsCollisionProof>false</IsCollisionProof>
			<IsExplosionProof>false</IsExplosionProof>
			<IsFireProof>false</IsFireProof>
			<IsMeleeProof>false</IsMeleeProof>
			<IsOnlyDamagedByPlayer>false</IsOnlyDamagedByPlayer>
			<PositionRotation>
				<X>1330.76746</X>
				<Y>2744.45508</Y>
				<Z>52.6935272</Z>
				<Pitch>0.830441594</Pitch>
				<Roll>1.70633578</Roll>
				<Yaw>-176.576752</Yaw>
			</PositionRotation>
			<Attachment isAttached="true">
				<AttachedTo>523268</AttachedTo>
				<BoneIndex>0</BoneIndex>
				<X>-0.255080968</X>
				<Y>-1.36034966</Y>
				<Z>0.901528537</Z>
				<Pitch>-0.281222314</Pitch>
				<Roll>-1.61997235</Roll>
				<Yaw>2.34521484</Yaw>
			</Attachment>
		</Attachment>
		<Attachment>
			<ModelHash>0x1cd07ff4</ModelHash>
			<Type>3</Type>
			<Dynamic>false</Dynamic>
			<FrozenPos>true</FrozenPos>
			<HashName>p_police_radio_hset_s</HashName>
			<InitialHandle>584218</InitialHandle>
			<ObjectProperties>
				<TextureVariation>0</TextureVariation>
			</ObjectProperties>
			<OpacityLevel>255</OpacityLevel>
			<LodDistance>16960</LodDistance>
			<IsVisible>true</IsVisible>
			<MaxHealth>1000</MaxHealth>
			<Health>1000</Health>
			<HasGravity>true</HasGravity>
			<IsOnFire>false</IsOnFire>
			<IsInvincible>false</IsInvincible>
			<IsBulletProof>false</IsBulletProof>
			<IsCollisionProof>false</IsCollisionProof>
			<IsExplosionProof>false</IsExplosionProof>
			<IsFireProof>false</IsFireProof>
			<IsMeleeProof>false</IsMeleeProof>
			<IsOnlyDamagedByPlayer>false</IsOnlyDamagedByPlayer>
			<PositionRotation>
				<X>1331.15381</X>
				<Y>2745.64697</Y>
				<Z>52.5482635</Z>
				<Pitch>1.63012457</Pitch>
				<Roll>-178.679153</Roll>
				<Yaw>-162.044586</Yaw>
			</PositionRotation>
			<Attachment isAttached="true">
				<AttachedTo>523268</AttachedTo>
				<BoneIndex>0</BoneIndex>
				<X>-0.655506611</X>
				<Y>-2.54709148</Y>
				<Z>0.752635956</Z>
				<Pitch>-0.281222314</Pitch>
				<Roll>178.380035</Roll>
				<Yaw>16.8960495</Yaw>
			</Attachment>
		</Attachment>
		<Attachment>
			<ModelHash>0x1cd07ff4</ModelHash>
			<Type>3</Type>
			<Dynamic>false</Dynamic>
			<FrozenPos>true</FrozenPos>
			<HashName>p_police_radio_hset_s</HashName>
			<InitialHandle>671770</InitialHandle>
			<ObjectProperties>
				<TextureVariation>0</TextureVariation>
			</ObjectProperties>
			<OpacityLevel>255</OpacityLevel>
			<LodDistance>16960</LodDistance>
			<IsVisible>true</IsVisible>
			<MaxHealth>1000</MaxHealth>
			<Health>1000</Health>
			<HasGravity>true</HasGravity>
			<IsOnFire>false</IsOnFire>
			<IsInvincible>false</IsInvincible>
			<IsBulletProof>false</IsBulletProof>
			<IsCollisionProof>false</IsCollisionProof>
			<IsExplosionProof>false</IsExplosionProof>
			<IsFireProof>false</IsFireProof>
			<IsMeleeProof>false</IsMeleeProof>
			<IsOnlyDamagedByPlayer>false</IsOnlyDamagedByPlayer>
			<PositionRotation>
				<X>1329.92249</X>
				<Y>2745.65967</Y>
				<Z>52.4752121</Z>
				<Pitch>-1.62136662</Pitch>
				<Roll>-178.378525</Roll>
				<Yaw>142.524078</Yaw>
			</PositionRotation>
			<Attachment isAttached="true">
				<AttachedTo>523268</AttachedTo>
				<BoneIndex>0</BoneIndex>
				<X>0.577549398</X>
				<Y>-2.58381224</Y>
				<Z>0.752663136</Z>
				<Pitch>-0.281222314</Pitch>
				<Roll>178.380035</Roll>
				<Yaw>-38.6237411</Yaw>
			</Attachment>
		</Attachment>
		<Attachment>
			<ModelHash>0x99eae44b</ModelHash>
			<Type>3</Type>
			<Dynamic>false</Dynamic>
			<FrozenPos>true</FrozenPos>
			<HashName>prop_police_radio_main</HashName>
			<InitialHandle>341020</InitialHandle>
			<ObjectProperties>
				<TextureVariation>0</TextureVariation>
			</ObjectProperties>
			<OpacityLevel>255</OpacityLevel>
			<LodDistance>16960</LodDistance>
			<IsVisible>true</IsVisible>
			<MaxHealth>1000</MaxHealth>
			<Health>1000</Health>
			<HasGravity>true</HasGravity>
			<IsOnFire>false</IsOnFire>
			<IsInvincible>false</IsInvincible>
			<IsBulletProof>false</IsBulletProof>
			<IsCollisionProof>false</IsCollisionProof>
			<IsExplosionProof>false</IsExplosionProof>
			<IsFireProof>false</IsFireProof>
			<IsMeleeProof>false</IsMeleeProof>
			<IsOnlyDamagedByPlayer>false</IsOnlyDamagedByPlayer>
			<PositionRotation>
				<X>1331.20825</X>
				<Y>2741.66724</Y>
				<Z>52.2037811</Z>
				<Pitch>1.54938543</Pitch>
				<Roll>1.37172508</Roll>
				<Yaw>-163.603256</Yaw>
			</PositionRotation>
			<Attachment isAttached="true">
				<AttachedTo>523268</AttachedTo>
				<BoneIndex>0</BoneIndex>
				<X>-0.611652851</X>
				<Y>1.42656088</Y>
				<Z>0.342398286</Z>
				<Pitch>-0.281222314</Pitch>
				<Roll>-1.61997235</Roll>
				<Yaw>15.3358841</Yaw>
			</Attachment>
		</Attachment>
		<Attachment>
			<ModelHash>0x9a3207b7</ModelHash>
			<Type>3</Type>
			<Dynamic>false</Dynamic>
			<FrozenPos>true</FrozenPos>
			<HashName>w_lr_rpg_rocket</HashName>
			<InitialHandle>659231</InitialHandle>
			<ObjectProperties>
				<TextureVariation>0</TextureVariation>
			</ObjectProperties>
			<OpacityLevel>255</OpacityLevel>
			<LodDistance>16960</LodDistance>
			<IsVisible>true</IsVisible>
			<MaxHealth>1000</MaxHealth>
			<Health>1000</Health>
			<HasGravity>true</HasGravity>
			<IsOnFire>false</IsOnFire>
			<IsInvincible>false</IsInvincible>
			<IsBulletProof>false</IsBulletProof>
			<IsCollisionProof>false</IsCollisionProof>
			<IsExplosionProof>false</IsExplosionProof>
			<IsFireProof>false</IsFireProof>
			<IsMeleeProof>false</IsMeleeProof>
			<IsOnlyDamagedByPlayer>false</IsOnlyDamagedByPlayer>
			<PositionRotation>
				<X>1330.59119</X>
				<Y>2745.15796</Y>
				<Z>52.6968269</Z>
				<Pitch>-0.931944132</Pitch>
				<Roll>1.82640803</Roll>
				<Yaw>154.284851</Yaw>
			</PositionRotation>
			<Attachment isAttached="true">
				<AttachedTo>523268</AttachedTo>
				<BoneIndex>0</BoneIndex>
				<X>-0.0931331813</X>
				<Y>-2.06624413</Y>
				<Z>0.926393092</Z>
				<Pitch>-0.281222314</Pitch>
				<Roll>-1.61997235</Roll>
				<Yaw>-26.8456116</Yaw>
			</Attachment>
		</Attachment>
		<Attachment>
			<ModelHash>0x9a3207b7</ModelHash>
			<Type>3</Type>
			<Dynamic>false</Dynamic>
			<FrozenPos>true</FrozenPos>
			<HashName>w_lr_rpg_rocket</HashName>
			<InitialHandle>345887</InitialHandle>
			<ObjectProperties>
				<TextureVariation>0</TextureVariation>
			</ObjectProperties>
			<OpacityLevel>255</OpacityLevel>
			<LodDistance>16960</LodDistance>
			<IsVisible>true</IsVisible>
			<MaxHealth>1000</MaxHealth>
			<Health>1000</Health>
			<HasGravity>true</HasGravity>
			<IsOnFire>false</IsOnFire>
			<IsInvincible>false</IsInvincible>
			<IsBulletProof>false</IsBulletProof>
			<IsCollisionProof>false</IsCollisionProof>
			<IsExplosionProof>false</IsExplosionProof>
			<IsFireProof>false</IsFireProof>
			<IsMeleeProof>false</IsMeleeProof>
			<IsOnlyDamagedByPlayer>false</IsOnlyDamagedByPlayer>
			<PositionRotation>
				<X>1330.36206</X>
				<Y>2745.24854</Y>
				<Z>52.6818123</Z>
				<Pitch>-2.16615415</Pitch>
				<Roll>1.33829308</Roll>
				<Yaw>132.48468</Yaw>
			</PositionRotation>
			<Attachment isAttached="true">
				<AttachedTo>523268</AttachedTo>
				<BoneIndex>0</BoneIndex>
				<X>0.134786054</X>
				<Y>-2.16123915</Y>
				<Z>0.926386535</Z>
				<Pitch>-0.281222314</Pitch>
				<Roll>-1.61997235</Roll>
				<Yaw>-48.6725006</Yaw>
			</Attachment>
		</Attachment>
		<Attachment>
			<ModelHash>0xf2f47da7</ModelHash>
			<Type>3</Type>
			<Dynamic>false</Dynamic>
			<FrozenPos>true</FrozenPos>
			<HashName>w_lr_rpg</HashName>
			<InitialHandle>155168</InitialHandle>
			<ObjectProperties>
				<TextureVariation>0</TextureVariation>
			</ObjectProperties>
			<OpacityLevel>255</OpacityLevel>
			<LodDistance>16960</LodDistance>
			<IsVisible>true</IsVisible>
			<MaxHealth>1000</MaxHealth>
			<Health>1000</Health>
			<HasGravity>true</HasGravity>
			<IsOnFire>false</IsOnFire>
			<IsInvincible>false</IsInvincible>
			<IsBulletProof>false</IsBulletProof>
			<IsCollisionProof>false</IsCollisionProof>
			<IsExplosionProof>false</IsExplosionProof>
			<IsFireProof>false</IsFireProof>
			<IsMeleeProof>false</IsMeleeProof>
			<IsOnlyDamagedByPlayer>false</IsOnlyDamagedByPlayer>
			<PositionRotation>
				<X>1330.34058</X>
				<Y>2744.97266</Y>
				<Z>52.650116</Z>
				<Pitch>-82.9828568</Pitch>
				<Roll>13.9958973</Roll>
				<Yaw>122.932281</Yaw>
			</PositionRotation>
			<Attachment isAttached="true">
				<AttachedTo>523268</AttachedTo>
				<BoneIndex>0</BoneIndex>
				<X>0.163411602</X>
				<Y>-1.8864342</Y>
				<Z>0.891633868</Z>
				<Pitch>-80.2812042</Pitch>
				<Roll>-1.61996984</Roll>
				<Yaw>-73.6175766</Yaw>
			</Attachment>
		</Attachment>
		<Attachment>
			<ModelHash>0x0d7b781c</ModelHash>
			<Type>3</Type>
			<Dynamic>false</Dynamic>
			<FrozenPos>true</FrozenPos>
			<HashName>apa_prop_flag_russia_yt</HashName>
			<InitialHandle>529188</InitialHandle>
			<ObjectProperties>
				<TextureVariation>0</TextureVariation>
			</ObjectProperties>
			<OpacityLevel>255</OpacityLevel>
			<LodDistance>16960</LodDistance>
			<IsVisible>true</IsVisible>
			<MaxHealth>1000</MaxHealth>
			<Health>1000</Health>
			<HasGravity>true</HasGravity>
			<IsOnFire>false</IsOnFire>
			<IsInvincible>false</IsInvincible>
			<IsBulletProof>false</IsBulletProof>
			<IsCollisionProof>false</IsCollisionProof>
			<IsExplosionProof>false</IsExplosionProof>
			<IsFireProof>false</IsFireProof>
			<IsMeleeProof>false</IsMeleeProof>
			<IsOnlyDamagedByPlayer>false</IsOnlyDamagedByPlayer>
			<PositionRotation>
				<X>1329.94092</X>
				<Y>2742.17603</Y>
				<Z>54.8232193</Z>
				<Pitch>-3.57942867</Pitch>
				<Roll>-0.467671663</Roll>
				<Yaw>94.23703</Yaw>
			</PositionRotation>
			<Attachment isAttached="true">
				<AttachedTo>523268</AttachedTo>
				<BoneIndex>0</BoneIndex>
				<X>0.489270061</X>
				<Y>0.938996196</Y>
				<Z>3.0398705</Z>
				<Pitch>-0.268560588</Pitch>
				<Roll>-1.62506247</Roll>
				<Yaw>-86.8958282</Yaw>
			</Attachment>
		</Attachment>
		<Attachment>
			<ModelHash>0x710841e5</ModelHash>
			<Type>3</Type>
			<Dynamic>false</Dynamic>
			<FrozenPos>true</FrozenPos>
			<HashName>prop_scaffold_pole</HashName>
			<InitialHandle>508453</InitialHandle>
			<ObjectProperties>
				<TextureVariation>0</TextureVariation>
			</ObjectProperties>
			<OpacityLevel>255</OpacityLevel>
			<LodDistance>16960</LodDistance>
			<IsVisible>true</IsVisible>
			<MaxHealth>1000</MaxHealth>
			<Health>1000</Health>
			<HasGravity>true</HasGravity>
			<IsOnFire>false</IsOnFire>
			<IsInvincible>false</IsInvincible>
			<IsBulletProof>false</IsBulletProof>
			<IsCollisionProof>false</IsCollisionProof>
			<IsExplosionProof>false</IsExplosionProof>
			<IsFireProof>false</IsFireProof>
			<IsMeleeProof>false</IsMeleeProof>
			<IsOnlyDamagedByPlayer>false</IsOnlyDamagedByPlayer>
			<PositionRotation>
				<X>1330.03772</X>
				<Y>2742.18896</Y>
				<Z>52.8351746</Z>
				<Pitch>-3.77453995</Pitch>
				<Roll>-1.93046021</Roll>
				<Yaw>69.874054</Yaw>
			</PositionRotation>
			<Attachment isAttached="true">
				<AttachedTo>523268</AttachedTo>
				<BoneIndex>0</BoneIndex>
				<X>0.509331763</X>
				<Y>0.893983722</Y>
				<Z>1.05004358</Z>
				<Pitch>-0.281222314</Pitch>
				<Roll>-1.61997235</Roll>
				<Yaw>-111.208931</Yaw>
			</Attachment>
		</Attachment>
		<Attachment>
			<ModelHash>0x710841e5</ModelHash>
			<Type>3</Type>
			<Dynamic>false</Dynamic>
			<FrozenPos>true</FrozenPos>
			<HashName>prop_scaffold_pole</HashName>
			<InitialHandle>85031</InitialHandle>
			<ObjectProperties>
				<TextureVariation>0</TextureVariation>
			</ObjectProperties>
			<OpacityLevel>255</OpacityLevel>
			<LodDistance>16960</LodDistance>
			<IsVisible>true</IsVisible>
			<MaxHealth>1000</MaxHealth>
			<Health>1000</Health>
			<HasGravity>true</HasGravity>
			<IsOnFire>false</IsOnFire>
			<IsInvincible>false</IsInvincible>
			<IsBulletProof>false</IsBulletProof>
			<IsCollisionProof>false</IsCollisionProof>
			<IsExplosionProof>false</IsExplosionProof>
			<IsFireProof>false</IsFireProof>
			<IsMeleeProof>false</IsMeleeProof>
			<IsOnlyDamagedByPlayer>false</IsOnlyDamagedByPlayer>
			<PositionRotation>
				<X>1329.97498</X>
				<Y>2742.18677</Y>
				<Z>53.8267212</Z>
				<Pitch>-3.03834844</Pitch>
				<Roll>0.548582852</Roll>
				<Yaw>113.168083</Yaw>
			</PositionRotation>
			<Attachment isAttached="true">
				<AttachedTo>523268</AttachedTo>
				<BoneIndex>0</BoneIndex>
				<X>0.513702333</X>
				<Y>0.911859632</Y>
				<Z>2.04340458</Z>
				<Pitch>-0.281222314</Pitch>
				<Roll>-1.61997235</Roll>
				<Yaw>-67.988739</Yaw>
			</Attachment>
		</Attachment>
		<Attachment>
			<ModelHash>0x710841e5</ModelHash>
			<Type>3</Type>
			<Dynamic>false</Dynamic>
			<FrozenPos>true</FrozenPos>
			<HashName>prop_scaffold_pole</HashName>
			<InitialHandle>104999</InitialHandle>
			<ObjectProperties>
				<TextureVariation>0</TextureVariation>
			</ObjectProperties>
			<OpacityLevel>255</OpacityLevel>
			<LodDistance>16960</LodDistance>
			<IsVisible>true</IsVisible>
			<MaxHealth>1000</MaxHealth>
			<Health>1000</Health>
			<HasGravity>true</HasGravity>
			<IsOnFire>false</IsOnFire>
			<IsInvincible>false</IsInvincible>
			<IsBulletProof>false</IsBulletProof>
			<IsCollisionProof>false</IsCollisionProof>
			<IsExplosionProof>false</IsExplosionProof>
			<IsFireProof>false</IsFireProof>
			<IsMeleeProof>false</IsMeleeProof>
			<IsOnlyDamagedByPlayer>false</IsOnlyDamagedByPlayer>
			<PositionRotation>
				<X>1329.92676</X>
				<Y>2742.1814</Y>
				<Z>54.8188744</Z>
				<Pitch>-2.95103598</Pitch>
				<Roll>0.655257702</Roll>
				<Yaw>115.421257</Yaw>
			</PositionRotation>
			<Attachment isAttached="true">
				<AttachedTo>523268</AttachedTo>
				<BoneIndex>0</BoneIndex>
				<X>0.503622234</X>
				<Y>0.933146894</Y>
				<Z>3.03646207</Z>
				<Pitch>-0.281222314</Pitch>
				<Roll>-1.61997235</Roll>
				<Yaw>-65.7369156</Yaw>
			</Attachment>
		</Attachment>
		<Attachment>
			<ModelHash>0x5bbd60e4</ModelHash>
			<Type>3</Type>
			<Dynamic>false</Dynamic>
			<FrozenPos>true</FrozenPos>
			<HashName>prop_medstation_04</HashName>
			<InitialHandle>655659</InitialHandle>
			<ObjectProperties>
				<TextureVariation>0</TextureVariation>
			</ObjectProperties>
			<OpacityLevel>255</OpacityLevel>
			<LodDistance>16960</LodDistance>
			<IsVisible>true</IsVisible>
			<MaxHealth>1000</MaxHealth>
			<Health>1000</Health>
			<HasGravity>true</HasGravity>
			<IsOnFire>false</IsOnFire>
			<IsInvincible>false</IsInvincible>
			<IsBulletProof>false</IsBulletProof>
			<IsCollisionProof>false</IsCollisionProof>
			<IsExplosionProof>false</IsExplosionProof>
			<IsFireProof>false</IsFireProof>
			<IsMeleeProof>false</IsMeleeProof>
			<IsOnlyDamagedByPlayer>false</IsOnlyDamagedByPlayer>
			<PositionRotation>
				<X>1331.46313</X>
				<Y>2744.94995</Y>
				<Z>52.0667152</Z>
				<Pitch>-17.6353531</Pitch>
				<Roll>-0.554353178</Roll>
				<Yaw>92.0914078</Yaw>
			</PositionRotation>
			<Attachment isAttached="true">
				<AttachedTo>523268</AttachedTo>
				<BoneIndex>0</BoneIndex>
				<X>-0.922238469</X>
				<Y>-1.85272002</Y>
				<Z>0.242651179</Z>
				<Pitch>-14.2812233</Pitch>
				<Roll>-1.61997235</Roll>
				<Yaw>-89.2956848</Yaw>
			</Attachment>
		</Attachment>
		<Attachment>
			<ModelHash>0x306e29b4</ModelHash>
			<Type>3</Type>
			<Dynamic>false</Dynamic>
			<FrozenPos>true</FrozenPos>
			<HashName>prop_ballistic_shield_lod1</HashName>
			<InitialHandle>431917</InitialHandle>
			<ObjectProperties>
				<TextureVariation>0</TextureVariation>
			</ObjectProperties>
			<OpacityLevel>255</OpacityLevel>
			<LodDistance>16960</LodDistance>
			<IsVisible>true</IsVisible>
			<MaxHealth>1000</MaxHealth>
			<Health>1000</Health>
			<HasGravity>true</HasGravity>
			<IsOnFire>false</IsOnFire>
			<IsInvincible>false</IsInvincible>
			<IsBulletProof>false</IsBulletProof>
			<IsCollisionProof>false</IsCollisionProof>
			<IsExplosionProof>false</IsExplosionProof>
			<IsFireProof>false</IsFireProof>
			<IsMeleeProof>false</IsMeleeProof>
			<IsOnlyDamagedByPlayer>false</IsOnlyDamagedByPlayer>
			<PositionRotation>
				<X>1329.48669</X>
				<Y>2745.36035</Y>
				<Z>51.247139</Z>
				<Pitch>3.19603968</Pitch>
				<Roll>-2.07644534</Roll>
				<Yaw>-97.5604172</Yaw>
			</PositionRotation>
			<Attachment isAttached="true">
				<AttachedTo>523268</AttachedTo>
				<BoneIndex>0</BoneIndex>
				<X>1.09046948</X>
				<Y>-2.31369638</Y>
				<Z>-0.452116638</Z>
				<Pitch>-0.281222314</Pitch>
				<Roll>-1.61997235</Roll>
				<Yaw>-278.666016</Yaw>
			</Attachment>
		</Attachment>
		<Attachment>
			<ModelHash>0x306e29b4</ModelHash>
			<Type>3</Type>
			<Dynamic>false</Dynamic>
			<FrozenPos>true</FrozenPos>
			<HashName>prop_ballistic_shield_lod1</HashName>
			<InitialHandle>701742</InitialHandle>
			<ObjectProperties>
				<TextureVariation>0</TextureVariation>
			</ObjectProperties>
			<OpacityLevel>255</OpacityLevel>
			<LodDistance>16960</LodDistance>
			<IsVisible>true</IsVisible>
			<MaxHealth>1000</MaxHealth>
			<Health>1000</Health>
			<HasGravity>true</HasGravity>
			<IsOnFire>false</IsOnFire>
			<IsInvincible>false</IsInvincible>
			<IsBulletProof>false</IsBulletProof>
			<IsCollisionProof>false</IsCollisionProof>
			<IsExplosionProof>false</IsExplosionProof>
			<IsFireProof>false</IsFireProof>
			<IsMeleeProof>false</IsMeleeProof>
			<IsOnlyDamagedByPlayer>false</IsOnlyDamagedByPlayer>
			<PositionRotation>
				<X>1329.43286</X>
				<Y>2744.89258</Y>
				<Z>51.2487946</Z>
				<Pitch>3.06303406</Pitch>
				<Roll>-2.67659235</Roll>
				<Yaw>-87.4989166</Yaw>
			</PositionRotation>
			<Attachment isAttached="true">
				<AttachedTo>523268</AttachedTo>
				<BoneIndex>0</BoneIndex>
				<X>1.15330899</X>
				<Y>-1.84697127</Y>
				<Z>-0.45471108</Z>
				<Pitch>-0.281222314</Pitch>
				<Roll>-1.61997235</Roll>
				<Yaw>-268.618561</Yaw>
			</Attachment>
		</Attachment>
		<Attachment>
			<ModelHash>0x306e29b4</ModelHash>
			<Type>3</Type>
			<Dynamic>false</Dynamic>
			<FrozenPos>true</FrozenPos>
			<HashName>prop_ballistic_shield_lod1</HashName>
			<InitialHandle>646190</InitialHandle>
			<ObjectProperties>
				<TextureVariation>0</TextureVariation>
			</ObjectProperties>
			<OpacityLevel>255</OpacityLevel>
			<LodDistance>16960</LodDistance>
			<IsVisible>true</IsVisible>
			<MaxHealth>1000</MaxHealth>
			<Health>1000</Health>
			<HasGravity>true</HasGravity>
			<IsOnFire>false</IsOnFire>
			<IsInvincible>false</IsInvincible>
			<IsBulletProof>false</IsBulletProof>
			<IsCollisionProof>false</IsCollisionProof>
			<IsExplosionProof>false</IsExplosionProof>
			<IsFireProof>false</IsFireProof>
			<IsMeleeProof>false</IsMeleeProof>
			<IsOnlyDamagedByPlayer>false</IsOnlyDamagedByPlayer>
			<PositionRotation>
				<X>1329.47644</X>
				<Y>2744.46118</Y>
				<Z>51.2552071</Z>
				<Pitch>2.76118779</Pitch>
				<Roll>-3.3650806</Roll>
				<Yaw>-75.1874313</Yaw>
			</PositionRotation>
			<Attachment isAttached="true">
				<AttachedTo>523268</AttachedTo>
				<BoneIndex>0</BoneIndex>
				<X>1.1179316</X>
				<Y>-1.41492176</Y>
				<Z>-0.457730025</Z>
				<Pitch>-0.281222314</Pitch>
				<Roll>-1.61997235</Roll>
				<Yaw>-256.319183</Yaw>
			</Attachment>
		</Attachment>
		<Attachment>
			<ModelHash>0x306e29b4</ModelHash>
			<Type>3</Type>
			<Dynamic>false</Dynamic>
			<FrozenPos>true</FrozenPos>
			<HashName>prop_ballistic_shield_lod1</HashName>
			<InitialHandle>99887</InitialHandle>
			<ObjectProperties>
				<TextureVariation>0</TextureVariation>
			</ObjectProperties>
			<OpacityLevel>255</OpacityLevel>
			<LodDistance>16960</LodDistance>
			<IsVisible>true</IsVisible>
			<MaxHealth>1000</MaxHealth>
			<Health>1000</Health>
			<HasGravity>true</HasGravity>
			<IsOnFire>false</IsOnFire>
			<IsInvincible>false</IsInvincible>
			<IsBulletProof>false</IsBulletProof>
			<IsCollisionProof>false</IsCollisionProof>
			<IsExplosionProof>false</IsExplosionProof>
			<IsFireProof>false</IsFireProof>
			<IsMeleeProof>false</IsMeleeProof>
			<IsOnlyDamagedByPlayer>false</IsOnlyDamagedByPlayer>
			<PositionRotation>
				<X>1331.65967</X>
				<Y>2744.27612</Y>
				<Z>51.3703156</Z>
				<Pitch>-3.78266263</Pitch>
				<Roll>-1.42122626</Roll>
				<Yaw>78.2070084</Yaw>
			</PositionRotation>
			<Attachment isAttached="true">
				<AttachedTo>523268</AttachedTo>
				<BoneIndex>0</BoneIndex>
				<X>-1.06432271</X>
				<Y>-1.18717134</Y>
				<Z>-0.474757314</Z>
				<Pitch>-0.281222314</Pitch>
				<Roll>-1.61997235</Roll>
				<Yaw>-102.894028</Yaw>
			</Attachment>
		</Attachment>
		<Attachment>
			<ModelHash>0x306e29b4</ModelHash>
			<Type>3</Type>
			<Dynamic>false</Dynamic>
			<FrozenPos>true</FrozenPos>
			<HashName>prop_ballistic_shield_lod1</HashName>
			<InitialHandle>180527</InitialHandle>
			<ObjectProperties>
				<TextureVariation>0</TextureVariation>
			</ObjectProperties>
			<OpacityLevel>255</OpacityLevel>
			<LodDistance>16960</LodDistance>
			<IsVisible>true</IsVisible>
			<MaxHealth>1000</MaxHealth>
			<Health>1000</Health>
			<HasGravity>true</HasGravity>
			<IsOnFire>false</IsOnFire>
			<IsInvincible>false</IsInvincible>
			<IsBulletProof>false</IsBulletProof>
			<IsCollisionProof>false</IsCollisionProof>
			<IsExplosionProof>false</IsExplosionProof>
			<IsFireProof>false</IsFireProof>
			<IsMeleeProof>false</IsMeleeProof>
			<IsOnlyDamagedByPlayer>false</IsOnlyDamagedByPlayer>
			<PositionRotation>
				<X>1331.69458</X>
				<Y>2744.81836</Y>
				<Z>51.3664551</Z>
				<Pitch>-3.547364</Pitch>
				<Roll>-0.341651082</Roll>
				<Yaw>96.3449326</Yaw>
			</PositionRotation>
			<Attachment isAttached="true">
				<AttachedTo>523268</AttachedTo>
				<BoneIndex>0</BoneIndex>
				<X>-1.10952127</X>
				<Y>-1.72866249</Y>
				<Z>-0.472060144</Z>
				<Pitch>-0.281222314</Pitch>
				<Roll>-1.61997235</Roll>
				<Yaw>-84.7917709</Yaw>
			</Attachment>
		</Attachment>
		<Attachment>
			<ModelHash>0x306e29b4</ModelHash>
			<Type>3</Type>
			<Dynamic>false</Dynamic>
			<FrozenPos>true</FrozenPos>
			<HashName>prop_ballistic_shield_lod1</HashName>
			<InitialHandle>289327</InitialHandle>
			<ObjectProperties>
				<TextureVariation>0</TextureVariation>
			</ObjectProperties>
			<OpacityLevel>255</OpacityLevel>
			<LodDistance>16960</LodDistance>
			<IsVisible>true</IsVisible>
			<MaxHealth>1000</MaxHealth>
			<Health>1000</Health>
			<HasGravity>true</HasGravity>
			<IsOnFire>false</IsOnFire>
			<IsInvincible>false</IsInvincible>
			<IsBulletProof>false</IsBulletProof>
			<IsCollisionProof>false</IsCollisionProof>
			<IsExplosionProof>false</IsExplosionProof>
			<IsFireProof>false</IsFireProof>
			<IsMeleeProof>false</IsMeleeProof>
			<IsOnlyDamagedByPlayer>false</IsOnlyDamagedByPlayer>
			<PositionRotation>
				<X>1331.65942</X>
				<Y>2745.27856</Y>
				<Z>51.3577957</Z>
				<Pitch>-2.9783473</Pitch>
				<Roll>0.6228019</Roll>
				<Yaw>114.727989</Yaw>
			</PositionRotation>
			<Attachment isAttached="true">
				<AttachedTo>523268</AttachedTo>
				<BoneIndex>0</BoneIndex>
				<X>-1.08292544</X>
				<Y>-2.18974137</Y>
				<Z>-0.471316993</Z>
				<Pitch>-0.281222314</Pitch>
				<Roll>-1.61997235</Roll>
				<Yaw>-66.4298096</Yaw>
			</Attachment>
		</Attachment>
		<Attachment>
			<ModelHash>0x44083a8f</ModelHash>
			<Type>3</Type>
			<Dynamic>false</Dynamic>
			<FrozenPos>true</FrozenPos>
			<HashName>prop_ballistic_shield</HashName>
			<InitialHandle>502832</InitialHandle>
			<ObjectProperties>
				<TextureVariation>0</TextureVariation>
			</ObjectProperties>
			<OpacityLevel>255</OpacityLevel>
			<LodDistance>16960</LodDistance>
			<IsVisible>true</IsVisible>
			<MaxHealth>1000</MaxHealth>
			<Health>1000</Health>
			<HasGravity>true</HasGravity>
			<IsOnFire>false</IsOnFire>
			<IsInvincible>false</IsInvincible>
			<IsBulletProof>false</IsBulletProof>
			<IsCollisionProof>false</IsCollisionProof>
			<IsExplosionProof>false</IsExplosionProof>
			<IsFireProof>false</IsFireProof>
			<IsMeleeProof>false</IsMeleeProof>
			<IsOnlyDamagedByPlayer>false</IsOnlyDamagedByPlayer>
			<PositionRotation>
				<X>1329.57019</X>
				<Y>2744.90967</Y>
				<Z>51.6584702</Z>
				<Pitch>-86.2135315</Pitch>
				<Roll>72.4446335</Roll>
				<Yaw>-105.533302</Yaw>
			</PositionRotation>
			<Attachment isAttached="true">
				<AttachedTo>523268</AttachedTo>
				<BoneIndex>0</BoneIndex>
				<X>0.991805136</X>
				<Y>-1.85446823</Y>
				<Z>-0.053644944</Z>
				<Pitch>-90.2812195</Pitch>
				<Roll>-113.66954</Roll>
				<Yaw>-112.740486</Yaw>
			</Attachment>
		</Attachment>
		<Attachment>
			<ModelHash>0x44083a8f</ModelHash>
			<Type>3</Type>
			<Dynamic>false</Dynamic>
			<FrozenPos>true</FrozenPos>
			<HashName>prop_ballistic_shield</HashName>
			<InitialHandle>722480</InitialHandle>
			<ObjectProperties>
				<TextureVariation>0</TextureVariation>
			</ObjectProperties>
			<OpacityLevel>255</OpacityLevel>
			<LodDistance>16960</LodDistance>
			<IsVisible>true</IsVisible>
			<MaxHealth>1000</MaxHealth>
			<Health>1000</Health>
			<HasGravity>true</HasGravity>
			<IsOnFire>false</IsOnFire>
			<IsInvincible>false</IsInvincible>
			<IsBulletProof>false</IsBulletProof>
			<IsCollisionProof>false</IsCollisionProof>
			<IsExplosionProof>false</IsExplosionProof>
			<IsFireProof>false</IsFireProof>
			<IsMeleeProof>false</IsMeleeProof>
			<IsOnlyDamagedByPlayer>false</IsOnlyDamagedByPlayer>
			<PositionRotation>
				<X>1331.56433</X>
				<Y>2744.81006</Y>
				<Z>51.8077393</Z>
				<Pitch>-86.2134857</Pitch>
				<Roll>63.2638855</Roll>
				<Yaw>-105.533318</Yaw>
			</PositionRotation>
			<Attachment isAttached="true">
				<AttachedTo>523268</AttachedTo>
				<BoneIndex>0</BoneIndex>
				<X>-1.00534248</X>
				<Y>-1.7153312</Y>
				<Z>-0.0240441859</Z>
				<Pitch>-90.2812195</Pitch>
				<Roll>-122.850281</Roll>
				<Yaw>-112.740486</Yaw>
			</Attachment>
		</Attachment>
		<Attachment>
			<ModelHash>0xf2f47da7</ModelHash>
			<Type>3</Type>
			<Dynamic>false</Dynamic>
			<FrozenPos>true</FrozenPos>
			<HashName>w_lr_rpg</HashName>
			<InitialHandle>431412</InitialHandle>
			<ObjectProperties>
				<TextureVariation>0</TextureVariation>
			</ObjectProperties>
			<OpacityLevel>255</OpacityLevel>
			<LodDistance>16960</LodDistance>
			<IsVisible>true</IsVisible>
			<MaxHealth>1000</MaxHealth>
			<Health>1000</Health>
			<HasGravity>true</HasGravity>
			<IsOnFire>false</IsOnFire>
			<IsInvincible>false</IsInvincible>
			<IsBulletProof>false</IsBulletProof>
			<IsCollisionProof>false</IsCollisionProof>
			<IsExplosionProof>false</IsExplosionProof>
			<IsFireProof>false</IsFireProof>
			<IsMeleeProof>false</IsMeleeProof>
			<IsOnlyDamagedByPlayer>false</IsOnlyDamagedByPlayer>
			<PositionRotation>
				<X>1330.42676</X>
				<Y>2740.3606</Y>
				<Z>50.9778366</Z>
				<Pitch>-3.60881519</Pitch>
				<Roll>-172.84639</Roll>
				<Yaw>93.3909302</Yaw>
			</PositionRotation>
			<Attachment isAttached="true">
				<AttachedTo>523268</AttachedTo>
				<BoneIndex>0</BoneIndex>
				<X>0.265913486</X>
				<Y>2.69749904</Y>
				<Z>-0.855829477</Z>
				<Pitch>-0.281244785</Pitch>
				<Roll>-173.954803</Roll>
				<Yaw>-87.7406769</Yaw>
			</Attachment>
		</Attachment>
		<Attachment>
			<ModelHash>0x9a3207b7</ModelHash>
			<Type>3</Type>
			<Dynamic>false</Dynamic>
			<FrozenPos>true</FrozenPos>
			<HashName>w_lr_rpg_rocket</HashName>
			<InitialHandle>266549</InitialHandle>
			<ObjectProperties>
				<TextureVariation>0</TextureVariation>
			</ObjectProperties>
			<OpacityLevel>255</OpacityLevel>
			<LodDistance>16960</LodDistance>
			<IsVisible>true</IsVisible>
			<MaxHealth>1000</MaxHealth>
			<Health>1000</Health>
			<HasGravity>true</HasGravity>
			<IsOnFire>false</IsOnFire>
			<IsInvincible>false</IsInvincible>
			<IsBulletProof>false</IsBulletProof>
			<IsCollisionProof>false</IsCollisionProof>
			<IsExplosionProof>false</IsExplosionProof>
			<IsFireProof>false</IsFireProof>
			<IsMeleeProof>false</IsMeleeProof>
			<IsOnlyDamagedByPlayer>false</IsOnlyDamagedByPlayer>
			<PositionRotation>
				<X>1330.45007</X>
				<Y>2740.05835</Y>
				<Z>50.9789162</Z>
				<Pitch>6.85932827</Pitch>
				<Roll>-20.283411</Roll>
				<Yaw>-176.253403</Yaw>
			</PositionRotation>
			<Attachment isAttached="true">
				<AttachedTo>523268</AttachedTo>
				<BoneIndex>0</BoneIndex>
				<X>0.248417884</X>
				<Y>2.99997544</Y>
				<Z>-0.86093092</Z>
				<Pitch>5.71877337</Pitch>
				<Roll>-23.6199703</Roll>
				<Yaw>3.01822662</Yaw>
			</Attachment>
		</Attachment>
		<Attachment>
			<ModelHash>0xbbad749e</ModelHash>
			<Type>3</Type>
			<Dynamic>false</Dynamic>
			<FrozenPos>true</FrozenPos>
			<HashName>w_lr_homing_rocket</HashName>
			<InitialHandle>206393</InitialHandle>
			<ObjectProperties>
				<TextureVariation>0</TextureVariation>
			</ObjectProperties>
			<OpacityLevel>255</OpacityLevel>
			<LodDistance>16960</LodDistance>
			<IsVisible>true</IsVisible>
			<MaxHealth>1000</MaxHealth>
			<Health>1000</Health>
			<HasGravity>true</HasGravity>
			<IsOnFire>false</IsOnFire>
			<IsInvincible>false</IsInvincible>
			<IsBulletProof>false</IsBulletProof>
			<IsCollisionProof>false</IsCollisionProof>
			<IsExplosionProof>false</IsExplosionProof>
			<IsFireProof>false</IsFireProof>
			<IsMeleeProof>false</IsMeleeProof>
			<IsOnlyDamagedByPlayer>false</IsOnlyDamagedByPlayer>
			<PositionRotation>
				<X>1330.146</X>
				<Y>2740.62842</Y>
				<Z>52.1514778</Z>
				<Pitch>0.509122908</Pitch>
				<Roll>1.79691291</Roll>
				<Yaw>177.9729</Yaw>
			</PositionRotation>
			<Attachment isAttached="true">
				<AttachedTo>523268</AttachedTo>
				<BoneIndex>0</BoneIndex>
				<X>0.471895516</X>
				<Y>2.44445515</Y>
				<Z>0.336449504</Z>
				<Pitch>-0.281222314</Pitch>
				<Roll>-1.61997235</Roll>
				<Yaw>-3.11426544</Yaw>
			</Attachment>
		</Attachment>
		<Attachment>
			<ModelHash>0xbbad749e</ModelHash>
			<Type>3</Type>
			<Dynamic>false</Dynamic>
			<FrozenPos>true</FrozenPos>
			<HashName>w_lr_homing_rocket</HashName>
			<InitialHandle>372795</InitialHandle>
			<ObjectProperties>
				<TextureVariation>0</TextureVariation>
			</ObjectProperties>
			<OpacityLevel>255</OpacityLevel>
			<LodDistance>16960</LodDistance>
			<IsVisible>true</IsVisible>
			<MaxHealth>1000</MaxHealth>
			<Health>1000</Health>
			<HasGravity>true</HasGravity>
			<IsOnFire>false</IsOnFire>
			<IsInvincible>false</IsInvincible>
			<IsBulletProof>false</IsBulletProof>
			<IsCollisionProof>false</IsCollisionProof>
			<IsExplosionProof>false</IsExplosionProof>
			<IsFireProof>false</IsFireProof>
			<IsMeleeProof>false</IsMeleeProof>
			<IsOnlyDamagedByPlayer>false</IsOnlyDamagedByPlayer>
			<PositionRotation>
				<X>1330.3092</X>
				<Y>2740.60571</Y>
				<Z>52.1667747</Z>
				<Pitch>0.560638785</Pitch>
				<Roll>1.78459358</Roll>
				<Yaw>178.837311</Yaw>
			</PositionRotation>
			<Attachment isAttached="true">
				<AttachedTo>523268</AttachedTo>
				<BoneIndex>0</BoneIndex>
				<X>0.308602452</X>
				<Y>2.4703691</Y>
				<Z>0.341718018</Z>
				<Pitch>-0.281222314</Pitch>
				<Roll>-1.61997235</Roll>
				<Yaw>-2.24835968</Yaw>
			</Attachment>
		</Attachment>
		<Attachment>
			<ModelHash>0x710841e5</ModelHash>
			<Type>3</Type>
			<Dynamic>false</Dynamic>
			<FrozenPos>true</FrozenPos>
			<HashName>prop_scaffold_pole</HashName>
			<InitialHandle>369980</InitialHandle>
			<ObjectProperties>
				<TextureVariation>0</TextureVariation>
			</ObjectProperties>
			<OpacityLevel>255</OpacityLevel>
			<LodDistance>16960</LodDistance>
			<IsVisible>true</IsVisible>
			<MaxHealth>1000</MaxHealth>
			<Health>1000</Health>
			<HasGravity>true</HasGravity>
			<IsOnFire>false</IsOnFire>
			<IsInvincible>false</IsInvincible>
			<IsBulletProof>false</IsBulletProof>
			<IsCollisionProof>false</IsCollisionProof>
			<IsExplosionProof>false</IsExplosionProof>
			<IsFireProof>false</IsFireProof>
			<IsMeleeProof>false</IsMeleeProof>
			<IsOnlyDamagedByPlayer>false</IsOnlyDamagedByPlayer>
			<PositionRotation>
				<X>1330.20618</X>
				<Y>2740.55859</Y>
				<Z>51.4488449</Z>
				<Pitch>-2.38218451</Pitch>
				<Roll>-4.42899799</Roll>
				<Yaw>21.7180672</Yaw>
			</PositionRotation>
			<Attachment isAttached="true">
				<AttachedTo>523268</AttachedTo>
				<BoneIndex>0</BoneIndex>
				<X>0.454540908</X>
				<Y>2.50340509</Y>
				<Z>-0.369527072</Z>
				<Pitch>-0.281222314</Pitch>
				<Roll>-1.61997235</Roll>
				<Yaw>-159.310608</Yaw>
			</Attachment>
		</Attachment>
		<Attachment>
			<ModelHash>0x710841e5</ModelHash>
			<Type>3</Type>
			<Dynamic>false</Dynamic>
			<FrozenPos>true</FrozenPos>
			<HashName>prop_scaffold_pole</HashName>
			<InitialHandle>452924</InitialHandle>
			<ObjectProperties>
				<TextureVariation>0</TextureVariation>
			</ObjectProperties>
			<OpacityLevel>255</OpacityLevel>
			<LodDistance>16960</LodDistance>
			<IsVisible>true</IsVisible>
			<MaxHealth>1000</MaxHealth>
			<Health>1000</Health>
			<HasGravity>true</HasGravity>
			<IsOnFire>false</IsOnFire>
			<IsInvincible>false</IsInvincible>
			<IsBulletProof>false</IsBulletProof>
			<IsCollisionProof>false</IsCollisionProof>
			<IsExplosionProof>false</IsExplosionProof>
			<IsFireProof>false</IsFireProof>
			<IsMeleeProof>false</IsMeleeProof>
			<IsOnlyDamagedByPlayer>false</IsOnlyDamagedByPlayer>
			<PositionRotation>
				<X>1330.35315</X>
				<Y>2740.57349</Y>
				<Z>51.4705048</Z>
				<Pitch>2.76903868</Pitch>
				<Roll>-3.35131502</Roll>
				<Yaw>-75.446434</Yaw>
			</PositionRotation>
			<Attachment isAttached="true">
				<AttachedTo>523268</AttachedTo>
				<BoneIndex>0</BoneIndex>
				<X>0.306255192</X>
				<Y>2.49164224</Y>
				<Z>-0.356355995</Z>
				<Pitch>-0.281222314</Pitch>
				<Roll>-1.61997235</Roll>
				<Yaw>-256.578033</Yaw>
			</Attachment>
		</Attachment>
		<Attachment>
			<ModelHash>0x7697c900</ModelHash>
			<Type>3</Type>
			<Dynamic>false</Dynamic>
			<FrozenPos>true</FrozenPos>
			<HashName>v_res_monitorwidelarge</HashName>
			<InitialHandle>25149</InitialHandle>
			<ObjectProperties>
				<TextureVariation>0</TextureVariation>
			</ObjectProperties>
			<OpacityLevel>255</OpacityLevel>
			<LodDistance>16960</LodDistance>
			<IsVisible>true</IsVisible>
			<MaxHealth>1000</MaxHealth>
			<Health>1000</Health>
			<HasGravity>true</HasGravity>
			<IsOnFire>false</IsOnFire>
			<IsInvincible>false</IsInvincible>
			<IsBulletProof>false</IsBulletProof>
			<IsCollisionProof>false</IsCollisionProof>
			<IsExplosionProof>false</IsExplosionProof>
			<IsFireProof>false</IsFireProof>
			<IsMeleeProof>false</IsMeleeProof>
			<IsOnlyDamagedByPlayer>false</IsOnlyDamagedByPlayer>
			<PositionRotation>
				<X>1330.24146</X>
				<Y>2741.8125</Y>
				<Z>51.9913368</Z>
				<Pitch>0.640875399</Pitch>
				<Roll>1.76375556</Roll>
				<Yaw>-179.809784</Yaw>
			</PositionRotation>
			<Attachment isAttached="true">
				<AttachedTo>523268</AttachedTo>
				<BoneIndex>0</BoneIndex>
				<X>0.362825632</X>
				<Y>1.25983322</Y>
				<Z>0.189767122</Z>
				<Pitch>-0.281222314</Pitch>
				<Roll>-1.61997235</Roll>
				<Yaw>-0.893157959</Yaw>
			</Attachment>
		</Attachment>
	</SpoonerAttachments>
</Vehicle>
