<?xml version="1.0" encoding="ISO-8859-1"?>
<Vehicle menyoo_ver="0.999876776b">
	<ModelHash>0xed62bfa9</ModelHash>
	<InitialHandle>642563</InitialHandle>
	<VehicleProperties>
		<Colours>
			<Primary>22</Primary>
			<Secondary>12</Secondary>
			<Pearl>134</Pearl>
			<Rim>156</Rim>
			<Mod1_a>6</Mod1_a>
			<Mod1_b>-1</Mod1_b>
			<Mod1_c>-1</Mod1_c>
			<Mod2_a>6</Mod2_a>
			<Mod2_b>-1</Mod2_b>
			<IsPrimaryColourCustom>false</IsPrimaryColourCustom>
			<IsSecondaryColourCustom>false</IsSecondaryColourCustom>
			<tyreSmoke_R>255</tyreSmoke_R>
			<tyreSmoke_G>255</tyreSmoke_G>
			<tyreSmoke_B>255</tyreSmoke_B>
			<LrInterior>0</LrInterior>
			<LrDashboard>0</LrDashboard>
		</Colours>
		<Livery>-1</Livery>
		<NumberPlateText>80ELY993</NumberPlateText>
		<NumberPlateIndex>0</NumberPlateIndex>
		<WheelType>4</WheelType>
		<WheelsInvisible>false</WheelsInvisible>
		<EngineSoundName></EngineSoundName>
		<WindowTint>-1</WindowTint>
		<BulletProofTyres>true</BulletProofTyres>
		<DirtLevel>0.496801198</DirtLevel>
		<PaintFade>0.298039228</PaintFade>
		<RoofState>0</RoofState>
		<SirenActive>false</SirenActive>
		<EngineOn>true</EngineOn>
		<EngineHealth>10000</EngineHealth>
		<LightsOn>false</LightsOn>
		<IsRadioLoud>0</IsRadioLoud>
		<LockStatus>1</LockStatus>
		<Neons>
			<Left>false</Left>
			<Right>false</Right>
			<Front>false</Front>
			<Back>false</Back>
			<R>255</R>
			<G>0</G>
			<B>255</B>
		</Neons>
		<ModExtras />
		<Mods>
			<_0>-1,0</_0>
			<_1>-1,0</_1>
			<_2>-1,0</_2>
			<_3>-1,0</_3>
			<_4>-1,0</_4>
			<_5>-1,0</_5>
			<_6>-1,0</_6>
			<_7>-1,0</_7>
			<_8>-1,0</_8>
			<_9>-1,0</_9>
			<_10>-1,0</_10>
			<_11>-1,0</_11>
			<_12>-1,0</_12>
			<_13>-1,0</_13>
			<_14>-1,0</_14>
			<_15>-1,0</_15>
			<_16>-1,0</_16>
			<_17>false</_17>
			<_18>false</_18>
			<_19>false</_19>
			<_20>false</_20>
			<_21>false</_21>
			<_22>false</_22>
			<_23>-1,0</_23>
			<_24>-1,0</_24>
			<_25>-1,0</_25>
			<_26>-1,0</_26>
			<_27>-1,0</_27>
			<_28>-1,0</_28>
			<_29>-1,0</_29>
			<_30>-1,0</_30>
			<_31>-1,0</_31>
			<_32>-1,0</_32>
			<_33>-1,0</_33>
			<_34>-1,0</_34>
			<_35>-1,0</_35>
			<_36>-1,0</_36>
			<_37>-1,0</_37>
			<_38>-1,0</_38>
			<_39>-1,0</_39>
			<_40>-1,0</_40>
			<_41>-1,0</_41>
			<_42>-1,0</_42>
			<_43>-1,0</_43>
			<_44>-1,0</_44>
			<_45>-1,0</_45>
			<_46>-1,0</_46>
			<_47>-1,0</_47>
			<_48>-1,0</_48>
		</Mods>
		<DoorsOpen>
			<BackLeftDoor>false</BackLeftDoor>
			<BackRightDoor>false</BackRightDoor>
			<FrontLeftDoor>false</FrontLeftDoor>
			<FrontRightDoor>false</FrontRightDoor>
			<Hood>false</Hood>
			<Trunk>false</Trunk>
			<Trunk2>false</Trunk2>
		</DoorsOpen>
		<DoorsBroken>
			<BackLeftDoor>false</BackLeftDoor>
			<BackRightDoor>false</BackRightDoor>
			<FrontLeftDoor>false</FrontLeftDoor>
			<FrontRightDoor>false</FrontRightDoor>
			<Hood>false</Hood>
			<Trunk>false</Trunk>
			<Trunk2>false</Trunk2>
		</DoorsBroken>
		<TyresBursted>
			<FrontLeft>false</FrontLeft>
			<FrontRight>false</FrontRight>
			<_2>false</_2>
			<_3>false</_3>
			<BackLeft>false</BackLeft>
			<BackRight>false</BackRight>
			<_6>false</_6>
			<_7>false</_7>
			<_8>false</_8>
		</TyresBursted>
	</VehicleProperties>
	<OpacityLevel>255</OpacityLevel>
	<LodDistance>16960</LodDistance>
	<IsVisible>true</IsVisible>
	<IsDriverVisible>true</IsDriverVisible>
	<MaxHealth>1000</MaxHealth>
	<Health>10000</Health>
	<HasGravity>true</HasGravity>
	<IsOnFire>false</IsOnFire>
	<IsInvincible>false</IsInvincible>
	<IsBulletProof>true</IsBulletProof>
	<IsExplosionProof>true</IsExplosionProof>
	<IsFireProof>true</IsFireProof>
	<IsMeleeProof>true</IsMeleeProof>
	<IsOnlyDamagedByPlayer>false</IsOnlyDamagedByPlayer>
	<SpoonerAttachments SetAttachmentsPersistentAndAddToSpoonerDatabase="false" StartTaskSequencesOnLoad="true">
		<Attachment>
			<ModelHash>0x1338dd60</ModelHash>
			<Type>3</Type>
			<Dynamic>false</Dynamic>
			<FrozenPos>true</FrozenPos>
			<HashName>prop_rub_carwreck_7</HashName>
			<InitialHandle>363781</InitialHandle>
			<ObjectProperties>
				<TextureVariation>0</TextureVariation>
			</ObjectProperties>
			<OpacityLevel>255</OpacityLevel>
			<LodDistance>16960</LodDistance>
			<IsVisible>true</IsVisible>
			<MaxHealth>1000</MaxHealth>
			<Health>1000</Health>
			<HasGravity>true</HasGravity>
			<IsOnFire>false</IsOnFire>
			<IsInvincible>false</IsInvincible>
			<IsBulletProof>false</IsBulletProof>
			<IsCollisionProof>false</IsCollisionProof>
			<IsExplosionProof>false</IsExplosionProof>
			<IsFireProof>false</IsFireProof>
			<IsMeleeProof>false</IsMeleeProof>
			<IsOnlyDamagedByPlayer>false</IsOnlyDamagedByPlayer>
			<PositionRotation>
				<X>1732.16016</X>
				<Y>3304.03247</Y>
				<Z>40.4847145</Z>
				<Pitch>1.93288922</Pitch>
				<Roll>-0.000840698252</Roll>
				<Yaw>11.3156881</Yaw>
			</PositionRotation>
			<Attachment isAttached="true">
				<AttachedTo>642563</AttachedTo>
				<BoneIndex>3</BoneIndex>
				<X>-0.0299999993</X>
				<Y>0</Y>
				<Z>-0.220000029</Z>
				<Pitch>2</Pitch>
				<Roll>0</Roll>
				<Yaw>-179.999985</Yaw>
			</Attachment>
		</Attachment>
		<Attachment>
			<ModelHash>0x0dd75614</ModelHash>
			<Type>3</Type>
			<Dynamic>false</Dynamic>
			<FrozenPos>true</FrozenPos>
			<HashName>prop_car_engine_01</HashName>
			<InitialHandle>504328</InitialHandle>
			<ObjectProperties>
				<TextureVariation>0</TextureVariation>
			</ObjectProperties>
			<OpacityLevel>255</OpacityLevel>
			<LodDistance>16960</LodDistance>
			<IsVisible>true</IsVisible>
			<MaxHealth>1000</MaxHealth>
			<Health>1000</Health>
			<HasGravity>true</HasGravity>
			<IsOnFire>false</IsOnFire>
			<IsInvincible>false</IsInvincible>
			<IsBulletProof>false</IsBulletProof>
			<IsCollisionProof>false</IsCollisionProof>
			<IsExplosionProof>false</IsExplosionProof>
			<IsFireProof>false</IsFireProof>
			<IsMeleeProof>false</IsMeleeProof>
			<IsOnlyDamagedByPlayer>false</IsOnlyDamagedByPlayer>
			<PositionRotation>
				<X>1732.53076</X>
				<Y>3302.41431</Y>
				<Z>41.0062866</Z>
				<Pitch>0.235851884</Pitch>
				<Roll>-0.289563298</Roll>
				<Yaw>-167.15947</Yaw>
			</PositionRotation>
			<Attachment isAttached="true">
				<AttachedTo>642563</AttachedTo>
				<BoneIndex>0</BoneIndex>
				<X>-0.0757916793</X>
				<Y>1.66012788</Y>
				<Z>0.299625218</Z>
				<Pitch>0.168742746</Pitch>
				<Roll>-0.288617432</Roll>
				<Yaw>1.52487946</Yaw>
			</Attachment>
		</Attachment>
		<Attachment>
			<ModelHash>0x0dd75614</ModelHash>
			<Type>3</Type>
			<Dynamic>false</Dynamic>
			<FrozenPos>true</FrozenPos>
			<HashName>prop_car_engine_01</HashName>
			<InitialHandle>779019</InitialHandle>
			<ObjectProperties>
				<TextureVariation>0</TextureVariation>
			</ObjectProperties>
			<OpacityLevel>255</OpacityLevel>
			<LodDistance>16960</LodDistance>
			<IsVisible>true</IsVisible>
			<MaxHealth>1000</MaxHealth>
			<Health>1000</Health>
			<HasGravity>true</HasGravity>
			<IsOnFire>false</IsOnFire>
			<IsInvincible>false</IsInvincible>
			<IsBulletProof>false</IsBulletProof>
			<IsCollisionProof>false</IsCollisionProof>
			<IsExplosionProof>false</IsExplosionProof>
			<IsFireProof>false</IsFireProof>
			<IsMeleeProof>false</IsMeleeProof>
			<IsOnlyDamagedByPlayer>false</IsOnlyDamagedByPlayer>
			<PositionRotation>
				<X>1732.51038</X>
				<Y>3302.12524</Y>
				<Z>41.5147209</Z>
				<Pitch>0.101629034</Pitch>
				<Roll>179.712158</Roll>
				<Yaw>12.493741</Yaw>
			</PositionRotation>
			<Attachment isAttached="true">
				<AttachedTo>642563</AttachedTo>
				<BoneIndex>0</BoneIndex>
				<X>0.000821357127</X>
				<Y>1.94007504</Y>
				<Z>0.807733595</Z>
				<Pitch>0.168742746</Pitch>
				<Roll>-180.288376</Roll>
				<Yaw>-178.821899</Yaw>
			</Attachment>
		</Attachment>
		<Attachment>
			<ModelHash>0xf212d0de</ModelHash>
			<Type>3</Type>
			<Dynamic>false</Dynamic>
			<FrozenPos>true</FrozenPos>
			<HashName>imp_prop_impexp_radiator_03</HashName>
			<InitialHandle>732174</InitialHandle>
			<ObjectProperties>
				<TextureVariation>0</TextureVariation>
			</ObjectProperties>
			<OpacityLevel>255</OpacityLevel>
			<LodDistance>16960</LodDistance>
			<IsVisible>true</IsVisible>
			<MaxHealth>1000</MaxHealth>
			<Health>1000</Health>
			<HasGravity>true</HasGravity>
			<IsOnFire>false</IsOnFire>
			<IsInvincible>false</IsInvincible>
			<IsBulletProof>false</IsBulletProof>
			<IsCollisionProof>false</IsCollisionProof>
			<IsExplosionProof>false</IsExplosionProof>
			<IsFireProof>false</IsFireProof>
			<IsMeleeProof>false</IsMeleeProof>
			<IsOnlyDamagedByPlayer>false</IsOnlyDamagedByPlayer>
			<PositionRotation>
				<X>1732.58569</X>
				<Y>3301.55444</Y>
				<Z>40.6067657</Z>
				<Pitch>-59.764164</Pitch>
				<Roll>0.711825371</Roll>
				<Yaw>-168.155106</Yaw>
			</PositionRotation>
			<Attachment isAttached="true">
				<AttachedTo>642563</AttachedTo>
				<BoneIndex>0</BoneIndex>
				<X>0.0390667692</X>
				<Y>2.513484</Y>
				<Z>-0.100892432</Z>
				<Pitch>-59.8312683</Pitch>
				<Roll>0.711387575</Roll>
				<Yaw>0.528869629</Yaw>
			</Attachment>
		</Attachment>
		<Attachment>
			<ModelHash>0x1cd07ff4</ModelHash>
			<Type>3</Type>
			<Dynamic>false</Dynamic>
			<FrozenPos>true</FrozenPos>
			<HashName>p_police_radio_hset_s</HashName>
			<InitialHandle>416528</InitialHandle>
			<ObjectProperties>
				<TextureVariation>0</TextureVariation>
			</ObjectProperties>
			<OpacityLevel>255</OpacityLevel>
			<LodDistance>16960</LodDistance>
			<IsVisible>true</IsVisible>
			<MaxHealth>1000</MaxHealth>
			<Health>1000</Health>
			<HasGravity>true</HasGravity>
			<IsOnFire>false</IsOnFire>
			<IsInvincible>false</IsInvincible>
			<IsBulletProof>false</IsBulletProof>
			<IsCollisionProof>false</IsCollisionProof>
			<IsExplosionProof>false</IsExplosionProof>
			<IsFireProof>false</IsFireProof>
			<IsMeleeProof>false</IsMeleeProof>
			<IsOnlyDamagedByPlayer>false</IsOnlyDamagedByPlayer>
			<PositionRotation>
				<X>1732.28186</X>
				<Y>3305.802</Y>
				<Z>42.4825172</Z>
				<Pitch>0.167516947</Pitch>
				<Roll>-0.221512496</Roll>
				<Yaw>100.986404</Yaw>
			</PositionRotation>
			<Attachment isAttached="true">
				<AttachedTo>642563</AttachedTo>
				<BoneIndex>0</BoneIndex>
				<X>-0.496482551</X>
				<Y>-1.70896161</Y>
				<Z>1.77979648</Z>
				<Pitch>0.168742746</Pitch>
				<Roll>-0.288617432</Roll>
				<Yaw>-90.3290253</Yaw>
			</Attachment>
		</Attachment>
		<Attachment>
			<ModelHash>0x99eae44b</ModelHash>
			<Type>3</Type>
			<Dynamic>false</Dynamic>
			<FrozenPos>true</FrozenPos>
			<HashName>prop_police_radio_main</HashName>
			<InitialHandle>55825</InitialHandle>
			<ObjectProperties>
				<TextureVariation>0</TextureVariation>
			</ObjectProperties>
			<OpacityLevel>255</OpacityLevel>
			<LodDistance>16960</LodDistance>
			<IsVisible>true</IsVisible>
			<MaxHealth>1000</MaxHealth>
			<Health>1000</Health>
			<HasGravity>true</HasGravity>
			<IsOnFire>false</IsOnFire>
			<IsInvincible>false</IsInvincible>
			<IsBulletProof>false</IsBulletProof>
			<IsCollisionProof>false</IsCollisionProof>
			<IsExplosionProof>false</IsExplosionProof>
			<IsFireProof>false</IsFireProof>
			<IsMeleeProof>false</IsMeleeProof>
			<IsOnlyDamagedByPlayer>false</IsOnlyDamagedByPlayer>
			<PositionRotation>
				<X>1732.11597</X>
				<Y>3304.05103</Y>
				<Z>40.6343613</Z>
				<Pitch>0.235858232</Pitch>
				<Roll>-0.288394541</Roll>
				<Yaw>-168.157242</Yaw>
			</PositionRotation>
			<Attachment isAttached="true">
				<AttachedTo>642563</AttachedTo>
				<BoneIndex>0</BoneIndex>
				<X>0.00966619328</X>
				<Y>-0.0267739873</Y>
				<Z>-0.070324786</Z>
				<Pitch>0.168742746</Pitch>
				<Roll>-0.288617432</Roll>
				<Yaw>0.527114868</Yaw>
			</Attachment>
		</Attachment>
		<Attachment>
			<ModelHash>0x7a9ebc92</ModelHash>
			<Type>3</Type>
			<Dynamic>false</Dynamic>
			<FrozenPos>true</FrozenPos>
			<HashName>prop_radio_01</HashName>
			<InitialHandle>560914</InitialHandle>
			<ObjectProperties>
				<TextureVariation>0</TextureVariation>
			</ObjectProperties>
			<OpacityLevel>255</OpacityLevel>
			<LodDistance>16960</LodDistance>
			<IsVisible>true</IsVisible>
			<MaxHealth>1000</MaxHealth>
			<Health>1000</Health>
			<HasGravity>true</HasGravity>
			<IsOnFire>false</IsOnFire>
			<IsInvincible>false</IsInvincible>
			<IsBulletProof>false</IsBulletProof>
			<IsCollisionProof>false</IsCollisionProof>
			<IsExplosionProof>false</IsExplosionProof>
			<IsFireProof>false</IsFireProof>
			<IsMeleeProof>false</IsMeleeProof>
			<IsOnlyDamagedByPlayer>false</IsOnlyDamagedByPlayer>
			<PositionRotation>
				<X>1732.04553</X>
				<Y>3304.52588</Y>
				<Z>40.6959496</Z>
				<Pitch>0.176121414</Pitch>
				<Roll>-0.221908137</Roll>
				<Yaw>108.344688</Yaw>
			</PositionRotation>
			<Attachment isAttached="true">
				<AttachedTo>642563</AttachedTo>
				<BoneIndex>0</BoneIndex>
				<X>-0.0143685304</X>
				<Y>-0.505992234</Y>
				<Z>-0.00817359239</Z>
				<Pitch>0.168742746</Pitch>
				<Roll>-0.288617432</Roll>
				<Yaw>-82.9707336</Yaw>
			</Attachment>
		</Attachment>
		<Attachment>
			<ModelHash>0xbac522e6</ModelHash>
			<Type>3</Type>
			<Dynamic>false</Dynamic>
			<FrozenPos>true</FrozenPos>
			<HashName>imp_prop_impexp_rear_bumper_01a</HashName>
			<InitialHandle>195094</InitialHandle>
			<ObjectProperties>
				<TextureVariation>0</TextureVariation>
			</ObjectProperties>
			<OpacityLevel>255</OpacityLevel>
			<LodDistance>16960</LodDistance>
			<IsVisible>true</IsVisible>
			<MaxHealth>1000</MaxHealth>
			<Health>1000</Health>
			<HasGravity>true</HasGravity>
			<IsOnFire>false</IsOnFire>
			<IsInvincible>false</IsInvincible>
			<IsBulletProof>false</IsBulletProof>
			<IsCollisionProof>false</IsCollisionProof>
			<IsExplosionProof>false</IsExplosionProof>
			<IsFireProof>false</IsFireProof>
			<IsMeleeProof>false</IsMeleeProof>
			<IsOnlyDamagedByPlayer>false</IsOnlyDamagedByPlayer>
			<PositionRotation>
				<X>1731.32642</X>
				<Y>3304.09644</Y>
				<Z>40.4267082</Z>
				<Pitch>0.175655678</Pitch>
				<Roll>-0.355376631</Roll>
				<Yaw>-83.8787994</Yaw>
			</PositionRotation>
			<Attachment isAttached="true">
				<AttachedTo>642563</AttachedTo>
				<BoneIndex>0</BoneIndex>
				<X>0.775009036</X>
				<Y>-0.226413444</Y>
				<Z>-0.277731508</Z>
				<Pitch>0.168742746</Pitch>
				<Roll>-0.288617432</Roll>
				<Yaw>-275.194641</Yaw>
			</Attachment>
		</Attachment>
		<Attachment>
			<ModelHash>0xbac522e6</ModelHash>
			<Type>3</Type>
			<Dynamic>false</Dynamic>
			<FrozenPos>true</FrozenPos>
			<HashName>imp_prop_impexp_rear_bumper_01a</HashName>
			<InitialHandle>633622</InitialHandle>
			<ObjectProperties>
				<TextureVariation>0</TextureVariation>
			</ObjectProperties>
			<OpacityLevel>255</OpacityLevel>
			<LodDistance>16960</LodDistance>
			<IsVisible>true</IsVisible>
			<MaxHealth>1000</MaxHealth>
			<Health>1000</Health>
			<HasGravity>true</HasGravity>
			<IsOnFire>false</IsOnFire>
			<IsInvincible>false</IsInvincible>
			<IsBulletProof>false</IsBulletProof>
			<IsCollisionProof>false</IsCollisionProof>
			<IsExplosionProof>false</IsExplosionProof>
			<IsFireProof>false</IsFireProof>
			<IsMeleeProof>false</IsMeleeProof>
			<IsOnlyDamagedByPlayer>false</IsOnlyDamagedByPlayer>
			<PositionRotation>
				<X>1732.80615</X>
				<Y>3304.44458</Y>
				<Z>40.3860588</Z>
				<Pitch>0.173747808</Pitch>
				<Roll>-0.221688151</Roll>
				<Yaw>106.30954</Yaw>
			</PositionRotation>
			<Attachment isAttached="true">
				<AttachedTo>642563</AttachedTo>
				<BoneIndex>0</BoneIndex>
				<X>-0.744264305</X>
				<Y>-0.277376443</Y>
				<Z>-0.318341702</Z>
				<Pitch>0.168742746</Pitch>
				<Roll>-0.288617432</Roll>
				<Yaw>-85.0058823</Yaw>
			</Attachment>
		</Attachment>
		<Attachment>
			<ModelHash>0xd6cc0902</ModelHash>
			<Type>3</Type>
			<Dynamic>false</Dynamic>
			<FrozenPos>true</FrozenPos>
			<HashName>imp_prop_impexp_front_bars_01b</HashName>
			<InitialHandle>313116</InitialHandle>
			<ObjectProperties>
				<TextureVariation>0</TextureVariation>
			</ObjectProperties>
			<OpacityLevel>255</OpacityLevel>
			<LodDistance>16960</LodDistance>
			<IsVisible>true</IsVisible>
			<MaxHealth>1000</MaxHealth>
			<Health>1000</Health>
			<HasGravity>true</HasGravity>
			<IsOnFire>false</IsOnFire>
			<IsInvincible>false</IsInvincible>
			<IsBulletProof>false</IsBulletProof>
			<IsCollisionProof>false</IsCollisionProof>
			<IsExplosionProof>false</IsExplosionProof>
			<IsFireProof>false</IsFireProof>
			<IsMeleeProof>false</IsMeleeProof>
			<IsOnlyDamagedByPlayer>false</IsOnlyDamagedByPlayer>
			<PositionRotation>
				<X>1732.05591</X>
				<Y>3301.4375</Y>
				<Z>40.6167641</Z>
				<Pitch>0.235848978</Pitch>
				<Roll>-0.287484556</Roll>
				<Yaw>-168.934097</Yaw>
			</PositionRotation>
			<Attachment isAttached="true">
				<AttachedTo>642563</AttachedTo>
				<BoneIndex>0</BoneIndex>
				<X>0.581406653</X>
				<Y>2.52414465</Y>
				<Z>-0.0909000933</Z>
				<Pitch>0.168742746</Pitch>
				<Roll>-0.288617432</Roll>
				<Yaw>-0.249740601</Yaw>
			</Attachment>
		</Attachment>
		<Attachment>
			<ModelHash>0x0e527908</ModelHash>
			<Type>3</Type>
			<Dynamic>false</Dynamic>
			<FrozenPos>true</FrozenPos>
			<HashName>imp_prop_impexp_exhaust_05</HashName>
			<InitialHandle>638239</InitialHandle>
			<ObjectProperties>
				<TextureVariation>0</TextureVariation>
			</ObjectProperties>
			<OpacityLevel>255</OpacityLevel>
			<LodDistance>16960</LodDistance>
			<IsVisible>true</IsVisible>
			<MaxHealth>1000</MaxHealth>
			<Health>1000</Health>
			<HasGravity>true</HasGravity>
			<IsOnFire>false</IsOnFire>
			<IsInvincible>false</IsInvincible>
			<IsBulletProof>false</IsBulletProof>
			<IsCollisionProof>false</IsCollisionProof>
			<IsExplosionProof>false</IsExplosionProof>
			<IsFireProof>false</IsFireProof>
			<IsMeleeProof>false</IsMeleeProof>
			<IsOnlyDamagedByPlayer>false</IsOnlyDamagedByPlayer>
			<PositionRotation>
				<X>1730.81702</X>
				<Y>3305.33643</Y>
				<Z>41.0064125</Z>
				<Pitch>0.168866634</Pitch>
				<Roll>-0.355733454</Roll>
				<Yaw>-78.0726395</Yaw>
			</PositionRotation>
			<Attachment isAttached="true">
				<AttachedTo>642563</AttachedTo>
				<BoneIndex>0</BoneIndex>
				<X>1.03122878</X>
				<Y>-1.54164433</Y>
				<Z>0.303517461</Z>
				<Pitch>0.168742746</Pitch>
				<Roll>-0.288617432</Roll>
				<Yaw>-269.388489</Yaw>
			</Attachment>
		</Attachment>
		<Attachment>
			<ModelHash>0x0e527908</ModelHash>
			<Type>3</Type>
			<Dynamic>false</Dynamic>
			<FrozenPos>true</FrozenPos>
			<HashName>imp_prop_impexp_exhaust_05</HashName>
			<InitialHandle>224288</InitialHandle>
			<ObjectProperties>
				<TextureVariation>0</TextureVariation>
			</ObjectProperties>
			<OpacityLevel>255</OpacityLevel>
			<LodDistance>16960</LodDistance>
			<IsVisible>true</IsVisible>
			<MaxHealth>1000</MaxHealth>
			<Health>1000</Health>
			<HasGravity>true</HasGravity>
			<IsOnFire>false</IsOnFire>
			<IsInvincible>false</IsInvincible>
			<IsBulletProof>false</IsBulletProof>
			<IsCollisionProof>false</IsCollisionProof>
			<IsExplosionProof>false</IsExplosionProof>
			<IsFireProof>false</IsFireProof>
			<IsMeleeProof>false</IsMeleeProof>
			<IsOnlyDamagedByPlayer>false</IsOnlyDamagedByPlayer>
			<PositionRotation>
				<X>1732.84534</X>
				<Y>3305.71021</Y>
				<Z>41.0474014</Z>
				<Pitch>0.170462877</Pitch>
				<Roll>-0.221523359</Roll>
				<Yaw>103.501465</Yaw>
			</PositionRotation>
			<Attachment isAttached="true">
				<AttachedTo>642563</AttachedTo>
				<BoneIndex>0</BoneIndex>
				<X>-1.03103518</X>
				<Y>-1.5100348</Y>
				<Z>0.344437599</Z>
				<Pitch>0.168742746</Pitch>
				<Roll>-0.288617432</Roll>
				<Yaw>-87.8139572</Yaw>
			</Attachment>
		</Attachment>
		<Attachment>
			<ModelHash>0xcf947abf</ModelHash>
			<Type>3</Type>
			<Dynamic>false</Dynamic>
			<FrozenPos>true</FrozenPos>
			<HashName>ng_proc_oilcan01a</HashName>
			<InitialHandle>481573</InitialHandle>
			<ObjectProperties>
				<TextureVariation>0</TextureVariation>
			</ObjectProperties>
			<OpacityLevel>255</OpacityLevel>
			<LodDistance>16960</LodDistance>
			<IsVisible>true</IsVisible>
			<MaxHealth>1000</MaxHealth>
			<Health>1000</Health>
			<HasGravity>true</HasGravity>
			<IsOnFire>false</IsOnFire>
			<IsInvincible>false</IsInvincible>
			<IsBulletProof>false</IsBulletProof>
			<IsCollisionProof>false</IsCollisionProof>
			<IsExplosionProof>false</IsExplosionProof>
			<IsFireProof>false</IsFireProof>
			<IsMeleeProof>false</IsMeleeProof>
			<IsOnlyDamagedByPlayer>false</IsOnlyDamagedByPlayer>
			<PositionRotation>
				<X>1731.7439</X>
				<Y>3304.10181</Y>
				<Z>40.4923897</Z>
				<Pitch>0.223574191</Pitch>
				<Roll>-0.327322155</Roll>
				<Yaw>-132.749313</Yaw>
			</PositionRotation>
			<Attachment isAttached="true">
				<AttachedTo>642563</AttachedTo>
				<BoneIndex>0</BoneIndex>
				<X>0.36465773</X>
				<Y>-0.149662629</Y>
				<Z>-0.21214664</Z>
				<Pitch>0.168742746</Pitch>
				<Roll>-0.288617432</Roll>
				<Yaw>35.9349213</Yaw>
			</Attachment>
		</Attachment>
		<Attachment>
			<ModelHash>0x8c9fc63c</ModelHash>
			<Type>3</Type>
			<Dynamic>false</Dynamic>
			<FrozenPos>true</FrozenPos>
			<HashName>prop_barrel_exp_01c</HashName>
			<InitialHandle>652841</InitialHandle>
			<ObjectProperties>
				<TextureVariation>0</TextureVariation>
			</ObjectProperties>
			<OpacityLevel>255</OpacityLevel>
			<LodDistance>16960</LodDistance>
			<IsVisible>true</IsVisible>
			<MaxHealth>1000</MaxHealth>
			<Health>1000</Health>
			<HasGravity>true</HasGravity>
			<IsOnFire>false</IsOnFire>
			<IsInvincible>false</IsInvincible>
			<IsBulletProof>false</IsBulletProof>
			<IsCollisionProof>false</IsCollisionProof>
			<IsExplosionProof>false</IsExplosionProof>
			<IsFireProof>false</IsFireProof>
			<IsMeleeProof>false</IsMeleeProof>
			<IsOnlyDamagedByPlayer>false</IsOnlyDamagedByPlayer>
			<PositionRotation>
				<X>1731.69885</X>
				<Y>3305.56006</Y>
				<Z>41.6742554</Z>
				<Pitch>-89.8368683</Pitch>
				<Roll>8.89149761</Roll>
				<Yaw>109.229141</Yaw>
			</PositionRotation>
			<Attachment isAttached="true">
				<AttachedTo>642563</AttachedTo>
				<BoneIndex>0</BoneIndex>
				<X>0.122591823</X>
				<Y>-1.58706772</Y>
				<Z>0.971400976</Z>
				<Pitch>-89.8312607</Pitch>
				<Roll>-14.3510466</Roll>
				<Yaw>-105.328934</Yaw>
			</Attachment>
		</Attachment>
		<Attachment>
			<ModelHash>0x3eb9757a</ModelHash>
			<Type>3</Type>
			<Dynamic>false</Dynamic>
			<FrozenPos>true</FrozenPos>
			<HashName>p_trev_rope_01_s</HashName>
			<InitialHandle>284971</InitialHandle>
			<ObjectProperties>
				<TextureVariation>0</TextureVariation>
			</ObjectProperties>
			<OpacityLevel>255</OpacityLevel>
			<LodDistance>16960</LodDistance>
			<IsVisible>true</IsVisible>
			<MaxHealth>1000</MaxHealth>
			<Health>1000</Health>
			<HasGravity>true</HasGravity>
			<IsOnFire>false</IsOnFire>
			<IsInvincible>false</IsInvincible>
			<IsBulletProof>false</IsBulletProof>
			<IsCollisionProof>false</IsCollisionProof>
			<IsExplosionProof>false</IsExplosionProof>
			<IsFireProof>false</IsFireProof>
			<IsMeleeProof>false</IsMeleeProof>
			<IsOnlyDamagedByPlayer>false</IsOnlyDamagedByPlayer>
			<PositionRotation>
				<X>1732.3291</X>
				<Y>3305.67285</Y>
				<Z>41.4030228</Z>
				<Pitch>-89.8380737</Pitch>
				<Roll>10.3103704</Roll>
				<Yaw>109.231323</Yaw>
			</PositionRotation>
			<Attachment isAttached="true">
				<AttachedTo>642563</AttachedTo>
				<BoneIndex>0</BoneIndex>
				<X>-0.51754427</X>
				<Y>-1.57434928</Y>
				<Z>0.70014286</Z>
				<Pitch>-89.8312607</Pitch>
				<Roll>-12.9343462</Roll>
				<Yaw>-105.328934</Yaw>
			</Attachment>
		</Attachment>
		<Attachment>
			<ModelHash>0x3eb9757a</ModelHash>
			<Type>3</Type>
			<Dynamic>false</Dynamic>
			<FrozenPos>true</FrozenPos>
			<HashName>p_trev_rope_01_s</HashName>
			<InitialHandle>212011</InitialHandle>
			<ObjectProperties>
				<TextureVariation>0</TextureVariation>
			</ObjectProperties>
			<OpacityLevel>255</OpacityLevel>
			<LodDistance>16960</LodDistance>
			<IsVisible>true</IsVisible>
			<MaxHealth>1000</MaxHealth>
			<Health>1000</Health>
			<HasGravity>true</HasGravity>
			<IsOnFire>false</IsOnFire>
			<IsInvincible>false</IsInvincible>
			<IsBulletProof>false</IsBulletProof>
			<IsCollisionProof>false</IsCollisionProof>
			<IsExplosionProof>false</IsExplosionProof>
			<IsFireProof>false</IsFireProof>
			<IsMeleeProof>false</IsMeleeProof>
			<IsOnlyDamagedByPlayer>false</IsOnlyDamagedByPlayer>
			<PositionRotation>
				<X>1731.79285</X>
				<Y>3305.57324</Y>
				<Z>41.4128494</Z>
				<Pitch>-89.8392868</Pitch>
				<Roll>9.09755802</Roll>
				<Yaw>109.231041</Yaw>
			</PositionRotation>
			<Attachment isAttached="true">
				<AttachedTo>642563</AttachedTo>
				<BoneIndex>0</BoneIndex>
				<X>0.0279099122</X>
				<Y>-1.58188224</Y>
				<Z>0.709986687</Z>
				<Pitch>-89.8312607</Pitch>
				<Roll>-14.146884</Roll>
				<Yaw>-105.328934</Yaw>
			</Attachment>
		</Attachment>
		<Attachment>
			<ModelHash>0x0c437502</ModelHash>
			<Type>3</Type>
			<Dynamic>false</Dynamic>
			<FrozenPos>true</FrozenPos>
			<HashName>imp_prop_impexp_exhaust_04</HashName>
			<InitialHandle>247344</InitialHandle>
			<ObjectProperties>
				<TextureVariation>0</TextureVariation>
			</ObjectProperties>
			<OpacityLevel>255</OpacityLevel>
			<LodDistance>16960</LodDistance>
			<IsVisible>true</IsVisible>
			<MaxHealth>1000</MaxHealth>
			<Health>1000</Health>
			<HasGravity>true</HasGravity>
			<IsOnFire>false</IsOnFire>
			<IsInvincible>false</IsInvincible>
			<IsBulletProof>false</IsBulletProof>
			<IsCollisionProof>false</IsCollisionProof>
			<IsExplosionProof>false</IsExplosionProof>
			<IsFireProof>false</IsFireProof>
			<IsMeleeProof>false</IsMeleeProof>
			<IsOnlyDamagedByPlayer>false</IsOnlyDamagedByPlayer>
			<PositionRotation>
				<X>1732.17322</X>
				<Y>3306.05566</Y>
				<Z>40.5809937</Z>
				<Pitch>-9.76416397</Pitch>
				<Roll>-0.286932051</Roll>
				<Yaw>-169.38559</Yaw>
			</PositionRotation>
			<Attachment isAttached="true">
				<AttachedTo>642563</AttachedTo>
				<BoneIndex>0</BoneIndex>
				<X>-0.439780474</X>
				<Y>-1.98119783</Y>
				<Z>-0.121409766</Z>
				<Pitch>-9.83125877</Pitch>
				<Roll>-0.288618296</Roll>
				<Yaw>-0.701530457</Yaw>
			</Attachment>
		</Attachment>
		<Attachment>
			<ModelHash>0x0c437502</ModelHash>
			<Type>3</Type>
			<Dynamic>false</Dynamic>
			<FrozenPos>true</FrozenPos>
			<HashName>imp_prop_impexp_exhaust_04</HashName>
			<InitialHandle>44592</InitialHandle>
			<ObjectProperties>
				<TextureVariation>0</TextureVariation>
			</ObjectProperties>
			<OpacityLevel>255</OpacityLevel>
			<LodDistance>16960</LodDistance>
			<IsVisible>true</IsVisible>
			<MaxHealth>1000</MaxHealth>
			<Health>1000</Health>
			<HasGravity>true</HasGravity>
			<IsOnFire>false</IsOnFire>
			<IsInvincible>false</IsInvincible>
			<IsBulletProof>false</IsBulletProof>
			<IsCollisionProof>false</IsCollisionProof>
			<IsExplosionProof>false</IsExplosionProof>
			<IsFireProof>false</IsFireProof>
			<IsMeleeProof>false</IsMeleeProof>
			<IsOnlyDamagedByPlayer>false</IsOnlyDamagedByPlayer>
			<PositionRotation>
				<X>1731.25635</X>
				<Y>3305.85107</Y>
				<Z>40.7231293</Z>
				<Pitch>-9.76417732</Pitch>
				<Roll>179.713562</Roll>
				<Yaw>-169.905533</Yaw>
			</PositionRotation>
			<Attachment isAttached="true">
				<AttachedTo>642563</AttachedTo>
				<BoneIndex>0</BoneIndex>
				<X>0.499436706</X>
				<Y>-1.96040535</Y>
				<Z>0.0207179151</Z>
				<Pitch>-9.83125687</Pitch>
				<Roll>179.711273</Roll>
				<Yaw>-1.22158051</Yaw>
			</Attachment>
		</Attachment>
		<Attachment>
			<ModelHash>0xd37a33c0</ModelHash>
			<Type>3</Type>
			<Dynamic>false</Dynamic>
			<FrozenPos>true</FrozenPos>
			<HashName>w_sr_heavysniper</HashName>
			<InitialHandle>416055</InitialHandle>
			<ObjectProperties>
				<TextureVariation>0</TextureVariation>
			</ObjectProperties>
			<OpacityLevel>255</OpacityLevel>
			<LodDistance>16960</LodDistance>
			<IsVisible>true</IsVisible>
			<MaxHealth>1000</MaxHealth>
			<Health>1000</Health>
			<HasGravity>true</HasGravity>
			<IsOnFire>false</IsOnFire>
			<IsInvincible>false</IsInvincible>
			<IsBulletProof>false</IsBulletProof>
			<IsCollisionProof>false</IsCollisionProof>
			<IsExplosionProof>false</IsExplosionProof>
			<IsFireProof>false</IsFireProof>
			<IsMeleeProof>false</IsMeleeProof>
			<IsOnlyDamagedByPlayer>false</IsOnlyDamagedByPlayer>
			<PositionRotation>
				<X>1732.16016</X>
				<Y>3304.37378</Y>
				<Z>41.9495087</Z>
				<Pitch>89.8733215</Pitch>
				<Roll>-85.3172455</Roll>
				<Yaw>6.09030342</Yaw>
			</PositionRotation>
			<Attachment isAttached="true">
				<AttachedTo>642563</AttachedTo>
				<BoneIndex>0</BoneIndex>
				<X>-0.0969604999</X>
				<Y>-0.333012372</Y>
				<Z>1.24518239</Z>
				<Pitch>89.9361115</Pitch>
				<Roll>-79.0819626</Roll>
				<Yaw>168.539383</Yaw>
			</Attachment>
		</Attachment>
		<Attachment>
			<ModelHash>0xd37a33c0</ModelHash>
			<Type>3</Type>
			<Dynamic>false</Dynamic>
			<FrozenPos>true</FrozenPos>
			<HashName>w_sr_heavysniper</HashName>
			<InitialHandle>668983</InitialHandle>
			<ObjectProperties>
				<TextureVariation>0</TextureVariation>
			</ObjectProperties>
			<OpacityLevel>255</OpacityLevel>
			<LodDistance>16960</LodDistance>
			<IsVisible>true</IsVisible>
			<MaxHealth>1000</MaxHealth>
			<Health>1000</Health>
			<HasGravity>true</HasGravity>
			<IsOnFire>false</IsOnFire>
			<IsInvincible>false</IsInvincible>
			<IsBulletProof>false</IsBulletProof>
			<IsCollisionProof>false</IsCollisionProof>
			<IsExplosionProof>false</IsExplosionProof>
			<IsFireProof>false</IsFireProof>
			<IsMeleeProof>false</IsMeleeProof>
			<IsOnlyDamagedByPlayer>false</IsOnlyDamagedByPlayer>
			<PositionRotation>
				<X>1731.98792</X>
				<Y>3304.34033</Y>
				<Z>41.9453163</Z>
				<Pitch>-89.8702698</Pitch>
				<Roll>-94.2553329</Roll>
				<Yaw>-173.907104</Yaw>
			</PositionRotation>
			<Attachment isAttached="true">
				<AttachedTo>642563</AttachedTo>
				<BoneIndex>0</BoneIndex>
				<X>0.0784668177</X>
				<Y>-0.333957016</Y>
				<Z>1.24099302</Z>
				<Pitch>-90.0638885</Pitch>
				<Roll>79.5067978</Roll>
				<Yaw>168.539383</Yaw>
			</Attachment>
		</Attachment>
		<Attachment>
			<ModelHash>0xa53de4d1</ModelHash>
			<Type>3</Type>
			<Dynamic>false</Dynamic>
			<FrozenPos>true</FrozenPos>
			<HashName>prop_box_ammo02a</HashName>
			<InitialHandle>137490</InitialHandle>
			<ObjectProperties>
				<TextureVariation>0</TextureVariation>
			</ObjectProperties>
			<OpacityLevel>255</OpacityLevel>
			<LodDistance>16960</LodDistance>
			<IsVisible>true</IsVisible>
			<MaxHealth>1000</MaxHealth>
			<Health>1000</Health>
			<HasGravity>true</HasGravity>
			<IsOnFire>false</IsOnFire>
			<IsInvincible>false</IsInvincible>
			<IsBulletProof>false</IsBulletProof>
			<IsCollisionProof>false</IsCollisionProof>
			<IsExplosionProof>false</IsExplosionProof>
			<IsFireProof>false</IsFireProof>
			<IsMeleeProof>false</IsMeleeProof>
			<IsOnlyDamagedByPlayer>false</IsOnlyDamagedByPlayer>
			<PositionRotation>
				<X>1732.23572</X>
				<Y>3304.29004</Y>
				<Z>41.8330574</Z>
				<Pitch>0.0032144147</Pitch>
				<Roll>0.040347565</Roll>
				<Yaw>-168.940994</Yaw>
			</PositionRotation>
			<Attachment isAttached="true">
				<AttachedTo>642563</AttachedTo>
				<BoneIndex>0</BoneIndex>
				<X>-0.154576197</X>
				<Y>-0.236033872</Y>
				<Z>1.12861633</Z>
				<Pitch>-0.0638917238</Pitch>
				<Roll>0.0392066874</Roll>
				<Yaw>-0.256637573</Yaw>
			</Attachment>
		</Attachment>
		<Attachment>
			<ModelHash>0xa53de4d1</ModelHash>
			<Type>3</Type>
			<Dynamic>false</Dynamic>
			<FrozenPos>true</FrozenPos>
			<HashName>prop_box_ammo02a</HashName>
			<InitialHandle>272185</InitialHandle>
			<ObjectProperties>
				<TextureVariation>0</TextureVariation>
			</ObjectProperties>
			<OpacityLevel>255</OpacityLevel>
			<LodDistance>16960</LodDistance>
			<IsVisible>true</IsVisible>
			<MaxHealth>1000</MaxHealth>
			<Health>1000</Health>
			<HasGravity>true</HasGravity>
			<IsOnFire>false</IsOnFire>
			<IsInvincible>false</IsInvincible>
			<IsBulletProof>false</IsBulletProof>
			<IsCollisionProof>false</IsCollisionProof>
			<IsExplosionProof>false</IsExplosionProof>
			<IsFireProof>false</IsFireProof>
			<IsMeleeProof>false</IsMeleeProof>
			<IsOnlyDamagedByPlayer>false</IsOnlyDamagedByPlayer>
			<PositionRotation>
				<X>1731.94812</X>
				<Y>3304.23633</Y>
				<Z>41.8292809</Z>
				<Pitch>-0.130960152</Pitch>
				<Roll>0.0366941206</Roll>
				<Yaw>9.86965656</Yaw>
			</PositionRotation>
			<Attachment isAttached="true">
				<AttachedTo>642563</AttachedTo>
				<BoneIndex>0</BoneIndex>
				<X>0.137982652</X>
				<Y>-0.239799663</Y>
				<Z>1.1248498</Z>
				<Pitch>-0.0638921484</Pitch>
				<Roll>0.0392276682</Roll>
				<Yaw>178.554031</Yaw>
			</Attachment>
		</Attachment>
		<Attachment>
			<ModelHash>0x8b02bba6</ModelHash>
			<Type>3</Type>
			<Dynamic>false</Dynamic>
			<FrozenPos>true</FrozenPos>
			<HashName>hei_prop_hei_ammo_single</HashName>
			<InitialHandle>107076</InitialHandle>
			<ObjectProperties>
				<TextureVariation>0</TextureVariation>
			</ObjectProperties>
			<OpacityLevel>255</OpacityLevel>
			<LodDistance>16960</LodDistance>
			<IsVisible>true</IsVisible>
			<MaxHealth>1000</MaxHealth>
			<Health>1000</Health>
			<HasGravity>true</HasGravity>
			<IsOnFire>false</IsOnFire>
			<IsInvincible>false</IsInvincible>
			<IsBulletProof>false</IsBulletProof>
			<IsCollisionProof>false</IsCollisionProof>
			<IsExplosionProof>false</IsExplosionProof>
			<IsFireProof>false</IsFireProof>
			<IsMeleeProof>false</IsMeleeProof>
			<IsOnlyDamagedByPlayer>false</IsOnlyDamagedByPlayer>
			<PositionRotation>
				<X>1731.86694</X>
				<Y>3304.17065</Y>
				<Z>41.6642647</Z>
				<Pitch>-0.0604906119</Pitch>
				<Roll>-0.0278229583</Roll>
				<Yaw>-80.8717346</Yaw>
			</PositionRotation>
			<Attachment isAttached="true">
				<AttachedTo>642563</AttachedTo>
				<BoneIndex>0</BoneIndex>
				<X>0.230476782</X>
				<Y>-0.191748738</Y>
				<Z>0.959777594</Z>
				<Pitch>-0.0638917089</Pitch>
				<Roll>0.0392066874</Roll>
				<Yaw>87.812706</Yaw>
			</Attachment>
		</Attachment>
		<Attachment>
			<ModelHash>0x8b02bba6</ModelHash>
			<Type>3</Type>
			<Dynamic>false</Dynamic>
			<FrozenPos>true</FrozenPos>
			<HashName>hei_prop_hei_ammo_single</HashName>
			<InitialHandle>655172</InitialHandle>
			<ObjectProperties>
				<TextureVariation>0</TextureVariation>
			</ObjectProperties>
			<OpacityLevel>255</OpacityLevel>
			<LodDistance>16960</LodDistance>
			<IsVisible>true</IsVisible>
			<MaxHealth>1000</MaxHealth>
			<Health>1000</Health>
			<HasGravity>true</HasGravity>
			<IsOnFire>false</IsOnFire>
			<IsInvincible>false</IsInvincible>
			<IsBulletProof>false</IsBulletProof>
			<IsCollisionProof>false</IsCollisionProof>
			<IsExplosionProof>false</IsExplosionProof>
			<IsFireProof>false</IsFireProof>
			<IsMeleeProof>false</IsMeleeProof>
			<IsOnlyDamagedByPlayer>false</IsOnlyDamagedByPlayer>
			<PositionRotation>
				<X>1732.25134</X>
				<Y>3304.23071</Y>
				<Z>41.6639938</Z>
				<Pitch>-0.0600854978</Pitch>
				<Roll>-0.0278011784</Roll>
				<Yaw>-81.2180786</Yaw>
			</PositionRotation>
			<Attachment isAttached="true">
				<AttachedTo>642563</AttachedTo>
				<BoneIndex>0</BoneIndex>
				<X>-0.158266261</X>
				<Y>-0.175213724</Y>
				<Z>0.959483504</Z>
				<Pitch>-0.0638917089</Pitch>
				<Roll>0.0392066874</Roll>
				<Yaw>87.466362</Yaw>
			</Attachment>
		</Attachment>
	</SpoonerAttachments>
</Vehicle>
