<?xml version="1.0" encoding="ISO-8859-1"?>
<Vehicle menyoo_ver="0.99987674b">
	<ModelHash>0x5a82f9ae</ModelHash>
	<InitialHandle>781314</InitialHandle>
	<VehicleProperties>
		<Colours>
			<Primary>30</Primary>
			<Secondary>30</Secondary>
			<Pearl>36</Pearl>
			<Rim>156</Rim>
			<Mod1_a>0</Mod1_a>
			<Mod1_b>0</Mod1_b>
			<Mod1_c>1794637824</Mod1_c>
			<Mod2_a>469</Mod2_a>
			<Mod2_b>1048274012</Mod2_b>
			<IsPrimaryColourCustom>false</IsPrimaryColourCustom>
			<IsSecondaryColourCustom>false</IsSecondaryColourCustom>
			<tyreSmoke_R>255</tyreSmoke_R>
			<tyreSmoke_G>255</tyreSmoke_G>
			<tyreSmoke_B>255</tyreSmoke_B>
			<LrInterior>0</LrInterior>
			<LrDashboard>0</LrDashboard>
		</Colours>
		<Livery>-1</Livery>
		<NumberPlateText>27CVS138</NumberPlateText>
		<NumberPlateIndex>0</NumberPlateIndex>
		<WheelType>0</WheelType>
		<WheelsInvisible>false</WheelsInvisible>
		<EngineSoundName></EngineSoundName>
		<WindowTint>-1</WindowTint>
		<BulletProofTyres>false</BulletProofTyres>
		<DirtLevel>0.665908158</DirtLevel>
		<PaintFade>0.298039228</PaintFade>
		<RoofState>0</RoofState>
		<SirenActive>false</SirenActive>
		<EngineOn>true</EngineOn>
		<EngineHealth>1000</EngineHealth>
		<LightsOn>false</LightsOn>
		<IsRadioLoud>0</IsRadioLoud>
		<LockStatus>1</LockStatus>
		<Neons>
			<Left>false</Left>
			<Right>false</Right>
			<Front>false</Front>
			<Back>false</Back>
			<R>255</R>
			<G>0</G>
			<B>255</B>
		</Neons>
		<ModExtras>
			<_1>false</_1>
		</ModExtras>
		<Mods>
			<_0>-1,0</_0>
			<_1>-1,0</_1>
			<_2>-1,0</_2>
			<_3>-1,0</_3>
			<_4>-1,0</_4>
			<_5>-1,0</_5>
			<_6>-1,0</_6>
			<_7>-1,0</_7>
			<_8>-1,0</_8>
			<_9>-1,0</_9>
			<_10>-1,0</_10>
			<_11>-1,0</_11>
			<_12>-1,0</_12>
			<_13>-1,0</_13>
			<_14>-1,0</_14>
			<_15>-1,0</_15>
			<_16>-1,0</_16>
			<_17>false</_17>
			<_18>true</_18>
			<_19>false</_19>
			<_20>false</_20>
			<_21>false</_21>
			<_22>false</_22>
			<_23>-1,0</_23>
			<_24>-1,0</_24>
			<_25>-1,0</_25>
			<_26>-1,0</_26>
			<_27>-1,0</_27>
			<_28>-1,0</_28>
			<_29>-1,0</_29>
			<_30>-1,0</_30>
			<_31>-1,0</_31>
			<_32>-1,0</_32>
			<_33>-1,0</_33>
			<_34>-1,0</_34>
			<_35>-1,0</_35>
			<_36>-1,0</_36>
			<_37>-1,0</_37>
			<_38>-1,0</_38>
			<_39>-1,0</_39>
			<_40>-1,0</_40>
			<_41>-1,0</_41>
			<_42>-1,0</_42>
			<_43>-1,0</_43>
			<_44>-1,0</_44>
			<_45>-1,0</_45>
			<_46>-1,0</_46>
			<_47>-1,0</_47>
			<_48>-1,0</_48>
		</Mods>
		<DoorsOpen>
			<BackLeftDoor>false</BackLeftDoor>
			<BackRightDoor>false</BackRightDoor>
			<FrontLeftDoor>false</FrontLeftDoor>
			<FrontRightDoor>false</FrontRightDoor>
			<Hood>false</Hood>
			<Trunk>false</Trunk>
			<Trunk2>false</Trunk2>
		</DoorsOpen>
		<DoorsBroken>
			<BackLeftDoor>false</BackLeftDoor>
			<BackRightDoor>false</BackRightDoor>
			<FrontLeftDoor>false</FrontLeftDoor>
			<FrontRightDoor>false</FrontRightDoor>
			<Hood>false</Hood>
			<Trunk>false</Trunk>
			<Trunk2>false</Trunk2>
		</DoorsBroken>
		<TyresBursted>
			<FrontLeft>false</FrontLeft>
			<FrontRight>false</FrontRight>
			<_2>false</_2>
			<_3>false</_3>
			<BackLeft>false</BackLeft>
			<BackRight>false</BackRight>
			<_6>false</_6>
			<_7>false</_7>
			<_8>false</_8>
		</TyresBursted>
		<RpmMultiplier>1</RpmMultiplier>
		<TorqueMultiplier>1</TorqueMultiplier>
		<MaxSpeed>28.6501465</MaxSpeed>
		<HeadlightIntensity>1</HeadlightIntensity>
	</VehicleProperties>
	<OpacityLevel>255</OpacityLevel>
	<LodDistance>16960</LodDistance>
	<IsVisible>true</IsVisible>
	<IsDriverVisible>true</IsDriverVisible>
	<MaxHealth>1000</MaxHealth>
	<Health>1000</Health>
	<HasGravity>true</HasGravity>
	<IsOnFire>false</IsOnFire>
	<IsInvincible>false</IsInvincible>
	<IsBulletProof>false</IsBulletProof>
	<IsExplosionProof>false</IsExplosionProof>
	<IsFireProof>false</IsFireProof>
	<IsMeleeProof>false</IsMeleeProof>
	<IsOnlyDamagedByPlayer>false</IsOnlyDamagedByPlayer>
	<SpoonerAttachments SetAttachmentsPersistentAndAddToSpoonerDatabase="false" StartTaskSequencesOnLoad="true">
		<Attachment>
			<ModelHash>0x856832d3</ModelHash>
			<Type>3</Type>
			<Dynamic>false</Dynamic>
			<FrozenPos>true</FrozenPos>
			<HashName>prop_cs_bin_01_lid</HashName>
			<InitialHandle>517379</InitialHandle>
			<ObjectProperties>
				<TextureVariation>0</TextureVariation>
			</ObjectProperties>
			<OpacityLevel>255</OpacityLevel>
			<LodDistance>16960</LodDistance>
			<IsVisible>true</IsVisible>
			<MaxHealth>1000</MaxHealth>
			<Health>1000</Health>
			<HasGravity>true</HasGravity>
			<IsOnFire>false</IsOnFire>
			<IsInvincible>false</IsInvincible>
			<IsBulletProof>false</IsBulletProof>
			<IsCollisionProof>false</IsCollisionProof>
			<IsExplosionProof>false</IsExplosionProof>
			<IsFireProof>false</IsFireProof>
			<IsMeleeProof>false</IsMeleeProof>
			<IsOnlyDamagedByPlayer>false</IsOnlyDamagedByPlayer>
			<PositionRotation>
				<X>-521.28009</X>
				<Y>-1700.2406</Y>
				<Z>21.1092529</Z>
				<Pitch>2.12618494</Pitch>
				<Roll>1.37064648</Roll>
				<Yaw>-145.682922</Yaw>
			</PositionRotation>
			<Attachment isAttached="true">
				<AttachedTo>781314</AttachedTo>
				<BoneIndex>0</BoneIndex>
				<X>0.922884822</X>
				<Y>3.09553218</Y>
				<Z>1.73292863</Z>
				<Pitch>0.758940399</Pitch>
				<Roll>0.239109173</Roll>
				<Yaw>-181.647598</Yaw>
			</Attachment>
		</Attachment>
		<Attachment>
			<ModelHash>0x856832d3</ModelHash>
			<Type>3</Type>
			<Dynamic>false</Dynamic>
			<FrozenPos>true</FrozenPos>
			<HashName>prop_cs_bin_01_lid</HashName>
			<InitialHandle>570627</InitialHandle>
			<ObjectProperties>
				<TextureVariation>0</TextureVariation>
			</ObjectProperties>
			<OpacityLevel>255</OpacityLevel>
			<LodDistance>16960</LodDistance>
			<IsVisible>true</IsVisible>
			<MaxHealth>1000</MaxHealth>
			<Health>1000</Health>
			<HasGravity>true</HasGravity>
			<IsOnFire>false</IsOnFire>
			<IsInvincible>false</IsInvincible>
			<IsBulletProof>false</IsBulletProof>
			<IsCollisionProof>false</IsCollisionProof>
			<IsExplosionProof>false</IsExplosionProof>
			<IsFireProof>false</IsFireProof>
			<IsMeleeProof>false</IsMeleeProof>
			<IsOnlyDamagedByPlayer>false</IsOnlyDamagedByPlayer>
			<PositionRotation>
				<X>-521.811646</X>
				<Y>-1700.60657</Y>
				<Z>21.092205</Z>
				<Pitch>2.12618494</Pitch>
				<Roll>1.37064648</Roll>
				<Yaw>-145.682922</Yaw>
			</PositionRotation>
			<Attachment isAttached="true">
				<AttachedTo>781314</AttachedTo>
				<BoneIndex>0</BoneIndex>
				<X>0.277493656</X>
				<Y>3.11204195</Y>
				<Z>1.72856927</Z>
				<Pitch>0.758940399</Pitch>
				<Roll>0.239109173</Roll>
				<Yaw>-181.647598</Yaw>
			</Attachment>
		</Attachment>
		<Attachment>
			<ModelHash>0x856832d3</ModelHash>
			<Type>3</Type>
			<Dynamic>false</Dynamic>
			<FrozenPos>true</FrozenPos>
			<HashName>prop_cs_bin_01_lid</HashName>
			<InitialHandle>721155</InitialHandle>
			<ObjectProperties>
				<TextureVariation>0</TextureVariation>
			</ObjectProperties>
			<OpacityLevel>255</OpacityLevel>
			<LodDistance>16960</LodDistance>
			<IsVisible>true</IsVisible>
			<MaxHealth>1000</MaxHealth>
			<Health>1000</Health>
			<HasGravity>true</HasGravity>
			<IsOnFire>false</IsOnFire>
			<IsInvincible>false</IsInvincible>
			<IsBulletProof>false</IsBulletProof>
			<IsCollisionProof>false</IsCollisionProof>
			<IsExplosionProof>false</IsExplosionProof>
			<IsFireProof>false</IsFireProof>
			<IsMeleeProof>false</IsMeleeProof>
			<IsOnlyDamagedByPlayer>false</IsOnlyDamagedByPlayer>
			<PositionRotation>
				<X>-522.225281</X>
				<Y>-1700.90918</Y>
				<Z>21.0757046</Z>
				<Pitch>2.12416506</Pitch>
				<Roll>1.37308383</Roll>
				<Yaw>-145.785141</Yaw>
			</PositionRotation>
			<Attachment isAttached="true">
				<AttachedTo>781314</AttachedTo>
				<BoneIndex>0</BoneIndex>
				<X>-0.235224411</X>
				<Y>3.11059642</Y>
				<Z>1.72179306</Z>
				<Pitch>0.758940399</Pitch>
				<Roll>0.239109173</Roll>
				<Yaw>-181.749771</Yaw>
			</Attachment>
		</Attachment>
		<Attachment>
			<ModelHash>0xb69ac468</ModelHash>
			<Type>3</Type>
			<Dynamic>false</Dynamic>
			<FrozenPos>true</FrozenPos>
			<HashName>prop_rub_busdoor_02</HashName>
			<InitialHandle>390149</InitialHandle>
			<ObjectProperties>
				<TextureVariation>0</TextureVariation>
			</ObjectProperties>
			<OpacityLevel>255</OpacityLevel>
			<LodDistance>16960</LodDistance>
			<IsVisible>true</IsVisible>
			<MaxHealth>1000</MaxHealth>
			<Health>1000</Health>
			<HasGravity>true</HasGravity>
			<IsOnFire>false</IsOnFire>
			<IsInvincible>false</IsInvincible>
			<IsBulletProof>false</IsBulletProof>
			<IsCollisionProof>false</IsCollisionProof>
			<IsExplosionProof>false</IsExplosionProof>
			<IsFireProof>false</IsFireProof>
			<IsMeleeProof>false</IsMeleeProof>
			<IsOnlyDamagedByPlayer>false</IsOnlyDamagedByPlayer>
			<PositionRotation>
				<X>-522.024231</X>
				<Y>-1700.73389</Y>
				<Z>19.5867615</Z>
				<Pitch>-0.346232116</Pitch>
				<Roll>1.62746966</Roll>
				<Yaw>125.413635</Yaw>
			</PositionRotation>
			<Attachment isAttached="true">
				<AttachedTo>781314</AttachedTo>
				<BoneIndex>0</BoneIndex>
				<X>0.00210546167</X>
				<Y>3.17072058</Y>
				<Z>0.229084268</Z>
				<Pitch>0.758940399</Pitch>
				<Roll>0.239110425</Roll>
				<Yaw>-270.574493</Yaw>
			</Attachment>
		</Attachment>
		<Attachment>
			<ModelHash>0xf0c46723</ModelHash>
			<Type>3</Type>
			<Dynamic>false</Dynamic>
			<FrozenPos>true</FrozenPos>
			<HashName>p_bison_winch_s</HashName>
			<InitialHandle>687879</InitialHandle>
			<ObjectProperties>
				<TextureVariation>0</TextureVariation>
			</ObjectProperties>
			<OpacityLevel>255</OpacityLevel>
			<LodDistance>16960</LodDistance>
			<IsVisible>true</IsVisible>
			<MaxHealth>1000</MaxHealth>
			<Health>1000</Health>
			<HasGravity>true</HasGravity>
			<IsOnFire>false</IsOnFire>
			<IsInvincible>false</IsInvincible>
			<IsBulletProof>false</IsBulletProof>
			<IsCollisionProof>false</IsCollisionProof>
			<IsExplosionProof>false</IsExplosionProof>
			<IsFireProof>false</IsFireProof>
			<IsMeleeProof>false</IsMeleeProof>
			<IsOnlyDamagedByPlayer>false</IsOnlyDamagedByPlayer>
			<PositionRotation>
				<X>-521.811707</X>
				<Y>-1701.11182</Y>
				<Z>20.8965073</Z>
				<Pitch>2.1490171</Pitch>
				<Roll>1.34246469</Roll>
				<Yaw>-144.511612</Yaw>
			</PositionRotation>
			<Attachment isAttached="true">
				<AttachedTo>781314</AttachedTo>
				<BoneIndex>0</BoneIndex>
				<X>-0.0232372805</X>
				<Y>2.70815015</Y>
				<Z>1.52863896</Z>
				<Pitch>0.758940399</Pitch>
				<Roll>0.239109173</Roll>
				<Yaw>-180.476776</Yaw>
			</Attachment>
		</Attachment>
		<Attachment>
			<ModelHash>0xc48d09a2</ModelHash>
			<Type>3</Type>
			<Dynamic>false</Dynamic>
			<FrozenPos>true</FrozenPos>
			<HashName>hei_prop_carrier_panel_2</HashName>
			<InitialHandle>192269</InitialHandle>
			<ObjectProperties>
				<TextureVariation>0</TextureVariation>
			</ObjectProperties>
			<OpacityLevel>255</OpacityLevel>
			<LodDistance>16960</LodDistance>
			<IsVisible>true</IsVisible>
			<MaxHealth>1000</MaxHealth>
			<Health>1000</Health>
			<HasGravity>true</HasGravity>
			<IsOnFire>false</IsOnFire>
			<IsInvincible>false</IsInvincible>
			<IsBulletProof>false</IsBulletProof>
			<IsCollisionProof>false</IsCollisionProof>
			<IsExplosionProof>false</IsExplosionProof>
			<IsFireProof>false</IsFireProof>
			<IsMeleeProof>false</IsMeleeProof>
			<IsOnlyDamagedByPlayer>false</IsOnlyDamagedByPlayer>
			<PositionRotation>
				<X>-521.895935</X>
				<Y>-1700.46045</Y>
				<Z>18.8194923</Z>
				<Pitch>2.13711715</Pitch>
				<Roll>1.35730004</Roll>
				<Yaw>-145.125809</Yaw>
			</PositionRotation>
			<Attachment isAttached="true">
				<AttachedTo>781314</AttachedTo>
				<BoneIndex>7</BoneIndex>
				<X>1.50689268</X>
				<Y>0.173709571</Y>
				<Z>-0.140618041</Z>
				<Pitch>0.758940399</Pitch>
				<Roll>0.239109173</Roll>
				<Yaw>-181.090698</Yaw>
			</Attachment>
		</Attachment>
		<Attachment>
			<ModelHash>0xc48d09a2</ModelHash>
			<Type>3</Type>
			<Dynamic>false</Dynamic>
			<FrozenPos>true</FrozenPos>
			<HashName>hei_prop_carrier_panel_2</HashName>
			<InitialHandle>344077</InitialHandle>
			<ObjectProperties>
				<TextureVariation>0</TextureVariation>
			</ObjectProperties>
			<OpacityLevel>255</OpacityLevel>
			<LodDistance>16960</LodDistance>
			<IsVisible>true</IsVisible>
			<MaxHealth>1000</MaxHealth>
			<Health>1000</Health>
			<HasGravity>true</HasGravity>
			<IsOnFire>false</IsOnFire>
			<IsInvincible>false</IsInvincible>
			<IsBulletProof>false</IsBulletProof>
			<IsCollisionProof>false</IsCollisionProof>
			<IsExplosionProof>false</IsExplosionProof>
			<IsFireProof>false</IsFireProof>
			<IsMeleeProof>false</IsMeleeProof>
			<IsOnlyDamagedByPlayer>false</IsOnlyDamagedByPlayer>
			<PositionRotation>
				<X>-522.30896</X>
				<Y>-1700.74683</Y>
				<Z>18.8130703</Z>
				<Pitch>2.19387579</Pitch>
				<Roll>1.28342855</Roll>
				<Yaw>-142.117035</Yaw>
			</PositionRotation>
			<Attachment isAttached="true">
				<AttachedTo>781314</AttachedTo>
				<BoneIndex>7</BoneIndex>
				<X>1.00440872</X>
				<Y>0.184811011</Y>
				<Z>-0.137201369</Z>
				<Pitch>0.758940399</Pitch>
				<Roll>0.239109159</Roll>
				<Yaw>-178.083282</Yaw>
			</Attachment>
		</Attachment>
		<Attachment>
			<ModelHash>0x9af9367b</ModelHash>
			<Type>3</Type>
			<Dynamic>false</Dynamic>
			<FrozenPos>true</FrozenPos>
			<HashName>hei_prop_carrier_panel_4</HashName>
			<InitialHandle>400398</InitialHandle>
			<ObjectProperties>
				<TextureVariation>0</TextureVariation>
			</ObjectProperties>
			<OpacityLevel>255</OpacityLevel>
			<LodDistance>16960</LodDistance>
			<IsVisible>true</IsVisible>
			<MaxHealth>1000</MaxHealth>
			<Health>1000</Health>
			<HasGravity>true</HasGravity>
			<IsOnFire>false</IsOnFire>
			<IsInvincible>false</IsInvincible>
			<IsBulletProof>false</IsBulletProof>
			<IsCollisionProof>false</IsCollisionProof>
			<IsExplosionProof>false</IsExplosionProof>
			<IsFireProof>false</IsFireProof>
			<IsMeleeProof>false</IsMeleeProof>
			<IsOnlyDamagedByPlayer>false</IsOnlyDamagedByPlayer>
			<PositionRotation>
				<X>-522.062805</X>
				<Y>-1700.69678</Y>
				<Z>19.8152809</Z>
				<Pitch>0.159765795</Pitch>
				<Roll>0.3284747</Roll>
				<Yaw>-143.930649</Yaw>
			</PositionRotation>
			<Attachment isAttached="true">
				<AttachedTo>781314</AttachedTo>
				<BoneIndex>0</BoneIndex>
				<X>-0.00298881764</X>
				<Y>3.21779919</Y>
				<Z>0.458959311</Z>
				<Pitch>-1.24105918</Pitch>
				<Roll>-0.760890782</Roll>
				<Yaw>-179.934082</Yaw>
			</Attachment>
		</Attachment>
		<Attachment>
			<ModelHash>0xd40ba89f</ModelHash>
			<Type>3</Type>
			<Dynamic>false</Dynamic>
			<FrozenPos>true</FrozenPos>
			<HashName>hei_prop_carrier_panel_1</HashName>
			<InitialHandle>594191</InitialHandle>
			<ObjectProperties>
				<TextureVariation>0</TextureVariation>
			</ObjectProperties>
			<OpacityLevel>255</OpacityLevel>
			<LodDistance>16960</LodDistance>
			<IsVisible>true</IsVisible>
			<MaxHealth>1000</MaxHealth>
			<Health>1000</Health>
			<HasGravity>true</HasGravity>
			<IsOnFire>false</IsOnFire>
			<IsInvincible>false</IsInvincible>
			<IsBulletProof>false</IsBulletProof>
			<IsCollisionProof>false</IsCollisionProof>
			<IsExplosionProof>false</IsExplosionProof>
			<IsFireProof>false</IsFireProof>
			<IsMeleeProof>false</IsMeleeProof>
			<IsOnlyDamagedByPlayer>false</IsOnlyDamagedByPlayer>
			<PositionRotation>
				<X>-521.017883</X>
				<Y>-1702.5343</Y>
				<Z>20.3609734</Z>
				<Pitch>-0.63150239</Pitch>
				<Roll>-0.863430142</Roll>
				<Yaw>35.5220108</Yaw>
			</PositionRotation>
			<Attachment isAttached="true">
				<AttachedTo>781314</AttachedTo>
				<BoneIndex>0</BoneIndex>
				<X>-0.227492735</X>
				<Y>1.10425568</Y>
				<Z>0.957551479</Z>
				<Pitch>0.758940399</Pitch>
				<Roll>0.239109173</Roll>
				<Yaw>-0.472366333</Yaw>
			</Attachment>
		</Attachment>
		<Attachment>
			<ModelHash>0xd40ba89f</ModelHash>
			<Type>3</Type>
			<Dynamic>false</Dynamic>
			<FrozenPos>true</FrozenPos>
			<HashName>hei_prop_carrier_panel_1</HashName>
			<InitialHandle>663823</InitialHandle>
			<ObjectProperties>
				<TextureVariation>0</TextureVariation>
			</ObjectProperties>
			<OpacityLevel>255</OpacityLevel>
			<LodDistance>16960</LodDistance>
			<IsVisible>true</IsVisible>
			<MaxHealth>1000</MaxHealth>
			<Health>1000</Health>
			<HasGravity>true</HasGravity>
			<IsOnFire>false</IsOnFire>
			<IsInvincible>false</IsInvincible>
			<IsBulletProof>false</IsBulletProof>
			<IsCollisionProof>false</IsCollisionProof>
			<IsExplosionProof>false</IsExplosionProof>
			<IsFireProof>false</IsFireProof>
			<IsMeleeProof>false</IsMeleeProof>
			<IsOnlyDamagedByPlayer>false</IsOnlyDamagedByPlayer>
			<PositionRotation>
				<X>-520.678772</X>
				<Y>-1702.28516</Y>
				<Z>20.3772888</Z>
				<Pitch>-0.63150239</Pitch>
				<Roll>-0.863430142</Roll>
				<Yaw>35.5220108</Yaw>
			</PositionRotation>
			<Attachment isAttached="true">
				<AttachedTo>781314</AttachedTo>
				<BoneIndex>0</BoneIndex>
				<X>0.193543658</X>
				<Y>1.10623765</Y>
				<Z>0.965903819</Z>
				<Pitch>0.758940399</Pitch>
				<Roll>0.239109173</Roll>
				<Yaw>-0.472366333</Yaw>
			</Attachment>
		</Attachment>
		<Attachment>
			<ModelHash>0x9af9367b</ModelHash>
			<Type>3</Type>
			<Dynamic>false</Dynamic>
			<FrozenPos>true</FrozenPos>
			<HashName>hei_prop_carrier_panel_4</HashName>
			<InitialHandle>413201</InitialHandle>
			<ObjectProperties>
				<TextureVariation>0</TextureVariation>
			</ObjectProperties>
			<OpacityLevel>255</OpacityLevel>
			<LodDistance>16960</LodDistance>
			<IsVisible>true</IsVisible>
			<MaxHealth>1000</MaxHealth>
			<Health>1000</Health>
			<HasGravity>true</HasGravity>
			<IsOnFire>false</IsOnFire>
			<IsInvincible>false</IsInvincible>
			<IsBulletProof>false</IsBulletProof>
			<IsCollisionProof>false</IsCollisionProof>
			<IsExplosionProof>false</IsExplosionProof>
			<IsFireProof>false</IsFireProof>
			<IsMeleeProof>false</IsMeleeProof>
			<IsOnlyDamagedByPlayer>false</IsOnlyDamagedByPlayer>
			<PositionRotation>
				<X>-519.374023</X>
				<Y>-1702.12158</Y>
				<Z>18.9932098</Z>
				<Pitch>-0.340586603</Pitch>
				<Roll>1.63194382</Roll>
				<Yaw>125.646202</Yaw>
			</PositionRotation>
			<Attachment isAttached="true">
				<AttachedTo>781314</AttachedTo>
				<BoneIndex>0</BoneIndex>
				<X>1.31864893</X>
				<Y>0.506093562</Y>
				<Z>-0.45493573</Z>
				<Pitch>0.758940399</Pitch>
				<Roll>0.239109173</Roll>
				<Yaw>-270.341827</Yaw>
			</Attachment>
		</Attachment>
		<Attachment>
			<ModelHash>0x9af9367b</ModelHash>
			<Type>3</Type>
			<Dynamic>false</Dynamic>
			<FrozenPos>true</FrozenPos>
			<HashName>hei_prop_carrier_panel_4</HashName>
			<InitialHandle>629265</InitialHandle>
			<ObjectProperties>
				<TextureVariation>0</TextureVariation>
			</ObjectProperties>
			<OpacityLevel>255</OpacityLevel>
			<LodDistance>16960</LodDistance>
			<IsVisible>true</IsVisible>
			<MaxHealth>1000</MaxHealth>
			<Health>1000</Health>
			<HasGravity>true</HasGravity>
			<IsOnFire>false</IsOnFire>
			<IsInvincible>false</IsInvincible>
			<IsBulletProof>false</IsBulletProof>
			<IsCollisionProof>false</IsCollisionProof>
			<IsExplosionProof>false</IsExplosionProof>
			<IsFireProof>false</IsFireProof>
			<IsMeleeProof>false</IsMeleeProof>
			<IsOnlyDamagedByPlayer>false</IsOnlyDamagedByPlayer>
			<PositionRotation>
				<X>-521.527893</X>
				<Y>-1703.64282</Y>
				<Z>18.918005</Z>
				<Pitch>1.83935428</Pitch>
				<Roll>-1.16895592</Roll>
				<Yaw>-53.5532341</Yaw>
			</PositionRotation>
			<Attachment isAttached="true">
				<AttachedTo>781314</AttachedTo>
				<BoneIndex>0</BoneIndex>
				<X>-1.31901431</X>
				<Y>0.542220771</Y>
				<Z>-0.479047954</Z>
				<Pitch>0.758940399</Pitch>
				<Roll>0.239109173</Roll>
				<Yaw>-89.5783234</Yaw>
			</Attachment>
		</Attachment>
		<Attachment>
			<ModelHash>0xd40ba89f</ModelHash>
			<Type>3</Type>
			<Dynamic>false</Dynamic>
			<FrozenPos>true</FrozenPos>
			<HashName>hei_prop_carrier_panel_1</HashName>
			<InitialHandle>613394</InitialHandle>
			<ObjectProperties>
				<TextureVariation>0</TextureVariation>
			</ObjectProperties>
			<OpacityLevel>255</OpacityLevel>
			<LodDistance>16960</LodDistance>
			<IsVisible>true</IsVisible>
			<MaxHealth>1000</MaxHealth>
			<Health>1000</Health>
			<HasGravity>true</HasGravity>
			<IsOnFire>false</IsOnFire>
			<IsInvincible>false</IsInvincible>
			<IsBulletProof>false</IsBulletProof>
			<IsCollisionProof>false</IsCollisionProof>
			<IsExplosionProof>false</IsExplosionProof>
			<IsFireProof>false</IsFireProof>
			<IsMeleeProof>false</IsMeleeProof>
			<IsOnlyDamagedByPlayer>false</IsOnlyDamagedByPlayer>
			<PositionRotation>
				<X>-520.705078</X>
				<Y>-1703.18225</Y>
				<Z>19.4656277</Z>
				<Pitch>-87.5718155</Pitch>
				<Roll>-40.7695732</Roll>
				<Yaw>-95.4063873</Yaw>
			</PositionRotation>
			<Attachment isAttached="true">
				<AttachedTo>781314</AttachedTo>
				<BoneIndex>0</BoneIndex>
				<X>-0.372328997</X>
				<Y>0.418211281</Y>
				<Z>0.047773879</Z>
				<Pitch>-89.2410583</Pitch>
				<Roll>-15.1506042</Roll>
				<Yaw>-105.787529</Yaw>
			</Attachment>
		</Attachment>
		<Attachment>
			<ModelHash>0xd40ba89f</ModelHash>
			<Type>3</Type>
			<Dynamic>false</Dynamic>
			<FrozenPos>true</FrozenPos>
			<HashName>hei_prop_carrier_panel_1</HashName>
			<InitialHandle>371475</InitialHandle>
			<ObjectProperties>
				<TextureVariation>0</TextureVariation>
			</ObjectProperties>
			<OpacityLevel>255</OpacityLevel>
			<LodDistance>16960</LodDistance>
			<IsVisible>true</IsVisible>
			<MaxHealth>1000</MaxHealth>
			<Health>1000</Health>
			<HasGravity>true</HasGravity>
			<IsOnFire>false</IsOnFire>
			<IsInvincible>false</IsInvincible>
			<IsBulletProof>false</IsBulletProof>
			<IsCollisionProof>false</IsCollisionProof>
			<IsExplosionProof>false</IsExplosionProof>
			<IsFireProof>false</IsFireProof>
			<IsMeleeProof>false</IsMeleeProof>
			<IsOnlyDamagedByPlayer>false</IsOnlyDamagedByPlayer>
			<PositionRotation>
				<X>-520.090332</X>
				<Y>-1702.72375</Y>
				<Z>19.492775</Z>
				<Pitch>-87.5718155</Pitch>
				<Roll>139.678574</Roll>
				<Yaw>-95.4064941</Yaw>
			</PositionRotation>
			<Attachment isAttached="true">
				<AttachedTo>781314</AttachedTo>
				<BoneIndex>0</BoneIndex>
				<X>0.394827873</X>
				<Y>0.427424729</Y>
				<Z>0.0605459735</Z>
				<Pitch>-89.2410583</Pitch>
				<Roll>165.297653</Roll>
				<Yaw>-105.787529</Yaw>
			</Attachment>
		</Attachment>
		<Attachment>
			<ModelHash>0xc48d09a2</ModelHash>
			<Type>3</Type>
			<Dynamic>false</Dynamic>
			<FrozenPos>true</FrozenPos>
			<HashName>hei_prop_carrier_panel_2</HashName>
			<InitialHandle>250902</InitialHandle>
			<ObjectProperties>
				<TextureVariation>0</TextureVariation>
			</ObjectProperties>
			<OpacityLevel>255</OpacityLevel>
			<LodDistance>16960</LodDistance>
			<IsVisible>true</IsVisible>
			<MaxHealth>1000</MaxHealth>
			<Health>1000</Health>
			<HasGravity>true</HasGravity>
			<IsOnFire>false</IsOnFire>
			<IsInvincible>false</IsInvincible>
			<IsBulletProof>false</IsBulletProof>
			<IsCollisionProof>false</IsCollisionProof>
			<IsExplosionProof>false</IsExplosionProof>
			<IsFireProof>false</IsFireProof>
			<IsMeleeProof>false</IsMeleeProof>
			<IsOnlyDamagedByPlayer>false</IsOnlyDamagedByPlayer>
			<PositionRotation>
				<X>-518.17688</X>
				<Y>-1706.04651</Y>
				<Z>19.0065823</Z>
				<Pitch>-0.642096579</Pitch>
				<Roll>-0.849935472</Roll>
				<Yaw>36.0759239</Yaw>
			</PositionRotation>
			<Attachment isAttached="true">
				<AttachedTo>781314</AttachedTo>
				<BoneIndex>0</BoneIndex>
				<X>-0.0197846461</X>
				<Y>-3.37253904</Y>
				<Z>-0.51082468</Z>
				<Pitch>0.758940399</Pitch>
				<Roll>0.239109173</Roll>
				<Yaw>0.0816650391</Yaw>
			</Attachment>
		</Attachment>
		<Attachment>
			<ModelHash>0xc48d09a2</ModelHash>
			<Type>3</Type>
			<Dynamic>false</Dynamic>
			<FrozenPos>true</FrozenPos>
			<HashName>hei_prop_carrier_panel_2</HashName>
			<InitialHandle>263964</InitialHandle>
			<ObjectProperties>
				<TextureVariation>0</TextureVariation>
			</ObjectProperties>
			<OpacityLevel>255</OpacityLevel>
			<LodDistance>16960</LodDistance>
			<IsVisible>true</IsVisible>
			<MaxHealth>1000</MaxHealth>
			<Health>1000</Health>
			<HasGravity>true</HasGravity>
			<IsOnFire>false</IsOnFire>
			<IsInvincible>false</IsInvincible>
			<IsBulletProof>false</IsBulletProof>
			<IsCollisionProof>false</IsCollisionProof>
			<IsExplosionProof>false</IsExplosionProof>
			<IsFireProof>false</IsFireProof>
			<IsMeleeProof>false</IsMeleeProof>
			<IsOnlyDamagedByPlayer>false</IsOnlyDamagedByPlayer>
			<PositionRotation>
				<X>-521.928894</X>
				<Y>-1700.6012</Y>
				<Z>19.9142303</Z>
				<Pitch>0.159970328</Pitch>
				<Roll>1.32821083</Roll>
				<Yaw>-143.919861</Yaw>
			</PositionRotation>
			<Attachment isAttached="true">
				<AttachedTo>781314</AttachedTo>
				<BoneIndex>0</BoneIndex>
				<X>0.163446337</X>
				<Y>3.21406126</Y>
				<Z>0.554695964</Z>
				<Pitch>-1.24105954</Pitch>
				<Roll>0.239109099</Roll>
				<Yaw>-179.923309</Yaw>
			</Attachment>
		</Attachment>
		<Attachment>
			<ModelHash>0xc48d09a2</ModelHash>
			<Type>3</Type>
			<Dynamic>false</Dynamic>
			<FrozenPos>true</FrozenPos>
			<HashName>hei_prop_carrier_panel_2</HashName>
			<InitialHandle>755227</InitialHandle>
			<ObjectProperties>
				<TextureVariation>0</TextureVariation>
			</ObjectProperties>
			<OpacityLevel>255</OpacityLevel>
			<LodDistance>16960</LodDistance>
			<IsVisible>true</IsVisible>
			<MaxHealth>1000</MaxHealth>
			<Health>1000</Health>
			<HasGravity>true</HasGravity>
			<IsOnFire>false</IsOnFire>
			<IsInvincible>false</IsInvincible>
			<IsBulletProof>false</IsBulletProof>
			<IsCollisionProof>false</IsCollisionProof>
			<IsExplosionProof>false</IsExplosionProof>
			<IsFireProof>false</IsFireProof>
			<IsMeleeProof>false</IsMeleeProof>
			<IsOnlyDamagedByPlayer>false</IsOnlyDamagedByPlayer>
			<PositionRotation>
				<X>-522.249329</X>
				<Y>-1700.83911</Y>
				<Z>19.9127331</Z>
				<Pitch>0.161770418</Pitch>
				<Roll>0.295890659</Roll>
				<Yaw>-143.825058</Yaw>
			</PositionRotation>
			<Attachment isAttached="true">
				<AttachedTo>781314</AttachedTo>
				<BoneIndex>0</BoneIndex>
				<X>-0.235639587</X>
				<Y>3.20985222</Y>
				<Z>0.560697198</Z>
				<Pitch>-1.24105966</Pitch>
				<Roll>-0.790890932</Roll>
				<Yaw>-179.828461</Yaw>
			</Attachment>
		</Attachment>
		<Attachment>
			<ModelHash>0xc3001e04</ModelHash>
			<Type>3</Type>
			<Dynamic>false</Dynamic>
			<FrozenPos>true</FrozenPos>
			<HashName>v_res_d_ramskull</HashName>
			<InitialHandle>156450</InitialHandle>
			<ObjectProperties>
				<TextureVariation>0</TextureVariation>
			</ObjectProperties>
			<OpacityLevel>255</OpacityLevel>
			<LodDistance>16960</LodDistance>
			<IsVisible>true</IsVisible>
			<MaxHealth>1000</MaxHealth>
			<Health>1000</Health>
			<HasGravity>true</HasGravity>
			<IsOnFire>false</IsOnFire>
			<IsInvincible>false</IsInvincible>
			<IsBulletProof>false</IsBulletProof>
			<IsCollisionProof>false</IsCollisionProof>
			<IsExplosionProof>false</IsExplosionProof>
			<IsFireProof>false</IsFireProof>
			<IsMeleeProof>false</IsMeleeProof>
			<IsOnlyDamagedByPlayer>false</IsOnlyDamagedByPlayer>
			<PositionRotation>
				<X>-522.101257</X>
				<Y>-1700.59741</Y>
				<Z>19.8356514</Z>
				<Pitch>1.70737159</Pitch>
				<Roll>1.28664398</Roll>
				<Yaw>-144.838623</Yaw>
			</PositionRotation>
			<Attachment isAttached="true">
				<AttachedTo>781314</AttachedTo>
				<BoneIndex>7</BoneIndex>
				<X>1.27968431</X>
				<Y>0.158717304</Y>
				<Z>0.879990518</Z>
				<Pitch>0.323692799</Pitch>
				<Roll>0.175453633</Roll>
				<Yaw>-180.812073</Yaw>
			</Attachment>
		</Attachment>
		<Attachment>
			<ModelHash>0xe3d84706</ModelHash>
			<Type>3</Type>
			<Dynamic>false</Dynamic>
			<FrozenPos>true</FrozenPos>
			<HashName>v_ret_csr_tyresale</HashName>
			<InitialHandle>72716</InitialHandle>
			<ObjectProperties>
				<TextureVariation>0</TextureVariation>
			</ObjectProperties>
			<OpacityLevel>255</OpacityLevel>
			<LodDistance>16960</LodDistance>
			<IsVisible>true</IsVisible>
			<MaxHealth>1000</MaxHealth>
			<Health>1000</Health>
			<HasGravity>true</HasGravity>
			<IsOnFire>false</IsOnFire>
			<IsInvincible>false</IsInvincible>
			<IsBulletProof>false</IsBulletProof>
			<IsCollisionProof>false</IsCollisionProof>
			<IsExplosionProof>false</IsExplosionProof>
			<IsFireProof>false</IsFireProof>
			<IsMeleeProof>false</IsMeleeProof>
			<IsOnlyDamagedByPlayer>false</IsOnlyDamagedByPlayer>
			<PositionRotation>
				<X>-520.637451</X>
				<Y>-1702.70618</Y>
				<Z>20.5733414</Z>
				<Pitch>-1.06531715</Pitch>
				<Roll>-0.914584279</Roll>
				<Yaw>36.0454521</Yaw>
			</PositionRotation>
			<Attachment isAttached="true">
				<AttachedTo>781314</AttachedTo>
				<BoneIndex>0</BoneIndex>
				<X>-0.016743904</X>
				<Y>0.736585438</Y>
				<Z>1.15702355</Z>
				<Pitch>0.335217118</Pitch>
				<Roll>0.175128296</Roll>
				<Yaw>0.0592517853</Yaw>
			</Attachment>
		</Attachment>
		<Attachment>
			<ModelHash>0xc48d09a2</ModelHash>
			<Type>3</Type>
			<Dynamic>false</Dynamic>
			<FrozenPos>true</FrozenPos>
			<HashName>hei_prop_carrier_panel_2</HashName>
			<InitialHandle>722220</InitialHandle>
			<ObjectProperties>
				<TextureVariation>0</TextureVariation>
			</ObjectProperties>
			<OpacityLevel>255</OpacityLevel>
			<LodDistance>16960</LodDistance>
			<IsVisible>true</IsVisible>
			<MaxHealth>1000</MaxHealth>
			<Health>1000</Health>
			<HasGravity>true</HasGravity>
			<IsOnFire>false</IsOnFire>
			<IsInvincible>false</IsInvincible>
			<IsBulletProof>false</IsBulletProof>
			<IsCollisionProof>false</IsCollisionProof>
			<IsExplosionProof>false</IsExplosionProof>
			<IsFireProof>false</IsFireProof>
			<IsMeleeProof>false</IsMeleeProof>
			<IsOnlyDamagedByPlayer>false</IsOnlyDamagedByPlayer>
			<PositionRotation>
				<X>-522.193115</X>
				<Y>-1702.6781</Y>
				<Z>20.0145111</Z>
				<Pitch>1.37969649</Pitch>
				<Roll>-91.259552</Roll>
				<Yaw>-52.1099052</Yaw>
			</PositionRotation>
			<Attachment isAttached="true">
				<AttachedTo>781314</AttachedTo>
				<BoneIndex>0</BoneIndex>
				<X>-1.26912427</X>
				<Y>1.68657172</Y>
				<Z>0.644992113</Z>
				<Pitch>0.33521843</Pitch>
				<Roll>-89.8248367</Roll>
				<Yaw>-88.1245193</Yaw>
			</Attachment>
		</Attachment>
		<Attachment>
			<ModelHash>0xc48d09a2</ModelHash>
			<Type>3</Type>
			<Dynamic>false</Dynamic>
			<FrozenPos>true</FrozenPos>
			<HashName>hei_prop_carrier_panel_2</HashName>
			<InitialHandle>85805</InitialHandle>
			<ObjectProperties>
				<TextureVariation>0</TextureVariation>
			</ObjectProperties>
			<OpacityLevel>255</OpacityLevel>
			<LodDistance>16960</LodDistance>
			<IsVisible>true</IsVisible>
			<MaxHealth>1000</MaxHealth>
			<Health>1000</Health>
			<HasGravity>true</HasGravity>
			<IsOnFire>false</IsOnFire>
			<IsInvincible>false</IsInvincible>
			<IsBulletProof>false</IsBulletProof>
			<IsCollisionProof>false</IsCollisionProof>
			<IsExplosionProof>false</IsExplosionProof>
			<IsFireProof>false</IsFireProof>
			<IsMeleeProof>false</IsMeleeProof>
			<IsOnlyDamagedByPlayer>false</IsOnlyDamagedByPlayer>
			<PositionRotation>
				<X>-520.120544</X>
				<Y>-1701.21387</Y>
				<Z>20.0882702</Z>
				<Pitch>-0.830796301</Pitch>
				<Roll>-88.4871521</Roll>
				<Yaw>122.862068</Yaw>
			</PositionRotation>
			<Attachment isAttached="true">
				<AttachedTo>781314</AttachedTo>
				<BoneIndex>0</BoneIndex>
				<X>1.26927352</X>
				<Y>1.65212214</Y>
				<Z>0.66959095</Z>
				<Pitch>0.335218817</Pitch>
				<Roll>-89.8248367</Roll>
				<Yaw>86.863121</Yaw>
			</Attachment>
		</Attachment>
		<Attachment>
			<ModelHash>0xc48d09a2</ModelHash>
			<Type>3</Type>
			<Dynamic>false</Dynamic>
			<FrozenPos>true</FrozenPos>
			<HashName>hei_prop_carrier_panel_2</HashName>
			<InitialHandle>77363</InitialHandle>
			<ObjectProperties>
				<TextureVariation>0</TextureVariation>
			</ObjectProperties>
			<OpacityLevel>255</OpacityLevel>
			<LodDistance>16960</LodDistance>
			<IsVisible>true</IsVisible>
			<MaxHealth>1000</MaxHealth>
			<Health>1000</Health>
			<HasGravity>true</HasGravity>
			<IsOnFire>false</IsOnFire>
			<IsInvincible>false</IsInvincible>
			<IsBulletProof>false</IsBulletProof>
			<IsCollisionProof>false</IsCollisionProof>
			<IsExplosionProof>false</IsExplosionProof>
			<IsFireProof>false</IsFireProof>
			<IsMeleeProof>false</IsMeleeProof>
			<IsOnlyDamagedByPlayer>false</IsOnlyDamagedByPlayer>
			<PositionRotation>
				<X>-521.136108</X>
				<Y>-1701.76819</Y>
				<Z>21.1709633</Z>
				<Pitch>-88.2497787</Pitch>
				<Roll>66.6867676</Roll>
				<Yaw>-77.4215164</Yaw>
			</PositionRotation>
			<Attachment isAttached="true">
				<AttachedTo>781314</AttachedTo>
				<BoneIndex>0</BoneIndex>
				<X>0.142648116</X>
				<Y>1.77373219</Y>
				<Z>1.77723694</Z>
				<Pitch>-89.1278992</Pitch>
				<Roll>143.910645</Roll>
				<Yaw>-36.2037888</Yaw>
			</Attachment>
		</Attachment>
		<Attachment>
			<ModelHash>0xc48d09a2</ModelHash>
			<Type>3</Type>
			<Dynamic>false</Dynamic>
			<FrozenPos>true</FrozenPos>
			<HashName>hei_prop_carrier_panel_2</HashName>
			<InitialHandle>629810</InitialHandle>
			<ObjectProperties>
				<TextureVariation>0</TextureVariation>
			</ObjectProperties>
			<OpacityLevel>255</OpacityLevel>
			<LodDistance>16960</LodDistance>
			<IsVisible>true</IsVisible>
			<MaxHealth>1000</MaxHealth>
			<Health>1000</Health>
			<HasGravity>true</HasGravity>
			<IsOnFire>false</IsOnFire>
			<IsInvincible>false</IsInvincible>
			<IsBulletProof>false</IsBulletProof>
			<IsCollisionProof>false</IsCollisionProof>
			<IsExplosionProof>false</IsExplosionProof>
			<IsFireProof>false</IsFireProof>
			<IsMeleeProof>false</IsMeleeProof>
			<IsOnlyDamagedByPlayer>false</IsOnlyDamagedByPlayer>
			<PositionRotation>
				<X>-521.387756</X>
				<Y>-1701.95715</Y>
				<Z>21.1702633</Z>
				<Pitch>-88.2498932</Pitch>
				<Roll>67.1979599</Roll>
				<Yaw>-77.4215012</Yaw>
			</PositionRotation>
			<Attachment isAttached="true">
				<AttachedTo>781314</AttachedTo>
				<BoneIndex>0</BoneIndex>
				<X>-0.171987399</X>
				<Y>1.76861787</Y>
				<Z>1.78240526</Z>
				<Pitch>-89.1278992</Pitch>
				<Roll>144.421829</Roll>
				<Yaw>-36.2037888</Yaw>
			</Attachment>
		</Attachment>
	</SpoonerAttachments>
</Vehicle>
