<?xml version="1.0" encoding="ISO-8859-1"?>
<Vehicle menyoo_ver="0.9998744b">
	<ModelHash>0x3e48bf23</ModelHash>
	<InitialHandle>381543</InitialHandle>
	<VehicleProperties>
		<Colours>
			<Primary>100</Primary>
			<Secondary>0</Secondary>
			<Pearl>24</Pearl>
			<Rim>156</Rim>
			<Mod1_a>0</Mod1_a>
			<Mod1_b>1</Mod1_b>
			<Mod1_c>7602259</Mod1_c>
			<Mod2_a>7209057</Mod2_a>
			<Mod2_b>6357092</Mod2_b>
			<IsPrimaryColourCustom>false</IsPrimaryColourCustom>
			<IsSecondaryColourCustom>false</IsSecondaryColourCustom>
			<tyreSmoke_R>255</tyreSmoke_R>
			<tyreSmoke_G>255</tyreSmoke_G>
			<tyreSmoke_B>255</tyreSmoke_B>
			<LrInterior>0</LrInterior>
			<LrDashboard>0</LrDashboard>
		</Colours>
		<Livery>-1</Livery>
		<NumberPlateText>83LIZ414</NumberPlateText>
		<NumberPlateIndex>4</NumberPlateIndex>
		<WheelType>0</WheelType>
		<WheelsInvisible>false</WheelsInvisible>
		<EngineSoundName></EngineSoundName>
		<WindowTint>-1</WindowTint>
		<BulletProofTyres>true</BulletProofTyres>
		<DirtLevel>0.0732559785</DirtLevel>
		<PaintFade>0.298039228</PaintFade>
		<RoofState>0</RoofState>
		<SirenActive>false</SirenActive>
		<EngineOn>true</EngineOn>
		<EngineHealth>953.333069</EngineHealth>
		<LightsOn>false</LightsOn>
		<IsRadioLoud>0</IsRadioLoud>
		<LockStatus>1</LockStatus>
		<Neons>
			<Left>false</Left>
			<Right>false</Right>
			<Front>false</Front>
			<Back>false</Back>
			<R>255</R>
			<G>0</G>
			<B>255</B>
		</Neons>
		<ModExtras>
			<_1>true</_1>
			<_2>true</_2>
			<_7>true</_7>
			<_10>false</_10>
			<_11>false</_11>
			<_12>false</_12>
		</ModExtras>
		<Mods>
			<_0>-1,0</_0>
			<_1>-1,0</_1>
			<_2>-1,0</_2>
			<_3>-1,0</_3>
			<_4>-1,0</_4>
			<_5>-1,0</_5>
			<_6>-1,0</_6>
			<_7>-1,0</_7>
			<_8>-1,0</_8>
			<_9>-1,0</_9>
			<_10>-1,0</_10>
			<_11>-1,0</_11>
			<_12>-1,0</_12>
			<_13>-1,0</_13>
			<_14>-1,0</_14>
			<_15>-1,0</_15>
			<_16>-1,0</_16>
			<_17>false</_17>
			<_18>false</_18>
			<_19>false</_19>
			<_20>false</_20>
			<_21>false</_21>
			<_22>false</_22>
			<_23>-1,0</_23>
			<_24>-1,0</_24>
			<_25>-1,0</_25>
			<_26>-1,0</_26>
			<_27>-1,0</_27>
			<_28>-1,0</_28>
			<_29>-1,0</_29>
			<_30>-1,0</_30>
			<_31>-1,0</_31>
			<_32>-1,0</_32>
			<_33>-1,0</_33>
			<_34>-1,0</_34>
			<_35>-1,0</_35>
			<_36>-1,0</_36>
			<_37>-1,0</_37>
			<_38>-1,0</_38>
			<_39>-1,0</_39>
			<_40>-1,0</_40>
			<_41>-1,0</_41>
			<_42>-1,0</_42>
			<_43>-1,0</_43>
			<_44>-1,0</_44>
			<_45>-1,0</_45>
			<_46>-1,0</_46>
			<_47>-1,0</_47>
			<_48>-1,0</_48>
		</Mods>
		<DoorsOpen>
			<BackLeftDoor>false</BackLeftDoor>
			<BackRightDoor>false</BackRightDoor>
			<FrontLeftDoor>false</FrontLeftDoor>
			<FrontRightDoor>false</FrontRightDoor>
			<Hood>false</Hood>
			<Trunk>false</Trunk>
			<Trunk2>false</Trunk2>
		</DoorsOpen>
		<DoorsBroken>
			<BackLeftDoor>false</BackLeftDoor>
			<BackRightDoor>false</BackRightDoor>
			<FrontLeftDoor>false</FrontLeftDoor>
			<FrontRightDoor>false</FrontRightDoor>
			<Hood>false</Hood>
			<Trunk>false</Trunk>
			<Trunk2>false</Trunk2>
		</DoorsBroken>
		<TyresBursted>
			<FrontLeft>false</FrontLeft>
			<FrontRight>false</FrontRight>
			<_2>false</_2>
			<_3>false</_3>
			<BackLeft>false</BackLeft>
			<BackRight>false</BackRight>
			<_6>false</_6>
			<_7>false</_7>
			<_8>false</_8>
		</TyresBursted>
	</VehicleProperties>
	<OpacityLevel>255</OpacityLevel>
	<LodDistance>16960</LodDistance>
	<IsVisible>true</IsVisible>
	<IsDriverVisible>true</IsDriverVisible>
	<MaxHealth>10000</MaxHealth>
	<Health>10000</Health>
	<HasGravity>true</HasGravity>
	<IsOnFire>false</IsOnFire>
	<IsInvincible>false</IsInvincible>
	<IsBulletProof>false</IsBulletProof>
	<IsExplosionProof>false</IsExplosionProof>
	<IsFireProof>false</IsFireProof>
	<IsMeleeProof>false</IsMeleeProof>
	<IsOnlyDamagedByPlayer>false</IsOnlyDamagedByPlayer>
	<SpoonerAttachments SetAttachmentsPersistentAndAddToSpoonerDatabase="false" StartTaskSequencesOnLoad="true">
		<Attachment>
			<ModelHash>0x68c79f57</ModelHash>
			<Type>3</Type>
			<Dynamic>false</Dynamic>
			<FrozenPos>true</FrozenPos>
			<HashName>prop_metal_plates02</HashName>
			<InitialHandle>379754</InitialHandle>
			<ObjectProperties>
				<TextureVariation>0</TextureVariation>
			</ObjectProperties>
			<OpacityLevel>255</OpacityLevel>
			<LodDistance>16960</LodDistance>
			<IsVisible>true</IsVisible>
			<MaxHealth>1000</MaxHealth>
			<Health>1000</Health>
			<HasGravity>true</HasGravity>
			<IsOnFire>false</IsOnFire>
			<IsInvincible>false</IsInvincible>
			<IsBulletProof>false</IsBulletProof>
			<IsCollisionProof>false</IsCollisionProof>
			<IsExplosionProof>false</IsExplosionProof>
			<IsFireProof>false</IsFireProof>
			<IsMeleeProof>false</IsMeleeProof>
			<IsOnlyDamagedByPlayer>false</IsOnlyDamagedByPlayer>
			<PositionRotation>
				<X>1751.69629</X>
				<Y>3264.90088</Y>
				<Z>40.376194</Z>
				<Pitch>-2.99071455</Pitch>
				<Roll>-0.868743956</Roll>
				<Yaw>-92.2313995</Yaw>
			</PositionRotation>
			<Attachment isAttached="true">
				<AttachedTo>381543</AttachedTo>
				<BoneIndex>0</BoneIndex>
				<X>-0.870081246</X>
				<Y>2.747087</Y>
				<Z>-2.69751477</Z>
				<Pitch>-2.90941334</Pitch>
				<Roll>0.0894572586</Roll>
				<Yaw>-5.47215128</Yaw>
			</Attachment>
		</Attachment>
		<Attachment>
			<ModelHash>0x68c79f57</ModelHash>
			<Type>3</Type>
			<Dynamic>false</Dynamic>
			<FrozenPos>true</FrozenPos>
			<HashName>prop_metal_plates02</HashName>
			<InitialHandle>400746</InitialHandle>
			<ObjectProperties>
				<TextureVariation>0</TextureVariation>
			</ObjectProperties>
			<OpacityLevel>255</OpacityLevel>
			<LodDistance>16960</LodDistance>
			<IsVisible>true</IsVisible>
			<MaxHealth>1000</MaxHealth>
			<Health>1000</Health>
			<HasGravity>true</HasGravity>
			<IsOnFire>false</IsOnFire>
			<IsInvincible>false</IsInvincible>
			<IsBulletProof>false</IsBulletProof>
			<IsCollisionProof>false</IsCollisionProof>
			<IsExplosionProof>false</IsExplosionProof>
			<IsFireProof>false</IsFireProof>
			<IsMeleeProof>false</IsMeleeProof>
			<IsOnlyDamagedByPlayer>false</IsOnlyDamagedByPlayer>
			<PositionRotation>
				<X>1751.58594</X>
				<Y>3262.59375</Y>
				<Z>40.4340782</Z>
				<Pitch>-2.98829007</Pitch>
				<Roll>-0.70930922</Roll>
				<Yaw>-92.2309189</Yaw>
			</PositionRotation>
			<Attachment isAttached="true">
				<AttachedTo>381543</AttachedTo>
				<BoneIndex>0</BoneIndex>
				<X>1.42758131</X>
				<Y>2.50435829</Y>
				<Z>-2.67824388</Z>
				<Pitch>-2.90698195</Pitch>
				<Roll>0.248889357</Roll>
				<Yaw>-5.47171402</Yaw>
			</Attachment>
		</Attachment>
		<Attachment>
			<ModelHash>0x68c79f57</ModelHash>
			<Type>3</Type>
			<Dynamic>false</Dynamic>
			<FrozenPos>true</FrozenPos>
			<HashName>prop_metal_plates02</HashName>
			<InitialHandle>414728</InitialHandle>
			<ObjectProperties>
				<TextureVariation>0</TextureVariation>
			</ObjectProperties>
			<OpacityLevel>255</OpacityLevel>
			<LodDistance>16960</LodDistance>
			<IsVisible>true</IsVisible>
			<MaxHealth>1000</MaxHealth>
			<Health>1000</Health>
			<HasGravity>true</HasGravity>
			<IsOnFire>false</IsOnFire>
			<IsInvincible>false</IsInvincible>
			<IsBulletProof>false</IsBulletProof>
			<IsCollisionProof>false</IsCollisionProof>
			<IsExplosionProof>false</IsExplosionProof>
			<IsFireProof>false</IsFireProof>
			<IsMeleeProof>false</IsMeleeProof>
			<IsOnlyDamagedByPlayer>false</IsOnlyDamagedByPlayer>
			<PositionRotation>
				<X>1747.44128</X>
				<Y>3265.37207</Y>
				<Z>40.7187462</Z>
				<Pitch>1.27206051</Pitch>
				<Roll>-0.565890849</Roll>
				<Yaw>-87.9395218</Yaw>
			</PositionRotation>
			<Attachment isAttached="true">
				<AttachedTo>381543</AttachedTo>
				<BoneIndex>0</BoneIndex>
				<X>-1.57908392</X>
				<Y>-1.47496128</Y>
				<Z>-2.35594392</Z>
				<Pitch>1.42415726</Pitch>
				<Roll>0.382630587</Roll>
				<Yaw>-1.25190282</Yaw>
			</Attachment>
		</Attachment>
		<Attachment>
			<ModelHash>0x68c79f57</ModelHash>
			<Type>3</Type>
			<Dynamic>false</Dynamic>
			<FrozenPos>true</FrozenPos>
			<HashName>prop_metal_plates02</HashName>
			<InitialHandle>731753</InitialHandle>
			<ObjectProperties>
				<TextureVariation>0</TextureVariation>
			</ObjectProperties>
			<OpacityLevel>255</OpacityLevel>
			<LodDistance>16960</LodDistance>
			<IsVisible>true</IsVisible>
			<MaxHealth>1000</MaxHealth>
			<Health>1000</Health>
			<HasGravity>true</HasGravity>
			<IsOnFire>false</IsOnFire>
			<IsInvincible>false</IsInvincible>
			<IsBulletProof>false</IsBulletProof>
			<IsCollisionProof>false</IsCollisionProof>
			<IsExplosionProof>false</IsExplosionProof>
			<IsFireProof>false</IsFireProof>
			<IsMeleeProof>false</IsMeleeProof>
			<IsOnlyDamagedByPlayer>false</IsOnlyDamagedByPlayer>
			<PositionRotation>
				<X>1747.26257</X>
				<Y>3262.43872</Y>
				<Z>40.6258125</Z>
				<Pitch>-3.12731695</Pitch>
				<Roll>-0.740568101</Roll>
				<Yaw>-90.3320541</Yaw>
			</PositionRotation>
			<Attachment isAttached="true">
				<AttachedTo>381543</AttachedTo>
				<BoneIndex>0</BoneIndex>
				<X>1.33734083</X>
				<Y>-1.82138884</Y>
				<Z>-2.49802709</Z>
				<Pitch>-3.014328</Pitch>
				<Roll>0.214512765</Roll>
				<Yaw>-3.57095718</Yaw>
			</Attachment>
		</Attachment>
		<Attachment>
			<ModelHash>0x68c79f57</ModelHash>
			<Type>3</Type>
			<Dynamic>false</Dynamic>
			<FrozenPos>true</FrozenPos>
			<HashName>prop_metal_plates02</HashName>
			<InitialHandle>670827</InitialHandle>
			<ObjectProperties>
				<TextureVariation>0</TextureVariation>
			</ObjectProperties>
			<OpacityLevel>255</OpacityLevel>
			<LodDistance>16960</LodDistance>
			<IsVisible>true</IsVisible>
			<MaxHealth>1000</MaxHealth>
			<Health>1000</Health>
			<HasGravity>true</HasGravity>
			<IsOnFire>false</IsOnFire>
			<IsInvincible>false</IsInvincible>
			<IsBulletProof>false</IsBulletProof>
			<IsCollisionProof>false</IsCollisionProof>
			<IsExplosionProof>false</IsExplosionProof>
			<IsFireProof>false</IsFireProof>
			<IsMeleeProof>false</IsMeleeProof>
			<IsOnlyDamagedByPlayer>false</IsOnlyDamagedByPlayer>
			<PositionRotation>
				<X>1743.31738</X>
				<Y>3263.79028</Y>
				<Z>40.793869</Z>
				<Pitch>-6.00554085</Pitch>
				<Roll>2.64938688</Roll>
				<Yaw>0.462211192</Yaw>
			</PositionRotation>
			<Attachment isAttached="true">
				<AttachedTo>381543</AttachedTo>
				<BoneIndex>0</BoneIndex>
				<X>-0.235493302</X>
				<Y>-5.68294668</Y>
				<Z>-2.3156414</Z>
				<Pitch>-5.05341959</Pitch>
				<Roll>2.52313113</Roll>
				<Yaw>87.1599808</Yaw>
			</Attachment>
		</Attachment>
		<Attachment>
			<ModelHash>0x68c79f57</ModelHash>
			<Type>3</Type>
			<Dynamic>false</Dynamic>
			<FrozenPos>true</FrozenPos>
			<HashName>prop_metal_plates02</HashName>
			<InitialHandle>53612</InitialHandle>
			<ObjectProperties>
				<TextureVariation>0</TextureVariation>
			</ObjectProperties>
			<OpacityLevel>255</OpacityLevel>
			<LodDistance>16960</LodDistance>
			<IsVisible>true</IsVisible>
			<MaxHealth>1000</MaxHealth>
			<Health>1000</Health>
			<HasGravity>true</HasGravity>
			<IsOnFire>false</IsOnFire>
			<IsInvincible>false</IsInvincible>
			<IsBulletProof>false</IsBulletProof>
			<IsCollisionProof>false</IsCollisionProof>
			<IsExplosionProof>false</IsExplosionProof>
			<IsFireProof>false</IsFireProof>
			<IsMeleeProof>false</IsMeleeProof>
			<IsOnlyDamagedByPlayer>false</IsOnlyDamagedByPlayer>
			<PositionRotation>
				<X>1741.00281</X>
				<Y>3263.76489</Y>
				<Z>40.9357948</Z>
				<Pitch>-4.22631073</Pitch>
				<Roll>0.360880435</Roll>
				<Yaw>-0.224159479</Yaw>
			</PositionRotation>
			<Attachment isAttached="true">
				<AttachedTo>381543</AttachedTo>
				<BoneIndex>0</BoneIndex>
				<X>-0.340815187</X>
				<Y>-7.99567318</Y>
				<Z>-2.17892694</Z>
				<Pitch>-3.27275705</Pitch>
				<Roll>0.246342599</Roll>
				<Yaw>86.4782867</Yaw>
			</Attachment>
		</Attachment>
		<Attachment>
			<ModelHash>0x2efbb698</ModelHash>
			<Type>3</Type>
			<Dynamic>false</Dynamic>
			<FrozenPos>true</FrozenPos>
			<HashName>prop_mb_crate_01b</HashName>
			<InitialHandle>339211</InitialHandle>
			<ObjectProperties>
				<TextureVariation>0</TextureVariation>
			</ObjectProperties>
			<OpacityLevel>255</OpacityLevel>
			<LodDistance>16960</LodDistance>
			<IsVisible>true</IsVisible>
			<MaxHealth>1000</MaxHealth>
			<Health>1000</Health>
			<HasGravity>true</HasGravity>
			<IsOnFire>false</IsOnFire>
			<IsInvincible>false</IsInvincible>
			<IsBulletProof>false</IsBulletProof>
			<IsCollisionProof>false</IsCollisionProof>
			<IsExplosionProof>false</IsExplosionProof>
			<IsFireProof>false</IsFireProof>
			<IsMeleeProof>false</IsMeleeProof>
			<IsOnlyDamagedByPlayer>false</IsOnlyDamagedByPlayer>
			<PositionRotation>
				<X>1750.42761</X>
				<Y>3264.76123</Y>
				<Z>41.1900711</Z>
				<Pitch>2.36457038</Pitch>
				<Roll>0.108311526</Roll>
				<Yaw>-177.173004</Yaw>
			</PositionRotation>
			<Attachment isAttached="true">
				<AttachedTo>381543</AttachedTo>
				<BoneIndex>0</BoneIndex>
				<X>-0.790141582</X>
				<Y>1.47004652</Y>
				<Z>-1.8886888</Z>
				<Pitch>1.41845453</Pitch>
				<Roll>0.273303747</Roll>
				<Yaw>-90.4685211</Yaw>
			</Attachment>
		</Attachment>
		<Attachment>
			<ModelHash>0x4a46e08e</ModelHash>
			<Type>3</Type>
			<Dynamic>false</Dynamic>
			<FrozenPos>true</FrozenPos>
			<HashName>prop_mb_ordnance_02</HashName>
			<InitialHandle>500591</InitialHandle>
			<ObjectProperties>
				<TextureVariation>0</TextureVariation>
			</ObjectProperties>
			<OpacityLevel>255</OpacityLevel>
			<LodDistance>16960</LodDistance>
			<IsVisible>true</IsVisible>
			<MaxHealth>1000</MaxHealth>
			<Health>1000</Health>
			<HasGravity>true</HasGravity>
			<IsOnFire>false</IsOnFire>
			<IsInvincible>false</IsInvincible>
			<IsBulletProof>false</IsBulletProof>
			<IsCollisionProof>false</IsCollisionProof>
			<IsExplosionProof>false</IsExplosionProof>
			<IsFireProof>false</IsFireProof>
			<IsMeleeProof>false</IsMeleeProof>
			<IsOnlyDamagedByPlayer>false</IsOnlyDamagedByPlayer>
			<PositionRotation>
				<X>1749.83289</X>
				<Y>3265.74609</Y>
				<Z>41.1791458</Z>
				<Pitch>0.497944087</Pitch>
				<Roll>0.547185242</Roll>
				<Yaw>9.5023222</Yaw>
			</PositionRotation>
			<Attachment isAttached="true">
				<AttachedTo>381543</AttachedTo>
				<BoneIndex>0</BoneIndex>
				<X>-1.80746305</X>
				<Y>0.932853043</Y>
				<Z>-1.88445783</Z>
				<Pitch>1.41845453</Pitch>
				<Roll>0.273303747</Roll>
				<Yaw>96.216835</Yaw>
			</Attachment>
		</Attachment>
		<Attachment>
			<ModelHash>0x8fe85331</ModelHash>
			<Type>3</Type>
			<Dynamic>false</Dynamic>
			<FrozenPos>true</FrozenPos>
			<HashName>prop_fnccorgm_03c</HashName>
			<InitialHandle>82033</InitialHandle>
			<ObjectProperties>
				<TextureVariation>0</TextureVariation>
			</ObjectProperties>
			<OpacityLevel>255</OpacityLevel>
			<LodDistance>16960</LodDistance>
			<IsVisible>true</IsVisible>
			<MaxHealth>1000</MaxHealth>
			<Health>1000</Health>
			<HasGravity>true</HasGravity>
			<IsOnFire>false</IsOnFire>
			<IsInvincible>false</IsInvincible>
			<IsBulletProof>false</IsBulletProof>
			<IsCollisionProof>false</IsCollisionProof>
			<IsExplosionProof>false</IsExplosionProof>
			<IsFireProof>false</IsFireProof>
			<IsMeleeProof>false</IsMeleeProof>
			<IsOnlyDamagedByPlayer>false</IsOnlyDamagedByPlayer>
			<PositionRotation>
				<X>1749.87659</X>
				<Y>3261.93286</Y>
				<Z>41.0508194</Z>
				<Pitch>-6.38449955</Pitch>
				<Roll>0.399912238</Roll>
				<Yaw>17.493597</Yaw>
			</PositionRotation>
			<Attachment isAttached="true">
				<AttachedTo>381543</AttachedTo>
				<BoneIndex>0</BoneIndex>
				<X>1.99930155</X>
				<Y>0.758090913</Y>
				<Z>-2.07610631</Z>
				<Pitch>-5.51083708</Pitch>
				<Roll>-0.00104934722</Roll>
				<Yaw>104.161987</Yaw>
			</Attachment>
		</Attachment>
		<Attachment>
			<ModelHash>0x8fe85331</ModelHash>
			<Type>3</Type>
			<Dynamic>false</Dynamic>
			<FrozenPos>true</FrozenPos>
			<HashName>prop_fnccorgm_03c</HashName>
			<InitialHandle>610831</InitialHandle>
			<ObjectProperties>
				<TextureVariation>0</TextureVariation>
			</ObjectProperties>
			<OpacityLevel>255</OpacityLevel>
			<LodDistance>16960</LodDistance>
			<IsVisible>true</IsVisible>
			<MaxHealth>1000</MaxHealth>
			<Health>1000</Health>
			<HasGravity>true</HasGravity>
			<IsOnFire>false</IsOnFire>
			<IsInvincible>false</IsInvincible>
			<IsBulletProof>false</IsBulletProof>
			<IsCollisionProof>false</IsCollisionProof>
			<IsExplosionProof>false</IsExplosionProof>
			<IsFireProof>false</IsFireProof>
			<IsMeleeProof>false</IsMeleeProof>
			<IsOnlyDamagedByPlayer>false</IsOnlyDamagedByPlayer>
			<PositionRotation>
				<X>1747.26636</X>
				<Y>3261.53784</Y>
				<Z>41.2375183</Z>
				<Pitch>0.500888586</Pitch>
				<Roll>0.556895077</Roll>
				<Yaw>10.1074896</Yaw>
			</PositionRotation>
			<Attachment isAttached="true">
				<AttachedTo>381543</AttachedTo>
				<BoneIndex>0</BoneIndex>
				<X>2.24697876</X>
				<Y>-1.8711369</Y>
				<Z>-1.90138447</Z>
				<Pitch>1.41845453</Pitch>
				<Roll>0.273303747</Roll>
				<Yaw>96.8221741</Yaw>
			</Attachment>
		</Attachment>
		<Attachment>
			<ModelHash>0x8fe85331</ModelHash>
			<Type>3</Type>
			<Dynamic>false</Dynamic>
			<FrozenPos>true</FrozenPos>
			<HashName>prop_fnccorgm_03c</HashName>
			<InitialHandle>57969</InitialHandle>
			<ObjectProperties>
				<TextureVariation>0</TextureVariation>
			</ObjectProperties>
			<OpacityLevel>255</OpacityLevel>
			<LodDistance>16960</LodDistance>
			<IsVisible>true</IsVisible>
			<MaxHealth>1000</MaxHealth>
			<Health>1000</Health>
			<HasGravity>true</HasGravity>
			<IsOnFire>false</IsOnFire>
			<IsInvincible>false</IsInvincible>
			<IsBulletProof>false</IsBulletProof>
			<IsCollisionProof>false</IsCollisionProof>
			<IsExplosionProof>false</IsExplosionProof>
			<IsFireProof>false</IsFireProof>
			<IsMeleeProof>false</IsMeleeProof>
			<IsOnlyDamagedByPlayer>false</IsOnlyDamagedByPlayer>
			<PositionRotation>
				<X>1745.19604</X>
				<Y>3261.27686</Y>
				<Z>41.2428932</Z>
				<Pitch>0.473384708</Pitch>
				<Roll>0.444122702</Roll>
				<Yaw>3.17995596</Yaw>
			</PositionRotation>
			<Attachment isAttached="true">
				<AttachedTo>381543</AttachedTo>
				<BoneIndex>0</BoneIndex>
				<X>2.3886826</X>
				<Y>-3.95294857</Y>
				<Z>-1.90461791</Z>
				<Pitch>1.41845453</Pitch>
				<Roll>0.273303747</Roll>
				<Yaw>89.8927155</Yaw>
			</Attachment>
		</Attachment>
		<Attachment>
			<ModelHash>0x8fe85331</ModelHash>
			<Type>3</Type>
			<Dynamic>false</Dynamic>
			<FrozenPos>true</FrozenPos>
			<HashName>prop_fnccorgm_03c</HashName>
			<InitialHandle>329584</InitialHandle>
			<ObjectProperties>
				<TextureVariation>0</TextureVariation>
			</ObjectProperties>
			<OpacityLevel>255</OpacityLevel>
			<LodDistance>16960</LodDistance>
			<IsVisible>true</IsVisible>
			<MaxHealth>1000</MaxHealth>
			<Health>0</Health>
			<HasGravity>true</HasGravity>
			<IsOnFire>false</IsOnFire>
			<IsInvincible>false</IsInvincible>
			<IsBulletProof>false</IsBulletProof>
			<IsCollisionProof>false</IsCollisionProof>
			<IsExplosionProof>false</IsExplosionProof>
			<IsFireProof>false</IsFireProof>
			<IsMeleeProof>false</IsMeleeProof>
			<IsOnlyDamagedByPlayer>false</IsOnlyDamagedByPlayer>
			<PositionRotation>
				<X>1742.71411</X>
				<Y>3260.79492</Y>
				<Z>41.3579025</Z>
				<Pitch>0.480823904</Pitch>
				<Roll>0.481124163</Roll>
				<Yaw>5.43117905</Yaw>
			</PositionRotation>
			<Attachment isAttached="true">
				<AttachedTo>381543</AttachedTo>
				<BoneIndex>0</BoneIndex>
				<X>2.72903204</X>
				<Y>-6.45881748</Y>
				<Z>-1.80275369</Z>
				<Pitch>1.41845453</Pitch>
				<Roll>0.273303747</Roll>
				<Yaw>92.1445541</Yaw>
			</Attachment>
		</Attachment>
		<Attachment>
			<ModelHash>0x8fe85331</ModelHash>
			<Type>3</Type>
			<Dynamic>false</Dynamic>
			<FrozenPos>true</FrozenPos>
			<HashName>prop_fnccorgm_03c</HashName>
			<InitialHandle>202862</InitialHandle>
			<ObjectProperties>
				<TextureVariation>0</TextureVariation>
			</ObjectProperties>
			<OpacityLevel>255</OpacityLevel>
			<LodDistance>16960</LodDistance>
			<IsVisible>true</IsVisible>
			<MaxHealth>1000</MaxHealth>
			<Health>0</Health>
			<HasGravity>true</HasGravity>
			<IsOnFire>false</IsOnFire>
			<IsInvincible>false</IsInvincible>
			<IsBulletProof>false</IsBulletProof>
			<IsCollisionProof>false</IsCollisionProof>
			<IsExplosionProof>false</IsExplosionProof>
			<IsFireProof>false</IsFireProof>
			<IsMeleeProof>false</IsMeleeProof>
			<IsOnlyDamagedByPlayer>false</IsOnlyDamagedByPlayer>
			<PositionRotation>
				<X>1740.37622</X>
				<Y>3260.72583</Y>
				<Z>41.3086281</Z>
				<Pitch>0.467403471</Pitch>
				<Roll>0.406852305</Roll>
				<Yaw>0.928407907</Yaw>
			</PositionRotation>
			<Attachment isAttached="true">
				<AttachedTo>381543</AttachedTo>
				<BoneIndex>0</BoneIndex>
				<X>2.66311312</X>
				<Y>-8.79660988</Y>
				<Z>-1.8579886</Z>
				<Pitch>1.41845453</Pitch>
				<Roll>0.273303747</Roll>
				<Yaw>87.6405563</Yaw>
			</Attachment>
		</Attachment>
		<Attachment>
			<ModelHash>0x8fe85331</ModelHash>
			<Type>3</Type>
			<Dynamic>false</Dynamic>
			<FrozenPos>true</FrozenPos>
			<HashName>prop_fnccorgm_03c</HashName>
			<InitialHandle>98928</InitialHandle>
			<ObjectProperties>
				<TextureVariation>0</TextureVariation>
			</ObjectProperties>
			<OpacityLevel>255</OpacityLevel>
			<LodDistance>16960</LodDistance>
			<IsVisible>true</IsVisible>
			<MaxHealth>1000</MaxHealth>
			<Health>1000</Health>
			<HasGravity>true</HasGravity>
			<IsOnFire>false</IsOnFire>
			<IsInvincible>false</IsInvincible>
			<IsBulletProof>false</IsBulletProof>
			<IsCollisionProof>false</IsCollisionProof>
			<IsExplosionProof>false</IsExplosionProof>
			<IsFireProof>false</IsFireProof>
			<IsMeleeProof>false</IsMeleeProof>
			<IsOnlyDamagedByPlayer>false</IsOnlyDamagedByPlayer>
			<PositionRotation>
				<X>1751.30786</X>
				<Y>3266.5127</Y>
				<Z>41.2100716</Z>
				<Pitch>2.37024951</Pitch>
				<Roll>0.145113632</Roll>
				<Yaw>-179.39418</Yaw>
			</PositionRotation>
			<Attachment isAttached="true">
				<AttachedTo>381543</AttachedTo>
				<BoneIndex>0</BoneIndex>
				<X>-2.48754811</X>
				<Y>2.44924903</Y>
				<Z>-1.83774626</Z>
				<Pitch>1.41845453</Pitch>
				<Roll>0.273303747</Roll>
				<Yaw>-92.6884918</Yaw>
			</Attachment>
		</Attachment>
		<Attachment>
			<ModelHash>0x8fe85331</ModelHash>
			<Type>3</Type>
			<Dynamic>false</Dynamic>
			<FrozenPos>true</FrozenPos>
			<HashName>prop_fnccorgm_03c</HashName>
			<InitialHandle>18802</InitialHandle>
			<ObjectProperties>
				<TextureVariation>0</TextureVariation>
			</ObjectProperties>
			<OpacityLevel>255</OpacityLevel>
			<LodDistance>16960</LodDistance>
			<IsVisible>true</IsVisible>
			<MaxHealth>1000</MaxHealth>
			<Health>1000</Health>
			<HasGravity>true</HasGravity>
			<IsOnFire>false</IsOnFire>
			<IsInvincible>false</IsInvincible>
			<IsBulletProof>false</IsBulletProof>
			<IsCollisionProof>false</IsCollisionProof>
			<IsExplosionProof>false</IsExplosionProof>
			<IsFireProof>false</IsFireProof>
			<IsMeleeProof>false</IsMeleeProof>
			<IsOnlyDamagedByPlayer>false</IsOnlyDamagedByPlayer>
			<PositionRotation>
				<X>1749.00232</X>
				<Y>3266.57983</Y>
				<Z>41.2570457</Z>
				<Pitch>2.36985731</Pitch>
				<Roll>0.142233834</Roll>
				<Yaw>-179.22084</Yaw>
			</PositionRotation>
			<Attachment isAttached="true">
				<AttachedTo>381543</AttachedTo>
				<BoneIndex>0</BoneIndex>
				<X>-2.68612742</X>
				<Y>0.151136741</Y>
				<Z>-1.79441118</Z>
				<Pitch>1.41845453</Pitch>
				<Roll>0.273303747</Roll>
				<Yaw>-92.5152283</Yaw>
			</Attachment>
		</Attachment>
		<Attachment>
			<ModelHash>0x8fe85331</ModelHash>
			<Type>3</Type>
			<Dynamic>false</Dynamic>
			<FrozenPos>true</FrozenPos>
			<HashName>prop_fnccorgm_03c</HashName>
			<InitialHandle>180850</InitialHandle>
			<ObjectProperties>
				<TextureVariation>0</TextureVariation>
			</ObjectProperties>
			<OpacityLevel>255</OpacityLevel>
			<LodDistance>16960</LodDistance>
			<IsVisible>true</IsVisible>
			<MaxHealth>1000</MaxHealth>
			<Health>1000</Health>
			<HasGravity>true</HasGravity>
			<IsOnFire>false</IsOnFire>
			<IsInvincible>false</IsInvincible>
			<IsBulletProof>false</IsBulletProof>
			<IsCollisionProof>false</IsCollisionProof>
			<IsExplosionProof>false</IsExplosionProof>
			<IsFireProof>false</IsFireProof>
			<IsMeleeProof>false</IsMeleeProof>
			<IsOnlyDamagedByPlayer>false</IsOnlyDamagedByPlayer>
			<PositionRotation>
				<X>1746.6897</X>
				<Y>3266.63989</Y>
				<Z>41.2971382</Z>
				<Pitch>2.36985731</Pitch>
				<Roll>0.142233834</Roll>
				<Yaw>-179.22084</Yaw>
			</PositionRotation>
			<Attachment isAttached="true">
				<AttachedTo>381543</AttachedTo>
				<BoneIndex>0</BoneIndex>
				<X>-2.87826252</X>
				<Y>-2.15433836</Y>
				<Z>-1.75809276</Z>
				<Pitch>1.41845453</Pitch>
				<Roll>0.273303747</Roll>
				<Yaw>-92.5152283</Yaw>
			</Attachment>
		</Attachment>
		<Attachment>
			<ModelHash>0x8fe85331</ModelHash>
			<Type>3</Type>
			<Dynamic>false</Dynamic>
			<FrozenPos>true</FrozenPos>
			<HashName>prop_fnccorgm_03c</HashName>
			<InitialHandle>1136</InitialHandle>
			<ObjectProperties>
				<TextureVariation>0</TextureVariation>
			</ObjectProperties>
			<OpacityLevel>255</OpacityLevel>
			<LodDistance>16960</LodDistance>
			<IsVisible>true</IsVisible>
			<MaxHealth>1000</MaxHealth>
			<Health>1000</Health>
			<HasGravity>true</HasGravity>
			<IsOnFire>false</IsOnFire>
			<IsInvincible>false</IsInvincible>
			<IsBulletProof>false</IsBulletProof>
			<IsCollisionProof>false</IsCollisionProof>
			<IsExplosionProof>false</IsExplosionProof>
			<IsFireProof>false</IsFireProof>
			<IsMeleeProof>false</IsMeleeProof>
			<IsOnlyDamagedByPlayer>false</IsOnlyDamagedByPlayer>
			<PositionRotation>
				<X>1745.03503</X>
				<Y>3266.73926</Y>
				<Z>41.3817024</Z>
				<Pitch>2.36985731</Pitch>
				<Roll>0.142233834</Roll>
				<Yaw>-179.22084</Yaw>
			</PositionRotation>
			<Attachment isAttached="true">
				<AttachedTo>381543</AttachedTo>
				<BoneIndex>0</BoneIndex>
				<X>-3.07105923</X>
				<Y>-3.80073285</Y>
				<Z>-1.67529798</Z>
				<Pitch>1.41845453</Pitch>
				<Roll>0.273303747</Roll>
				<Yaw>-92.5152283</Yaw>
			</Attachment>
		</Attachment>
		<Attachment>
			<ModelHash>0x8fe85331</ModelHash>
			<Type>3</Type>
			<Dynamic>false</Dynamic>
			<FrozenPos>true</FrozenPos>
			<HashName>prop_fnccorgm_03c</HashName>
			<InitialHandle>728687</InitialHandle>
			<ObjectProperties>
				<TextureVariation>0</TextureVariation>
			</ObjectProperties>
			<OpacityLevel>255</OpacityLevel>
			<LodDistance>16960</LodDistance>
			<IsVisible>true</IsVisible>
			<MaxHealth>1000</MaxHealth>
			<Health>1000</Health>
			<HasGravity>true</HasGravity>
			<IsOnFire>false</IsOnFire>
			<IsInvincible>false</IsInvincible>
			<IsBulletProof>false</IsBulletProof>
			<IsCollisionProof>false</IsCollisionProof>
			<IsExplosionProof>false</IsExplosionProof>
			<IsFireProof>false</IsFireProof>
			<IsMeleeProof>false</IsMeleeProof>
			<IsOnlyDamagedByPlayer>false</IsOnlyDamagedByPlayer>
			<PositionRotation>
				<X>1742.72192</X>
				<Y>3266.79956</Y>
				<Z>41.4218254</Z>
				<Pitch>2.36985731</Pitch>
				<Roll>0.142233834</Roll>
				<Yaw>-179.22084</Yaw>
			</PositionRotation>
			<Attachment isAttached="true">
				<AttachedTo>381543</AttachedTo>
				<BoneIndex>0</BoneIndex>
				<X>-3.26333189</X>
				<Y>-6.10669327</Y>
				<Z>-1.6389451</Z>
				<Pitch>1.41845453</Pitch>
				<Roll>0.273303747</Roll>
				<Yaw>-92.5152283</Yaw>
			</Attachment>
		</Attachment>
		<Attachment>
			<ModelHash>0x8fe85331</ModelHash>
			<Type>3</Type>
			<Dynamic>false</Dynamic>
			<FrozenPos>true</FrozenPos>
			<HashName>prop_fnccorgm_03c</HashName>
			<InitialHandle>378223</InitialHandle>
			<ObjectProperties>
				<TextureVariation>0</TextureVariation>
			</ObjectProperties>
			<OpacityLevel>255</OpacityLevel>
			<LodDistance>16960</LodDistance>
			<IsVisible>true</IsVisible>
			<MaxHealth>1000</MaxHealth>
			<Health>1000</Health>
			<HasGravity>true</HasGravity>
			<IsOnFire>false</IsOnFire>
			<IsInvincible>false</IsInvincible>
			<IsBulletProof>false</IsBulletProof>
			<IsCollisionProof>false</IsCollisionProof>
			<IsExplosionProof>false</IsExplosionProof>
			<IsFireProof>false</IsFireProof>
			<IsMeleeProof>false</IsMeleeProof>
			<IsOnlyDamagedByPlayer>false</IsOnlyDamagedByPlayer>
			<PositionRotation>
				<X>1746.12012</X>
				<Y>3261.36426</Y>
				<Z>41.2227478</Z>
				<Pitch>-0.740894079</Pitch>
				<Roll>-0.151094332</Roll>
				<Yaw>-171.594299</Yaw>
			</PositionRotation>
			<Attachment isAttached="true">
				<AttachedTo>381543</AttachedTo>
				<BoneIndex>0</BoneIndex>
				<X>2.35407138</X>
				<Y>-3.02528572</Y>
				<Z>-1.92140031</Z>
				<Pitch>-1.66647494</Pitch>
				<Roll>0.105144598</Roll>
				<Yaw>-84.8789978</Yaw>
			</Attachment>
		</Attachment>
		<Attachment>
			<ModelHash>0x9303e1a6</ModelHash>
			<Type>3</Type>
			<Dynamic>false</Dynamic>
			<FrozenPos>true</FrozenPos>
			<HashName>prop_conc_sacks_02a</HashName>
			<InitialHandle>476018</InitialHandle>
			<ObjectProperties>
				<TextureVariation>0</TextureVariation>
			</ObjectProperties>
			<OpacityLevel>255</OpacityLevel>
			<LodDistance>16960</LodDistance>
			<IsVisible>true</IsVisible>
			<MaxHealth>1000</MaxHealth>
			<Health>1000</Health>
			<HasGravity>true</HasGravity>
			<IsOnFire>false</IsOnFire>
			<IsInvincible>false</IsInvincible>
			<IsBulletProof>false</IsBulletProof>
			<IsCollisionProof>false</IsCollisionProof>
			<IsExplosionProof>false</IsExplosionProof>
			<IsFireProof>false</IsFireProof>
			<IsMeleeProof>false</IsMeleeProof>
			<IsOnlyDamagedByPlayer>false</IsOnlyDamagedByPlayer>
			<PositionRotation>
				<X>1751.90564</X>
				<Y>3266.24829</Y>
				<Z>41.1320305</Z>
				<Pitch>2.26277447</Pitch>
				<Roll>0.731203258</Roll>
				<Yaw>144.469543</Yaw>
			</PositionRotation>
			<Attachment isAttached="true">
				<AttachedTo>381543</AttachedTo>
				<BoneIndex>0</BoneIndex>
				<X>-2.19067883</X>
				<Y>3.03111839</Y>
				<Z>-1.9189384</Z>
				<Pitch>1.41845453</Pitch>
				<Roll>0.273303747</Roll>
				<Yaw>-128.805817</Yaw>
			</Attachment>
		</Attachment>
		<Attachment>
			<ModelHash>0x9303e1a6</ModelHash>
			<Type>3</Type>
			<Dynamic>false</Dynamic>
			<FrozenPos>true</FrozenPos>
			<HashName>prop_conc_sacks_02a</HashName>
			<InitialHandle>563569</InitialHandle>
			<ObjectProperties>
				<TextureVariation>0</TextureVariation>
			</ObjectProperties>
			<OpacityLevel>255</OpacityLevel>
			<LodDistance>16960</LodDistance>
			<IsVisible>true</IsVisible>
			<MaxHealth>1000</MaxHealth>
			<Health>1000</Health>
			<HasGravity>true</HasGravity>
			<IsOnFire>false</IsOnFire>
			<IsInvincible>false</IsInvincible>
			<IsBulletProof>false</IsBulletProof>
			<IsCollisionProof>false</IsCollisionProof>
			<IsExplosionProof>false</IsExplosionProof>
			<IsFireProof>false</IsFireProof>
			<IsMeleeProof>false</IsMeleeProof>
			<IsOnlyDamagedByPlayer>false</IsOnlyDamagedByPlayer>
			<PositionRotation>
				<X>1740.47986</X>
				<Y>3265.88379</Y>
				<Z>41.0304451</Z>
				<Pitch>1.10006988</Pitch>
				<Roll>-0.632984161</Roll>
				<Yaw>-77.692276</Yaw>
			</PositionRotation>
			<Attachment isAttached="true">
				<AttachedTo>381543</AttachedTo>
				<BoneIndex>0</BoneIndex>
				<X>-2.48429275</X>
				<Y>-8.39647388</Y>
				<Z>-2.05012321</Z>
				<Pitch>1.41845453</Pitch>
				<Roll>0.273303747</Roll>
				<Yaw>8.99773884</Yaw>
			</Attachment>
		</Attachment>
		<Attachment>
			<ModelHash>0x9303e1a6</ModelHash>
			<Type>3</Type>
			<Dynamic>false</Dynamic>
			<FrozenPos>true</FrozenPos>
			<HashName>prop_conc_sacks_02a</HashName>
			<InitialHandle>5744</InitialHandle>
			<ObjectProperties>
				<TextureVariation>0</TextureVariation>
			</ObjectProperties>
			<OpacityLevel>255</OpacityLevel>
			<LodDistance>16960</LodDistance>
			<IsVisible>true</IsVisible>
			<MaxHealth>1000</MaxHealth>
			<Health>1000</Health>
			<HasGravity>true</HasGravity>
			<IsOnFire>false</IsOnFire>
			<IsInvincible>false</IsInvincible>
			<IsBulletProof>false</IsBulletProof>
			<IsCollisionProof>false</IsCollisionProof>
			<IsExplosionProof>false</IsExplosionProof>
			<IsFireProof>false</IsFireProof>
			<IsMeleeProof>false</IsMeleeProof>
			<IsOnlyDamagedByPlayer>false</IsOnlyDamagedByPlayer>
			<PositionRotation>
				<X>1740.44275</X>
				<Y>3261.76904</Y>
				<Z>41.1884232</Z>
				<Pitch>1.5937835</Pitch>
				<Roll>-0.671261966</Roll>
				<Yaw>-107.569221</Yaw>
			</PositionRotation>
			<Attachment isAttached="true">
				<AttachedTo>381543</AttachedTo>
				<BoneIndex>0</BoneIndex>
				<X>1.62366474</X>
				<Y>-8.67001724</Y>
				<Z>-1.96069062</Z>
				<Pitch>1.41845453</Pitch>
				<Roll>0.273303747</Roll>
				<Yaw>-20.884119</Yaw>
			</Attachment>
		</Attachment>
		<Attachment>
			<ModelHash>0x9303e1a6</ModelHash>
			<Type>3</Type>
			<Dynamic>false</Dynamic>
			<FrozenPos>true</FrozenPos>
			<HashName>prop_conc_sacks_02a</HashName>
			<InitialHandle>218736</InitialHandle>
			<ObjectProperties>
				<TextureVariation>0</TextureVariation>
			</ObjectProperties>
			<OpacityLevel>255</OpacityLevel>
			<LodDistance>16960</LodDistance>
			<IsVisible>true</IsVisible>
			<MaxHealth>1000</MaxHealth>
			<Health>1000</Health>
			<HasGravity>true</HasGravity>
			<IsOnFire>false</IsOnFire>
			<IsInvincible>false</IsInvincible>
			<IsBulletProof>false</IsBulletProof>
			<IsCollisionProof>false</IsCollisionProof>
			<IsExplosionProof>false</IsExplosionProof>
			<IsFireProof>false</IsFireProof>
			<IsMeleeProof>false</IsMeleeProof>
			<IsOnlyDamagedByPlayer>false</IsOnlyDamagedByPlayer>
			<PositionRotation>
				<X>1742.0625</X>
				<Y>3265.17896</Y>
				<Z>41.1161995</Z>
				<Pitch>1.59164429</Pitch>
				<Roll>2.11664486</Roll>
				<Yaw>2.28553414</Yaw>
			</PositionRotation>
			<Attachment isAttached="true">
				<AttachedTo>381543</AttachedTo>
				<BoneIndex>0</BoneIndex>
				<X>-1.68846726</X>
				<Y>-6.85707092</Y>
				<Z>-1.97284508</Z>
				<Pitch>2.53926134</Pitch>
				<Roll>1.96049774</Roll>
				<Yaw>89.001091</Yaw>
			</Attachment>
		</Attachment>
		<Attachment>
			<ModelHash>0x9303e1a6</ModelHash>
			<Type>3</Type>
			<Dynamic>false</Dynamic>
			<FrozenPos>true</FrozenPos>
			<HashName>prop_conc_sacks_02a</HashName>
			<InitialHandle>207476</InitialHandle>
			<ObjectProperties>
				<TextureVariation>0</TextureVariation>
			</ObjectProperties>
			<OpacityLevel>255</OpacityLevel>
			<LodDistance>16960</LodDistance>
			<IsVisible>true</IsVisible>
			<MaxHealth>1000</MaxHealth>
			<Health>1000</Health>
			<HasGravity>true</HasGravity>
			<IsOnFire>false</IsOnFire>
			<IsInvincible>false</IsInvincible>
			<IsBulletProof>false</IsBulletProof>
			<IsCollisionProof>false</IsCollisionProof>
			<IsExplosionProof>false</IsExplosionProof>
			<IsFireProof>false</IsFireProof>
			<IsMeleeProof>false</IsMeleeProof>
			<IsOnlyDamagedByPlayer>false</IsOnlyDamagedByPlayer>
			<PositionRotation>
				<X>1742.11108</X>
				<Y>3262.59888</Y>
				<Z>41.2259521</Z>
				<Pitch>0.474978954</Pitch>
				<Roll>0.452722847</Roll>
				<Yaw>3.70163798</Yaw>
			</PositionRotation>
			<Attachment isAttached="true">
				<AttachedTo>381543</AttachedTo>
				<BoneIndex>0</BoneIndex>
				<X>0.891494513</X>
				<Y>-6.95693111</Y>
				<Z>-1.90592182</Z>
				<Pitch>1.41845453</Pitch>
				<Roll>0.273303747</Roll>
				<Yaw>90.4145508</Yaw>
			</Attachment>
		</Attachment>
		<Attachment>
			<ModelHash>0x7e968316</ModelHash>
			<Type>3</Type>
			<Dynamic>false</Dynamic>
			<FrozenPos>true</FrozenPos>
			<HashName>hei_prop_hei_ammo_pile_02</HashName>
			<InitialHandle>471413</InitialHandle>
			<ObjectProperties>
				<TextureVariation>0</TextureVariation>
			</ObjectProperties>
			<OpacityLevel>255</OpacityLevel>
			<LodDistance>16960</LodDistance>
			<IsVisible>true</IsVisible>
			<MaxHealth>1000</MaxHealth>
			<Health>1000</Health>
			<HasGravity>true</HasGravity>
			<IsOnFire>false</IsOnFire>
			<IsInvincible>false</IsInvincible>
			<IsBulletProof>false</IsBulletProof>
			<IsCollisionProof>false</IsCollisionProof>
			<IsExplosionProof>false</IsExplosionProof>
			<IsFireProof>false</IsFireProof>
			<IsMeleeProof>false</IsMeleeProof>
			<IsOnlyDamagedByPlayer>false</IsOnlyDamagedByPlayer>
			<PositionRotation>
				<X>1748.81445</X>
				<Y>3263.64478</Y>
				<Z>41.3376579</Z>
				<Pitch>1.5232842</Pitch>
				<Roll>-0.967118979</Roll>
				<Yaw>-98.2910919</Yaw>
			</PositionRotation>
			<Attachment isAttached="true">
				<AttachedTo>381543</AttachedTo>
				<BoneIndex>0</BoneIndex>
				<X>0.234185442</X>
				<Y>-0.205003813</Y>
				<Z>-1.76301992</Z>
				<Pitch>1.50248528</Pitch>
				<Roll>-0.00663077831</Roll>
				<Yaw>-11.6065216</Yaw>
			</Attachment>
		</Attachment>
		<Attachment>
			<ModelHash>0x7e968316</ModelHash>
			<Type>3</Type>
			<Dynamic>false</Dynamic>
			<FrozenPos>true</FrozenPos>
			<HashName>hei_prop_hei_ammo_pile_02</HashName>
			<InitialHandle>200054</InitialHandle>
			<ObjectProperties>
				<TextureVariation>0</TextureVariation>
			</ObjectProperties>
			<OpacityLevel>255</OpacityLevel>
			<LodDistance>16960</LodDistance>
			<IsVisible>true</IsVisible>
			<MaxHealth>1000</MaxHealth>
			<Health>1000</Health>
			<HasGravity>true</HasGravity>
			<IsOnFire>false</IsOnFire>
			<IsInvincible>false</IsInvincible>
			<IsBulletProof>false</IsBulletProof>
			<IsCollisionProof>false</IsCollisionProof>
			<IsExplosionProof>false</IsExplosionProof>
			<IsFireProof>false</IsFireProof>
			<IsMeleeProof>false</IsMeleeProof>
			<IsOnlyDamagedByPlayer>false</IsOnlyDamagedByPlayer>
			<PositionRotation>
				<X>1748.74438</X>
				<Y>3263.64844</Y>
				<Z>41.7164078</Z>
				<Pitch>1.53245533</Pitch>
				<Roll>-0.975036442</Roll>
				<Yaw>-98.6373215</Yaw>
			</PositionRotation>
			<Attachment isAttached="true">
				<AttachedTo>381543</AttachedTo>
				<BoneIndex>0</BoneIndex>
				<X>0.232694849</X>
				<Y>-0.275847286</Y>
				<Z>-1.38440466</Z>
				<Pitch>1.50585377</Pitch>
				<Roll>-0.01468876</Roll>
				<Yaw>-11.9528513</Yaw>
			</Attachment>
		</Attachment>
		<Attachment>
			<ModelHash>0x7da33acb</ModelHash>
			<Type>3</Type>
			<Dynamic>false</Dynamic>
			<FrozenPos>true</FrozenPos>
			<HashName>prop_box_ammo03a_set2</HashName>
			<InitialHandle>562548</InitialHandle>
			<ObjectProperties>
				<TextureVariation>0</TextureVariation>
			</ObjectProperties>
			<OpacityLevel>255</OpacityLevel>
			<LodDistance>16960</LodDistance>
			<IsVisible>true</IsVisible>
			<MaxHealth>1000</MaxHealth>
			<Health>1000</Health>
			<HasGravity>true</HasGravity>
			<IsOnFire>false</IsOnFire>
			<IsInvincible>false</IsInvincible>
			<IsBulletProof>false</IsBulletProof>
			<IsCollisionProof>false</IsCollisionProof>
			<IsExplosionProof>false</IsExplosionProof>
			<IsFireProof>false</IsFireProof>
			<IsMeleeProof>false</IsMeleeProof>
			<IsOnlyDamagedByPlayer>false</IsOnlyDamagedByPlayer>
			<PositionRotation>
				<X>1747.77905</X>
				<Y>3265.34668</Y>
				<Z>41.5681458</Z>
				<Pitch>1.1387006</Pitch>
				<Roll>-0.645656288</Roll>
				<Yaw>-80.1174545</Yaw>
			</PositionRotation>
			<Attachment isAttached="true">
				<AttachedTo>381543</AttachedTo>
				<BoneIndex>0</BoneIndex>
				<X>-1.52026951</X>
				<Y>-1.14172769</Y>
				<Z>-1.50638986</Z>
				<Pitch>1.41845453</Pitch>
				<Roll>0.273303747</Roll>
				<Yaw>6.57197666</Yaw>
			</Attachment>
		</Attachment>
		<Attachment>
			<ModelHash>0x7da33acb</ModelHash>
			<Type>3</Type>
			<Dynamic>false</Dynamic>
			<FrozenPos>true</FrozenPos>
			<HashName>prop_box_ammo03a_set2</HashName>
			<InitialHandle>296774</InitialHandle>
			<ObjectProperties>
				<TextureVariation>0</TextureVariation>
			</ObjectProperties>
			<OpacityLevel>255</OpacityLevel>
			<LodDistance>16960</LodDistance>
			<IsVisible>true</IsVisible>
			<MaxHealth>1000</MaxHealth>
			<Health>1000</Health>
			<HasGravity>true</HasGravity>
			<IsOnFire>false</IsOnFire>
			<IsInvincible>false</IsInvincible>
			<IsBulletProof>false</IsBulletProof>
			<IsCollisionProof>false</IsCollisionProof>
			<IsExplosionProof>false</IsExplosionProof>
			<IsFireProof>false</IsFireProof>
			<IsMeleeProof>false</IsMeleeProof>
			<IsOnlyDamagedByPlayer>false</IsOnlyDamagedByPlayer>
			<PositionRotation>
				<X>1747.72742</X>
				<Y>3265.30786</Y>
				<Z>42.4556694</Z>
				<Pitch>1.1582036</Pitch>
				<Roll>-0.651375115</Roll>
				<Yaw>-81.3297729</Yaw>
			</PositionRotation>
			<Attachment isAttached="true">
				<AttachedTo>381543</AttachedTo>
				<BoneIndex>0</BoneIndex>
				<X>-1.4697473</X>
				<Y>-1.19814587</Y>
				<Z>-0.619744837</Z>
				<Pitch>1.41845453</Pitch>
				<Roll>0.273303747</Roll>
				<Yaw>5.35937643</Yaw>
			</Attachment>
		</Attachment>
		<Attachment>
			<ModelHash>0xe9e2ec92</ModelHash>
			<Type>3</Type>
			<Dynamic>false</Dynamic>
			<FrozenPos>true</FrozenPos>
			<HashName>prop_box_ammo04a</HashName>
			<InitialHandle>252792</InitialHandle>
			<ObjectProperties>
				<TextureVariation>0</TextureVariation>
			</ObjectProperties>
			<OpacityLevel>255</OpacityLevel>
			<LodDistance>16960</LodDistance>
			<IsVisible>true</IsVisible>
			<MaxHealth>1000</MaxHealth>
			<Health>1000</Health>
			<HasGravity>true</HasGravity>
			<IsOnFire>false</IsOnFire>
			<IsInvincible>false</IsInvincible>
			<IsBulletProof>false</IsBulletProof>
			<IsCollisionProof>false</IsCollisionProof>
			<IsExplosionProof>false</IsExplosionProof>
			<IsFireProof>false</IsFireProof>
			<IsMeleeProof>false</IsMeleeProof>
			<IsOnlyDamagedByPlayer>false</IsOnlyDamagedByPlayer>
			<PositionRotation>
				<X>1747.79614</X>
				<Y>3263.8252</Y>
				<Z>41.1541595</Z>
				<Pitch>1.20037663</Pitch>
				<Roll>-0.662232399</Roll>
				<Yaw>-83.9275513</Yaw>
			</PositionRotation>
			<Attachment isAttached="true">
				<AttachedTo>381543</AttachedTo>
				<BoneIndex>0</BoneIndex>
				<X>-0.00726815499</X>
				<Y>-1.21072125</Y>
				<Z>-1.94559371</Z>
				<Pitch>1.41845453</Pitch>
				<Roll>0.273303747</Roll>
				<Yaw>2.76100445</Yaw>
			</Attachment>
		</Attachment>
		<Attachment>
			<ModelHash>0xe9e2ec92</ModelHash>
			<Type>3</Type>
			<Dynamic>false</Dynamic>
			<FrozenPos>true</FrozenPos>
			<HashName>prop_box_ammo04a</HashName>
			<InitialHandle>693110</InitialHandle>
			<ObjectProperties>
				<TextureVariation>0</TextureVariation>
			</ObjectProperties>
			<OpacityLevel>255</OpacityLevel>
			<LodDistance>16960</LodDistance>
			<IsVisible>true</IsVisible>
			<MaxHealth>1000</MaxHealth>
			<Health>1000</Health>
			<HasGravity>true</HasGravity>
			<IsOnFire>false</IsOnFire>
			<IsInvincible>false</IsInvincible>
			<IsBulletProof>false</IsBulletProof>
			<IsCollisionProof>false</IsCollisionProof>
			<IsExplosionProof>false</IsExplosionProof>
			<IsFireProof>false</IsFireProof>
			<IsMeleeProof>false</IsMeleeProof>
			<IsOnlyDamagedByPlayer>false</IsOnlyDamagedByPlayer>
			<PositionRotation>
				<X>1747.77002</X>
				<Y>3263.84229</Y>
				<Z>41.7623672</Z>
				<Pitch>1.19190359</Pitch>
				<Roll>-0.660214126</Roll>
				<Yaw>-83.4079895</Yaw>
			</PositionRotation>
			<Attachment isAttached="true">
				<AttachedTo>381543</AttachedTo>
				<BoneIndex>0</BoneIndex>
				<X>-0.0158569552</X>
				<Y>-1.23763573</Y>
				<Z>-1.33723795</Z>
				<Pitch>1.41845453</Pitch>
				<Roll>0.273303747</Roll>
				<Yaw>3.28067636</Yaw>
			</Attachment>
		</Attachment>
		<Attachment>
			<ModelHash>0x5e2d1d2c</ModelHash>
			<Type>3</Type>
			<Dynamic>false</Dynamic>
			<FrozenPos>true</FrozenPos>
			<HashName>prop_box_ammo07a</HashName>
			<InitialHandle>199799</InitialHandle>
			<ObjectProperties>
				<TextureVariation>0</TextureVariation>
			</ObjectProperties>
			<OpacityLevel>255</OpacityLevel>
			<LodDistance>16960</LodDistance>
			<IsVisible>true</IsVisible>
			<MaxHealth>1000</MaxHealth>
			<Health>1000</Health>
			<HasGravity>true</HasGravity>
			<IsOnFire>false</IsOnFire>
			<IsInvincible>false</IsInvincible>
			<IsBulletProof>false</IsBulletProof>
			<IsCollisionProof>false</IsCollisionProof>
			<IsExplosionProof>false</IsExplosionProof>
			<IsFireProof>false</IsFireProof>
			<IsMeleeProof>false</IsMeleeProof>
			<IsOnlyDamagedByPlayer>false</IsOnlyDamagedByPlayer>
			<PositionRotation>
				<X>1748.69067</X>
				<Y>3263.82715</Y>
				<Z>41.9036179</Z>
				<Pitch>2.05844259</Pitch>
				<Roll>-0.443090528</Roll>
				<Yaw>-138.840439</Yaw>
			</PositionRotation>
			<Attachment isAttached="true">
				<AttachedTo>381543</AttachedTo>
				<BoneIndex>0</BoneIndex>
				<X>0.0545276068</X>
				<Y>-0.31979689</Y>
				<Z>-1.19436252</Z>
				<Pitch>1.41845453</Pitch>
				<Roll>0.273303747</Roll>
				<Yaw>-52.1522484</Yaw>
			</Attachment>
		</Attachment>
		<Attachment>
			<ModelHash>0x07e253d2</ModelHash>
			<Type>3</Type>
			<Dynamic>false</Dynamic>
			<FrozenPos>true</FrozenPos>
			<HashName>prop_gun_frame</HashName>
			<InitialHandle>696695</InitialHandle>
			<ObjectProperties>
				<TextureVariation>0</TextureVariation>
			</ObjectProperties>
			<OpacityLevel>255</OpacityLevel>
			<LodDistance>16960</LodDistance>
			<IsVisible>true</IsVisible>
			<MaxHealth>1000</MaxHealth>
			<Health>1000</Health>
			<HasGravity>true</HasGravity>
			<IsOnFire>false</IsOnFire>
			<IsInvincible>false</IsInvincible>
			<IsBulletProof>false</IsBulletProof>
			<IsCollisionProof>false</IsCollisionProof>
			<IsExplosionProof>false</IsExplosionProof>
			<IsFireProof>false</IsFireProof>
			<IsMeleeProof>false</IsMeleeProof>
			<IsOnlyDamagedByPlayer>false</IsOnlyDamagedByPlayer>
			<PositionRotation>
				<X>1748.73999</X>
				<Y>3262.64526</Y>
				<Z>41.7447777</Z>
				<Pitch>2.35206866</Pitch>
				<Roll>0.0480300672</Roll>
				<Yaw>-173.500336</Yaw>
			</PositionRotation>
			<Attachment isAttached="true">
				<AttachedTo>381543</AttachedTo>
				<BoneIndex>0</BoneIndex>
				<X>1.234483</X>
				<Y>-0.33791256</Y>
				<Z>-1.37273955</Z>
				<Pitch>1.41845453</Pitch>
				<Roll>0.273303747</Roll>
				<Yaw>-86.797821</Yaw>
			</Attachment>
		</Attachment>
		<Attachment>
			<ModelHash>0xb7dd5fd1</ModelHash>
			<Type>3</Type>
			<Dynamic>false</Dynamic>
			<FrozenPos>true</FrozenPos>
			<HashName>p_rcss_folded</HashName>
			<InitialHandle>660856</InitialHandle>
			<ObjectProperties>
				<TextureVariation>0</TextureVariation>
			</ObjectProperties>
			<OpacityLevel>255</OpacityLevel>
			<LodDistance>16960</LodDistance>
			<IsVisible>true</IsVisible>
			<MaxHealth>1000</MaxHealth>
			<Health>1000</Health>
			<HasGravity>true</HasGravity>
			<IsOnFire>false</IsOnFire>
			<IsInvincible>false</IsInvincible>
			<IsBulletProof>false</IsBulletProof>
			<IsCollisionProof>false</IsCollisionProof>
			<IsExplosionProof>false</IsExplosionProof>
			<IsFireProof>false</IsFireProof>
			<IsMeleeProof>false</IsMeleeProof>
			<IsOnlyDamagedByPlayer>false</IsOnlyDamagedByPlayer>
			<PositionRotation>
				<X>1741.10986</X>
				<Y>3262.43359</Y>
				<Z>41.9444237</Z>
				<Pitch>1.15400004</Pitch>
				<Roll>-0.650180221</Roll>
				<Yaw>-81.0690918</Yaw>
			</PositionRotation>
			<Attachment isAttached="true">
				<AttachedTo>381543</AttachedTo>
				<BoneIndex>0</BoneIndex>
				<X>1.01086688</X>
				<Y>-7.96811771</Y>
				<Z>-1.19236159</Z>
				<Pitch>1.41845453</Pitch>
				<Roll>0.273303747</Roll>
				<Yaw>5.6201129</Yaw>
			</Attachment>
		</Attachment>
		<Attachment>
			<ModelHash>0xb1b2b66b</ModelHash>
			<Type>3</Type>
			<Dynamic>false</Dynamic>
			<FrozenPos>true</FrozenPos>
			<HashName>prop_military_pickup_01</HashName>
			<InitialHandle>536857</InitialHandle>
			<ObjectProperties>
				<TextureVariation>0</TextureVariation>
			</ObjectProperties>
			<PtfxLopAsset>scr_trevor1</PtfxLopAsset>
			<PtfxLopEffect>scr_trev1_trailer_boosh</PtfxLopEffect>
			<OpacityLevel>255</OpacityLevel>
			<LodDistance>16960</LodDistance>
			<IsVisible>true</IsVisible>
			<MaxHealth>1000</MaxHealth>
			<Health>0</Health>
			<HasGravity>true</HasGravity>
			<IsOnFire>false</IsOnFire>
			<IsInvincible>false</IsInvincible>
			<IsBulletProof>false</IsBulletProof>
			<IsCollisionProof>false</IsCollisionProof>
			<IsExplosionProof>false</IsExplosionProof>
			<IsFireProof>false</IsFireProof>
			<IsMeleeProof>false</IsMeleeProof>
			<IsOnlyDamagedByPlayer>false</IsOnlyDamagedByPlayer>
			<PositionRotation>
				<X>1742.63379</X>
				<Y>3264.71167</Y>
				<Z>45.1902161</Z>
				<Pitch>2.00254869</Pitch>
				<Roll>51.0359688</Roll>
				<Yaw>120.383911</Yaw>
			</PositionRotation>
			<Attachment isAttached="true">
				<AttachedTo>381543</AttachedTo>
				<BoneIndex>0</BoneIndex>
				<X>-1.12210107</X>
				<Y>-6.32577658</Y>
				<Z>2.09400702</Z>
				<Pitch>1.41845453</Pitch>
				<Roll>50.2733002</Roll>
				<Yaw>-152.883392</Yaw>
			</Attachment>
		</Attachment>
		<Attachment>
			<ModelHash>0xb1b2b66b</ModelHash>
			<Type>3</Type>
			<Dynamic>false</Dynamic>
			<FrozenPos>true</FrozenPos>
			<HashName>prop_military_pickup_01</HashName>
			<InitialHandle>41338</InitialHandle>
			<ObjectProperties>
				<TextureVariation>0</TextureVariation>
			</ObjectProperties>
			<PtfxLopAsset>scr_trevor1</PtfxLopAsset>
			<PtfxLopEffect>scr_trev1_trailer_boosh</PtfxLopEffect>
			<OpacityLevel>255</OpacityLevel>
			<LodDistance>16960</LodDistance>
			<IsVisible>true</IsVisible>
			<MaxHealth>1000</MaxHealth>
			<Health>0</Health>
			<HasGravity>true</HasGravity>
			<IsOnFire>false</IsOnFire>
			<IsInvincible>false</IsInvincible>
			<IsBulletProof>false</IsBulletProof>
			<IsCollisionProof>false</IsCollisionProof>
			<IsExplosionProof>false</IsExplosionProof>
			<IsFireProof>false</IsFireProof>
			<IsMeleeProof>false</IsMeleeProof>
			<IsOnlyDamagedByPlayer>false</IsOnlyDamagedByPlayer>
			<PositionRotation>
				<X>1743.0907</X>
				<Y>3262.38843</Y>
				<Z>45.1402283</Z>
				<Pitch>1.77771723</Pitch>
				<Roll>39.3822937</Roll>
				<Yaw>-119.017776</Yaw>
			</PositionRotation>
			<Attachment isAttached="true">
				<AttachedTo>381543</AttachedTo>
				<BoneIndex>0</BoneIndex>
				<X>1.22238183</X>
				<Y>-6.00285053</Y>
				<Z>2.00632429</Z>
				<Pitch>1.41845369</Pitch>
				<Roll>40.273304</Roll>
				<Yaw>-32.332695</Yaw>
			</Attachment>
		</Attachment>
	</SpoonerAttachments>
</Vehicle>
