<?xml version="1.0" encoding="ISO-8859-1"?>
<Vehicle menyoo_ver="0.999876778b">
	<ModelHash>0x50d4d19f</ModelHash>
	<InitialHandle>451331</InitialHandle>
	<VehicleProperties>
		<Colours>
			<Primary>154</Primary>
			<Secondary>154</Secondary>
			<Pearl>0</Pearl>
			<Rim>156</Rim>
			<Mod1_a>6</Mod1_a>
			<Mod1_b>-1</Mod1_b>
			<Mod1_c>-1</Mod1_c>
			<Mod2_a>6</Mod2_a>
			<Mod2_b>-1</Mod2_b>
			<IsPrimaryColourCustom>false</IsPrimaryColourCustom>
			<IsSecondaryColourCustom>false</IsSecondaryColourCustom>
			<tyreSmoke_R>255</tyreSmoke_R>
			<tyreSmoke_G>255</tyreSmoke_G>
			<tyreSmoke_B>255</tyreSmoke_B>
			<LrInterior>0</LrInterior>
			<LrDashboard>0</LrDashboard>
		</Colours>
		<Livery>-1</Livery>
		<NumberPlateText>69URI303</NumberPlateText>
		<NumberPlateIndex>0</NumberPlateIndex>
		<WheelType>4</WheelType>
		<WheelsInvisible>false</WheelsInvisible>
		<EngineSoundName></EngineSoundName>
		<WindowTint>-1</WindowTint>
		<BulletProofTyres>false</BulletProofTyres>
		<DirtLevel>6.44144821</DirtLevel>
		<PaintFade>0.298039228</PaintFade>
		<RoofState>0</RoofState>
		<SirenActive>false</SirenActive>
		<EngineOn>true</EngineOn>
		<EngineHealth>1000</EngineHealth>
		<LightsOn>false</LightsOn>
		<IsRadioLoud>1</IsRadioLoud>
		<LockStatus>1</LockStatus>
		<Neons>
			<Left>false</Left>
			<Right>false</Right>
			<Front>false</Front>
			<Back>false</Back>
			<R>255</R>
			<G>0</G>
			<B>255</B>
		</Neons>
		<ModExtras />
		<Mods>
			<_0>-1,0</_0>
			<_1>-1,0</_1>
			<_2>-1,0</_2>
			<_3>-1,0</_3>
			<_4>-1,0</_4>
			<_5>2,0</_5>
			<_6>4,0</_6>
			<_7>-1,0</_7>
			<_8>-1,0</_8>
			<_9>0,0</_9>
			<_10>-1,0</_10>
			<_11>3,0</_11>
			<_12>2,0</_12>
			<_13>3,0</_13>
			<_14>0,0</_14>
			<_15>-1,0</_15>
			<_16>4,0</_16>
			<_17>false</_17>
			<_18>true</_18>
			<_19>false</_19>
			<_20>true</_20>
			<_21>false</_21>
			<_22>false</_22>
			<_23>4,1</_23>
			<_24>-1,0</_24>
			<_25>-1,0</_25>
			<_26>-1,0</_26>
			<_27>-1,0</_27>
			<_28>-1,0</_28>
			<_29>-1,0</_29>
			<_30>-1,0</_30>
			<_31>-1,0</_31>
			<_32>-1,0</_32>
			<_33>-1,0</_33>
			<_34>-1,0</_34>
			<_35>-1,0</_35>
			<_36>-1,0</_36>
			<_37>-1,0</_37>
			<_38>-1,0</_38>
			<_39>-1,0</_39>
			<_40>-1,0</_40>
			<_41>-1,0</_41>
			<_42>-1,0</_42>
			<_43>-1,0</_43>
			<_44>-1,0</_44>
			<_45>-1,0</_45>
			<_46>-1,0</_46>
			<_47>-1,0</_47>
			<_48>-1,0</_48>
		</Mods>
		<DoorsOpen>
			<BackLeftDoor>false</BackLeftDoor>
			<BackRightDoor>false</BackRightDoor>
			<FrontLeftDoor>false</FrontLeftDoor>
			<FrontRightDoor>false</FrontRightDoor>
			<Hood>false</Hood>
			<Trunk>false</Trunk>
			<Trunk2>false</Trunk2>
		</DoorsOpen>
		<DoorsBroken>
			<BackLeftDoor>false</BackLeftDoor>
			<BackRightDoor>false</BackRightDoor>
			<FrontLeftDoor>false</FrontLeftDoor>
			<FrontRightDoor>false</FrontRightDoor>
			<Hood>false</Hood>
			<Trunk>false</Trunk>
			<Trunk2>false</Trunk2>
		</DoorsBroken>
		<TyresBursted>
			<FrontLeft>false</FrontLeft>
			<FrontRight>false</FrontRight>
			<_2>false</_2>
			<_3>false</_3>
			<BackLeft>false</BackLeft>
			<BackRight>false</BackRight>
			<_6>false</_6>
			<_7>false</_7>
			<_8>false</_8>
		</TyresBursted>
		<RpmMultiplier>1</RpmMultiplier>
		<TorqueMultiplier>1</TorqueMultiplier>
		<HeadlightIntensity>1</HeadlightIntensity>
	</VehicleProperties>
	<OpacityLevel>255</OpacityLevel>
	<LodDistance>16960</LodDistance>
	<IsVisible>true</IsVisible>
	<IsDriverVisible>true</IsDriverVisible>
	<MaxHealth>1000</MaxHealth>
	<Health>999</Health>
	<HasGravity>true</HasGravity>
	<IsOnFire>false</IsOnFire>
	<IsInvincible>false</IsInvincible>
	<IsBulletProof>false</IsBulletProof>
	<IsExplosionProof>false</IsExplosionProof>
	<IsFireProof>false</IsFireProof>
	<IsMeleeProof>false</IsMeleeProof>
	<IsOnlyDamagedByPlayer>false</IsOnlyDamagedByPlayer>
	<SpoonerAttachments SetAttachmentsPersistentAndAddToSpoonerDatabase="false" StartTaskSequencesOnLoad="true">
		<Attachment>
			<ModelHash>0x9637ba84</ModelHash>
			<Type>3</Type>
			<Dynamic>false</Dynamic>
			<FrozenPos>true</FrozenPos>
			<HashName>bkr_prop_gunlocker_ammo_01a</HashName>
			<InitialHandle>261638</InitialHandle>
			<ObjectProperties>
				<TextureVariation>0</TextureVariation>
			</ObjectProperties>
			<OpacityLevel>255</OpacityLevel>
			<LodDistance>16960</LodDistance>
			<IsVisible>true</IsVisible>
			<MaxHealth>1000</MaxHealth>
			<Health>1000</Health>
			<HasGravity>true</HasGravity>
			<IsOnFire>false</IsOnFire>
			<IsInvincible>false</IsInvincible>
			<IsBulletProof>false</IsBulletProof>
			<IsCollisionProof>false</IsCollisionProof>
			<IsExplosionProof>false</IsExplosionProof>
			<IsFireProof>false</IsFireProof>
			<IsMeleeProof>false</IsMeleeProof>
			<IsOnlyDamagedByPlayer>false</IsOnlyDamagedByPlayer>
			<PositionRotation>
				<X>1559.88904</X>
				<Y>3208.43652</Y>
				<Z>40.6281395</Z>
				<Pitch>0.0280652661</Pitch>
				<Roll>-0.00853151735</Roll>
				<Yaw>92.412941</Yaw>
			</PositionRotation>
			<Attachment isAttached="true">
				<AttachedTo>451331</AttachedTo>
				<BoneIndex>0</BoneIndex>
				<X>0.101964548</X>
				<Y>-0.718488693</Y>
				<Z>0.644360483</Z>
				<Pitch>-0.163673982</Pitch>
				<Roll>0.018227173</Roll>
				<Yaw>0.0877799988</Yaw>
			</Attachment>
		</Attachment>
		<Attachment>
			<ModelHash>0x541d62e0</ModelHash>
			<Type>3</Type>
			<Dynamic>false</Dynamic>
			<FrozenPos>true</FrozenPos>
			<HashName>bkr_prop_meth_ammonia</HashName>
			<InitialHandle>165895</InitialHandle>
			<ObjectProperties>
				<TextureVariation>0</TextureVariation>
			</ObjectProperties>
			<OpacityLevel>255</OpacityLevel>
			<LodDistance>16960</LodDistance>
			<IsVisible>true</IsVisible>
			<MaxHealth>1000</MaxHealth>
			<Health>1000</Health>
			<HasGravity>true</HasGravity>
			<IsOnFire>false</IsOnFire>
			<IsInvincible>false</IsInvincible>
			<IsBulletProof>false</IsBulletProof>
			<IsCollisionProof>false</IsCollisionProof>
			<IsExplosionProof>false</IsExplosionProof>
			<IsFireProof>false</IsFireProof>
			<IsMeleeProof>false</IsMeleeProof>
			<IsOnlyDamagedByPlayer>false</IsOnlyDamagedByPlayer>
			<PositionRotation>
				<X>1559.91785</X>
				<Y>3207.80444</Y>
				<Z>40.489399</Z>
				<Pitch>0.0299197063</Pitch>
				<Roll>0.0194253512</Roll>
				<Yaw>84.1135941</Yaw>
			</PositionRotation>
			<Attachment isAttached="true">
				<AttachedTo>451331</AttachedTo>
				<BoneIndex>0</BoneIndex>
				<X>-0.530679584</X>
				<Y>-0.722112</Y>
				<Z>0.505922556</Z>
				<Pitch>-0.163673982</Pitch>
				<Roll>0.018227173</Roll>
				<Yaw>-8.21159744</Yaw>
			</Attachment>
		</Attachment>
		<Attachment>
			<ModelHash>0x0b5daaec</ModelHash>
			<Type>3</Type>
			<Dynamic>false</Dynamic>
			<FrozenPos>true</FrozenPos>
			<HashName>prop_ld_ammo_pack_01</HashName>
			<InitialHandle>777</InitialHandle>
			<ObjectProperties>
				<TextureVariation>0</TextureVariation>
			</ObjectProperties>
			<OpacityLevel>255</OpacityLevel>
			<LodDistance>16960</LodDistance>
			<IsVisible>true</IsVisible>
			<MaxHealth>1000</MaxHealth>
			<Health>1000</Health>
			<HasGravity>true</HasGravity>
			<IsOnFire>false</IsOnFire>
			<IsInvincible>false</IsInvincible>
			<IsBulletProof>false</IsBulletProof>
			<IsCollisionProof>false</IsCollisionProof>
			<IsExplosionProof>false</IsExplosionProof>
			<IsFireProof>false</IsFireProof>
			<IsMeleeProof>false</IsMeleeProof>
			<IsOnlyDamagedByPlayer>false</IsOnlyDamagedByPlayer>
			<PositionRotation>
				<X>1560.99902</X>
				<Y>3209.05029</Y>
				<Z>40.5316124</Z>
				<Pitch>-0.136832029</Pitch>
				<Roll>0.209955394</Roll>
				<Yaw>2.43808603</Yaw>
			</PositionRotation>
			<Attachment isAttached="true">
				<AttachedTo>451331</AttachedTo>
				<BoneIndex>0</BoneIndex>
				<X>0.670192778</X>
				<Y>-1.8527962</Y>
				<Z>0.551365554</Z>
				<Pitch>-0.163673982</Pitch>
				<Roll>0.018227173</Roll>
				<Yaw>-89.8876038</Yaw>
			</Attachment>
		</Attachment>
		<Attachment>
			<ModelHash>0x0b5daaec</ModelHash>
			<Type>3</Type>
			<Dynamic>false</Dynamic>
			<FrozenPos>true</FrozenPos>
			<HashName>prop_ld_ammo_pack_01</HashName>
			<InitialHandle>135177</InitialHandle>
			<ObjectProperties>
				<TextureVariation>0</TextureVariation>
			</ObjectProperties>
			<OpacityLevel>255</OpacityLevel>
			<LodDistance>16960</LodDistance>
			<IsVisible>true</IsVisible>
			<MaxHealth>1000</MaxHealth>
			<Health>1000</Health>
			<HasGravity>true</HasGravity>
			<IsOnFire>false</IsOnFire>
			<IsInvincible>false</IsInvincible>
			<IsBulletProof>false</IsBulletProof>
			<IsCollisionProof>false</IsCollisionProof>
			<IsExplosionProof>false</IsExplosionProof>
			<IsFireProof>false</IsFireProof>
			<IsMeleeProof>false</IsMeleeProof>
			<IsOnlyDamagedByPlayer>false</IsOnlyDamagedByPlayer>
			<PositionRotation>
				<X>1560.9967</X>
				<Y>3209.04712</Y>
				<Z>40.6224556</Z>
				<Pitch>-0.136252031</Pitch>
				<Roll>0.209873348</Roll>
				<Yaw>2.6114471</Yaw>
			</PositionRotation>
			<Attachment isAttached="true">
				<AttachedTo>451331</AttachedTo>
				<BoneIndex>0</BoneIndex>
				<X>0.667148709</X>
				<Y>-1.8500973</Y>
				<Z>0.642202377</Z>
				<Pitch>-0.163673982</Pitch>
				<Roll>0.018227173</Roll>
				<Yaw>-89.7142487</Yaw>
			</Attachment>
		</Attachment>
		<Attachment>
			<ModelHash>0x5cfbce2b</ModelHash>
			<Type>3</Type>
			<Dynamic>false</Dynamic>
			<FrozenPos>true</FrozenPos>
			<HashName>prop_ld_ammo_pack_02</HashName>
			<InitialHandle>269065</InitialHandle>
			<ObjectProperties>
				<TextureVariation>0</TextureVariation>
			</ObjectProperties>
			<OpacityLevel>255</OpacityLevel>
			<LodDistance>16960</LodDistance>
			<IsVisible>true</IsVisible>
			<MaxHealth>1000</MaxHealth>
			<Health>1000</Health>
			<HasGravity>true</HasGravity>
			<IsOnFire>false</IsOnFire>
			<IsInvincible>false</IsInvincible>
			<IsBulletProof>false</IsBulletProof>
			<IsCollisionProof>false</IsCollisionProof>
			<IsExplosionProof>false</IsExplosionProof>
			<IsFireProof>false</IsFireProof>
			<IsMeleeProof>false</IsMeleeProof>
			<IsOnlyDamagedByPlayer>false</IsOnlyDamagedByPlayer>
			<PositionRotation>
				<X>1561.23499</X>
				<Y>3209.0564</Y>
				<Z>40.5422478</Z>
				<Pitch>-0.193401098</Pitch>
				<Roll>0.209529608</Roll>
				<Yaw>-14.3642597</Yaw>
			</PositionRotation>
			<Attachment isAttached="true">
				<AttachedTo>451331</AttachedTo>
				<BoneIndex>0</BoneIndex>
				<X>0.666762531</X>
				<Y>-2.08879185</Y>
				<Z>0.562794507</Z>
				<Pitch>-0.163673982</Pitch>
				<Roll>0.018227173</Roll>
				<Yaw>-106.690063</Yaw>
			</Attachment>
		</Attachment>
		<Attachment>
			<ModelHash>0x5cfbce2b</ModelHash>
			<Type>3</Type>
			<Dynamic>false</Dynamic>
			<FrozenPos>true</FrozenPos>
			<HashName>prop_ld_ammo_pack_02</HashName>
			<InitialHandle>304393</InitialHandle>
			<ObjectProperties>
				<TextureVariation>0</TextureVariation>
			</ObjectProperties>
			<OpacityLevel>255</OpacityLevel>
			<LodDistance>16960</LodDistance>
			<IsVisible>true</IsVisible>
			<MaxHealth>1000</MaxHealth>
			<Health>1000</Health>
			<HasGravity>true</HasGravity>
			<IsOnFire>false</IsOnFire>
			<IsInvincible>false</IsInvincible>
			<IsBulletProof>false</IsBulletProof>
			<IsCollisionProof>false</IsCollisionProof>
			<IsExplosionProof>false</IsExplosionProof>
			<IsFireProof>false</IsFireProof>
			<IsMeleeProof>false</IsMeleeProof>
			<IsOnlyDamagedByPlayer>false</IsOnlyDamagedByPlayer>
			<PositionRotation>
				<X>1561.24438</X>
				<Y>3209.06226</Y>
				<Z>40.6559296</Z>
				<Pitch>-0.195134819</Pitch>
				<Roll>0.209252149</Roll>
				<Yaw>-14.8838968</Yaw>
			</PositionRotation>
			<Attachment isAttached="true">
				<AttachedTo>451331</AttachedTo>
				<BoneIndex>0</BoneIndex>
				<X>0.672178864</X>
				<Y>-2.09802389</Y>
				<Z>0.676505208</Z>
				<Pitch>-0.163673982</Pitch>
				<Roll>0.018227173</Roll>
				<Yaw>-107.209686</Yaw>
			</Attachment>
		</Attachment>
		<Attachment>
			<ModelHash>0x27e363f7</ModelHash>
			<Type>3</Type>
			<Dynamic>false</Dynamic>
			<FrozenPos>true</FrozenPos>
			<HashName>prop_ld_ammo_pack_03</HashName>
			<InitialHandle>451081</InitialHandle>
			<ObjectProperties>
				<TextureVariation>0</TextureVariation>
			</ObjectProperties>
			<OpacityLevel>255</OpacityLevel>
			<LodDistance>16960</LodDistance>
			<IsVisible>true</IsVisible>
			<MaxHealth>1000</MaxHealth>
			<Health>1000</Health>
			<HasGravity>true</HasGravity>
			<IsOnFire>false</IsOnFire>
			<IsInvincible>false</IsInvincible>
			<IsBulletProof>false</IsBulletProof>
			<IsCollisionProof>false</IsCollisionProof>
			<IsExplosionProof>false</IsExplosionProof>
			<IsFireProof>false</IsFireProof>
			<IsMeleeProof>false</IsMeleeProof>
			<IsOnlyDamagedByPlayer>false</IsOnlyDamagedByPlayer>
			<PositionRotation>
				<X>1560.96338</X>
				<Y>3207.79297</Y>
				<Z>40.5361595</Z>
				<Pitch>0.0243627224</Pitch>
				<Roll>-0.0278398246</Roll>
				<Yaw>98.233902</Yaw>
			</PositionRotation>
			<Attachment isAttached="true">
				<AttachedTo>451331</AttachedTo>
				<BoneIndex>0</BoneIndex>
				<X>-0.584607363</X>
				<Y>-1.76620924</Y>
				<Z>0.556201816</Z>
				<Pitch>-0.163673982</Pitch>
				<Roll>0.018227173</Roll>
				<Yaw>5.90876389</Yaw>
			</Attachment>
		</Attachment>
		<Attachment>
			<ModelHash>0x27e363f7</ModelHash>
			<Type>3</Type>
			<Dynamic>false</Dynamic>
			<FrozenPos>true</FrozenPos>
			<HashName>prop_ld_ammo_pack_03</HashName>
			<InitialHandle>509193</InitialHandle>
			<ObjectProperties>
				<TextureVariation>0</TextureVariation>
			</ObjectProperties>
			<OpacityLevel>255</OpacityLevel>
			<LodDistance>16960</LodDistance>
			<IsVisible>true</IsVisible>
			<MaxHealth>1000</MaxHealth>
			<Health>1000</Health>
			<HasGravity>true</HasGravity>
			<IsOnFire>false</IsOnFire>
			<IsInvincible>false</IsInvincible>
			<IsBulletProof>false</IsBulletProof>
			<IsCollisionProof>false</IsCollisionProof>
			<IsExplosionProof>false</IsExplosionProof>
			<IsFireProof>false</IsFireProof>
			<IsMeleeProof>false</IsMeleeProof>
			<IsOnlyDamagedByPlayer>false</IsOnlyDamagedByPlayer>
			<PositionRotation>
				<X>1561.08533</X>
				<Y>3207.79346</Y>
				<Z>40.5357552</Z>
				<Pitch>0.0236448199</Pitch>
				<Roll>-0.0306771323</Roll>
				<Yaw>99.1000748</Yaw>
			</PositionRotation>
			<Attachment isAttached="true">
				<AttachedTo>451331</AttachedTo>
				<BoneIndex>0</BoneIndex>
				<X>-0.58913666</X>
				<Y>-1.8880378</Y>
				<Z>0.556207955</Z>
				<Pitch>-0.163673982</Pitch>
				<Roll>0.018227173</Roll>
				<Yaw>6.77494431</Yaw>
			</Attachment>
		</Attachment>
		<Attachment>
			<ModelHash>0x42e61f5c</ModelHash>
			<Type>3</Type>
			<Dynamic>false</Dynamic>
			<FrozenPos>true</FrozenPos>
			<HashName>imp_prop_adv_hdsec</HashName>
			<InitialHandle>713994</InitialHandle>
			<ObjectProperties>
				<TextureVariation>0</TextureVariation>
			</ObjectProperties>
			<OpacityLevel>255</OpacityLevel>
			<LodDistance>16960</LodDistance>
			<IsVisible>true</IsVisible>
			<MaxHealth>1000</MaxHealth>
			<Health>1000</Health>
			<HasGravity>true</HasGravity>
			<IsOnFire>false</IsOnFire>
			<IsInvincible>false</IsInvincible>
			<IsBulletProof>false</IsBulletProof>
			<IsCollisionProof>false</IsCollisionProof>
			<IsExplosionProof>false</IsExplosionProof>
			<IsFireProof>false</IsFireProof>
			<IsMeleeProof>false</IsMeleeProof>
			<IsOnlyDamagedByPlayer>false</IsOnlyDamagedByPlayer>
			<PositionRotation>
				<X>1561.24658</X>
				<Y>3207.9563</Y>
				<Z>40.4867592</Z>
				<Pitch>0.0234944951</Pitch>
				<Roll>-0.0312493015</Roll>
				<Yaw>99.2751541</Yaw>
			</PositionRotation>
			<Attachment isAttached="true">
				<AttachedTo>451331</AttachedTo>
				<BoneIndex>0</BoneIndex>
				<X>-0.433085233</X>
				<Y>-2.05594087</Y>
				<Z>0.507702887</Z>
				<Pitch>-0.163673982</Pitch>
				<Roll>0.018227173</Roll>
				<Yaw>6.95002747</Yaw>
			</Attachment>
		</Attachment>
		<Attachment>
			<ModelHash>0x9d136fa8</ModelHash>
			<Type>3</Type>
			<Dynamic>false</Dynamic>
			<FrozenPos>true</FrozenPos>
			<HashName>imp_prop_grinder_01a</HashName>
			<InitialHandle>530699</InitialHandle>
			<ObjectProperties>
				<TextureVariation>0</TextureVariation>
			</ObjectProperties>
			<OpacityLevel>255</OpacityLevel>
			<LodDistance>16960</LodDistance>
			<IsVisible>true</IsVisible>
			<MaxHealth>1000</MaxHealth>
			<Health>1000</Health>
			<HasGravity>true</HasGravity>
			<IsOnFire>false</IsOnFire>
			<IsInvincible>false</IsInvincible>
			<IsBulletProof>false</IsBulletProof>
			<IsCollisionProof>false</IsCollisionProof>
			<IsExplosionProof>false</IsExplosionProof>
			<IsFireProof>false</IsFireProof>
			<IsMeleeProof>false</IsMeleeProof>
			<IsOnlyDamagedByPlayer>false</IsOnlyDamagedByPlayer>
			<PositionRotation>
				<X>1560.27563</X>
				<Y>3208.10254</Y>
				<Z>40.497448</Z>
				<Pitch>-0.135079399</Pitch>
				<Roll>0.209701866</Roll>
				<Yaw>2.96218181</Yaw>
			</PositionRotation>
			<Attachment isAttached="true">
				<AttachedTo>451331</AttachedTo>
				<BoneIndex>0</BoneIndex>
				<X>-0.247443944</X>
				<Y>-1.09163201</Y>
				<Z>0.515078187</Z>
				<Pitch>-0.163673982</Pitch>
				<Roll>0.018227173</Roll>
				<Yaw>-89.3635101</Yaw>
			</Attachment>
		</Attachment>
		<Attachment>
			<ModelHash>0xeff25f3b</ModelHash>
			<Type>3</Type>
			<Dynamic>false</Dynamic>
			<FrozenPos>true</FrozenPos>
			<HashName>imp_prop_impexp_clamp_02</HashName>
			<InitialHandle>640524</InitialHandle>
			<ObjectProperties>
				<TextureVariation>0</TextureVariation>
			</ObjectProperties>
			<OpacityLevel>255</OpacityLevel>
			<LodDistance>16960</LodDistance>
			<IsVisible>true</IsVisible>
			<MaxHealth>1000</MaxHealth>
			<Health>1000</Health>
			<HasGravity>true</HasGravity>
			<IsOnFire>false</IsOnFire>
			<IsInvincible>false</IsInvincible>
			<IsBulletProof>false</IsBulletProof>
			<IsCollisionProof>false</IsCollisionProof>
			<IsExplosionProof>false</IsExplosionProof>
			<IsFireProof>false</IsFireProof>
			<IsMeleeProof>false</IsMeleeProof>
			<IsOnlyDamagedByPlayer>false</IsOnlyDamagedByPlayer>
			<PositionRotation>
				<X>1559.99072</X>
				<Y>3208.07373</Y>
				<Z>40.4995232</Z>
				<Pitch>-0.176517293</Pitch>
				<Roll>0.211398944</Roll>
				<Yaw>-9.3353157</Yaw>
			</PositionRotation>
			<Attachment isAttached="true">
				<AttachedTo>451331</AttachedTo>
				<BoneIndex>0</BoneIndex>
				<X>-0.264564425</X>
				<Y>-0.805783331</Y>
				<Z>0.516204953</Z>
				<Pitch>-0.163673982</Pitch>
				<Roll>0.018227173</Roll>
				<Yaw>-101.661087</Yaw>
			</Attachment>
		</Attachment>
		<Attachment>
			<ModelHash>0xfca454b2</ModelHash>
			<Type>3</Type>
			<Dynamic>false</Dynamic>
			<FrozenPos>true</FrozenPos>
			<HashName>imp_prop_impexp_front_bars_01a</HashName>
			<InitialHandle>445966</InitialHandle>
			<ObjectProperties>
				<TextureVariation>0</TextureVariation>
			</ObjectProperties>
			<OpacityLevel>255</OpacityLevel>
			<LodDistance>16960</LodDistance>
			<IsVisible>true</IsVisible>
			<MaxHealth>1000</MaxHealth>
			<Health>1000</Health>
			<HasGravity>true</HasGravity>
			<IsOnFire>false</IsOnFire>
			<IsInvincible>false</IsInvincible>
			<IsBulletProof>false</IsBulletProof>
			<IsCollisionProof>false</IsCollisionProof>
			<IsExplosionProof>false</IsExplosionProof>
			<IsFireProof>false</IsFireProof>
			<IsMeleeProof>false</IsMeleeProof>
			<IsOnlyDamagedByPlayer>false</IsOnlyDamagedByPlayer>
			<PositionRotation>
				<X>1561.67151</X>
				<Y>3208.39893</Y>
				<Z>40.1236267</Z>
				<Pitch>29.6447887</Pitch>
				<Roll>-179.949127</Roll>
				<Yaw>-87.1867142</Yaw>
			</PositionRotation>
			<Attachment isAttached="true">
				<AttachedTo>451331</AttachedTo>
				<BoneIndex>0</BoneIndex>
				<X>-0.00805399753</X>
				<Y>-2.49969816</Y>
				<Z>0.145857751</Z>
				<Pitch>29.8363266</Pitch>
				<Roll>-179.981522</Roll>
				<Yaw>-179.49585</Yaw>
			</Attachment>
		</Attachment>
		<Attachment>
			<ModelHash>0x1e74b6cf</ModelHash>
			<Type>3</Type>
			<Dynamic>false</Dynamic>
			<FrozenPos>true</FrozenPos>
			<HashName>imp_prop_impexp_hammer_01</HashName>
			<InitialHandle>126736</InitialHandle>
			<ObjectProperties>
				<TextureVariation>0</TextureVariation>
			</ObjectProperties>
			<OpacityLevel>255</OpacityLevel>
			<LodDistance>16960</LodDistance>
			<IsVisible>true</IsVisible>
			<MaxHealth>1000</MaxHealth>
			<Health>1000</Health>
			<HasGravity>true</HasGravity>
			<IsOnFire>false</IsOnFire>
			<IsInvincible>false</IsInvincible>
			<IsBulletProof>false</IsBulletProof>
			<IsCollisionProof>false</IsCollisionProof>
			<IsExplosionProof>false</IsExplosionProof>
			<IsFireProof>false</IsFireProof>
			<IsMeleeProof>false</IsMeleeProof>
			<IsOnlyDamagedByPlayer>false</IsOnlyDamagedByPlayer>
			<PositionRotation>
				<X>1561.25366</X>
				<Y>3208.50879</Y>
				<Z>40.4844818</Z>
				<Pitch>-0.171495095</Pitch>
				<Roll>-0.175212979</Roll>
				<Yaw>176.783218</Yaw>
			</PositionRotation>
			<Attachment isAttached="true">
				<AttachedTo>451331</AttachedTo>
				<BoneIndex>0</BoneIndex>
				<X>0.118783839</X>
				<Y>-2.08540463</Y>
				<Z>0.505269229</Z>
				<Pitch>-0.163673982</Pitch>
				<Roll>0.018227173</Roll>
				<Yaw>84.4585953</Yaw>
			</Attachment>
		</Attachment>
		<Attachment>
			<ModelHash>0x721cb04e</ModelHash>
			<Type>3</Type>
			<Dynamic>false</Dynamic>
			<FrozenPos>true</FrozenPos>
			<HashName>imp_prop_impexp_pliers_02</HashName>
			<InitialHandle>282897</InitialHandle>
			<ObjectProperties>
				<TextureVariation>0</TextureVariation>
			</ObjectProperties>
			<OpacityLevel>255</OpacityLevel>
			<LodDistance>16960</LodDistance>
			<IsVisible>true</IsVisible>
			<MaxHealth>1000</MaxHealth>
			<Health>1000</Health>
			<HasGravity>true</HasGravity>
			<IsOnFire>false</IsOnFire>
			<IsInvincible>false</IsInvincible>
			<IsBulletProof>false</IsBulletProof>
			<IsCollisionProof>false</IsCollisionProof>
			<IsExplosionProof>false</IsExplosionProof>
			<IsFireProof>false</IsFireProof>
			<IsMeleeProof>false</IsMeleeProof>
			<IsOnlyDamagedByPlayer>false</IsOnlyDamagedByPlayer>
			<PositionRotation>
				<X>1560.05042</X>
				<Y>3208.44897</Y>
				<Z>40.4917412</Z>
				<Pitch>-0.081951417</Pitch>
				<Roll>-0.157276452</Roll>
				<Yaw>149.49913</Yaw>
			</PositionRotation>
			<Attachment isAttached="true">
				<AttachedTo>451331</AttachedTo>
				<BoneIndex>0</BoneIndex>
				<X>0.107726619</X>
				<Y>-0.880721569</Y>
				<Z>0.508499503</Z>
				<Pitch>-0.163673982</Pitch>
				<Roll>0.018227173</Roll>
				<Yaw>57.1743202</Yaw>
			</Attachment>
		</Attachment>
		<Attachment>
			<ModelHash>0x809e20d8</ModelHash>
			<Type>3</Type>
			<Dynamic>false</Dynamic>
			<FrozenPos>true</FrozenPos>
			<HashName>prop_luggage_09a</HashName>
			<InitialHandle>738069</InitialHandle>
			<ObjectProperties>
				<TextureVariation>0</TextureVariation>
			</ObjectProperties>
			<OpacityLevel>255</OpacityLevel>
			<LodDistance>16960</LodDistance>
			<IsVisible>true</IsVisible>
			<MaxHealth>1000</MaxHealth>
			<Health>1000</Health>
			<HasGravity>true</HasGravity>
			<IsOnFire>false</IsOnFire>
			<IsInvincible>false</IsInvincible>
			<IsBulletProof>false</IsBulletProof>
			<IsCollisionProof>false</IsCollisionProof>
			<IsExplosionProof>false</IsExplosionProof>
			<IsFireProof>false</IsFireProof>
			<IsMeleeProof>false</IsMeleeProof>
			<IsOnlyDamagedByPlayer>false</IsOnlyDamagedByPlayer>
			<PositionRotation>
				<X>1559.74121</X>
				<Y>3209.38965</Y>
				<Z>40.5254822</Z>
				<Pitch>-0.955850899</Pitch>
				<Roll>-0.184381247</Roll>
				<Yaw>-179.122528</Yaw>
			</PositionRotation>
			<Attachment isAttached="true">
				<AttachedTo>451331</AttachedTo>
				<BoneIndex>0</BoneIndex>
				<X>1.06028652</X>
				<Y>-0.609863162</Y>
				<Z>0.540896595</Z>
				<Pitch>-0.93423456</Pitch>
				<Roll>0.00803192891</Roll>
				<Yaw>88.5554581</Yaw>
			</Attachment>
		</Attachment>
		<Attachment>
			<ModelHash>0x0f8c9ecb</ModelHash>
			<Type>3</Type>
			<Dynamic>false</Dynamic>
			<FrozenPos>true</FrozenPos>
			<HashName>prop_tool_pickaxe</HashName>
			<InitialHandle>637976</InitialHandle>
			<ObjectProperties>
				<TextureVariation>0</TextureVariation>
			</ObjectProperties>
			<OpacityLevel>255</OpacityLevel>
			<LodDistance>16960</LodDistance>
			<IsVisible>true</IsVisible>
			<MaxHealth>1000</MaxHealth>
			<Health>1000</Health>
			<HasGravity>true</HasGravity>
			<IsOnFire>false</IsOnFire>
			<IsInvincible>false</IsInvincible>
			<IsBulletProof>false</IsBulletProof>
			<IsCollisionProof>false</IsCollisionProof>
			<IsExplosionProof>false</IsExplosionProof>
			<IsFireProof>false</IsFireProof>
			<IsMeleeProof>false</IsMeleeProof>
			<IsOnlyDamagedByPlayer>false</IsOnlyDamagedByPlayer>
			<PositionRotation>
				<X>1560.48779</X>
				<Y>3207.5083</Y>
				<Z>40.6131821</Z>
				<Pitch>1.87198246</Pitch>
				<Roll>-89.5505066</Roll>
				<Yaw>2.11300993</Yaw>
			</PositionRotation>
			<Attachment isAttached="true">
				<AttachedTo>451331</AttachedTo>
				<BoneIndex>0</BoneIndex>
				<X>-0.849698603</X>
				<Y>-1.27921724</Y>
				<Z>0.631718636</Z>
				<Pitch>1.84621775</Pitch>
				<Roll>-89.7424927</Roll>
				<Yaw>-90.2059631</Yaw>
			</Attachment>
		</Attachment>
		<Attachment>
			<ModelHash>0xbb55760a</ModelHash>
			<Type>3</Type>
			<Dynamic>false</Dynamic>
			<FrozenPos>true</FrozenPos>
			<HashName>prop_tool_fireaxe</HashName>
			<InitialHandle>184089</InitialHandle>
			<ObjectProperties>
				<TextureVariation>0</TextureVariation>
			</ObjectProperties>
			<OpacityLevel>255</OpacityLevel>
			<LodDistance>16960</LodDistance>
			<IsVisible>true</IsVisible>
			<MaxHealth>1000</MaxHealth>
			<Health>1000</Health>
			<HasGravity>true</HasGravity>
			<IsOnFire>false</IsOnFire>
			<IsInvincible>false</IsInvincible>
			<IsBulletProof>false</IsBulletProof>
			<IsCollisionProof>false</IsCollisionProof>
			<IsExplosionProof>false</IsExplosionProof>
			<IsFireProof>false</IsFireProof>
			<IsMeleeProof>false</IsMeleeProof>
			<IsOnlyDamagedByPlayer>false</IsOnlyDamagedByPlayer>
			<PositionRotation>
				<X>1560.56519</X>
				<Y>3209.21143</Y>
				<Z>40.7062149</Z>
				<Pitch>1.81898797</Pitch>
				<Roll>-89.9342651</Roll>
				<Yaw>-177.442245</Yaw>
			</PositionRotation>
			<Attachment isAttached="true">
				<AttachedTo>451331</AttachedTo>
				<BoneIndex>0</BoneIndex>
				<X>0.84890312</X>
				<Y>-1.42533433</Y>
				<Z>0.724458456</Z>
				<Pitch>1.84621775</Pitch>
				<Roll>-89.7424927</Roll>
				<Yaw>90.2264328</Yaw>
			</Attachment>
		</Attachment>
		<Attachment>
			<ModelHash>0x7fd34040</ModelHash>
			<Type>3</Type>
			<Dynamic>false</Dynamic>
			<FrozenPos>true</FrozenPos>
			<HashName>prop_tool_shovel2</HashName>
			<InitialHandle>724764</InitialHandle>
			<ObjectProperties>
				<TextureVariation>0</TextureVariation>
			</ObjectProperties>
			<OpacityLevel>255</OpacityLevel>
			<LodDistance>16960</LodDistance>
			<IsVisible>true</IsVisible>
			<MaxHealth>1000</MaxHealth>
			<Health>1000</Health>
			<HasGravity>true</HasGravity>
			<IsOnFire>false</IsOnFire>
			<IsInvincible>false</IsInvincible>
			<IsBulletProof>false</IsBulletProof>
			<IsCollisionProof>false</IsCollisionProof>
			<IsExplosionProof>false</IsExplosionProof>
			<IsFireProof>false</IsFireProof>
			<IsMeleeProof>false</IsMeleeProof>
			<IsOnlyDamagedByPlayer>false</IsOnlyDamagedByPlayer>
			<PositionRotation>
				<X>1561.2489</X>
				<Y>3207.49219</Y>
				<Z>40.7011757</Z>
				<Pitch>1.87749088</Pitch>
				<Roll>-89.5513306</Roll>
				<Yaw>3.76189256</Yaw>
			</PositionRotation>
			<Attachment isAttached="true">
				<AttachedTo>451331</AttachedTo>
				<BoneIndex>0</BoneIndex>
				<X>-0.896571636</X>
				<Y>-2.03869462</Y>
				<Z>0.722278416</Z>
				<Pitch>1.84621954</Pitch>
				<Roll>-89.742485</Roll>
				<Yaw>-88.5570908</Yaw>
			</Attachment>
		</Attachment>
		<Attachment>
			<ModelHash>0x07e5b4e5</ModelHash>
			<Type>3</Type>
			<Dynamic>false</Dynamic>
			<FrozenPos>true</FrozenPos>
			<HashName>prop_tyre_rack_01</HashName>
			<InitialHandle>648993</InitialHandle>
			<ObjectProperties>
				<TextureVariation>0</TextureVariation>
			</ObjectProperties>
			<OpacityLevel>255</OpacityLevel>
			<LodDistance>16960</LodDistance>
			<IsVisible>true</IsVisible>
			<MaxHealth>1000</MaxHealth>
			<Health>1000</Health>
			<HasGravity>true</HasGravity>
			<IsOnFire>false</IsOnFire>
			<IsInvincible>false</IsInvincible>
			<IsBulletProof>false</IsBulletProof>
			<IsCollisionProof>false</IsCollisionProof>
			<IsExplosionProof>false</IsExplosionProof>
			<IsFireProof>false</IsFireProof>
			<IsMeleeProof>false</IsMeleeProof>
			<IsOnlyDamagedByPlayer>false</IsOnlyDamagedByPlayer>
			<PositionRotation>
				<X>1561.71924</X>
				<Y>3208.37646</Y>
				<Z>40.6092682</Z>
				<Pitch>2.03835177</Pitch>
				<Roll>0.233678982</Roll>
				<Yaw>91.5181732</Yaw>
			</PositionRotation>
			<Attachment isAttached="true">
				<AttachedTo>451331</AttachedTo>
				<BoneIndex>0</BoneIndex>
				<X>-0.0322256796</X>
				<Y>-2.5448041</Y>
				<Z>0.63166213</Z>
				<Pitch>1.84621823</Pitch>
				<Roll>0.257452428</Roll>
				<Yaw>-0.807823181</Yaw>
			</Attachment>
		</Attachment>
		<Attachment>
			<ModelHash>0xa1dccffa</ModelHash>
			<Type>3</Type>
			<Dynamic>false</Dynamic>
			<FrozenPos>true</FrozenPos>
			<HashName>imp_prop_impexp_tyre_03a</HashName>
			<InitialHandle>561697</InitialHandle>
			<ObjectProperties>
				<TextureVariation>0</TextureVariation>
			</ObjectProperties>
			<OpacityLevel>255</OpacityLevel>
			<LodDistance>16960</LodDistance>
			<IsVisible>true</IsVisible>
			<MaxHealth>1000</MaxHealth>
			<Health>1000</Health>
			<HasGravity>true</HasGravity>
			<IsOnFire>false</IsOnFire>
			<IsInvincible>false</IsInvincible>
			<IsBulletProof>false</IsBulletProof>
			<IsCollisionProof>false</IsCollisionProof>
			<IsExplosionProof>false</IsExplosionProof>
			<IsFireProof>false</IsFireProof>
			<IsMeleeProof>false</IsMeleeProof>
			<IsOnlyDamagedByPlayer>false</IsOnlyDamagedByPlayer>
			<PositionRotation>
				<X>1557.45166</X>
				<Y>3208.63354</Y>
				<Z>40.9337921</Z>
				<Pitch>-80.3472519</Pitch>
				<Roll>-116.702995</Roll>
				<Yaw>-101.495811</Yaw>
			</PositionRotation>
			<Attachment isAttached="true">
				<AttachedTo>451331</AttachedTo>
				<BoneIndex>0</BoneIndex>
				<X>0.397887915</X>
				<Y>1.70981896</Y>
				<Z>0.941747844</Z>
				<Pitch>-80.154686</Pitch>
				<Roll>-116.585373</Roll>
				<Yaw>166.294922</Yaw>
			</Attachment>
		</Attachment>
	</SpoonerAttachments>
</Vehicle>
