<?xml version="1.0" encoding="ISO-8859-1"?>
<Vehicle menyoo_ver="0.999876778b">
	<ModelHash>0xdc434e51</ModelHash>
	<InitialHandle>43312</InitialHandle>
	<VehicleProperties>
		<Colours>
			<Primary>152</Primary>
			<Secondary>128</Secondary>
			<Pearl>0</Pearl>
			<Rim>156</Rim>
			<Mod1_a>6</Mod1_a>
			<Mod1_b>-1</Mod1_b>
			<Mod1_c>-1</Mod1_c>
			<Mod2_a>6</Mod2_a>
			<Mod2_b>-1</Mod2_b>
			<IsPrimaryColourCustom>false</IsPrimaryColourCustom>
			<IsSecondaryColourCustom>false</IsSecondaryColourCustom>
			<tyreSmoke_R>255</tyreSmoke_R>
			<tyreSmoke_G>255</tyreSmoke_G>
			<tyreSmoke_B>255</tyreSmoke_B>
			<LrInterior>0</LrInterior>
			<LrDashboard>0</LrDashboard>
		</Colours>
		<Livery>-1</Livery>
		<NumberPlateText>44YLD223</NumberPlateText>
		<NumberPlateIndex>0</NumberPlateIndex>
		<WheelType>4</WheelType>
		<WheelsInvisible>false</WheelsInvisible>
		<EngineSoundName></EngineSoundName>
		<WindowTint>-1</WindowTint>
		<BulletProofTyres>true</BulletProofTyres>
		<DirtLevel>0.0620206892</DirtLevel>
		<PaintFade>0.298039228</PaintFade>
		<RoofState>0</RoofState>
		<SirenActive>false</SirenActive>
		<EngineOn>true</EngineOn>
		<EngineHealth>1000</EngineHealth>
		<LightsOn>false</LightsOn>
		<IsRadioLoud>0</IsRadioLoud>
		<LockStatus>1</LockStatus>
		<Neons>
			<Left>false</Left>
			<Right>false</Right>
			<Front>false</Front>
			<Back>false</Back>
			<R>255</R>
			<G>0</G>
			<B>255</B>
		</Neons>
		<ModExtras>
			<_1>true</_1>
			<_2>true</_2>
			<_4>true</_4>
			<_5>true</_5>
			<_6>true</_6>
			<_7>false</_7>
			<_10>true</_10>
			<_11>true</_11>
			<_12>true</_12>
		</ModExtras>
		<Mods>
			<_0>-1,0</_0>
			<_1>-1,0</_1>
			<_2>-1,0</_2>
			<_3>-1,0</_3>
			<_4>-1,0</_4>
			<_5>-1,0</_5>
			<_6>-1,0</_6>
			<_7>-1,0</_7>
			<_8>-1,0</_8>
			<_9>-1,0</_9>
			<_10>-1,0</_10>
			<_11>3,0</_11>
			<_12>2,0</_12>
			<_13>2,0</_13>
			<_14>0,0</_14>
			<_15>-1,0</_15>
			<_16>4,0</_16>
			<_17>false</_17>
			<_18>true</_18>
			<_19>false</_19>
			<_20>true</_20>
			<_21>false</_21>
			<_22>false</_22>
			<_23>9,0</_23>
			<_24>-1,0</_24>
			<_25>-1,0</_25>
			<_26>-1,0</_26>
			<_27>-1,0</_27>
			<_28>-1,0</_28>
			<_29>-1,0</_29>
			<_30>-1,0</_30>
			<_31>-1,0</_31>
			<_32>-1,0</_32>
			<_33>-1,0</_33>
			<_34>-1,0</_34>
			<_35>-1,0</_35>
			<_36>-1,0</_36>
			<_37>-1,0</_37>
			<_38>-1,0</_38>
			<_39>-1,0</_39>
			<_40>-1,0</_40>
			<_41>-1,0</_41>
			<_42>-1,0</_42>
			<_43>-1,0</_43>
			<_44>-1,0</_44>
			<_45>-1,0</_45>
			<_46>-1,0</_46>
			<_47>-1,0</_47>
			<_48>-1,0</_48>
		</Mods>
		<DoorsOpen>
			<BackLeftDoor>false</BackLeftDoor>
			<BackRightDoor>false</BackRightDoor>
			<FrontLeftDoor>false</FrontLeftDoor>
			<FrontRightDoor>false</FrontRightDoor>
			<Hood>false</Hood>
			<Trunk>false</Trunk>
			<Trunk2>false</Trunk2>
		</DoorsOpen>
		<DoorsBroken>
			<BackLeftDoor>false</BackLeftDoor>
			<BackRightDoor>false</BackRightDoor>
			<FrontLeftDoor>false</FrontLeftDoor>
			<FrontRightDoor>false</FrontRightDoor>
			<Hood>false</Hood>
			<Trunk>false</Trunk>
			<Trunk2>false</Trunk2>
		</DoorsBroken>
		<TyresBursted>
			<FrontLeft>false</FrontLeft>
			<FrontRight>false</FrontRight>
			<_2>false</_2>
			<_3>false</_3>
			<BackLeft>false</BackLeft>
			<BackRight>false</BackRight>
			<_6>false</_6>
			<_7>false</_7>
			<_8>false</_8>
		</TyresBursted>
		<RpmMultiplier>1</RpmMultiplier>
		<TorqueMultiplier>1</TorqueMultiplier>
		<HeadlightIntensity>1</HeadlightIntensity>
	</VehicleProperties>
	<OpacityLevel>255</OpacityLevel>
	<LodDistance>16960</LodDistance>
	<IsVisible>true</IsVisible>
	<IsDriverVisible>true</IsDriverVisible>
	<MaxHealth>1000</MaxHealth>
	<Health>1000</Health>
	<HasGravity>true</HasGravity>
	<IsOnFire>false</IsOnFire>
	<IsInvincible>false</IsInvincible>
	<IsBulletProof>false</IsBulletProof>
	<IsExplosionProof>false</IsExplosionProof>
	<IsFireProof>false</IsFireProof>
	<IsMeleeProof>false</IsMeleeProof>
	<IsOnlyDamagedByPlayer>false</IsOnlyDamagedByPlayer>
	<SpoonerAttachments SetAttachmentsPersistentAndAddToSpoonerDatabase="false" StartTaskSequencesOnLoad="true">
		<Attachment>
			<ModelHash>0x6fd132d0</ModelHash>
			<Type>3</Type>
			<Dynamic>false</Dynamic>
			<FrozenPos>true</FrozenPos>
			<HashName>imp_prop_impexp_boxwood_01</HashName>
			<InitialHandle>552242</InitialHandle>
			<ObjectProperties>
				<TextureVariation>0</TextureVariation>
			</ObjectProperties>
			<OpacityLevel>255</OpacityLevel>
			<LodDistance>16960</LodDistance>
			<IsVisible>true</IsVisible>
			<MaxHealth>1000</MaxHealth>
			<Health>1000</Health>
			<HasGravity>true</HasGravity>
			<IsOnFire>false</IsOnFire>
			<IsInvincible>false</IsInvincible>
			<IsBulletProof>false</IsBulletProof>
			<IsCollisionProof>false</IsCollisionProof>
			<IsExplosionProof>false</IsExplosionProof>
			<IsFireProof>false</IsFireProof>
			<IsMeleeProof>false</IsMeleeProof>
			<IsOnlyDamagedByPlayer>false</IsOnlyDamagedByPlayer>
			<PositionRotation>
				<X>1410.5459</X>
				<Y>3011.19971</Y>
				<Z>40.4060097</Z>
				<Pitch>-0.0258963108</Pitch>
				<Roll>0.0661463514</Roll>
				<Yaw>-135.771896</Yaw>
			</PositionRotation>
			<Attachment isAttached="true">
				<AttachedTo>43312</AttachedTo>
				<BoneIndex>0</BoneIndex>
				<X>-0.0771858171</X>
				<Y>-1.64472413</Y>
				<Z>0.124241807</Z>
				<Pitch>-0.00308657321</Pitch>
				<Roll>5.01505492e-05</Roll>
				<Yaw>-89.9912872</Yaw>
			</Attachment>
		</Attachment>
		<Attachment>
			<ModelHash>0x9109dfbc</ModelHash>
			<Type>3</Type>
			<Dynamic>false</Dynamic>
			<FrozenPos>true</FrozenPos>
			<HashName>prop_box_wood02a_pu</HashName>
			<InitialHandle>145973</InitialHandle>
			<ObjectProperties>
				<TextureVariation>0</TextureVariation>
			</ObjectProperties>
			<OpacityLevel>255</OpacityLevel>
			<LodDistance>16960</LodDistance>
			<IsVisible>true</IsVisible>
			<MaxHealth>1000</MaxHealth>
			<Health>1000</Health>
			<HasGravity>true</HasGravity>
			<IsOnFire>false</IsOnFire>
			<IsInvincible>false</IsInvincible>
			<IsBulletProof>false</IsBulletProof>
			<IsCollisionProof>false</IsCollisionProof>
			<IsExplosionProof>false</IsExplosionProof>
			<IsFireProof>false</IsFireProof>
			<IsMeleeProof>false</IsMeleeProof>
			<IsOnlyDamagedByPlayer>false</IsOnlyDamagedByPlayer>
			<PositionRotation>
				<X>1410.45789</X>
				<Y>3011.00269</Y>
				<Z>41.6390038</Z>
				<Pitch>-0.025131641</Pitch>
				<Roll>0.0664052963</Roll>
				<Yaw>-135.110336</Yaw>
			</PositionRotation>
			<Attachment isAttached="true">
				<AttachedTo>43312</AttachedTo>
				<BoneIndex>0</BoneIndex>
				<X>0.00210201344</X>
				<Y>-1.84372628</Y>
				<Z>1.35749829</Z>
				<Pitch>-0.00308657321</Pitch>
				<Roll>5.01505492e-05</Roll>
				<Yaw>-89.3297424</Yaw>
			</Attachment>
		</Attachment>
		<Attachment>
			<ModelHash>0xd6cc0902</ModelHash>
			<Type>3</Type>
			<Dynamic>false</Dynamic>
			<FrozenPos>true</FrozenPos>
			<HashName>imp_prop_impexp_front_bars_01b</HashName>
			<InitialHandle>439094</InitialHandle>
			<ObjectProperties>
				<TextureVariation>0</TextureVariation>
			</ObjectProperties>
			<OpacityLevel>255</OpacityLevel>
			<LodDistance>16960</LodDistance>
			<IsVisible>true</IsVisible>
			<MaxHealth>1000</MaxHealth>
			<Health>1000</Health>
			<HasGravity>true</HasGravity>
			<IsOnFire>false</IsOnFire>
			<IsInvincible>false</IsInvincible>
			<IsBulletProof>false</IsBulletProof>
			<IsCollisionProof>false</IsCollisionProof>
			<IsExplosionProof>false</IsExplosionProof>
			<IsFireProof>false</IsFireProof>
			<IsMeleeProof>false</IsMeleeProof>
			<IsOnlyDamagedByPlayer>false</IsOnlyDamagedByPlayer>
			<PositionRotation>
				<X>1410.04688</X>
				<Y>3009.80762</Y>
				<Z>40.923851</Z>
				<Pitch>21.9305935</Pitch>
				<Roll>179.976288</Roll>
				<Yaw>134.820038</Yaw>
			</PositionRotation>
			<Attachment isAttached="true">
				<AttachedTo>43312</AttachedTo>
				<BoneIndex>0</BoneIndex>
				<X>0.572066844</X>
				<Y>-2.97255397</Y>
				<Z>0.643874526</Z>
				<Pitch>21.9969139</Pitch>
				<Roll>-179.999847</Roll>
				<Yaw>180.591751</Yaw>
			</Attachment>
		</Attachment>
		<Attachment>
			<ModelHash>0xd6cc0902</ModelHash>
			<Type>3</Type>
			<Dynamic>false</Dynamic>
			<FrozenPos>true</FrozenPos>
			<HashName>imp_prop_impexp_front_bars_01b</HashName>
			<InitialHandle>785973</InitialHandle>
			<ObjectProperties>
				<TextureVariation>0</TextureVariation>
			</ObjectProperties>
			<OpacityLevel>255</OpacityLevel>
			<LodDistance>16960</LodDistance>
			<IsVisible>true</IsVisible>
			<MaxHealth>1000</MaxHealth>
			<Health>1000</Health>
			<HasGravity>true</HasGravity>
			<IsOnFire>false</IsOnFire>
			<IsInvincible>false</IsInvincible>
			<IsBulletProof>false</IsBulletProof>
			<IsCollisionProof>false</IsCollisionProof>
			<IsExplosionProof>false</IsExplosionProof>
			<IsFireProof>false</IsFireProof>
			<IsMeleeProof>false</IsMeleeProof>
			<IsOnlyDamagedByPlayer>false</IsOnlyDamagedByPlayer>
			<PositionRotation>
				<X>1409.19348</X>
				<Y>3010.56885</Y>
				<Z>40.2442856</Z>
				<Pitch>-10.0693436</Pitch>
				<Roll>-0.0226351358</Roll>
				<Yaw>134.633896</Yaw>
			</PositionRotation>
			<Attachment isAttached="true">
				<AttachedTo>43312</AttachedTo>
				<BoneIndex>0</BoneIndex>
				<X>-0.568218887</X>
				<Y>-3.0541296</Y>
				<Z>-0.0360517092</Z>
				<Pitch>-10.003088</Pitch>
				<Roll>5.01505492e-05</Roll>
				<Yaw>180.418472</Yaw>
			</Attachment>
		</Attachment>
		<Attachment>
			<ModelHash>0x809e20d8</ModelHash>
			<Type>3</Type>
			<Dynamic>false</Dynamic>
			<FrozenPos>true</FrozenPos>
			<HashName>prop_luggage_09a</HashName>
			<InitialHandle>174395</InitialHandle>
			<ObjectProperties>
				<TextureVariation>0</TextureVariation>
			</ObjectProperties>
			<OpacityLevel>255</OpacityLevel>
			<LodDistance>16960</LodDistance>
			<IsVisible>true</IsVisible>
			<MaxHealth>1000</MaxHealth>
			<Health>1000</Health>
			<HasGravity>true</HasGravity>
			<IsOnFire>false</IsOnFire>
			<IsInvincible>false</IsInvincible>
			<IsBulletProof>false</IsBulletProof>
			<IsCollisionProof>false</IsCollisionProof>
			<IsExplosionProof>false</IsExplosionProof>
			<IsFireProof>false</IsFireProof>
			<IsMeleeProof>false</IsMeleeProof>
			<IsOnlyDamagedByPlayer>false</IsOnlyDamagedByPlayer>
			<PositionRotation>
				<X>1411.98364</X>
				<Y>3011.88696</Y>
				<Z>41.8077888</Z>
				<Pitch>89.0612106</Pitch>
				<Roll>-44.1593781</Roll>
				<Yaw>2.15768456</Yaw>
			</PositionRotation>
			<Attachment isAttached="true">
				<AttachedTo>43312</AttachedTo>
				<BoneIndex>0</BoneIndex>
				<X>0.432352215</X>
				<Y>-0.133489579</Y>
				<Z>1.52448189</Z>
				<Pitch>88.9991074</Pitch>
				<Roll>-42.2248116</Roll>
				<Yaw>46.0040169</Yaw>
			</Attachment>
		</Attachment>
		<Attachment>
			<ModelHash>0x4bbbac6e</ModelHash>
			<Type>3</Type>
			<Dynamic>false</Dynamic>
			<FrozenPos>true</FrozenPos>
			<HashName>prop_gascyl_01a</HashName>
			<InitialHandle>171326</InitialHandle>
			<ObjectProperties>
				<TextureVariation>0</TextureVariation>
			</ObjectProperties>
			<OpacityLevel>255</OpacityLevel>
			<LodDistance>16960</LodDistance>
			<IsVisible>true</IsVisible>
			<MaxHealth>1000</MaxHealth>
			<Health>1000</Health>
			<HasGravity>true</HasGravity>
			<IsOnFire>false</IsOnFire>
			<IsInvincible>false</IsInvincible>
			<IsBulletProof>false</IsBulletProof>
			<IsCollisionProof>false</IsCollisionProof>
			<IsExplosionProof>false</IsExplosionProof>
			<IsFireProof>false</IsFireProof>
			<IsMeleeProof>false</IsMeleeProof>
			<IsOnlyDamagedByPlayer>false</IsOnlyDamagedByPlayer>
			<PositionRotation>
				<X>1409.46924</X>
				<Y>3010.89429</Y>
				<Z>40.8113747</Z>
				<Pitch>0.0232415106</Pitch>
				<Roll>-0.064725019</Roll>
				<Yaw>41.1481552</Yaw>
			</PositionRotation>
			<Attachment isAttached="true">
				<AttachedTo>43312</AttachedTo>
				<BoneIndex>0</BoneIndex>
				<X>-0.609340072</X>
				<Y>-2.62886763</Y>
				<Z>0.530530035</Z>
				<Pitch>-0.00308657321</Pitch>
				<Roll>5.01505492e-05</Roll>
				<Yaw>86.928772</Yaw>
			</Attachment>
		</Attachment>
		<Attachment>
			<ModelHash>0xf2c57db6</ModelHash>
			<Type>3</Type>
			<Dynamic>false</Dynamic>
			<FrozenPos>true</FrozenPos>
			<HashName>imp_prop_impexp_tyre_01c</HashName>
			<InitialHandle>297791</InitialHandle>
			<ObjectProperties>
				<TextureVariation>0</TextureVariation>
			</ObjectProperties>
			<OpacityLevel>255</OpacityLevel>
			<LodDistance>16960</LodDistance>
			<IsVisible>true</IsVisible>
			<MaxHealth>1000</MaxHealth>
			<Health>1000</Health>
			<HasGravity>true</HasGravity>
			<IsOnFire>false</IsOnFire>
			<IsInvincible>false</IsInvincible>
			<IsBulletProof>false</IsBulletProof>
			<IsCollisionProof>false</IsCollisionProof>
			<IsExplosionProof>false</IsExplosionProof>
			<IsFireProof>false</IsFireProof>
			<IsMeleeProof>false</IsMeleeProof>
			<IsOnlyDamagedByPlayer>false</IsOnlyDamagedByPlayer>
			<PositionRotation>
				<X>1411.64087</X>
				<Y>3012.51489</Y>
				<Z>41.6795464</Z>
				<Pitch>-89.937439</Pitch>
				<Roll>-143.824982</Roll>
				<Yaw>0</Yaw>
			</PositionRotation>
			<Attachment isAttached="true">
				<AttachedTo>43312</AttachedTo>
				<BoneIndex>0</BoneIndex>
				<X>-0.256649166</X>
				<Y>0.0586840957</Y>
				<Z>1.39574134</Z>
				<Pitch>-90.0030899</Pitch>
				<Roll>-143.601471</Roll>
				<Yaw>46.0041237</Yaw>
			</Attachment>
		</Attachment>
		<Attachment>
			<ModelHash>0xf2c57db6</ModelHash>
			<Type>3</Type>
			<Dynamic>false</Dynamic>
			<FrozenPos>true</FrozenPos>
			<HashName>imp_prop_impexp_tyre_01c</HashName>
			<InitialHandle>713015</InitialHandle>
			<ObjectProperties>
				<TextureVariation>0</TextureVariation>
			</ObjectProperties>
			<OpacityLevel>255</OpacityLevel>
			<LodDistance>16960</LodDistance>
			<IsVisible>true</IsVisible>
			<MaxHealth>1000</MaxHealth>
			<Health>1000</Health>
			<HasGravity>true</HasGravity>
			<IsOnFire>false</IsOnFire>
			<IsInvincible>false</IsInvincible>
			<IsBulletProof>false</IsBulletProof>
			<IsCollisionProof>false</IsCollisionProof>
			<IsExplosionProof>false</IsExplosionProof>
			<IsFireProof>false</IsFireProof>
			<IsMeleeProof>false</IsMeleeProof>
			<IsOnlyDamagedByPlayer>false</IsOnlyDamagedByPlayer>
			<PositionRotation>
				<X>1410.06482</X>
				<Y>3010.43457</Y>
				<Z>40.8111191</Z>
				<Pitch>0.0634553507</Pitch>
				<Roll>0.0215248968</Roll>
				<Yaw>-44.6186028</Yaw>
			</PositionRotation>
			<Attachment isAttached="true">
				<AttachedTo>43312</AttachedTo>
				<BoneIndex>0</BoneIndex>
				<X>0.135378823</X>
				<Y>-2.52257872</Y>
				<Z>0.530447364</Z>
				<Pitch>-0.00308657321</Pitch>
				<Roll>5.01505492e-05</Roll>
				<Yaw>1.16203308</Yaw>
			</Attachment>
		</Attachment>
		<Attachment>
			<ModelHash>0xbb55760a</ModelHash>
			<Type>3</Type>
			<Dynamic>false</Dynamic>
			<FrozenPos>true</FrozenPos>
			<HashName>prop_tool_fireaxe</HashName>
			<InitialHandle>525635</InitialHandle>
			<ObjectProperties>
				<TextureVariation>0</TextureVariation>
			</ObjectProperties>
			<OpacityLevel>255</OpacityLevel>
			<LodDistance>16960</LodDistance>
			<IsVisible>true</IsVisible>
			<MaxHealth>1000</MaxHealth>
			<Health>1000</Health>
			<HasGravity>true</HasGravity>
			<IsOnFire>false</IsOnFire>
			<IsInvincible>false</IsInvincible>
			<IsBulletProof>false</IsBulletProof>
			<IsCollisionProof>false</IsCollisionProof>
			<IsExplosionProof>false</IsExplosionProof>
			<IsFireProof>false</IsFireProof>
			<IsMeleeProof>false</IsMeleeProof>
			<IsOnlyDamagedByPlayer>false</IsOnlyDamagedByPlayer>
			<PositionRotation>
				<X>1410.92773</X>
				<Y>3011.10327</Y>
				<Z>41.2823181</Z>
				<Pitch>-81.0657578</Pitch>
				<Roll>81.7595901</Roll>
				<Yaw>-179.575073</Yaw>
			</PositionRotation>
			<Attachment isAttached="true">
				<AttachedTo>43312</AttachedTo>
				<BoneIndex>0</BoneIndex>
				<X>0.257766694</X>
				<Y>-1.43731189</Y>
				<Z>1.00044346</Z>
				<Pitch>-81.0034637</Pitch>
				<Roll>81.5555573</Roll>
				<Yaw>226.004013</Yaw>
			</Attachment>
		</Attachment>
		<Attachment>
			<ModelHash>0x0f8c9ecb</ModelHash>
			<Type>3</Type>
			<Dynamic>false</Dynamic>
			<FrozenPos>true</FrozenPos>
			<HashName>prop_tool_pickaxe</HashName>
			<InitialHandle>313157</InitialHandle>
			<ObjectProperties>
				<TextureVariation>0</TextureVariation>
			</ObjectProperties>
			<OpacityLevel>255</OpacityLevel>
			<LodDistance>16960</LodDistance>
			<IsVisible>true</IsVisible>
			<MaxHealth>1000</MaxHealth>
			<Health>1000</Health>
			<HasGravity>true</HasGravity>
			<IsOnFire>false</IsOnFire>
			<IsInvincible>false</IsInvincible>
			<IsBulletProof>false</IsBulletProof>
			<IsCollisionProof>false</IsCollisionProof>
			<IsExplosionProof>false</IsExplosionProof>
			<IsFireProof>false</IsFireProof>
			<IsMeleeProof>false</IsMeleeProof>
			<IsOnlyDamagedByPlayer>false</IsOnlyDamagedByPlayer>
			<PositionRotation>
				<X>1409.95068</X>
				<Y>3010.9519</Y>
				<Z>42.2797279</Z>
				<Pitch>-88.9412994</Pitch>
				<Roll>43.0984077</Roll>
				<Yaw>-1.49165666</Yaw>
			</PositionRotation>
			<Attachment isAttached="true">
				<AttachedTo>43312</AttachedTo>
				<BoneIndex>0</BoneIndex>
				<X>-0.315519005</X>
				<Y>-2.24188757</Y>
				<Z>1.99855697</Z>
				<Pitch>-89.0037231</Pitch>
				<Roll>44.8138199</Roll>
				<Yaw>46.0041122</Yaw>
			</Attachment>
		</Attachment>
		<Attachment>
			<ModelHash>0x1e74b6cf</ModelHash>
			<Type>3</Type>
			<Dynamic>false</Dynamic>
			<FrozenPos>true</FrozenPos>
			<HashName>imp_prop_impexp_hammer_01</HashName>
			<InitialHandle>281927</InitialHandle>
			<ObjectProperties>
				<TextureVariation>0</TextureVariation>
			</ObjectProperties>
			<OpacityLevel>255</OpacityLevel>
			<LodDistance>16960</LodDistance>
			<IsVisible>true</IsVisible>
			<MaxHealth>1000</MaxHealth>
			<Health>1000</Health>
			<HasGravity>true</HasGravity>
			<IsOnFire>false</IsOnFire>
			<IsInvincible>false</IsInvincible>
			<IsBulletProof>false</IsBulletProof>
			<IsCollisionProof>false</IsCollisionProof>
			<IsExplosionProof>false</IsExplosionProof>
			<IsFireProof>false</IsFireProof>
			<IsMeleeProof>false</IsMeleeProof>
			<IsOnlyDamagedByPlayer>false</IsOnlyDamagedByPlayer>
			<PositionRotation>
				<X>1410.35095</X>
				<Y>3011.02417</Y>
				<Z>42.2814331</Z>
				<Pitch>0.0668336079</Pitch>
				<Roll>-0.000346420449</Roll>
				<Yaw>-26.4074402</Yaw>
			</PositionRotation>
			<Attachment isAttached="true">
				<AttachedTo>43312</AttachedTo>
				<BoneIndex>0</BoneIndex>
				<X>-0.0880779997</X>
				<Y>-1.90475368</Y>
				<Z>1.9999615</Z>
				<Pitch>-0.00308657321</Pitch>
				<Roll>5.01505492e-05</Roll>
				<Yaw>19.3731842</Yaw>
			</Attachment>
		</Attachment>
		<Attachment>
			<ModelHash>0x038289fe</ModelHash>
			<Type>3</Type>
			<Dynamic>false</Dynamic>
			<FrozenPos>true</FrozenPos>
			<HashName>prop_tool_sledgeham</HashName>
			<InitialHandle>10824</InitialHandle>
			<ObjectProperties>
				<TextureVariation>0</TextureVariation>
			</ObjectProperties>
			<OpacityLevel>255</OpacityLevel>
			<LodDistance>16960</LodDistance>
			<IsVisible>true</IsVisible>
			<MaxHealth>1000</MaxHealth>
			<Health>1000</Health>
			<HasGravity>true</HasGravity>
			<IsOnFire>false</IsOnFire>
			<IsInvincible>false</IsInvincible>
			<IsBulletProof>false</IsBulletProof>
			<IsCollisionProof>false</IsCollisionProof>
			<IsExplosionProof>false</IsExplosionProof>
			<IsFireProof>false</IsFireProof>
			<IsMeleeProof>false</IsMeleeProof>
			<IsOnlyDamagedByPlayer>false</IsOnlyDamagedByPlayer>
			<PositionRotation>
				<X>1410.20105</X>
				<Y>3010.45142</Y>
				<Z>42.2748718</Z>
				<Pitch>-86.9408417</Pitch>
				<Roll>45.2649879</Roll>
				<Yaw>-0.36961028</Yaw>
			</PositionRotation>
			<Attachment isAttached="true">
				<AttachedTo>43312</AttachedTo>
				<BoneIndex>0</BoneIndex>
				<X>0.217778996</X>
				<Y>-2.4115026</Y>
				<Z>1.99410629</Z>
				<Pitch>-87.0033875</Pitch>
				<Roll>45.8589325</Roll>
				<Yaw>46.0041313</Yaw>
			</Attachment>
		</Attachment>
	</SpoonerAttachments>
</Vehicle>
