<?xml version="1.0" encoding="ISO-8859-1"?>
<Vehicle menyoo_ver="0.999876778b">
	<ModelHash>0x0239e390</ModelHash>
	<InitialHandle>154888</InitialHandle>
	<VehicleProperties>
		<Colours>
			<Primary>153</Primary>
			<Secondary>153</Secondary>
			<Pearl>0</Pearl>
			<Rim>156</Rim>
			<Mod1_a>6</Mod1_a>
			<Mod1_b>-1</Mod1_b>
			<Mod1_c>-1</Mod1_c>
			<Mod2_a>6</Mod2_a>
			<Mod2_b>-1</Mod2_b>
			<IsPrimaryColourCustom>false</IsPrimaryColourCustom>
			<IsSecondaryColourCustom>false</IsSecondaryColourCustom>
			<tyreSmoke_R>255</tyreSmoke_R>
			<tyreSmoke_G>255</tyreSmoke_G>
			<tyreSmoke_B>255</tyreSmoke_B>
			<LrInterior>0</LrInterior>
			<LrDashboard>0</LrDashboard>
		</Colours>
		<Livery>-1</Livery>
		<NumberPlateText>84YFL535</NumberPlateText>
		<NumberPlateIndex>0</NumberPlateIndex>
		<WheelType>4</WheelType>
		<WheelsInvisible>false</WheelsInvisible>
		<EngineSoundName></EngineSoundName>
		<WindowTint>1</WindowTint>
		<BulletProofTyres>false</BulletProofTyres>
		<DirtLevel>7.50807524</DirtLevel>
		<PaintFade>0.298039228</PaintFade>
		<RoofState>0</RoofState>
		<SirenActive>false</SirenActive>
		<EngineOn>true</EngineOn>
		<EngineHealth>1000</EngineHealth>
		<LightsOn>false</LightsOn>
		<IsRadioLoud>0</IsRadioLoud>
		<LockStatus>1</LockStatus>
		<Neons>
			<Left>false</Left>
			<Right>false</Right>
			<Front>false</Front>
			<Back>false</Back>
			<R>255</R>
			<G>0</G>
			<B>255</B>
		</Neons>
		<ModExtras>
			<_1>false</_1>
			<_2>false</_2>
		</ModExtras>
		<Mods>
			<_0>-1,0</_0>
			<_1>-1,0</_1>
			<_2>-1,0</_2>
			<_3>-1,0</_3>
			<_4>-1,0</_4>
			<_5>0,0</_5>
			<_6>-1,0</_6>
			<_7>1,0</_7>
			<_8>-1,0</_8>
			<_9>-1,0</_9>
			<_10>-1,0</_10>
			<_11>3,0</_11>
			<_12>2,0</_12>
			<_13>2,0</_13>
			<_14>44,0</_14>
			<_15>3,0</_15>
			<_16>4,0</_16>
			<_17>false</_17>
			<_18>true</_18>
			<_19>false</_19>
			<_20>true</_20>
			<_21>false</_21>
			<_22>true</_22>
			<_23>0,0</_23>
			<_24>-1,0</_24>
			<_25>-1,0</_25>
			<_26>-1,0</_26>
			<_27>-1,0</_27>
			<_28>-1,0</_28>
			<_29>-1,0</_29>
			<_30>-1,0</_30>
			<_31>-1,0</_31>
			<_32>-1,0</_32>
			<_33>-1,0</_33>
			<_34>-1,0</_34>
			<_35>-1,0</_35>
			<_36>-1,0</_36>
			<_37>-1,0</_37>
			<_38>-1,0</_38>
			<_39>-1,0</_39>
			<_40>-1,0</_40>
			<_41>-1,0</_41>
			<_42>-1,0</_42>
			<_43>-1,0</_43>
			<_44>-1,0</_44>
			<_45>-1,0</_45>
			<_46>-1,0</_46>
			<_47>-1,0</_47>
			<_48>-1,0</_48>
		</Mods>
		<DoorsOpen>
			<BackLeftDoor>false</BackLeftDoor>
			<BackRightDoor>false</BackRightDoor>
			<FrontLeftDoor>false</FrontLeftDoor>
			<FrontRightDoor>false</FrontRightDoor>
			<Hood>false</Hood>
			<Trunk>false</Trunk>
			<Trunk2>false</Trunk2>
		</DoorsOpen>
		<DoorsBroken>
			<BackLeftDoor>false</BackLeftDoor>
			<BackRightDoor>false</BackRightDoor>
			<FrontLeftDoor>false</FrontLeftDoor>
			<FrontRightDoor>false</FrontRightDoor>
			<Hood>false</Hood>
			<Trunk>false</Trunk>
			<Trunk2>false</Trunk2>
		</DoorsBroken>
		<TyresBursted>
			<FrontLeft>false</FrontLeft>
			<FrontRight>false</FrontRight>
			<_2>false</_2>
			<_3>false</_3>
			<BackLeft>false</BackLeft>
			<BackRight>false</BackRight>
			<_6>false</_6>
			<_7>false</_7>
			<_8>false</_8>
		</TyresBursted>
		<RpmMultiplier>1</RpmMultiplier>
		<TorqueMultiplier>1</TorqueMultiplier>
		<HeadlightIntensity>1</HeadlightIntensity>
	</VehicleProperties>
	<OpacityLevel>255</OpacityLevel>
	<LodDistance>16960</LodDistance>
	<IsVisible>true</IsVisible>
	<IsDriverVisible>true</IsDriverVisible>
	<MaxHealth>1000</MaxHealth>
	<Health>1000</Health>
	<HasGravity>true</HasGravity>
	<IsOnFire>false</IsOnFire>
	<IsInvincible>false</IsInvincible>
	<IsBulletProof>false</IsBulletProof>
	<IsExplosionProof>false</IsExplosionProof>
	<IsFireProof>false</IsFireProof>
	<IsMeleeProof>false</IsMeleeProof>
	<IsOnlyDamagedByPlayer>false</IsOnlyDamagedByPlayer>
	<SpoonerAttachments SetAttachmentsPersistentAndAddToSpoonerDatabase="false" StartTaskSequencesOnLoad="true">
		<Attachment>
			<ModelHash>0x710841e5</ModelHash>
			<Type>3</Type>
			<Dynamic>false</Dynamic>
			<FrozenPos>true</FrozenPos>
			<HashName>prop_scaffold_pole</HashName>
			<InitialHandle>174857</InitialHandle>
			<ObjectProperties>
				<TextureVariation>0</TextureVariation>
			</ObjectProperties>
			<OpacityLevel>255</OpacityLevel>
			<LodDistance>16960</LodDistance>
			<IsVisible>true</IsVisible>
			<MaxHealth>1000</MaxHealth>
			<Health>1000</Health>
			<HasGravity>true</HasGravity>
			<IsOnFire>false</IsOnFire>
			<IsInvincible>false</IsInvincible>
			<IsBulletProof>false</IsBulletProof>
			<IsCollisionProof>false</IsCollisionProof>
			<IsExplosionProof>false</IsExplosionProof>
			<IsFireProof>false</IsFireProof>
			<IsMeleeProof>false</IsMeleeProof>
			<IsOnlyDamagedByPlayer>false</IsOnlyDamagedByPlayer>
			<PositionRotation>
				<X>1249.14758</X>
				<Y>3125.16943</Y>
				<Z>39.5875969</Z>
				<Pitch>1.52123928</Pitch>
				<Roll>-80.6057053</Roll>
				<Yaw>105.150009</Yaw>
			</PositionRotation>
			<Attachment isAttached="true">
				<AttachedTo>154888</AttachedTo>
				<BoneIndex>0</BoneIndex>
				<X>0.341368407</X>
				<Y>1.70010006</Y>
				<Z>-0.11643029</Z>
				<Pitch>0.784241796</Pitch>
				<Roll>-80.6167068</Roll>
				<Yaw>-180.675262</Yaw>
			</Attachment>
		</Attachment>
		<Attachment>
			<ModelHash>0x710841e5</ModelHash>
			<Type>3</Type>
			<Dynamic>false</Dynamic>
			<FrozenPos>true</FrozenPos>
			<HashName>prop_scaffold_pole</HashName>
			<InitialHandle>260617</InitialHandle>
			<ObjectProperties>
				<TextureVariation>0</TextureVariation>
			</ObjectProperties>
			<OpacityLevel>255</OpacityLevel>
			<LodDistance>16960</LodDistance>
			<IsVisible>true</IsVisible>
			<MaxHealth>1000</MaxHealth>
			<Health>1000</Health>
			<HasGravity>true</HasGravity>
			<IsOnFire>false</IsOnFire>
			<IsInvincible>false</IsInvincible>
			<IsBulletProof>false</IsBulletProof>
			<IsCollisionProof>false</IsCollisionProof>
			<IsExplosionProof>false</IsExplosionProof>
			<IsFireProof>false</IsFireProof>
			<IsMeleeProof>false</IsMeleeProof>
			<IsOnlyDamagedByPlayer>false</IsOnlyDamagedByPlayer>
			<PositionRotation>
				<X>1248.94849</X>
				<Y>3125.83276</Y>
				<Z>39.592186</Z>
				<Pitch>1.52023065</Pitch>
				<Roll>79.3431168</Roll>
				<Yaw>109.117577</Yaw>
			</PositionRotation>
			<Attachment isAttached="true">
				<AttachedTo>154888</AttachedTo>
				<BoneIndex>0</BoneIndex>
				<X>-0.35108918</X>
				<Y>1.68942463</Y>
				<Z>-0.111951366</Z>
				<Pitch>0.784240484</Pitch>
				<Roll>79.3831558</Roll>
				<Yaw>-176.708725</Yaw>
			</Attachment>
		</Attachment>
		<Attachment>
			<ModelHash>0xb0b51271</ModelHash>
			<Type>3</Type>
			<Dynamic>false</Dynamic>
			<FrozenPos>true</FrozenPos>
			<HashName>prop_rub_chassis_03</HashName>
			<InitialHandle>515344</InitialHandle>
			<ObjectProperties>
				<TextureVariation>0</TextureVariation>
			</ObjectProperties>
			<OpacityLevel>255</OpacityLevel>
			<LodDistance>16960</LodDistance>
			<IsVisible>true</IsVisible>
			<MaxHealth>1000</MaxHealth>
			<Health>1000</Health>
			<HasGravity>true</HasGravity>
			<IsOnFire>false</IsOnFire>
			<IsInvincible>false</IsInvincible>
			<IsBulletProof>false</IsBulletProof>
			<IsCollisionProof>false</IsCollisionProof>
			<IsExplosionProof>false</IsExplosionProof>
			<IsFireProof>false</IsFireProof>
			<IsMeleeProof>false</IsMeleeProof>
			<IsOnlyDamagedByPlayer>false</IsOnlyDamagedByPlayer>
			<PositionRotation>
				<X>1246.22974</X>
				<Y>3124.70215</Y>
				<Z>39.527626</Z>
				<Pitch>2.74371171</Pitch>
				<Roll>0.0333789214</Roll>
				<Yaw>106.095177</Yaw>
			</PositionRotation>
			<Attachment isAttached="true">
				<AttachedTo>154888</AttachedTo>
				<BoneIndex>13</BoneIndex>
				<X>0.750040293</X>
				<Y>-0.0211868025</Y>
				<Z>-0.219909206</Z>
				<Pitch>2.00645161</Pitch>
				<Roll>0.0344928503</Roll>
				<Yaw>-179.730362</Yaw>
			</Attachment>
		</Attachment>
		<Attachment>
			<ModelHash>0xd6cc0902</ModelHash>
			<Type>3</Type>
			<Dynamic>false</Dynamic>
			<FrozenPos>true</FrozenPos>
			<HashName>imp_prop_impexp_front_bars_01b</HashName>
			<InitialHandle>572196</InitialHandle>
			<ObjectProperties>
				<TextureVariation>0</TextureVariation>
			</ObjectProperties>
			<OpacityLevel>255</OpacityLevel>
			<LodDistance>16960</LodDistance>
			<IsVisible>true</IsVisible>
			<MaxHealth>1000</MaxHealth>
			<Health>1000</Health>
			<HasGravity>true</HasGravity>
			<IsOnFire>false</IsOnFire>
			<IsInvincible>false</IsInvincible>
			<IsBulletProof>false</IsBulletProof>
			<IsCollisionProof>false</IsCollisionProof>
			<IsExplosionProof>false</IsExplosionProof>
			<IsFireProof>false</IsFireProof>
			<IsMeleeProof>false</IsMeleeProof>
			<IsOnlyDamagedByPlayer>false</IsOnlyDamagedByPlayer>
			<PositionRotation>
				<X>1249.19971</X>
				<Y>3124.94531</Y>
				<Z>39.6738167</Z>
				<Pitch>0.0372396931</Pitch>
				<Roll>0.0098717846</Roll>
				<Yaw>-74.2773438</Yaw>
			</PositionRotation>
			<Attachment isAttached="true">
				<AttachedTo>154888</AttachedTo>
				<BoneIndex>0</BoneIndex>
				<X>0.57128948</X>
				<Y>1.68802786</Y>
				<Z>-0.0303689614</Z>
				<Pitch>0.774309516</Pitch>
				<Roll>0.013495815</Roll>
				<Yaw>-0.102874756</Yaw>
			</Attachment>
		</Attachment>
		<Attachment>
			<ModelHash>0xd6cc0902</ModelHash>
			<Type>3</Type>
			<Dynamic>false</Dynamic>
			<FrozenPos>true</FrozenPos>
			<HashName>imp_prop_impexp_front_bars_01b</HashName>
			<InitialHandle>106535</InitialHandle>
			<ObjectProperties>
				<TextureVariation>0</TextureVariation>
			</ObjectProperties>
			<OpacityLevel>255</OpacityLevel>
			<LodDistance>16960</LodDistance>
			<IsVisible>true</IsVisible>
			<MaxHealth>1000</MaxHealth>
			<Health>1000</Health>
			<HasGravity>true</HasGravity>
			<IsOnFire>false</IsOnFire>
			<IsInvincible>false</IsInvincible>
			<IsBulletProof>false</IsBulletProof>
			<IsCollisionProof>false</IsCollisionProof>
			<IsExplosionProof>false</IsExplosionProof>
			<IsFireProof>false</IsFireProof>
			<IsMeleeProof>false</IsMeleeProof>
			<IsOnlyDamagedByPlayer>false</IsOnlyDamagedByPlayer>
			<PositionRotation>
				<X>1248.62598</X>
				<Y>3125.96509</Y>
				<Z>40.2255211</Z>
				<Pitch>53.157402</Pitch>
				<Roll>179.921158</Roll>
				<Yaw>-73.9744797</Yaw>
			</PositionRotation>
			<Attachment isAttached="true">
				<AttachedTo>154888</AttachedTo>
				<BoneIndex>0</BoneIndex>
				<X>-0.566340506</X>
				<Y>1.40710139</Y>
				<Z>0.517812848</Z>
				<Pitch>53.8944664</Pitch>
				<Roll>-180.079285</Roll>
				<Yaw>0.200386047</Yaw>
			</Attachment>
		</Attachment>
		<Attachment>
			<ModelHash>0x710841e5</ModelHash>
			<Type>3</Type>
			<Dynamic>false</Dynamic>
			<FrozenPos>true</FrozenPos>
			<HashName>prop_scaffold_pole</HashName>
			<InitialHandle>246825</InitialHandle>
			<ObjectProperties>
				<TextureVariation>0</TextureVariation>
			</ObjectProperties>
			<OpacityLevel>255</OpacityLevel>
			<LodDistance>16960</LodDistance>
			<IsVisible>true</IsVisible>
			<MaxHealth>1000</MaxHealth>
			<Health>1000</Health>
			<HasGravity>true</HasGravity>
			<IsOnFire>false</IsOnFire>
			<IsInvincible>false</IsInvincible>
			<IsBulletProof>false</IsBulletProof>
			<IsCollisionProof>false</IsCollisionProof>
			<IsExplosionProof>false</IsExplosionProof>
			<IsFireProof>false</IsFireProof>
			<IsMeleeProof>false</IsMeleeProof>
			<IsOnlyDamagedByPlayer>false</IsOnlyDamagedByPlayer>
			<PositionRotation>
				<X>1248.60803</X>
				<Y>3125.05615</Y>
				<Z>40.0926247</Z>
				<Pitch>0.45343104</Pitch>
				<Roll>-133.379196</Roll>
				<Yaw>-2.2616713</Yaw>
			</PositionRotation>
			<Attachment isAttached="true">
				<AttachedTo>154888</AttachedTo>
				<BoneIndex>0</BoneIndex>
				<X>0.303227693</X>
				<Y>1.14366877</Y>
				<Z>0.381479412</Z>
				<Pitch>0.684413552</Pitch>
				<Roll>-134.079178</Roll>
				<Yaw>71.9197845</Yaw>
			</Attachment>
		</Attachment>
		<Attachment>
			<ModelHash>0x710841e5</ModelHash>
			<Type>3</Type>
			<Dynamic>false</Dynamic>
			<FrozenPos>true</FrozenPos>
			<HashName>prop_scaffold_pole</HashName>
			<InitialHandle>430633</InitialHandle>
			<ObjectProperties>
				<TextureVariation>0</TextureVariation>
			</ObjectProperties>
			<OpacityLevel>255</OpacityLevel>
			<LodDistance>16960</LodDistance>
			<IsVisible>true</IsVisible>
			<MaxHealth>1000</MaxHealth>
			<Health>1000</Health>
			<HasGravity>true</HasGravity>
			<IsOnFire>false</IsOnFire>
			<IsInvincible>false</IsInvincible>
			<IsBulletProof>false</IsBulletProof>
			<IsCollisionProof>false</IsCollisionProof>
			<IsExplosionProof>false</IsExplosionProof>
			<IsFireProof>false</IsFireProof>
			<IsMeleeProof>false</IsMeleeProof>
			<IsOnlyDamagedByPlayer>false</IsOnlyDamagedByPlayer>
			<PositionRotation>
				<X>1248.4353</X>
				<Y>3125.66235</Y>
				<Z>40.1130791</Z>
				<Pitch>-50.0526657</Pitch>
				<Roll>174.970505</Roll>
				<Yaw>-73.0016327</Yaw>
			</PositionRotation>
			<Attachment isAttached="true">
				<AttachedTo>154888</AttachedTo>
				<BoneIndex>0</BoneIndex>
				<X>-0.327120751</X>
				<Y>1.14250922</Y>
				<Z>0.401948422</Z>
				<Pitch>-49.3157082</Pitch>
				<Roll>174.950897</Roll>
				<Yaw>1.15791321</Yaw>
			</Attachment>
		</Attachment>
		<Attachment>
			<ModelHash>0xfca454b2</ModelHash>
			<Type>3</Type>
			<Dynamic>false</Dynamic>
			<FrozenPos>true</FrozenPos>
			<HashName>imp_prop_impexp_front_bars_01a</HashName>
			<InitialHandle>520238</InitialHandle>
			<ObjectProperties>
				<TextureVariation>0</TextureVariation>
			</ObjectProperties>
			<OpacityLevel>255</OpacityLevel>
			<LodDistance>16960</LodDistance>
			<IsVisible>true</IsVisible>
			<MaxHealth>1000</MaxHealth>
			<Health>1000</Health>
			<HasGravity>true</HasGravity>
			<IsOnFire>false</IsOnFire>
			<IsInvincible>false</IsInvincible>
			<IsBulletProof>false</IsBulletProof>
			<IsCollisionProof>false</IsCollisionProof>
			<IsExplosionProof>false</IsExplosionProof>
			<IsFireProof>false</IsFireProof>
			<IsMeleeProof>false</IsMeleeProof>
			<IsOnlyDamagedByPlayer>false</IsOnlyDamagedByPlayer>
			<PositionRotation>
				<X>1245.7229</X>
				<Y>3124.55566</Y>
				<Z>40.0782509</Z>
				<Pitch>1.41265237</Pitch>
				<Roll>0.454525173</Roll>
				<Yaw>105.261162</Yaw>
			</PositionRotation>
			<Attachment isAttached="true">
				<AttachedTo>154888</AttachedTo>
				<BoneIndex>0</BoneIndex>
				<X>-0.00196043216</X>
				<Y>-1.76821589</Y>
				<Z>0.329657197</Z>
				<Pitch>0.675635874</Pitch>
				<Roll>0.444964647</Roll>
				<Yaw>179.435852</Yaw>
			</Attachment>
		</Attachment>
		<Attachment>
			<ModelHash>0x710841e5</ModelHash>
			<Type>3</Type>
			<Dynamic>false</Dynamic>
			<FrozenPos>true</FrozenPos>
			<HashName>prop_scaffold_pole</HashName>
			<InitialHandle>215601</InitialHandle>
			<ObjectProperties>
				<TextureVariation>0</TextureVariation>
			</ObjectProperties>
			<OpacityLevel>255</OpacityLevel>
			<LodDistance>16960</LodDistance>
			<IsVisible>true</IsVisible>
			<MaxHealth>1000</MaxHealth>
			<Health>1000</Health>
			<HasGravity>true</HasGravity>
			<IsOnFire>false</IsOnFire>
			<IsInvincible>false</IsInvincible>
			<IsBulletProof>false</IsBulletProof>
			<IsCollisionProof>false</IsCollisionProof>
			<IsExplosionProof>false</IsExplosionProof>
			<IsFireProof>false</IsFireProof>
			<IsMeleeProof>false</IsMeleeProof>
			<IsOnlyDamagedByPlayer>false</IsOnlyDamagedByPlayer>
			<PositionRotation>
				<X>1246.16577</X>
				<Y>3124.20825</Y>
				<Z>39.6453552</Z>
				<Pitch>0.702581048</Pitch>
				<Roll>-81.2916336</Roll>
				<Yaw>-166.086334</Yaw>
			</PositionRotation>
			<Attachment isAttached="true">
				<AttachedTo>154888</AttachedTo>
				<BoneIndex>0</BoneIndex>
				<X>0.452963918</X>
				<Y>-1.43126535</Y>
				<Z>-0.0989574417</Z>
				<Pitch>0.675635636</Pitch>
				<Roll>-80.5550079</Roll>
				<Yaw>-91.9206848</Yaw>
			</Attachment>
		</Attachment>
		<Attachment>
			<ModelHash>0x710841e5</ModelHash>
			<Type>3</Type>
			<Dynamic>false</Dynamic>
			<FrozenPos>true</FrozenPos>
			<HashName>prop_scaffold_pole</HashName>
			<InitialHandle>263985</InitialHandle>
			<ObjectProperties>
				<TextureVariation>0</TextureVariation>
			</ObjectProperties>
			<OpacityLevel>255</OpacityLevel>
			<LodDistance>16960</LodDistance>
			<IsVisible>true</IsVisible>
			<MaxHealth>1000</MaxHealth>
			<Health>1000</Health>
			<HasGravity>true</HasGravity>
			<IsOnFire>false</IsOnFire>
			<IsInvincible>false</IsInvincible>
			<IsBulletProof>false</IsBulletProof>
			<IsCollisionProof>false</IsCollisionProof>
			<IsExplosionProof>false</IsExplosionProof>
			<IsFireProof>false</IsFireProof>
			<IsMeleeProof>false</IsMeleeProof>
			<IsOnlyDamagedByPlayer>false</IsOnlyDamagedByPlayer>
			<PositionRotation>
				<X>1245.88916</X>
				<Y>3125.0542</Y>
				<Z>39.6353683</Z>
				<Pitch>0.675130486</Pitch>
				<Roll>-81.2921295</Roll>
				<Yaw>-163.95192</Yaw>
			</PositionRotation>
			<Attachment isAttached="true">
				<AttachedTo>154888</AttachedTo>
				<BoneIndex>0</BoneIndex>
				<X>-0.436343789</X>
				<Y>-1.46657598</Y>
				<Z>-0.109366298</Z>
				<Pitch>0.675637782</Pitch>
				<Roll>-80.5550079</Roll>
				<Yaw>-89.7861176</Yaw>
			</Attachment>
		</Attachment>
		<Attachment>
			<ModelHash>0x710841e5</ModelHash>
			<Type>3</Type>
			<Dynamic>false</Dynamic>
			<FrozenPos>true</FrozenPos>
			<HashName>prop_scaffold_pole</HashName>
			<InitialHandle>457777</InitialHandle>
			<ObjectProperties>
				<TextureVariation>0</TextureVariation>
			</ObjectProperties>
			<OpacityLevel>255</OpacityLevel>
			<LodDistance>16960</LodDistance>
			<IsVisible>true</IsVisible>
			<MaxHealth>1000</MaxHealth>
			<Health>1000</Health>
			<HasGravity>true</HasGravity>
			<IsOnFire>false</IsOnFire>
			<IsInvincible>false</IsInvincible>
			<IsBulletProof>false</IsBulletProof>
			<IsCollisionProof>false</IsCollisionProof>
			<IsExplosionProof>false</IsExplosionProof>
			<IsFireProof>false</IsFireProof>
			<IsMeleeProof>false</IsMeleeProof>
			<IsOnlyDamagedByPlayer>false</IsOnlyDamagedByPlayer>
			<PositionRotation>
				<X>1245.92725</X>
				<Y>3124.99634</Y>
				<Z>39.6353951</Z>
				<Pitch>0.669145107</Pitch>
				<Roll>-81.2920837</Roll>
				<Yaw>-163.487076</Yaw>
			</PositionRotation>
			<Attachment isAttached="true">
				<AttachedTo>154888</AttachedTo>
				<BoneIndex>0</BoneIndex>
				<X>-0.370311856</X>
				<Y>-1.44579506</Y>
				<Z>-0.109072886</Z>
				<Pitch>0.675634801</Pitch>
				<Roll>-80.5550079</Roll>
				<Yaw>-89.321228</Yaw>
			</Attachment>
		</Attachment>
		<Attachment>
			<ModelHash>0x710841e5</ModelHash>
			<Type>3</Type>
			<Dynamic>false</Dynamic>
			<FrozenPos>true</FrozenPos>
			<HashName>prop_scaffold_pole</HashName>
			<InitialHandle>92465</InitialHandle>
			<ObjectProperties>
				<TextureVariation>0</TextureVariation>
			</ObjectProperties>
			<OpacityLevel>255</OpacityLevel>
			<LodDistance>16960</LodDistance>
			<IsVisible>true</IsVisible>
			<MaxHealth>1000</MaxHealth>
			<Health>1000</Health>
			<HasGravity>true</HasGravity>
			<IsOnFire>false</IsOnFire>
			<IsInvincible>false</IsInvincible>
			<IsBulletProof>false</IsBulletProof>
			<IsCollisionProof>false</IsCollisionProof>
			<IsExplosionProof>false</IsExplosionProof>
			<IsFireProof>false</IsFireProof>
			<IsMeleeProof>false</IsMeleeProof>
			<IsOnlyDamagedByPlayer>false</IsOnlyDamagedByPlayer>
			<PositionRotation>
				<X>1246.13586</X>
				<Y>3124.27612</Y>
				<Z>39.6442909</Z>
				<Pitch>0.686973214</Pitch>
				<Roll>-81.2919693</Roll>
				<Yaw>-164.872223</Yaw>
			</PositionRotation>
			<Attachment isAttached="true">
				<AttachedTo>154888</AttachedTo>
				<BoneIndex>0</BoneIndex>
				<X>0.379494697</X>
				<Y>-1.44154835</Y>
				<Z>-0.100153707</Z>
				<Pitch>0.675635874</Pitch>
				<Roll>-80.5549393</Roll>
				<Yaw>-90.7064972</Yaw>
			</Attachment>
		</Attachment>
		<Attachment>
			<ModelHash>0xc89630b8</ModelHash>
			<Type>3</Type>
			<Dynamic>false</Dynamic>
			<FrozenPos>true</FrozenPos>
			<HashName>prop_minigun_01</HashName>
			<InitialHandle>199478</InitialHandle>
			<ObjectProperties>
				<TextureVariation>0</TextureVariation>
			</ObjectProperties>
			<OpacityLevel>255</OpacityLevel>
			<LodDistance>16960</LodDistance>
			<IsVisible>true</IsVisible>
			<MaxHealth>1000</MaxHealth>
			<Health>1000</Health>
			<HasGravity>true</HasGravity>
			<IsOnFire>false</IsOnFire>
			<IsInvincible>false</IsInvincible>
			<IsBulletProof>false</IsBulletProof>
			<IsCollisionProof>false</IsCollisionProof>
			<IsExplosionProof>false</IsExplosionProof>
			<IsFireProof>false</IsFireProof>
			<IsMeleeProof>false</IsMeleeProof>
			<IsOnlyDamagedByPlayer>false</IsOnlyDamagedByPlayer>
			<PositionRotation>
				<X>1246.85718</X>
				<Y>3125.20483</Y>
				<Z>40.664566</Z>
				<Pitch>0.746513724</Pitch>
				<Roll>177.857986</Roll>
				<Yaw>-165.353378</Yaw>
			</PositionRotation>
			<Attachment isAttached="true">
				<AttachedTo>154888</AttachedTo>
				<BoneIndex>0</BoneIndex>
				<X>-0.317343354</X>
				<Y>-0.507487357</Y>
				<Z>0.932250142</Z>
				<Pitch>0.728987575</Pitch>
				<Roll>178.594925</Roll>
				<Yaw>-91.1883698</Yaw>
			</Attachment>
		</Attachment>
		<Attachment>
			<ModelHash>0x19314199</ModelHash>
			<Type>3</Type>
			<Dynamic>false</Dynamic>
			<FrozenPos>true</FrozenPos>
			<HashName>w_mg_minigun</HashName>
			<InitialHandle>773175</InitialHandle>
			<ObjectProperties>
				<TextureVariation>0</TextureVariation>
			</ObjectProperties>
			<OpacityLevel>255</OpacityLevel>
			<LodDistance>16960</LodDistance>
			<IsVisible>true</IsVisible>
			<MaxHealth>1000</MaxHealth>
			<Health>1000</Health>
			<HasGravity>true</HasGravity>
			<IsOnFire>false</IsOnFire>
			<IsInvincible>false</IsInvincible>
			<IsBulletProof>false</IsBulletProof>
			<IsCollisionProof>false</IsCollisionProof>
			<IsExplosionProof>false</IsExplosionProof>
			<IsFireProof>false</IsFireProof>
			<IsMeleeProof>false</IsMeleeProof>
			<IsOnlyDamagedByPlayer>false</IsOnlyDamagedByPlayer>
			<PositionRotation>
				<X>1247.05151</X>
				<Y>3124.22168</Y>
				<Z>40.2167091</Z>
				<Pitch>-83.632988</Pitch>
				<Roll>174.109802</Roll>
				<Yaw>-170.621506</Yaw>
			</PositionRotation>
			<Attachment isAttached="true">
				<AttachedTo>154888</AttachedTo>
				<BoneIndex>7</BoneIndex>
				<X>0.132106602</X>
				<Y>-0.908779144</Y>
				<Z>0.222709283</Z>
				<Pitch>-96.3243561</Pitch>
				<Roll>0.771149516</Roll>
				<Yaw>90.1735992</Yaw>
			</Attachment>
		</Attachment>
	</SpoonerAttachments>
</Vehicle>
