<?xml version="1.0" encoding="ISO-8859-1"?>
<Vehicle menyoo_ver="0.99987681b">
	<ModelHash>0xcd93a7db</ModelHash>
	<InitialHandle>354566</InitialHandle>
	<VehicleProperties>
		<Colours>
			<Primary>28</Primary>
			<Secondary>27</Secondary>
			<Pearl>28</Pearl>
			<Rim>156</Rim>
			<Mod1_a>6</Mod1_a>
			<Mod1_b>-1</Mod1_b>
			<Mod1_c>-1</Mod1_c>
			<Mod2_a>6</Mod2_a>
			<Mod2_b>-1</Mod2_b>
			<IsPrimaryColourCustom>false</IsPrimaryColourCustom>
			<IsSecondaryColourCustom>false</IsSecondaryColourCustom>
			<tyreSmoke_R>255</tyreSmoke_R>
			<tyreSmoke_G>255</tyreSmoke_G>
			<tyreSmoke_B>255</tyreSmoke_B>
			<LrInterior>0</LrInterior>
			<LrDashboard>0</LrDashboard>
		</Colours>
		<Livery>-1</Livery>
		<NumberPlateText>05SHW485</NumberPlateText>
		<NumberPlateIndex>0</NumberPlateIndex>
		<WheelType>3</WheelType>
		<WheelsInvisible>false</WheelsInvisible>
		<EngineSoundName></EngineSoundName>
		<WindowTint>-1</WindowTint>
		<BulletProofTyres>true</BulletProofTyres>
		<DirtLevel>0.0511724316</DirtLevel>
		<PaintFade>0.298039228</PaintFade>
		<RoofState>0</RoofState>
		<SirenActive>false</SirenActive>
		<EngineOn>true</EngineOn>
		<EngineHealth>1250</EngineHealth>
		<LightsOn>false</LightsOn>
		<IsRadioLoud>0</IsRadioLoud>
		<LockStatus>1</LockStatus>
		<Neons>
			<Left>false</Left>
			<Right>false</Right>
			<Front>false</Front>
			<Back>false</Back>
			<R>255</R>
			<G>0</G>
			<B>255</B>
		</Neons>
		<ModExtras />
		<Mods>
			<_0>-1,0</_0>
			<_1>-1,0</_1>
			<_2>-1,0</_2>
			<_3>-1,0</_3>
			<_4>-1,0</_4>
			<_5>-1,0</_5>
			<_6>-1,0</_6>
			<_7>-1,0</_7>
			<_8>-1,0</_8>
			<_9>-1,0</_9>
			<_10>-1,0</_10>
			<_11>3,0</_11>
			<_12>2,0</_12>
			<_13>2,0</_13>
			<_14>0,0</_14>
			<_15>-1,0</_15>
			<_16>4,0</_16>
			<_17>false</_17>
			<_18>false</_18>
			<_19>false</_19>
			<_20>false</_20>
			<_21>false</_21>
			<_22>false</_22>
			<_23>-1,0</_23>
			<_24>-1,0</_24>
			<_25>-1,0</_25>
			<_26>-1,0</_26>
			<_27>-1,0</_27>
			<_28>-1,0</_28>
			<_29>-1,0</_29>
			<_30>-1,0</_30>
			<_31>-1,0</_31>
			<_32>-1,0</_32>
			<_33>-1,0</_33>
			<_34>-1,0</_34>
			<_35>-1,0</_35>
			<_36>-1,0</_36>
			<_37>-1,0</_37>
			<_38>-1,0</_38>
			<_39>-1,0</_39>
			<_40>-1,0</_40>
			<_41>-1,0</_41>
			<_42>-1,0</_42>
			<_43>-1,0</_43>
			<_44>-1,0</_44>
			<_45>-1,0</_45>
			<_46>-1,0</_46>
			<_47>-1,0</_47>
			<_48>-1,0</_48>
		</Mods>
		<DoorsOpen>
			<BackLeftDoor>false</BackLeftDoor>
			<BackRightDoor>false</BackRightDoor>
			<FrontLeftDoor>false</FrontLeftDoor>
			<FrontRightDoor>false</FrontRightDoor>
			<Hood>false</Hood>
			<Trunk>false</Trunk>
			<Trunk2>false</Trunk2>
		</DoorsOpen>
		<DoorsBroken>
			<BackLeftDoor>false</BackLeftDoor>
			<BackRightDoor>false</BackRightDoor>
			<FrontLeftDoor>true</FrontLeftDoor>
			<FrontRightDoor>true</FrontRightDoor>
			<Hood>true</Hood>
			<Trunk>false</Trunk>
			<Trunk2>false</Trunk2>
		</DoorsBroken>
		<TyresBursted>
			<FrontLeft>false</FrontLeft>
			<FrontRight>false</FrontRight>
			<_2>false</_2>
			<_3>false</_3>
			<BackLeft>false</BackLeft>
			<BackRight>false</BackRight>
			<_6>false</_6>
			<_7>false</_7>
			<_8>false</_8>
		</TyresBursted>
		<RpmMultiplier>1</RpmMultiplier>
		<TorqueMultiplier>1</TorqueMultiplier>
		<HeadlightIntensity>1</HeadlightIntensity>
	</VehicleProperties>
	<OpacityLevel>255</OpacityLevel>
	<LodDistance>16960</LodDistance>
	<IsVisible>true</IsVisible>
	<IsDriverVisible>true</IsDriverVisible>
	<MaxHealth>1000</MaxHealth>
	<Health>1000</Health>
	<HasGravity>true</HasGravity>
	<IsOnFire>false</IsOnFire>
	<IsInvincible>false</IsInvincible>
	<IsBulletProof>false</IsBulletProof>
	<IsExplosionProof>false</IsExplosionProof>
	<IsFireProof>false</IsFireProof>
	<IsMeleeProof>false</IsMeleeProof>
	<IsOnlyDamagedByPlayer>false</IsOnlyDamagedByPlayer>
	<SpoonerAttachments SetAttachmentsPersistentAndAddToSpoonerDatabase="false" StartTaskSequencesOnLoad="true">
		<Attachment>
			<ModelHash>0x2de9f1e4</ModelHash>
			<Type>3</Type>
			<Dynamic>false</Dynamic>
			<FrozenPos>true</FrozenPos>
			<HashName>prop_diggerbkt_01</HashName>
			<InitialHandle>241159</InitialHandle>
			<ObjectProperties>
				<TextureVariation>0</TextureVariation>
			</ObjectProperties>
			<OpacityLevel>255</OpacityLevel>
			<LodDistance>16960</LodDistance>
			<IsVisible>true</IsVisible>
			<MaxHealth>1000</MaxHealth>
			<Health>1000</Health>
			<HasGravity>true</HasGravity>
			<IsOnFire>false</IsOnFire>
			<IsInvincible>false</IsInvincible>
			<IsBulletProof>false</IsBulletProof>
			<IsCollisionProof>false</IsCollisionProof>
			<IsExplosionProof>false</IsExplosionProof>
			<IsFireProof>false</IsFireProof>
			<IsMeleeProof>false</IsMeleeProof>
			<IsOnlyDamagedByPlayer>false</IsOnlyDamagedByPlayer>
			<PositionRotation>
				<X>112.10022</X>
				<Y>-2981.77539</Y>
				<Z>5.72535944</Z>
				<Pitch>46.9193001</Pitch>
				<Roll>0.271529287</Roll>
				<Yaw>177.213531</Yaw>
			</PositionRotation>
			<Attachment isAttached="true">
				<AttachedTo>354566</AttachedTo>
				<BoneIndex>35</BoneIndex>
				<X>0.853769422</X>
				<Y>1.72297168</Y>
				<Z>-1.09201348</Z>
				<Pitch>46.9591255</Pitch>
				<Roll>5.84721565e-05</Roll>
				<Yaw>0.605570793</Yaw>
			</Attachment>
		</Attachment>
		<Attachment>
			<ModelHash>0xcdd9a9e6</ModelHash>
			<Type>3</Type>
			<Dynamic>false</Dynamic>
			<FrozenPos>true</FrozenPos>
			<HashName>prop_potatodigger</HashName>
			<InitialHandle>133897</InitialHandle>
			<ObjectProperties>
				<TextureVariation>0</TextureVariation>
			</ObjectProperties>
			<OpacityLevel>255</OpacityLevel>
			<LodDistance>16960</LodDistance>
			<IsVisible>true</IsVisible>
			<MaxHealth>1000</MaxHealth>
			<Health>1000</Health>
			<HasGravity>true</HasGravity>
			<IsOnFire>false</IsOnFire>
			<IsInvincible>false</IsInvincible>
			<IsBulletProof>false</IsBulletProof>
			<IsCollisionProof>false</IsCollisionProof>
			<IsExplosionProof>false</IsExplosionProof>
			<IsFireProof>false</IsFireProof>
			<IsMeleeProof>false</IsMeleeProof>
			<IsOnlyDamagedByPlayer>false</IsOnlyDamagedByPlayer>
			<PositionRotation>
				<X>112.475891</X>
				<Y>-2975.50146</Y>
				<Z>7.70248079</Z>
				<Pitch>29.9987259</Pitch>
				<Roll>-179.786453</Roll>
				<Yaw>176.541016</Yaw>
			</PositionRotation>
			<Attachment isAttached="true">
				<AttachedTo>354566</AttachedTo>
				<BoneIndex>0</BoneIndex>
				<X>-0.0548396222</X>
				<Y>-2.21404409</Y>
				<Z>1.59146404</Z>
				<Pitch>149.959122</Pitch>
				<Roll>5.84910085e-05</Roll>
				<Yaw>179.841522</Yaw>
			</Attachment>
		</Attachment>
		<Attachment>
			<ModelHash>0x3794acc9</ModelHash>
			<Type>3</Type>
			<Dynamic>false</Dynamic>
			<FrozenPos>true</FrozenPos>
			<HashName>hei_prop_heist_emp</HashName>
			<InitialHandle>292106</InitialHandle>
			<ObjectProperties>
				<TextureVariation>0</TextureVariation>
			</ObjectProperties>
			<OpacityLevel>255</OpacityLevel>
			<LodDistance>16960</LodDistance>
			<IsVisible>true</IsVisible>
			<MaxHealth>1000</MaxHealth>
			<Health>1000</Health>
			<HasGravity>true</HasGravity>
			<IsOnFire>false</IsOnFire>
			<IsInvincible>false</IsInvincible>
			<IsBulletProof>false</IsBulletProof>
			<IsCollisionProof>false</IsCollisionProof>
			<IsExplosionProof>false</IsExplosionProof>
			<IsFireProof>false</IsFireProof>
			<IsMeleeProof>false</IsMeleeProof>
			<IsOnlyDamagedByPlayer>false</IsOnlyDamagedByPlayer>
			<PositionRotation>
				<X>112.194191</X>
				<Y>-2979.38672</Y>
				<Z>6.96632671</Z>
				<Pitch>0.144971207</Pitch>
				<Roll>0.0375243947</Roll>
				<Yaw>-91.9586258</Yaw>
			</PositionRotation>
			<Attachment isAttached="true">
				<AttachedTo>354566</AttachedTo>
				<BoneIndex>17</BoneIndex>
				<X>0.0123453103</X>
				<Y>2.46352911</Y>
				<Z>0.0885101259</Z>
				<Pitch>-0.0408734716</Pitch>
				<Roll>5.84910085e-05</Roll>
				<Yaw>91.2351074</Yaw>
			</Attachment>
		</Attachment>
		<Attachment>
			<ModelHash>0xca88e79f</ModelHash>
			<Type>3</Type>
			<Dynamic>false</Dynamic>
			<FrozenPos>true</FrozenPos>
			<HashName>prop_rub_carwreck_13</HashName>
			<InitialHandle>504587</InitialHandle>
			<ObjectProperties>
				<TextureVariation>0</TextureVariation>
			</ObjectProperties>
			<OpacityLevel>255</OpacityLevel>
			<LodDistance>16960</LodDistance>
			<IsVisible>true</IsVisible>
			<MaxHealth>1000</MaxHealth>
			<Health>1000</Health>
			<HasGravity>true</HasGravity>
			<IsOnFire>false</IsOnFire>
			<IsInvincible>false</IsInvincible>
			<IsBulletProof>false</IsBulletProof>
			<IsCollisionProof>false</IsCollisionProof>
			<IsExplosionProof>false</IsExplosionProof>
			<IsFireProof>false</IsFireProof>
			<IsMeleeProof>false</IsMeleeProof>
			<IsOnlyDamagedByPlayer>false</IsOnlyDamagedByPlayer>
			<PositionRotation>
				<X>112.355087</X>
				<Y>-2976.35718</Y>
				<Z>8.32425117</Z>
				<Pitch>-10.0807848</Pitch>
				<Roll>-179.811539</Roll>
				<Yaw>177.30249</Yaw>
			</PositionRotation>
			<Attachment isAttached="true">
				<AttachedTo>354566</AttachedTo>
				<BoneIndex>0</BoneIndex>
				<X>0.0161012542</X>
				<Y>-1.35348284</Y>
				<Z>2.21408939</Z>
				<Pitch>-10.0408726</Pitch>
				<Roll>-179.999771</Roll>
				<Yaw>0.463315248</Yaw>
			</Attachment>
		</Attachment>
		<Attachment>
			<ModelHash>0xca88e79f</ModelHash>
			<Type>3</Type>
			<Dynamic>false</Dynamic>
			<FrozenPos>true</FrozenPos>
			<HashName>prop_rub_carwreck_13</HashName>
			<InitialHandle>80908</InitialHandle>
			<ObjectProperties>
				<TextureVariation>0</TextureVariation>
			</ObjectProperties>
			<OpacityLevel>255</OpacityLevel>
			<LodDistance>16960</LodDistance>
			<IsVisible>true</IsVisible>
			<MaxHealth>1000</MaxHealth>
			<Health>1000</Health>
			<HasGravity>true</HasGravity>
			<IsOnFire>false</IsOnFire>
			<IsInvincible>false</IsInvincible>
			<IsBulletProof>false</IsBulletProof>
			<IsCollisionProof>false</IsCollisionProof>
			<IsExplosionProof>false</IsExplosionProof>
			<IsFireProof>false</IsFireProof>
			<IsMeleeProof>false</IsMeleeProof>
			<IsOnlyDamagedByPlayer>false</IsOnlyDamagedByPlayer>
			<PositionRotation>
				<X>112.360619</X>
				<Y>-2976.00562</Y>
				<Z>6.48444891</Z>
				<Pitch>-6.08080673</Pitch>
				<Roll>0.186602518</Roll>
				<Yaw>177.289291</Yaw>
			</PositionRotation>
			<Attachment isAttached="true">
				<AttachedTo>354566</AttachedTo>
				<BoneIndex>0</BoneIndex>
				<X>0.0361012742</X>
				<Y>-1.70348287</Y>
				<Z>0.374089152</Z>
				<Pitch>-6.04087257</Pitch>
				<Roll>0.000230789185</Roll>
				<Yaw>0.463315248</Yaw>
			</Attachment>
		</Attachment>
		<Attachment>
			<ModelHash>0x42ce3c8a</ModelHash>
			<Type>3</Type>
			<Dynamic>false</Dynamic>
			<FrozenPos>true</FrozenPos>
			<HashName>prop_rub_carwreck_9</HashName>
			<InitialHandle>251917</InitialHandle>
			<ObjectProperties>
				<TextureVariation>1</TextureVariation>
			</ObjectProperties>
			<OpacityLevel>255</OpacityLevel>
			<LodDistance>16960</LodDistance>
			<IsVisible>true</IsVisible>
			<MaxHealth>1000</MaxHealth>
			<Health>1000</Health>
			<HasGravity>true</HasGravity>
			<IsOnFire>false</IsOnFire>
			<IsInvincible>false</IsInvincible>
			<IsBulletProof>false</IsBulletProof>
			<IsCollisionProof>false</IsCollisionProof>
			<IsExplosionProof>false</IsExplosionProof>
			<IsFireProof>false</IsFireProof>
			<IsMeleeProof>false</IsMeleeProof>
			<IsOnlyDamagedByPlayer>false</IsOnlyDamagedByPlayer>
			<PositionRotation>
				<X>112.314911</X>
				<Y>-2977.96851</Y>
				<Z>6.69693422</Z>
				<Pitch>-4.12561464</Pitch>
				<Roll>0.144732535</Roll>
				<Yaw>176.366394</Yaw>
			</PositionRotation>
			<Attachment isAttached="true">
				<AttachedTo>354566</AttachedTo>
				<BoneIndex>0</BoneIndex>
				<X>-0.0283099692</X>
				<Y>0.258833736</Y>
				<Z>0.587787449</Z>
				<Pitch>-4.08271074</Pitch>
				<Roll>-0.0404073857</Roll>
				<Yaw>-0.453155518</Yaw>
			</Attachment>
		</Attachment>
		<Attachment>
			<ModelHash>0x97cb0224</ModelHash>
			<Type>3</Type>
			<Dynamic>false</Dynamic>
			<FrozenPos>true</FrozenPos>
			<HashName>prop_rub_carwreck_14</HashName>
			<InitialHandle>165902</InitialHandle>
			<ObjectProperties>
				<TextureVariation>0</TextureVariation>
			</ObjectProperties>
			<OpacityLevel>255</OpacityLevel>
			<LodDistance>16960</LodDistance>
			<IsVisible>true</IsVisible>
			<MaxHealth>1000</MaxHealth>
			<Health>1000</Health>
			<HasGravity>true</HasGravity>
			<IsOnFire>false</IsOnFire>
			<IsInvincible>false</IsInvincible>
			<IsBulletProof>false</IsBulletProof>
			<IsCollisionProof>false</IsCollisionProof>
			<IsExplosionProof>false</IsExplosionProof>
			<IsFireProof>false</IsFireProof>
			<IsMeleeProof>false</IsMeleeProof>
			<IsOnlyDamagedByPlayer>false</IsOnlyDamagedByPlayer>
			<PositionRotation>
				<X>112.255447</X>
				<Y>-2978.30225</Y>
				<Z>6.59712124</Z>
				<Pitch>-0.0798196569</Pitch>
				<Roll>0.185598657</Roll>
				<Yaw>177.584747</Yaw>
			</PositionRotation>
			<Attachment isAttached="true">
				<AttachedTo>354566</AttachedTo>
				<BoneIndex>0</BoneIndex>
				<X>0.0127984583</X>
				<Y>0.595331788</Y>
				<Z>0.488350183</Z>
				<Pitch>-0.0408734716</Pitch>
				<Roll>5.84910085e-05</Roll>
				<Yaw>0.778255224</Yaw>
			</Attachment>
		</Attachment>
		<Attachment>
			<ModelHash>0x7c964baf</ModelHash>
			<Type>3</Type>
			<Dynamic>false</Dynamic>
			<FrozenPos>true</FrozenPos>
			<HashName>prop_rub_carwreck_16</HashName>
			<InitialHandle>715790</InitialHandle>
			<ObjectProperties>
				<TextureVariation>0</TextureVariation>
			</ObjectProperties>
			<OpacityLevel>255</OpacityLevel>
			<LodDistance>16960</LodDistance>
			<IsVisible>true</IsVisible>
			<MaxHealth>1000</MaxHealth>
			<Health>1000</Health>
			<HasGravity>true</HasGravity>
			<IsOnFire>false</IsOnFire>
			<IsInvincible>false</IsInvincible>
			<IsBulletProof>false</IsBulletProof>
			<IsCollisionProof>false</IsCollisionProof>
			<IsExplosionProof>false</IsExplosionProof>
			<IsFireProof>false</IsFireProof>
			<IsMeleeProof>false</IsMeleeProof>
			<IsOnlyDamagedByPlayer>false</IsOnlyDamagedByPlayer>
			<PositionRotation>
				<X>110.792183</X>
				<Y>-2978.69067</Y>
				<Z>7.47960615</Z>
				<Pitch>-9.08630085</Pitch>
				<Roll>-179.813538</Roll>
				<Yaw>175.590149</Yaw>
			</PositionRotation>
			<Attachment isAttached="true">
				<AttachedTo>354566</AttachedTo>
				<BoneIndex>0</BoneIndex>
				<X>1.4492923</X>
				<Y>1.06407332</Y>
				<Z>1.37581706</Z>
				<Pitch>-9.04087257</Pitch>
				<Roll>-179.999939</Roll>
				<Yaw>-1.2454958</Yaw>
			</Attachment>
		</Attachment>
		<Attachment>
			<ModelHash>0x7c964baf</ModelHash>
			<Type>3</Type>
			<Dynamic>false</Dynamic>
			<FrozenPos>true</FrozenPos>
			<HashName>prop_rub_carwreck_16</HashName>
			<InitialHandle>71184</InitialHandle>
			<ObjectProperties>
				<TextureVariation>0</TextureVariation>
			</ObjectProperties>
			<OpacityLevel>255</OpacityLevel>
			<LodDistance>16960</LodDistance>
			<IsVisible>true</IsVisible>
			<MaxHealth>1000</MaxHealth>
			<Health>1000</Health>
			<HasGravity>true</HasGravity>
			<IsOnFire>false</IsOnFire>
			<IsInvincible>false</IsInvincible>
			<IsBulletProof>false</IsBulletProof>
			<IsCollisionProof>false</IsCollisionProof>
			<IsExplosionProof>false</IsExplosionProof>
			<IsFireProof>false</IsFireProof>
			<IsMeleeProof>false</IsMeleeProof>
			<IsOnlyDamagedByPlayer>false</IsOnlyDamagedByPlayer>
			<PositionRotation>
				<X>113.756439</X>
				<Y>-2978.87622</Y>
				<Z>7.48918104</Z>
				<Pitch>-9.08630085</Pitch>
				<Roll>-179.813538</Roll>
				<Yaw>175.590149</Yaw>
			</PositionRotation>
			<Attachment isAttached="true">
				<AttachedTo>354566</AttachedTo>
				<BoneIndex>0</BoneIndex>
				<X>-1.52070796</X>
				<Y>1.08407331</Y>
				<Z>1.37581706</Z>
				<Pitch>-9.04087257</Pitch>
				<Roll>-179.999939</Roll>
				<Yaw>-1.2454958</Yaw>
			</Attachment>
		</Attachment>
		<Attachment>
			<ModelHash>0x7c964baf</ModelHash>
			<Type>3</Type>
			<Dynamic>false</Dynamic>
			<FrozenPos>true</FrozenPos>
			<HashName>prop_rub_carwreck_16</HashName>
			<InitialHandle>504848</InitialHandle>
			<ObjectProperties>
				<TextureVariation>0</TextureVariation>
			</ObjectProperties>
			<OpacityLevel>255</OpacityLevel>
			<LodDistance>16960</LodDistance>
			<IsVisible>true</IsVisible>
			<MaxHealth>1000</MaxHealth>
			<Health>1000</Health>
			<HasGravity>true</HasGravity>
			<IsOnFire>false</IsOnFire>
			<IsInvincible>false</IsInvincible>
			<IsBulletProof>false</IsBulletProof>
			<IsCollisionProof>false</IsCollisionProof>
			<IsExplosionProof>false</IsExplosionProof>
			<IsFireProof>false</IsFireProof>
			<IsMeleeProof>false</IsMeleeProof>
			<IsOnlyDamagedByPlayer>false</IsOnlyDamagedByPlayer>
			<PositionRotation>
				<X>114.069382</X>
				<Y>-2975.7688</Y>
				<Z>7.69188976</Z>
				<Pitch>0.913648188</Pitch>
				<Roll>-179.815857</Roll>
				<Yaw>175.557785</Yaw>
			</PositionRotation>
			<Attachment isAttached="true">
				<AttachedTo>354566</AttachedTo>
				<BoneIndex>0</BoneIndex>
				<X>-1.66070771</X>
				<Y>-2.03592706</Y>
				<Z>1.57581711</Z>
				<Pitch>0.959127009</Pitch>
				<Roll>-179.999939</Roll>
				<Yaw>-1.2454958</Yaw>
			</Attachment>
		</Attachment>
		<Attachment>
			<ModelHash>0x7c964baf</ModelHash>
			<Type>3</Type>
			<Dynamic>false</Dynamic>
			<FrozenPos>true</FrozenPos>
			<HashName>prop_rub_carwreck_16</HashName>
			<InitialHandle>69905</InitialHandle>
			<ObjectProperties>
				<TextureVariation>0</TextureVariation>
			</ObjectProperties>
			<OpacityLevel>255</OpacityLevel>
			<LodDistance>16960</LodDistance>
			<IsVisible>true</IsVisible>
			<MaxHealth>1000</MaxHealth>
			<Health>1000</Health>
			<HasGravity>true</HasGravity>
			<IsOnFire>false</IsOnFire>
			<IsInvincible>false</IsInvincible>
			<IsBulletProof>false</IsBulletProof>
			<IsCollisionProof>false</IsCollisionProof>
			<IsExplosionProof>false</IsExplosionProof>
			<IsFireProof>false</IsFireProof>
			<IsMeleeProof>false</IsMeleeProof>
			<IsOnlyDamagedByPlayer>false</IsOnlyDamagedByPlayer>
			<PositionRotation>
				<X>110.864388</X>
				<Y>-2975.59009</Y>
				<Z>7.68152571</Z>
				<Pitch>0.913648188</Pitch>
				<Roll>-179.815857</Roll>
				<Yaw>175.557785</Yaw>
			</PositionRotation>
			<Attachment isAttached="true">
				<AttachedTo>354566</AttachedTo>
				<BoneIndex>0</BoneIndex>
				<X>1.54929233</X>
				<Y>-2.03592706</Y>
				<Z>1.57581711</Z>
				<Pitch>0.959127009</Pitch>
				<Roll>-179.999939</Roll>
				<Yaw>-1.2454958</Yaw>
			</Attachment>
		</Attachment>
		<Attachment>
			<ModelHash>0x7f7927ac</ModelHash>
			<Type>3</Type>
			<Dynamic>false</Dynamic>
			<FrozenPos>true</FrozenPos>
			<HashName>prop_gascyl_02a</HashName>
			<InitialHandle>668179</InitialHandle>
			<ObjectProperties>
				<TextureVariation>0</TextureVariation>
			</ObjectProperties>
			<OpacityLevel>255</OpacityLevel>
			<LodDistance>16960</LodDistance>
			<IsVisible>true</IsVisible>
			<MaxHealth>1000</MaxHealth>
			<Health>1000</Health>
			<HasGravity>true</HasGravity>
			<IsOnFire>false</IsOnFire>
			<IsInvincible>false</IsInvincible>
			<IsBulletProof>false</IsBulletProof>
			<IsCollisionProof>false</IsCollisionProof>
			<IsExplosionProof>false</IsExplosionProof>
			<IsFireProof>false</IsFireProof>
			<IsMeleeProof>false</IsMeleeProof>
			<IsOnlyDamagedByPlayer>false</IsOnlyDamagedByPlayer>
			<PositionRotation>
				<X>113.320702</X>
				<Y>-2977.03784</Y>
				<Z>6.00807762</Z>
				<Pitch>-0.224668786</Pitch>
				<Roll>-90.0464249</Roll>
				<Yaw>85.2445068</Yaw>
			</PositionRotation>
			<Attachment isAttached="true">
				<AttachedTo>354566</AttachedTo>
				<BoneIndex>0</BoneIndex>
				<X>-0.978458405</X>
				<Y>-0.725897193</Y>
				<Z>-0.104853153</Z>
				<Pitch>-0.0408734716</Pitch>
				<Roll>-89.999939</Roll>
				<Yaw>-91.5616837</Yaw>
			</Attachment>
		</Attachment>
		<Attachment>
			<ModelHash>0x7f7927ac</ModelHash>
			<Type>3</Type>
			<Dynamic>false</Dynamic>
			<FrozenPos>true</FrozenPos>
			<HashName>prop_gascyl_02a</HashName>
			<InitialHandle>311572</InitialHandle>
			<ObjectProperties>
				<TextureVariation>0</TextureVariation>
			</ObjectProperties>
			<OpacityLevel>255</OpacityLevel>
			<LodDistance>16960</LodDistance>
			<IsVisible>true</IsVisible>
			<MaxHealth>1000</MaxHealth>
			<Health>1000</Health>
			<HasGravity>true</HasGravity>
			<IsOnFire>false</IsOnFire>
			<IsInvincible>false</IsInvincible>
			<IsBulletProof>false</IsBulletProof>
			<IsCollisionProof>false</IsCollisionProof>
			<IsExplosionProof>false</IsExplosionProof>
			<IsFireProof>false</IsFireProof>
			<IsMeleeProof>false</IsMeleeProof>
			<IsOnlyDamagedByPlayer>false</IsOnlyDamagedByPlayer>
			<PositionRotation>
				<X>113.321617</X>
				<Y>-2977.03784</Y>
				<Z>5.72807932</Z>
				<Pitch>-0.224668786</Pitch>
				<Roll>-90.0464249</Roll>
				<Yaw>85.2445068</Yaw>
			</PositionRotation>
			<Attachment isAttached="true">
				<AttachedTo>354566</AttachedTo>
				<BoneIndex>0</BoneIndex>
				<X>-0.978458405</X>
				<Y>-0.725897193</Y>
				<Z>-0.384853095</Z>
				<Pitch>-0.0408734716</Pitch>
				<Roll>-89.999939</Roll>
				<Yaw>-91.5616837</Yaw>
			</Attachment>
		</Attachment>
		<Attachment>
			<ModelHash>0x7f7927ac</ModelHash>
			<Type>3</Type>
			<Dynamic>false</Dynamic>
			<FrozenPos>true</FrozenPos>
			<HashName>prop_gascyl_02a</HashName>
			<InitialHandle>514324</InitialHandle>
			<ObjectProperties>
				<TextureVariation>0</TextureVariation>
			</ObjectProperties>
			<OpacityLevel>255</OpacityLevel>
			<LodDistance>16960</LodDistance>
			<IsVisible>true</IsVisible>
			<MaxHealth>1000</MaxHealth>
			<Health>1000</Health>
			<HasGravity>true</HasGravity>
			<IsOnFire>false</IsOnFire>
			<IsInvincible>false</IsInvincible>
			<IsBulletProof>false</IsBulletProof>
			<IsCollisionProof>false</IsCollisionProof>
			<IsExplosionProof>false</IsExplosionProof>
			<IsFireProof>false</IsFireProof>
			<IsMeleeProof>false</IsMeleeProof>
			<IsOnlyDamagedByPlayer>false</IsOnlyDamagedByPlayer>
			<PositionRotation>
				<X>111.323822</X>
				<Y>-2976.92651</Y>
				<Z>6.00162029</Z>
				<Pitch>-0.224668786</Pitch>
				<Roll>-90.0464249</Roll>
				<Yaw>85.2445068</Yaw>
			</PositionRotation>
			<Attachment isAttached="true">
				<AttachedTo>354566</AttachedTo>
				<BoneIndex>0</BoneIndex>
				<X>1.02154171</X>
				<Y>-0.725897193</Y>
				<Z>-0.104853153</Z>
				<Pitch>-0.0408734716</Pitch>
				<Roll>-89.999939</Roll>
				<Yaw>-91.5616837</Yaw>
			</Attachment>
		</Attachment>
		<Attachment>
			<ModelHash>0x7f7927ac</ModelHash>
			<Type>3</Type>
			<Dynamic>false</Dynamic>
			<FrozenPos>true</FrozenPos>
			<HashName>prop_gascyl_02a</HashName>
			<InitialHandle>748820</InitialHandle>
			<ObjectProperties>
				<TextureVariation>0</TextureVariation>
			</ObjectProperties>
			<OpacityLevel>255</OpacityLevel>
			<LodDistance>16960</LodDistance>
			<IsVisible>true</IsVisible>
			<MaxHealth>1000</MaxHealth>
			<Health>1000</Health>
			<HasGravity>true</HasGravity>
			<IsOnFire>false</IsOnFire>
			<IsInvincible>false</IsInvincible>
			<IsBulletProof>false</IsBulletProof>
			<IsCollisionProof>false</IsCollisionProof>
			<IsExplosionProof>false</IsExplosionProof>
			<IsFireProof>false</IsFireProof>
			<IsMeleeProof>false</IsMeleeProof>
			<IsOnlyDamagedByPlayer>false</IsOnlyDamagedByPlayer>
			<PositionRotation>
				<X>111.325027</X>
				<Y>-2976.92627</Y>
				<Z>5.63162231</Z>
				<Pitch>-0.224668786</Pitch>
				<Roll>-90.0464249</Roll>
				<Yaw>85.2445068</Yaw>
			</PositionRotation>
			<Attachment isAttached="true">
				<AttachedTo>354566</AttachedTo>
				<BoneIndex>0</BoneIndex>
				<X>1.02154171</X>
				<Y>-0.725897193</Y>
				<Z>-0.474853158</Z>
				<Pitch>-0.0408734716</Pitch>
				<Roll>-89.999939</Roll>
				<Yaw>-91.5616837</Yaw>
			</Attachment>
		</Attachment>
		<Attachment>
			<ModelHash>0x7a845307</ModelHash>
			<Type>3</Type>
			<Dynamic>false</Dynamic>
			<FrozenPos>true</FrozenPos>
			<HashName>ex_prop_crate_ammo_sc</HashName>
			<InitialHandle>514837</InitialHandle>
			<ObjectProperties>
				<TextureVariation>0</TextureVariation>
			</ObjectProperties>
			<OpacityLevel>255</OpacityLevel>
			<LodDistance>16960</LodDistance>
			<IsVisible>true</IsVisible>
			<MaxHealth>1000</MaxHealth>
			<Health>1000</Health>
			<HasGravity>true</HasGravity>
			<IsOnFire>false</IsOnFire>
			<IsInvincible>false</IsInvincible>
			<IsBulletProof>false</IsBulletProof>
			<IsCollisionProof>false</IsCollisionProof>
			<IsExplosionProof>false</IsExplosionProof>
			<IsFireProof>false</IsFireProof>
			<IsMeleeProof>false</IsMeleeProof>
			<IsOnlyDamagedByPlayer>false</IsOnlyDamagedByPlayer>
			<PositionRotation>
				<X>112.390945</X>
				<Y>-2974.33496</Y>
				<Z>8.0936594</Z>
				<Pitch>0.0014091325</Pitch>
				<Roll>-0.184749797</Roll>
				<Yaw>-3.44769001</Yaw>
			</PositionRotation>
			<Attachment isAttached="true">
				<AttachedTo>354566</AttachedTo>
				<BoneIndex>0</BoneIndex>
				<X>0.0936966613</X>
				<Y>-3.37429953</Y>
				<Z>1.98228443</Z>
				<Pitch>-0.0408734716</Pitch>
				<Roll>5.84910085e-05</Roll>
				<Yaw>179.746078</Yaw>
			</Attachment>
		</Attachment>
	</SpoonerAttachments>
</Vehicle>
