<?xml version="1.0" encoding="ISO-8859-1"?>
<Vehicle menyoo_ver="0.99987681b">
	<ModelHash>0x02e19879</ModelHash>
	<InitialHandle>313609</InitialHandle>
	<VehicleProperties>
		<Colours>
			<Primary>86</Primary>
			<Secondary>46</Secondary>
			<Pearl>4</Pearl>
			<Rim>156</Rim>
			<Mod1_a>0</Mod1_a>
			<Mod1_b>0</Mod1_b>
			<Mod1_c>0</Mod1_c>
			<Mod2_a>0</Mod2_a>
			<Mod2_b>0</Mod2_b>
			<IsPrimaryColourCustom>false</IsPrimaryColourCustom>
			<IsSecondaryColourCustom>false</IsSecondaryColourCustom>
			<tyreSmoke_R>255</tyreSmoke_R>
			<tyreSmoke_G>255</tyreSmoke_G>
			<tyreSmoke_B>255</tyreSmoke_B>
			<LrInterior>0</LrInterior>
			<LrDashboard>0</LrDashboard>
		</Colours>
		<Livery>-1</Livery>
		<NumberPlateText>46EMZ471</NumberPlateText>
		<NumberPlateIndex>0</NumberPlateIndex>
		<WheelType>0</WheelType>
		<WheelsInvisible>false</WheelsInvisible>
		<EngineSoundName></EngineSoundName>
		<WindowTint>-1</WindowTint>
		<BulletProofTyres>false</BulletProofTyres>
		<DirtLevel>0.039699059</DirtLevel>
		<PaintFade>0.298039228</PaintFade>
		<RoofState>0</RoofState>
		<SirenActive>false</SirenActive>
		<EngineOn>true</EngineOn>
		<EngineHealth>1000</EngineHealth>
		<LightsOn>false</LightsOn>
		<IsRadioLoud>0</IsRadioLoud>
		<LockStatus>1</LockStatus>
		<Neons>
			<Left>false</Left>
			<Right>false</Right>
			<Front>false</Front>
			<Back>false</Back>
			<R>255</R>
			<G>0</G>
			<B>255</B>
		</Neons>
		<ModExtras>
			<_1>true</_1>
			<_2>true</_2>
		</ModExtras>
		<Mods>
			<_0>-1,0</_0>
			<_1>-1,0</_1>
			<_2>-1,0</_2>
			<_3>-1,0</_3>
			<_4>-1,0</_4>
			<_5>-1,0</_5>
			<_6>-1,0</_6>
			<_7>-1,0</_7>
			<_8>-1,0</_8>
			<_9>-1,0</_9>
			<_10>-1,0</_10>
			<_11>-1,0</_11>
			<_12>-1,0</_12>
			<_13>-1,0</_13>
			<_14>-1,0</_14>
			<_15>-1,0</_15>
			<_16>-1,0</_16>
			<_17>false</_17>
			<_18>false</_18>
			<_19>false</_19>
			<_20>false</_20>
			<_21>false</_21>
			<_22>false</_22>
			<_23>-1,0</_23>
			<_24>-1,0</_24>
			<_25>-1,0</_25>
			<_26>-1,0</_26>
			<_27>-1,0</_27>
			<_28>-1,0</_28>
			<_29>-1,0</_29>
			<_30>-1,0</_30>
			<_31>-1,0</_31>
			<_32>-1,0</_32>
			<_33>-1,0</_33>
			<_34>-1,0</_34>
			<_35>-1,0</_35>
			<_36>-1,0</_36>
			<_37>-1,0</_37>
			<_38>-1,0</_38>
			<_39>-1,0</_39>
			<_40>-1,0</_40>
			<_41>-1,0</_41>
			<_42>-1,0</_42>
			<_43>-1,0</_43>
			<_44>-1,0</_44>
			<_45>-1,0</_45>
			<_46>-1,0</_46>
			<_47>-1,0</_47>
			<_48>-1,0</_48>
		</Mods>
		<DoorsOpen>
			<BackLeftDoor>false</BackLeftDoor>
			<BackRightDoor>false</BackRightDoor>
			<FrontLeftDoor>false</FrontLeftDoor>
			<FrontRightDoor>false</FrontRightDoor>
			<Hood>false</Hood>
			<Trunk>false</Trunk>
			<Trunk2>false</Trunk2>
		</DoorsOpen>
		<DoorsBroken>
			<BackLeftDoor>false</BackLeftDoor>
			<BackRightDoor>false</BackRightDoor>
			<FrontLeftDoor>true</FrontLeftDoor>
			<FrontRightDoor>true</FrontRightDoor>
			<Hood>true</Hood>
			<Trunk>false</Trunk>
			<Trunk2>false</Trunk2>
		</DoorsBroken>
		<TyresBursted>
			<FrontLeft>false</FrontLeft>
			<FrontRight>false</FrontRight>
			<_2>false</_2>
			<_3>false</_3>
			<BackLeft>false</BackLeft>
			<BackRight>false</BackRight>
			<_6>false</_6>
			<_7>false</_7>
			<_8>false</_8>
		</TyresBursted>
		<RpmMultiplier>1</RpmMultiplier>
		<TorqueMultiplier>1</TorqueMultiplier>
		<HeadlightIntensity>1</HeadlightIntensity>
	</VehicleProperties>
	<OpacityLevel>255</OpacityLevel>
	<LodDistance>16960</LodDistance>
	<IsVisible>true</IsVisible>
	<IsDriverVisible>true</IsDriverVisible>
	<MaxHealth>1000</MaxHealth>
	<Health>1000</Health>
	<HasGravity>true</HasGravity>
	<IsOnFire>false</IsOnFire>
	<IsInvincible>false</IsInvincible>
	<IsBulletProof>false</IsBulletProof>
	<IsExplosionProof>false</IsExplosionProof>
	<IsFireProof>false</IsFireProof>
	<IsMeleeProof>false</IsMeleeProof>
	<IsOnlyDamagedByPlayer>false</IsOnlyDamagedByPlayer>
	<SpoonerAttachments SetAttachmentsPersistentAndAddToSpoonerDatabase="false" StartTaskSequencesOnLoad="true">
		<Attachment>
			<ModelHash>0xcdd9a9e6</ModelHash>
			<Type>3</Type>
			<Dynamic>false</Dynamic>
			<FrozenPos>true</FrozenPos>
			<HashName>prop_potatodigger</HashName>
			<InitialHandle>524042</InitialHandle>
			<ObjectProperties>
				<TextureVariation>0</TextureVariation>
			</ObjectProperties>
			<OpacityLevel>255</OpacityLevel>
			<LodDistance>16960</LodDistance>
			<IsVisible>true</IsVisible>
			<MaxHealth>1000</MaxHealth>
			<Health>1000</Health>
			<HasGravity>true</HasGravity>
			<IsOnFire>false</IsOnFire>
			<IsInvincible>false</IsInvincible>
			<IsBulletProof>false</IsBulletProof>
			<IsCollisionProof>false</IsCollisionProof>
			<IsExplosionProof>false</IsExplosionProof>
			<IsFireProof>false</IsFireProof>
			<IsMeleeProof>false</IsMeleeProof>
			<IsOnlyDamagedByPlayer>false</IsOnlyDamagedByPlayer>
			<PositionRotation>
				<X>868.430603</X>
				<Y>-2913.09546</Y>
				<Z>5.49986839</Z>
				<Pitch>8.00158787</Pitch>
				<Roll>0.0110582178</Roll>
				<Yaw>89.0720749</Yaw>
			</PositionRotation>
			<Attachment isAttached="true">
				<AttachedTo>313609</AttachedTo>
				<BoneIndex>0</BoneIndex>
				<X>-0.0109899752</X>
				<Y>1.9856528</Y>
				<Z>-0.0327645242</Z>
				<Pitch>8.00998497</Pitch>
				<Roll>0.000912603631</Roll>
				<Yaw>180.195923</Yaw>
			</Attachment>
		</Attachment>
		<Attachment>
			<ModelHash>0xcdd9a9e6</ModelHash>
			<Type>3</Type>
			<Dynamic>false</Dynamic>
			<FrozenPos>true</FrozenPos>
			<HashName>prop_potatodigger</HashName>
			<InitialHandle>222475</InitialHandle>
			<ObjectProperties>
				<TextureVariation>0</TextureVariation>
			</ObjectProperties>
			<OpacityLevel>255</OpacityLevel>
			<LodDistance>16960</LodDistance>
			<IsVisible>true</IsVisible>
			<MaxHealth>1000</MaxHealth>
			<Health>1000</Health>
			<HasGravity>true</HasGravity>
			<IsOnFire>false</IsOnFire>
			<IsInvincible>false</IsInvincible>
			<IsBulletProof>false</IsBulletProof>
			<IsCollisionProof>false</IsCollisionProof>
			<IsExplosionProof>false</IsExplosionProof>
			<IsFireProof>false</IsFireProof>
			<IsMeleeProof>false</IsMeleeProof>
			<IsOnlyDamagedByPlayer>false</IsOnlyDamagedByPlayer>
			<PositionRotation>
				<X>868.416931</X>
				<Y>-2913.79541</Y>
				<Z>5.49999094</Z>
				<Pitch>8.00158787</Pitch>
				<Roll>0.0110582178</Roll>
				<Yaw>89.0720749</Yaw>
			</PositionRotation>
			<Attachment isAttached="true">
				<AttachedTo>313609</AttachedTo>
				<BoneIndex>0</BoneIndex>
				<X>0.689010024</X>
				<Y>1.9856528</Y>
				<Z>-0.0327645242</Z>
				<Pitch>8.00998497</Pitch>
				<Roll>0.000912603631</Roll>
				<Yaw>180.195923</Yaw>
			</Attachment>
		</Attachment>
		<Attachment>
			<ModelHash>0xcdd9a9e6</ModelHash>
			<Type>3</Type>
			<Dynamic>false</Dynamic>
			<FrozenPos>true</FrozenPos>
			<HashName>prop_potatodigger</HashName>
			<InitialHandle>440331</InitialHandle>
			<ObjectProperties>
				<TextureVariation>0</TextureVariation>
			</ObjectProperties>
			<OpacityLevel>255</OpacityLevel>
			<LodDistance>16960</LodDistance>
			<IsVisible>true</IsVisible>
			<MaxHealth>1000</MaxHealth>
			<Health>1000</Health>
			<HasGravity>true</HasGravity>
			<IsOnFire>false</IsOnFire>
			<IsInvincible>false</IsInvincible>
			<IsBulletProof>false</IsBulletProof>
			<IsCollisionProof>false</IsCollisionProof>
			<IsExplosionProof>false</IsExplosionProof>
			<IsFireProof>false</IsFireProof>
			<IsMeleeProof>false</IsMeleeProof>
			<IsOnlyDamagedByPlayer>false</IsOnlyDamagedByPlayer>
			<PositionRotation>
				<X>868.444336</X>
				<Y>-2912.39575</Y>
				<Z>5.49974632</Z>
				<Pitch>8.00158787</Pitch>
				<Roll>0.0110582178</Roll>
				<Yaw>89.0720749</Yaw>
			</PositionRotation>
			<Attachment isAttached="true">
				<AttachedTo>313609</AttachedTo>
				<BoneIndex>0</BoneIndex>
				<X>-0.710989952</X>
				<Y>1.9856528</Y>
				<Z>-0.0327645242</Z>
				<Pitch>8.00998497</Pitch>
				<Roll>0.000912603631</Roll>
				<Yaw>180.195923</Yaw>
			</Attachment>
		</Attachment>
		<Attachment>
			<ModelHash>0x2de9f1e4</ModelHash>
			<Type>3</Type>
			<Dynamic>false</Dynamic>
			<FrozenPos>true</FrozenPos>
			<HashName>prop_diggerbkt_01</HashName>
			<InitialHandle>238348</InitialHandle>
			<ObjectProperties>
				<TextureVariation>0</TextureVariation>
			</ObjectProperties>
			<OpacityLevel>255</OpacityLevel>
			<LodDistance>16960</LodDistance>
			<IsVisible>true</IsVisible>
			<MaxHealth>1000</MaxHealth>
			<Health>1000</Health>
			<HasGravity>true</HasGravity>
			<IsOnFire>false</IsOnFire>
			<IsInvincible>false</IsInvincible>
			<IsBulletProof>false</IsBulletProof>
			<IsCollisionProof>false</IsCollisionProof>
			<IsExplosionProof>false</IsExplosionProof>
			<IsFireProof>false</IsFireProof>
			<IsMeleeProof>false</IsMeleeProof>
			<IsOnlyDamagedByPlayer>false</IsOnlyDamagedByPlayer>
			<PositionRotation>
				<X>869.963989</X>
				<Y>-2913.06787</Y>
				<Z>6.57157469</Z>
				<Pitch>-50.0016823</Pitch>
				<Roll>179.985153</Roll>
				<Yaw>-90.4646835</Yaw>
			</PositionRotation>
			<Attachment isAttached="true">
				<AttachedTo>313609</AttachedTo>
				<BoneIndex>0</BoneIndex>
				<X>-0.0684657395</X>
				<Y>3.51837039</Y>
				<Z>1.03872609</Z>
				<Pitch>-129.990005</Pitch>
				<Roll>0.000912666321</Roll>
				<Yaw>180.6698</Yaw>
			</Attachment>
		</Attachment>
		<Attachment>
			<ModelHash>0x2de9f1e4</ModelHash>
			<Type>3</Type>
			<Dynamic>false</Dynamic>
			<FrozenPos>true</FrozenPos>
			<HashName>prop_diggerbkt_01</HashName>
			<InitialHandle>767500</InitialHandle>
			<ObjectProperties>
				<TextureVariation>0</TextureVariation>
			</ObjectProperties>
			<OpacityLevel>255</OpacityLevel>
			<LodDistance>16960</LodDistance>
			<IsVisible>true</IsVisible>
			<MaxHealth>1000</MaxHealth>
			<Health>1000</Health>
			<HasGravity>true</HasGravity>
			<IsOnFire>false</IsOnFire>
			<IsInvincible>false</IsInvincible>
			<IsBulletProof>false</IsBulletProof>
			<IsCollisionProof>false</IsCollisionProof>
			<IsExplosionProof>false</IsExplosionProof>
			<IsFireProof>false</IsFireProof>
			<IsMeleeProof>false</IsMeleeProof>
			<IsOnlyDamagedByPlayer>false</IsOnlyDamagedByPlayer>
			<PositionRotation>
				<X>869.063904</X>
				<Y>-2913.06006</Y>
				<Z>7.17144394</Z>
				<Pitch>-13.0016766</Pitch>
				<Roll>179.990509</Roll>
				<Yaw>-90.4549561</Yaw>
			</PositionRotation>
			<Attachment isAttached="true">
				<AttachedTo>313609</AttachedTo>
				<BoneIndex>0</BoneIndex>
				<X>-0.0584657341</X>
				<Y>2.61837125</Y>
				<Z>1.63872623</Z>
				<Pitch>-166.990005</Pitch>
				<Roll>0.000912666321</Roll>
				<Yaw>180.6698</Yaw>
			</Attachment>
		</Attachment>
		<Attachment>
			<ModelHash>0x2de9f1e4</ModelHash>
			<Type>3</Type>
			<Dynamic>false</Dynamic>
			<FrozenPos>true</FrozenPos>
			<HashName>prop_diggerbkt_01</HashName>
			<InitialHandle>386317</InitialHandle>
			<ObjectProperties>
				<TextureVariation>0</TextureVariation>
			</ObjectProperties>
			<OpacityLevel>255</OpacityLevel>
			<LodDistance>16960</LodDistance>
			<IsVisible>true</IsVisible>
			<MaxHealth>1000</MaxHealth>
			<Health>1000</Health>
			<HasGravity>true</HasGravity>
			<IsOnFire>false</IsOnFire>
			<IsInvincible>false</IsInvincible>
			<IsBulletProof>false</IsBulletProof>
			<IsCollisionProof>false</IsCollisionProof>
			<IsExplosionProof>false</IsExplosionProof>
			<IsFireProof>false</IsFireProof>
			<IsMeleeProof>false</IsMeleeProof>
			<IsOnlyDamagedByPlayer>false</IsOnlyDamagedByPlayer>
			<PositionRotation>
				<X>868.063904</X>
				<Y>-2913.05054</Y>
				<Z>7.27129889</Z>
				<Pitch>3.99831223</Pitch>
				<Roll>179.990753</Roll>
				<Yaw>-90.4519196</Yaw>
			</PositionRotation>
			<Attachment isAttached="true">
				<AttachedTo>313609</AttachedTo>
				<BoneIndex>0</BoneIndex>
				<X>-0.0484657288</X>
				<Y>1.61837173</Y>
				<Z>1.73872626</Z>
				<Pitch>176.009995</Pitch>
				<Roll>0.000912666321</Roll>
				<Yaw>180.6698</Yaw>
			</Attachment>
		</Attachment>
		<Attachment>
			<ModelHash>0x5580fd85</ModelHash>
			<Type>3</Type>
			<Dynamic>false</Dynamic>
			<FrozenPos>true</FrozenPos>
			<HashName>prop_rub_carwreck_12</HashName>
			<InitialHandle>51983</InitialHandle>
			<ObjectProperties>
				<TextureVariation>0</TextureVariation>
			</ObjectProperties>
			<OpacityLevel>255</OpacityLevel>
			<LodDistance>16960</LodDistance>
			<IsVisible>true</IsVisible>
			<MaxHealth>1000</MaxHealth>
			<Health>1000</Health>
			<HasGravity>true</HasGravity>
			<IsOnFire>false</IsOnFire>
			<IsInvincible>false</IsInvincible>
			<IsBulletProof>false</IsBulletProof>
			<IsCollisionProof>false</IsCollisionProof>
			<IsExplosionProof>false</IsExplosionProof>
			<IsFireProof>false</IsFireProof>
			<IsMeleeProof>false</IsMeleeProof>
			<IsOnlyDamagedByPlayer>false</IsOnlyDamagedByPlayer>
			<PositionRotation>
				<X>866.053406</X>
				<Y>-2913.02686</Y>
				<Z>7.01265717</Z>
				<Pitch>0.0187068097</Pitch>
				<Roll>-0.00885295589</Roll>
				<Yaw>-92.8092575</Yaw>
			</PositionRotation>
			<Attachment isAttached="true">
				<AttachedTo>313609</AttachedTo>
				<BoneIndex>0</BoneIndex>
				<X>-0.0329154693</X>
				<Y>-0.392237425</Y>
				<Z>1.48037755</Z>
				<Pitch>0.00998512004</Pitch>
				<Roll>0.000912603631</Roll>
				<Yaw>-1.68683624</Yaw>
			</Attachment>
		</Attachment>
		<Attachment>
			<ModelHash>0x5580fd85</ModelHash>
			<Type>3</Type>
			<Dynamic>false</Dynamic>
			<FrozenPos>true</FrozenPos>
			<HashName>prop_rub_carwreck_12</HashName>
			<InitialHandle>327183</InitialHandle>
			<ObjectProperties>
				<TextureVariation>0</TextureVariation>
			</ObjectProperties>
			<OpacityLevel>255</OpacityLevel>
			<LodDistance>16960</LodDistance>
			<IsVisible>true</IsVisible>
			<MaxHealth>1000</MaxHealth>
			<Health>1000</Health>
			<HasGravity>true</HasGravity>
			<IsOnFire>false</IsOnFire>
			<IsInvincible>false</IsInvincible>
			<IsBulletProof>false</IsBulletProof>
			<IsCollisionProof>false</IsCollisionProof>
			<IsExplosionProof>false</IsExplosionProof>
			<IsFireProof>false</IsFireProof>
			<IsMeleeProof>false</IsMeleeProof>
			<IsOnlyDamagedByPlayer>false</IsOnlyDamagedByPlayer>
			<PositionRotation>
				<X>866.053345</X>
				<Y>-2913.02661</Y>
				<Z>7.44265747</Z>
				<Pitch>0.0187066644</Pitch>
				<Roll>179.991135</Roll>
				<Yaw>-92.8092575</Yaw>
			</PositionRotation>
			<Attachment isAttached="true">
				<AttachedTo>313609</AttachedTo>
				<BoneIndex>0</BoneIndex>
				<X>-0.0329154693</X>
				<Y>-0.392237425</Y>
				<Z>1.9103781</Z>
				<Pitch>0.00998497009</Pitch>
				<Roll>-179.999084</Roll>
				<Yaw>-1.68683624</Yaw>
			</Attachment>
		</Attachment>
		<Attachment>
			<ModelHash>0xca88e79f</ModelHash>
			<Type>3</Type>
			<Dynamic>false</Dynamic>
			<FrozenPos>true</FrozenPos>
			<HashName>prop_rub_carwreck_13</HashName>
			<InitialHandle>520976</InitialHandle>
			<ObjectProperties>
				<TextureVariation>0</TextureVariation>
			</ObjectProperties>
			<OpacityLevel>255</OpacityLevel>
			<LodDistance>16960</LodDistance>
			<IsVisible>true</IsVisible>
			<MaxHealth>1000</MaxHealth>
			<Health>1000</Health>
			<HasGravity>true</HasGravity>
			<IsOnFire>false</IsOnFire>
			<IsInvincible>false</IsInvincible>
			<IsBulletProof>false</IsBulletProof>
			<IsCollisionProof>false</IsCollisionProof>
			<IsExplosionProof>false</IsExplosionProof>
			<IsFireProof>false</IsFireProof>
			<IsMeleeProof>false</IsMeleeProof>
			<IsOnlyDamagedByPlayer>false</IsOnlyDamagedByPlayer>
			<PositionRotation>
				<X>864.788696</X>
				<Y>-2913.05249</Y>
				<Z>6.94473553</Z>
				<Pitch>-8.98143005</Pitch>
				<Roll>-0.00909713469</Roll>
				<Yaw>-92.0071411</Yaw>
			</PositionRotation>
			<Attachment isAttached="true">
				<AttachedTo>313609</AttachedTo>
				<BoneIndex>0</BoneIndex>
				<X>0.017527895</X>
				<Y>-1.65619791</Y>
				<Z>1.41263318</Z>
				<Pitch>-8.99001408</Pitch>
				<Roll>0.000912603631</Roll>
				<Yaw>-0.883155823</Yaw>
			</Attachment>
		</Attachment>
		<Attachment>
			<ModelHash>0xca88e79f</ModelHash>
			<Type>3</Type>
			<Dynamic>false</Dynamic>
			<FrozenPos>true</FrozenPos>
			<HashName>prop_rub_carwreck_13</HashName>
			<InitialHandle>226577</InitialHandle>
			<ObjectProperties>
				<TextureVariation>0</TextureVariation>
			</ObjectProperties>
			<OpacityLevel>255</OpacityLevel>
			<LodDistance>16960</LodDistance>
			<IsVisible>true</IsVisible>
			<MaxHealth>1000</MaxHealth>
			<Health>1000</Health>
			<HasGravity>true</HasGravity>
			<IsOnFire>false</IsOnFire>
			<IsInvincible>false</IsInvincible>
			<IsBulletProof>false</IsBulletProof>
			<IsCollisionProof>false</IsCollisionProof>
			<IsExplosionProof>false</IsExplosionProof>
			<IsFireProof>false</IsFireProof>
			<IsMeleeProof>false</IsMeleeProof>
			<IsOnlyDamagedByPlayer>false</IsOnlyDamagedByPlayer>
			<PositionRotation>
				<X>864.788818</X>
				<Y>-2913.05249</Y>
				<Z>6.34473515</Z>
				<Pitch>-8.98143005</Pitch>
				<Roll>-0.00909713469</Roll>
				<Yaw>-92.0071411</Yaw>
			</PositionRotation>
			<Attachment isAttached="true">
				<AttachedTo>313609</AttachedTo>
				<BoneIndex>0</BoneIndex>
				<X>0.017527895</X>
				<Y>-1.65619791</Y>
				<Z>0.812633038</Z>
				<Pitch>-8.99001408</Pitch>
				<Roll>0.000912603631</Roll>
				<Yaw>-0.883155823</Yaw>
			</Attachment>
		</Attachment>
		<Attachment>
			<ModelHash>0xca88e79f</ModelHash>
			<Type>3</Type>
			<Dynamic>false</Dynamic>
			<FrozenPos>true</FrozenPos>
			<HashName>prop_rub_carwreck_13</HashName>
			<InitialHandle>396817</InitialHandle>
			<ObjectProperties>
				<TextureVariation>0</TextureVariation>
			</ObjectProperties>
			<OpacityLevel>255</OpacityLevel>
			<LodDistance>16960</LodDistance>
			<IsVisible>true</IsVisible>
			<MaxHealth>1000</MaxHealth>
			<Health>1000</Health>
			<HasGravity>true</HasGravity>
			<IsOnFire>false</IsOnFire>
			<IsInvincible>false</IsInvincible>
			<IsBulletProof>false</IsBulletProof>
			<IsCollisionProof>false</IsCollisionProof>
			<IsExplosionProof>false</IsExplosionProof>
			<IsFireProof>false</IsFireProof>
			<IsMeleeProof>false</IsMeleeProof>
			<IsOnlyDamagedByPlayer>false</IsOnlyDamagedByPlayer>
			<PositionRotation>
				<X>864.788879</X>
				<Y>-2913.05273</Y>
				<Z>5.74473524</Z>
				<Pitch>-8.98143005</Pitch>
				<Roll>-0.00909713469</Roll>
				<Yaw>-92.0071411</Yaw>
			</PositionRotation>
			<Attachment isAttached="true">
				<AttachedTo>313609</AttachedTo>
				<BoneIndex>0</BoneIndex>
				<X>0.017527895</X>
				<Y>-1.65619791</Y>
				<Z>0.212632984</Z>
				<Pitch>-8.99001408</Pitch>
				<Roll>0.000912603631</Roll>
				<Yaw>-0.883155823</Yaw>
			</Attachment>
		</Attachment>
		<Attachment>
			<ModelHash>0x2de9f1e4</ModelHash>
			<Type>3</Type>
			<Dynamic>false</Dynamic>
			<FrozenPos>true</FrozenPos>
			<HashName>prop_diggerbkt_01</HashName>
			<InitialHandle>729873</InitialHandle>
			<ObjectProperties>
				<TextureVariation>0</TextureVariation>
			</ObjectProperties>
			<OpacityLevel>255</OpacityLevel>
			<LodDistance>16960</LodDistance>
			<IsVisible>true</IsVisible>
			<MaxHealth>1000</MaxHealth>
			<Health>1000</Health>
			<HasGravity>true</HasGravity>
			<IsOnFire>false</IsOnFire>
			<IsInvincible>false</IsInvincible>
			<IsBulletProof>false</IsBulletProof>
			<IsCollisionProof>false</IsCollisionProof>
			<IsExplosionProof>false</IsExplosionProof>
			<IsFireProof>false</IsFireProof>
			<IsMeleeProof>false</IsMeleeProof>
			<IsOnlyDamagedByPlayer>false</IsOnlyDamagedByPlayer>
			<PositionRotation>
				<X>863.06488</X>
				<Y>-2913.00757</Y>
				<Z>5.91618967</Z>
				<Pitch>0.0184786245</Pitch>
				<Roll>-0.00905205589</Roll>
				<Yaw>-91.4840164</Yaw>
			</PositionRotation>
			<Attachment isAttached="true">
				<AttachedTo>313609</AttachedTo>
				<BoneIndex>0</BoneIndex>
				<X>0.00634178519</X>
				<Y>-3.38072443</Y>
				<Z>0.384342998</Z>
				<Pitch>0.00998512004</Pitch>
				<Roll>0.000912603631</Roll>
				<Yaw>-0.361602783</Yaw>
			</Attachment>
		</Attachment>
		<Attachment>
			<ModelHash>0x2de9f1e4</ModelHash>
			<Type>3</Type>
			<Dynamic>false</Dynamic>
			<FrozenPos>true</FrozenPos>
			<HashName>prop_diggerbkt_01</HashName>
			<InitialHandle>464914</InitialHandle>
			<ObjectProperties>
				<TextureVariation>0</TextureVariation>
			</ObjectProperties>
			<OpacityLevel>255</OpacityLevel>
			<LodDistance>16960</LodDistance>
			<IsVisible>true</IsVisible>
			<MaxHealth>1000</MaxHealth>
			<Health>1000</Health>
			<HasGravity>true</HasGravity>
			<IsOnFire>false</IsOnFire>
			<IsInvincible>false</IsInvincible>
			<IsBulletProof>false</IsBulletProof>
			<IsCollisionProof>false</IsCollisionProof>
			<IsExplosionProof>false</IsExplosionProof>
			<IsFireProof>false</IsFireProof>
			<IsMeleeProof>false</IsMeleeProof>
			<IsOnlyDamagedByPlayer>false</IsOnlyDamagedByPlayer>
			<PositionRotation>
				<X>865.617859</X>
				<Y>-2912.32349</Y>
				<Z>5.90042686</Z>
				<Pitch>0.0199123193</Pitch>
				<Roll>0.00944986008</Roll>
				<Yaw>178.263916</Yaw>
			</PositionRotation>
			<Attachment isAttached="true">
				<AttachedTo>313609</AttachedTo>
				<BoneIndex>0</BoneIndex>
				<X>-0.727695465</X>
				<Y>-0.841627777</Y>
				<Z>0.368335128</Z>
				<Pitch>0.00998512004</Pitch>
				<Roll>0.000912603631</Roll>
				<Yaw>269.386353</Yaw>
			</Attachment>
		</Attachment>
		<Attachment>
			<ModelHash>0x2de9f1e4</ModelHash>
			<Type>3</Type>
			<Dynamic>false</Dynamic>
			<FrozenPos>true</FrozenPos>
			<HashName>prop_diggerbkt_01</HashName>
			<InitialHandle>25107</InitialHandle>
			<ObjectProperties>
				<TextureVariation>0</TextureVariation>
			</ObjectProperties>
			<OpacityLevel>255</OpacityLevel>
			<LodDistance>16960</LodDistance>
			<IsVisible>true</IsVisible>
			<MaxHealth>1000</MaxHealth>
			<Health>1000</Health>
			<HasGravity>true</HasGravity>
			<IsOnFire>false</IsOnFire>
			<IsInvincible>false</IsInvincible>
			<IsBulletProof>false</IsBulletProof>
			<IsCollisionProof>false</IsCollisionProof>
			<IsExplosionProof>false</IsExplosionProof>
			<IsFireProof>false</IsFireProof>
			<IsMeleeProof>false</IsMeleeProof>
			<IsOnlyDamagedByPlayer>false</IsOnlyDamagedByPlayer>
			<PositionRotation>
				<X>865.588501</X>
				<Y>-2913.82324</Y>
				<Z>5.90068913</Z>
				<Pitch>5.79176522e-05</Pitch>
				<Roll>-0.00762465596</Roll>
				<Yaw>-1.73608303</Yaw>
			</PositionRotation>
			<Attachment isAttached="true">
				<AttachedTo>313609</AttachedTo>
				<BoneIndex>0</BoneIndex>
				<X>0.772304535</X>
				<Y>-0.841627836</Y>
				<Z>0.368335128</Z>
				<Pitch>0.00998512004</Pitch>
				<Roll>0.000912603631</Roll>
				<Yaw>89.3863525</Yaw>
			</Attachment>
		</Attachment>
		<Attachment>
			<ModelHash>0x2de9f1e4</ModelHash>
			<Type>3</Type>
			<Dynamic>false</Dynamic>
			<FrozenPos>true</FrozenPos>
			<HashName>prop_diggerbkt_01</HashName>
			<InitialHandle>273939</InitialHandle>
			<ObjectProperties>
				<TextureVariation>0</TextureVariation>
			</ObjectProperties>
			<OpacityLevel>255</OpacityLevel>
			<LodDistance>16960</LodDistance>
			<IsVisible>true</IsVisible>
			<MaxHealth>1000</MaxHealth>
			<Health>1000</Health>
			<HasGravity>true</HasGravity>
			<IsOnFire>false</IsOnFire>
			<IsInvincible>false</IsInvincible>
			<IsBulletProof>false</IsBulletProof>
			<IsCollisionProof>false</IsCollisionProof>
			<IsExplosionProof>false</IsExplosionProof>
			<IsFireProof>false</IsFireProof>
			<IsMeleeProof>false</IsMeleeProof>
			<IsOnlyDamagedByPlayer>false</IsOnlyDamagedByPlayer>
			<PositionRotation>
				<X>864.288757</X>
				<Y>-2913.79785</Y>
				<Z>5.90049791</Z>
				<Pitch>5.79176522e-05</Pitch>
				<Roll>-0.00762465596</Roll>
				<Yaw>-1.73608303</Yaw>
			</PositionRotation>
			<Attachment isAttached="true">
				<AttachedTo>313609</AttachedTo>
				<BoneIndex>0</BoneIndex>
				<X>0.772304535</X>
				<Y>-2.14162803</Y>
				<Z>0.368335128</Z>
				<Pitch>0.00998512004</Pitch>
				<Roll>0.000912603631</Roll>
				<Yaw>89.3863525</Yaw>
			</Attachment>
		</Attachment>
		<Attachment>
			<ModelHash>0x2de9f1e4</ModelHash>
			<Type>3</Type>
			<Dynamic>false</Dynamic>
			<FrozenPos>true</FrozenPos>
			<HashName>prop_diggerbkt_01</HashName>
			<InitialHandle>361492</InitialHandle>
			<ObjectProperties>
				<TextureVariation>0</TextureVariation>
			</ObjectProperties>
			<OpacityLevel>255</OpacityLevel>
			<LodDistance>16960</LodDistance>
			<IsVisible>true</IsVisible>
			<MaxHealth>1000</MaxHealth>
			<Health>1000</Health>
			<HasGravity>true</HasGravity>
			<IsOnFire>false</IsOnFire>
			<IsInvincible>false</IsInvincible>
			<IsBulletProof>false</IsBulletProof>
			<IsCollisionProof>false</IsCollisionProof>
			<IsExplosionProof>false</IsExplosionProof>
			<IsFireProof>false</IsFireProof>
			<IsMeleeProof>false</IsMeleeProof>
			<IsOnlyDamagedByPlayer>false</IsOnlyDamagedByPlayer>
			<PositionRotation>
				<X>864.318115</X>
				<Y>-2912.2981</Y>
				<Z>5.90023565</Z>
				<Pitch>0.0199123193</Pitch>
				<Roll>0.00944986008</Roll>
				<Yaw>178.263916</Yaw>
			</PositionRotation>
			<Attachment isAttached="true">
				<AttachedTo>313609</AttachedTo>
				<BoneIndex>0</BoneIndex>
				<X>-0.727695465</X>
				<Y>-2.14162803</Y>
				<Z>0.368335128</Z>
				<Pitch>0.00998512004</Pitch>
				<Roll>0.000912603631</Roll>
				<Yaw>269.386353</Yaw>
			</Attachment>
		</Attachment>
		<Attachment>
			<ModelHash>0x2de9f1e4</ModelHash>
			<Type>3</Type>
			<Dynamic>false</Dynamic>
			<FrozenPos>true</FrozenPos>
			<HashName>prop_diggerbkt_01</HashName>
			<InitialHandle>610068</InitialHandle>
			<ObjectProperties>
				<TextureVariation>0</TextureVariation>
			</ObjectProperties>
			<OpacityLevel>255</OpacityLevel>
			<LodDistance>16960</LodDistance>
			<IsVisible>true</IsVisible>
			<MaxHealth>1000</MaxHealth>
			<Health>1000</Health>
			<HasGravity>true</HasGravity>
			<IsOnFire>false</IsOnFire>
			<IsInvincible>false</IsInvincible>
			<IsBulletProof>false</IsBulletProof>
			<IsCollisionProof>false</IsCollisionProof>
			<IsExplosionProof>false</IsExplosionProof>
			<IsFireProof>false</IsFireProof>
			<IsMeleeProof>false</IsMeleeProof>
			<IsOnlyDamagedByPlayer>false</IsOnlyDamagedByPlayer>
			<PositionRotation>
				<X>867.288147</X>
				<Y>-2913.85645</Y>
				<Z>5.90093946</Z>
				<Pitch>5.79176522e-05</Pitch>
				<Roll>-0.00762465596</Roll>
				<Yaw>-1.73608303</Yaw>
			</PositionRotation>
			<Attachment isAttached="true">
				<AttachedTo>313609</AttachedTo>
				<BoneIndex>0</BoneIndex>
				<X>0.772304535</X>
				<Y>0.858372211</Y>
				<Z>0.368335128</Z>
				<Pitch>0.00998512004</Pitch>
				<Roll>0.000912603631</Roll>
				<Yaw>89.3863525</Yaw>
			</Attachment>
		</Attachment>
		<Attachment>
			<ModelHash>0x2de9f1e4</ModelHash>
			<Type>3</Type>
			<Dynamic>false</Dynamic>
			<FrozenPos>true</FrozenPos>
			<HashName>prop_diggerbkt_01</HashName>
			<InitialHandle>768020</InitialHandle>
			<ObjectProperties>
				<TextureVariation>0</TextureVariation>
			</ObjectProperties>
			<OpacityLevel>255</OpacityLevel>
			<LodDistance>16960</LodDistance>
			<IsVisible>true</IsVisible>
			<MaxHealth>1000</MaxHealth>
			<Health>1000</Health>
			<HasGravity>true</HasGravity>
			<IsOnFire>false</IsOnFire>
			<IsInvincible>false</IsInvincible>
			<IsBulletProof>false</IsBulletProof>
			<IsCollisionProof>false</IsCollisionProof>
			<IsExplosionProof>false</IsExplosionProof>
			<IsFireProof>false</IsFireProof>
			<IsMeleeProof>false</IsMeleeProof>
			<IsOnlyDamagedByPlayer>false</IsOnlyDamagedByPlayer>
			<PositionRotation>
				<X>867.317566</X>
				<Y>-2912.35693</Y>
				<Z>5.9006772</Z>
				<Pitch>0.0199123193</Pitch>
				<Roll>0.00944986008</Roll>
				<Yaw>178.263916</Yaw>
			</PositionRotation>
			<Attachment isAttached="true">
				<AttachedTo>313609</AttachedTo>
				<BoneIndex>0</BoneIndex>
				<X>-0.727695465</X>
				<Y>0.858372211</Y>
				<Z>0.368335128</Z>
				<Pitch>0.00998512004</Pitch>
				<Roll>0.000912603631</Roll>
				<Yaw>269.386353</Yaw>
			</Attachment>
		</Attachment>
		<Attachment>
			<ModelHash>0x9970602c</ModelHash>
			<Type>3</Type>
			<Dynamic>false</Dynamic>
			<FrozenPos>true</FrozenPos>
			<HashName>prop_bumper_02</HashName>
			<InitialHandle>579093</InitialHandle>
			<ObjectProperties>
				<TextureVariation>0</TextureVariation>
			</ObjectProperties>
			<OpacityLevel>255</OpacityLevel>
			<LodDistance>16960</LodDistance>
			<IsVisible>true</IsVisible>
			<MaxHealth>1000</MaxHealth>
			<Health>1000</Health>
			<HasGravity>true</HasGravity>
			<IsOnFire>false</IsOnFire>
			<IsInvincible>false</IsInvincible>
			<IsBulletProof>false</IsBulletProof>
			<IsCollisionProof>false</IsCollisionProof>
			<IsExplosionProof>false</IsExplosionProof>
			<IsFireProof>false</IsFireProof>
			<IsMeleeProof>false</IsMeleeProof>
			<IsOnlyDamagedByPlayer>false</IsOnlyDamagedByPlayer>
			<PositionRotation>
				<X>868.147278</X>
				<Y>-2913.0957</Y>
				<Z>7.41531849</Z>
				<Pitch>0.00169571093</Pitch>
				<Roll>0.0110476818</Roll>
				<Yaw>89.6795197</Yaw>
			</PositionRotation>
			<Attachment isAttached="true">
				<AttachedTo>313609</AttachedTo>
				<BoneIndex>0</BoneIndex>
				<X>-0.0050201565</X>
				<Y>1.70266581</Y>
				<Z>1.88272619</Z>
				<Pitch>0.00998512004</Pitch>
				<Roll>0.000912603631</Roll>
				<Yaw>180.801956</Yaw>
			</Attachment>
		</Attachment>
	</SpoonerAttachments>
</Vehicle>
