<?xml version="1.0" encoding="ISO-8859-1"?>
<Vehicle menyoo_ver="0.9998744b">
	<ModelHash>0x2ea68690</ModelHash>
	<InitialHandle>187395</InitialHandle>
	<VehicleProperties>
		<Colours>
			<Primary>131</Primary>
			<Secondary>132</Secondary>
			<Pearl>132</Pearl>
			<Rim>156</Rim>
			<Mod1_a>0</Mod1_a>
			<Mod1_b>1</Mod1_b>
			<Mod1_c>7602259</Mod1_c>
			<Mod2_a>7209057</Mod2_a>
			<Mod2_b>6357092</Mod2_b>
			<IsPrimaryColourCustom>false</IsPrimaryColourCustom>
			<IsSecondaryColourCustom>false</IsSecondaryColourCustom>
			<tyreSmoke_R>255</tyreSmoke_R>
			<tyreSmoke_G>255</tyreSmoke_G>
			<tyreSmoke_B>255</tyreSmoke_B>
			<LrInterior>0</LrInterior>
			<LrDashboard>0</LrDashboard>
		</Colours>
		<Livery>-1</Livery>
		<NumberPlateText>21SPA190</NumberPlateText>
		<NumberPlateIndex>4</NumberPlateIndex>
		<WheelType>0</WheelType>
		<WheelsInvisible>false</WheelsInvisible>
		<EngineSoundName></EngineSoundName>
		<WindowTint>-1</WindowTint>
		<BulletProofTyres>true</BulletProofTyres>
		<DirtLevel>0.386930436</DirtLevel>
		<PaintFade>0.298039228</PaintFade>
		<RoofState>0</RoofState>
		<SirenActive>false</SirenActive>
		<EngineOn>true</EngineOn>
		<EngineHealth>1000</EngineHealth>
		<LightsOn>false</LightsOn>
		<IsRadioLoud>0</IsRadioLoud>
		<LockStatus>1</LockStatus>
		<Neons>
			<Left>false</Left>
			<Right>false</Right>
			<Front>false</Front>
			<Back>false</Back>
			<R>255</R>
			<G>0</G>
			<B>255</B>
		</Neons>
		<ModExtras>
			<_1>true</_1>
			<_2>true</_2>
			<_3>true</_3>
			<_4>true</_4>
			<_5>true</_5>
			<_6>true</_6>
			<_7>true</_7>
			<_8>true</_8>
			<_9>true</_9>
		</ModExtras>
		<Mods>
			<_0>-1,0</_0>
			<_1>-1,0</_1>
			<_2>-1,0</_2>
			<_3>-1,0</_3>
			<_4>-1,0</_4>
			<_5>-1,0</_5>
			<_6>-1,0</_6>
			<_7>-1,0</_7>
			<_8>-1,0</_8>
			<_9>-1,0</_9>
			<_10>-1,0</_10>
			<_11>-1,0</_11>
			<_12>-1,0</_12>
			<_13>-1,0</_13>
			<_14>-1,0</_14>
			<_15>-1,0</_15>
			<_16>-1,0</_16>
			<_17>false</_17>
			<_18>false</_18>
			<_19>false</_19>
			<_20>false</_20>
			<_21>false</_21>
			<_22>false</_22>
			<_23>-1,0</_23>
			<_24>-1,0</_24>
			<_25>-1,0</_25>
			<_26>-1,0</_26>
			<_27>-1,0</_27>
			<_28>-1,0</_28>
			<_29>-1,0</_29>
			<_30>-1,0</_30>
			<_31>-1,0</_31>
			<_32>-1,0</_32>
			<_33>-1,0</_33>
			<_34>-1,0</_34>
			<_35>-1,0</_35>
			<_36>-1,0</_36>
			<_37>-1,0</_37>
			<_38>-1,0</_38>
			<_39>-1,0</_39>
			<_40>-1,0</_40>
			<_41>-1,0</_41>
			<_42>-1,0</_42>
			<_43>-1,0</_43>
			<_44>-1,0</_44>
			<_45>-1,0</_45>
			<_46>-1,0</_46>
			<_47>-1,0</_47>
			<_48>-1,0</_48>
		</Mods>
		<DoorsOpen>
			<BackLeftDoor>false</BackLeftDoor>
			<BackRightDoor>false</BackRightDoor>
			<FrontLeftDoor>false</FrontLeftDoor>
			<FrontRightDoor>false</FrontRightDoor>
			<Hood>false</Hood>
			<Trunk>false</Trunk>
			<Trunk2>false</Trunk2>
		</DoorsOpen>
		<DoorsBroken>
			<BackLeftDoor>false</BackLeftDoor>
			<BackRightDoor>false</BackRightDoor>
			<FrontLeftDoor>false</FrontLeftDoor>
			<FrontRightDoor>false</FrontRightDoor>
			<Hood>false</Hood>
			<Trunk>false</Trunk>
			<Trunk2>false</Trunk2>
		</DoorsBroken>
		<TyresBursted>
			<FrontLeft>false</FrontLeft>
			<FrontRight>false</FrontRight>
			<_2>false</_2>
			<_3>false</_3>
			<BackLeft>false</BackLeft>
			<BackRight>false</BackRight>
			<_6>false</_6>
			<_7>false</_7>
			<_8>false</_8>
		</TyresBursted>
	</VehicleProperties>
	<OpacityLevel>255</OpacityLevel>
	<LodDistance>16960</LodDistance>
	<IsVisible>true</IsVisible>
	<IsDriverVisible>true</IsDriverVisible>
	<MaxHealth>1000</MaxHealth>
	<Health>1000</Health>
	<HasGravity>true</HasGravity>
	<IsOnFire>false</IsOnFire>
	<IsInvincible>false</IsInvincible>
	<IsBulletProof>false</IsBulletProof>
	<IsExplosionProof>false</IsExplosionProof>
	<IsFireProof>false</IsFireProof>
	<IsMeleeProof>false</IsMeleeProof>
	<IsOnlyDamagedByPlayer>false</IsOnlyDamagedByPlayer>
	<SpoonerAttachments SetAttachmentsPersistentAndAddToSpoonerDatabase="false" StartTaskSequencesOnLoad="true">
		<Attachment>
			<ModelHash>0x5c762663</ModelHash>
			<Type>3</Type>
			<Dynamic>false</Dynamic>
			<FrozenPos>true</FrozenPos>
			<HashName>prop_bush_ivy_01_2m</HashName>
			<InitialHandle>665092</InitialHandle>
			<ObjectProperties>
				<TextureVariation>0</TextureVariation>
			</ObjectProperties>
			<OpacityLevel>255</OpacityLevel>
			<LodDistance>16960</LodDistance>
			<IsVisible>true</IsVisible>
			<MaxHealth>1000</MaxHealth>
			<Health>1000</Health>
			<HasGravity>true</HasGravity>
			<IsOnFire>false</IsOnFire>
			<IsInvincible>false</IsInvincible>
			<IsBulletProof>false</IsBulletProof>
			<IsCollisionProof>false</IsCollisionProof>
			<IsExplosionProof>false</IsExplosionProof>
			<IsFireProof>false</IsFireProof>
			<IsMeleeProof>false</IsMeleeProof>
			<IsOnlyDamagedByPlayer>false</IsOnlyDamagedByPlayer>
			<PositionRotation>
				<X>-1755.2937</X>
				<Y>4464.25342</Y>
				<Z>6.68439388</Z>
				<Pitch>-67.4739609</Pitch>
				<Roll>10.599329</Roll>
				<Yaw>-96.3567963</Yaw>
			</PositionRotation>
			<Attachment isAttached="true">
				<AttachedTo>187395</AttachedTo>
				<BoneIndex>0</BoneIndex>
				<X>0.888501346</X>
				<Y>2.85632682</Y>
				<Z>0.791798711</Z>
				<Pitch>-61.1268234</Pitch>
				<Roll>-2.70911598</Roll>
				<Yaw>-182.610428</Yaw>
			</Attachment>
		</Attachment>
		<Attachment>
			<ModelHash>0x5c762663</ModelHash>
			<Type>3</Type>
			<Dynamic>false</Dynamic>
			<FrozenPos>true</FrozenPos>
			<HashName>prop_bush_ivy_01_2m</HashName>
			<InitialHandle>711940</InitialHandle>
			<ObjectProperties>
				<TextureVariation>0</TextureVariation>
			</ObjectProperties>
			<OpacityLevel>255</OpacityLevel>
			<LodDistance>16960</LodDistance>
			<IsVisible>true</IsVisible>
			<MaxHealth>1000</MaxHealth>
			<Health>1000</Health>
			<HasGravity>true</HasGravity>
			<IsOnFire>false</IsOnFire>
			<IsInvincible>false</IsInvincible>
			<IsBulletProof>false</IsBulletProof>
			<IsCollisionProof>false</IsCollisionProof>
			<IsExplosionProof>false</IsExplosionProof>
			<IsFireProof>false</IsFireProof>
			<IsMeleeProof>false</IsMeleeProof>
			<IsOnlyDamagedByPlayer>false</IsOnlyDamagedByPlayer>
			<PositionRotation>
				<X>-1755.93018</X>
				<Y>4463.01318</Y>
				<Z>6.6862669</Z>
				<Pitch>-63.3767357</Pitch>
				<Roll>9.10690689</Roll>
				<Yaw>-96.361908</Yaw>
			</PositionRotation>
			<Attachment isAttached="true">
				<AttachedTo>187395</AttachedTo>
				<BoneIndex>0</BoneIndex>
				<X>-0.473652065</X>
				<Y>3.13760662</Y>
				<Z>0.889711261</Z>
				<Pitch>-57.1268196</Pitch>
				<Roll>-2.70910239</Roll>
				<Yaw>-180.878128</Yaw>
			</Attachment>
		</Attachment>
		<Attachment>
			<ModelHash>0x0d06c604</ModelHash>
			<Type>3</Type>
			<Dynamic>false</Dynamic>
			<FrozenPos>true</FrozenPos>
			<HashName>prop_bush_ivy_01_bk</HashName>
			<InitialHandle>159749</InitialHandle>
			<ObjectProperties>
				<TextureVariation>0</TextureVariation>
			</ObjectProperties>
			<OpacityLevel>255</OpacityLevel>
			<LodDistance>16960</LodDistance>
			<IsVisible>true</IsVisible>
			<MaxHealth>1000</MaxHealth>
			<Health>1000</Health>
			<HasGravity>true</HasGravity>
			<IsOnFire>false</IsOnFire>
			<IsInvincible>false</IsInvincible>
			<IsBulletProof>false</IsBulletProof>
			<IsCollisionProof>false</IsCollisionProof>
			<IsExplosionProof>false</IsExplosionProof>
			<IsFireProof>false</IsFireProof>
			<IsMeleeProof>false</IsMeleeProof>
			<IsOnlyDamagedByPlayer>false</IsOnlyDamagedByPlayer>
			<PositionRotation>
				<X>-1754.005</X>
				<Y>4460.96045</Y>
				<Z>6.18355513</Z>
				<Pitch>4.05525017</Pitch>
				<Roll>4.74727011</Roll>
				<Yaw>-25.6562672</Yaw>
			</PositionRotation>
			<Attachment isAttached="true">
				<AttachedTo>187395</AttachedTo>
				<BoneIndex>0</BoneIndex>
				<X>-1.95316982</X>
				<Y>0.693175554</Y>
				<Z>0.806611121</Z>
				<Pitch>-0.126839802</Pitch>
				<Roll>-2.70910716</Roll>
				<Yaw>-99.6333923</Yaw>
			</Attachment>
		</Attachment>
		<Attachment>
			<ModelHash>0x0d06c604</ModelHash>
			<Type>3</Type>
			<Dynamic>false</Dynamic>
			<FrozenPos>true</FrozenPos>
			<HashName>prop_bush_ivy_01_bk</HashName>
			<InitialHandle>218117</InitialHandle>
			<ObjectProperties>
				<TextureVariation>0</TextureVariation>
			</ObjectProperties>
			<OpacityLevel>255</OpacityLevel>
			<LodDistance>16960</LodDistance>
			<IsVisible>true</IsVisible>
			<MaxHealth>1000</MaxHealth>
			<Health>1000</Health>
			<HasGravity>true</HasGravity>
			<IsOnFire>false</IsOnFire>
			<IsInvincible>false</IsInvincible>
			<IsBulletProof>false</IsBulletProof>
			<IsCollisionProof>false</IsCollisionProof>
			<IsExplosionProof>false</IsExplosionProof>
			<IsFireProof>false</IsFireProof>
			<IsMeleeProof>false</IsMeleeProof>
			<IsOnlyDamagedByPlayer>false</IsOnlyDamagedByPlayer>
			<PositionRotation>
				<X>-1751.90222</X>
				<Y>4464.32031</Y>
				<Z>6.31305552</Z>
				<Pitch>-5.47922421</Pitch>
				<Roll>-9.37906265</Roll>
				<Yaw>163.784378</Yaw>
			</PositionRotation>
			<Attachment isAttached="true">
				<AttachedTo>187395</AttachedTo>
				<BoneIndex>0</BoneIndex>
				<X>1.85295463</X>
				<Y>-0.415745676</Y>
				<Z>0.706966698</Z>
				<Pitch>-0.126839802</Pitch>
				<Roll>-2.70910716</Roll>
				<Yaw>89.878067</Yaw>
			</Attachment>
		</Attachment>
		<Attachment>
			<ModelHash>0x66f9eb27</ModelHash>
			<Type>3</Type>
			<Dynamic>false</Dynamic>
			<FrozenPos>true</FrozenPos>
			<HashName>prop_bush_ivy_01_l</HashName>
			<InitialHandle>299525</InitialHandle>
			<ObjectProperties>
				<TextureVariation>0</TextureVariation>
			</ObjectProperties>
			<OpacityLevel>255</OpacityLevel>
			<LodDistance>16960</LodDistance>
			<IsVisible>true</IsVisible>
			<MaxHealth>1000</MaxHealth>
			<Health>1000</Health>
			<HasGravity>true</HasGravity>
			<IsOnFire>false</IsOnFire>
			<IsInvincible>false</IsInvincible>
			<IsBulletProof>false</IsBulletProof>
			<IsCollisionProof>false</IsCollisionProof>
			<IsExplosionProof>false</IsExplosionProof>
			<IsFireProof>false</IsFireProof>
			<IsMeleeProof>false</IsMeleeProof>
			<IsOnlyDamagedByPlayer>false</IsOnlyDamagedByPlayer>
			<PositionRotation>
				<X>-1749.07617</X>
				<Y>4461.78027</Y>
				<Z>5.46833897</Z>
				<Pitch>6.24441147</Pitch>
				<Roll>-8.41269016</Roll>
				<Yaw>77.1956635</Yaw>
			</PositionRotation>
			<Attachment isAttached="true">
				<AttachedTo>187395</AttachedTo>
				<BoneIndex>0</BoneIndex>
				<X>0.123285554</X>
				<Y>-3.89124537</Y>
				<Z>0.422027677</Z>
				<Pitch>-0.126839802</Pitch>
				<Roll>-2.70910716</Roll>
				<Yaw>2.65737915</Yaw>
			</Attachment>
		</Attachment>
		<Attachment>
			<ModelHash>0x66cee88b</ModelHash>
			<Type>3</Type>
			<Dynamic>false</Dynamic>
			<FrozenPos>true</FrozenPos>
			<HashName>prop_bush_ivy_01_pot</HashName>
			<InitialHandle>471301</InitialHandle>
			<ObjectProperties>
				<TextureVariation>0</TextureVariation>
			</ObjectProperties>
			<OpacityLevel>255</OpacityLevel>
			<LodDistance>16960</LodDistance>
			<IsVisible>true</IsVisible>
			<MaxHealth>1000</MaxHealth>
			<Health>1000</Health>
			<HasGravity>true</HasGravity>
			<IsOnFire>false</IsOnFire>
			<IsInvincible>false</IsInvincible>
			<IsBulletProof>false</IsBulletProof>
			<IsCollisionProof>false</IsCollisionProof>
			<IsExplosionProof>false</IsExplosionProof>
			<IsFireProof>false</IsFireProof>
			<IsMeleeProof>false</IsMeleeProof>
			<IsOnlyDamagedByPlayer>false</IsOnlyDamagedByPlayer>
			<PositionRotation>
				<X>-1752.20801</X>
				<Y>4461.07227</Y>
				<Z>3.45477295</Z>
				<Pitch>5.60214996</Pitch>
				<Roll>3.63925767</Roll>
				<Yaw>-12.8858213</Yaw>
			</PositionRotation>
			<Attachment isAttached="true">
				<AttachedTo>187395</AttachedTo>
				<BoneIndex>0</BoneIndex>
				<X>-1.60594189</X>
				<Y>-1.31257904</Y>
				<Z>-1.75153542</Z>
				<Pitch>-0.126839802</Pitch>
				<Roll>-2.70910716</Roll>
				<Yaw>-86.8151245</Yaw>
			</Attachment>
		</Attachment>
		<Attachment>
			<ModelHash>0x8afc333b</ModelHash>
			<Type>3</Type>
			<Dynamic>false</Dynamic>
			<FrozenPos>true</FrozenPos>
			<HashName>prop_bush_ivy_01_r</HashName>
			<InitialHandle>538373</InitialHandle>
			<ObjectProperties>
				<TextureVariation>0</TextureVariation>
			</ObjectProperties>
			<OpacityLevel>255</OpacityLevel>
			<LodDistance>16960</LodDistance>
			<IsVisible>true</IsVisible>
			<MaxHealth>1000</MaxHealth>
			<Health>1000</Health>
			<HasGravity>true</HasGravity>
			<IsOnFire>false</IsOnFire>
			<IsInvincible>false</IsInvincible>
			<IsBulletProof>false</IsBulletProof>
			<IsCollisionProof>false</IsCollisionProof>
			<IsExplosionProof>false</IsExplosionProof>
			<IsFireProof>false</IsFireProof>
			<IsMeleeProof>false</IsMeleeProof>
			<IsOnlyDamagedByPlayer>false</IsOnlyDamagedByPlayer>
			<PositionRotation>
				<X>-1753.44299</X>
				<Y>4462.56104</Y>
				<Z>7.43520117</Z>
				<Pitch>-75.7810059</Pitch>
				<Roll>22.8914528</Roll>
				<Yaw>-74.6029053</Yaw>
			</PositionRotation>
			<Attachment isAttached="true">
				<AttachedTo>187395</AttachedTo>
				<BoneIndex>0</BoneIndex>
				<X>-0.150029808</X>
				<Y>0.723267317</Y>
				<Z>1.89822948</Z>
				<Pitch>-71.1268539</Pitch>
				<Roll>-2.70909405</Roll>
				<Yaw>-173.429123</Yaw>
			</Attachment>
		</Attachment>
		<Attachment>
			<ModelHash>0xee36a8c9</ModelHash>
			<Type>3</Type>
			<Dynamic>false</Dynamic>
			<FrozenPos>true</FrozenPos>
			<HashName>prop_bush_ivy_01_top</HashName>
			<InitialHandle>683525</InitialHandle>
			<ObjectProperties>
				<TextureVariation>0</TextureVariation>
			</ObjectProperties>
			<OpacityLevel>255</OpacityLevel>
			<LodDistance>16960</LodDistance>
			<IsVisible>true</IsVisible>
			<MaxHealth>1000</MaxHealth>
			<Health>1000</Health>
			<HasGravity>true</HasGravity>
			<IsOnFire>false</IsOnFire>
			<IsInvincible>false</IsInvincible>
			<IsBulletProof>false</IsBulletProof>
			<IsCollisionProof>false</IsCollisionProof>
			<IsExplosionProof>false</IsExplosionProof>
			<IsFireProof>false</IsFireProof>
			<IsMeleeProof>false</IsMeleeProof>
			<IsOnlyDamagedByPlayer>false</IsOnlyDamagedByPlayer>
			<PositionRotation>
				<X>-1756.25171</X>
				<Y>4464.43262</Y>
				<Z>6.51418495</Z>
				<Pitch>-6.46927166</Pitch>
				<Roll>3.02794003</Roll>
				<Yaw>-102.50209</Yaw>
			</PositionRotation>
			<Attachment isAttached="true">
				<AttachedTo>187395</AttachedTo>
				<BoneIndex>0</BoneIndex>
				<X>0.779778123</X>
				<Y>3.8013072</Y>
				<Z>0.51967001</Z>
				<Pitch>-0.126839802</Pitch>
				<Roll>-2.70910716</Roll>
				<Yaw>-177.066147</Yaw>
			</Attachment>
		</Attachment>
		<Attachment>
			<ModelHash>0x80214ac1</ModelHash>
			<Type>3</Type>
			<Dynamic>false</Dynamic>
			<FrozenPos>true</FrozenPos>
			<HashName>prop_bush_ivy_02_1m</HashName>
			<InitialHandle>759813</InitialHandle>
			<ObjectProperties>
				<TextureVariation>0</TextureVariation>
			</ObjectProperties>
			<OpacityLevel>255</OpacityLevel>
			<LodDistance>16960</LodDistance>
			<IsVisible>true</IsVisible>
			<MaxHealth>1000</MaxHealth>
			<Health>1000</Health>
			<HasGravity>true</HasGravity>
			<IsOnFire>false</IsOnFire>
			<IsInvincible>false</IsInvincible>
			<IsBulletProof>false</IsBulletProof>
			<IsCollisionProof>false</IsCollisionProof>
			<IsExplosionProof>false</IsExplosionProof>
			<IsFireProof>false</IsFireProof>
			<IsMeleeProof>false</IsMeleeProof>
			<IsOnlyDamagedByPlayer>false</IsOnlyDamagedByPlayer>
			<PositionRotation>
				<X>-1756.84167</X>
				<Y>4462.78076</Y>
				<Z>6.27329254</Z>
				<Pitch>-6.66452694</Pitch>
				<Roll>2.80413747</Roll>
				<Yaw>-104.497391</Yaw>
			</PositionRotation>
			<Attachment isAttached="true">
				<AttachedTo>187395</AttachedTo>
				<BoneIndex>0</BoneIndex>
				<X>-0.985751927</X>
				<Y>3.90111113</Y>
				<Z>0.431429744</Z>
				<Pitch>-0.126839802</Pitch>
				<Roll>-2.70910716</Roll>
				<Yaw>-179.057953</Yaw>
			</Attachment>
		</Attachment>
		<Attachment>
			<ModelHash>0x9330c917</ModelHash>
			<Type>3</Type>
			<Dynamic>false</Dynamic>
			<FrozenPos>true</FrozenPos>
			<HashName>prop_bush_lrg_01b</HashName>
			<InitialHandle>251654</InitialHandle>
			<ObjectProperties>
				<TextureVariation>0</TextureVariation>
			</ObjectProperties>
			<OpacityLevel>255</OpacityLevel>
			<LodDistance>16960</LodDistance>
			<IsVisible>true</IsVisible>
			<MaxHealth>1000</MaxHealth>
			<Health>1000</Health>
			<HasGravity>true</HasGravity>
			<IsOnFire>false</IsOnFire>
			<IsInvincible>false</IsInvincible>
			<IsBulletProof>false</IsBulletProof>
			<IsCollisionProof>false</IsCollisionProof>
			<IsExplosionProof>false</IsExplosionProof>
			<IsFireProof>false</IsFireProof>
			<IsMeleeProof>false</IsMeleeProof>
			<IsOnlyDamagedByPlayer>false</IsOnlyDamagedByPlayer>
			<PositionRotation>
				<X>-1753.84106</X>
				<Y>4462.66553</Y>
				<Z>6.52356243</Z>
				<Pitch>-5.31211281</Pitch>
				<Roll>4.09134626</Roll>
				<Yaw>-91.9422607</Yaw>
			</PositionRotation>
			<Attachment isAttached="true">
				<AttachedTo>187395</AttachedTo>
				<BoneIndex>0</BoneIndex>
				<X>-0.24513188</X>
				<Y>1.02676511</Y>
				<Z>0.949933231</Z>
				<Pitch>-0.126839802</Pitch>
				<Roll>-2.70910716</Roll>
				<Yaw>-166.498856</Yaw>
			</Attachment>
		</Attachment>
		<Attachment>
			<ModelHash>0x9d47aff9</ModelHash>
			<Type>3</Type>
			<Dynamic>false</Dynamic>
			<FrozenPos>true</FrozenPos>
			<HashName>prop_bush_med_03_cr2</HashName>
			<InitialHandle>50698</InitialHandle>
			<ObjectProperties>
				<TextureVariation>0</TextureVariation>
			</ObjectProperties>
			<OpacityLevel>255</OpacityLevel>
			<LodDistance>16960</LodDistance>
			<IsVisible>true</IsVisible>
			<MaxHealth>1000</MaxHealth>
			<Health>1000</Health>
			<HasGravity>true</HasGravity>
			<IsOnFire>false</IsOnFire>
			<IsInvincible>false</IsInvincible>
			<IsBulletProof>false</IsBulletProof>
			<IsCollisionProof>false</IsCollisionProof>
			<IsExplosionProof>false</IsExplosionProof>
			<IsFireProof>false</IsFireProof>
			<IsMeleeProof>false</IsMeleeProof>
			<IsOnlyDamagedByPlayer>false</IsOnlyDamagedByPlayer>
			<PositionRotation>
				<X>-1755.01135</X>
				<Y>4463.44824</Y>
				<Z>6.42088509</Z>
				<Pitch>-6.39058733</Pitch>
				<Roll>3.11381388</Roll>
				<Yaw>-101.719849</Yaw>
			</PositionRotation>
			<Attachment isAttached="true">
				<AttachedTo>187395</AttachedTo>
				<BoneIndex>0</BoneIndex>
				<X>0.171153009</X>
				<Y>2.34243989</Y>
				<Z>0.653166413</Z>
				<Pitch>-0.126839802</Pitch>
				<Roll>-2.70910716</Roll>
				<Yaw>-176.284866</Yaw>
			</Attachment>
		</Attachment>
		<Attachment>
			<ModelHash>0x3b2a8c05</ModelHash>
			<Type>3</Type>
			<Dynamic>false</Dynamic>
			<FrozenPos>true</FrozenPos>
			<HashName>prop_bush_med_05</HashName>
			<InitialHandle>343051</InitialHandle>
			<ObjectProperties>
				<TextureVariation>0</TextureVariation>
			</ObjectProperties>
			<OpacityLevel>255</OpacityLevel>
			<LodDistance>16960</LodDistance>
			<IsVisible>true</IsVisible>
			<MaxHealth>1000</MaxHealth>
			<Health>1000</Health>
			<HasGravity>true</HasGravity>
			<IsOnFire>false</IsOnFire>
			<IsInvincible>false</IsInvincible>
			<IsBulletProof>false</IsBulletProof>
			<IsCollisionProof>false</IsCollisionProof>
			<IsExplosionProof>false</IsExplosionProof>
			<IsFireProof>false</IsFireProof>
			<IsMeleeProof>false</IsMeleeProof>
			<IsOnlyDamagedByPlayer>false</IsOnlyDamagedByPlayer>
			<PositionRotation>
				<X>-1751.77075</X>
				<Y>4462.6084</Y>
				<Z>7.4408288</Z>
				<Pitch>-7.91976166</Pitch>
				<Roll>0.804817677</Roll>
				<Yaw>-120.424454</Yaw>
			</PositionRotation>
			<Attachment isAttached="true">
				<AttachedTo>187395</AttachedTo>
				<BoneIndex>0</BoneIndex>
				<X>0.356815636</X>
				<Y>-0.864697516</Y>
				<Z>2.04131746</Z>
				<Pitch>-0.126839802</Pitch>
				<Roll>-2.70910716</Roll>
				<Yaw>-194.904877</Yaw>
			</Attachment>
		</Attachment>
		<Attachment>
			<ModelHash>0x3b2a8c05</ModelHash>
			<Type>3</Type>
			<Dynamic>false</Dynamic>
			<FrozenPos>true</FrozenPos>
			<HashName>prop_bush_med_05</HashName>
			<InitialHandle>359179</InitialHandle>
			<ObjectProperties>
				<TextureVariation>0</TextureVariation>
			</ObjectProperties>
			<OpacityLevel>255</OpacityLevel>
			<LodDistance>16960</LodDistance>
			<IsVisible>true</IsVisible>
			<MaxHealth>1000</MaxHealth>
			<Health>1000</Health>
			<HasGravity>true</HasGravity>
			<IsOnFire>false</IsOnFire>
			<IsInvincible>false</IsInvincible>
			<IsBulletProof>false</IsBulletProof>
			<IsCollisionProof>false</IsCollisionProof>
			<IsExplosionProof>false</IsExplosionProof>
			<IsFireProof>false</IsFireProof>
			<IsMeleeProof>false</IsMeleeProof>
			<IsOnlyDamagedByPlayer>false</IsOnlyDamagedByPlayer>
			<PositionRotation>
				<X>-1754.38672</X>
				<Y>4462.4292</Y>
				<Z>7.59580421</Z>
				<Pitch>-8.40894413</Pitch>
				<Roll>-4.81538725</Roll>
				<Yaw>-159.112442</Yaw>
			</PositionRotation>
			<Attachment isAttached="true">
				<AttachedTo>187395</AttachedTo>
				<BoneIndex>0</BoneIndex>
				<X>-0.521445096</X>
				<Y>1.6103791</Y>
				<Z>1.99222767</Z>
				<Pitch>-0.126839802</Pitch>
				<Roll>-2.70910716</Roll>
				<Yaw>126.811508</Yaw>
			</Attachment>
		</Attachment>
		<Attachment>
			<ModelHash>0x55a8cf2a</ModelHash>
			<Type>3</Type>
			<Dynamic>false</Dynamic>
			<FrozenPos>true</FrozenPos>
			<HashName>prop_container_door_mb_l</HashName>
			<InitialHandle>503309</InitialHandle>
			<ObjectProperties>
				<TextureVariation>0</TextureVariation>
			</ObjectProperties>
			<OpacityLevel>255</OpacityLevel>
			<LodDistance>16960</LodDistance>
			<IsVisible>true</IsVisible>
			<MaxHealth>1000</MaxHealth>
			<Health>1000</Health>
			<HasGravity>true</HasGravity>
			<IsOnFire>false</IsOnFire>
			<IsInvincible>false</IsInvincible>
			<IsBulletProof>false</IsBulletProof>
			<IsCollisionProof>false</IsCollisionProof>
			<IsExplosionProof>false</IsExplosionProof>
			<IsFireProof>false</IsFireProof>
			<IsMeleeProof>false</IsMeleeProof>
			<IsOnlyDamagedByPlayer>false</IsOnlyDamagedByPlayer>
			<PositionRotation>
				<X>-1751.07397</X>
				<Y>4460.3291</Y>
				<Z>5.43726063</Z>
				<Pitch>5.25974417</Pitch>
				<Roll>3.93191338</Roll>
				<Yaw>-15.906415</Yaw>
			</PositionRotation>
			<Attachment isAttached="true">
				<AttachedTo>187395</AttachedTo>
				<BoneIndex>0</BoneIndex>
				<X>-1.8189348</X>
				<Y>-2.36631298</Y>
				<Z>0.396334261</Z>
				<Pitch>-0.126839802</Pitch>
				<Roll>-2.70910716</Roll>
				<Yaw>-89.8415985</Yaw>
			</Attachment>
		</Attachment>
		<Attachment>
			<ModelHash>0x55a8cf2a</ModelHash>
			<Type>3</Type>
			<Dynamic>false</Dynamic>
			<FrozenPos>true</FrozenPos>
			<HashName>prop_container_door_mb_l</HashName>
			<InitialHandle>655629</InitialHandle>
			<ObjectProperties>
				<TextureVariation>0</TextureVariation>
			</ObjectProperties>
			<OpacityLevel>255</OpacityLevel>
			<LodDistance>16960</LodDistance>
			<IsVisible>true</IsVisible>
			<MaxHealth>1000</MaxHealth>
			<Health>1000</Health>
			<HasGravity>true</HasGravity>
			<IsOnFire>false</IsOnFire>
			<IsInvincible>false</IsInvincible>
			<IsBulletProof>false</IsBulletProof>
			<IsCollisionProof>false</IsCollisionProof>
			<IsExplosionProof>false</IsExplosionProof>
			<IsFireProof>false</IsFireProof>
			<IsMeleeProof>false</IsMeleeProof>
			<IsOnlyDamagedByPlayer>false</IsOnlyDamagedByPlayer>
			<PositionRotation>
				<X>-1748.90564</X>
				<Y>4463.50635</Y>
				<Z>5.59113693</Z>
				<Pitch>-5.33766699</Pitch>
				<Roll>-9.49003506</Roll>
				<Yaw>162.578644</Yaw>
			</PositionRotation>
			<Attachment isAttached="true">
				<AttachedTo>187395</AttachedTo>
				<BoneIndex>0</BoneIndex>
				<X>1.83297968</X>
				<Y>-3.58349109</Y>
				<Z>0.348561466</Z>
				<Pitch>-0.126839802</Pitch>
				<Roll>-2.70910716</Roll>
				<Yaw>88.6693726</Yaw>
			</Attachment>
		</Attachment>
		<Attachment>
			<ModelHash>0x55a8cf2a</ModelHash>
			<Type>3</Type>
			<Dynamic>false</Dynamic>
			<FrozenPos>true</FrozenPos>
			<HashName>prop_container_door_mb_l</HashName>
			<InitialHandle>132878</InitialHandle>
			<ObjectProperties>
				<TextureVariation>0</TextureVariation>
			</ObjectProperties>
			<OpacityLevel>255</OpacityLevel>
			<LodDistance>16960</LodDistance>
			<IsVisible>true</IsVisible>
			<MaxHealth>1000</MaxHealth>
			<Health>1000</Health>
			<HasGravity>true</HasGravity>
			<IsOnFire>false</IsOnFire>
			<IsInvincible>false</IsInvincible>
			<IsBulletProof>false</IsBulletProof>
			<IsCollisionProof>false</IsCollisionProof>
			<IsExplosionProof>false</IsExplosionProof>
			<IsFireProof>false</IsFireProof>
			<IsMeleeProof>false</IsMeleeProof>
			<IsOnlyDamagedByPlayer>false</IsOnlyDamagedByPlayer>
			<PositionRotation>
				<X>-1749.35693</X>
				<Y>4461.70361</Y>
				<Z>6.08103228</Z>
				<Pitch>-81.582695</Pitch>
				<Roll>-131.034637</Roll>
				<Yaw>35.2698936</Yaw>
			</PositionRotation>
			<Attachment isAttached="true">
				<AttachedTo>187395</AttachedTo>
				<BoneIndex>0</BoneIndex>
				<X>0.0296949036</X>
				<Y>-3.57209468</Y>
				<Z>1.01319945</Z>
				<Pitch>-90.1268387</Pitch>
				<Roll>-135.018463</Roll>
				<Yaw>-42.9477997</Yaw>
			</Attachment>
		</Attachment>
		<Attachment>
			<ModelHash>0xf0c46723</ModelHash>
			<Type>3</Type>
			<Dynamic>false</Dynamic>
			<FrozenPos>true</FrozenPos>
			<HashName>p_bison_winch_s</HashName>
			<InitialHandle>410895</InitialHandle>
			<ObjectProperties>
				<TextureVariation>0</TextureVariation>
			</ObjectProperties>
			<OpacityLevel>255</OpacityLevel>
			<LodDistance>16960</LodDistance>
			<IsVisible>true</IsVisible>
			<MaxHealth>1000</MaxHealth>
			<Health>1000</Health>
			<HasGravity>true</HasGravity>
			<IsOnFire>false</IsOnFire>
			<IsInvincible>false</IsInvincible>
			<IsBulletProof>false</IsBulletProof>
			<IsCollisionProof>false</IsCollisionProof>
			<IsExplosionProof>false</IsExplosionProof>
			<IsFireProof>false</IsFireProof>
			<IsMeleeProof>false</IsMeleeProof>
			<IsOnlyDamagedByPlayer>false</IsOnlyDamagedByPlayer>
			<PositionRotation>
				<X>-1749.9729</X>
				<Y>4461.90137</Y>
				<Z>5.86232376</Z>
				<Pitch>6.44120646</Pitch>
				<Roll>-8.18470097</Roll>
				<Yaw>75.1726608</Yaw>
			</PositionRotation>
			<Attachment isAttached="true">
				<AttachedTo>187395</AttachedTo>
				<BoneIndex>0</BoneIndex>
				<X>0.0286725909</X>
				<Y>-2.95519495</Y>
				<Z>0.720131636</Z>
				<Pitch>-0.126839802</Pitch>
				<Roll>-2.70910716</Roll>
				<Yaw>0.637145996</Yaw>
			</Attachment>
		</Attachment>
		<Attachment>
			<ModelHash>0x90aa8a87</ModelHash>
			<Type>3</Type>
			<Dynamic>false</Dynamic>
			<FrozenPos>true</FrozenPos>
			<HashName>hei_heist_stn_benchshort</HashName>
			<InitialHandle>64016</InitialHandle>
			<ObjectProperties>
				<TextureVariation>0</TextureVariation>
			</ObjectProperties>
			<OpacityLevel>255</OpacityLevel>
			<LodDistance>16960</LodDistance>
			<IsVisible>true</IsVisible>
			<MaxHealth>1000</MaxHealth>
			<Health>1000</Health>
			<HasGravity>true</HasGravity>
			<IsOnFire>false</IsOnFire>
			<IsInvincible>false</IsInvincible>
			<IsBulletProof>false</IsBulletProof>
			<IsCollisionProof>false</IsCollisionProof>
			<IsExplosionProof>false</IsExplosionProof>
			<IsFireProof>false</IsFireProof>
			<IsMeleeProof>false</IsMeleeProof>
			<IsOnlyDamagedByPlayer>false</IsOnlyDamagedByPlayer>
			<PositionRotation>
				<X>-1756.33765</X>
				<Y>4463.75</Y>
				<Z>5.52395058</Z>
				<Pitch>42.9758415</Pitch>
				<Roll>4.62761974</Roll>
				<Yaw>-111.15007</Yaw>
			</PositionRotation>
			<Attachment isAttached="true">
				<AttachedTo>187395</AttachedTo>
				<BoneIndex>0</BoneIndex>
				<X>0.010379415</X>
				<Y>3.58859181</Y>
				<Z>-0.384070992</Z>
				<Pitch>49.8731613</Pitch>
				<Roll>-2.70910454</Roll>
				<Yaw>-180.055008</Yaw>
			</Attachment>
		</Attachment>
		<Attachment>
			<ModelHash>0x7b9fa1c4</ModelHash>
			<Type>3</Type>
			<Dynamic>false</Dynamic>
			<FrozenPos>true</FrozenPos>
			<HashName>prop_fncwood_16f</HashName>
			<InitialHandle>741649</InitialHandle>
			<ObjectProperties>
				<TextureVariation>0</TextureVariation>
			</ObjectProperties>
			<OpacityLevel>255</OpacityLevel>
			<LodDistance>16960</LodDistance>
			<IsVisible>true</IsVisible>
			<MaxHealth>1000</MaxHealth>
			<Health>1000</Health>
			<HasGravity>true</HasGravity>
			<IsOnFire>false</IsOnFire>
			<IsInvincible>false</IsInvincible>
			<IsBulletProof>false</IsBulletProof>
			<IsCollisionProof>false</IsCollisionProof>
			<IsExplosionProof>false</IsExplosionProof>
			<IsFireProof>false</IsFireProof>
			<IsMeleeProof>false</IsMeleeProof>
			<IsOnlyDamagedByPlayer>false</IsOnlyDamagedByPlayer>
			<PositionRotation>
				<X>-1753.40564</X>
				<Y>4461.35889</Y>
				<Z>6.90518761</Z>
				<Pitch>6.66665649</Pitch>
				<Roll>-7.90191889</Roll>
				<Yaw>72.7425385</Yaw>
			</PositionRotation>
			<Attachment isAttached="true">
				<AttachedTo>187395</AttachedTo>
				<BoneIndex>0</BoneIndex>
				<X>-1.33947921</X>
				<Y>0.308038771</Y>
				<Z>1.52324331</Z>
				<Pitch>-0.126839802</Pitch>
				<Roll>-2.70910716</Roll>
				<Yaw>-1.78760529</Yaw>
			</Attachment>
		</Attachment>
		<Attachment>
			<ModelHash>0x6ba201c9</ModelHash>
			<Type>3</Type>
			<Dynamic>false</Dynamic>
			<FrozenPos>true</FrozenPos>
			<HashName>prop_fncwood_16g</HashName>
			<InitialHandle>426258</InitialHandle>
			<ObjectProperties>
				<TextureVariation>0</TextureVariation>
			</ObjectProperties>
			<OpacityLevel>255</OpacityLevel>
			<LodDistance>16960</LodDistance>
			<IsVisible>true</IsVisible>
			<MaxHealth>1000</MaxHealth>
			<Health>1000</Health>
			<HasGravity>true</HasGravity>
			<IsOnFire>false</IsOnFire>
			<IsInvincible>false</IsInvincible>
			<IsBulletProof>false</IsBulletProof>
			<IsCollisionProof>false</IsCollisionProof>
			<IsExplosionProof>false</IsExplosionProof>
			<IsFireProof>false</IsFireProof>
			<IsMeleeProof>false</IsMeleeProof>
			<IsOnlyDamagedByPlayer>false</IsOnlyDamagedByPlayer>
			<PositionRotation>
				<X>-1752.85864</X>
				<Y>4463.67822</Y>
				<Z>7.17911673</Z>
				<Pitch>6.92413998</Pitch>
				<Roll>-7.54573536</Roll>
				<Yaw>69.7880707</Yaw>
			</PositionRotation>
			<Attachment isAttached="true">
				<AttachedTo>187395</AttachedTo>
				<BoneIndex>0</BoneIndex>
				<X>1.05592918</X>
				<Y>0.429858357</Y>
				<Z>1.55944312</Z>
				<Pitch>-0.126839802</Pitch>
				<Roll>-2.70910716</Roll>
				<Yaw>-4.73259354</Yaw>
			</Attachment>
		</Attachment>
		<Attachment>
			<ModelHash>0xfe6e928a</ModelHash>
			<Type>3</Type>
			<Dynamic>false</Dynamic>
			<FrozenPos>true</FrozenPos>
			<HashName>prop_bush_med_01</HashName>
			<InitialHandle>389651</InitialHandle>
			<ObjectProperties>
				<TextureVariation>0</TextureVariation>
			</ObjectProperties>
			<OpacityLevel>255</OpacityLevel>
			<LodDistance>16960</LodDistance>
			<IsVisible>true</IsVisible>
			<MaxHealth>1000</MaxHealth>
			<Health>1000</Health>
			<HasGravity>true</HasGravity>
			<IsOnFire>false</IsOnFire>
			<IsInvincible>false</IsInvincible>
			<IsBulletProof>false</IsBulletProof>
			<IsCollisionProof>false</IsCollisionProof>
			<IsExplosionProof>false</IsExplosionProof>
			<IsFireProof>false</IsFireProof>
			<IsMeleeProof>false</IsMeleeProof>
			<IsOnlyDamagedByPlayer>false</IsOnlyDamagedByPlayer>
			<PositionRotation>
				<X>-1749.57849</X>
				<Y>4460.50098</Y>
				<Z>5.24234867</Z>
				<Pitch>84.5447159</Pitch>
				<Roll>-60.3759384</Roll>
				<Yaw>125.200256</Yaw>
			</PositionRotation>
			<Attachment isAttached="true">
				<AttachedTo>187395</AttachedTo>
				<BoneIndex>0</BoneIndex>
				<X>-1.26059282</X>
				<Y>-3.77514672</Y>
				<Z>0.310853541</Z>
				<Pitch>79.8731461</Pitch>
				<Roll>-2.70910716</Roll>
				<Yaw>-6.29198837</Yaw>
			</Attachment>
		</Attachment>
		<Attachment>
			<ModelHash>0xfe6e928a</ModelHash>
			<Type>3</Type>
			<Dynamic>false</Dynamic>
			<FrozenPos>true</FrozenPos>
			<HashName>prop_bush_med_01</HashName>
			<InitialHandle>732178</InitialHandle>
			<ObjectProperties>
				<TextureVariation>0</TextureVariation>
			</ObjectProperties>
			<OpacityLevel>255</OpacityLevel>
			<LodDistance>16960</LodDistance>
			<IsVisible>true</IsVisible>
			<MaxHealth>1000</MaxHealth>
			<Health>1000</Health>
			<HasGravity>true</HasGravity>
			<IsOnFire>false</IsOnFire>
			<IsInvincible>false</IsInvincible>
			<IsBulletProof>false</IsBulletProof>
			<IsCollisionProof>false</IsCollisionProof>
			<IsExplosionProof>false</IsExplosionProof>
			<IsFireProof>false</IsFireProof>
			<IsMeleeProof>false</IsMeleeProof>
			<IsOnlyDamagedByPlayer>false</IsOnlyDamagedByPlayer>
			<PositionRotation>
				<X>-1749.08984</X>
				<Y>4462.98877</Y>
				<Z>5.40057468</Z>
				<Pitch>77.0771637</Pitch>
				<Roll>-19.2993584</Roll>
				<Yaw>76.6106873</Yaw>
			</PositionRotation>
			<Attachment isAttached="true">
				<AttachedTo>187395</AttachedTo>
				<BoneIndex>0</BoneIndex>
				<X>1.26903665</X>
				<Y>-3.56616569</Y>
				<Z>0.207182929</Z>
				<Pitch>69.8731689</Pitch>
				<Roll>-2.70910478</Roll>
				<Yaw>-13.5675983</Yaw>
			</Attachment>
		</Attachment>
		<Attachment>
			<ModelHash>0xfe6e928a</ModelHash>
			<Type>3</Type>
			<Dynamic>false</Dynamic>
			<FrozenPos>true</FrozenPos>
			<HashName>prop_bush_med_01</HashName>
			<InitialHandle>528148</InitialHandle>
			<ObjectProperties>
				<TextureVariation>0</TextureVariation>
			</ObjectProperties>
			<OpacityLevel>255</OpacityLevel>
			<LodDistance>16960</LodDistance>
			<IsVisible>true</IsVisible>
			<MaxHealth>1000</MaxHealth>
			<Health>1000</Health>
			<HasGravity>true</HasGravity>
			<IsOnFire>false</IsOnFire>
			<IsInvincible>false</IsInvincible>
			<IsBulletProof>false</IsBulletProof>
			<IsCollisionProof>false</IsCollisionProof>
			<IsExplosionProof>false</IsExplosionProof>
			<IsFireProof>false</IsFireProof>
			<IsMeleeProof>false</IsMeleeProof>
			<IsOnlyDamagedByPlayer>false</IsOnlyDamagedByPlayer>
			<PositionRotation>
				<X>-1756.39001</X>
				<Y>4462.33398</Y>
				<Z>5.87912273</Z>
				<Pitch>78.7602997</Pitch>
				<Roll>44.3150597</Roll>
				<Yaw>-84.8045425</Yaw>
			</PositionRotation>
			<Attachment isAttached="true">
				<AttachedTo>187395</AttachedTo>
				<BoneIndex>0</BoneIndex>
				<X>-1.32561672</X>
				<Y>3.30498195</Y>
				<Z>0.134562448</Z>
				<Pitch>79.8731918</Pitch>
				<Roll>-2.70910597</Roll>
				<Yaw>-112.740242</Yaw>
			</Attachment>
		</Attachment>
		<Attachment>
			<ModelHash>0xfe6e928a</ModelHash>
			<Type>3</Type>
			<Dynamic>false</Dynamic>
			<FrozenPos>true</FrozenPos>
			<HashName>prop_bush_med_01</HashName>
			<InitialHandle>560148</InitialHandle>
			<ObjectProperties>
				<TextureVariation>0</TextureVariation>
			</ObjectProperties>
			<OpacityLevel>255</OpacityLevel>
			<LodDistance>16960</LodDistance>
			<IsVisible>true</IsVisible>
			<MaxHealth>1000</MaxHealth>
			<Health>1000</Health>
			<HasGravity>true</HasGravity>
			<IsOnFire>false</IsOnFire>
			<IsInvincible>false</IsInvincible>
			<IsBulletProof>false</IsBulletProof>
			<IsCollisionProof>false</IsCollisionProof>
			<IsExplosionProof>false</IsExplosionProof>
			<IsFireProof>false</IsFireProof>
			<IsMeleeProof>false</IsMeleeProof>
			<IsOnlyDamagedByPlayer>false</IsOnlyDamagedByPlayer>
			<PositionRotation>
				<X>-1755.23096</X>
				<Y>4464.95605</Y>
				<Z>5.93897104</Z>
				<Pitch>81.582695</Pitch>
				<Roll>-36.1073303</Roll>
				<Yaw>-144.73024</Yaw>
			</PositionRotation>
			<Attachment isAttached="true">
				<AttachedTo>187395</AttachedTo>
				<BoneIndex>0</BoneIndex>
				<X>1.50794697</X>
				<Y>2.89614534</Y>
				<Z>-0.0252306759</Z>
				<Pitch>89.8731613</Pitch>
				<Roll>147.876343</Roll>
				<Yaw>-42.9477997</Yaw>
			</Attachment>
		</Attachment>
		<Attachment>
			<ModelHash>0x2cfee5fd</ModelHash>
			<Type>3</Type>
			<Dynamic>false</Dynamic>
			<FrozenPos>true</FrozenPos>
			<HashName>prop_bush_ivy_01_1m</HashName>
			<InitialHandle>237078</InitialHandle>
			<ObjectProperties>
				<TextureVariation>0</TextureVariation>
			</ObjectProperties>
			<OpacityLevel>255</OpacityLevel>
			<LodDistance>16960</LodDistance>
			<IsVisible>true</IsVisible>
			<MaxHealth>1000</MaxHealth>
			<Health>1000</Health>
			<HasGravity>true</HasGravity>
			<IsOnFire>false</IsOnFire>
			<IsInvincible>false</IsInvincible>
			<IsBulletProof>false</IsBulletProof>
			<IsCollisionProof>false</IsCollisionProof>
			<IsExplosionProof>false</IsExplosionProof>
			<IsFireProof>false</IsFireProof>
			<IsMeleeProof>false</IsMeleeProof>
			<IsOnlyDamagedByPlayer>false</IsOnlyDamagedByPlayer>
			<PositionRotation>
				<X>-1750.52039</X>
				<Y>4460.06738</Y>
				<Z>5.41701555</Z>
				<Pitch>5.14507771</Pitch>
				<Roll>4.02314663</Roll>
				<Yaw>-16.8885136</Yaw>
			</PositionRotation>
			<Attachment isAttached="true">
				<AttachedTo>187395</AttachedTo>
				<BoneIndex>0</BoneIndex>
				<X>-1.91852319</X>
				<Y>-2.96793771</Y>
				<Z>0.455501258</Z>
				<Pitch>-0.126839802</Pitch>
				<Roll>-2.70910716</Roll>
				<Yaw>-90.8263474</Yaw>
			</Attachment>
		</Attachment>
		<Attachment>
			<ModelHash>0x2cfee5fd</ModelHash>
			<Type>3</Type>
			<Dynamic>false</Dynamic>
			<FrozenPos>true</FrozenPos>
			<HashName>prop_bush_ivy_01_1m</HashName>
			<InitialHandle>94742</InitialHandle>
			<ObjectProperties>
				<TextureVariation>0</TextureVariation>
			</ObjectProperties>
			<OpacityLevel>255</OpacityLevel>
			<LodDistance>16960</LodDistance>
			<IsVisible>true</IsVisible>
			<MaxHealth>1000</MaxHealth>
			<Health>1000</Health>
			<HasGravity>true</HasGravity>
			<IsOnFire>false</IsOnFire>
			<IsInvincible>false</IsInvincible>
			<IsBulletProof>false</IsBulletProof>
			<IsCollisionProof>false</IsCollisionProof>
			<IsExplosionProof>false</IsExplosionProof>
			<IsFireProof>false</IsFireProof>
			<IsMeleeProof>false</IsMeleeProof>
			<IsOnlyDamagedByPlayer>false</IsOnlyDamagedByPlayer>
			<PositionRotation>
				<X>-1749.41492</X>
				<Y>4463.86035</Y>
				<Z>5.74205256</Z>
				<Pitch>-4.49094439</Pitch>
				<Roll>-10.0620642</Roll>
				<Yaw>155.731644</Yaw>
			</PositionRotation>
			<Attachment isAttached="true">
				<AttachedTo>187395</AttachedTo>
				<BoneIndex>0</BoneIndex>
				<X>2.0451231</X>
				<Y>-2.98488855</Y>
				<Z>0.411237299</Z>
				<Pitch>-0.126839802</Pitch>
				<Roll>-2.70910716</Roll>
				<Yaw>81.7952728</Yaw>
			</Attachment>
		</Attachment>
		<Attachment>
			<ModelHash>0x2cfee5fd</ModelHash>
			<Type>3</Type>
			<Dynamic>false</Dynamic>
			<FrozenPos>true</FrozenPos>
			<HashName>prop_bush_ivy_01_1m</HashName>
			<InitialHandle>345110</InitialHandle>
			<ObjectProperties>
				<TextureVariation>0</TextureVariation>
			</ObjectProperties>
			<OpacityLevel>255</OpacityLevel>
			<LodDistance>16960</LodDistance>
			<IsVisible>true</IsVisible>
			<MaxHealth>1000</MaxHealth>
			<Health>1000</Health>
			<HasGravity>true</HasGravity>
			<IsOnFire>false</IsOnFire>
			<IsInvincible>false</IsInvincible>
			<IsBulletProof>false</IsBulletProof>
			<IsCollisionProof>false</IsCollisionProof>
			<IsExplosionProof>false</IsExplosionProof>
			<IsFireProof>false</IsFireProof>
			<IsMeleeProof>false</IsMeleeProof>
			<IsOnlyDamagedByPlayer>false</IsOnlyDamagedByPlayer>
			<PositionRotation>
				<X>-1753.58215</X>
				<Y>4464.82275</Y>
				<Z>6.18871069</Z>
				<Pitch>-4.51304007</Pitch>
				<Roll>-10.0489511</Roll>
				<Yaw>155.903549</Yaw>
			</PositionRotation>
			<Attachment isAttached="true">
				<AttachedTo>187395</AttachedTo>
				<BoneIndex>0</BoneIndex>
				<X>1.85854638</X>
				<Y>1.31113911</Y>
				<Z>0.379142791</Z>
				<Pitch>-0.126839802</Pitch>
				<Roll>-2.70910716</Roll>
				<Yaw>81.9680786</Yaw>
			</Attachment>
		</Attachment>
		<Attachment>
			<ModelHash>0x2cfee5fd</ModelHash>
			<Type>3</Type>
			<Dynamic>false</Dynamic>
			<FrozenPos>true</FrozenPos>
			<HashName>prop_bush_ivy_01_1m</HashName>
			<InitialHandle>500758</InitialHandle>
			<ObjectProperties>
				<TextureVariation>0</TextureVariation>
			</ObjectProperties>
			<OpacityLevel>255</OpacityLevel>
			<LodDistance>16960</LodDistance>
			<IsVisible>true</IsVisible>
			<MaxHealth>1000</MaxHealth>
			<Health>1000</Health>
			<HasGravity>true</HasGravity>
			<IsOnFire>false</IsOnFire>
			<IsInvincible>false</IsInvincible>
			<IsBulletProof>false</IsBulletProof>
			<IsCollisionProof>false</IsCollisionProof>
			<IsExplosionProof>false</IsExplosionProof>
			<IsFireProof>false</IsFireProof>
			<IsMeleeProof>false</IsMeleeProof>
			<IsOnlyDamagedByPlayer>false</IsOnlyDamagedByPlayer>
			<PositionRotation>
				<X>-1755.31799</X>
				<Y>4461.35889</Y>
				<Z>6.03822231</Z>
				<Pitch>5.52820826</Pitch>
				<Roll>3.70515203</Roll>
				<Yaw>-13.5501003</Yaw>
			</PositionRotation>
			<Attachment isAttached="true">
				<AttachedTo>187395</AttachedTo>
				<BoneIndex>0</BoneIndex>
				<X>-1.94771791</X>
				<Y>2.03898501</Y>
				<Z>0.502054513</Z>
				<Pitch>-0.126839802</Pitch>
				<Roll>-2.70910716</Roll>
				<Yaw>-87.4804001</Yaw>
			</Attachment>
		</Attachment>
		<Attachment>
			<ModelHash>0x5c762663</ModelHash>
			<Type>3</Type>
			<Dynamic>false</Dynamic>
			<FrozenPos>true</FrozenPos>
			<HashName>prop_bush_ivy_01_2m</HashName>
			<InitialHandle>390935</InitialHandle>
			<ObjectProperties>
				<TextureVariation>0</TextureVariation>
			</ObjectProperties>
			<OpacityLevel>255</OpacityLevel>
			<LodDistance>16960</LodDistance>
			<IsVisible>true</IsVisible>
			<MaxHealth>1000</MaxHealth>
			<Health>1000</Health>
			<HasGravity>true</HasGravity>
			<IsOnFire>false</IsOnFire>
			<IsInvincible>false</IsInvincible>
			<IsBulletProof>false</IsBulletProof>
			<IsCollisionProof>false</IsCollisionProof>
			<IsExplosionProof>false</IsExplosionProof>
			<IsFireProof>false</IsFireProof>
			<IsMeleeProof>false</IsMeleeProof>
			<IsOnlyDamagedByPlayer>false</IsOnlyDamagedByPlayer>
			<PositionRotation>
				<X>-1751.71875</X>
				<Y>4461.79443</Y>
				<Z>7.21675014</Z>
				<Pitch>-62.062912</Pitch>
				<Roll>-9.77535439</Roll>
				<Yaw>51.5588875</Yaw>
			</PositionRotation>
			<Attachment isAttached="true">
				<AttachedTo>187395</AttachedTo>
				<BoneIndex>0</BoneIndex>
				<X>-0.428285062</X>
				<Y>-1.15566444</Y>
				<Z>1.92294812</Z>
				<Pitch>-70.1268539</Pitch>
				<Roll>-2.7091043</Roll>
				<Yaw>-16.1968918</Yaw>
			</Attachment>
		</Attachment>
	</SpoonerAttachments>
</Vehicle>
