<?xml version="1.0" encoding="ISO-8859-1"?>
<Vehicle menyoo_ver="0.9998744b">
	<ModelHash>0xc07107ee</ModelHash>
	<InitialHandle>139787</InitialHandle>
	<VehicleProperties>
		<Colours>
			<Primary>132</Primary>
			<Secondary>0</Secondary>
			<Pearl>122</Pearl>
			<Rim>156</Rim>
			<Mod1_a>0</Mod1_a>
			<Mod1_b>1</Mod1_b>
			<Mod1_c>7602259</Mod1_c>
			<Mod2_a>7209057</Mod2_a>
			<Mod2_b>6357092</Mod2_b>
			<IsPrimaryColourCustom>false</IsPrimaryColourCustom>
			<IsSecondaryColourCustom>false</IsSecondaryColourCustom>
			<tyreSmoke_R>255</tyreSmoke_R>
			<tyreSmoke_G>255</tyreSmoke_G>
			<tyreSmoke_B>255</tyreSmoke_B>
			<LrInterior>0</LrInterior>
			<LrDashboard>0</LrDashboard>
		</Colours>
		<Livery>-1</Livery>
		<NumberPlateText>29DTV671</NumberPlateText>
		<NumberPlateIndex>4</NumberPlateIndex>
		<WheelType>0</WheelType>
		<WheelsInvisible>false</WheelsInvisible>
		<EngineSoundName></EngineSoundName>
		<WindowTint>-1</WindowTint>
		<BulletProofTyres>false</BulletProofTyres>
		<DirtLevel>0</DirtLevel>
		<PaintFade>0.298039228</PaintFade>
		<RoofState>0</RoofState>
		<SirenActive>false</SirenActive>
		<EngineOn>true</EngineOn>
		<EngineHealth>964.827576</EngineHealth>
		<LightsOn>true</LightsOn>
		<IsRadioLoud>0</IsRadioLoud>
		<LockStatus>1</LockStatus>
		<Neons>
			<Left>false</Left>
			<Right>false</Right>
			<Front>false</Front>
			<Back>false</Back>
			<R>255</R>
			<G>0</G>
			<B>255</B>
		</Neons>
		<ModExtras />
		<Mods>
			<_0>-1,0</_0>
			<_1>-1,0</_1>
			<_2>-1,0</_2>
			<_3>-1,0</_3>
			<_4>-1,0</_4>
			<_5>-1,0</_5>
			<_6>-1,0</_6>
			<_7>-1,0</_7>
			<_8>-1,0</_8>
			<_9>-1,0</_9>
			<_10>-1,0</_10>
			<_11>-1,0</_11>
			<_12>-1,0</_12>
			<_13>-1,0</_13>
			<_14>-1,0</_14>
			<_15>-1,0</_15>
			<_16>-1,0</_16>
			<_17>false</_17>
			<_18>false</_18>
			<_19>false</_19>
			<_20>false</_20>
			<_21>false</_21>
			<_22>false</_22>
			<_23>-1,0</_23>
			<_24>-1,0</_24>
			<_25>-1,0</_25>
			<_26>-1,0</_26>
			<_27>-1,0</_27>
			<_28>-1,0</_28>
			<_29>-1,0</_29>
			<_30>-1,0</_30>
			<_31>-1,0</_31>
			<_32>-1,0</_32>
			<_33>-1,0</_33>
			<_34>-1,0</_34>
			<_35>-1,0</_35>
			<_36>-1,0</_36>
			<_37>-1,0</_37>
			<_38>-1,0</_38>
			<_39>-1,0</_39>
			<_40>-1,0</_40>
			<_41>-1,0</_41>
			<_42>-1,0</_42>
			<_43>-1,0</_43>
			<_44>-1,0</_44>
			<_45>-1,0</_45>
			<_46>-1,0</_46>
			<_47>-1,0</_47>
			<_48>-1,0</_48>
		</Mods>
		<DoorsOpen>
			<BackLeftDoor>false</BackLeftDoor>
			<BackRightDoor>false</BackRightDoor>
			<FrontLeftDoor>false</FrontLeftDoor>
			<FrontRightDoor>false</FrontRightDoor>
			<Hood>false</Hood>
			<Trunk>false</Trunk>
			<Trunk2>false</Trunk2>
		</DoorsOpen>
		<DoorsBroken>
			<BackLeftDoor>false</BackLeftDoor>
			<BackRightDoor>false</BackRightDoor>
			<FrontLeftDoor>false</FrontLeftDoor>
			<FrontRightDoor>false</FrontRightDoor>
			<Hood>false</Hood>
			<Trunk>false</Trunk>
			<Trunk2>false</Trunk2>
		</DoorsBroken>
		<TyresBursted>
			<FrontLeft>false</FrontLeft>
			<FrontRight>false</FrontRight>
			<_2>false</_2>
			<_3>false</_3>
			<BackLeft>false</BackLeft>
			<BackRight>false</BackRight>
			<_6>false</_6>
			<_7>false</_7>
			<_8>false</_8>
		</TyresBursted>
	</VehicleProperties>
	<OpacityLevel>255</OpacityLevel>
	<LodDistance>16960</LodDistance>
	<IsVisible>true</IsVisible>
	<IsDriverVisible>true</IsDriverVisible>
	<MaxHealth>1000</MaxHealth>
	<Health>951</Health>
	<HasGravity>true</HasGravity>
	<IsOnFire>false</IsOnFire>
	<IsInvincible>false</IsInvincible>
	<IsBulletProof>false</IsBulletProof>
	<IsExplosionProof>false</IsExplosionProof>
	<IsFireProof>false</IsFireProof>
	<IsMeleeProof>false</IsMeleeProof>
	<IsOnlyDamagedByPlayer>false</IsOnlyDamagedByPlayer>
	<SpoonerAttachments SetAttachmentsPersistentAndAddToSpoonerDatabase="false" StartTaskSequencesOnLoad="true">
		<Attachment>
			<ModelHash>0x8ead91fc</ModelHash>
			<Type>3</Type>
			<Dynamic>false</Dynamic>
			<FrozenPos>true</FrozenPos>
			<HashName>prop_worklight_03b</HashName>
			<InitialHandle>16140</InitialHandle>
			<ObjectProperties>
				<TextureVariation>0</TextureVariation>
			</ObjectProperties>
			<OpacityLevel>255</OpacityLevel>
			<LodDistance>16960</LodDistance>
			<IsVisible>true</IsVisible>
			<MaxHealth>1000</MaxHealth>
			<Health>1000</Health>
			<HasGravity>true</HasGravity>
			<IsOnFire>false</IsOnFire>
			<IsInvincible>false</IsInvincible>
			<IsBulletProof>false</IsBulletProof>
			<IsCollisionProof>false</IsCollisionProof>
			<IsExplosionProof>false</IsExplosionProof>
			<IsFireProof>false</IsFireProof>
			<IsMeleeProof>false</IsMeleeProof>
			<IsOnlyDamagedByPlayer>false</IsOnlyDamagedByPlayer>
			<PositionRotation>
				<X>3338.47192</X>
				<Y>1890.83667</Y>
				<Z>-19.9122295</Z>
				<Pitch>-4.66565275</Pitch>
				<Roll>0.259808451</Roll>
				<Yaw>-171.594696</Yaw>
			</PositionRotation>
			<Attachment isAttached="true">
				<AttachedTo>139787</AttachedTo>
				<BoneIndex>0</BoneIndex>
				<X>-0.726717353</X>
				<Y>-0.622632623</Y>
				<Z>-0.968167126</Z>
				<Pitch>-0.0062729679</Pitch>
				<Roll>0.0939964503</Roll>
				<Yaw>180.897934</Yaw>
			</Attachment>
		</Attachment>
		<Attachment>
			<ModelHash>0xb7dd5fd1</ModelHash>
			<Type>3</Type>
			<Dynamic>false</Dynamic>
			<FrozenPos>true</FrozenPos>
			<HashName>p_rcss_folded</HashName>
			<InitialHandle>198416</InitialHandle>
			<ObjectProperties>
				<TextureVariation>0</TextureVariation>
			</ObjectProperties>
			<OpacityLevel>255</OpacityLevel>
			<LodDistance>16960</LodDistance>
			<IsVisible>true</IsVisible>
			<MaxHealth>1000</MaxHealth>
			<Health>1000</Health>
			<HasGravity>true</HasGravity>
			<IsOnFire>false</IsOnFire>
			<IsInvincible>false</IsInvincible>
			<IsBulletProof>false</IsBulletProof>
			<IsCollisionProof>false</IsCollisionProof>
			<IsExplosionProof>false</IsExplosionProof>
			<IsFireProof>false</IsFireProof>
			<IsMeleeProof>false</IsMeleeProof>
			<IsOnlyDamagedByPlayer>false</IsOnlyDamagedByPlayer>
			<PositionRotation>
				<X>3340.61646</X>
				<Y>1893.57825</Y>
				<Z>-19.3490639</Z>
				<Pitch>-4.66859436</Pitch>
				<Roll>0.090283528</Roll>
				<Yaw>-173.680725</Yaw>
			</PositionRotation>
			<Attachment isAttached="true">
				<AttachedTo>139787</AttachedTo>
				<BoneIndex>0</BoneIndex>
				<X>1.75799739</X>
				<Y>1.85317945</Y>
				<Z>-0.609018147</Z>
				<Pitch>-0.0062729679</Pitch>
				<Roll>0.0939964503</Roll>
				<Yaw>178.818802</Yaw>
			</Attachment>
		</Attachment>
		<Attachment>
			<ModelHash>0xb7dd5fd1</ModelHash>
			<Type>3</Type>
			<Dynamic>false</Dynamic>
			<FrozenPos>true</FrozenPos>
			<HashName>p_rcss_folded</HashName>
			<InitialHandle>379151</InitialHandle>
			<ObjectProperties>
				<TextureVariation>0</TextureVariation>
			</ObjectProperties>
			<OpacityLevel>255</OpacityLevel>
			<LodDistance>16960</LodDistance>
			<IsVisible>true</IsVisible>
			<MaxHealth>1000</MaxHealth>
			<Health>1000</Health>
			<HasGravity>true</HasGravity>
			<IsOnFire>false</IsOnFire>
			<IsInvincible>false</IsInvincible>
			<IsBulletProof>false</IsBulletProof>
			<IsCollisionProof>false</IsCollisionProof>
			<IsExplosionProof>false</IsExplosionProof>
			<IsFireProof>false</IsFireProof>
			<IsMeleeProof>false</IsMeleeProof>
			<IsOnlyDamagedByPlayer>false</IsOnlyDamagedByPlayer>
			<PositionRotation>
				<X>3337.3374</X>
				<Y>1893.20471</Y>
				<Z>-19.3022728</Z>
				<Pitch>-4.66859436</Pitch>
				<Roll>0.090283528</Roll>
				<Yaw>-173.680725</Yaw>
			</PositionRotation>
			<Attachment isAttached="true">
				<AttachedTo>139787</AttachedTo>
				<BoneIndex>0</BoneIndex>
				<X>-1.54170108</X>
				<Y>1.91466045</Y>
				<Z>-0.561751425</Z>
				<Pitch>-0.0062729679</Pitch>
				<Roll>0.0939964503</Roll>
				<Yaw>178.818802</Yaw>
			</Attachment>
		</Attachment>
		<Attachment>
			<ModelHash>0xc7be95a0</ModelHash>
			<Type>3</Type>
			<Dynamic>false</Dynamic>
			<FrozenPos>true</FrozenPos>
			<HashName>prop_monitor_04a</HashName>
			<InitialHandle>366865</InitialHandle>
			<ObjectProperties>
				<TextureVariation>0</TextureVariation>
			</ObjectProperties>
			<OpacityLevel>255</OpacityLevel>
			<LodDistance>16960</LodDistance>
			<IsVisible>true</IsVisible>
			<MaxHealth>1000</MaxHealth>
			<Health>1000</Health>
			<HasGravity>true</HasGravity>
			<IsOnFire>false</IsOnFire>
			<IsInvincible>false</IsInvincible>
			<IsBulletProof>false</IsBulletProof>
			<IsCollisionProof>false</IsCollisionProof>
			<IsExplosionProof>false</IsExplosionProof>
			<IsFireProof>false</IsFireProof>
			<IsMeleeProof>false</IsMeleeProof>
			<IsOnlyDamagedByPlayer>false</IsOnlyDamagedByPlayer>
			<PositionRotation>
				<X>3338.65845</X>
				<Y>1891.81396</Y>
				<Z>-19.090765</Z>
				<Pitch>4.43850613</Pitch>
				<Roll>-1.3149606</Roll>
				<Yaw>23.9729919</Yaw>
			</PositionRotation>
			<Attachment isAttached="true">
				<AttachedTo>139787</AttachedTo>
				<BoneIndex>0</BoneIndex>
				<X>-0.412897378</X>
				<Y>0.385529757</Y>
				<Z>-0.226685345</Z>
				<Pitch>-0.0062729679</Pitch>
				<Roll>0.0939964503</Roll>
				<Yaw>16.4178619</Yaw>
			</Attachment>
		</Attachment>
		<Attachment>
			<ModelHash>0x7697c900</ModelHash>
			<Type>3</Type>
			<Dynamic>false</Dynamic>
			<FrozenPos>true</FrozenPos>
			<HashName>v_res_monitorwidelarge</HashName>
			<InitialHandle>244754</InitialHandle>
			<ObjectProperties>
				<TextureVariation>0</TextureVariation>
			</ObjectProperties>
			<OpacityLevel>255</OpacityLevel>
			<LodDistance>16960</LodDistance>
			<IsVisible>true</IsVisible>
			<MaxHealth>1000</MaxHealth>
			<Health>1000</Health>
			<HasGravity>true</HasGravity>
			<IsOnFire>false</IsOnFire>
			<IsInvincible>false</IsInvincible>
			<IsBulletProof>false</IsBulletProof>
			<IsCollisionProof>false</IsCollisionProof>
			<IsExplosionProof>false</IsExplosionProof>
			<IsFireProof>false</IsFireProof>
			<IsMeleeProof>false</IsMeleeProof>
			<IsOnlyDamagedByPlayer>false</IsOnlyDamagedByPlayer>
			<PositionRotation>
				<X>3339.51245</X>
				<Y>1891.71008</Y>
				<Z>-18.6774559</Z>
				<Pitch>3.44064641</Pitch>
				<Roll>3.23530841</Roll>
				<Yaw>-36.0249329</Yaw>
			</PositionRotation>
			<Attachment isAttached="true">
				<AttachedTo>139787</AttachedTo>
				<BoneIndex>0</BoneIndex>
				<X>0.420831501</X>
				<Y>0.205324069</Y>
				<Z>0.201342851</Z>
				<Pitch>-0.0062729679</Pitch>
				<Roll>0.0939964503</Roll>
				<Yaw>-43.4313354</Yaw>
			</Attachment>
		</Attachment>
		<Attachment>
			<ModelHash>0x5732edcc</ModelHash>
			<Type>3</Type>
			<Dynamic>false</Dynamic>
			<FrozenPos>true</FrozenPos>
			<HashName>prop_roadheader_01</HashName>
			<InitialHandle>283154</InitialHandle>
			<ObjectProperties>
				<TextureVariation>0</TextureVariation>
			</ObjectProperties>
			<OpacityLevel>255</OpacityLevel>
			<LodDistance>16960</LodDistance>
			<IsVisible>true</IsVisible>
			<MaxHealth>1000</MaxHealth>
			<Health>1000</Health>
			<HasGravity>true</HasGravity>
			<IsOnFire>false</IsOnFire>
			<IsInvincible>false</IsInvincible>
			<IsBulletProof>false</IsBulletProof>
			<IsCollisionProof>false</IsCollisionProof>
			<IsExplosionProof>false</IsExplosionProof>
			<IsFireProof>false</IsFireProof>
			<IsMeleeProof>false</IsMeleeProof>
			<IsOnlyDamagedByPlayer>false</IsOnlyDamagedByPlayer>
			<PositionRotation>
				<X>3339.20752</X>
				<Y>1891.61633</Y>
				<Z>-21.1483192</Z>
				<Pitch>-4.66707897</Pitch>
				<Roll>0.213042617</Roll>
				<Yaw>-172.170303</Yaw>
			</PositionRotation>
			<Attachment isAttached="true">
				<AttachedTo>139787</AttachedTo>
				<BoneIndex>0</BoneIndex>
				<X>0.102230154</X>
				<Y>-0.0484010987</Y>
				<Z>-2.25652003</Z>
				<Pitch>-0.0062729679</Pitch>
				<Roll>0.0939964503</Roll>
				<Yaw>180.324219</Yaw>
			</Attachment>
		</Attachment>
		<Attachment>
			<ModelHash>0x16dc985b</ModelHash>
			<Type>3</Type>
			<Dynamic>false</Dynamic>
			<FrozenPos>true</FrozenPos>
			<HashName>prop_dest_cctv_02</HashName>
			<InitialHandle>780818</InitialHandle>
			<ObjectProperties>
				<TextureVariation>0</TextureVariation>
			</ObjectProperties>
			<OpacityLevel>255</OpacityLevel>
			<LodDistance>16960</LodDistance>
			<IsVisible>true</IsVisible>
			<MaxHealth>1000</MaxHealth>
			<Health>1000</Health>
			<HasGravity>true</HasGravity>
			<IsOnFire>false</IsOnFire>
			<IsInvincible>false</IsInvincible>
			<IsBulletProof>false</IsBulletProof>
			<IsCollisionProof>false</IsCollisionProof>
			<IsExplosionProof>false</IsExplosionProof>
			<IsFireProof>false</IsFireProof>
			<IsMeleeProof>false</IsMeleeProof>
			<IsOnlyDamagedByPlayer>false</IsOnlyDamagedByPlayer>
			<PositionRotation>
				<X>3339.10522</X>
				<Y>1891.67297</Y>
				<Z>-17.8643608</Z>
				<Pitch>4.65587711</Pitch>
				<Roll>0.0538479201</Roll>
				<Yaw>6.85887718</Yaw>
			</PositionRotation>
			<Attachment isAttached="true">
				<AttachedTo>139787</AttachedTo>
				<BoneIndex>0</BoneIndex>
				<X>0.0134819215</X>
				<Y>0.287844718</Y>
				<Z>1.01106715</Z>
				<Pitch>-0.0062729679</Pitch>
				<Roll>0.0939964503</Roll>
				<Yaw>-0.643356323</Yaw>
			</Attachment>
		</Attachment>
		<Attachment>
			<ModelHash>0xbae4a210</ModelHash>
			<Type>3</Type>
			<Dynamic>false</Dynamic>
			<FrozenPos>true</FrozenPos>
			<HashName>prop_cctv_cam_02a</HashName>
			<InitialHandle>322066</InitialHandle>
			<ObjectProperties>
				<TextureVariation>0</TextureVariation>
			</ObjectProperties>
			<OpacityLevel>255</OpacityLevel>
			<LodDistance>16960</LodDistance>
			<IsVisible>true</IsVisible>
			<MaxHealth>1000</MaxHealth>
			<Health>1000</Health>
			<HasGravity>true</HasGravity>
			<IsOnFire>false</IsOnFire>
			<IsInvincible>false</IsInvincible>
			<IsBulletProof>false</IsBulletProof>
			<IsCollisionProof>false</IsCollisionProof>
			<IsExplosionProof>false</IsExplosionProof>
			<IsFireProof>false</IsFireProof>
			<IsMeleeProof>false</IsMeleeProof>
			<IsOnlyDamagedByPlayer>false</IsOnlyDamagedByPlayer>
			<PositionRotation>
				<X>3338.10034</X>
				<Y>1891.56506</Y>
				<Z>-16.8243523</Z>
				<Pitch>-4.66648865</Pitch>
				<Roll>0.234293804</Roll>
				<Yaw>-171.908768</Yaw>
			</PositionRotation>
			<Attachment isAttached="true">
				<AttachedTo>139787</AttachedTo>
				<BoneIndex>0</BoneIndex>
				<X>-0.995055437</X>
				<Y>0.396470755</Y>
				<Z>2.04730105</Z>
				<Pitch>-0.0062729679</Pitch>
				<Roll>0.0939964503</Roll>
				<Yaw>180.5849</Yaw>
			</Attachment>
		</Attachment>
		<Attachment>
			<ModelHash>0xbae4a210</ModelHash>
			<Type>3</Type>
			<Dynamic>false</Dynamic>
			<FrozenPos>true</FrozenPos>
			<HashName>prop_cctv_cam_02a</HashName>
			<InitialHandle>133652</InitialHandle>
			<ObjectProperties>
				<TextureVariation>0</TextureVariation>
			</ObjectProperties>
			<OpacityLevel>255</OpacityLevel>
			<LodDistance>16960</LodDistance>
			<IsVisible>true</IsVisible>
			<MaxHealth>1000</MaxHealth>
			<Health>1000</Health>
			<HasGravity>true</HasGravity>
			<IsOnFire>false</IsOnFire>
			<IsInvincible>false</IsInvincible>
			<IsBulletProof>false</IsBulletProof>
			<IsCollisionProof>false</IsCollisionProof>
			<IsExplosionProof>false</IsExplosionProof>
			<IsFireProof>false</IsFireProof>
			<IsMeleeProof>false</IsMeleeProof>
			<IsOnlyDamagedByPlayer>false</IsOnlyDamagedByPlayer>
			<PositionRotation>
				<X>3340.94873</X>
				<Y>1888.51233</Y>
				<Z>-16.9188938</Z>
				<Pitch>4.44822407</Pitch>
				<Roll>-1.28387189</Roll>
				<Yaw>23.5722809</Yaw>
			</PositionRotation>
			<Attachment isAttached="true">
				<AttachedTo>139787</AttachedTo>
				<BoneIndex>0</BoneIndex>
				<X>1.43056238</X>
				<Y>-2.99856234</Y>
				<Z>2.22534537</Z>
				<Pitch>-0.0062729679</Pitch>
				<Roll>0.0939964503</Roll>
				<Yaw>16.0182343</Yaw>
			</Attachment>
		</Attachment>
		<Attachment>
			<ModelHash>0xbae4a210</ModelHash>
			<Type>3</Type>
			<Dynamic>false</Dynamic>
			<FrozenPos>true</FrozenPos>
			<HashName>prop_cctv_cam_02a</HashName>
			<InitialHandle>682260</InitialHandle>
			<ObjectProperties>
				<TextureVariation>0</TextureVariation>
			</ObjectProperties>
			<OpacityLevel>255</OpacityLevel>
			<LodDistance>16960</LodDistance>
			<IsVisible>true</IsVisible>
			<MaxHealth>1000</MaxHealth>
			<Health>1000</Health>
			<HasGravity>true</HasGravity>
			<IsOnFire>false</IsOnFire>
			<IsInvincible>false</IsInvincible>
			<IsBulletProof>false</IsBulletProof>
			<IsCollisionProof>false</IsCollisionProof>
			<IsExplosionProof>false</IsExplosionProof>
			<IsFireProof>false</IsFireProof>
			<IsMeleeProof>false</IsMeleeProof>
			<IsOnlyDamagedByPlayer>false</IsOnlyDamagedByPlayer>
			<PositionRotation>
				<X>3338.27173</X>
				<Y>1888.43872</Y>
				<Z>-16.9008236</Z>
				<Pitch>1.88870025</Pitch>
				<Roll>4.35461617</Roll>
				<Yaw>-59.7001724</Yaw>
			</PositionRotation>
			<Attachment isAttached="true">
				<AttachedTo>139787</AttachedTo>
				<BoneIndex>0</BoneIndex>
				<X>-1.23325431</X>
				<Y>-2.72140241</Y>
				<Z>2.22518277</Z>
				<Pitch>-0.0062729679</Pitch>
				<Roll>0.0939964503</Roll>
				<Yaw>-67.1307373</Yaw>
			</Attachment>
		</Attachment>
		<Attachment>
			<ModelHash>0xbae4a210</ModelHash>
			<Type>3</Type>
			<Dynamic>false</Dynamic>
			<FrozenPos>true</FrozenPos>
			<HashName>prop_cctv_cam_02a</HashName>
			<InitialHandle>385301</InitialHandle>
			<ObjectProperties>
				<TextureVariation>0</TextureVariation>
			</ObjectProperties>
			<OpacityLevel>255</OpacityLevel>
			<LodDistance>16960</LodDistance>
			<IsVisible>true</IsVisible>
			<MaxHealth>1000</MaxHealth>
			<Health>1000</Health>
			<HasGravity>true</HasGravity>
			<IsOnFire>false</IsOnFire>
			<IsInvincible>false</IsInvincible>
			<IsBulletProof>false</IsBulletProof>
			<IsCollisionProof>false</IsCollisionProof>
			<IsExplosionProof>false</IsExplosionProof>
			<IsFireProof>false</IsFireProof>
			<IsMeleeProof>false</IsMeleeProof>
			<IsOnlyDamagedByPlayer>false</IsOnlyDamagedByPlayer>
			<PositionRotation>
				<X>3340.24951</X>
				<Y>1891.66003</Y>
				<Z>-16.6593609</Z>
				<Pitch>-1.75325203</Pitch>
				<Roll>-4.22933245</Roll>
				<Yaw>118.326599</Yaw>
			</PositionRotation>
			<Attachment isAttached="true">
				<AttachedTo>139787</AttachedTo>
				<BoneIndex>0</BoneIndex>
				<X>1.14828908</X>
				<Y>0.223952994</Y>
				<Z>2.22344327</Z>
				<Pitch>-0.0062729679</Pitch>
				<Roll>0.0939964503</Roll>
				<Yaw>110.892418</Yaw>
			</Attachment>
		</Attachment>
		<Attachment>
			<ModelHash>0x9c5d94d2</ModelHash>
			<Type>3</Type>
			<Dynamic>false</Dynamic>
			<FrozenPos>true</FrozenPos>
			<HashName>prop_kayak_01b</HashName>
			<InitialHandle>358422</InitialHandle>
			<ObjectProperties>
				<TextureVariation>0</TextureVariation>
			</ObjectProperties>
			<OpacityLevel>255</OpacityLevel>
			<LodDistance>16960</LodDistance>
			<IsVisible>true</IsVisible>
			<MaxHealth>1000</MaxHealth>
			<Health>1000</Health>
			<HasGravity>true</HasGravity>
			<IsOnFire>false</IsOnFire>
			<IsInvincible>false</IsInvincible>
			<IsBulletProof>false</IsBulletProof>
			<IsCollisionProof>false</IsCollisionProof>
			<IsExplosionProof>false</IsExplosionProof>
			<IsFireProof>false</IsFireProof>
			<IsMeleeProof>false</IsMeleeProof>
			<IsOnlyDamagedByPlayer>false</IsOnlyDamagedByPlayer>
			<PositionRotation>
				<X>3341.50928</X>
				<Y>1891.85754</Y>
				<Z>-19.9608059</Z>
				<Pitch>78.8543015</Pitch>
				<Roll>-24.7614632</Roll>
				<Yaw>122.399742</Yaw>
			</PositionRotation>
			<Attachment isAttached="true">
				<AttachedTo>139787</AttachedTo>
				<BoneIndex>0</BoneIndex>
				<X>2.41771483</X>
				<Y>-0.0131239425</Y>
				<Z>-1.07168472</Z>
				<Pitch>79.9937363</Pitch>
				<Roll>0.0940001383</Roll>
				<Yaw>90.4519501</Yaw>
			</Attachment>
		</Attachment>
		<Attachment>
			<ModelHash>0xe1c17f6f</ModelHash>
			<Type>3</Type>
			<Dynamic>false</Dynamic>
			<FrozenPos>true</FrozenPos>
			<HashName>prop_kayak_01</HashName>
			<InitialHandle>229910</InitialHandle>
			<ObjectProperties>
				<TextureVariation>0</TextureVariation>
			</ObjectProperties>
			<OpacityLevel>255</OpacityLevel>
			<LodDistance>16960</LodDistance>
			<IsVisible>true</IsVisible>
			<MaxHealth>1000</MaxHealth>
			<Health>1000</Health>
			<HasGravity>true</HasGravity>
			<IsOnFire>false</IsOnFire>
			<IsInvincible>false</IsInvincible>
			<IsBulletProof>false</IsBulletProof>
			<IsCollisionProof>false</IsCollisionProof>
			<IsExplosionProof>false</IsExplosionProof>
			<IsFireProof>false</IsFireProof>
			<IsMeleeProof>false</IsMeleeProof>
			<IsOnlyDamagedByPlayer>false</IsOnlyDamagedByPlayer>
			<PositionRotation>
				<X>3336.64575</X>
				<Y>1891.63843</Y>
				<Z>-19.8968315</Z>
				<Pitch>85.3353119</Pitch>
				<Roll>91.8231125</Roll>
				<Yaw>-173.706329</Yaw>
			</PositionRotation>
			<Attachment isAttached="true">
				<AttachedTo>139787</AttachedTo>
				<BoneIndex>0</BoneIndex>
				<X>-2.43271494</X>
				<Y>0.408627003</Y>
				<Z>-1.03404486</Z>
				<Pitch>89.9937286</Pitch>
				<Roll>159.38176</Roll>
				<Yaw>111.23465</Yaw>
			</Attachment>
		</Attachment>
		<Attachment>
			<ModelHash>0xa3791328</ModelHash>
			<Type>3</Type>
			<Dynamic>false</Dynamic>
			<FrozenPos>true</FrozenPos>
			<HashName>prop_fireescape_02b</HashName>
			<InitialHandle>708376</InitialHandle>
			<ObjectProperties>
				<TextureVariation>0</TextureVariation>
			</ObjectProperties>
			<OpacityLevel>255</OpacityLevel>
			<LodDistance>16960</LodDistance>
			<IsVisible>true</IsVisible>
			<MaxHealth>1000</MaxHealth>
			<Health>1000</Health>
			<HasGravity>true</HasGravity>
			<IsOnFire>false</IsOnFire>
			<IsInvincible>false</IsInvincible>
			<IsBulletProof>false</IsBulletProof>
			<IsCollisionProof>false</IsCollisionProof>
			<IsExplosionProof>false</IsExplosionProof>
			<IsFireProof>false</IsFireProof>
			<IsMeleeProof>false</IsMeleeProof>
			<IsOnlyDamagedByPlayer>false</IsOnlyDamagedByPlayer>
			<PositionRotation>
				<X>3339.7146</X>
				<Y>1888.9281</Y>
				<Z>-17.9015446</Z>
				<Pitch>4.65460825</Pitch>
				<Roll>-0.0220618546</Roll>
				<Yaw>7.79291153</Yaw>
			</PositionRotation>
			<Attachment isAttached="true">
				<AttachedTo>139787</AttachedTo>
				<BoneIndex>0</BoneIndex>
				<X>0.25953573</X>
				<Y>-2.5069778</Y>
				<Z>1.201244</Z>
				<Pitch>-0.0062729679</Pitch>
				<Roll>0.0939964503</Roll>
				<Yaw>0.287597656</Yaw>
			</Attachment>
		</Attachment>
		<Attachment>
			<ModelHash>0xc702b792</ModelHash>
			<Type>3</Type>
			<Dynamic>false</Dynamic>
			<FrozenPos>true</FrozenPos>
			<HashName>prop_fire_hosebox_01</HashName>
			<InitialHandle>146198</InitialHandle>
			<ObjectProperties>
				<TextureVariation>0</TextureVariation>
			</ObjectProperties>
			<OpacityLevel>255</OpacityLevel>
			<LodDistance>16960</LodDistance>
			<IsVisible>true</IsVisible>
			<MaxHealth>1000</MaxHealth>
			<Health>1000</Health>
			<HasGravity>true</HasGravity>
			<IsOnFire>false</IsOnFire>
			<IsInvincible>false</IsInvincible>
			<IsBulletProof>false</IsBulletProof>
			<IsCollisionProof>false</IsCollisionProof>
			<IsExplosionProof>false</IsExplosionProof>
			<IsFireProof>false</IsFireProof>
			<IsMeleeProof>false</IsMeleeProof>
			<IsOnlyDamagedByPlayer>false</IsOnlyDamagedByPlayer>
			<PositionRotation>
				<X>3337.92383</X>
				<Y>1889.59167</Y>
				<Z>-18.9043941</Z>
				<Pitch>-0.0448364057</Pitch>
				<Roll>4.75615978</Roll>
				<Yaw>-84.107666</Yaw>
			</PositionRotation>
			<Attachment isAttached="true">
				<AttachedTo>139787</AttachedTo>
				<BoneIndex>0</BoneIndex>
				<X>-1.43082643</X>
				<Y>-1.6996063</Y>
				<Z>0.131966755</Z>
				<Pitch>-0.0062729679</Pitch>
				<Roll>0.0939964503</Roll>
				<Yaw>268.389648</Yaw>
			</Attachment>
		</Attachment>
		<Attachment>
			<ModelHash>0x5eff0bc9</ModelHash>
			<Type>3</Type>
			<Dynamic>false</Dynamic>
			<FrozenPos>true</FrozenPos>
			<HashName>p_michael_scuba_tank_s</HashName>
			<InitialHandle>562200</InitialHandle>
			<ObjectProperties>
				<TextureVariation>0</TextureVariation>
			</ObjectProperties>
			<OpacityLevel>255</OpacityLevel>
			<LodDistance>16960</LodDistance>
			<IsVisible>true</IsVisible>
			<MaxHealth>1000</MaxHealth>
			<Health>1000</Health>
			<HasGravity>true</HasGravity>
			<IsOnFire>false</IsOnFire>
			<IsInvincible>false</IsInvincible>
			<IsBulletProof>false</IsBulletProof>
			<IsCollisionProof>false</IsCollisionProof>
			<IsExplosionProof>false</IsExplosionProof>
			<IsFireProof>false</IsFireProof>
			<IsMeleeProof>false</IsMeleeProof>
			<IsOnlyDamagedByPlayer>false</IsOnlyDamagedByPlayer>
			<PositionRotation>
				<X>3339.12036</X>
				<Y>1890.46411</Y>
				<Z>-19.5499382</Z>
				<Pitch>-2.21443748</Pitch>
				<Roll>-4.01327562</Roll>
				<Yaw>124.58139</Yaw>
			</PositionRotation>
			<Attachment isAttached="true">
				<AttachedTo>139787</AttachedTo>
				<BoneIndex>0</BoneIndex>
				<X>-0.131834507</X>
				<Y>-1.04571283</Y>
				<Z>-0.571137428</Z>
				<Pitch>-0.0062729679</Pitch>
				<Roll>0.0939964503</Roll>
				<Yaw>117.160431</Yaw>
			</Attachment>
		</Attachment>
		<Attachment>
			<ModelHash>0xc270d968</ModelHash>
			<Type>3</Type>
			<Dynamic>false</Dynamic>
			<FrozenPos>true</FrozenPos>
			<HashName>prop_box_wood02a_mws</HashName>
			<InitialHandle>213531</InitialHandle>
			<ObjectProperties>
				<TextureVariation>0</TextureVariation>
			</ObjectProperties>
			<OpacityLevel>255</OpacityLevel>
			<LodDistance>16960</LodDistance>
			<IsVisible>true</IsVisible>
			<MaxHealth>1000</MaxHealth>
			<Health>1000</Health>
			<HasGravity>true</HasGravity>
			<IsOnFire>false</IsOnFire>
			<IsInvincible>false</IsInvincible>
			<IsBulletProof>false</IsBulletProof>
			<IsCollisionProof>false</IsCollisionProof>
			<IsExplosionProof>false</IsExplosionProof>
			<IsFireProof>false</IsFireProof>
			<IsMeleeProof>false</IsMeleeProof>
			<IsOnlyDamagedByPlayer>false</IsOnlyDamagedByPlayer>
			<PositionRotation>
				<X>3338.89844</X>
				<Y>1893.625</Y>
				<Z>-20.4009457</Z>
				<Pitch>-0.116690174</Pitch>
				<Roll>-4.56702185</Roll>
				<Yaw>97.7187424</Yaw>
			</PositionRotation>
			<Attachment isAttached="true">
				<AttachedTo>139787</AttachedTo>
				<BoneIndex>0</BoneIndex>
				<X>0.0590719208</X>
				<Y>2.03751063</Y>
				<Z>-1.67667508</Z>
				<Pitch>-0.0062729679</Pitch>
				<Roll>0.0939964503</Roll>
				<Yaw>90.2231522</Yaw>
			</Attachment>
		</Attachment>
		<Attachment>
			<ModelHash>0xa006d3b4</ModelHash>
			<Type>3</Type>
			<Dynamic>false</Dynamic>
			<FrozenPos>true</FrozenPos>
			<HashName>prop_fire_exting_2a</HashName>
			<InitialHandle>173852</InitialHandle>
			<ObjectProperties>
				<TextureVariation>0</TextureVariation>
			</ObjectProperties>
			<OpacityLevel>255</OpacityLevel>
			<LodDistance>16960</LodDistance>
			<IsVisible>true</IsVisible>
			<MaxHealth>1000</MaxHealth>
			<Health>1000</Health>
			<HasGravity>true</HasGravity>
			<IsOnFire>false</IsOnFire>
			<IsInvincible>false</IsInvincible>
			<IsBulletProof>false</IsBulletProof>
			<IsCollisionProof>false</IsCollisionProof>
			<IsExplosionProof>false</IsExplosionProof>
			<IsFireProof>false</IsFireProof>
			<IsMeleeProof>false</IsMeleeProof>
			<IsOnlyDamagedByPlayer>false</IsOnlyDamagedByPlayer>
			<PositionRotation>
				<X>3338.77441</X>
				<Y>1890.96704</Y>
				<Z>-19.09725</Z>
				<Pitch>-1.28303277</Pitch>
				<Roll>-4.39047813</Roll>
				<Yaw>112.224632</Yaw>
			</PositionRotation>
			<Attachment isAttached="true">
				<AttachedTo>139787</AttachedTo>
				<BoneIndex>0</BoneIndex>
				<X>-0.408441156</X>
				<Y>-0.46690613</Y>
				<Z>-0.163693458</Z>
				<Pitch>-0.0062729679</Pitch>
				<Roll>0.0939964503</Roll>
				<Yaw>104.774513</Yaw>
			</Attachment>
		</Attachment>
	</SpoonerAttachments>
</Vehicle>
