<?xml version="1.0" encoding="ISO-8859-1"?>
<Vehicle menyoo_ver="0.9998744b">
	<ModelHash>0xcb44b1ca</ModelHash>
	<InitialHandle>212759</InitialHandle>
	<VehicleProperties>
		<Colours>
			<Primary>132</Primary>
			<Secondary>0</Secondary>
			<Pearl>132</Pearl>
			<Rim>156</Rim>
			<Mod1_a>0</Mod1_a>
			<Mod1_b>1</Mod1_b>
			<Mod1_c>7602259</Mod1_c>
			<Mod2_a>7209057</Mod2_a>
			<Mod2_b>6357092</Mod2_b>
			<IsPrimaryColourCustom>false</IsPrimaryColourCustom>
			<IsSecondaryColourCustom>false</IsSecondaryColourCustom>
			<tyreSmoke_R>255</tyreSmoke_R>
			<tyreSmoke_G>255</tyreSmoke_G>
			<tyreSmoke_B>255</tyreSmoke_B>
			<LrInterior>0</LrInterior>
			<LrDashboard>0</LrDashboard>
		</Colours>
		<Livery>-1</Livery>
		<NumberPlateText>06CUR086</NumberPlateText>
		<NumberPlateIndex>0</NumberPlateIndex>
		<WheelType>0</WheelType>
		<WheelsInvisible>false</WheelsInvisible>
		<EngineSoundName></EngineSoundName>
		<WindowTint>-1</WindowTint>
		<BulletProofTyres>false</BulletProofTyres>
		<DirtLevel>0.00203521689</DirtLevel>
		<PaintFade>0.298039228</PaintFade>
		<RoofState>0</RoofState>
		<SirenActive>false</SirenActive>
		<EngineOn>true</EngineOn>
		<EngineHealth>1000</EngineHealth>
		<LightsOn>false</LightsOn>
		<IsRadioLoud>0</IsRadioLoud>
		<LockStatus>1</LockStatus>
		<Neons>
			<Left>false</Left>
			<Right>false</Right>
			<Front>false</Front>
			<Back>false</Back>
			<R>255</R>
			<G>0</G>
			<B>255</B>
		</Neons>
		<ModExtras />
		<Mods>
			<_0>-1,0</_0>
			<_1>-1,0</_1>
			<_2>-1,0</_2>
			<_3>-1,0</_3>
			<_4>-1,0</_4>
			<_5>-1,0</_5>
			<_6>-1,0</_6>
			<_7>-1,0</_7>
			<_8>-1,0</_8>
			<_9>-1,0</_9>
			<_10>-1,0</_10>
			<_11>-1,0</_11>
			<_12>-1,0</_12>
			<_13>-1,0</_13>
			<_14>-1,0</_14>
			<_15>-1,0</_15>
			<_16>-1,0</_16>
			<_17>false</_17>
			<_18>false</_18>
			<_19>false</_19>
			<_20>false</_20>
			<_21>false</_21>
			<_22>false</_22>
			<_23>-1,0</_23>
			<_24>-1,0</_24>
			<_25>-1,0</_25>
			<_26>-1,0</_26>
			<_27>-1,0</_27>
			<_28>-1,0</_28>
			<_29>-1,0</_29>
			<_30>-1,0</_30>
			<_31>-1,0</_31>
			<_32>-1,0</_32>
			<_33>-1,0</_33>
			<_34>-1,0</_34>
			<_35>-1,0</_35>
			<_36>-1,0</_36>
			<_37>-1,0</_37>
			<_38>-1,0</_38>
			<_39>-1,0</_39>
			<_40>-1,0</_40>
			<_41>-1,0</_41>
			<_42>-1,0</_42>
			<_43>-1,0</_43>
			<_44>-1,0</_44>
			<_45>-1,0</_45>
			<_46>-1,0</_46>
			<_47>-1,0</_47>
			<_48>-1,0</_48>
		</Mods>
		<DoorsOpen>
			<BackLeftDoor>false</BackLeftDoor>
			<BackRightDoor>false</BackRightDoor>
			<FrontLeftDoor>false</FrontLeftDoor>
			<FrontRightDoor>false</FrontRightDoor>
			<Hood>false</Hood>
			<Trunk>false</Trunk>
			<Trunk2>false</Trunk2>
		</DoorsOpen>
		<DoorsBroken>
			<BackLeftDoor>false</BackLeftDoor>
			<BackRightDoor>false</BackRightDoor>
			<FrontLeftDoor>false</FrontLeftDoor>
			<FrontRightDoor>false</FrontRightDoor>
			<Hood>false</Hood>
			<Trunk>false</Trunk>
			<Trunk2>false</Trunk2>
		</DoorsBroken>
		<TyresBursted>
			<FrontLeft>false</FrontLeft>
			<FrontRight>false</FrontRight>
			<_2>false</_2>
			<_3>false</_3>
			<BackLeft>false</BackLeft>
			<BackRight>false</BackRight>
			<_6>false</_6>
			<_7>false</_7>
			<_8>false</_8>
		</TyresBursted>
	</VehicleProperties>
	<OpacityLevel>255</OpacityLevel>
	<LodDistance>16960</LodDistance>
	<IsVisible>true</IsVisible>
	<IsDriverVisible>true</IsDriverVisible>
	<MaxHealth>1000</MaxHealth>
	<Health>1000</Health>
	<HasGravity>true</HasGravity>
	<IsOnFire>false</IsOnFire>
	<IsInvincible>false</IsInvincible>
	<IsBulletProof>false</IsBulletProof>
	<IsExplosionProof>false</IsExplosionProof>
	<IsFireProof>false</IsFireProof>
	<IsMeleeProof>false</IsMeleeProof>
	<IsOnlyDamagedByPlayer>false</IsOnlyDamagedByPlayer>
	<SpoonerAttachments SetAttachmentsPersistentAndAddToSpoonerDatabase="false" StartTaskSequencesOnLoad="true">
		<Attachment>
			<ModelHash>0xb7dd5fd1</ModelHash>
			<Type>3</Type>
			<Dynamic>false</Dynamic>
			<FrozenPos>true</FrozenPos>
			<HashName>p_rcss_folded</HashName>
			<InitialHandle>589583</InitialHandle>
			<ObjectProperties>
				<TextureVariation>0</TextureVariation>
			</ObjectProperties>
			<OpacityLevel>255</OpacityLevel>
			<LodDistance>16960</LodDistance>
			<IsVisible>true</IsVisible>
			<MaxHealth>1000</MaxHealth>
			<Health>1000</Health>
			<HasGravity>true</HasGravity>
			<IsOnFire>false</IsOnFire>
			<IsInvincible>false</IsInvincible>
			<IsBulletProof>false</IsBulletProof>
			<IsCollisionProof>false</IsCollisionProof>
			<IsExplosionProof>false</IsExplosionProof>
			<IsFireProof>false</IsFireProof>
			<IsMeleeProof>false</IsMeleeProof>
			<IsOnlyDamagedByPlayer>false</IsOnlyDamagedByPlayer>
			<PositionRotation>
				<X>-708.987</X>
				<Y>-862.797241</Y>
				<Z>23.8970661</Z>
				<Pitch>1.96777892</Pitch>
				<Roll>2.09705901</Roll>
				<Yaw>-177.613342</Yaw>
			</PositionRotation>
			<Attachment isAttached="true">
				<AttachedTo>212759</AttachedTo>
				<BoneIndex>0</BoneIndex>
				<X>0.370023668</X>
				<Y>1.60619271</Y>
				<Z>0.337190688</Z>
				<Pitch>0.912635446</Pitch>
				<Roll>0.762981951</Roll>
				<Yaw>-179.650848</Yaw>
			</Attachment>
		</Attachment>
		<Attachment>
			<ModelHash>0x0f31c85f</ModelHash>
			<Type>3</Type>
			<Dynamic>false</Dynamic>
			<FrozenPos>true</FrozenPos>
			<HashName>prop_fnclink_02j</HashName>
			<InitialHandle>122397</InitialHandle>
			<ObjectProperties>
				<TextureVariation>0</TextureVariation>
			</ObjectProperties>
			<OpacityLevel>255</OpacityLevel>
			<LodDistance>16960</LodDistance>
			<IsVisible>true</IsVisible>
			<MaxHealth>1000</MaxHealth>
			<Health>1000</Health>
			<HasGravity>true</HasGravity>
			<IsOnFire>false</IsOnFire>
			<IsInvincible>false</IsInvincible>
			<IsBulletProof>false</IsBulletProof>
			<IsCollisionProof>false</IsCollisionProof>
			<IsExplosionProof>false</IsExplosionProof>
			<IsFireProof>false</IsFireProof>
			<IsMeleeProof>false</IsMeleeProof>
			<IsOnlyDamagedByPlayer>false</IsOnlyDamagedByPlayer>
			<PositionRotation>
				<X>-709.332336</X>
				<Y>-865.434082</Y>
				<Z>24.0495472</Z>
				<Pitch>-84.9254074</Pitch>
				<Roll>154.459595</Roll>
				<Yaw>-115.028069</Yaw>
			</PositionRotation>
			<Attachment isAttached="true">
				<AttachedTo>212759</AttachedTo>
				<BoneIndex>0</BoneIndex>
				<X>-0.0672571138</X>
				<Y>-1.018875</Y>
				<Z>0.451967537</Z>
				<Pitch>-86.5800247</Pitch>
				<Roll>159.865662</Roll>
				<Yaw>-111.707314</Yaw>
			</Attachment>
		</Attachment>
		<Attachment>
			<ModelHash>0x0f31c85f</ModelHash>
			<Type>3</Type>
			<Dynamic>false</Dynamic>
			<FrozenPos>true</FrozenPos>
			<HashName>prop_fnclink_02j</HashName>
			<InitialHandle>189457</InitialHandle>
			<ObjectProperties>
				<TextureVariation>0</TextureVariation>
			</ObjectProperties>
			<OpacityLevel>255</OpacityLevel>
			<LodDistance>16960</LodDistance>
			<IsVisible>true</IsVisible>
			<MaxHealth>1000</MaxHealth>
			<Health>1000</Health>
			<HasGravity>true</HasGravity>
			<IsOnFire>false</IsOnFire>
			<IsInvincible>false</IsInvincible>
			<IsBulletProof>false</IsBulletProof>
			<IsCollisionProof>false</IsCollisionProof>
			<IsExplosionProof>false</IsExplosionProof>
			<IsFireProof>false</IsFireProof>
			<IsMeleeProof>false</IsMeleeProof>
			<IsOnlyDamagedByPlayer>false</IsOnlyDamagedByPlayer>
			<PositionRotation>
				<X>-708.239563</X>
				<Y>-865.437866</Y>
				<Z>25.3918362</Z>
				<Pitch>-0.452269822</Pitch>
				<Roll>1.777385</Roll>
				<Yaw>90.6742096</Yaw>
			</PositionRotation>
			<Attachment isAttached="true">
				<AttachedTo>212759</AttachedTo>
				<BoneIndex>0</BoneIndex>
				<X>1.05576789</X>
				<Y>-1.08645391</Y>
				<Z>1.76734543</Z>
				<Pitch>0.912635446</Pitch>
				<Roll>0.762981951</Roll>
				<Yaw>88.607254</Yaw>
			</Attachment>
		</Attachment>
		<Attachment>
			<ModelHash>0x0f31c85f</ModelHash>
			<Type>3</Type>
			<Dynamic>false</Dynamic>
			<FrozenPos>true</FrozenPos>
			<HashName>prop_fnclink_02j</HashName>
			<InitialHandle>439126</InitialHandle>
			<ObjectProperties>
				<TextureVariation>0</TextureVariation>
			</ObjectProperties>
			<OpacityLevel>255</OpacityLevel>
			<LodDistance>16960</LodDistance>
			<IsVisible>true</IsVisible>
			<MaxHealth>1000</MaxHealth>
			<Health>1000</Health>
			<HasGravity>true</HasGravity>
			<IsOnFire>false</IsOnFire>
			<IsInvincible>false</IsInvincible>
			<IsBulletProof>false</IsBulletProof>
			<IsCollisionProof>false</IsCollisionProof>
			<IsExplosionProof>false</IsExplosionProof>
			<IsFireProof>false</IsFireProof>
			<IsMeleeProof>false</IsMeleeProof>
			<IsOnlyDamagedByPlayer>false</IsOnlyDamagedByPlayer>
			<PositionRotation>
				<X>-710.402527</X>
				<Y>-865.556519</Y>
				<Z>25.3453751</Z>
				<Pitch>2.25043106</Pitch>
				<Roll>-0.287308097</Roll>
				<Yaw>-87.8043747</Yaw>
			</PositionRotation>
			<Attachment isAttached="true">
				<AttachedTo>212759</AttachedTo>
				<BoneIndex>0</BoneIndex>
				<X>-1.11058283</X>
				<Y>-1.12644887</Y>
				<Z>1.77080309</Z>
				<Pitch>0.912635446</Pitch>
				<Roll>0.762981951</Roll>
				<Yaw>-89.9044037</Yaw>
			</Attachment>
		</Attachment>
		<Attachment>
			<ModelHash>0xe3a7e26c</ModelHash>
			<Type>3</Type>
			<Dynamic>false</Dynamic>
			<FrozenPos>true</FrozenPos>
			<HashName>prop_fnclink_01f</HashName>
			<InitialHandle>288796</InitialHandle>
			<ObjectProperties>
				<TextureVariation>0</TextureVariation>
			</ObjectProperties>
			<OpacityLevel>255</OpacityLevel>
			<LodDistance>16960</LodDistance>
			<IsVisible>true</IsVisible>
			<MaxHealth>1000</MaxHealth>
			<Health>1000</Health>
			<HasGravity>true</HasGravity>
			<IsOnFire>false</IsOnFire>
			<IsInvincible>false</IsInvincible>
			<IsBulletProof>false</IsBulletProof>
			<IsCollisionProof>false</IsCollisionProof>
			<IsExplosionProof>false</IsExplosionProof>
			<IsFireProof>false</IsFireProof>
			<IsMeleeProof>false</IsMeleeProof>
			<IsOnlyDamagedByPlayer>false</IsOnlyDamagedByPlayer>
			<PositionRotation>
				<X>-709.45813</X>
				<Y>-862.167969</Y>
				<Z>24.0977173</Z>
				<Pitch>-18.0853748</Pitch>
				<Roll>2.21263909</Roll>
				<Yaw>-179.61525</Yaw>
			</PositionRotation>
			<Attachment isAttached="true">
				<AttachedTo>212759</AttachedTo>
				<BoneIndex>0</BoneIndex>
				<X>-0.0730879679</X>
				<Y>2.24818993</Y>
				<Z>0.560034871</Z>
				<Pitch>-19.0873642</Pitch>
				<Roll>0.76298058</Roll>
				<Yaw>177.851608</Yaw>
			</Attachment>
		</Attachment>
		<Attachment>
			<ModelHash>0xd08cc8ce</ModelHash>
			<Type>3</Type>
			<Dynamic>false</Dynamic>
			<FrozenPos>true</FrozenPos>
			<HashName>prop_fnclink_04m</HashName>
			<InitialHandle>606995</InitialHandle>
			<ObjectProperties>
				<TextureVariation>0</TextureVariation>
			</ObjectProperties>
			<OpacityLevel>255</OpacityLevel>
			<LodDistance>16960</LodDistance>
			<IsVisible>true</IsVisible>
			<MaxHealth>1000</MaxHealth>
			<Health>1000</Health>
			<HasGravity>true</HasGravity>
			<IsOnFire>false</IsOnFire>
			<IsInvincible>false</IsInvincible>
			<IsBulletProof>false</IsBulletProof>
			<IsCollisionProof>false</IsCollisionProof>
			<IsExplosionProof>false</IsExplosionProof>
			<IsFireProof>false</IsFireProof>
			<IsMeleeProof>false</IsMeleeProof>
			<IsOnlyDamagedByPlayer>false</IsOnlyDamagedByPlayer>
			<PositionRotation>
				<X>-710.38501</X>
				<Y>-864.419495</Y>
				<Z>24.0085506</Z>
				<Pitch>-0.0939029157</Pitch>
				<Roll>-0.607762456</Roll>
				<Yaw>0.349013776</Yaw>
			</PositionRotation>
			<Attachment isAttached="true">
				<AttachedTo>212759</AttachedTo>
				<BoneIndex>0</BoneIndex>
				<X>-1.08301198</X>
				<Y>0.0334226117</Y>
				<Z>0.453953683</Z>
				<Pitch>0.912635446</Pitch>
				<Roll>0.762981951</Roll>
				<Yaw>-1.7318182</Yaw>
			</Attachment>
		</Attachment>
		<Attachment>
			<ModelHash>0x0f31c85f</ModelHash>
			<Type>3</Type>
			<Dynamic>false</Dynamic>
			<FrozenPos>true</FrozenPos>
			<HashName>prop_fnclink_02j</HashName>
			<InitialHandle>426789</InitialHandle>
			<ObjectProperties>
				<TextureVariation>0</TextureVariation>
			</ObjectProperties>
			<OpacityLevel>255</OpacityLevel>
			<LodDistance>16960</LodDistance>
			<IsVisible>true</IsVisible>
			<MaxHealth>1000</MaxHealth>
			<Health>1000</Health>
			<HasGravity>true</HasGravity>
			<IsOnFire>false</IsOnFire>
			<IsInvincible>false</IsInvincible>
			<IsBulletProof>false</IsBulletProof>
			<IsCollisionProof>false</IsCollisionProof>
			<IsExplosionProof>false</IsExplosionProof>
			<IsFireProof>false</IsFireProof>
			<IsMeleeProof>false</IsMeleeProof>
			<IsOnlyDamagedByPlayer>false</IsOnlyDamagedByPlayer>
			<PositionRotation>
				<X>-709.364746</X>
				<Y>-865.600525</Y>
				<Z>26.4736919</Z>
				<Pitch>88.7607727</Pitch>
				<Roll>-174.241287</Roll>
				<Yaw>85.5349426</Yaw>
			</PositionRotation>
			<Attachment isAttached="true">
				<AttachedTo>212759</AttachedTo>
				<BoneIndex>0</BoneIndex>
				<X>-0.0490234457</X>
				<Y>-1.22836065</Y>
				<Z>2.8729229</Z>
				<Pitch>90.9126358</Pitch>
				<Roll>-97.599762</Roll>
				<Yaw>6.81277657</Yaw>
			</Attachment>
		</Attachment>
		<Attachment>
			<ModelHash>0x7a9ebc92</ModelHash>
			<Type>3</Type>
			<Dynamic>false</Dynamic>
			<FrozenPos>true</FrozenPos>
			<HashName>prop_radio_01</HashName>
			<InitialHandle>12329</InitialHandle>
			<ObjectProperties>
				<TextureVariation>0</TextureVariation>
			</ObjectProperties>
			<OpacityLevel>255</OpacityLevel>
			<LodDistance>16960</LodDistance>
			<IsVisible>true</IsVisible>
			<MaxHealth>1000</MaxHealth>
			<Health>1000</Health>
			<HasGravity>true</HasGravity>
			<IsOnFire>false</IsOnFire>
			<IsInvincible>false</IsInvincible>
			<IsBulletProof>false</IsBulletProof>
			<IsCollisionProof>false</IsCollisionProof>
			<IsExplosionProof>false</IsExplosionProof>
			<IsFireProof>false</IsFireProof>
			<IsMeleeProof>false</IsMeleeProof>
			<IsOnlyDamagedByPlayer>false</IsOnlyDamagedByPlayer>
			<PositionRotation>
				<X>-709.697388</X>
				<Y>-862.456665</Y>
				<Z>24.3559818</Z>
				<Pitch>0.321028441</Pitch>
				<Roll>-0.831456125</Roll>
				<Yaw>-15.5793295</Yaw>
			</PositionRotation>
			<Attachment isAttached="true">
				<AttachedTo>212759</AttachedTo>
				<BoneIndex>0</BoneIndex>
				<X>-0.3165766</X>
				<Y>1.96360528</Y>
				<Z>0.818902969</Z>
				<Pitch>0.912635446</Pitch>
				<Roll>0.762981951</Roll>
				<Yaw>-17.6675282</Yaw>
			</Attachment>
		</Attachment>
		<Attachment>
			<ModelHash>0x9c33fc5c</ModelHash>
			<Type>3</Type>
			<Dynamic>false</Dynamic>
			<FrozenPos>true</FrozenPos>
			<HashName>prop_toolchest_01</HashName>
			<InitialHandle>158238</InitialHandle>
			<ObjectProperties>
				<TextureVariation>0</TextureVariation>
			</ObjectProperties>
			<OpacityLevel>255</OpacityLevel>
			<LodDistance>16960</LodDistance>
			<IsVisible>true</IsVisible>
			<MaxHealth>1000</MaxHealth>
			<Health>1000</Health>
			<HasGravity>true</HasGravity>
			<IsOnFire>false</IsOnFire>
			<IsInvincible>false</IsInvincible>
			<IsBulletProof>false</IsBulletProof>
			<IsCollisionProof>false</IsCollisionProof>
			<IsExplosionProof>false</IsExplosionProof>
			<IsFireProof>false</IsFireProof>
			<IsMeleeProof>false</IsMeleeProof>
			<IsOnlyDamagedByPlayer>false</IsOnlyDamagedByPlayer>
			<PositionRotation>
				<X>-710.007996</X>
				<Y>-867.100464</Y>
				<Z>24.0757523</Z>
				<Pitch>-0.492507517</Pitch>
				<Roll>1.72086847</Roll>
				<Yaw>88.336853</Yaw>
			</PositionRotation>
			<Attachment isAttached="true">
				<AttachedTo>212759</AttachedTo>
				<BoneIndex>0</BoneIndex>
				<X>-0.802235305</X>
				<Y>-2.66010356</Y>
				<Z>0.465365887</Z>
				<Pitch>0.912635446</Pitch>
				<Roll>0.762981951</Roll>
				<Yaw>86.2693481</Yaw>
			</Attachment>
		</Attachment>
		<Attachment>
			<ModelHash>0xa006d3b4</ModelHash>
			<Type>3</Type>
			<Dynamic>false</Dynamic>
			<FrozenPos>true</FrozenPos>
			<HashName>prop_fire_exting_2a</HashName>
			<InitialHandle>324373</InitialHandle>
			<ObjectProperties>
				<TextureVariation>0</TextureVariation>
			</ObjectProperties>
			<OpacityLevel>255</OpacityLevel>
			<LodDistance>16960</LodDistance>
			<IsVisible>true</IsVisible>
			<MaxHealth>1000</MaxHealth>
			<Health>1000</Health>
			<HasGravity>true</HasGravity>
			<IsOnFire>false</IsOnFire>
			<IsInvincible>false</IsInvincible>
			<IsBulletProof>false</IsBulletProof>
			<IsCollisionProof>false</IsCollisionProof>
			<IsExplosionProof>false</IsExplosionProof>
			<IsFireProof>false</IsFireProof>
			<IsMeleeProof>false</IsMeleeProof>
			<IsOnlyDamagedByPlayer>false</IsOnlyDamagedByPlayer>
			<PositionRotation>
				<X>-710.198669</X>
				<Y>-866.397705</Y>
				<Z>24.6027527</Z>
				<Pitch>-0.0293271225</Pitch>
				<Roll>2.17888641</Roll>
				<Yaw>110.415886</Yaw>
			</PositionRotation>
			<Attachment isAttached="true">
				<AttachedTo>212759</AttachedTo>
				<BoneIndex>0</BoneIndex>
				<X>-0.954881608</X>
				<Y>-1.96074319</Y>
				<Z>1.00895667</Z>
				<Pitch>0.912635446</Pitch>
				<Roll>0.762981951</Roll>
				<Yaw>108.355789</Yaw>
			</Attachment>
		</Attachment>
		<Attachment>
			<ModelHash>0x8322410c</ModelHash>
			<Type>3</Type>
			<Dynamic>false</Dynamic>
			<FrozenPos>true</FrozenPos>
			<HashName>p_cs_locker_01_s</HashName>
			<InitialHandle>519431</InitialHandle>
			<ObjectProperties>
				<TextureVariation>0</TextureVariation>
			</ObjectProperties>
			<OpacityLevel>255</OpacityLevel>
			<LodDistance>16960</LodDistance>
			<IsVisible>true</IsVisible>
			<MaxHealth>1000</MaxHealth>
			<Health>1000</Health>
			<HasGravity>true</HasGravity>
			<IsOnFire>false</IsOnFire>
			<IsInvincible>false</IsInvincible>
			<IsBulletProof>false</IsBulletProof>
			<IsCollisionProof>false</IsCollisionProof>
			<IsExplosionProof>false</IsExplosionProof>
			<IsFireProof>false</IsFireProof>
			<IsMeleeProof>false</IsMeleeProof>
			<IsOnlyDamagedByPlayer>false</IsOnlyDamagedByPlayer>
			<PositionRotation>
				<X>-708.522461</X>
				<Y>-864.780273</Y>
				<Z>24.2147427</Z>
				<Pitch>-0.163008973</Pitch>
				<Roll>-0.554223239</Roll>
				<Yaw>3.29394007</Yaw>
			</PositionRotation>
			<Attachment isAttached="true">
				<AttachedTo>212759</AttachedTo>
				<BoneIndex>0</BoneIndex>
				<X>0.769520938</X>
				<Y>-0.397739887</Y>
				<Z>0.609021425</Z>
				<Pitch>0.912635446</Pitch>
				<Roll>0.762981951</Roll>
				<Yaw>1.2142849</Yaw>
			</Attachment>
		</Attachment>
		<Attachment>
			<ModelHash>0x49996225</ModelHash>
			<Type>3</Type>
			<Dynamic>false</Dynamic>
			<FrozenPos>true</FrozenPos>
			<HashName>prop_big_bag_01</HashName>
			<InitialHandle>782426</InitialHandle>
			<ObjectProperties>
				<TextureVariation>0</TextureVariation>
			</ObjectProperties>
			<OpacityLevel>255</OpacityLevel>
			<LodDistance>16960</LodDistance>
			<IsVisible>true</IsVisible>
			<MaxHealth>1000</MaxHealth>
			<Health>1000</Health>
			<HasGravity>true</HasGravity>
			<IsOnFire>false</IsOnFire>
			<IsInvincible>false</IsInvincible>
			<IsBulletProof>false</IsBulletProof>
			<IsCollisionProof>false</IsCollisionProof>
			<IsExplosionProof>false</IsExplosionProof>
			<IsFireProof>false</IsFireProof>
			<IsMeleeProof>false</IsMeleeProof>
			<IsOnlyDamagedByPlayer>false</IsOnlyDamagedByPlayer>
			<PositionRotation>
				<X>-708.490906</X>
				<Y>-865.746399</Y>
				<Z>24.339447</Z>
				<Pitch>1.81910896</Pitch>
				<Roll>-0.67626828</Roll>
				<Yaw>-68.1370239</Yaw>
			</PositionRotation>
			<Attachment isAttached="true">
				<AttachedTo>212759</AttachedTo>
				<BoneIndex>0</BoneIndex>
				<X>0.768811226</X>
				<Y>-1.36648738</Y>
				<Z>0.716083348</Z>
				<Pitch>0.912635446</Pitch>
				<Roll>0.762981951</Roll>
				<Yaw>-70.2423706</Yaw>
			</Attachment>
		</Attachment>
		<Attachment>
			<ModelHash>0xc7911492</ModelHash>
			<Type>3</Type>
			<Dynamic>false</Dynamic>
			<FrozenPos>true</FrozenPos>
			<HashName>prop_carjack</HashName>
			<InitialHandle>165408</InitialHandle>
			<ObjectProperties>
				<TextureVariation>0</TextureVariation>
			</ObjectProperties>
			<OpacityLevel>255</OpacityLevel>
			<LodDistance>16960</LodDistance>
			<IsVisible>true</IsVisible>
			<MaxHealth>1000</MaxHealth>
			<Health>1000</Health>
			<HasGravity>true</HasGravity>
			<IsOnFire>false</IsOnFire>
			<IsInvincible>false</IsInvincible>
			<IsBulletProof>false</IsBulletProof>
			<IsCollisionProof>false</IsCollisionProof>
			<IsExplosionProof>false</IsExplosionProof>
			<IsFireProof>false</IsFireProof>
			<IsMeleeProof>false</IsMeleeProof>
			<IsOnlyDamagedByPlayer>false</IsOnlyDamagedByPlayer>
			<PositionRotation>
				<X>-708.608704</X>
				<Y>-866.680298</Y>
				<Z>24.1417046</Z>
				<Pitch>0.492699414</Pitch>
				<Roll>-0.885043979</Roll>
				<Yaw>-21.6392136</Yaw>
			</PositionRotation>
			<Attachment isAttached="true">
				<AttachedTo>212759</AttachedTo>
				<BoneIndex>0</BoneIndex>
				<X>0.61260283</X>
				<Y>-2.29176998</Y>
				<Z>0.504988968</Z>
				<Pitch>0.912635446</Pitch>
				<Roll>0.762981951</Roll>
				<Yaw>-23.7304554</Yaw>
			</Attachment>
		</Attachment>
		<Attachment>
			<ModelHash>0xd4008b46</ModelHash>
			<Type>3</Type>
			<Dynamic>false</Dynamic>
			<FrozenPos>true</FrozenPos>
			<HashName>0xd4008b46</HashName>
			<InitialHandle>216861</InitialHandle>
			<ObjectProperties>
				<TextureVariation>0</TextureVariation>
			</ObjectProperties>
			<OpacityLevel>255</OpacityLevel>
			<LodDistance>16960</LodDistance>
			<IsVisible>true</IsVisible>
			<MaxHealth>1000</MaxHealth>
			<Health>1000</Health>
			<HasGravity>true</HasGravity>
			<IsOnFire>false</IsOnFire>
			<IsInvincible>false</IsInvincible>
			<IsBulletProof>false</IsBulletProof>
			<IsCollisionProof>false</IsCollisionProof>
			<IsExplosionProof>false</IsExplosionProof>
			<IsFireProof>false</IsFireProof>
			<IsMeleeProof>false</IsMeleeProof>
			<IsOnlyDamagedByPlayer>false</IsOnlyDamagedByPlayer>
			<PositionRotation>
				<X>-709.891418</X>
				<Y>-866.138062</Y>
				<Z>24.2364712</Z>
				<Pitch>-0.135554925</Pitch>
				<Roll>2.10214019</Roll>
				<Yaw>106.00058</Yaw>
			</PositionRotation>
			<Attachment isAttached="true">
				<AttachedTo>212759</AttachedTo>
				<BoneIndex>0</BoneIndex>
				<X>-0.647038519</X>
				<Y>-1.70565391</Y>
				<Z>0.639977455</Z>
				<Pitch>0.912635446</Pitch>
				<Roll>0.762981951</Roll>
				<Yaw>103.938644</Yaw>
			</Attachment>
		</Attachment>
		<Attachment>
			<ModelHash>0x45c35f6a</ModelHash>
			<Type>3</Type>
			<Dynamic>false</Dynamic>
			<FrozenPos>true</FrozenPos>
			<HashName>prop_dock_shippad</HashName>
			<InitialHandle>197667</InitialHandle>
			<ObjectProperties>
				<TextureVariation>0</TextureVariation>
			</ObjectProperties>
			<OpacityLevel>255</OpacityLevel>
			<LodDistance>16960</LodDistance>
			<IsVisible>true</IsVisible>
			<MaxHealth>1000</MaxHealth>
			<Health>1000</Health>
			<HasGravity>true</HasGravity>
			<IsOnFire>false</IsOnFire>
			<IsInvincible>false</IsInvincible>
			<IsBulletProof>false</IsBulletProof>
			<IsCollisionProof>false</IsCollisionProof>
			<IsExplosionProof>false</IsExplosionProof>
			<IsFireProof>false</IsFireProof>
			<IsMeleeProof>false</IsMeleeProof>
			<IsOnlyDamagedByPlayer>false</IsOnlyDamagedByPlayer>
			<PositionRotation>
				<X>-708.006165</X>
				<Y>-865.865173</Y>
				<Z>22.7837582</Z>
				<Pitch>-0.482308567</Pitch>
				<Roll>1.73566175</Roll>
				<Yaw>88.9421844</Yaw>
			</PositionRotation>
			<Attachment isAttached="true">
				<AttachedTo>212759</AttachedTo>
				<BoneIndex>0</BoneIndex>
				<X>1.21239865</X>
				<Y>-1.47415948</Y>
				<Z>-0.852634311</Z>
				<Pitch>0.912635446</Pitch>
				<Roll>0.762981951</Roll>
				<Yaw>86.8748169</Yaw>
			</Attachment>
		</Attachment>
		<Attachment>
			<ModelHash>0x45c35f6a</ModelHash>
			<Type>3</Type>
			<Dynamic>false</Dynamic>
			<FrozenPos>true</FrozenPos>
			<HashName>prop_dock_shippad</HashName>
			<InitialHandle>356880</InitialHandle>
			<ObjectProperties>
				<TextureVariation>0</TextureVariation>
			</ObjectProperties>
			<OpacityLevel>255</OpacityLevel>
			<LodDistance>16960</LodDistance>
			<IsVisible>true</IsVisible>
			<MaxHealth>1000</MaxHealth>
			<Health>1000</Health>
			<HasGravity>true</HasGravity>
			<IsOnFire>false</IsOnFire>
			<IsInvincible>false</IsInvincible>
			<IsBulletProof>false</IsBulletProof>
			<IsCollisionProof>false</IsCollisionProof>
			<IsExplosionProof>false</IsExplosionProof>
			<IsFireProof>false</IsFireProof>
			<IsMeleeProof>false</IsMeleeProof>
			<IsOnlyDamagedByPlayer>false</IsOnlyDamagedByPlayer>
			<PositionRotation>
				<X>-710.42865</X>
				<Y>-866.030029</Y>
				<Z>22.6410179</Z>
				<Pitch>2.26146364</Pitch>
				<Roll>-0.273093045</Roll>
				<Yaw>-88.4107132</Yaw>
			</PositionRotation>
			<Attachment isAttached="true">
				<AttachedTo>212759</AttachedTo>
				<BoneIndex>0</BoneIndex>
				<X>-1.21709907</X>
				<Y>-1.54923368</Y>
				<Z>-0.939984024</Z>
				<Pitch>0.912635446</Pitch>
				<Roll>0.762981951</Roll>
				<Yaw>-90.5104599</Yaw>
			</Attachment>
		</Attachment>
		<Attachment>
			<ModelHash>0x45c35f6a</ModelHash>
			<Type>3</Type>
			<Dynamic>false</Dynamic>
			<FrozenPos>true</FrozenPos>
			<HashName>prop_dock_shippad</HashName>
			<InitialHandle>186911</InitialHandle>
			<ObjectProperties>
				<TextureVariation>0</TextureVariation>
			</ObjectProperties>
			<OpacityLevel>255</OpacityLevel>
			<LodDistance>16960</LodDistance>
			<IsVisible>true</IsVisible>
			<MaxHealth>1000</MaxHealth>
			<Health>1000</Health>
			<HasGravity>true</HasGravity>
			<IsOnFire>false</IsOnFire>
			<IsInvincible>false</IsInvincible>
			<IsBulletProof>false</IsBulletProof>
			<IsCollisionProof>false</IsCollisionProof>
			<IsExplosionProof>false</IsExplosionProof>
			<IsFireProof>false</IsFireProof>
			<IsMeleeProof>false</IsMeleeProof>
			<IsOnlyDamagedByPlayer>false</IsOnlyDamagedByPlayer>
			<PositionRotation>
				<X>-710.449158</X>
				<Y>-863.245178</Y>
				<Z>22.6668243</Z>
				<Pitch>2.29814625</Pitch>
				<Roll>-0.2234696</Roll>
				<Yaw>-90.4902878</Yaw>
			</PositionRotation>
			<Attachment isAttached="true">
				<AttachedTo>212759</AttachedTo>
				<BoneIndex>0</BoneIndex>
				<X>-1.13577271</X>
				<Y>1.23361158</Y>
				<Z>-0.865184307</Z>
				<Pitch>0.912635446</Pitch>
				<Roll>0.762981951</Roll>
				<Yaw>-92.5889816</Yaw>
			</Attachment>
		</Attachment>
		<Attachment>
			<ModelHash>0x45c35f6a</ModelHash>
			<Type>3</Type>
			<Dynamic>false</Dynamic>
			<FrozenPos>true</FrozenPos>
			<HashName>prop_dock_shippad</HashName>
			<InitialHandle>323870</InitialHandle>
			<ObjectProperties>
				<TextureVariation>0</TextureVariation>
			</ObjectProperties>
			<OpacityLevel>255</OpacityLevel>
			<LodDistance>16960</LodDistance>
			<IsVisible>true</IsVisible>
			<MaxHealth>1000</MaxHealth>
			<Health>1000</Health>
			<HasGravity>true</HasGravity>
			<IsOnFire>false</IsOnFire>
			<IsInvincible>false</IsInvincible>
			<IsBulletProof>false</IsBulletProof>
			<IsCollisionProof>false</IsCollisionProof>
			<IsExplosionProof>false</IsExplosionProof>
			<IsFireProof>false</IsFireProof>
			<IsMeleeProof>false</IsMeleeProof>
			<IsOnlyDamagedByPlayer>false</IsOnlyDamagedByPlayer>
			<PositionRotation>
				<X>-708.175354</X>
				<Y>-863.102783</Y>
				<Z>22.6228886</Z>
				<Pitch>-0.481764793</Pitch>
				<Roll>1.73644137</Roll>
				<Yaw>88.9741974</Yaw>
			</PositionRotation>
			<Attachment isAttached="true">
				<AttachedTo>212759</AttachedTo>
				<BoneIndex>0</BoneIndex>
				<X>1.14000916</X>
				<Y>1.29504216</Y>
				<Z>-0.961246371</Z>
				<Pitch>0.912635446</Pitch>
				<Roll>0.762981951</Roll>
				<Yaw>86.9068298</Yaw>
			</Attachment>
		</Attachment>
		<Attachment>
			<ModelHash>0xab39f229</ModelHash>
			<Type>3</Type>
			<Dynamic>false</Dynamic>
			<FrozenPos>true</FrozenPos>
			<HashName>prop_box_ammo03a</HashName>
			<InitialHandle>159264</InitialHandle>
			<ObjectProperties>
				<TextureVariation>0</TextureVariation>
			</ObjectProperties>
			<OpacityLevel>255</OpacityLevel>
			<LodDistance>16960</LodDistance>
			<IsVisible>true</IsVisible>
			<MaxHealth>1000</MaxHealth>
			<Health>1000</Health>
			<HasGravity>true</HasGravity>
			<IsOnFire>false</IsOnFire>
			<IsInvincible>false</IsInvincible>
			<IsBulletProof>false</IsBulletProof>
			<IsCollisionProof>false</IsCollisionProof>
			<IsExplosionProof>false</IsExplosionProof>
			<IsFireProof>false</IsFireProof>
			<IsMeleeProof>false</IsMeleeProof>
			<IsOnlyDamagedByPlayer>false</IsOnlyDamagedByPlayer>
			<PositionRotation>
				<X>-709.642578</X>
				<Y>-865.132202</Y>
				<Z>24.0616493</Z>
				<Pitch>-0.0856133327</Pitch>
				<Roll>-0.613811672</Roll>
				<Yaw>0.00335686607</Yaw>
			</PositionRotation>
			<Attachment isAttached="true">
				<AttachedTo>212759</AttachedTo>
				<BoneIndex>0</BoneIndex>
				<X>-0.365937293</X>
				<Y>-0.706356108</Y>
				<Z>0.476775557</Z>
				<Pitch>0.912635446</Pitch>
				<Roll>0.762981951</Roll>
				<Yaw>-2.07761765</Yaw>
			</Attachment>
		</Attachment>
		<Attachment>
			<ModelHash>0xab39f229</ModelHash>
			<Type>3</Type>
			<Dynamic>false</Dynamic>
			<FrozenPos>true</FrozenPos>
			<HashName>prop_box_ammo03a</HashName>
			<InitialHandle>650517</InitialHandle>
			<ObjectProperties>
				<TextureVariation>0</TextureVariation>
			</ObjectProperties>
			<OpacityLevel>255</OpacityLevel>
			<LodDistance>16960</LodDistance>
			<IsVisible>true</IsVisible>
			<MaxHealth>1000</MaxHealth>
			<Health>1000</Health>
			<HasGravity>true</HasGravity>
			<IsOnFire>false</IsOnFire>
			<IsInvincible>false</IsInvincible>
			<IsBulletProof>false</IsBulletProof>
			<IsCollisionProof>false</IsCollisionProof>
			<IsExplosionProof>false</IsExplosionProof>
			<IsFireProof>false</IsFireProof>
			<IsMeleeProof>false</IsMeleeProof>
			<IsOnlyDamagedByPlayer>false</IsOnlyDamagedByPlayer>
			<PositionRotation>
				<X>-709.635864</X>
				<Y>-865.162415</Y>
				<Z>24.5059166</Z>
				<Pitch>-0.0730880126</Pitch>
				<Roll>-0.622808337</Roll>
				<Yaw>-0.51609236</Yaw>
			</PositionRotation>
			<Attachment isAttached="true">
				<AttachedTo>212759</AttachedTo>
				<BoneIndex>0</BoneIndex>
				<X>-0.34994486</X>
				<Y>-0.744861007</Y>
				<Z>0.920161426</Z>
				<Pitch>0.912635446</Pitch>
				<Roll>0.762981951</Roll>
				<Yaw>-2.59728336</Yaw>
			</Attachment>
		</Attachment>
		<Attachment>
			<ModelHash>0x7c46a803</ModelHash>
			<Type>3</Type>
			<Dynamic>false</Dynamic>
			<FrozenPos>true</FrozenPos>
			<HashName>v_ret_ml_beerpis2</HashName>
			<InitialHandle>587812</InitialHandle>
			<ObjectProperties>
				<TextureVariation>0</TextureVariation>
			</ObjectProperties>
			<OpacityLevel>255</OpacityLevel>
			<LodDistance>16960</LodDistance>
			<IsVisible>true</IsVisible>
			<MaxHealth>1000</MaxHealth>
			<Health>1000</Health>
			<HasGravity>true</HasGravity>
			<IsOnFire>false</IsOnFire>
			<IsInvincible>false</IsInvincible>
			<IsBulletProof>false</IsBulletProof>
			<IsCollisionProof>false</IsCollisionProof>
			<IsExplosionProof>false</IsExplosionProof>
			<IsFireProof>false</IsFireProof>
			<IsMeleeProof>false</IsMeleeProof>
			<IsOnlyDamagedByPlayer>false</IsOnlyDamagedByPlayer>
			<PositionRotation>
				<X>-709.253296</X>
				<Y>-865.947327</Y>
				<Z>24.2584553</Z>
				<Pitch>-0.184727132</Pitch>
				<Roll>-0.536183298</Roll>
				<Yaw>4.24496412</Yaw>
			</PositionRotation>
			<Attachment isAttached="true">
				<AttachedTo>212759</AttachedTo>
				<BoneIndex>0</BoneIndex>
				<X>-0.0020185262</X>
				<Y>-1.53834701</Y>
				<Z>0.649944544</Z>
				<Pitch>0.912635446</Pitch>
				<Roll>0.762981951</Roll>
				<Yaw>2.1656723</Yaw>
			</Attachment>
		</Attachment>
		<Attachment>
			<ModelHash>0xf2f47da7</ModelHash>
			<Type>3</Type>
			<Dynamic>false</Dynamic>
			<FrozenPos>true</FrozenPos>
			<HashName>w_lr_rpg</HashName>
			<InitialHandle>771107</InitialHandle>
			<ObjectProperties>
				<TextureVariation>0</TextureVariation>
			</ObjectProperties>
			<OpacityLevel>255</OpacityLevel>
			<LodDistance>16960</LodDistance>
			<IsVisible>true</IsVisible>
			<MaxHealth>1000</MaxHealth>
			<Health>1000</Health>
			<HasGravity>true</HasGravity>
			<IsOnFire>false</IsOnFire>
			<IsInvincible>false</IsInvincible>
			<IsBulletProof>false</IsBulletProof>
			<IsCollisionProof>false</IsCollisionProof>
			<IsExplosionProof>false</IsExplosionProof>
			<IsFireProof>false</IsFireProof>
			<IsMeleeProof>false</IsMeleeProof>
			<IsOnlyDamagedByPlayer>false</IsOnlyDamagedByPlayer>
			<PositionRotation>
				<X>-708.238159</X>
				<Y>-866.204834</Y>
				<Z>25.4523945</Z>
				<Pitch>2.28462052</Pitch>
				<Roll>-0.242207855</Roll>
				<Yaw>-89.7115402</Yaw>
			</PositionRotation>
			<Attachment isAttached="true">
				<AttachedTo>212759</AttachedTo>
				<BoneIndex>0</BoneIndex>
				<X>1.03069961</X>
				<Y>-1.85393667</Y>
				<Z>1.81448221</Z>
				<Pitch>0.912635446</Pitch>
				<Roll>0.762981951</Roll>
				<Yaw>-91.8106232</Yaw>
			</Attachment>
		</Attachment>
		<Attachment>
			<ModelHash>0x9a3207b7</ModelHash>
			<Type>3</Type>
			<Dynamic>false</Dynamic>
			<FrozenPos>true</FrozenPos>
			<HashName>w_lr_rpg_rocket</HashName>
			<InitialHandle>23093</InitialHandle>
			<ObjectProperties>
				<TextureVariation>0</TextureVariation>
			</ObjectProperties>
			<OpacityLevel>255</OpacityLevel>
			<LodDistance>16960</LodDistance>
			<IsVisible>true</IsVisible>
			<MaxHealth>1000</MaxHealth>
			<Health>1000</Health>
			<HasGravity>true</HasGravity>
			<IsOnFire>false</IsOnFire>
			<IsInvincible>false</IsInvincible>
			<IsBulletProof>false</IsBulletProof>
			<IsCollisionProof>false</IsCollisionProof>
			<IsExplosionProof>false</IsExplosionProof>
			<IsFireProof>false</IsFireProof>
			<IsMeleeProof>false</IsMeleeProof>
			<IsOnlyDamagedByPlayer>false</IsOnlyDamagedByPlayer>
			<PositionRotation>
				<X>-708.242737</X>
				<Y>-866.327637</Y>
				<Z>26.2287579</Z>
				<Pitch>1.88750684</Pitch>
				<Roll>2.15680623</Roll>
				<Yaw>179.014359</Yaw>
			</PositionRotation>
			<Attachment isAttached="true">
				<AttachedTo>212759</AttachedTo>
				<BoneIndex>0</BoneIndex>
				<X>1.03982925</X>
				<Y>-1.99071431</Y>
				<Z>2.5884738</Z>
				<Pitch>0.912635446</Pitch>
				<Roll>0.762981951</Roll>
				<Yaw>176.977386</Yaw>
			</Attachment>
		</Attachment>
		<Attachment>
			<ModelHash>0x9a3207b7</ModelHash>
			<Type>3</Type>
			<Dynamic>false</Dynamic>
			<FrozenPos>true</FrozenPos>
			<HashName>w_lr_rpg_rocket</HashName>
			<InitialHandle>312617</InitialHandle>
			<ObjectProperties>
				<TextureVariation>0</TextureVariation>
			</ObjectProperties>
			<OpacityLevel>255</OpacityLevel>
			<LodDistance>16960</LodDistance>
			<IsVisible>true</IsVisible>
			<MaxHealth>1000</MaxHealth>
			<Health>1000</Health>
			<HasGravity>true</HasGravity>
			<IsOnFire>false</IsOnFire>
			<IsInvincible>false</IsInvincible>
			<IsBulletProof>false</IsBulletProof>
			<IsCollisionProof>false</IsCollisionProof>
			<IsExplosionProof>false</IsExplosionProof>
			<IsFireProof>false</IsFireProof>
			<IsMeleeProof>false</IsMeleeProof>
			<IsOnlyDamagedByPlayer>false</IsOnlyDamagedByPlayer>
			<PositionRotation>
				<X>-708.241882</X>
				<Y>-866.309875</Y>
				<Z>26.0924721</Z>
				<Pitch>1.89591908</Pitch>
				<Roll>2.15088415</Roll>
				<Yaw>179.361008</Yaw>
			</PositionRotation>
			<Attachment isAttached="true">
				<AttachedTo>212759</AttachedTo>
				<BoneIndex>0</BoneIndex>
				<X>1.03813267</X>
				<Y>-1.97046089</Y>
				<Z>2.45253825</Z>
				<Pitch>0.912635446</Pitch>
				<Roll>0.762981951</Roll>
				<Yaw>177.32399</Yaw>
			</Attachment>
		</Attachment>
		<Attachment>
			<ModelHash>0x9a3207b7</ModelHash>
			<Type>3</Type>
			<Dynamic>false</Dynamic>
			<FrozenPos>true</FrozenPos>
			<HashName>w_lr_rpg_rocket</HashName>
			<InitialHandle>728628</InitialHandle>
			<ObjectProperties>
				<TextureVariation>0</TextureVariation>
			</ObjectProperties>
			<OpacityLevel>255</OpacityLevel>
			<LodDistance>16960</LodDistance>
			<IsVisible>true</IsVisible>
			<MaxHealth>1000</MaxHealth>
			<Health>1000</Health>
			<HasGravity>true</HasGravity>
			<IsOnFire>false</IsOnFire>
			<IsInvincible>false</IsInvincible>
			<IsBulletProof>false</IsBulletProof>
			<IsCollisionProof>false</IsCollisionProof>
			<IsExplosionProof>false</IsExplosionProof>
			<IsFireProof>false</IsFireProof>
			<IsMeleeProof>false</IsMeleeProof>
			<IsOnlyDamagedByPlayer>false</IsOnlyDamagedByPlayer>
			<PositionRotation>
				<X>-708.240112</X>
				<Y>-866.323242</Y>
				<Z>25.8866062</Z>
				<Pitch>1.89172149</Pitch>
				<Roll>2.15384865</Roll>
				<Yaw>179.187836</Yaw>
			</PositionRotation>
			<Attachment isAttached="true">
				<AttachedTo>212759</AttachedTo>
				<BoneIndex>0</BoneIndex>
				<X>1.03459883</X>
				<Y>-1.9801209</Y>
				<Z>2.24648666</Z>
				<Pitch>0.912635446</Pitch>
				<Roll>0.762981951</Roll>
				<Yaw>177.150848</Yaw>
			</Attachment>
		</Attachment>
		<Attachment>
			<ModelHash>0x9a3207b7</ModelHash>
			<Type>3</Type>
			<Dynamic>false</Dynamic>
			<FrozenPos>true</FrozenPos>
			<HashName>w_lr_rpg_rocket</HashName>
			<InitialHandle>768555</InitialHandle>
			<ObjectProperties>
				<TextureVariation>0</TextureVariation>
			</ObjectProperties>
			<OpacityLevel>255</OpacityLevel>
			<LodDistance>16960</LodDistance>
			<IsVisible>true</IsVisible>
			<MaxHealth>1000</MaxHealth>
			<Health>1000</Health>
			<HasGravity>true</HasGravity>
			<IsOnFire>false</IsOnFire>
			<IsInvincible>false</IsInvincible>
			<IsBulletProof>false</IsBulletProof>
			<IsCollisionProof>false</IsCollisionProof>
			<IsExplosionProof>false</IsExplosionProof>
			<IsFireProof>false</IsFireProof>
			<IsMeleeProof>false</IsMeleeProof>
			<IsOnlyDamagedByPlayer>false</IsOnlyDamagedByPlayer>
			<PositionRotation>
				<X>-708.238342</X>
				<Y>-866.33905</Y>
				<Z>25.6969337</Z>
				<Pitch>1.87906909</Pitch>
				<Roll>2.16267323</Roll>
				<Yaw>178.668091</Yaw>
			</PositionRotation>
			<Attachment isAttached="true">
				<AttachedTo>212759</AttachedTo>
				<BoneIndex>0</BoneIndex>
				<X>1.0313344</X>
				<Y>-1.9925524</Y>
				<Z>2.05658078</Z>
				<Pitch>0.912635565</Pitch>
				<Roll>0.762983859</Roll>
				<Yaw>176.631165</Yaw>
			</Attachment>
		</Attachment>
		<Attachment>
			<ModelHash>0xc270d968</ModelHash>
			<Type>3</Type>
			<Dynamic>false</Dynamic>
			<FrozenPos>true</FrozenPos>
			<HashName>prop_box_wood02a_mws</HashName>
			<InitialHandle>582196</InitialHandle>
			<ObjectProperties>
				<TextureVariation>0</TextureVariation>
			</ObjectProperties>
			<OpacityLevel>255</OpacityLevel>
			<LodDistance>16960</LodDistance>
			<IsVisible>true</IsVisible>
			<MaxHealth>1000</MaxHealth>
			<Health>1000</Health>
			<HasGravity>true</HasGravity>
			<IsOnFire>false</IsOnFire>
			<IsInvincible>false</IsInvincible>
			<IsBulletProof>false</IsBulletProof>
			<IsCollisionProof>false</IsCollisionProof>
			<IsExplosionProof>false</IsExplosionProof>
			<IsFireProof>false</IsFireProof>
			<IsMeleeProof>false</IsMeleeProof>
			<IsOnlyDamagedByPlayer>false</IsOnlyDamagedByPlayer>
			<PositionRotation>
				<X>-708.242859</X>
				<Y>-866.062561</Y>
				<Z>25.8381004</Z>
				<Pitch>88.7607727</Pitch>
				<Roll>3.86949921</Roll>
				<Yaw>85.5353165</Yaw>
			</PositionRotation>
			<Attachment isAttached="true">
				<AttachedTo>212759</AttachedTo>
				<BoneIndex>0</BoneIndex>
				<X>1.04018235</X>
				<Y>-1.71870017</Y>
				<Z>2.20260835</Z>
				<Pitch>90.9126358</Pitch>
				<Roll>80.5114059</Roll>
				<Yaw>6.81277657</Yaw>
			</Attachment>
		</Attachment>
		<Attachment>
			<ModelHash>0x40be41d1</ModelHash>
			<Type>3</Type>
			<Dynamic>false</Dynamic>
			<FrozenPos>true</FrozenPos>
			<HashName>prop_elecbox_18</HashName>
			<InitialHandle>466989</InitialHandle>
			<ObjectProperties>
				<TextureVariation>0</TextureVariation>
			</ObjectProperties>
			<OpacityLevel>255</OpacityLevel>
			<LodDistance>16960</LodDistance>
			<IsVisible>true</IsVisible>
			<MaxHealth>1000</MaxHealth>
			<Health>1000</Health>
			<HasGravity>true</HasGravity>
			<IsOnFire>false</IsOnFire>
			<IsInvincible>false</IsInvincible>
			<IsBulletProof>false</IsBulletProof>
			<IsCollisionProof>false</IsCollisionProof>
			<IsExplosionProof>false</IsExplosionProof>
			<IsFireProof>false</IsFireProof>
			<IsMeleeProof>false</IsMeleeProof>
			<IsOnlyDamagedByPlayer>false</IsOnlyDamagedByPlayer>
			<PositionRotation>
				<X>-710.388</X>
				<Y>-865.809387</Y>
				<Z>24.3800488</Z>
				<Pitch>2.29526281</Pitch>
				<Roll>-0.227509722</Roll>
				<Yaw>-90.3230209</Yaw>
			</PositionRotation>
			<Attachment isAttached="true">
				<AttachedTo>212759</AttachedTo>
				<BoneIndex>0</BoneIndex>
				<X>-1.12780929</X>
				<Y>-1.36203408</Y>
				<Z>0.801147997</Z>
				<Pitch>0.912635446</Pitch>
				<Roll>0.762981951</Roll>
				<Yaw>-92.4217987</Yaw>
			</Attachment>
		</Attachment>
		<Attachment>
			<ModelHash>0xf1858017</ModelHash>
			<Type>3</Type>
			<Dynamic>false</Dynamic>
			<FrozenPos>true</FrozenPos>
			<HashName>prop_homeless_matress_02</HashName>
			<InitialHandle>111931</InitialHandle>
			<ObjectProperties>
				<TextureVariation>0</TextureVariation>
			</ObjectProperties>
			<OpacityLevel>255</OpacityLevel>
			<LodDistance>16960</LodDistance>
			<IsVisible>true</IsVisible>
			<MaxHealth>1000</MaxHealth>
			<Health>1000</Health>
			<HasGravity>true</HasGravity>
			<IsOnFire>false</IsOnFire>
			<IsInvincible>false</IsInvincible>
			<IsBulletProof>false</IsBulletProof>
			<IsCollisionProof>false</IsCollisionProof>
			<IsExplosionProof>false</IsExplosionProof>
			<IsFireProof>false</IsFireProof>
			<IsMeleeProof>false</IsMeleeProof>
			<IsOnlyDamagedByPlayer>false</IsOnlyDamagedByPlayer>
			<PositionRotation>
				<X>-710.135132</X>
				<Y>-861.854248</Y>
				<Z>22.270153</Z>
				<Pitch>1.91682291</Pitch>
				<Roll>2.13583255</Roll>
				<Yaw>-179.771027</Yaw>
			</PositionRotation>
			<Attachment isAttached="true">
				<AttachedTo>212759</AttachedTo>
				<BoneIndex>0</BoneIndex>
				<X>-0.7808007</X>
				<Y>2.61941719</Y>
				<Z>-1.24499321</Z>
				<Pitch>0.912635446</Pitch>
				<Roll>0.762981951</Roll>
				<Yaw>178.191833</Yaw>
			</Attachment>
		</Attachment>
		<Attachment>
			<ModelHash>0xf1858017</ModelHash>
			<Type>3</Type>
			<Dynamic>false</Dynamic>
			<FrozenPos>true</FrozenPos>
			<HashName>prop_homeless_matress_02</HashName>
			<InitialHandle>287037</InitialHandle>
			<ObjectProperties>
				<TextureVariation>0</TextureVariation>
			</ObjectProperties>
			<OpacityLevel>255</OpacityLevel>
			<LodDistance>16960</LodDistance>
			<IsVisible>true</IsVisible>
			<MaxHealth>1000</MaxHealth>
			<Health>1000</Health>
			<HasGravity>true</HasGravity>
			<IsOnFire>false</IsOnFire>
			<IsInvincible>false</IsInvincible>
			<IsBulletProof>false</IsBulletProof>
			<IsCollisionProof>false</IsCollisionProof>
			<IsExplosionProof>false</IsExplosionProof>
			<IsFireProof>false</IsFireProof>
			<IsMeleeProof>false</IsMeleeProof>
			<IsOnlyDamagedByPlayer>false</IsOnlyDamagedByPlayer>
			<PositionRotation>
				<X>-709.145447</X>
				<Y>-861.835754</Y>
				<Z>22.2983665</Z>
				<Pitch>1.91682291</Pitch>
				<Roll>2.13583255</Roll>
				<Yaw>-179.771027</Yaw>
			</PositionRotation>
			<Attachment isAttached="true">
				<AttachedTo>212759</AttachedTo>
				<BoneIndex>0</BoneIndex>
				<X>0.209292501</X>
				<Y>2.60179591</Y>
				<Z>-1.24024796</Z>
				<Pitch>0.912635446</Pitch>
				<Roll>0.762981951</Roll>
				<Yaw>178.191833</Yaw>
			</Attachment>
		</Attachment>
		<Attachment>
			<ModelHash>0xf1858017</ModelHash>
			<Type>3</Type>
			<Dynamic>false</Dynamic>
			<FrozenPos>true</FrozenPos>
			<HashName>prop_homeless_matress_02</HashName>
			<InitialHandle>525380</InitialHandle>
			<ObjectProperties>
				<TextureVariation>0</TextureVariation>
			</ObjectProperties>
			<OpacityLevel>255</OpacityLevel>
			<LodDistance>16960</LodDistance>
			<IsVisible>true</IsVisible>
			<MaxHealth>1000</MaxHealth>
			<Health>1000</Health>
			<HasGravity>true</HasGravity>
			<IsOnFire>false</IsOnFire>
			<IsInvincible>false</IsInvincible>
			<IsBulletProof>false</IsBulletProof>
			<IsCollisionProof>false</IsCollisionProof>
			<IsExplosionProof>false</IsExplosionProof>
			<IsFireProof>false</IsFireProof>
			<IsMeleeProof>false</IsMeleeProof>
			<IsOnlyDamagedByPlayer>false</IsOnlyDamagedByPlayer>
			<PositionRotation>
				<X>-708.485596</X>
				<Y>-861.822998</Y>
				<Z>22.3177681</Z>
				<Pitch>1.91682291</Pitch>
				<Roll>2.13583255</Roll>
				<Yaw>-179.771027</Yaw>
			</PositionRotation>
			<Attachment isAttached="true">
				<AttachedTo>212759</AttachedTo>
				<BoneIndex>0</BoneIndex>
				<X>0.869428396</X>
				<Y>2.59051752</Y>
				<Z>-1.23648453</Z>
				<Pitch>0.912635446</Pitch>
				<Roll>0.762981951</Roll>
				<Yaw>178.191833</Yaw>
			</Attachment>
		</Attachment>
		<Attachment>
			<ModelHash>0xb9d90d76</ModelHash>
			<Type>3</Type>
			<Dynamic>false</Dynamic>
			<FrozenPos>true</FrozenPos>
			<HashName>prop_time_capsule_01</HashName>
			<InitialHandle>208708</InitialHandle>
			<ObjectProperties>
				<TextureVariation>0</TextureVariation>
			</ObjectProperties>
			<OpacityLevel>255</OpacityLevel>
			<LodDistance>16960</LodDistance>
			<IsVisible>true</IsVisible>
			<MaxHealth>1000</MaxHealth>
			<Health>1000</Health>
			<HasGravity>true</HasGravity>
			<IsOnFire>false</IsOnFire>
			<IsInvincible>false</IsInvincible>
			<IsBulletProof>false</IsBulletProof>
			<IsCollisionProof>false</IsCollisionProof>
			<IsExplosionProof>false</IsExplosionProof>
			<IsFireProof>false</IsFireProof>
			<IsMeleeProof>false</IsMeleeProof>
			<IsOnlyDamagedByPlayer>false</IsOnlyDamagedByPlayer>
			<PositionRotation>
				<X>-708.915955</X>
				<Y>-864.707397</Y>
				<Z>24.417326</Z>
				<Pitch>-0.0695055202</Pitch>
				<Roll>-0.625350177</Roll>
				<Yaw>-0.664047897</Yaw>
			</PositionRotation>
			<Attachment isAttached="true">
				<AttachedTo>212759</AttachedTo>
				<BoneIndex>0</BoneIndex>
				<X>0.383760273</X>
				<Y>-0.314445496</Y>
				<Z>0.822239161</Z>
				<Pitch>0.912635446</Pitch>
				<Roll>0.762981951</Roll>
				<Yaw>-2.74530125</Yaw>
			</Attachment>
		</Attachment>
		<Attachment>
			<ModelHash>0x25853f1f</ModelHash>
			<Type>3</Type>
			<Dynamic>false</Dynamic>
			<FrozenPos>true</FrozenPos>
			<HashName>hei_prop_hei_timetable</HashName>
			<InitialHandle>150851</InitialHandle>
			<ObjectProperties>
				<TextureVariation>0</TextureVariation>
			</ObjectProperties>
			<OpacityLevel>255</OpacityLevel>
			<LodDistance>16960</LodDistance>
			<IsVisible>true</IsVisible>
			<MaxHealth>1000</MaxHealth>
			<Health>1000</Health>
			<HasGravity>true</HasGravity>
			<IsOnFire>false</IsOnFire>
			<IsInvincible>false</IsInvincible>
			<IsBulletProof>false</IsBulletProof>
			<IsCollisionProof>false</IsCollisionProof>
			<IsExplosionProof>false</IsExplosionProof>
			<IsFireProof>false</IsFireProof>
			<IsMeleeProof>false</IsMeleeProof>
			<IsOnlyDamagedByPlayer>false</IsOnlyDamagedByPlayer>
			<PositionRotation>
				<X>-709.326782</X>
				<Y>-865.976379</Y>
				<Z>24.433239</Z>
				<Pitch>-0.383428723</Pitch>
				<Roll>-0.338022351</Roll>
				<Yaw>13.708746</Yaw>
			</PositionRotation>
			<Attachment isAttached="true">
				<AttachedTo>212759</AttachedTo>
				<BoneIndex>0</BoneIndex>
				<X>-0.0724524856</X>
				<Y>-1.56796563</Y>
				<Z>0.825911164</Z>
				<Pitch>0.912635446</Pitch>
				<Roll>0.762981951</Roll>
				<Yaw>11.6326199</Yaw>
			</Attachment>
		</Attachment>
		<Attachment>
			<ModelHash>0x2347ed83</ModelHash>
			<Type>3</Type>
			<Dynamic>false</Dynamic>
			<FrozenPos>true</FrozenPos>
			<HashName>prop_bongos_01</HashName>
			<InitialHandle>620609</InitialHandle>
			<ObjectProperties>
				<TextureVariation>0</TextureVariation>
			</ObjectProperties>
			<OpacityLevel>255</OpacityLevel>
			<LodDistance>16960</LodDistance>
			<IsVisible>true</IsVisible>
			<MaxHealth>1000</MaxHealth>
			<Health>1000</Health>
			<HasGravity>true</HasGravity>
			<IsOnFire>false</IsOnFire>
			<IsInvincible>false</IsInvincible>
			<IsBulletProof>false</IsBulletProof>
			<IsCollisionProof>false</IsCollisionProof>
			<IsExplosionProof>false</IsExplosionProof>
			<IsFireProof>false</IsFireProof>
			<IsMeleeProof>false</IsMeleeProof>
			<IsOnlyDamagedByPlayer>false</IsOnlyDamagedByPlayer>
			<PositionRotation>
				<X>-708.437866</X>
				<Y>-867.268066</Y>
				<Z>24.2530022</Z>
				<Pitch>-0.774521768</Pitch>
				<Roll>0.976099908</Roll>
				<Yaw>61.2547035</Yaw>
			</PositionRotation>
			<Attachment isAttached="true">
				<AttachedTo>212759</AttachedTo>
				<BoneIndex>0</BoneIndex>
				<X>0.764512539</X>
				<Y>-2.88723111</Y>
				<Z>0.601893663</Z>
				<Pitch>0.912635446</Pitch>
				<Roll>0.762981951</Roll>
				<Yaw>59.1839294</Yaw>
			</Attachment>
		</Attachment>
		<Attachment>
			<ModelHash>0x5eff0bc9</ModelHash>
			<Type>3</Type>
			<Dynamic>false</Dynamic>
			<FrozenPos>true</FrozenPos>
			<HashName>p_michael_scuba_tank_s</HashName>
			<InitialHandle>739388</InitialHandle>
			<ObjectProperties>
				<TextureVariation>0</TextureVariation>
			</ObjectProperties>
			<OpacityLevel>255</OpacityLevel>
			<LodDistance>16960</LodDistance>
			<IsVisible>true</IsVisible>
			<MaxHealth>1000</MaxHealth>
			<Health>1000</Health>
			<HasGravity>true</HasGravity>
			<IsOnFire>false</IsOnFire>
			<IsInvincible>false</IsInvincible>
			<IsBulletProof>false</IsBulletProof>
			<IsCollisionProof>false</IsCollisionProof>
			<IsExplosionProof>false</IsExplosionProof>
			<IsFireProof>false</IsFireProof>
			<IsMeleeProof>false</IsMeleeProof>
			<IsOnlyDamagedByPlayer>false</IsOnlyDamagedByPlayer>
			<PositionRotation>
				<X>-709.875793</X>
				<Y>-865.109558</Y>
				<Z>24.8678474</Z>
				<Pitch>-0.745521486</Pitch>
				<Roll>0.385568261</Roll>
				<Yaw>41.2323723</Yaw>
			</PositionRotation>
			<Attachment isAttached="true">
				<AttachedTo>212759</AttachedTo>
				<BoneIndex>0</BoneIndex>
				<X>-0.579272568</X>
				<Y>-0.690046906</Y>
				<Z>1.28861856</Z>
				<Pitch>0.912635446</Pitch>
				<Roll>0.762981951</Roll>
				<Yaw>39.1607895</Yaw>
			</Attachment>
		</Attachment>
		<Attachment>
			<ModelHash>0x2b320d35</ModelHash>
			<Type>3</Type>
			<Dynamic>false</Dynamic>
			<FrozenPos>true</FrozenPos>
			<HashName>v_res_mbtowelfld</HashName>
			<InitialHandle>123726</InitialHandle>
			<ObjectProperties>
				<TextureVariation>0</TextureVariation>
			</ObjectProperties>
			<OpacityLevel>255</OpacityLevel>
			<LodDistance>16960</LodDistance>
			<IsVisible>true</IsVisible>
			<MaxHealth>1000</MaxHealth>
			<Health>1000</Health>
			<HasGravity>true</HasGravity>
			<IsOnFire>false</IsOnFire>
			<IsInvincible>false</IsInvincible>
			<IsBulletProof>false</IsBulletProof>
			<IsCollisionProof>false</IsCollisionProof>
			<IsExplosionProof>false</IsExplosionProof>
			<IsFireProof>false</IsFireProof>
			<IsMeleeProof>false</IsMeleeProof>
			<IsOnlyDamagedByPlayer>false</IsOnlyDamagedByPlayer>
			<PositionRotation>
				<X>-709.299133</X>
				<Y>-865.200806</Y>
				<Z>24.9561195</Z>
				<Pitch>0.151122689</Pitch>
				<Roll>-0.757625401</Roll>
				<Yaw>-9.33676815</Yaw>
			</PositionRotation>
			<Attachment isAttached="true">
				<AttachedTo>212759</AttachedTo>
				<BoneIndex>0</BoneIndex>
				<X>-0.00440750085</X>
				<Y>-0.803536177</Y>
				<Z>1.36140704</Z>
				<Pitch>0.912635446</Pitch>
				<Roll>0.762981951</Roll>
				<Yaw>-11.4219208</Yaw>
			</Attachment>
		</Attachment>
		<Attachment>
			<ModelHash>0xcb9ab9c7</ModelHash>
			<Type>3</Type>
			<Dynamic>false</Dynamic>
			<FrozenPos>true</FrozenPos>
			<HashName>ind_prop_firework_02</HashName>
			<InitialHandle>425803</InitialHandle>
			<ObjectProperties>
				<TextureVariation>0</TextureVariation>
			</ObjectProperties>
			<OpacityLevel>255</OpacityLevel>
			<LodDistance>16960</LodDistance>
			<IsVisible>true</IsVisible>
			<MaxHealth>1000</MaxHealth>
			<Health>1000</Health>
			<HasGravity>true</HasGravity>
			<IsOnFire>false</IsOnFire>
			<IsInvincible>false</IsInvincible>
			<IsBulletProof>false</IsBulletProof>
			<IsCollisionProof>false</IsCollisionProof>
			<IsExplosionProof>false</IsExplosionProof>
			<IsFireProof>false</IsFireProof>
			<IsMeleeProof>false</IsMeleeProof>
			<IsOnlyDamagedByPlayer>false</IsOnlyDamagedByPlayer>
			<PositionRotation>
				<X>-709.99762</X>
				<Y>-866.666626</Y>
				<Z>24.1232986</Z>
				<Pitch>-0.753190458</Pitch>
				<Roll>1.10495794</Roll>
				<Yaw>65.6564255</Yaw>
			</PositionRotation>
			<Attachment isAttached="true">
				<AttachedTo>212759</AttachedTo>
				<BoneIndex>0</BoneIndex>
				<X>-0.774985075</X>
				<Y>-2.22790551</Y>
				<Z>0.520198643</Z>
				<Pitch>0.912635446</Pitch>
				<Roll>0.762981951</Roll>
				<Yaw>63.5858688</Yaw>
			</Attachment>
		</Attachment>
		<Attachment>
			<ModelHash>0xcb9ab9c7</ModelHash>
			<Type>3</Type>
			<Dynamic>false</Dynamic>
			<FrozenPos>true</FrozenPos>
			<HashName>ind_prop_firework_02</HashName>
			<InitialHandle>750924</InitialHandle>
			<ObjectProperties>
				<TextureVariation>0</TextureVariation>
			</ObjectProperties>
			<OpacityLevel>255</OpacityLevel>
			<LodDistance>16960</LodDistance>
			<IsVisible>true</IsVisible>
			<MaxHealth>1000</MaxHealth>
			<Health>1000</Health>
			<HasGravity>true</HasGravity>
			<IsOnFire>false</IsOnFire>
			<IsInvincible>false</IsInvincible>
			<IsBulletProof>false</IsBulletProof>
			<IsCollisionProof>false</IsCollisionProof>
			<IsExplosionProof>false</IsExplosionProof>
			<IsFireProof>false</IsFireProof>
			<IsMeleeProof>false</IsMeleeProof>
			<IsOnlyDamagedByPlayer>false</IsOnlyDamagedByPlayer>
			<PositionRotation>
				<X>-709.774536</X>
				<Y>-866.672058</Y>
				<Z>24.1348572</Z>
				<Pitch>-0.7799896</Pitch>
				<Roll>0.927107215</Roll>
				<Yaw>59.5936966</Yaw>
			</PositionRotation>
			<Attachment isAttached="true">
				<AttachedTo>212759</AttachedTo>
				<BoneIndex>0</BoneIndex>
				<X>-0.552048862</X>
				<Y>-2.24150777</Y>
				<Z>0.526300013</Z>
				<Pitch>0.912635446</Pitch>
				<Roll>0.762981951</Roll>
				<Yaw>57.5228577</Yaw>
			</Attachment>
		</Attachment>
		<Attachment>
			<ModelHash>0xbd511d34</ModelHash>
			<Type>3</Type>
			<Dynamic>false</Dynamic>
			<FrozenPos>true</FrozenPos>
			<HashName>ind_prop_firework_03</HashName>
			<InitialHandle>91649</InitialHandle>
			<ObjectProperties>
				<TextureVariation>0</TextureVariation>
			</ObjectProperties>
			<OpacityLevel>255</OpacityLevel>
			<LodDistance>16960</LodDistance>
			<IsVisible>true</IsVisible>
			<MaxHealth>1000</MaxHealth>
			<Health>1000</Health>
			<HasGravity>true</HasGravity>
			<IsOnFire>false</IsOnFire>
			<IsInvincible>false</IsInvincible>
			<IsBulletProof>false</IsBulletProof>
			<IsCollisionProof>false</IsCollisionProof>
			<IsExplosionProof>false</IsExplosionProof>
			<IsFireProof>false</IsFireProof>
			<IsMeleeProof>false</IsMeleeProof>
			<IsOnlyDamagedByPlayer>false</IsOnlyDamagedByPlayer>
			<PositionRotation>
				<X>-708.753296</X>
				<Y>-866.028381</Y>
				<Z>24.1788349</Z>
				<Pitch>1.2214334</Pitch>
				<Roll>-0.909601629</Roll>
				<Yaw>-46.3905945</Yaw>
			</PositionRotation>
			<Attachment isAttached="true">
				<AttachedTo>212759</AttachedTo>
				<BoneIndex>0</BoneIndex>
				<X>0.49266696</X>
				<Y>-1.63583946</Y>
				<Z>0.556934893</Z>
				<Pitch>0.912635446</Pitch>
				<Roll>0.762981951</Roll>
				<Yaw>-48.492775</Yaw>
			</Attachment>
		</Attachment>
		<Attachment>
			<ModelHash>0xbd511d34</ModelHash>
			<Type>3</Type>
			<Dynamic>false</Dynamic>
			<FrozenPos>true</FrozenPos>
			<HashName>ind_prop_firework_03</HashName>
			<InitialHandle>283466</InitialHandle>
			<ObjectProperties>
				<TextureVariation>0</TextureVariation>
			</ObjectProperties>
			<OpacityLevel>255</OpacityLevel>
			<LodDistance>16960</LodDistance>
			<IsVisible>true</IsVisible>
			<MaxHealth>1000</MaxHealth>
			<Health>1000</Health>
			<HasGravity>true</HasGravity>
			<IsOnFire>false</IsOnFire>
			<IsInvincible>false</IsInvincible>
			<IsBulletProof>false</IsBulletProof>
			<IsCollisionProof>false</IsCollisionProof>
			<IsExplosionProof>false</IsExplosionProof>
			<IsFireProof>false</IsFireProof>
			<IsMeleeProof>false</IsMeleeProof>
			<IsOnlyDamagedByPlayer>false</IsOnlyDamagedByPlayer>
			<PositionRotation>
				<X>-708.881104</X>
				<Y>-866.203064</Y>
				<Z>24.1751862</Z>
				<Pitch>1.29191327</Pitch>
				<Roll>-0.895056367</Roll>
				<Yaw>-48.8150215</Yaw>
			</PositionRotation>
			<Attachment isAttached="true">
				<AttachedTo>212759</AttachedTo>
				<BoneIndex>0</BoneIndex>
				<X>0.358566701</X>
				<Y>-1.80576885</Y>
				<Z>0.55331409</Z>
				<Pitch>0.912635446</Pitch>
				<Roll>0.762981951</Roll>
				<Yaw>-50.9179535</Yaw>
			</Attachment>
		</Attachment>
		<Attachment>
			<ModelHash>0xc702b792</ModelHash>
			<Type>3</Type>
			<Dynamic>false</Dynamic>
			<FrozenPos>true</FrozenPos>
			<HashName>prop_fire_hosebox_01</HashName>
			<InitialHandle>535359</InitialHandle>
			<ObjectProperties>
				<TextureVariation>0</TextureVariation>
			</ObjectProperties>
			<OpacityLevel>255</OpacityLevel>
			<LodDistance>16960</LodDistance>
			<IsVisible>true</IsVisible>
			<MaxHealth>1000</MaxHealth>
			<Health>1000</Health>
			<HasGravity>true</HasGravity>
			<IsOnFire>false</IsOnFire>
			<IsInvincible>false</IsInvincible>
			<IsBulletProof>false</IsBulletProof>
			<IsCollisionProof>false</IsCollisionProof>
			<IsExplosionProof>false</IsExplosionProof>
			<IsFireProof>false</IsFireProof>
			<IsMeleeProof>false</IsMeleeProof>
			<IsOnlyDamagedByPlayer>false</IsOnlyDamagedByPlayer>
			<PositionRotation>
				<X>-708.21637</X>
				<Y>-864.494568</Y>
				<Z>25.0667305</Z>
				<Pitch>-0.429743975</Pitch>
				<Roll>1.80701315</Roll>
				<Yaw>91.9280472</Yaw>
			</PositionRotation>
			<Attachment isAttached="true">
				<AttachedTo>212759</AttachedTo>
				<BoneIndex>0</BoneIndex>
				<X>1.10562396</X>
				<Y>-0.13879846</Y>
				<Z>1.45825708</Z>
				<Pitch>0.912635446</Pitch>
				<Roll>0.762981951</Roll>
				<Yaw>89.8614197</Yaw>
			</Attachment>
		</Attachment>
		<Attachment>
			<ModelHash>0x2f9f084d</ModelHash>
			<Type>3</Type>
			<Dynamic>false</Dynamic>
			<FrozenPos>true</FrozenPos>
			<HashName>prop_box_guncase_03a</HashName>
			<InitialHandle>183883</InitialHandle>
			<ObjectProperties>
				<TextureVariation>0</TextureVariation>
			</ObjectProperties>
			<OpacityLevel>255</OpacityLevel>
			<LodDistance>16960</LodDistance>
			<IsVisible>true</IsVisible>
			<MaxHealth>1000</MaxHealth>
			<Health>1000</Health>
			<HasGravity>true</HasGravity>
			<IsOnFire>false</IsOnFire>
			<IsInvincible>false</IsInvincible>
			<IsBulletProof>false</IsBulletProof>
			<IsCollisionProof>false</IsCollisionProof>
			<IsExplosionProof>false</IsExplosionProof>
			<IsFireProof>false</IsFireProof>
			<IsMeleeProof>false</IsMeleeProof>
			<IsOnlyDamagedByPlayer>false</IsOnlyDamagedByPlayer>
			<PositionRotation>
				<X>-710.342407</X>
				<Y>-866.819031</Y>
				<Z>25.3673401</Z>
				<Pitch>-0.39267686</Pitch>
				<Roll>1.85300505</Roll>
				<Yaw>93.9180603</Yaw>
			</PositionRotation>
			<Attachment isAttached="true">
				<AttachedTo>212759</AttachedTo>
				<BoneIndex>0</BoneIndex>
				<X>-1.09587562</X>
				<Y>-2.39054155</Y>
				<Z>1.7693193</Z>
				<Pitch>0.912635446</Pitch>
				<Roll>0.762981951</Roll>
				<Yaw>91.8519821</Yaw>
			</Attachment>
		</Attachment>
		<Attachment>
			<ModelHash>0xc89630b8</ModelHash>
			<Type>3</Type>
			<Dynamic>false</Dynamic>
			<FrozenPos>true</FrozenPos>
			<HashName>prop_minigun_01</HashName>
			<InitialHandle>439637</InitialHandle>
			<ObjectProperties>
				<TextureVariation>0</TextureVariation>
			</ObjectProperties>
			<OpacityLevel>255</OpacityLevel>
			<LodDistance>16960</LodDistance>
			<IsVisible>true</IsVisible>
			<MaxHealth>1000</MaxHealth>
			<Health>1000</Health>
			<HasGravity>true</HasGravity>
			<IsOnFire>false</IsOnFire>
			<IsInvincible>false</IsInvincible>
			<IsBulletProof>false</IsBulletProof>
			<IsCollisionProof>false</IsCollisionProof>
			<IsExplosionProof>false</IsExplosionProof>
			<IsFireProof>false</IsFireProof>
			<IsMeleeProof>false</IsMeleeProof>
			<IsOnlyDamagedByPlayer>false</IsOnlyDamagedByPlayer>
			<PositionRotation>
				<X>-709.564636</X>
				<Y>-865.586731</Y>
				<Z>24.2577114</Z>
				<Pitch>-0.302319139</Pitch>
				<Roll>-0.426931322</Roll>
				<Yaw>9.6538105</Yaw>
			</PositionRotation>
			<Attachment isAttached="true">
				<AttachedTo>212759</AttachedTo>
				<BoneIndex>0</BoneIndex>
				<X>-0.300005585</X>
				<Y>-1.16688979</Y>
				<Z>0.662961364</Z>
				<Pitch>0.912635446</Pitch>
				<Roll>0.762981951</Roll>
				<Yaw>7.57643366</Yaw>
			</Attachment>
		</Attachment>
		<Attachment>
			<ModelHash>0x4ad4095a</ModelHash>
			<Type>3</Type>
			<Dynamic>false</Dynamic>
			<FrozenPos>true</FrozenPos>
			<HashName>w_sg_assaultshotgun</HashName>
			<InitialHandle>188691</InitialHandle>
			<ObjectProperties>
				<TextureVariation>0</TextureVariation>
			</ObjectProperties>
			<OpacityLevel>255</OpacityLevel>
			<LodDistance>16960</LodDistance>
			<IsVisible>true</IsVisible>
			<MaxHealth>1000</MaxHealth>
			<Health>1000</Health>
			<HasGravity>true</HasGravity>
			<IsOnFire>false</IsOnFire>
			<IsInvincible>false</IsInvincible>
			<IsBulletProof>false</IsBulletProof>
			<IsCollisionProof>false</IsCollisionProof>
			<IsExplosionProof>false</IsExplosionProof>
			<IsFireProof>false</IsFireProof>
			<IsMeleeProof>false</IsMeleeProof>
			<IsOnlyDamagedByPlayer>false</IsOnlyDamagedByPlayer>
			<PositionRotation>
				<X>-710.295837</X>
				<Y>-867.408508</Y>
				<Z>24.7167206</Z>
				<Pitch>-0.483098447</Pitch>
				<Roll>1.73452771</Roll>
				<Yaw>88.8956223</Yaw>
			</PositionRotation>
			<Attachment isAttached="true">
				<AttachedTo>212759</AttachedTo>
				<BoneIndex>0</BoneIndex>
				<X>-1.08598793</X>
				<Y>-2.96930099</Y>
				<Z>1.10760117</Z>
				<Pitch>0.912635446</Pitch>
				<Roll>0.762981951</Roll>
				<Yaw>86.8282471</Yaw>
			</Attachment>
		</Attachment>
		<Attachment>
			<ModelHash>0xabd917fe</ModelHash>
			<Type>3</Type>
			<Dynamic>false</Dynamic>
			<FrozenPos>true</FrozenPos>
			<HashName>w_sg_assaultshotgun_mag2</HashName>
			<InitialHandle>257104</InitialHandle>
			<ObjectProperties>
				<TextureVariation>0</TextureVariation>
			</ObjectProperties>
			<OpacityLevel>255</OpacityLevel>
			<LodDistance>16960</LodDistance>
			<IsVisible>true</IsVisible>
			<MaxHealth>1000</MaxHealth>
			<Health>1000</Health>
			<HasGravity>true</HasGravity>
			<IsOnFire>false</IsOnFire>
			<IsInvincible>false</IsInvincible>
			<IsBulletProof>false</IsBulletProof>
			<IsCollisionProof>false</IsCollisionProof>
			<IsExplosionProof>false</IsExplosionProof>
			<IsFireProof>false</IsFireProof>
			<IsMeleeProof>false</IsMeleeProof>
			<IsOnlyDamagedByPlayer>false</IsOnlyDamagedByPlayer>
			<PositionRotation>
				<X>-710.30072</X>
				<Y>-867.110718</Y>
				<Z>24.619915</Z>
				<Pitch>-0.459198594</Pitch>
				<Roll>1.76799464</Roll>
				<Yaw>90.2810669</Yaw>
			</PositionRotation>
			<Attachment isAttached="true">
				<AttachedTo>212759</AttachedTo>
				<BoneIndex>0</BoneIndex>
				<X>-1.08229613</X>
				<Y>-2.66983271</Y>
				<Z>1.01614141</Z>
				<Pitch>0.912635446</Pitch>
				<Roll>0.762981951</Roll>
				<Yaw>88.2140198</Yaw>
			</Attachment>
		</Attachment>
		<Attachment>
			<ModelHash>0xabd917fe</ModelHash>
			<Type>3</Type>
			<Dynamic>false</Dynamic>
			<FrozenPos>true</FrozenPos>
			<HashName>w_sg_assaultshotgun_mag2</HashName>
			<InitialHandle>495936</InitialHandle>
			<ObjectProperties>
				<TextureVariation>0</TextureVariation>
			</ObjectProperties>
			<OpacityLevel>255</OpacityLevel>
			<LodDistance>16960</LodDistance>
			<IsVisible>true</IsVisible>
			<MaxHealth>1000</MaxHealth>
			<Health>1000</Health>
			<HasGravity>true</HasGravity>
			<IsOnFire>false</IsOnFire>
			<IsInvincible>false</IsInvincible>
			<IsBulletProof>false</IsBulletProof>
			<IsCollisionProof>false</IsCollisionProof>
			<IsExplosionProof>false</IsExplosionProof>
			<IsFireProof>false</IsFireProof>
			<IsMeleeProof>false</IsMeleeProof>
			<IsOnlyDamagedByPlayer>false</IsOnlyDamagedByPlayer>
			<PositionRotation>
				<X>-710.315308</X>
				<Y>-866.745117</Y>
				<Z>24.6352806</Z>
				<Pitch>-0.491855025</Pitch>
				<Roll>1.72182465</Roll>
				<Yaw>88.3758469</Yaw>
			</PositionRotation>
			<Attachment isAttached="true">
				<AttachedTo>212759</AttachedTo>
				<BoneIndex>0</BoneIndex>
				<X>-1.08324075</X>
				<Y>-2.30423665</Y>
				<Z>1.03822088</Z>
				<Pitch>0.912635446</Pitch>
				<Roll>0.762981951</Roll>
				<Yaw>86.3083344</Yaw>
			</Attachment>
		</Attachment>
		<Attachment>
			<ModelHash>0xabd917fe</ModelHash>
			<Type>3</Type>
			<Dynamic>false</Dynamic>
			<FrozenPos>true</FrozenPos>
			<HashName>w_sg_assaultshotgun_mag2</HashName>
			<InitialHandle>408391</InitialHandle>
			<ObjectProperties>
				<TextureVariation>0</TextureVariation>
			</ObjectProperties>
			<OpacityLevel>255</OpacityLevel>
			<LodDistance>16960</LodDistance>
			<IsVisible>true</IsVisible>
			<MaxHealth>1000</MaxHealth>
			<Health>1000</Health>
			<HasGravity>true</HasGravity>
			<IsOnFire>false</IsOnFire>
			<IsInvincible>false</IsInvincible>
			<IsBulletProof>false</IsBulletProof>
			<IsCollisionProof>false</IsCollisionProof>
			<IsExplosionProof>false</IsExplosionProof>
			<IsFireProof>false</IsFireProof>
			<IsMeleeProof>false</IsMeleeProof>
			<IsOnlyDamagedByPlayer>false</IsOnlyDamagedByPlayer>
			<PositionRotation>
				<X>-710.306152</X>
				<Y>-866.956055</Y>
				<Z>24.6073627</Z>
				<Pitch>-0.456162155</Pitch>
				<Roll>1.7721262</Roll>
				<Yaw>90.4538116</Yaw>
			</PositionRotation>
			<Attachment isAttached="true">
				<AttachedTo>212759</AttachedTo>
				<BoneIndex>0</BoneIndex>
				<X>-1.08242202</X>
				<Y>-2.51481676</Y>
				<Z>1.00642204</Z>
				<Pitch>0.912635446</Pitch>
				<Roll>0.762981951</Roll>
				<Yaw>88.3868027</Yaw>
			</Attachment>
		</Attachment>
		<Attachment>
			<ModelHash>0xb7e2ddaf</ModelHash>
			<Type>3</Type>
			<Dynamic>false</Dynamic>
			<FrozenPos>true</FrozenPos>
			<HashName>w_sg_heavyshotgun</HashName>
			<InitialHandle>147269</InitialHandle>
			<ObjectProperties>
				<TextureVariation>0</TextureVariation>
			</ObjectProperties>
			<OpacityLevel>255</OpacityLevel>
			<LodDistance>16960</LodDistance>
			<IsVisible>true</IsVisible>
			<MaxHealth>1000</MaxHealth>
			<Health>1000</Health>
			<HasGravity>true</HasGravity>
			<IsOnFire>false</IsOnFire>
			<IsInvincible>false</IsInvincible>
			<IsBulletProof>false</IsBulletProof>
			<IsCollisionProof>false</IsCollisionProof>
			<IsExplosionProof>false</IsExplosionProof>
			<IsFireProof>false</IsFireProof>
			<IsMeleeProof>false</IsMeleeProof>
			<IsOnlyDamagedByPlayer>false</IsOnlyDamagedByPlayer>
			<PositionRotation>
				<X>-708.232117</X>
				<Y>-866.458862</Y>
				<Z>25.0664845</Z>
				<Pitch>2.26232362</Pitch>
				<Roll>-0.271971852</Roll>
				<Yaw>-88.4583359</Yaw>
			</PositionRotation>
			<Attachment isAttached="true">
				<AttachedTo>212759</AttachedTo>
				<BoneIndex>0</BoneIndex>
				<X>1.01849639</X>
				<Y>-2.10091686</Y>
				<Z>1.42417121</Z>
				<Pitch>0.912635446</Pitch>
				<Roll>0.762981951</Roll>
				<Yaw>-90.5580521</Yaw>
			</Attachment>
		</Attachment>
		<Attachment>
			<ModelHash>0xc4deaf96</ModelHash>
			<Type>3</Type>
			<Dynamic>false</Dynamic>
			<FrozenPos>true</FrozenPos>
			<HashName>w_sg_heavyshotgun_mag2</HashName>
			<InitialHandle>167256</InitialHandle>
			<ObjectProperties>
				<TextureVariation>0</TextureVariation>
			</ObjectProperties>
			<OpacityLevel>255</OpacityLevel>
			<LodDistance>16960</LodDistance>
			<IsVisible>true</IsVisible>
			<MaxHealth>1000</MaxHealth>
			<Health>1000</Health>
			<HasGravity>true</HasGravity>
			<IsOnFire>false</IsOnFire>
			<IsInvincible>false</IsInvincible>
			<IsBulletProof>false</IsBulletProof>
			<IsCollisionProof>false</IsCollisionProof>
			<IsExplosionProof>false</IsExplosionProof>
			<IsFireProof>false</IsFireProof>
			<IsMeleeProof>false</IsMeleeProof>
			<IsOnlyDamagedByPlayer>false</IsOnlyDamagedByPlayer>
			<PositionRotation>
				<X>-708.230713</X>
				<Y>-866.57489</Y>
				<Z>25.0282574</Z>
				<Pitch>2.33095717</Pitch>
				<Roll>-0.175649524</Roll>
				<Yaw>-92.4445877</Yaw>
			</PositionRotation>
			<Attachment isAttached="true">
				<AttachedTo>212759</AttachedTo>
				<BoneIndex>0</BoneIndex>
				<X>1.01478434</X>
				<Y>-2.21623087</Y>
				<Z>1.38390589</Z>
				<Pitch>0.912635446</Pitch>
				<Roll>0.762981951</Roll>
				<Yaw>-94.5421982</Yaw>
			</Attachment>
		</Attachment>
		<Attachment>
			<ModelHash>0xc4deaf96</ModelHash>
			<Type>3</Type>
			<Dynamic>false</Dynamic>
			<FrozenPos>true</FrozenPos>
			<HashName>w_sg_heavyshotgun_mag2</HashName>
			<InitialHandle>622413</InitialHandle>
			<ObjectProperties>
				<TextureVariation>0</TextureVariation>
			</ObjectProperties>
			<OpacityLevel>255</OpacityLevel>
			<LodDistance>16960</LodDistance>
			<IsVisible>true</IsVisible>
			<MaxHealth>1000</MaxHealth>
			<Health>1000</Health>
			<HasGravity>true</HasGravity>
			<IsOnFire>false</IsOnFire>
			<IsInvincible>false</IsInvincible>
			<IsBulletProof>false</IsBulletProof>
			<IsCollisionProof>false</IsCollisionProof>
			<IsExplosionProof>false</IsExplosionProof>
			<IsFireProof>false</IsFireProof>
			<IsMeleeProof>false</IsMeleeProof>
			<IsOnlyDamagedByPlayer>false</IsOnlyDamagedByPlayer>
			<PositionRotation>
				<X>-708.230408</X>
				<Y>-866.454346</Y>
				<Z>24.8185215</Z>
				<Pitch>2.25918555</Pitch>
				<Roll>-0.276053965</Roll>
				<Yaw>-88.2848358</Yaw>
			</PositionRotation>
			<Attachment isAttached="true">
				<AttachedTo>212759</AttachedTo>
				<BoneIndex>0</BoneIndex>
				<X>1.01453459</X>
				<Y>-2.09194517</Y>
				<Z>1.1763562</Z>
				<Pitch>0.912635446</Pitch>
				<Roll>0.762981951</Roll>
				<Yaw>-90.3846436</Yaw>
			</Attachment>
		</Attachment>
		<Attachment>
			<ModelHash>0xc4deaf96</ModelHash>
			<Type>3</Type>
			<Dynamic>false</Dynamic>
			<FrozenPos>true</FrozenPos>
			<HashName>w_sg_heavyshotgun_mag2</HashName>
			<InitialHandle>412498</InitialHandle>
			<ObjectProperties>
				<TextureVariation>0</TextureVariation>
			</ObjectProperties>
			<OpacityLevel>255</OpacityLevel>
			<LodDistance>16960</LodDistance>
			<IsVisible>true</IsVisible>
			<MaxHealth>1000</MaxHealth>
			<Health>1000</Health>
			<HasGravity>true</HasGravity>
			<IsOnFire>false</IsOnFire>
			<IsInvincible>false</IsInvincible>
			<IsBulletProof>false</IsBulletProof>
			<IsCollisionProof>false</IsCollisionProof>
			<IsExplosionProof>false</IsExplosionProof>
			<IsFireProof>false</IsFireProof>
			<IsMeleeProof>false</IsMeleeProof>
			<IsOnlyDamagedByPlayer>false</IsOnlyDamagedByPlayer>
			<PositionRotation>
				<X>-708.232849</X>
				<Y>-866.266785</Y>
				<Z>24.8383522</Z>
				<Pitch>2.13479781</Pitch>
				<Roll>-0.419927955</Roll>
				<Yaw>-81.8726501</Yaw>
			</PositionRotation>
			<Attachment isAttached="true">
				<AttachedTo>212759</AttachedTo>
				<BoneIndex>0</BoneIndex>
				<X>1.01937008</X>
				<Y>-1.90482271</Y>
				<Z>1.19950473</Z>
				<Pitch>0.912635446</Pitch>
				<Roll>0.762981951</Roll>
				<Yaw>-83.9751434</Yaw>
			</Attachment>
		</Attachment>
		<Attachment>
			<ModelHash>0x291cea47</ModelHash>
			<Type>3</Type>
			<Dynamic>false</Dynamic>
			<FrozenPos>true</FrozenPos>
			<HashName>w_sg_pumpshotgun</HashName>
			<InitialHandle>128338</InitialHandle>
			<ObjectProperties>
				<TextureVariation>0</TextureVariation>
			</ObjectProperties>
			<OpacityLevel>255</OpacityLevel>
			<LodDistance>16960</LodDistance>
			<IsVisible>true</IsVisible>
			<MaxHealth>1000</MaxHealth>
			<Health>1000</Health>
			<HasGravity>true</HasGravity>
			<IsOnFire>false</IsOnFire>
			<IsInvincible>false</IsInvincible>
			<IsBulletProof>false</IsBulletProof>
			<IsCollisionProof>false</IsCollisionProof>
			<IsExplosionProof>false</IsExplosionProof>
			<IsFireProof>false</IsFireProof>
			<IsMeleeProof>false</IsMeleeProof>
			<IsOnlyDamagedByPlayer>false</IsOnlyDamagedByPlayer>
			<PositionRotation>
				<X>-708.228577</X>
				<Y>-867.09082</Y>
				<Z>25.5524406</Z>
				<Pitch>2.24651837</Pitch>
				<Roll>-0.292275578</Roll>
				<Yaw>-87.591301</Yaw>
			</PositionRotation>
			<Attachment isAttached="true">
				<AttachedTo>212759</AttachedTo>
				<BoneIndex>0</BoneIndex>
				<X>1.01042795</X>
				<Y>-2.74137902</Y>
				<Z>1.8988198</Z>
				<Pitch>0.912635446</Pitch>
				<Roll>0.762981951</Roll>
				<Yaw>-89.6914444</Yaw>
			</Attachment>
		</Attachment>
		<Attachment>
			<ModelHash>0x453dcf20</ModelHash>
			<Type>3</Type>
			<Dynamic>false</Dynamic>
			<FrozenPos>true</FrozenPos>
			<HashName>prop_aerial_01d</HashName>
			<InitialHandle>752980</InitialHandle>
			<ObjectProperties>
				<TextureVariation>0</TextureVariation>
			</ObjectProperties>
			<OpacityLevel>255</OpacityLevel>
			<LodDistance>16960</LodDistance>
			<IsVisible>true</IsVisible>
			<MaxHealth>1000</MaxHealth>
			<Health>1000</Health>
			<HasGravity>true</HasGravity>
			<IsOnFire>false</IsOnFire>
			<IsInvincible>false</IsInvincible>
			<IsBulletProof>false</IsBulletProof>
			<IsCollisionProof>false</IsCollisionProof>
			<IsExplosionProof>false</IsExplosionProof>
			<IsFireProof>false</IsFireProof>
			<IsMeleeProof>false</IsMeleeProof>
			<IsOnlyDamagedByPlayer>false</IsOnlyDamagedByPlayer>
			<PositionRotation>
				<X>-708.642151</X>
				<Y>-865.806396</Y>
				<Z>26.5149174</Z>
				<Pitch>-0.766436934</Pitch>
				<Roll>1.03249311</Roll>
				<Yaw>63.1742592</Yaw>
			</PositionRotation>
			<Attachment isAttached="true">
				<AttachedTo>212759</AttachedTo>
				<BoneIndex>0</BoneIndex>
				<X>0.666421056</X>
				<Y>-1.46073484</Y>
				<Z>2.89318371</Z>
				<Pitch>0.912635446</Pitch>
				<Roll>0.762981951</Roll>
				<Yaw>61.1035767</Yaw>
			</Attachment>
		</Attachment>
		<Attachment>
			<ModelHash>0x0bfbdc9d</ModelHash>
			<Type>3</Type>
			<Dynamic>false</Dynamic>
			<FrozenPos>true</FrozenPos>
			<HashName>prop_aerial_01c</HashName>
			<InitialHandle>475216</InitialHandle>
			<ObjectProperties>
				<TextureVariation>0</TextureVariation>
			</ObjectProperties>
			<OpacityLevel>255</OpacityLevel>
			<LodDistance>16960</LodDistance>
			<IsVisible>true</IsVisible>
			<MaxHealth>1000</MaxHealth>
			<Health>1000</Health>
			<HasGravity>true</HasGravity>
			<IsOnFire>false</IsOnFire>
			<IsInvincible>false</IsInvincible>
			<IsBulletProof>false</IsBulletProof>
			<IsCollisionProof>false</IsCollisionProof>
			<IsExplosionProof>false</IsExplosionProof>
			<IsFireProof>false</IsFireProof>
			<IsMeleeProof>false</IsMeleeProof>
			<IsOnlyDamagedByPlayer>false</IsOnlyDamagedByPlayer>
			<PositionRotation>
				<X>-709.58783</X>
				<Y>-866.414551</Y>
				<Z>26.4772072</Z>
				<Pitch>-0.105186366</Pitch>
				<Roll>-0.599403858</Roll>
				<Yaw>0.82200259</Yaw>
			</PositionRotation>
			<Attachment isAttached="true">
				<AttachedTo>212759</AttachedTo>
				<BoneIndex>0</BoneIndex>
				<X>-0.301359653</X>
				<Y>-2.0337708</Y>
				<Z>2.86761665</Z>
				<Pitch>0.912635446</Pitch>
				<Roll>0.762981951</Roll>
				<Yaw>-1.25863552</Yaw>
			</Attachment>
		</Attachment>
		<Attachment>
			<ModelHash>0xe19a6ca0</ModelHash>
			<Type>3</Type>
			<Dynamic>false</Dynamic>
			<FrozenPos>true</FrozenPos>
			<HashName>prop_medstation_01</HashName>
			<InitialHandle>181855</InitialHandle>
			<ObjectProperties>
				<TextureVariation>0</TextureVariation>
			</ObjectProperties>
			<OpacityLevel>255</OpacityLevel>
			<LodDistance>16960</LodDistance>
			<IsVisible>true</IsVisible>
			<MaxHealth>1000</MaxHealth>
			<Health>1000</Health>
			<HasGravity>true</HasGravity>
			<IsOnFire>false</IsOnFire>
			<IsInvincible>false</IsInvincible>
			<IsBulletProof>false</IsBulletProof>
			<IsCollisionProof>false</IsCollisionProof>
			<IsExplosionProof>false</IsExplosionProof>
			<IsFireProof>false</IsFireProof>
			<IsMeleeProof>false</IsMeleeProof>
			<IsOnlyDamagedByPlayer>false</IsOnlyDamagedByPlayer>
			<PositionRotation>
				<X>-708.202148</X>
				<Y>-865.465759</Y>
				<Z>24.776001</Z>
				<Pitch>-0.463747621</Pitch>
				<Roll>1.76175547</Roll>
				<Yaw>90.0209503</Yaw>
			</PositionRotation>
			<Attachment isAttached="true">
				<AttachedTo>212759</AttachedTo>
				<BoneIndex>0</BoneIndex>
				<X>1.07773817</X>
				<Y>-1.10443985</Y>
				<Z>1.15039587</Z>
				<Pitch>0.912635446</Pitch>
				<Roll>0.762981951</Roll>
				<Yaw>87.9538498</Yaw>
			</Attachment>
		</Attachment>
		<Attachment>
			<ModelHash>0xe19a6ca0</ModelHash>
			<Type>3</Type>
			<Dynamic>false</Dynamic>
			<FrozenPos>true</FrozenPos>
			<HashName>prop_medstation_01</HashName>
			<InitialHandle>569657</InitialHandle>
			<ObjectProperties>
				<TextureVariation>0</TextureVariation>
			</ObjectProperties>
			<OpacityLevel>255</OpacityLevel>
			<LodDistance>16960</LodDistance>
			<IsVisible>true</IsVisible>
			<MaxHealth>1000</MaxHealth>
			<Health>1000</Health>
			<HasGravity>true</HasGravity>
			<IsOnFire>false</IsOnFire>
			<IsInvincible>false</IsInvincible>
			<IsBulletProof>false</IsBulletProof>
			<IsCollisionProof>false</IsCollisionProof>
			<IsExplosionProof>false</IsExplosionProof>
			<IsFireProof>false</IsFireProof>
			<IsMeleeProof>false</IsMeleeProof>
			<IsOnlyDamagedByPlayer>false</IsOnlyDamagedByPlayer>
			<PositionRotation>
				<X>-708.194336</X>
				<Y>-866.125793</Y>
				<Z>24.7788181</Z>
				<Pitch>-0.463747621</Pitch>
				<Roll>1.76175547</Roll>
				<Yaw>90.0209503</Yaw>
			</PositionRotation>
			<Attachment isAttached="true">
				<AttachedTo>212759</AttachedTo>
				<BoneIndex>0</BoneIndex>
				<X>1.06160676</X>
				<Y>-1.76425803</Y>
				<Z>1.14152598</Z>
				<Pitch>0.912635446</Pitch>
				<Roll>0.762981951</Roll>
				<Yaw>87.9538498</Yaw>
			</Attachment>
		</Attachment>
		<Attachment>
			<ModelHash>0xe19a6ca0</ModelHash>
			<Type>3</Type>
			<Dynamic>false</Dynamic>
			<FrozenPos>true</FrozenPos>
			<HashName>prop_medstation_01</HashName>
			<InitialHandle>360536</InitialHandle>
			<ObjectProperties>
				<TextureVariation>0</TextureVariation>
			</ObjectProperties>
			<OpacityLevel>255</OpacityLevel>
			<LodDistance>16960</LodDistance>
			<IsVisible>true</IsVisible>
			<MaxHealth>1000</MaxHealth>
			<Health>1000</Health>
			<HasGravity>true</HasGravity>
			<IsOnFire>false</IsOnFire>
			<IsInvincible>false</IsInvincible>
			<IsBulletProof>false</IsBulletProof>
			<IsCollisionProof>false</IsCollisionProof>
			<IsExplosionProof>false</IsExplosionProof>
			<IsFireProof>false</IsFireProof>
			<IsMeleeProof>false</IsMeleeProof>
			<IsOnlyDamagedByPlayer>false</IsOnlyDamagedByPlayer>
			<PositionRotation>
				<X>-708.182739</X>
				<Y>-867.115784</Y>
				<Z>24.7830334</Z>
				<Pitch>-0.463747621</Pitch>
				<Roll>1.76175547</Roll>
				<Yaw>90.0209503</Yaw>
			</PositionRotation>
			<Attachment isAttached="true">
				<AttachedTo>212759</AttachedTo>
				<BoneIndex>0</BoneIndex>
				<X>1.0373112</X>
				<Y>-2.75393558</Y>
				<Z>1.12821555</Z>
				<Pitch>0.912635446</Pitch>
				<Roll>0.762981951</Roll>
				<Yaw>87.9538498</Yaw>
			</Attachment>
		</Attachment>
		<Attachment>
			<ModelHash>0xe19a6ca0</ModelHash>
			<Type>3</Type>
			<Dynamic>false</Dynamic>
			<FrozenPos>true</FrozenPos>
			<HashName>prop_medstation_01</HashName>
			<InitialHandle>774491</InitialHandle>
			<ObjectProperties>
				<TextureVariation>0</TextureVariation>
			</ObjectProperties>
			<OpacityLevel>255</OpacityLevel>
			<LodDistance>16960</LodDistance>
			<IsVisible>true</IsVisible>
			<MaxHealth>1000</MaxHealth>
			<Health>1000</Health>
			<HasGravity>true</HasGravity>
			<IsOnFire>false</IsOnFire>
			<IsInvincible>false</IsInvincible>
			<IsBulletProof>false</IsBulletProof>
			<IsCollisionProof>false</IsCollisionProof>
			<IsExplosionProof>false</IsExplosionProof>
			<IsFireProof>false</IsFireProof>
			<IsMeleeProof>false</IsMeleeProof>
			<IsOnlyDamagedByPlayer>false</IsOnlyDamagedByPlayer>
			<PositionRotation>
				<X>-708.188477</X>
				<Y>-866.625305</Y>
				<Z>24.7863693</Z>
				<Pitch>-0.501930177</Pitch>
				<Roll>1.70689702</Roll>
				<Yaw>87.7691345</Yaw>
			</PositionRotation>
			<Attachment isAttached="true">
				<AttachedTo>212759</AttachedTo>
				<BoneIndex>0</BoneIndex>
				<X>1.04945648</X>
				<Y>-2.26370931</Y>
				<Z>1.14023256</Z>
				<Pitch>0.912635446</Pitch>
				<Roll>0.762981951</Roll>
				<Yaw>85.7014999</Yaw>
			</Attachment>
		</Attachment>
		<Attachment>
			<ModelHash>0xef615237</ModelHash>
			<Type>3</Type>
			<Dynamic>false</Dynamic>
			<FrozenPos>true</FrozenPos>
			<HashName>v_ret_gc_ammo2</HashName>
			<InitialHandle>505678</InitialHandle>
			<ObjectProperties>
				<TextureVariation>0</TextureVariation>
			</ObjectProperties>
			<OpacityLevel>255</OpacityLevel>
			<LodDistance>16960</LodDistance>
			<IsVisible>true</IsVisible>
			<MaxHealth>1000</MaxHealth>
			<Health>1000</Health>
			<HasGravity>true</HasGravity>
			<IsOnFire>false</IsOnFire>
			<IsInvincible>false</IsInvincible>
			<IsBulletProof>false</IsBulletProof>
			<IsCollisionProof>false</IsCollisionProof>
			<IsExplosionProof>false</IsExplosionProof>
			<IsFireProof>false</IsFireProof>
			<IsMeleeProof>false</IsMeleeProof>
			<IsOnlyDamagedByPlayer>false</IsOnlyDamagedByPlayer>
			<PositionRotation>
				<X>-708.805847</X>
				<Y>-865.745667</Y>
				<Z>24.1999474</Z>
				<Pitch>2.0477829</Pitch>
				<Roll>-0.50369817</Roll>
				<Yaw>-77.8017044</Yaw>
			</PositionRotation>
			<Attachment isAttached="true">
				<AttachedTo>212759</AttachedTo>
				<BoneIndex>0</BoneIndex>
				<X>0.450939536</X>
				<Y>-1.3518604</Y>
				<Z>0.58422488</Z>
				<Pitch>0.912635446</Pitch>
				<Roll>0.762981951</Roll>
				<Yaw>-79.9054642</Yaw>
			</Attachment>
		</Attachment>
		<Attachment>
			<ModelHash>0xef615237</ModelHash>
			<Type>3</Type>
			<Dynamic>false</Dynamic>
			<FrozenPos>true</FrozenPos>
			<HashName>v_ret_gc_ammo2</HashName>
			<InitialHandle>491354</InitialHandle>
			<ObjectProperties>
				<TextureVariation>0</TextureVariation>
			</ObjectProperties>
			<OpacityLevel>255</OpacityLevel>
			<LodDistance>16960</LodDistance>
			<IsVisible>true</IsVisible>
			<MaxHealth>1000</MaxHealth>
			<Health>1000</Health>
			<HasGravity>true</HasGravity>
			<IsOnFire>false</IsOnFire>
			<IsInvincible>false</IsInvincible>
			<IsBulletProof>false</IsBulletProof>
			<IsCollisionProof>false</IsCollisionProof>
			<IsExplosionProof>false</IsExplosionProof>
			<IsFireProof>false</IsFireProof>
			<IsMeleeProof>false</IsMeleeProof>
			<IsOnlyDamagedByPlayer>false</IsOnlyDamagedByPlayer>
			<PositionRotation>
				<X>-708.830139</X>
				<Y>-865.726318</Y>
				<Z>24.3696461</Z>
				<Pitch>1.96917689</Pitch>
				<Roll>-0.569988251</Roll>
				<Yaw>-74.3363037</Yaw>
			</PositionRotation>
			<Attachment isAttached="true">
				<AttachedTo>212759</AttachedTo>
				<BoneIndex>0</BoneIndex>
				<X>0.431361794</X>
				<Y>-1.33480549</Y>
				<Z>0.754769206</Z>
				<Pitch>0.912635446</Pitch>
				<Roll>0.762981951</Roll>
				<Yaw>-76.4408646</Yaw>
			</Attachment>
		</Attachment>
		<Attachment>
			<ModelHash>0xef615237</ModelHash>
			<Type>3</Type>
			<Dynamic>false</Dynamic>
			<FrozenPos>true</FrozenPos>
			<HashName>v_ret_gc_ammo2</HashName>
			<InitialHandle>45654</InitialHandle>
			<ObjectProperties>
				<TextureVariation>0</TextureVariation>
			</ObjectProperties>
			<OpacityLevel>255</OpacityLevel>
			<LodDistance>16960</LodDistance>
			<IsVisible>true</IsVisible>
			<MaxHealth>1000</MaxHealth>
			<Health>1000</Health>
			<HasGravity>true</HasGravity>
			<IsOnFire>false</IsOnFire>
			<IsInvincible>false</IsInvincible>
			<IsBulletProof>false</IsBulletProof>
			<IsCollisionProof>false</IsCollisionProof>
			<IsExplosionProof>false</IsExplosionProof>
			<IsFireProof>false</IsFireProof>
			<IsMeleeProof>false</IsMeleeProof>
			<IsOnlyDamagedByPlayer>false</IsOnlyDamagedByPlayer>
			<PositionRotation>
				<X>-708.755676</X>
				<Y>-865.252075</Y>
				<Z>24.1942787</Z>
				<Pitch>-1.29751527</Pitch>
				<Roll>-4.79978228</Roll>
				<Yaw>-37.5705414</Yaw>
			</PositionRotation>
			<Attachment isAttached="true">
				<AttachedTo>212759</AttachedTo>
				<BoneIndex>0</BoneIndex>
				<X>0.518882632</X>
				<Y>-0.860394001</Y>
				<Z>0.58595109</Z>
				<Pitch>-1.34518445</Pitch>
				<Roll>-3.09943485</Roll>
				<Yaw>-39.6023636</Yaw>
			</Attachment>
		</Attachment>
		<Attachment>
			<ModelHash>0xef615237</ModelHash>
			<Type>3</Type>
			<Dynamic>false</Dynamic>
			<FrozenPos>true</FrozenPos>
			<HashName>v_ret_gc_ammo2</HashName>
			<InitialHandle>330841</InitialHandle>
			<ObjectProperties>
				<TextureVariation>0</TextureVariation>
			</ObjectProperties>
			<OpacityLevel>255</OpacityLevel>
			<LodDistance>16960</LodDistance>
			<IsVisible>true</IsVisible>
			<MaxHealth>1000</MaxHealth>
			<Health>1000</Health>
			<HasGravity>true</HasGravity>
			<IsOnFire>false</IsOnFire>
			<IsInvincible>false</IsInvincible>
			<IsBulletProof>false</IsBulletProof>
			<IsCollisionProof>false</IsCollisionProof>
			<IsExplosionProof>false</IsExplosionProof>
			<IsFireProof>false</IsFireProof>
			<IsMeleeProof>false</IsMeleeProof>
			<IsOnlyDamagedByPlayer>false</IsOnlyDamagedByPlayer>
			<PositionRotation>
				<X>-708.780945</X>
				<Y>-865.275513</Y>
				<Z>24.3640537</Z>
				<Pitch>0.94727397</Pitch>
				<Roll>-0.937452495</Roll>
				<Yaw>-37.0980301</Yaw>
			</PositionRotation>
			<Attachment isAttached="true">
				<AttachedTo>212759</AttachedTo>
				<BoneIndex>0</BoneIndex>
				<X>0.496769726</X>
				<Y>-0.885987878</Y>
				<Z>0.755849719</Z>
				<Pitch>0.912635446</Pitch>
				<Roll>0.762981951</Roll>
				<Yaw>-39.1966629</Yaw>
			</Attachment>
		</Attachment>
		<Attachment>
			<ModelHash>0xa2942448</ModelHash>
			<Type>3</Type>
			<Dynamic>false</Dynamic>
			<FrozenPos>true</FrozenPos>
			<HashName>prop_cs_magazine</HashName>
			<InitialHandle>562512</InitialHandle>
			<ObjectProperties>
				<TextureVariation>0</TextureVariation>
			</ObjectProperties>
			<OpacityLevel>255</OpacityLevel>
			<LodDistance>16960</LodDistance>
			<IsVisible>true</IsVisible>
			<MaxHealth>1000</MaxHealth>
			<Health>1000</Health>
			<HasGravity>true</HasGravity>
			<IsOnFire>false</IsOnFire>
			<IsInvincible>false</IsInvincible>
			<IsBulletProof>false</IsBulletProof>
			<IsCollisionProof>false</IsCollisionProof>
			<IsExplosionProof>false</IsExplosionProof>
			<IsFireProof>false</IsFireProof>
			<IsMeleeProof>false</IsMeleeProof>
			<IsOnlyDamagedByPlayer>false</IsOnlyDamagedByPlayer>
			<PositionRotation>
				<X>-709.229065</X>
				<Y>-866.399109</Y>
				<Z>24.1431217</Z>
				<Pitch>0.242733493</Pitch>
				<Roll>-0.80016309</Roll>
				<Yaw>-12.7392035</Yaw>
			</PositionRotation>
			<Attachment isAttached="true">
				<AttachedTo>212759</AttachedTo>
				<BoneIndex>0</BoneIndex>
				<X>0.003076219</X>
				<Y>-1.98853409</Y>
				<Z>0.526209176</Z>
				<Pitch>0.912635446</Pitch>
				<Roll>0.762981951</Roll>
				<Yaw>-14.8260021</Yaw>
			</Attachment>
		</Attachment>
		<Attachment>
			<ModelHash>0xa0680239</ModelHash>
			<Type>3</Type>
			<Dynamic>false</Dynamic>
			<FrozenPos>true</FrozenPos>
			<HashName>prop_porn_mag_01</HashName>
			<InitialHandle>365913</InitialHandle>
			<ObjectProperties>
				<TextureVariation>0</TextureVariation>
			</ObjectProperties>
			<OpacityLevel>255</OpacityLevel>
			<LodDistance>16960</LodDistance>
			<IsVisible>true</IsVisible>
			<MaxHealth>1000</MaxHealth>
			<Health>1000</Health>
			<HasGravity>true</HasGravity>
			<IsOnFire>false</IsOnFire>
			<IsInvincible>false</IsInvincible>
			<IsBulletProof>false</IsBulletProof>
			<IsCollisionProof>false</IsCollisionProof>
			<IsExplosionProof>false</IsExplosionProof>
			<IsFireProof>false</IsFireProof>
			<IsMeleeProof>false</IsMeleeProof>
			<IsOnlyDamagedByPlayer>false</IsOnlyDamagedByPlayer>
			<PositionRotation>
				<X>-709.501709</X>
				<Y>-866.603027</Y>
				<Z>24.1258659</Z>
				<Pitch>-0.700257838</Pitch>
				<Roll>0.223992035</Roll>
				<Yaw>35.5766754</Yaw>
			</PositionRotation>
			<Attachment isAttached="true">
				<AttachedTo>212759</AttachedTo>
				<BoneIndex>0</BoneIndex>
				<X>-0.277133822</X>
				<Y>-2.18221903</Y>
				<Z>0.511957526</Z>
				<Pitch>0.912635446</Pitch>
				<Roll>0.762981951</Roll>
				<Yaw>33.504631</Yaw>
			</Attachment>
		</Attachment>
		<Attachment>
			<ModelHash>0x902961bc</ModelHash>
			<Type>3</Type>
			<Dynamic>false</Dynamic>
			<FrozenPos>true</FrozenPos>
			<HashName>prop_porn_mag_02</HashName>
			<InitialHandle>336461</InitialHandle>
			<ObjectProperties>
				<TextureVariation>0</TextureVariation>
			</ObjectProperties>
			<OpacityLevel>255</OpacityLevel>
			<LodDistance>16960</LodDistance>
			<IsVisible>true</IsVisible>
			<MaxHealth>1000</MaxHealth>
			<Health>1000</Health>
			<HasGravity>true</HasGravity>
			<IsOnFire>false</IsOnFire>
			<IsInvincible>false</IsInvincible>
			<IsBulletProof>false</IsBulletProof>
			<IsCollisionProof>false</IsCollisionProof>
			<IsExplosionProof>false</IsExplosionProof>
			<IsFireProof>false</IsFireProof>
			<IsMeleeProof>false</IsMeleeProof>
			<IsOnlyDamagedByPlayer>false</IsOnlyDamagedByPlayer>
			<PositionRotation>
				<X>-709.318359</X>
				<Y>-867.05188</Y>
				<Z>24.1605015</Z>
				<Pitch>-0.365831435</Pitch>
				<Roll>-0.358409315</Roll>
				<Yaw>12.8015032</Yaw>
			</PositionRotation>
			<Attachment isAttached="true">
				<AttachedTo>212759</AttachedTo>
				<BoneIndex>0</BoneIndex>
				<X>-0.109455384</X>
				<Y>-2.63789248</Y>
				<Z>0.534355164</Z>
				<Pitch>0.912635446</Pitch>
				<Roll>0.762981951</Roll>
				<Yaw>10.7251129</Yaw>
			</Attachment>
		</Attachment>
		<Attachment>
			<ModelHash>0xc512cb8e</ModelHash>
			<Type>3</Type>
			<Dynamic>false</Dynamic>
			<FrozenPos>true</FrozenPos>
			<HashName>prop_porn_mag_03</HashName>
			<InitialHandle>353631</InitialHandle>
			<ObjectProperties>
				<TextureVariation>0</TextureVariation>
			</ObjectProperties>
			<OpacityLevel>255</OpacityLevel>
			<LodDistance>16960</LodDistance>
			<IsVisible>true</IsVisible>
			<MaxHealth>1000</MaxHealth>
			<Health>1000</Health>
			<HasGravity>true</HasGravity>
			<IsOnFire>false</IsOnFire>
			<IsInvincible>false</IsInvincible>
			<IsBulletProof>false</IsBulletProof>
			<IsCollisionProof>false</IsCollisionProof>
			<IsExplosionProof>false</IsExplosionProof>
			<IsFireProof>false</IsFireProof>
			<IsMeleeProof>false</IsMeleeProof>
			<IsOnlyDamagedByPlayer>false</IsOnlyDamagedByPlayer>
			<PositionRotation>
				<X>-709.161682</X>
				<Y>-866.681946</Y>
				<Z>24.1592064</Z>
				<Pitch>0.0747014284</Pitch>
				<Roll>-0.716877222</Roll>
				<Yaw>-6.41943455</Yaw>
			</PositionRotation>
			<Attachment isAttached="true">
				<AttachedTo>212759</AttachedTo>
				<BoneIndex>0</BoneIndex>
				<X>0.0604475252</X>
				<Y>-2.27387452</Y>
				<Z>0.535741746</Z>
				<Pitch>0.912635446</Pitch>
				<Roll>0.762981951</Roll>
				<Yaw>-8.50322342</Yaw>
			</Attachment>
		</Attachment>
		<Attachment>
			<ModelHash>0x5efd0e2f</ModelHash>
			<Type>3</Type>
			<Dynamic>false</Dynamic>
			<FrozenPos>true</FrozenPos>
			<HashName>prop_el_tapeplayer_01</HashName>
			<InitialHandle>555368</InitialHandle>
			<ObjectProperties>
				<TextureVariation>0</TextureVariation>
			</ObjectProperties>
			<OpacityLevel>255</OpacityLevel>
			<LodDistance>16960</LodDistance>
			<IsVisible>true</IsVisible>
			<MaxHealth>1000</MaxHealth>
			<Health>1000</Health>
			<HasGravity>true</HasGravity>
			<IsOnFire>false</IsOnFire>
			<IsInvincible>false</IsInvincible>
			<IsBulletProof>false</IsBulletProof>
			<IsCollisionProof>false</IsCollisionProof>
			<IsExplosionProof>false</IsExplosionProof>
			<IsFireProof>false</IsFireProof>
			<IsMeleeProof>false</IsMeleeProof>
			<IsOnlyDamagedByPlayer>false</IsOnlyDamagedByPlayer>
			<PositionRotation>
				<X>-709.642456</X>
				<Y>-867.09436</Y>
				<Z>24.2161865</Z>
				<Pitch>-0.595651507</Pitch>
				<Roll>1.5484916</Roll>
				<Yaw>81.5654144</Yaw>
			</PositionRotation>
			<Attachment isAttached="true">
				<AttachedTo>212759</AttachedTo>
				<BoneIndex>0</BoneIndex>
				<X>-0.433512539</X>
				<Y>-2.66970801</Y>
				<Z>0.597062111</Z>
				<Pitch>0.912635446</Pitch>
				<Roll>0.762981951</Roll>
				<Yaw>79.4965515</Yaw>
			</Attachment>
		</Attachment>
	</SpoonerAttachments>
</Vehicle>
