<?xml version="1.0" encoding="ISO-8859-1"?>
<Vehicle menyoo_ver="0.999876782b">
	<ModelHash>0x49863e9c</ModelHash>
	<InitialHandle>238339</InitialHandle>
	<VehicleProperties>
		<Colours>
			<Primary>12</Primary>
			<Secondary>12</Secondary>
			<Pearl>0</Pearl>
			<Rim>156</Rim>
			<Mod1_a>6</Mod1_a>
			<Mod1_b>-1</Mod1_b>
			<Mod1_c>-1</Mod1_c>
			<Mod2_a>6</Mod2_a>
			<Mod2_b>-1</Mod2_b>
			<IsPrimaryColourCustom>false</IsPrimaryColourCustom>
			<IsSecondaryColourCustom>false</IsSecondaryColourCustom>
			<tyreSmoke_R>255</tyreSmoke_R>
			<tyreSmoke_G>255</tyreSmoke_G>
			<tyreSmoke_B>255</tyreSmoke_B>
			<LrInterior>0</LrInterior>
			<LrDashboard>0</LrDashboard>
		</Colours>
		<Livery>7</Livery>
		<NumberPlateText>64GBB828</NumberPlateText>
		<NumberPlateIndex>0</NumberPlateIndex>
		<WheelType>3</WheelType>
		<WheelsInvisible>false</WheelsInvisible>
		<EngineSoundName></EngineSoundName>
		<WindowTint>-1</WindowTint>
		<BulletProofTyres>true</BulletProofTyres>
		<DirtLevel>0.543674946</DirtLevel>
		<PaintFade>0.298039228</PaintFade>
		<RoofState>0</RoofState>
		<SirenActive>false</SirenActive>
		<EngineOn>true</EngineOn>
		<EngineHealth>1000</EngineHealth>
		<LightsOn>false</LightsOn>
		<IsRadioLoud>0</IsRadioLoud>
		<LockStatus>1</LockStatus>
		<Neons>
			<Left>false</Left>
			<Right>false</Right>
			<Front>false</Front>
			<Back>false</Back>
			<R>255</R>
			<G>0</G>
			<B>255</B>
		</Neons>
		<ModExtras>
			<_1>false</_1>
			<_2>false</_2>
			<_3>false</_3>
		</ModExtras>
		<Mods>
			<_0>-1,0</_0>
			<_1>-1,0</_1>
			<_2>-1,0</_2>
			<_3>-1,0</_3>
			<_4>-1,0</_4>
			<_5>-1,0</_5>
			<_6>-1,0</_6>
			<_7>-1,0</_7>
			<_8>-1,0</_8>
			<_9>-1,0</_9>
			<_10>-1,0</_10>
			<_11>-1,0</_11>
			<_12>-1,0</_12>
			<_13>-1,0</_13>
			<_14>-1,0</_14>
			<_15>-1,0</_15>
			<_16>-1,0</_16>
			<_17>false</_17>
			<_18>false</_18>
			<_19>false</_19>
			<_20>false</_20>
			<_21>false</_21>
			<_22>false</_22>
			<_23>-1,0</_23>
			<_24>-1,0</_24>
			<_25>-1,0</_25>
			<_26>-1,0</_26>
			<_27>-1,0</_27>
			<_28>-1,0</_28>
			<_29>-1,0</_29>
			<_30>-1,0</_30>
			<_31>-1,0</_31>
			<_32>-1,0</_32>
			<_33>-1,0</_33>
			<_34>-1,0</_34>
			<_35>-1,0</_35>
			<_36>-1,0</_36>
			<_37>-1,0</_37>
			<_38>-1,0</_38>
			<_39>-1,0</_39>
			<_40>-1,0</_40>
			<_41>-1,0</_41>
			<_42>-1,0</_42>
			<_43>-1,0</_43>
			<_44>-1,0</_44>
			<_45>-1,0</_45>
			<_46>-1,0</_46>
			<_47>-1,0</_47>
			<_48>-1,0</_48>
		</Mods>
		<DoorsOpen>
			<BackLeftDoor>false</BackLeftDoor>
			<BackRightDoor>false</BackRightDoor>
			<FrontLeftDoor>false</FrontLeftDoor>
			<FrontRightDoor>false</FrontRightDoor>
			<Hood>false</Hood>
			<Trunk>false</Trunk>
			<Trunk2>false</Trunk2>
		</DoorsOpen>
		<DoorsBroken>
			<BackLeftDoor>false</BackLeftDoor>
			<BackRightDoor>false</BackRightDoor>
			<FrontLeftDoor>true</FrontLeftDoor>
			<FrontRightDoor>true</FrontRightDoor>
			<Hood>true</Hood>
			<Trunk>false</Trunk>
			<Trunk2>false</Trunk2>
		</DoorsBroken>
		<TyresBursted>
			<FrontLeft>false</FrontLeft>
			<FrontRight>false</FrontRight>
			<_2>false</_2>
			<_3>false</_3>
			<BackLeft>false</BackLeft>
			<BackRight>false</BackRight>
			<_6>false</_6>
			<_7>false</_7>
			<_8>false</_8>
		</TyresBursted>
		<RpmMultiplier>1</RpmMultiplier>
		<TorqueMultiplier>1</TorqueMultiplier>
		<HeadlightIntensity>1</HeadlightIntensity>
	</VehicleProperties>
	<OpacityLevel>255</OpacityLevel>
	<LodDistance>16960</LodDistance>
	<IsVisible>true</IsVisible>
	<IsDriverVisible>true</IsDriverVisible>
	<MaxHealth>1000</MaxHealth>
	<Health>1000</Health>
	<HasGravity>true</HasGravity>
	<IsOnFire>false</IsOnFire>
	<IsInvincible>false</IsInvincible>
	<IsBulletProof>false</IsBulletProof>
	<IsExplosionProof>false</IsExplosionProof>
	<IsFireProof>false</IsFireProof>
	<IsMeleeProof>false</IsMeleeProof>
	<IsOnlyDamagedByPlayer>false</IsOnlyDamagedByPlayer>
	<SpoonerAttachments SetAttachmentsPersistentAndAddToSpoonerDatabase="false" StartTaskSequencesOnLoad="true">
		<Attachment>
			<ModelHash>0x233dfd6a</ModelHash>
			<Type>3</Type>
			<Dynamic>false</Dynamic>
			<FrozenPos>true</FrozenPos>
			<HashName>prop_rub_carwreck_2</HashName>
			<InitialHandle>430084</InitialHandle>
			<ObjectProperties>
				<TextureVariation>0</TextureVariation>
			</ObjectProperties>
			<OpacityLevel>255</OpacityLevel>
			<LodDistance>16960</LodDistance>
			<IsVisible>true</IsVisible>
			<MaxHealth>1000</MaxHealth>
			<Health>1000</Health>
			<HasGravity>true</HasGravity>
			<IsOnFire>false</IsOnFire>
			<IsInvincible>false</IsInvincible>
			<IsBulletProof>false</IsBulletProof>
			<IsCollisionProof>false</IsCollisionProof>
			<IsExplosionProof>false</IsExplosionProof>
			<IsFireProof>false</IsFireProof>
			<IsMeleeProof>false</IsMeleeProof>
			<IsOnlyDamagedByPlayer>false</IsOnlyDamagedByPlayer>
			<PositionRotation>
				<X>1551.35168</X>
				<Y>3205.57324</Y>
				<Z>41.2241516</Z>
				<Pitch>-0.0386768952</Pitch>
				<Roll>0.00703430735</Roll>
				<Yaw>105.567841</Yaw>
			</PositionRotation>
			<Attachment isAttached="true">
				<AttachedTo>238339</AttachedTo>
				<BoneIndex>0</BoneIndex>
				<X>0.017771652</X>
				<Y>0.769215405</Y>
				<Z>0.708157241</Z>
				<Pitch>-0.0374697745</Pitch>
				<Roll>1.97835379e-05</Roll>
				<Yaw>178.350677</Yaw>
			</Attachment>
		</Attachment>
		<Attachment>
			<ModelHash>0xc972c9d5</ModelHash>
			<Type>3</Type>
			<Dynamic>false</Dynamic>
			<FrozenPos>true</FrozenPos>
			<HashName>prop_rub_carwreck_3</HashName>
			<InitialHandle>426501</InitialHandle>
			<ObjectProperties>
				<TextureVariation>0</TextureVariation>
			</ObjectProperties>
			<OpacityLevel>255</OpacityLevel>
			<LodDistance>16960</LodDistance>
			<IsVisible>true</IsVisible>
			<MaxHealth>1000</MaxHealth>
			<Health>1000</Health>
			<HasGravity>true</HasGravity>
			<IsOnFire>false</IsOnFire>
			<IsInvincible>false</IsInvincible>
			<IsBulletProof>false</IsBulletProof>
			<IsCollisionProof>false</IsCollisionProof>
			<IsExplosionProof>false</IsExplosionProof>
			<IsFireProof>false</IsFireProof>
			<IsMeleeProof>false</IsMeleeProof>
			<IsOnlyDamagedByPlayer>false</IsOnlyDamagedByPlayer>
			<PositionRotation>
				<X>1549.30933</X>
				<Y>3204.88916</Y>
				<Z>41.8739967</Z>
				<Pitch>-0.0364112929</Pitch>
				<Roll>-0.00701815821</Roll>
				<Yaw>-73.2364502</Yaw>
			</PositionRotation>
			<Attachment isAttached="true">
				<AttachedTo>238339</AttachedTo>
				<BoneIndex>0</BoneIndex>
				<X>0.0667515174</X>
				<Y>-1.3841362</Y>
				<Z>1.35803413</Z>
				<Pitch>-0.0374717712</Pitch>
				<Roll>2.00271606e-05</Roll>
				<Yaw>-0.453622371</Yaw>
			</Attachment>
		</Attachment>
		<Attachment>
			<ModelHash>0x7125b4ce</ModelHash>
			<Type>3</Type>
			<Dynamic>false</Dynamic>
			<FrozenPos>true</FrozenPos>
			<HashName>prop_rub_carwreck_10</HashName>
			<InitialHandle>157704</InitialHandle>
			<ObjectProperties>
				<TextureVariation>0</TextureVariation>
			</ObjectProperties>
			<OpacityLevel>255</OpacityLevel>
			<LodDistance>16960</LodDistance>
			<IsVisible>true</IsVisible>
			<MaxHealth>1000</MaxHealth>
			<Health>1000</Health>
			<HasGravity>true</HasGravity>
			<IsOnFire>false</IsOnFire>
			<IsInvincible>false</IsInvincible>
			<IsBulletProof>false</IsBulletProof>
			<IsCollisionProof>false</IsCollisionProof>
			<IsExplosionProof>false</IsExplosionProof>
			<IsFireProof>false</IsFireProof>
			<IsMeleeProof>false</IsMeleeProof>
			<IsOnlyDamagedByPlayer>false</IsOnlyDamagedByPlayer>
			<PositionRotation>
				<X>1549.78052</X>
				<Y>3205.06079</Y>
				<Z>41.6184464</Z>
				<Pitch>-8.03641033</Pitch>
				<Roll>179.993057</Roll>
				<Yaw>-73.2174759</Yaw>
			</PositionRotation>
			<Attachment isAttached="true">
				<AttachedTo>238339</AttachedTo>
				<BoneIndex>0</BoneIndex>
				<X>0.0422817692</X>
				<Y>-0.883194208</Y>
				<Z>1.10247767</Z>
				<Pitch>-8.03746891</Pitch>
				<Roll>-179.999832</Roll>
				<Yaw>-0.433654785</Yaw>
			</Attachment>
		</Attachment>
		<Attachment>
			<ModelHash>0x233dfd6a</ModelHash>
			<Type>3</Type>
			<Dynamic>false</Dynamic>
			<FrozenPos>true</FrozenPos>
			<HashName>prop_rub_carwreck_2</HashName>
			<InitialHandle>58377</InitialHandle>
			<ObjectProperties>
				<TextureVariation>0</TextureVariation>
			</ObjectProperties>
			<OpacityLevel>255</OpacityLevel>
			<LodDistance>16960</LodDistance>
			<IsVisible>true</IsVisible>
			<MaxHealth>1000</MaxHealth>
			<Health>1000</Health>
			<HasGravity>true</HasGravity>
			<IsOnFire>false</IsOnFire>
			<IsInvincible>false</IsInvincible>
			<IsBulletProof>false</IsBulletProof>
			<IsCollisionProof>false</IsCollisionProof>
			<IsExplosionProof>false</IsExplosionProof>
			<IsFireProof>false</IsFireProof>
			<IsMeleeProof>false</IsMeleeProof>
			<IsOnlyDamagedByPlayer>false</IsOnlyDamagedByPlayer>
			<PositionRotation>
				<X>1550.88672</X>
				<Y>3206.43457</Y>
				<Z>41.1888695</Z>
				<Pitch>-0.0385909975</Pitch>
				<Roll>-15.9929466</Roll>
				<Yaw>106.247505</Yaw>
			</PositionRotation>
			<Attachment isAttached="true">
				<AttachedTo>238339</AttachedTo>
				<BoneIndex>0</BoneIndex>
				<X>-0.94257009</X>
				<Y>0.580038667</Y>
				<Z>0.672996402</Z>
				<Pitch>-0.0374698043</Pitch>
				<Roll>-15.99998</Roll>
				<Yaw>179.030334</Yaw>
			</Attachment>
		</Attachment>
		<Attachment>
			<ModelHash>0x233dfd6a</ModelHash>
			<Type>3</Type>
			<Dynamic>false</Dynamic>
			<FrozenPos>true</FrozenPos>
			<HashName>prop_rub_carwreck_2</HashName>
			<InitialHandle>136201</InitialHandle>
			<ObjectProperties>
				<TextureVariation>0</TextureVariation>
			</ObjectProperties>
			<OpacityLevel>255</OpacityLevel>
			<LodDistance>16960</LodDistance>
			<IsVisible>true</IsVisible>
			<MaxHealth>1000</MaxHealth>
			<Health>1000</Health>
			<HasGravity>true</HasGravity>
			<IsOnFire>false</IsOnFire>
			<IsInvincible>false</IsInvincible>
			<IsBulletProof>false</IsBulletProof>
			<IsCollisionProof>false</IsCollisionProof>
			<IsExplosionProof>false</IsExplosionProof>
			<IsFireProof>false</IsFireProof>
			<IsMeleeProof>false</IsMeleeProof>
			<IsOnlyDamagedByPlayer>false</IsOnlyDamagedByPlayer>
			<PositionRotation>
				<X>1551.50427</X>
				<Y>3204.72046</Y>
				<Z>41.253952</Z>
				<Pitch>-0.0387186371</Pitch>
				<Roll>13.0070257</Roll>
				<Yaw>105.24749</Yaw>
			</PositionRotation>
			<Attachment isAttached="true">
				<AttachedTo>238339</AttachedTo>
				<BoneIndex>0</BoneIndex>
				<X>0.87753737</X>
				<Y>0.662532568</Y>
				<Z>0.737851977</Z>
				<Pitch>-0.0374698043</Pitch>
				<Roll>13.0000191</Roll>
				<Yaw>178.030334</Yaw>
			</Attachment>
		</Attachment>
		<Attachment>
			<ModelHash>0xae8d2fa8</ModelHash>
			<Type>3</Type>
			<Dynamic>false</Dynamic>
			<FrozenPos>true</FrozenPos>
			<HashName>prop_rub_carwreck_15</HashName>
			<InitialHandle>553997</InitialHandle>
			<ObjectProperties>
				<TextureVariation>0</TextureVariation>
			</ObjectProperties>
			<OpacityLevel>255</OpacityLevel>
			<LodDistance>16960</LodDistance>
			<IsVisible>true</IsVisible>
			<MaxHealth>1000</MaxHealth>
			<Health>1000</Health>
			<HasGravity>true</HasGravity>
			<IsOnFire>false</IsOnFire>
			<IsInvincible>false</IsInvincible>
			<IsBulletProof>false</IsBulletProof>
			<IsCollisionProof>false</IsCollisionProof>
			<IsExplosionProof>false</IsExplosionProof>
			<IsFireProof>false</IsFireProof>
			<IsMeleeProof>false</IsMeleeProof>
			<IsOnlyDamagedByPlayer>false</IsOnlyDamagedByPlayer>
			<PositionRotation>
				<X>1551.91345</X>
				<Y>3205.79614</Y>
				<Z>41.5488434</Z>
				<Pitch>-0.0363943577</Pitch>
				<Roll>179.993134</Roll>
				<Yaw>-73.3598022</Yaw>
			</PositionRotation>
			<Attachment isAttached="true">
				<AttachedTo>238339</AttachedTo>
				<BoneIndex>0</BoneIndex>
				<X>-0.0288279504</X>
				<Y>1.37176692</Y>
				<Z>1.03284216</Z>
				<Pitch>-0.0374699868</Pitch>
				<Roll>-179.999817</Roll>
				<Yaw>-0.576965332</Yaw>
			</Attachment>
		</Attachment>
		<Attachment>
			<ModelHash>0x9970602c</ModelHash>
			<Type>3</Type>
			<Dynamic>false</Dynamic>
			<FrozenPos>true</FrozenPos>
			<HashName>prop_bumper_02</HashName>
			<InitialHandle>429838</InitialHandle>
			<ObjectProperties>
				<TextureVariation>0</TextureVariation>
			</ObjectProperties>
			<OpacityLevel>255</OpacityLevel>
			<LodDistance>16960</LodDistance>
			<IsVisible>true</IsVisible>
			<MaxHealth>1000</MaxHealth>
			<Health>1000</Health>
			<HasGravity>true</HasGravity>
			<IsOnFire>false</IsOnFire>
			<IsInvincible>false</IsInvincible>
			<IsBulletProof>false</IsBulletProof>
			<IsCollisionProof>false</IsCollisionProof>
			<IsExplosionProof>false</IsExplosionProof>
			<IsFireProof>false</IsFireProof>
			<IsMeleeProof>false</IsMeleeProof>
			<IsOnlyDamagedByPlayer>false</IsOnlyDamagedByPlayer>
			<PositionRotation>
				<X>1553.98132</X>
				<Y>3206.40747</Y>
				<Z>41.2756081</Z>
				<Pitch>-0.0387577005</Pitch>
				<Roll>0.00701992074</Roll>
				<Yaw>104.907127</Yaw>
			</PositionRotation>
			<Attachment isAttached="true">
				<AttachedTo>238339</AttachedTo>
				<BoneIndex>0</BoneIndex>
				<X>-0.000514184649</X>
				<Y>3.52790499</Y>
				<Z>0.759568214</Z>
				<Pitch>-0.0374697745</Pitch>
				<Roll>1.97835379e-05</Roll>
				<Yaw>177.689972</Yaw>
			</Attachment>
		</Attachment>
		<Attachment>
			<ModelHash>0x9970602c</ModelHash>
			<Type>3</Type>
			<Dynamic>false</Dynamic>
			<FrozenPos>true</FrozenPos>
			<HashName>prop_bumper_02</HashName>
			<InitialHandle>508686</InitialHandle>
			<ObjectProperties>
				<TextureVariation>0</TextureVariation>
			</ObjectProperties>
			<OpacityLevel>255</OpacityLevel>
			<LodDistance>16960</LodDistance>
			<IsVisible>true</IsVisible>
			<MaxHealth>1000</MaxHealth>
			<Health>1000</Health>
			<HasGravity>true</HasGravity>
			<IsOnFire>false</IsOnFire>
			<IsInvincible>false</IsInvincible>
			<IsBulletProof>false</IsBulletProof>
			<IsCollisionProof>false</IsCollisionProof>
			<IsExplosionProof>false</IsExplosionProof>
			<IsFireProof>false</IsFireProof>
			<IsMeleeProof>false</IsMeleeProof>
			<IsOnlyDamagedByPlayer>false</IsOnlyDamagedByPlayer>
			<PositionRotation>
				<X>1553.99719</X>
				<Y>3206.40552</Y>
				<Z>41.1512642</Z>
				<Pitch>-0.0387365371</Pitch>
				<Roll>0.00702378293</Roll>
				<Yaw>105.080322</Yaw>
			</PositionRotation>
			<Attachment isAttached="true">
				<AttachedTo>238339</AttachedTo>
				<BoneIndex>0</BoneIndex>
				<X>0.00591455074</X>
				<Y>3.54249763</Y>
				<Z>0.635222375</Z>
				<Pitch>-0.0374697745</Pitch>
				<Roll>1.97835379e-05</Roll>
				<Yaw>177.863159</Yaw>
			</Attachment>
		</Attachment>
		<Attachment>
			<ModelHash>0x9970602c</ModelHash>
			<Type>3</Type>
			<Dynamic>false</Dynamic>
			<FrozenPos>true</FrozenPos>
			<HashName>prop_bumper_02</HashName>
			<InitialHandle>688398</InitialHandle>
			<ObjectProperties>
				<TextureVariation>0</TextureVariation>
			</ObjectProperties>
			<OpacityLevel>255</OpacityLevel>
			<LodDistance>16960</LodDistance>
			<IsVisible>true</IsVisible>
			<MaxHealth>1000</MaxHealth>
			<Health>1000</Health>
			<HasGravity>true</HasGravity>
			<IsOnFire>false</IsOnFire>
			<IsInvincible>false</IsInvincible>
			<IsBulletProof>false</IsBulletProof>
			<IsCollisionProof>false</IsCollisionProof>
			<IsExplosionProof>false</IsExplosionProof>
			<IsFireProof>false</IsFireProof>
			<IsMeleeProof>false</IsMeleeProof>
			<IsOnlyDamagedByPlayer>false</IsOnlyDamagedByPlayer>
			<PositionRotation>
				<X>1554.04041</X>
				<Y>3206.44678</Y>
				<Z>41.0624771</Z>
				<Pitch>-0.038588088</Pitch>
				<Roll>0.00704901339</Roll>
				<Yaw>106.292488</Yaw>
			</PositionRotation>
			<Attachment isAttached="true">
				<AttachedTo>238339</AttachedTo>
				<BoneIndex>0</BoneIndex>
				<X>-0.0207472332</X>
				<Y>3.59597778</Y>
				<Z>0.546435714</Z>
				<Pitch>-0.0374697745</Pitch>
				<Roll>1.97835379e-05</Roll>
				<Yaw>179.075317</Yaw>
			</Attachment>
		</Attachment>
		<Attachment>
			<ModelHash>0x9970602c</ModelHash>
			<Type>3</Type>
			<Dynamic>false</Dynamic>
			<FrozenPos>true</FrozenPos>
			<HashName>prop_bumper_02</HashName>
			<InitialHandle>721934</InitialHandle>
			<ObjectProperties>
				<TextureVariation>0</TextureVariation>
			</ObjectProperties>
			<OpacityLevel>255</OpacityLevel>
			<LodDistance>16960</LodDistance>
			<IsVisible>true</IsVisible>
			<MaxHealth>1000</MaxHealth>
			<Health>1000</Health>
			<HasGravity>true</HasGravity>
			<IsOnFire>false</IsOnFire>
			<IsInvincible>false</IsInvincible>
			<IsBulletProof>false</IsBulletProof>
			<IsCollisionProof>false</IsCollisionProof>
			<IsExplosionProof>false</IsExplosionProof>
			<IsFireProof>false</IsFireProof>
			<IsMeleeProof>false</IsMeleeProof>
			<IsOnlyDamagedByPlayer>false</IsOnlyDamagedByPlayer>
			<PositionRotation>
				<X>1554.0564</X>
				<Y>3206.46069</Y>
				<Z>40.9601212</Z>
				<Pitch>-0.0386093333</Pitch>
				<Roll>0.00704560056</Roll>
				<Yaw>106.119247</Yaw>
			</PositionRotation>
			<Attachment isAttached="true">
				<AttachedTo>238339</AttachedTo>
				<BoneIndex>0</BoneIndex>
				<X>-0.0293664578</X>
				<Y>3.61543083</Y>
				<Z>0.444083393</Z>
				<Pitch>-0.0374697745</Pitch>
				<Roll>1.97835379e-05</Roll>
				<Yaw>178.902084</Yaw>
			</Attachment>
		</Attachment>
		<Attachment>
			<ModelHash>0x9970602c</ModelHash>
			<Type>3</Type>
			<Dynamic>false</Dynamic>
			<FrozenPos>true</FrozenPos>
			<HashName>prop_bumper_02</HashName>
			<InitialHandle>432398</InitialHandle>
			<ObjectProperties>
				<TextureVariation>0</TextureVariation>
			</ObjectProperties>
			<OpacityLevel>255</OpacityLevel>
			<LodDistance>16960</LodDistance>
			<IsVisible>true</IsVisible>
			<MaxHealth>1000</MaxHealth>
			<Health>1000</Health>
			<HasGravity>true</HasGravity>
			<IsOnFire>false</IsOnFire>
			<IsInvincible>false</IsInvincible>
			<IsBulletProof>false</IsBulletProof>
			<IsCollisionProof>false</IsCollisionProof>
			<IsExplosionProof>false</IsExplosionProof>
			<IsFireProof>false</IsFireProof>
			<IsMeleeProof>false</IsMeleeProof>
			<IsOnlyDamagedByPlayer>false</IsOnlyDamagedByPlayer>
			<PositionRotation>
				<X>1553.98804</X>
				<Y>3206.44336</Y>
				<Z>40.8634872</Z>
				<Pitch>-0.0386093333</Pitch>
				<Roll>0.00704560056</Roll>
				<Yaw>106.119247</Yaw>
			</PositionRotation>
			<Attachment isAttached="true">
				<AttachedTo>238339</AttachedTo>
				<BoneIndex>0</BoneIndex>
				<X>-0.0328513384</X>
				<Y>3.54498053</Y>
				<Z>0.347450286</Z>
				<Pitch>-0.0374697745</Pitch>
				<Roll>1.97835379e-05</Roll>
				<Yaw>178.902084</Yaw>
			</Attachment>
		</Attachment>
		<Attachment>
			<ModelHash>0x9970602c</ModelHash>
			<Type>3</Type>
			<Dynamic>false</Dynamic>
			<FrozenPos>true</FrozenPos>
			<HashName>prop_bumper_02</HashName>
			<InitialHandle>598542</InitialHandle>
			<ObjectProperties>
				<TextureVariation>0</TextureVariation>
			</ObjectProperties>
			<OpacityLevel>255</OpacityLevel>
			<LodDistance>16960</LodDistance>
			<IsVisible>true</IsVisible>
			<MaxHealth>1000</MaxHealth>
			<Health>1000</Health>
			<HasGravity>true</HasGravity>
			<IsOnFire>false</IsOnFire>
			<IsInvincible>false</IsInvincible>
			<IsBulletProof>false</IsBulletProof>
			<IsCollisionProof>false</IsCollisionProof>
			<IsExplosionProof>false</IsExplosionProof>
			<IsFireProof>false</IsFireProof>
			<IsMeleeProof>false</IsMeleeProof>
			<IsOnlyDamagedByPlayer>false</IsOnlyDamagedByPlayer>
			<PositionRotation>
				<X>1553.76477</X>
				<Y>3206.34277</Y>
				<Z>41.5212669</Z>
				<Pitch>-0.038905669</Pitch>
				<Roll>0.00699107489</Roll>
				<Yaw>103.693573</Yaw>
			</PositionRotation>
			<Attachment isAttached="true">
				<AttachedTo>238339</AttachedTo>
				<BoneIndex>0</BoneIndex>
				<X>-0.00299502397</X>
				<Y>3.3019619</Y>
				<Z>1.00522983</Z>
				<Pitch>-0.0374697745</Pitch>
				<Roll>1.97835379e-05</Roll>
				<Yaw>176.47641</Yaw>
			</Attachment>
		</Attachment>
		<Attachment>
			<ModelHash>0x9970602c</ModelHash>
			<Type>3</Type>
			<Dynamic>false</Dynamic>
			<FrozenPos>true</FrozenPos>
			<HashName>prop_bumper_02</HashName>
			<InitialHandle>4879</InitialHandle>
			<ObjectProperties>
				<TextureVariation>0</TextureVariation>
			</ObjectProperties>
			<OpacityLevel>255</OpacityLevel>
			<LodDistance>16960</LodDistance>
			<IsVisible>true</IsVisible>
			<MaxHealth>1000</MaxHealth>
			<Health>1000</Health>
			<HasGravity>true</HasGravity>
			<IsOnFire>false</IsOnFire>
			<IsInvincible>false</IsInvincible>
			<IsBulletProof>false</IsBulletProof>
			<IsCollisionProof>false</IsCollisionProof>
			<IsExplosionProof>false</IsExplosionProof>
			<IsFireProof>false</IsFireProof>
			<IsMeleeProof>false</IsMeleeProof>
			<IsOnlyDamagedByPlayer>false</IsOnlyDamagedByPlayer>
			<PositionRotation>
				<X>1553.67126</X>
				<Y>3206.31982</Y>
				<Z>41.6864777</Z>
				<Pitch>-0.038905669</Pitch>
				<Roll>0.00699107489</Roll>
				<Yaw>103.693573</Yaw>
			</PositionRotation>
			<Attachment isAttached="true">
				<AttachedTo>238339</AttachedTo>
				<BoneIndex>0</BoneIndex>
				<X>-0.00861151237</X>
				<Y>3.2058568</Y>
				<Z>1.17044246</Z>
				<Pitch>-0.0374697745</Pitch>
				<Roll>1.97835379e-05</Roll>
				<Yaw>176.47641</Yaw>
			</Attachment>
		</Attachment>
		<Attachment>
			<ModelHash>0x9970602c</ModelHash>
			<Type>3</Type>
			<Dynamic>false</Dynamic>
			<FrozenPos>true</FrozenPos>
			<HashName>prop_bumper_02</HashName>
			<InitialHandle>99087</InitialHandle>
			<ObjectProperties>
				<TextureVariation>0</TextureVariation>
			</ObjectProperties>
			<OpacityLevel>255</OpacityLevel>
			<LodDistance>16960</LodDistance>
			<IsVisible>true</IsVisible>
			<MaxHealth>1000</MaxHealth>
			<Health>1000</Health>
			<HasGravity>true</HasGravity>
			<IsOnFire>false</IsOnFire>
			<IsInvincible>false</IsInvincible>
			<IsBulletProof>false</IsBulletProof>
			<IsCollisionProof>false</IsCollisionProof>
			<IsExplosionProof>false</IsExplosionProof>
			<IsFireProof>false</IsFireProof>
			<IsMeleeProof>false</IsMeleeProof>
			<IsOnlyDamagedByPlayer>false</IsOnlyDamagedByPlayer>
			<PositionRotation>
				<X>1553.49097</X>
				<Y>3206.2876</Y>
				<Z>41.84869</Z>
				<Pitch>-0.0389267355</Pitch>
				<Roll>0.0069867014</Roll>
				<Yaw>103.520348</Yaw>
			</PositionRotation>
			<Attachment isAttached="true">
				<AttachedTo>238339</AttachedTo>
				<BoneIndex>0</BoneIndex>
				<X>-0.0310766269</X>
				<Y>3.02406716</Y>
				<Z>1.33265936</Z>
				<Pitch>-0.0374697745</Pitch>
				<Roll>1.97835379e-05</Roll>
				<Yaw>176.303177</Yaw>
			</Attachment>
		</Attachment>
		<Attachment>
			<ModelHash>0x9970602c</ModelHash>
			<Type>3</Type>
			<Dynamic>false</Dynamic>
			<FrozenPos>true</FrozenPos>
			<HashName>prop_bumper_02</HashName>
			<InitialHandle>585230</InitialHandle>
			<ObjectProperties>
				<TextureVariation>0</TextureVariation>
			</ObjectProperties>
			<OpacityLevel>255</OpacityLevel>
			<LodDistance>16960</LodDistance>
			<IsVisible>true</IsVisible>
			<MaxHealth>1000</MaxHealth>
			<Health>1000</Health>
			<HasGravity>true</HasGravity>
			<IsOnFire>false</IsOnFire>
			<IsInvincible>false</IsInvincible>
			<IsBulletProof>false</IsBulletProof>
			<IsCollisionProof>false</IsCollisionProof>
			<IsExplosionProof>false</IsExplosionProof>
			<IsFireProof>false</IsFireProof>
			<IsMeleeProof>false</IsMeleeProof>
			<IsOnlyDamagedByPlayer>false</IsOnlyDamagedByPlayer>
			<PositionRotation>
				<X>1547.64038</X>
				<Y>3204.5</Y>
				<Z>41.0705566</Z>
				<Pitch>-0.0361797959</Pitch>
				<Roll>-0.00697997538</Roll>
				<Yaw>-75.1096344</Yaw>
			</PositionRotation>
			<Attachment isAttached="true">
				<AttachedTo>238339</AttachedTo>
				<BoneIndex>0</BoneIndex>
				<X>-0.0556032546</X>
				<Y>-3.09348106</Y>
				<Z>0.55463928</Z>
				<Pitch>-0.0374697745</Pitch>
				<Roll>1.97835379e-05</Roll>
				<Yaw>-2.32680511</Yaw>
			</Attachment>
		</Attachment>
		<Attachment>
			<ModelHash>0x9970602c</ModelHash>
			<Type>3</Type>
			<Dynamic>false</Dynamic>
			<FrozenPos>true</FrozenPos>
			<HashName>prop_bumper_02</HashName>
			<InitialHandle>54031</InitialHandle>
			<ObjectProperties>
				<TextureVariation>0</TextureVariation>
			</ObjectProperties>
			<OpacityLevel>255</OpacityLevel>
			<LodDistance>16960</LodDistance>
			<IsVisible>true</IsVisible>
			<MaxHealth>1000</MaxHealth>
			<Health>1000</Health>
			<HasGravity>true</HasGravity>
			<IsOnFire>false</IsOnFire>
			<IsInvincible>false</IsInvincible>
			<IsBulletProof>false</IsBulletProof>
			<IsCollisionProof>false</IsCollisionProof>
			<IsExplosionProof>false</IsExplosionProof>
			<IsFireProof>false</IsFireProof>
			<IsMeleeProof>false</IsMeleeProof>
			<IsOnlyDamagedByPlayer>false</IsOnlyDamagedByPlayer>
			<PositionRotation>
				<X>1547.66138</X>
				<Y>3204.51904</Y>
				<Z>41.2518845</Z>
				<Pitch>-0.0362221412</Pitch>
				<Roll>-0.00698764762</Roll>
				<Yaw>-74.7631531</Yaw>
			</PositionRotation>
			<Attachment isAttached="true">
				<AttachedTo>238339</AttachedTo>
				<BoneIndex>0</BoneIndex>
				<X>-0.0674164146</X>
				<Y>-3.06782699</Y>
				<Z>0.735965669</Z>
				<Pitch>-0.0374697745</Pitch>
				<Roll>1.97835379e-05</Roll>
				<Yaw>-1.98032379</Yaw>
			</Attachment>
		</Attachment>
		<Attachment>
			<ModelHash>0x9970602c</ModelHash>
			<Type>3</Type>
			<Dynamic>false</Dynamic>
			<FrozenPos>true</FrozenPos>
			<HashName>prop_bumper_02</HashName>
			<InitialHandle>396303</InitialHandle>
			<ObjectProperties>
				<TextureVariation>0</TextureVariation>
			</ObjectProperties>
			<OpacityLevel>255</OpacityLevel>
			<LodDistance>16960</LodDistance>
			<IsVisible>true</IsVisible>
			<MaxHealth>1000</MaxHealth>
			<Health>1000</Health>
			<HasGravity>true</HasGravity>
			<IsOnFire>false</IsOnFire>
			<IsInvincible>false</IsInvincible>
			<IsBulletProof>false</IsBulletProof>
			<IsCollisionProof>false</IsCollisionProof>
			<IsExplosionProof>false</IsExplosionProof>
			<IsFireProof>false</IsFireProof>
			<IsMeleeProof>false</IsMeleeProof>
			<IsOnlyDamagedByPlayer>false</IsOnlyDamagedByPlayer>
			<PositionRotation>
				<X>1547.61462</X>
				<Y>3204.51221</Y>
				<Z>41.4909477</Z>
				<Pitch>-0.0362433381</Pitch>
				<Roll>-0.00699139014</Roll>
				<Yaw>-74.5899048</Yaw>
			</PositionRotation>
			<Attachment isAttached="true">
				<AttachedTo>238339</AttachedTo>
				<BoneIndex>0</BoneIndex>
				<X>-0.0747894868</X>
				<Y>-3.11442399</Y>
				<Z>0.975032747</Z>
				<Pitch>-0.0374697745</Pitch>
				<Roll>1.97835379e-05</Roll>
				<Yaw>-1.8070755</Yaw>
			</Attachment>
		</Attachment>
		<Attachment>
			<ModelHash>0x9970602c</ModelHash>
			<Type>3</Type>
			<Dynamic>false</Dynamic>
			<FrozenPos>true</FrozenPos>
			<HashName>prop_bumper_02</HashName>
			<InitialHandle>434191</InitialHandle>
			<ObjectProperties>
				<TextureVariation>0</TextureVariation>
			</ObjectProperties>
			<OpacityLevel>255</OpacityLevel>
			<LodDistance>16960</LodDistance>
			<IsVisible>true</IsVisible>
			<MaxHealth>1000</MaxHealth>
			<Health>1000</Health>
			<HasGravity>true</HasGravity>
			<IsOnFire>false</IsOnFire>
			<IsInvincible>false</IsInvincible>
			<IsBulletProof>false</IsBulletProof>
			<IsCollisionProof>false</IsCollisionProof>
			<IsExplosionProof>false</IsExplosionProof>
			<IsFireProof>false</IsFireProof>
			<IsMeleeProof>false</IsMeleeProof>
			<IsOnlyDamagedByPlayer>false</IsOnlyDamagedByPlayer>
			<PositionRotation>
				<X>1547.68665</X>
				<Y>3204.53223</Y>
				<Z>41.7019463</Z>
				<Pitch>-0.0362433456</Pitch>
				<Roll>-0.00699139014</Roll>
				<Yaw>-74.5898438</Yaw>
			</PositionRotation>
			<Attachment isAttached="true">
				<AttachedTo>238339</AttachedTo>
				<BoneIndex>0</BoneIndex>
				<X>-0.0724956468</X>
				<Y>-3.03971314</Y>
				<Z>1.18602824</Z>
				<Pitch>-0.0374697745</Pitch>
				<Roll>1.97835379e-05</Roll>
				<Yaw>-1.80701447</Yaw>
			</Attachment>
		</Attachment>
		<Attachment>
			<ModelHash>0x9970602c</ModelHash>
			<Type>3</Type>
			<Dynamic>false</Dynamic>
			<FrozenPos>true</FrozenPos>
			<HashName>prop_bumper_02</HashName>
			<InitialHandle>399887</InitialHandle>
			<ObjectProperties>
				<TextureVariation>0</TextureVariation>
			</ObjectProperties>
			<OpacityLevel>255</OpacityLevel>
			<LodDistance>16960</LodDistance>
			<IsVisible>true</IsVisible>
			<MaxHealth>1000</MaxHealth>
			<Health>1000</Health>
			<HasGravity>true</HasGravity>
			<IsOnFire>false</IsOnFire>
			<IsInvincible>false</IsInvincible>
			<IsBulletProof>false</IsBulletProof>
			<IsCollisionProof>false</IsCollisionProof>
			<IsExplosionProof>false</IsExplosionProof>
			<IsFireProof>false</IsFireProof>
			<IsMeleeProof>false</IsMeleeProof>
			<IsOnlyDamagedByPlayer>false</IsOnlyDamagedByPlayer>
			<PositionRotation>
				<X>1547.70044</X>
				<Y>3204.53638</Y>
				<Z>41.900116</Z>
				<Pitch>-0.0362433456</Pitch>
				<Roll>-0.00699139014</Roll>
				<Yaw>-74.5898438</Yaw>
			</PositionRotation>
			<Attachment isAttached="true">
				<AttachedTo>238339</AttachedTo>
				<BoneIndex>0</BoneIndex>
				<X>-0.0722696781</X>
				<Y>-3.02531362</Y>
				<Z>1.38419628</Z>
				<Pitch>-0.0374697745</Pitch>
				<Roll>1.97835379e-05</Roll>
				<Yaw>-1.80701447</Yaw>
			</Attachment>
		</Attachment>
		<Attachment>
			<ModelHash>0x9970602c</ModelHash>
			<Type>3</Type>
			<Dynamic>false</Dynamic>
			<FrozenPos>true</FrozenPos>
			<HashName>prop_bumper_02</HashName>
			<InitialHandle>556559</InitialHandle>
			<ObjectProperties>
				<TextureVariation>0</TextureVariation>
			</ObjectProperties>
			<OpacityLevel>255</OpacityLevel>
			<LodDistance>16960</LodDistance>
			<IsVisible>true</IsVisible>
			<MaxHealth>1000</MaxHealth>
			<Health>1000</Health>
			<HasGravity>true</HasGravity>
			<IsOnFire>false</IsOnFire>
			<IsInvincible>false</IsInvincible>
			<IsBulletProof>false</IsBulletProof>
			<IsCollisionProof>false</IsCollisionProof>
			<IsExplosionProof>false</IsExplosionProof>
			<IsFireProof>false</IsFireProof>
			<IsMeleeProof>false</IsMeleeProof>
			<IsOnlyDamagedByPlayer>false</IsOnlyDamagedByPlayer>
			<PositionRotation>
				<X>1547.55798</X>
				<Y>3204.49683</Y>
				<Z>41.9973564</Z>
				<Pitch>-0.0363920145</Pitch>
				<Roll>-0.00701577775</Roll>
				<Yaw>-73.3770752</Yaw>
			</PositionRotation>
			<Attachment isAttached="true">
				<AttachedTo>238339</AttachedTo>
				<BoneIndex>0</BoneIndex>
				<X>-0.0767601952</X>
				<Y>-3.17315483</Y>
				<Z>1.48144186</Z>
				<Pitch>-0.0374697745</Pitch>
				<Roll>1.97835379e-05</Roll>
				<Yaw>-0.594245911</Yaw>
			</Attachment>
		</Attachment>
		<Attachment>
			<ModelHash>0x8c9fc63c</ModelHash>
			<Type>3</Type>
			<Dynamic>false</Dynamic>
			<FrozenPos>true</FrozenPos>
			<HashName>prop_barrel_exp_01c</HashName>
			<InitialHandle>247314</InitialHandle>
			<ObjectProperties>
				<TextureVariation>0</TextureVariation>
			</ObjectProperties>
			<OpacityLevel>255</OpacityLevel>
			<LodDistance>16960</LodDistance>
			<IsVisible>true</IsVisible>
			<MaxHealth>1000</MaxHealth>
			<Health>1000</Health>
			<HasGravity>true</HasGravity>
			<IsOnFire>false</IsOnFire>
			<IsInvincible>false</IsInvincible>
			<IsBulletProof>false</IsBulletProof>
			<IsCollisionProof>false</IsCollisionProof>
			<IsExplosionProof>false</IsExplosionProof>
			<IsFireProof>false</IsFireProof>
			<IsMeleeProof>false</IsMeleeProof>
			<IsOnlyDamagedByPlayer>false</IsOnlyDamagedByPlayer>
			<PositionRotation>
				<X>1548.49414</X>
				<Y>3205.07471</Y>
				<Z>42.4116478</Z>
				<Pitch>-0.0303971414</Pitch>
				<Roll>-89.9990845</Roll>
				<Yaw>-161.299683</Yaw>
			</PositionRotation>
			<Attachment isAttached="true">
				<AttachedTo>238339</AttachedTo>
				<BoneIndex>0</BoneIndex>
				<X>-0.351526052</X>
				<Y>-2.10787606</Y>
				<Z>1.89575005</Z>
				<Pitch>-0.037468493</Pitch>
				<Roll>-89.9999237</Roll>
				<Yaw>-88.5168457</Yaw>
			</Attachment>
		</Attachment>
		<Attachment>
			<ModelHash>0x8c9fc63c</ModelHash>
			<Type>3</Type>
			<Dynamic>false</Dynamic>
			<FrozenPos>true</FrozenPos>
			<HashName>prop_barrel_exp_01c</HashName>
			<InitialHandle>110354</InitialHandle>
			<ObjectProperties>
				<TextureVariation>0</TextureVariation>
			</ObjectProperties>
			<OpacityLevel>255</OpacityLevel>
			<LodDistance>16960</LodDistance>
			<IsVisible>true</IsVisible>
			<MaxHealth>1000</MaxHealth>
			<Health>1000</Health>
			<HasGravity>true</HasGravity>
			<IsOnFire>false</IsOnFire>
			<IsInvincible>false</IsInvincible>
			<IsBulletProof>false</IsBulletProof>
			<IsCollisionProof>false</IsCollisionProof>
			<IsExplosionProof>false</IsExplosionProof>
			<IsFireProof>false</IsFireProof>
			<IsMeleeProof>false</IsMeleeProof>
			<IsOnlyDamagedByPlayer>false</IsOnlyDamagedByPlayer>
			<PositionRotation>
				<X>1548.66333</X>
				<Y>3204.51929</Y>
				<Z>42.4317474</Z>
				<Pitch>-0.0304062236</Pitch>
				<Roll>90.0008392</Roll>
				<Yaw>-161.795609</Yaw>
			</PositionRotation>
			<Attachment isAttached="true">
				<AttachedTo>238339</AttachedTo>
				<BoneIndex>0</BoneIndex>
				<X>0.228913546</X>
				<Y>-2.11061621</Y>
				<Z>1.91577506</Z>
				<Pitch>-0.0374716707</Pitch>
				<Roll>89.9999695</Roll>
				<Yaw>-89.0127869</Yaw>
			</Attachment>
		</Attachment>
		<Attachment>
			<ModelHash>0x3eb9757a</ModelHash>
			<Type>3</Type>
			<Dynamic>false</Dynamic>
			<FrozenPos>true</FrozenPos>
			<HashName>p_trev_rope_01_s</HashName>
			<InitialHandle>543251</InitialHandle>
			<ObjectProperties>
				<TextureVariation>0</TextureVariation>
			</ObjectProperties>
			<OpacityLevel>255</OpacityLevel>
			<LodDistance>16960</LodDistance>
			<IsVisible>true</IsVisible>
			<MaxHealth>1000</MaxHealth>
			<Health>1000</Health>
			<HasGravity>true</HasGravity>
			<IsOnFire>false</IsOnFire>
			<IsInvincible>false</IsInvincible>
			<IsBulletProof>false</IsBulletProof>
			<IsCollisionProof>false</IsCollisionProof>
			<IsExplosionProof>false</IsExplosionProof>
			<IsFireProof>false</IsFireProof>
			<IsMeleeProof>false</IsMeleeProof>
			<IsOnlyDamagedByPlayer>false</IsOnlyDamagedByPlayer>
			<PositionRotation>
				<X>1548.96143</X>
				<Y>3204.60864</Y>
				<Z>42.1738358</Z>
				<Pitch>-89.960434</Pitch>
				<Roll>-106.550232</Roll>
				<Yaw>0</Yaw>
			</PositionRotation>
			<Attachment isAttached="true">
				<AttachedTo>238339</AttachedTo>
				<BoneIndex>0</BoneIndex>
				<X>0.231879085</X>
				<Y>-1.79944992</Y>
				<Z>1.65785825</Z>
				<Pitch>-90.037468</Pitch>
				<Roll>-105.108345</Roll>
				<Yaw>74.2247314</Yaw>
			</Attachment>
		</Attachment>
		<Attachment>
			<ModelHash>0x3eb9757a</ModelHash>
			<Type>3</Type>
			<Dynamic>false</Dynamic>
			<FrozenPos>true</FrozenPos>
			<HashName>p_trev_rope_01_s</HashName>
			<InitialHandle>387860</InitialHandle>
			<ObjectProperties>
				<TextureVariation>0</TextureVariation>
			</ObjectProperties>
			<OpacityLevel>255</OpacityLevel>
			<LodDistance>16960</LodDistance>
			<IsVisible>true</IsVisible>
			<MaxHealth>1000</MaxHealth>
			<Health>1000</Health>
			<HasGravity>true</HasGravity>
			<IsOnFire>false</IsOnFire>
			<IsInvincible>false</IsInvincible>
			<IsBulletProof>false</IsBulletProof>
			<IsCollisionProof>false</IsCollisionProof>
			<IsExplosionProof>false</IsExplosionProof>
			<IsFireProof>false</IsFireProof>
			<IsMeleeProof>false</IsMeleeProof>
			<IsOnlyDamagedByPlayer>false</IsOnlyDamagedByPlayer>
			<PositionRotation>
				<X>1548.08813</X>
				<Y>3204.95142</Y>
				<Z>42.1442261</Z>
				<Pitch>-89.9720154</Pitch>
				<Roll>72.7720947</Roll>
				<Yaw>0</Yaw>
			</PositionRotation>
			<Attachment isAttached="true">
				<AttachedTo>238339</AttachedTo>
				<BoneIndex>0</BoneIndex>
				<X>-0.354123443</X>
				<Y>-2.5321312</Y>
				<Z>1.628335</Z>
				<Pitch>-90.037468</Pitch>
				<Roll>74.2139969</Roll>
				<Yaw>74.2247314</Yaw>
			</Attachment>
		</Attachment>
	</SpoonerAttachments>
</Vehicle>
