<?xml version="1.0" encoding="ISO-8859-1"?>
<Vehicle menyoo_ver="0.9998744b">
	<ModelHash>0xb8e2ae18</ModelHash>
	<InitialHandle>58664</InitialHandle>
	<VehicleProperties>
		<Colours>
			<Primary>0</Primary>
			<Secondary>1</Secondary>
			<Pearl>10</Pearl>
			<Rim>81</Rim>
			<Mod1_a>6</Mod1_a>
			<Mod1_b>-1</Mod1_b>
			<Mod1_c>-1</Mod1_c>
			<Mod2_a>6</Mod2_a>
			<Mod2_b>-1</Mod2_b>
			<IsPrimaryColourCustom>false</IsPrimaryColourCustom>
			<IsSecondaryColourCustom>false</IsSecondaryColourCustom>
			<tyreSmoke_R>255</tyreSmoke_R>
			<tyreSmoke_G>255</tyreSmoke_G>
			<tyreSmoke_B>255</tyreSmoke_B>
			<LrInterior>0</LrInterior>
			<LrDashboard>0</LrDashboard>
		</Colours>
		<Livery>-1</Livery>
		<NumberPlateText> MENYOO </NumberPlateText>
		<NumberPlateIndex>5</NumberPlateIndex>
		<WheelType>4</WheelType>
		<WheelsInvisible>false</WheelsInvisible>
		<EngineSoundName></EngineSoundName>
		<WindowTint>-1</WindowTint>
		<BulletProofTyres>true</BulletProofTyres>
		<DirtLevel>0.0116680479</DirtLevel>
		<PaintFade>0.298039228</PaintFade>
		<RoofState>2</RoofState>
		<SirenActive>false</SirenActive>
		<EngineOn>true</EngineOn>
		<EngineHealth>1000</EngineHealth>
		<LightsOn>false</LightsOn>
		<IsRadioLoud>0</IsRadioLoud>
		<LockStatus>1</LockStatus>
		<Neons>
			<Left>true</Left>
			<Right>true</Right>
			<Front>true</Front>
			<Back>true</Back>
			<R>15</R>
			<G>3</G>
			<B>255</B>
		</Neons>
		<ModExtras>
			<_10>true</_10>
			<_11>false</_11>
			<_12>false</_12>
		</ModExtras>
		<Mods>
			<_0>0,0</_0>
			<_1>-1,0</_1>
			<_2>-1,0</_2>
			<_3>-1,0</_3>
			<_4>2,0</_4>
			<_5>0,0</_5>
			<_6>-1,0</_6>
			<_7>-1,0</_7>
			<_8>-1,0</_8>
			<_9>-1,0</_9>
			<_10>-1,0</_10>
			<_11>3,0</_11>
			<_12>2,0</_12>
			<_13>2,0</_13>
			<_14>0,0</_14>
			<_15>-1,0</_15>
			<_16>4,0</_16>
			<_17>false</_17>
			<_18>true</_18>
			<_19>false</_19>
			<_20>false</_20>
			<_21>false</_21>
			<_22>true</_22>
			<_23>3,0</_23>
			<_24>-1,0</_24>
			<_25>-1,0</_25>
			<_26>-1,0</_26>
			<_27>-1,0</_27>
			<_28>-1,0</_28>
			<_29>-1,0</_29>
			<_30>-1,0</_30>
			<_31>-1,0</_31>
			<_32>-1,0</_32>
			<_33>-1,0</_33>
			<_34>-1,0</_34>
			<_35>-1,0</_35>
			<_36>-1,0</_36>
			<_37>-1,0</_37>
			<_38>-1,0</_38>
			<_39>-1,0</_39>
			<_40>-1,0</_40>
			<_41>-1,0</_41>
			<_42>-1,0</_42>
			<_43>-1,0</_43>
			<_44>-1,0</_44>
			<_45>-1,0</_45>
			<_46>-1,0</_46>
			<_47>-1,0</_47>
			<_48>-1,0</_48>
		</Mods>
		<DoorsOpen>
			<BackLeftDoor>false</BackLeftDoor>
			<BackRightDoor>false</BackRightDoor>
			<FrontLeftDoor>false</FrontLeftDoor>
			<FrontRightDoor>false</FrontRightDoor>
			<Hood>false</Hood>
			<Trunk>false</Trunk>
			<Trunk2>false</Trunk2>
		</DoorsOpen>
		<DoorsBroken>
			<BackLeftDoor>false</BackLeftDoor>
			<BackRightDoor>false</BackRightDoor>
			<FrontLeftDoor>false</FrontLeftDoor>
			<FrontRightDoor>false</FrontRightDoor>
			<Hood>false</Hood>
			<Trunk>false</Trunk>
			<Trunk2>false</Trunk2>
		</DoorsBroken>
		<TyresBursted>
			<FrontLeft>false</FrontLeft>
			<FrontRight>false</FrontRight>
			<_2>false</_2>
			<_3>false</_3>
			<BackLeft>false</BackLeft>
			<BackRight>false</BackRight>
			<_6>false</_6>
			<_7>false</_7>
			<_8>false</_8>
		</TyresBursted>
		<RpmMultiplier>1</RpmMultiplier>
		<TorqueMultiplier>1</TorqueMultiplier>
		<HeadlightIntensity>1</HeadlightIntensity>
	</VehicleProperties>
	<OpacityLevel>255</OpacityLevel>
	<LodDistance>500</LodDistance>
	<IsVisible>true</IsVisible>
	<IsDriverVisible>true</IsDriverVisible>
	<MaxHealth>1000</MaxHealth>
	<Health>1000</Health>
	<HasGravity>true</HasGravity>
	<IsOnFire>false</IsOnFire>
	<IsInvincible>true</IsInvincible>
	<IsBulletProof>true</IsBulletProof>
	<IsExplosionProof>true</IsExplosionProof>
	<IsFireProof>false</IsFireProof>
	<IsMeleeProof>true</IsMeleeProof>
	<IsOnlyDamagedByPlayer>false</IsOnlyDamagedByPlayer>
	<SpoonerAttachments SetAttachmentsPersistentAndAddToSpoonerDatabase="false" StartTaskSequencesOnLoad="true">
		<Attachment>
			<ModelHash>0xb7dd5fd1</ModelHash>
			<Type>3</Type>
			<Dynamic>false</Dynamic>
			<FrozenPos>true</FrozenPos>
			<HashName>p_rcss_folded</HashName>
			<InitialHandle>743209</InitialHandle>
			<ObjectProperties>
				<TextureVariation>0</TextureVariation>
			</ObjectProperties>
			<OpacityLevel>255</OpacityLevel>
			<LodDistance>16960</LodDistance>
			<IsVisible>true</IsVisible>
			<MaxHealth>1000</MaxHealth>
			<Health>1000</Health>
			<HasGravity>true</HasGravity>
			<IsOnFire>false</IsOnFire>
			<IsInvincible>false</IsInvincible>
			<IsBulletProof>false</IsBulletProof>
			<IsCollisionProof>false</IsCollisionProof>
			<IsExplosionProof>false</IsExplosionProof>
			<IsFireProof>false</IsFireProof>
			<IsMeleeProof>false</IsMeleeProof>
			<IsOnlyDamagedByPlayer>false</IsOnlyDamagedByPlayer>
			<PositionRotation>
				<X>-1182.72266</X>
				<Y>-1098.54944</Y>
				<Z>2.46935916</Z>
				<Pitch>4.75021076</Pitch>
				<Roll>2.08089781</Roll>
				<Yaw>117.855766</Yaw>
			</PositionRotation>
			<Attachment isAttached="true">
				<AttachedTo>58664</AttachedTo>
				<BoneIndex>0</BoneIndex>
				<X>-0.0118906228</X>
				<Y>-0.673804522</Y>
				<Z>0.356310546</Z>
				<Pitch>0.329995602</Pitch>
				<Roll>0.779670656</Roll>
				<Yaw>180.937256</Yaw>
			</Attachment>
		</Attachment>
		<Attachment>
			<ModelHash>0xcbe8be19</ModelHash>
			<Type>3</Type>
			<Dynamic>false</Dynamic>
			<FrozenPos>true</FrozenPos>
			<HashName>hei_heist_acc_sculpture_01</HashName>
			<InitialHandle>278315</InitialHandle>
			<ObjectProperties>
				<TextureVariation>0</TextureVariation>
			</ObjectProperties>
			<OpacityLevel>255</OpacityLevel>
			<LodDistance>16960</LodDistance>
			<IsVisible>true</IsVisible>
			<MaxHealth>1000</MaxHealth>
			<Health>1000</Health>
			<HasGravity>true</HasGravity>
			<IsOnFire>false</IsOnFire>
			<IsInvincible>false</IsInvincible>
			<IsBulletProof>false</IsBulletProof>
			<IsCollisionProof>false</IsCollisionProof>
			<IsExplosionProof>false</IsExplosionProof>
			<IsFireProof>false</IsFireProof>
			<IsMeleeProof>false</IsMeleeProof>
			<IsOnlyDamagedByPlayer>false</IsOnlyDamagedByPlayer>
			<PositionRotation>
				<X>-1180.26587</X>
				<Y>-1097.32336</Y>
				<Z>2.1497407</Z>
				<Pitch>1.73026454</Pitch>
				<Roll>-3.61051893</Roll>
				<Yaw>-153.36763</Yaw>
			</PositionRotation>
			<Attachment isAttached="true">
				<AttachedTo>58664</AttachedTo>
				<BoneIndex>0</BoneIndex>
				<X>0.00481084595</X>
				<Y>2.08831906</Y>
				<Z>0.24777472</Z>
				<Pitch>0.329995602</Pitch>
				<Roll>0.779670656</Roll>
				<Yaw>269.577148</Yaw>
			</Attachment>
		</Attachment>
		<Attachment>
			<ModelHash>0xea9af105</ModelHash>
			<Type>3</Type>
			<Dynamic>false</Dynamic>
			<FrozenPos>true</FrozenPos>
			<HashName>prop_tool_sawhorse</HashName>
			<InitialHandle>25388</InitialHandle>
			<ObjectProperties>
				<TextureVariation>0</TextureVariation>
			</ObjectProperties>
			<OpacityLevel>255</OpacityLevel>
			<LodDistance>16960</LodDistance>
			<IsVisible>true</IsVisible>
			<MaxHealth>1000</MaxHealth>
			<Health>1000</Health>
			<HasGravity>true</HasGravity>
			<IsOnFire>false</IsOnFire>
			<IsInvincible>false</IsInvincible>
			<IsBulletProof>false</IsBulletProof>
			<IsCollisionProof>false</IsCollisionProof>
			<IsExplosionProof>false</IsExplosionProof>
			<IsFireProof>false</IsFireProof>
			<IsMeleeProof>false</IsMeleeProof>
			<IsOnlyDamagedByPlayer>false</IsOnlyDamagedByPlayer>
			<PositionRotation>
				<X>-1180.46936</X>
				<Y>-1097.43469</Y>
				<Z>1.90598774</Z>
				<Pitch>65.8352509</Pitch>
				<Roll>173.185883</Roll>
				<Yaw>-57.212925</Yaw>
			</PositionRotation>
			<Attachment isAttached="true">
				<AttachedTo>58664</AttachedTo>
				<BoneIndex>0</BoneIndex>
				<X>0.00564848026</X>
				<Y>1.87586188</Y>
				<Z>-0.0131352432</Z>
				<Pitch>70.3300858</Pitch>
				<Roll>175.910614</Roll>
				<Yaw>3.28105164</Yaw>
			</Attachment>
		</Attachment>
		<Attachment>
			<ModelHash>0xde80b7f3</ModelHash>
			<Type>3</Type>
			<Dynamic>false</Dynamic>
			<FrozenPos>true</FrozenPos>
			<HashName>p_cs_duffel_01_s</HashName>
			<InitialHandle>280114</InitialHandle>
			<ObjectProperties>
				<TextureVariation>0</TextureVariation>
			</ObjectProperties>
			<OpacityLevel>255</OpacityLevel>
			<LodDistance>16960</LodDistance>
			<IsVisible>true</IsVisible>
			<MaxHealth>1000</MaxHealth>
			<Health>1000</Health>
			<HasGravity>true</HasGravity>
			<IsOnFire>false</IsOnFire>
			<IsInvincible>false</IsInvincible>
			<IsBulletProof>false</IsBulletProof>
			<IsCollisionProof>false</IsCollisionProof>
			<IsExplosionProof>false</IsExplosionProof>
			<IsFireProof>false</IsFireProof>
			<IsMeleeProof>false</IsMeleeProof>
			<IsOnlyDamagedByPlayer>false</IsOnlyDamagedByPlayer>
			<PositionRotation>
				<X>-1181.4502</X>
				<Y>-1098.42749</Y>
				<Z>1.97740877</Z>
				<Pitch>-4.00033236</Pitch>
				<Roll>-0.794910848</Roll>
				<Yaw>-65.7261429</Yaw>
			</PositionRotation>
			<Attachment isAttached="true">
				<AttachedTo>58664</AttachedTo>
				<BoneIndex>0</BoneIndex>
				<X>0.445934832</X>
				<Y>0.550193548</Y>
				<Z>-0.0540319458</Z>
				<Pitch>0.329995602</Pitch>
				<Roll>0.779670656</Roll>
				<Yaw>-2.6519165</Yaw>
			</Attachment>
		</Attachment>
		<Attachment>
			<ModelHash>0x7dba1470</ModelHash>
			<Type>3</Type>
			<Dynamic>false</Dynamic>
			<FrozenPos>true</FrozenPos>
			<HashName>p_cs_laptop_02</HashName>
			<InitialHandle>255026</InitialHandle>
			<ObjectProperties>
				<TextureVariation>0</TextureVariation>
			</ObjectProperties>
			<OpacityLevel>255</OpacityLevel>
			<LodDistance>16960</LodDistance>
			<IsVisible>true</IsVisible>
			<MaxHealth>1000</MaxHealth>
			<Health>1000</Health>
			<HasGravity>true</HasGravity>
			<IsOnFire>false</IsOnFire>
			<IsInvincible>false</IsInvincible>
			<IsBulletProof>false</IsBulletProof>
			<IsCollisionProof>false</IsCollisionProof>
			<IsExplosionProof>false</IsExplosionProof>
			<IsFireProof>false</IsFireProof>
			<IsMeleeProof>false</IsMeleeProof>
			<IsOnlyDamagedByPlayer>false</IsOnlyDamagedByPlayer>
			<PositionRotation>
				<X>-1182.02429</X>
				<Y>-1098.7915</Y>
				<Z>2.20647097</Z>
				<Pitch>3.55454969</Pitch>
				<Roll>-2.51348925</Roll>
				<Yaw>179.931427</Yaw>
			</PositionRotation>
			<Attachment isAttached="true">
				<AttachedTo>58664</AttachedTo>
				<BoneIndex>0</BoneIndex>
				<X>0.514756978</X>
				<Y>-0.142038316</Y>
				<Z>0.120862871</Z>
				<Pitch>0.329995602</Pitch>
				<Roll>0.779670656</Roll>
				<Yaw>242.843536</Yaw>
			</Attachment>
		</Attachment>
		<Attachment>
			<ModelHash>0xe9e2ec92</ModelHash>
			<Type>3</Type>
			<Dynamic>false</Dynamic>
			<FrozenPos>true</FrozenPos>
			<HashName>prop_box_ammo04a</HashName>
			<InitialHandle>677172</InitialHandle>
			<ObjectProperties>
				<TextureVariation>0</TextureVariation>
			</ObjectProperties>
			<OpacityLevel>255</OpacityLevel>
			<LodDistance>16960</LodDistance>
			<IsVisible>true</IsVisible>
			<MaxHealth>1000</MaxHealth>
			<Health>1000</Health>
			<HasGravity>true</HasGravity>
			<IsOnFire>false</IsOnFire>
			<IsInvincible>false</IsInvincible>
			<IsBulletProof>false</IsBulletProof>
			<IsCollisionProof>false</IsCollisionProof>
			<IsExplosionProof>false</IsExplosionProof>
			<IsFireProof>false</IsFireProof>
			<IsMeleeProof>false</IsMeleeProof>
			<IsOnlyDamagedByPlayer>false</IsOnlyDamagedByPlayer>
			<PositionRotation>
				<X>-1182.59851</X>
				<Y>-1099.03748</Y>
				<Z>2.15661812</Z>
				<Pitch>-2.6139915</Pitch>
				<Roll>-2.76546979</Roll>
				<Yaw>-96.0573044</Yaw>
			</PositionRotation>
			<Attachment isAttached="true">
				<AttachedTo>58664</AttachedTo>
				<BoneIndex>0</BoneIndex>
				<X>0.471735507</X>
				<Y>-0.759793997</Y>
				<Z>0.0243491251</Z>
				<Pitch>0.329995602</Pitch>
				<Roll>0.779670656</Roll>
				<Yaw>327.03717</Yaw>
			</Attachment>
		</Attachment>
		<Attachment>
			<ModelHash>0xa53de4d1</ModelHash>
			<Type>3</Type>
			<Dynamic>false</Dynamic>
			<FrozenPos>true</FrozenPos>
			<HashName>prop_box_ammo02a</HashName>
			<InitialHandle>67892</InitialHandle>
			<ObjectProperties>
				<TextureVariation>0</TextureVariation>
			</ObjectProperties>
			<OpacityLevel>255</OpacityLevel>
			<LodDistance>16960</LodDistance>
			<IsVisible>true</IsVisible>
			<MaxHealth>1000</MaxHealth>
			<Health>1000</Health>
			<HasGravity>true</HasGravity>
			<IsOnFire>false</IsOnFire>
			<IsInvincible>false</IsInvincible>
			<IsBulletProof>false</IsBulletProof>
			<IsCollisionProof>false</IsCollisionProof>
			<IsExplosionProof>false</IsExplosionProof>
			<IsFireProof>false</IsFireProof>
			<IsMeleeProof>false</IsMeleeProof>
			<IsOnlyDamagedByPlayer>false</IsOnlyDamagedByPlayer>
			<PositionRotation>
				<X>-1183.03235</X>
				<Y>-1098.27356</Y>
				<Z>2.22605944</Z>
				<Pitch>-4.06317282</Pitch>
				<Roll>-0.609714448</Roll>
				<Yaw>-63.2915268</Yaw>
			</PositionRotation>
			<Attachment isAttached="true">
				<AttachedTo>58664</AttachedTo>
				<BoneIndex>0</BoneIndex>
				<X>-0.404048502</X>
				<Y>-0.805917263</Y>
				<Z>0.11145559</Z>
				<Pitch>0.329995573</Pitch>
				<Roll>0.779670775</Roll>
				<Yaw>-0.222473145</Yaw>
			</Attachment>
		</Attachment>
		<Attachment>
			<ModelHash>0x453b1a11</ModelHash>
			<Type>3</Type>
			<Dynamic>false</Dynamic>
			<FrozenPos>true</FrozenPos>
			<HashName>prop_wall_vent_03</HashName>
			<InitialHandle>406326</InitialHandle>
			<ObjectProperties>
				<TextureVariation>0</TextureVariation>
			</ObjectProperties>
			<OpacityLevel>255</OpacityLevel>
			<LodDistance>16960</LodDistance>
			<IsVisible>true</IsVisible>
			<MaxHealth>1000</MaxHealth>
			<Health>1000</Health>
			<HasGravity>true</HasGravity>
			<IsOnFire>false</IsOnFire>
			<IsInvincible>false</IsInvincible>
			<IsBulletProof>false</IsBulletProof>
			<IsCollisionProof>false</IsCollisionProof>
			<IsExplosionProof>false</IsExplosionProof>
			<IsFireProof>false</IsFireProof>
			<IsMeleeProof>false</IsMeleeProof>
			<IsOnlyDamagedByPlayer>false</IsOnlyDamagedByPlayer>
			<PositionRotation>
				<X>-1180.08447</X>
				<Y>-1097.18945</Y>
				<Z>2.02209949</Z>
				<Pitch>4.68766117</Pitch>
				<Roll>2.27749038</Roll>
				<Yaw>115.287231</Yaw>
			</PositionRotation>
			<Attachment isAttached="true">
				<AttachedTo>58664</AttachedTo>
				<BoneIndex>0</BoneIndex>
				<X>-0.0350475684</X>
				<Y>2.31986356</Y>
				<Z>0.138489872</Z>
				<Pitch>0.329995573</Pitch>
				<Roll>0.779670775</Roll>
				<Yaw>178.376617</Yaw>
			</Attachment>
		</Attachment>
		<Attachment>
			<ModelHash>0xed7c46f7</ModelHash>
			<Type>3</Type>
			<Dynamic>false</Dynamic>
			<FrozenPos>true</FrozenPos>
			<HashName>v_serv_ct_monitor06</HashName>
			<InitialHandle>318264</InitialHandle>
			<ObjectProperties>
				<TextureVariation>0</TextureVariation>
			</ObjectProperties>
			<OpacityLevel>255</OpacityLevel>
			<LodDistance>16960</LodDistance>
			<IsVisible>true</IsVisible>
			<MaxHealth>1000</MaxHealth>
			<Health>1000</Health>
			<HasGravity>true</HasGravity>
			<IsOnFire>false</IsOnFire>
			<IsInvincible>false</IsInvincible>
			<IsBulletProof>false</IsBulletProof>
			<IsCollisionProof>false</IsCollisionProof>
			<IsExplosionProof>false</IsExplosionProof>
			<IsFireProof>false</IsFireProof>
			<IsMeleeProof>false</IsMeleeProof>
			<IsOnlyDamagedByPlayer>false</IsOnlyDamagedByPlayer>
			<PositionRotation>
				<X>-1181.67432</X>
				<Y>-1098.13379</Y>
				<Z>2.28062463</Z>
				<Pitch>-4.06322575</Pitch>
				<Roll>-0.609544814</Roll>
				<Yaw>-63.2893143</Yaw>
			</PositionRotation>
			<Attachment isAttached="true">
				<AttachedTo>58664</AttachedTo>
				<BoneIndex>0</BoneIndex>
				<X>0.0897476524</X>
				<Y>0.460329324</Y>
				<Z>0.251788944</Z>
				<Pitch>0.329995573</Pitch>
				<Roll>0.779670775</Roll>
				<Yaw>-0.22026062</Yaw>
			</Attachment>
		</Attachment>
		<Attachment>
			<ModelHash>0xf5aaeef9</ModelHash>
			<Type>3</Type>
			<Dynamic>false</Dynamic>
			<FrozenPos>true</FrozenPos>
			<HashName>prop_air_lights_05a</HashName>
			<InitialHandle>85305</InitialHandle>
			<ObjectProperties>
				<TextureVariation>0</TextureVariation>
			</ObjectProperties>
			<OpacityLevel>255</OpacityLevel>
			<LodDistance>16960</LodDistance>
			<IsVisible>true</IsVisible>
			<MaxHealth>1000</MaxHealth>
			<Health>1000</Health>
			<HasGravity>true</HasGravity>
			<IsOnFire>false</IsOnFire>
			<IsInvincible>false</IsInvincible>
			<IsBulletProof>false</IsBulletProof>
			<IsCollisionProof>false</IsCollisionProof>
			<IsExplosionProof>false</IsExplosionProof>
			<IsFireProof>false</IsFireProof>
			<IsMeleeProof>false</IsMeleeProof>
			<IsOnlyDamagedByPlayer>false</IsOnlyDamagedByPlayer>
			<PositionRotation>
				<X>-1180.33069</X>
				<Y>-1098.17957</Y>
				<Z>2.07642174</Z>
				<Pitch>4.60240602</Pitch>
				<Roll>2.50615263</Roll>
				<Yaw>112.248817</Yaw>
			</PositionRotation>
			<Attachment isAttached="true">
				<AttachedTo>58664</AttachedTo>
				<BoneIndex>0</BoneIndex>
				<X>0.736053705</X>
				<Y>1.64974761</Y>
				<Z>0.122949302</Z>
				<Pitch>0.329995573</Pitch>
				<Roll>0.779670775</Roll>
				<Yaw>175.346939</Yaw>
			</Attachment>
		</Attachment>
		<Attachment>
			<ModelHash>0xf5aaeef9</ModelHash>
			<Type>3</Type>
			<Dynamic>false</Dynamic>
			<FrozenPos>true</FrozenPos>
			<HashName>prop_air_lights_05a</HashName>
			<InitialHandle>46907</InitialHandle>
			<ObjectProperties>
				<TextureVariation>0</TextureVariation>
			</ObjectProperties>
			<OpacityLevel>255</OpacityLevel>
			<LodDistance>16960</LodDistance>
			<IsVisible>true</IsVisible>
			<MaxHealth>1000</MaxHealth>
			<Health>1000</Health>
			<HasGravity>true</HasGravity>
			<IsOnFire>false</IsOnFire>
			<IsInvincible>false</IsInvincible>
			<IsBulletProof>false</IsBulletProof>
			<IsCollisionProof>false</IsCollisionProof>
			<IsExplosionProof>false</IsExplosionProof>
			<IsFireProof>false</IsFireProof>
			<IsMeleeProof>false</IsMeleeProof>
			<IsOnlyDamagedByPlayer>false</IsOnlyDamagedByPlayer>
			<PositionRotation>
				<X>-1181.08289</X>
				<Y>-1096.87134</Y>
				<Z>2.06061673</Z>
				<Pitch>4.84638071</Pitch>
				<Roll>1.69165611</Roll>
				<Yaw>122.848816</Yaw>
			</PositionRotation>
			<Attachment isAttached="true">
				<AttachedTo>58664</AttachedTo>
				<BoneIndex>0</BoneIndex>
				<X>-0.771037579</X>
				<Y>1.57290244</Y>
				<Z>0.13729921</Z>
				<Pitch>0.329995573</Pitch>
				<Roll>0.779670775</Roll>
				<Yaw>185.913803</Yaw>
			</Attachment>
		</Attachment>
	</SpoonerAttachments>
</Vehicle>
