<?xml version="1.0" encoding="ISO-8859-1"?>
<Vehicle menyoo_ver="0.9998744b">
	<ModelHash>0x404b6381</ModelHash>
	<InitialHandle>430851</InitialHandle>
	<VehicleProperties>
		<Colours>
			<Primary>152</Primary>
			<Secondary>12</Secondary>
			<Pearl>0</Pearl>
			<Rim>156</Rim>
			<Mod1_a>6</Mod1_a>
			<Mod1_b>-1</Mod1_b>
			<Mod1_c>-1</Mod1_c>
			<Mod2_a>6</Mod2_a>
			<Mod2_b>-1</Mod2_b>
			<IsPrimaryColourCustom>false</IsPrimaryColourCustom>
			<IsSecondaryColourCustom>false</IsSecondaryColourCustom>
			<tyreSmoke_R>255</tyreSmoke_R>
			<tyreSmoke_G>255</tyreSmoke_G>
			<tyreSmoke_B>255</tyreSmoke_B>
			<LrInterior>0</LrInterior>
			<LrDashboard>0</LrDashboard>
		</Colours>
		<Livery>-1</Livery>
		<NumberPlateText>45RXG941</NumberPlateText>
		<NumberPlateIndex>3</NumberPlateIndex>
		<WheelType>4</WheelType>
		<WheelsInvisible>false</WheelsInvisible>
		<EngineSoundName></EngineSoundName>
		<WindowTint>-1</WindowTint>
		<BulletProofTyres>true</BulletProofTyres>
		<DirtLevel>0.00765521592</DirtLevel>
		<PaintFade>0.298039228</PaintFade>
		<RoofState>0</RoofState>
		<SirenActive>false</SirenActive>
		<EngineOn>true</EngineOn>
		<EngineHealth>1000</EngineHealth>
		<LightsOn>false</LightsOn>
		<IsRadioLoud>0</IsRadioLoud>
		<LockStatus>1</LockStatus>
		<Neons>
			<Left>false</Left>
			<Right>false</Right>
			<Front>false</Front>
			<Back>false</Back>
			<R>255</R>
			<G>0</G>
			<B>255</B>
		</Neons>
		<ModExtras />
		<Mods>
			<_0>0,0</_0>
			<_1>-1,0</_1>
			<_2>-1,0</_2>
			<_3>-1,0</_3>
			<_4>1,0</_4>
			<_5>-1,0</_5>
			<_6>-1,0</_6>
			<_7>2,0</_7>
			<_8>-1,0</_8>
			<_9>-1,0</_9>
			<_10>1,0</_10>
			<_11>3,0</_11>
			<_12>2,0</_12>
			<_13>2,0</_13>
			<_14>0,0</_14>
			<_15>-1,0</_15>
			<_16>4,0</_16>
			<_17>false</_17>
			<_18>true</_18>
			<_19>false</_19>
			<_20>false</_20>
			<_21>false</_21>
			<_22>false</_22>
			<_23>1,0</_23>
			<_24>-1,0</_24>
			<_25>-1,0</_25>
			<_26>-1,0</_26>
			<_27>-1,0</_27>
			<_28>-1,0</_28>
			<_29>-1,0</_29>
			<_30>-1,0</_30>
			<_31>-1,0</_31>
			<_32>-1,0</_32>
			<_33>-1,0</_33>
			<_34>-1,0</_34>
			<_35>-1,0</_35>
			<_36>-1,0</_36>
			<_37>-1,0</_37>
			<_38>-1,0</_38>
			<_39>-1,0</_39>
			<_40>-1,0</_40>
			<_41>-1,0</_41>
			<_42>-1,0</_42>
			<_43>-1,0</_43>
			<_44>-1,0</_44>
			<_45>-1,0</_45>
			<_46>-1,0</_46>
			<_47>-1,0</_47>
			<_48>-1,0</_48>
		</Mods>
		<DoorsOpen>
			<BackLeftDoor>false</BackLeftDoor>
			<BackRightDoor>false</BackRightDoor>
			<FrontLeftDoor>false</FrontLeftDoor>
			<FrontRightDoor>false</FrontRightDoor>
			<Hood>false</Hood>
			<Trunk>false</Trunk>
			<Trunk2>false</Trunk2>
		</DoorsOpen>
		<DoorsBroken>
			<BackLeftDoor>false</BackLeftDoor>
			<BackRightDoor>false</BackRightDoor>
			<FrontLeftDoor>false</FrontLeftDoor>
			<FrontRightDoor>false</FrontRightDoor>
			<Hood>false</Hood>
			<Trunk>false</Trunk>
			<Trunk2>false</Trunk2>
		</DoorsBroken>
		<TyresBursted>
			<FrontLeft>false</FrontLeft>
			<FrontRight>false</FrontRight>
			<_2>false</_2>
			<_3>false</_3>
			<BackLeft>false</BackLeft>
			<BackRight>false</BackRight>
			<_6>false</_6>
			<_7>false</_7>
			<_8>false</_8>
		</TyresBursted>
		<RpmMultiplier>1</RpmMultiplier>
		<TorqueMultiplier>1</TorqueMultiplier>
		<HeadlightIntensity>1</HeadlightIntensity>
	</VehicleProperties>
	<OpacityLevel>255</OpacityLevel>
	<LodDistance>16960</LodDistance>
	<IsVisible>true</IsVisible>
	<IsDriverVisible>true</IsDriverVisible>
	<MaxHealth>1000</MaxHealth>
	<Health>1000</Health>
	<HasGravity>true</HasGravity>
	<IsOnFire>false</IsOnFire>
	<IsInvincible>false</IsInvincible>
	<IsBulletProof>false</IsBulletProof>
	<IsExplosionProof>false</IsExplosionProof>
	<IsFireProof>false</IsFireProof>
	<IsMeleeProof>false</IsMeleeProof>
	<IsOnlyDamagedByPlayer>false</IsOnlyDamagedByPlayer>
	<SpoonerAttachments SetAttachmentsPersistentAndAddToSpoonerDatabase="false" StartTaskSequencesOnLoad="true">
		<Attachment>
			<ModelHash>0xc89630b8</ModelHash>
			<Type>3</Type>
			<Dynamic>false</Dynamic>
			<FrozenPos>true</FrozenPos>
			<HashName>prop_minigun_01</HashName>
			<InitialHandle>400388</InitialHandle>
			<ObjectProperties>
				<TextureVariation>0</TextureVariation>
			</ObjectProperties>
			<OpacityLevel>255</OpacityLevel>
			<LodDistance>16960</LodDistance>
			<IsVisible>true</IsVisible>
			<MaxHealth>1000</MaxHealth>
			<Health>1000</Health>
			<HasGravity>true</HasGravity>
			<IsOnFire>false</IsOnFire>
			<IsInvincible>false</IsInvincible>
			<IsBulletProof>false</IsBulletProof>
			<IsCollisionProof>false</IsCollisionProof>
			<IsExplosionProof>false</IsExplosionProof>
			<IsFireProof>false</IsFireProof>
			<IsMeleeProof>false</IsMeleeProof>
			<IsOnlyDamagedByPlayer>false</IsOnlyDamagedByPlayer>
			<PositionRotation>
				<X>2049.71899</X>
				<Y>4771.4292</Y>
				<Z>41.1987991</Z>
				<Pitch>-89.4436188</Pitch>
				<Roll>-25.3094482</Roll>
				<Yaw>-123.499161</Yaw>
			</PositionRotation>
			<Attachment isAttached="true">
				<AttachedTo>430851</AttachedTo>
				<BoneIndex>0</BoneIndex>
				<X>0.668422043</X>
				<Y>-1.01043868</Y>
				<Z>0.705905259</Z>
				<Pitch>-90.0128632</Pitch>
				<Roll>154.267502</Roll>
				<Yaw>-113.886353</Yaw>
			</Attachment>
		</Attachment>
		<Attachment>
			<ModelHash>0xc89630b8</ModelHash>
			<Type>3</Type>
			<Dynamic>false</Dynamic>
			<FrozenPos>true</FrozenPos>
			<HashName>prop_minigun_01</HashName>
			<InitialHandle>71941</InitialHandle>
			<ObjectProperties>
				<TextureVariation>0</TextureVariation>
			</ObjectProperties>
			<OpacityLevel>255</OpacityLevel>
			<LodDistance>16960</LodDistance>
			<IsVisible>true</IsVisible>
			<MaxHealth>1000</MaxHealth>
			<Health>1000</Health>
			<HasGravity>true</HasGravity>
			<IsOnFire>false</IsOnFire>
			<IsInvincible>false</IsInvincible>
			<IsBulletProof>false</IsBulletProof>
			<IsCollisionProof>false</IsCollisionProof>
			<IsExplosionProof>false</IsExplosionProof>
			<IsFireProof>false</IsFireProof>
			<IsMeleeProof>false</IsMeleeProof>
			<IsOnlyDamagedByPlayer>false</IsOnlyDamagedByPlayer>
			<PositionRotation>
				<X>2051.07617</X>
				<Y>4771.21729</Y>
				<Z>41.2205048</Z>
				<Pitch>89.4443283</Pitch>
				<Roll>-154.971848</Roll>
				<Yaw>56.5004654</Yaw>
			</PositionRotation>
			<Attachment isAttached="true">
				<AttachedTo>430851</AttachedTo>
				<BoneIndex>0</BoneIndex>
				<X>-0.705149353</X>
				<Y>-1.03841567</Y>
				<Z>0.71576488</Z>
				<Pitch>89.9871368</Pitch>
				<Roll>-154.549179</Roll>
				<Yaw>-113.886353</Yaw>
			</Attachment>
		</Attachment>
		<Attachment>
			<ModelHash>0xebfabfbc</ModelHash>
			<Type>3</Type>
			<Dynamic>false</Dynamic>
			<FrozenPos>true</FrozenPos>
			<HashName>hei_prop_heist_thermite_flash</HashName>
			<InitialHandle>584203</InitialHandle>
			<ObjectProperties>
				<TextureVariation>0</TextureVariation>
			</ObjectProperties>
			<OpacityLevel>255</OpacityLevel>
			<LodDistance>16960</LodDistance>
			<IsVisible>true</IsVisible>
			<MaxHealth>1000</MaxHealth>
			<Health>1000</Health>
			<HasGravity>true</HasGravity>
			<IsOnFire>false</IsOnFire>
			<IsInvincible>false</IsInvincible>
			<IsBulletProof>false</IsBulletProof>
			<IsCollisionProof>false</IsCollisionProof>
			<IsExplosionProof>false</IsExplosionProof>
			<IsFireProof>false</IsFireProof>
			<IsMeleeProof>false</IsMeleeProof>
			<IsOnlyDamagedByPlayer>false</IsOnlyDamagedByPlayer>
			<PositionRotation>
				<X>2049.81323</X>
				<Y>4768.17627</Y>
				<Z>40.8686829</Z>
				<Pitch>19.7756271</Pitch>
				<Roll>-0.154089555</Roll>
				<Yaw>-10.4944839</Yaw>
			</PositionRotation>
			<Attachment isAttached="true">
				<AttachedTo>430851</AttachedTo>
				<BoneIndex>0</BoneIndex>
				<X>0.0116704386</X>
				<Y>2.1747601</Y>
				<Z>0.358035564</Z>
				<Pitch>19.9871349</Pitch>
				<Roll>0.378226727</Roll>
				<Yaw>-180.639648</Yaw>
			</Attachment>
		</Attachment>
		<Attachment>
			<ModelHash>0xd7ad02f4</ModelHash>
			<Type>3</Type>
			<Dynamic>false</Dynamic>
			<FrozenPos>true</FrozenPos>
			<HashName>hei_prop_hst_laptop</HashName>
			<InitialHandle>160013</InitialHandle>
			<ObjectProperties>
				<TextureVariation>0</TextureVariation>
			</ObjectProperties>
			<OpacityLevel>255</OpacityLevel>
			<LodDistance>16960</LodDistance>
			<IsVisible>true</IsVisible>
			<MaxHealth>1000</MaxHealth>
			<Health>1000</Health>
			<HasGravity>true</HasGravity>
			<IsOnFire>false</IsOnFire>
			<IsInvincible>false</IsInvincible>
			<IsBulletProof>false</IsBulletProof>
			<IsCollisionProof>false</IsCollisionProof>
			<IsExplosionProof>false</IsExplosionProof>
			<IsFireProof>false</IsFireProof>
			<IsMeleeProof>false</IsMeleeProof>
			<IsOnlyDamagedByPlayer>false</IsOnlyDamagedByPlayer>
			<PositionRotation>
				<X>2050.25049</X>
				<Y>4769.80811</Y>
				<Z>40.9497108</Z>
				<Pitch>0.20403406</Pitch>
				<Roll>0.876506329</Roll>
				<Yaw>170.032639</Yaw>
			</PositionRotation>
			<Attachment isAttached="true">
				<AttachedTo>430851</AttachedTo>
				<BoneIndex>0</BoneIndex>
				<X>-0.135302514</X>
				<Y>0.492269963</Y>
				<Z>0.444140285</Z>
				<Pitch>-0.0128623797</Pitch>
				<Roll>0.378227174</Roll>
				<Yaw>0.0693283081</Yaw>
			</Attachment>
		</Attachment>
		<Attachment>
			<ModelHash>0x3f2ec2b6</ModelHash>
			<Type>3</Type>
			<Dynamic>false</Dynamic>
			<FrozenPos>true</FrozenPos>
			<HashName>prop_ghettoblast_02</HashName>
			<InitialHandle>429329</InitialHandle>
			<ObjectProperties>
				<TextureVariation>0</TextureVariation>
			</ObjectProperties>
			<OpacityLevel>255</OpacityLevel>
			<LodDistance>16960</LodDistance>
			<IsVisible>true</IsVisible>
			<MaxHealth>1000</MaxHealth>
			<Health>1000</Health>
			<HasGravity>true</HasGravity>
			<IsOnFire>false</IsOnFire>
			<IsInvincible>false</IsInvincible>
			<IsBulletProof>false</IsBulletProof>
			<IsCollisionProof>false</IsCollisionProof>
			<IsExplosionProof>false</IsExplosionProof>
			<IsFireProof>false</IsFireProof>
			<IsMeleeProof>false</IsMeleeProof>
			<IsOnlyDamagedByPlayer>false</IsOnlyDamagedByPlayer>
			<PositionRotation>
				<X>2049.6731</X>
				<Y>4769.79248</Y>
				<Z>40.4258194</Z>
				<Pitch>0.10808076</Pitch>
				<Roll>0.908036888</Roll>
				<Yaw>159.368744</Yaw>
			</PositionRotation>
			<Attachment isAttached="true">
				<AttachedTo>430851</AttachedTo>
				<BoneIndex>0</BoneIndex>
				<X>0.435138017</X>
				<Y>0.606226027</Y>
				<Z>-0.0752414912</Z>
				<Pitch>-0.0128623797</Pitch>
				<Roll>0.378227174</Roll>
				<Yaw>-10.5949478</Yaw>
			</Attachment>
		</Attachment>
		<Attachment>
			<ModelHash>0x8c60cce5</ModelHash>
			<Type>3</Type>
			<Dynamic>false</Dynamic>
			<FrozenPos>true</FrozenPos>
			<HashName>prop_golfflag</HashName>
			<InitialHandle>718353</InitialHandle>
			<ObjectProperties>
				<TextureVariation>0</TextureVariation>
			</ObjectProperties>
			<OpacityLevel>255</OpacityLevel>
			<LodDistance>16960</LodDistance>
			<IsVisible>true</IsVisible>
			<MaxHealth>1000</MaxHealth>
			<Health>1000</Health>
			<HasGravity>true</HasGravity>
			<IsOnFire>false</IsOnFire>
			<IsInvincible>false</IsInvincible>
			<IsBulletProof>false</IsBulletProof>
			<IsCollisionProof>false</IsCollisionProof>
			<IsExplosionProof>false</IsExplosionProof>
			<IsFireProof>false</IsFireProof>
			<IsMeleeProof>false</IsMeleeProof>
			<IsOnlyDamagedByPlayer>false</IsOnlyDamagedByPlayer>
			<PositionRotation>
				<X>2050.09863</X>
				<Y>4772.6875</Y>
				<Z>40.736927</Z>
				<Pitch>-0.525561988</Pitch>
				<Roll>0.558408141</Roll>
				<Yaw>75.8737106</Yaw>
			</PositionRotation>
			<Attachment isAttached="true">
				<AttachedTo>430851</AttachedTo>
				<BoneIndex>0</BoneIndex>
				<X>0.517653584</X>
				<Y>-2.31727839</Y>
				<Z>0.247634888</Z>
				<Pitch>-0.0128623797</Pitch>
				<Roll>0.378227174</Roll>
				<Yaw>-94.0912781</Yaw>
			</Attachment>
		</Attachment>
		<Attachment>
			<ModelHash>0x8c60cce5</ModelHash>
			<Type>3</Type>
			<Dynamic>false</Dynamic>
			<FrozenPos>true</FrozenPos>
			<HashName>prop_golfflag</HashName>
			<InitialHandle>550418</InitialHandle>
			<ObjectProperties>
				<TextureVariation>0</TextureVariation>
			</ObjectProperties>
			<OpacityLevel>255</OpacityLevel>
			<LodDistance>16960</LodDistance>
			<IsVisible>true</IsVisible>
			<MaxHealth>1000</MaxHealth>
			<Health>1000</Health>
			<HasGravity>true</HasGravity>
			<IsOnFire>false</IsOnFire>
			<IsInvincible>false</IsInvincible>
			<IsBulletProof>false</IsBulletProof>
			<IsCollisionProof>false</IsCollisionProof>
			<IsExplosionProof>false</IsExplosionProof>
			<IsFireProof>false</IsFireProof>
			<IsMeleeProof>false</IsMeleeProof>
			<IsOnlyDamagedByPlayer>false</IsOnlyDamagedByPlayer>
			<PositionRotation>
				<X>2051.11401</X>
				<Y>4772.48389</Y>
				<Z>40.7511253</Z>
				<Pitch>-0.509830475</Pitch>
				<Roll>0.598111868</Roll>
				<Yaw>80.3776169</Yaw>
			</PositionRotation>
			<Attachment isAttached="true">
				<AttachedTo>430851</AttachedTo>
				<BoneIndex>0</BoneIndex>
				<X>-0.517544568</X>
				<Y>-2.29379129</Y>
				<Z>0.252735287</Z>
				<Pitch>-0.0128623797</Pitch>
				<Roll>0.378227174</Roll>
				<Yaw>-89.5875244</Yaw>
			</Attachment>
		</Attachment>
		<Attachment>
			<ModelHash>0xd418f9ce</ModelHash>
			<Type>3</Type>
			<Dynamic>false</Dynamic>
			<FrozenPos>true</FrozenPos>
			<HashName>v_serv_ct_binoculars</HashName>
			<InitialHandle>670739</InitialHandle>
			<ObjectProperties>
				<TextureVariation>0</TextureVariation>
			</ObjectProperties>
			<OpacityLevel>255</OpacityLevel>
			<LodDistance>16960</LodDistance>
			<IsVisible>true</IsVisible>
			<MaxHealth>1000</MaxHealth>
			<Health>1000</Health>
			<HasGravity>true</HasGravity>
			<IsOnFire>false</IsOnFire>
			<IsInvincible>false</IsInvincible>
			<IsBulletProof>false</IsBulletProof>
			<IsCollisionProof>false</IsCollisionProof>
			<IsExplosionProof>false</IsExplosionProof>
			<IsFireProof>false</IsFireProof>
			<IsMeleeProof>false</IsMeleeProof>
			<IsOnlyDamagedByPlayer>false</IsOnlyDamagedByPlayer>
			<PositionRotation>
				<X>2050.479</X>
				<Y>4769.77148</Y>
				<Z>40.9854393</Z>
				<Pitch>0.437161028</Pitch>
				<Roll>0.682868063</Roll>
				<Yaw>-157.586212</Yaw>
			</PositionRotation>
			<Attachment isAttached="true">
				<AttachedTo>430851</AttachedTo>
				<BoneIndex>0</BoneIndex>
				<X>-0.36695376</X>
				<Y>0.488424301</Y>
				<Z>0.477867156</Z>
				<Pitch>-0.0128623797</Pitch>
				<Roll>0.378227174</Roll>
				<Yaw>32.4507599</Yaw>
			</Attachment>
		</Attachment>
		<Attachment>
			<ModelHash>0x5707dd4e</ModelHash>
			<Type>3</Type>
			<Dynamic>false</Dynamic>
			<FrozenPos>true</FrozenPos>
			<HashName>prop_rub_planks_03</HashName>
			<InitialHandle>134167</InitialHandle>
			<ObjectProperties>
				<TextureVariation>0</TextureVariation>
			</ObjectProperties>
			<OpacityLevel>255</OpacityLevel>
			<LodDistance>16960</LodDistance>
			<IsVisible>true</IsVisible>
			<MaxHealth>1000</MaxHealth>
			<Health>1000</Health>
			<HasGravity>true</HasGravity>
			<IsOnFire>false</IsOnFire>
			<IsInvincible>false</IsInvincible>
			<IsBulletProof>false</IsBulletProof>
			<IsCollisionProof>false</IsCollisionProof>
			<IsExplosionProof>false</IsExplosionProof>
			<IsFireProof>false</IsFireProof>
			<IsMeleeProof>false</IsMeleeProof>
			<IsOnlyDamagedByPlayer>false</IsOnlyDamagedByPlayer>
			<PositionRotation>
				<X>2049.5896</X>
				<Y>4771.14551</Y>
				<Z>40.9977913</Z>
				<Pitch>-29.5173721</Pitch>
				<Roll>-89.8788452</Roll>
				<Yaw>-99.3034286</Yaw>
			</PositionRotation>
			<Attachment isAttached="true">
				<AttachedTo>430851</AttachedTo>
				<BoneIndex>0</BoneIndex>
				<X>0.748001277</X>
				<Y>-0.709614396</Y>
				<Z>0.504445076</Z>
				<Pitch>-30.0128651</Pitch>
				<Roll>-89.6217117</Roll>
				<Yaw>-269.139923</Yaw>
			</Attachment>
		</Attachment>
	</SpoonerAttachments>
</Vehicle>
