<?xml version="1.0" encoding="ISO-8859-1"?>
<Vehicle menyoo_ver="0.9998744b">
	<ModelHash>0x690a4153</ModelHash>
	<InitialHandle>30467</InitialHandle>
	<VehicleProperties>
		<Colours>
			<Primary>154</Primary>
			<Secondary>0</Secondary>
			<Pearl>0</Pearl>
			<Rim>156</Rim>
			<Mod1_a>0</Mod1_a>
			<Mod1_b>0</Mod1_b>
			<Mod1_c>0</Mod1_c>
			<Mod2_a>6</Mod2_a>
			<Mod2_b>-1</Mod2_b>
			<IsPrimaryColourCustom>false</IsPrimaryColourCustom>
			<IsSecondaryColourCustom>false</IsSecondaryColourCustom>
			<tyreSmoke_R>255</tyreSmoke_R>
			<tyreSmoke_G>255</tyreSmoke_G>
			<tyreSmoke_B>255</tyreSmoke_B>
			<LrInterior>0</LrInterior>
			<LrDashboard>0</LrDashboard>
		</Colours>
		<Livery>-1</Livery>
		<NumberPlateText>81SAO205</NumberPlateText>
		<NumberPlateIndex>2</NumberPlateIndex>
		<WheelType>2</WheelType>
		<WheelsInvisible>false</WheelsInvisible>
		<EngineSoundName></EngineSoundName>
		<WindowTint>-1</WindowTint>
		<BulletProofTyres>true</BulletProofTyres>
		<DirtLevel>0.0356022716</DirtLevel>
		<PaintFade>0.298039228</PaintFade>
		<RoofState>0</RoofState>
		<SirenActive>false</SirenActive>
		<EngineOn>true</EngineOn>
		<EngineHealth>1000</EngineHealth>
		<LightsOn>false</LightsOn>
		<IsRadioLoud>0</IsRadioLoud>
		<LockStatus>1</LockStatus>
		<Neons>
			<Left>false</Left>
			<Right>false</Right>
			<Front>false</Front>
			<Back>false</Back>
			<R>255</R>
			<G>0</G>
			<B>255</B>
		</Neons>
		<ModExtras>
			<_10>true</_10>
			<_11>true</_11>
			<_12>true</_12>
		</ModExtras>
		<Mods>
			<_0>-1,0</_0>
			<_1>-1,0</_1>
			<_2>-1,0</_2>
			<_3>-1,0</_3>
			<_4>-1,0</_4>
			<_5>-1,0</_5>
			<_6>-1,0</_6>
			<_7>-1,0</_7>
			<_8>-1,0</_8>
			<_9>-1,0</_9>
			<_10>-1,0</_10>
			<_11>3,0</_11>
			<_12>2,0</_12>
			<_13>2,0</_13>
			<_14>-1,0</_14>
			<_15>-1,0</_15>
			<_16>4,0</_16>
			<_17>false</_17>
			<_18>true</_18>
			<_19>false</_19>
			<_20>false</_20>
			<_21>false</_21>
			<_22>true</_22>
			<_23>-1,0</_23>
			<_24>-1,0</_24>
			<_25>-1,0</_25>
			<_26>-1,0</_26>
			<_27>-1,0</_27>
			<_28>-1,0</_28>
			<_29>-1,0</_29>
			<_30>-1,0</_30>
			<_31>-1,0</_31>
			<_32>-1,0</_32>
			<_33>-1,0</_33>
			<_34>-1,0</_34>
			<_35>-1,0</_35>
			<_36>-1,0</_36>
			<_37>-1,0</_37>
			<_38>-1,0</_38>
			<_39>-1,0</_39>
			<_40>-1,0</_40>
			<_41>-1,0</_41>
			<_42>-1,0</_42>
			<_43>-1,0</_43>
			<_44>-1,0</_44>
			<_45>-1,0</_45>
			<_46>-1,0</_46>
			<_47>-1,0</_47>
			<_48>-1,0</_48>
		</Mods>
		<DoorsOpen>
			<BackLeftDoor>false</BackLeftDoor>
			<BackRightDoor>false</BackRightDoor>
			<FrontLeftDoor>false</FrontLeftDoor>
			<FrontRightDoor>false</FrontRightDoor>
			<Hood>false</Hood>
			<Trunk>false</Trunk>
			<Trunk2>false</Trunk2>
		</DoorsOpen>
		<DoorsBroken>
			<BackLeftDoor>false</BackLeftDoor>
			<BackRightDoor>false</BackRightDoor>
			<FrontLeftDoor>false</FrontLeftDoor>
			<FrontRightDoor>false</FrontRightDoor>
			<Hood>false</Hood>
			<Trunk>false</Trunk>
			<Trunk2>false</Trunk2>
		</DoorsBroken>
		<TyresBursted>
			<FrontLeft>false</FrontLeft>
			<FrontRight>false</FrontRight>
			<_2>false</_2>
			<_3>false</_3>
			<BackLeft>false</BackLeft>
			<BackRight>false</BackRight>
			<_6>false</_6>
			<_7>false</_7>
			<_8>false</_8>
		</TyresBursted>
	</VehicleProperties>
	<OpacityLevel>255</OpacityLevel>
	<LodDistance>16960</LodDistance>
	<IsVisible>true</IsVisible>
	<IsDriverVisible>true</IsDriverVisible>
	<MaxHealth>1000</MaxHealth>
	<Health>1000</Health>
	<HasGravity>true</HasGravity>
	<IsOnFire>false</IsOnFire>
	<IsInvincible>false</IsInvincible>
	<IsBulletProof>false</IsBulletProof>
	<IsExplosionProof>false</IsExplosionProof>
	<IsFireProof>false</IsFireProof>
	<IsMeleeProof>false</IsMeleeProof>
	<IsOnlyDamagedByPlayer>false</IsOnlyDamagedByPlayer>
	<SpoonerAttachments SetAttachmentsPersistentAndAddToSpoonerDatabase="false" StartTaskSequencesOnLoad="true">
		<Attachment>
			<ModelHash>0x710841e5</ModelHash>
			<Type>3</Type>
			<Dynamic>false</Dynamic>
			<FrozenPos>true</FrozenPos>
			<HashName>prop_scaffold_pole</HashName>
			<InitialHandle>317192</InitialHandle>
			<ObjectProperties>
				<TextureVariation>0</TextureVariation>
			</ObjectProperties>
			<OpacityLevel>255</OpacityLevel>
			<LodDistance>16960</LodDistance>
			<IsVisible>true</IsVisible>
			<MaxHealth>1000</MaxHealth>
			<Health>1000</Health>
			<HasGravity>true</HasGravity>
			<IsOnFire>false</IsOnFire>
			<IsInvincible>false</IsInvincible>
			<IsBulletProof>false</IsBulletProof>
			<IsCollisionProof>false</IsCollisionProof>
			<IsExplosionProof>false</IsExplosionProof>
			<IsFireProof>false</IsFireProof>
			<IsMeleeProof>false</IsMeleeProof>
			<IsOnlyDamagedByPlayer>false</IsOnlyDamagedByPlayer>
			<PositionRotation>
				<X>-725.298035</X>
				<Y>-1457.12073</Y>
				<Z>5.02811432</Z>
				<Pitch>-89.7258835</Pitch>
				<Roll>-0.900960147</Roll>
				<Yaw>14.2805147</Yaw>
			</PositionRotation>
			<Attachment isAttached="true">
				<AttachedTo>30467</AttachedTo>
				<BoneIndex>0</BoneIndex>
				<X>0.575966001</X>
				<Y>1.12918532</Y>
				<Z>0.321345299</Z>
				<Pitch>-90.0057068</Pitch>
				<Roll>-96.7478485</Roll>
				<Yaw>-4.96899796</Yaw>
			</Attachment>
		</Attachment>
		<Attachment>
			<ModelHash>0x856e5e8e</ModelHash>
			<Type>3</Type>
			<Dynamic>false</Dynamic>
			<FrozenPos>true</FrozenPos>
			<HashName>w_mg_mg</HashName>
			<InitialHandle>334601</InitialHandle>
			<ObjectProperties>
				<TextureVariation>0</TextureVariation>
			</ObjectProperties>
			<OpacityLevel>255</OpacityLevel>
			<LodDistance>16960</LodDistance>
			<IsVisible>true</IsVisible>
			<MaxHealth>1000</MaxHealth>
			<Health>1000</Health>
			<HasGravity>true</HasGravity>
			<IsOnFire>false</IsOnFire>
			<IsInvincible>false</IsInvincible>
			<IsBulletProof>false</IsBulletProof>
			<IsCollisionProof>false</IsCollisionProof>
			<IsExplosionProof>false</IsExplosionProof>
			<IsFireProof>false</IsFireProof>
			<IsMeleeProof>false</IsMeleeProof>
			<IsOnlyDamagedByPlayer>false</IsOnlyDamagedByPlayer>
			<PositionRotation>
				<X>-725.259583</X>
				<Y>-1457.08667</Y>
				<Z>5.05482864</Z>
				<Pitch>0.268388897</Pitch>
				<Roll>-0.00391003164</Roll>
				<Yaw>14.6956596</Yaw>
			</PositionRotation>
			<Attachment isAttached="true">
				<AttachedTo>30467</AttachedTo>
				<BoneIndex>0</BoneIndex>
				<X>0.551580608</X>
				<Y>1.1744945</Y>
				<Z>0.347942263</Z>
				<Pitch>-0.00571019994</Pitch>
				<Roll>0.00375070702</Roll>
				<Yaw>91.2930374</Yaw>
			</Attachment>
		</Attachment>
		<Attachment>
			<ModelHash>0x856e5e8e</ModelHash>
			<Type>3</Type>
			<Dynamic>false</Dynamic>
			<FrozenPos>true</FrozenPos>
			<HashName>w_mg_mg</HashName>
			<InitialHandle>694793</InitialHandle>
			<ObjectProperties>
				<TextureVariation>0</TextureVariation>
			</ObjectProperties>
			<OpacityLevel>255</OpacityLevel>
			<LodDistance>16960</LodDistance>
			<IsVisible>true</IsVisible>
			<MaxHealth>1000</MaxHealth>
			<Health>1000</Health>
			<HasGravity>true</HasGravity>
			<IsOnFire>false</IsOnFire>
			<IsInvincible>false</IsInvincible>
			<IsBulletProof>false</IsBulletProof>
			<IsCollisionProof>false</IsCollisionProof>
			<IsExplosionProof>false</IsExplosionProof>
			<IsFireProof>false</IsFireProof>
			<IsMeleeProof>false</IsMeleeProof>
			<IsOnlyDamagedByPlayer>false</IsOnlyDamagedByPlayer>
			<PositionRotation>
				<X>-725.365051</X>
				<Y>-1456.7124</Y>
				<Z>5.06820488</Z>
				<Pitch>0.268276274</Pitch>
				<Roll>-0.00722270226</Roll>
				<Yaw>15.388257</Yaw>
			</PositionRotation>
			<Attachment isAttached="true">
				<AttachedTo>30467</AttachedTo>
				<BoneIndex>0</BoneIndex>
				<X>0.163105205</X>
				<Y>1.15864289</Y>
				<Z>0.359460086</Z>
				<Pitch>-0.00571019994</Pitch>
				<Roll>0.00375070702</Roll>
				<Yaw>91.9856262</Yaw>
			</Attachment>
		</Attachment>
		<Attachment>
			<ModelHash>0xe2ba016f</ModelHash>
			<Type>3</Type>
			<Dynamic>false</Dynamic>
			<FrozenPos>true</FrozenPos>
			<HashName>prop_cs_katana_01</HashName>
			<InitialHandle>226059</InitialHandle>
			<ObjectProperties>
				<TextureVariation>0</TextureVariation>
			</ObjectProperties>
			<OpacityLevel>255</OpacityLevel>
			<LodDistance>16960</LodDistance>
			<IsVisible>true</IsVisible>
			<MaxHealth>1000</MaxHealth>
			<Health>1000</Health>
			<HasGravity>true</HasGravity>
			<IsOnFire>false</IsOnFire>
			<IsInvincible>false</IsInvincible>
			<IsBulletProof>false</IsBulletProof>
			<IsCollisionProof>false</IsCollisionProof>
			<IsExplosionProof>false</IsExplosionProof>
			<IsFireProof>false</IsFireProof>
			<IsMeleeProof>false</IsMeleeProof>
			<IsOnlyDamagedByPlayer>false</IsOnlyDamagedByPlayer>
			<PositionRotation>
				<X>-724.339844</X>
				<Y>-1457.11169</Y>
				<Z>4.67804384</Z>
				<Pitch>0.268143743</Pitch>
				<Roll>89.9898376</Roll>
				<Yaw>15.9923716</Yaw>
			</PositionRotation>
			<Attachment isAttached="true">
				<AttachedTo>30467</AttachedTo>
				<BoneIndex>0</BoneIndex>
				<X>0.790954649</X>
				<Y>2.06338286</Y>
				<Z>-0.0277241915</Z>
				<Pitch>-0.00571018644</Pitch>
				<Roll>90.0037155</Roll>
				<Yaw>92.5897293</Yaw>
			</Attachment>
		</Attachment>
		<Attachment>
			<ModelHash>0xe2ba016f</ModelHash>
			<Type>3</Type>
			<Dynamic>false</Dynamic>
			<FrozenPos>true</FrozenPos>
			<HashName>prop_cs_katana_01</HashName>
			<InitialHandle>215819</InitialHandle>
			<ObjectProperties>
				<TextureVariation>0</TextureVariation>
			</ObjectProperties>
			<OpacityLevel>255</OpacityLevel>
			<LodDistance>16960</LodDistance>
			<IsVisible>true</IsVisible>
			<MaxHealth>1000</MaxHealth>
			<Health>1000</Health>
			<HasGravity>true</HasGravity>
			<IsOnFire>false</IsOnFire>
			<IsInvincible>false</IsInvincible>
			<IsBulletProof>false</IsBulletProof>
			<IsCollisionProof>false</IsCollisionProof>
			<IsExplosionProof>false</IsExplosionProof>
			<IsFireProof>false</IsFireProof>
			<IsMeleeProof>false</IsMeleeProof>
			<IsOnlyDamagedByPlayer>false</IsOnlyDamagedByPlayer>
			<PositionRotation>
				<X>-724.381287</X>
				<Y>-1456.94739</Y>
				<Z>4.67913914</Z>
				<Pitch>0.26826337</Pitch>
				<Roll>89.9923248</Roll>
				<Yaw>15.4726295</Yaw>
			</PositionRotation>
			<Attachment isAttached="true">
				<AttachedTo>30467</AttachedTo>
				<BoneIndex>0</BoneIndex>
				<X>0.621493399</X>
				<Y>2.06115985</Y>
				<Z>-0.0274396501</Z>
				<Pitch>-0.00571019761</Pitch>
				<Roll>90.0037155</Roll>
				<Yaw>92.0699997</Yaw>
			</Attachment>
		</Attachment>
		<Attachment>
			<ModelHash>0xe2ba016f</ModelHash>
			<Type>3</Type>
			<Dynamic>false</Dynamic>
			<FrozenPos>true</FrozenPos>
			<HashName>prop_cs_katana_01</HashName>
			<InitialHandle>242443</InitialHandle>
			<ObjectProperties>
				<TextureVariation>0</TextureVariation>
			</ObjectProperties>
			<OpacityLevel>255</OpacityLevel>
			<LodDistance>16960</LodDistance>
			<IsVisible>true</IsVisible>
			<MaxHealth>1000</MaxHealth>
			<Health>1000</Health>
			<HasGravity>true</HasGravity>
			<IsOnFire>false</IsOnFire>
			<IsInvincible>false</IsInvincible>
			<IsBulletProof>false</IsBulletProof>
			<IsCollisionProof>false</IsCollisionProof>
			<IsExplosionProof>false</IsExplosionProof>
			<IsFireProof>false</IsFireProof>
			<IsMeleeProof>false</IsMeleeProof>
			<IsOnlyDamagedByPlayer>false</IsOnlyDamagedByPlayer>
			<PositionRotation>
				<X>-724.84491</X>
				<Y>-1455.56067</Y>
				<Z>4.69386864</Z>
				<Pitch>-0.000458876224</Pitch>
				<Roll>89.972374</Roll>
				<Yaw>14.9361219</Yaw>
			</PositionRotation>
			<Attachment isAttached="true">
				<AttachedTo>30467</AttachedTo>
				<BoneIndex>0</BoneIndex>
				<X>-0.834936917</X>
				<Y>1.93160307</Y>
				<Z>-0.0196768418</Z>
				<Pitch>-0.274522275</Pitch>
				<Roll>89.9811783</Roll>
				<Yaw>91.5335388</Yaw>
			</Attachment>
		</Attachment>
		<Attachment>
			<ModelHash>0xe2ba016f</ModelHash>
			<Type>3</Type>
			<Dynamic>false</Dynamic>
			<FrozenPos>true</FrozenPos>
			<HashName>prop_cs_katana_01</HashName>
			<InitialHandle>112139</InitialHandle>
			<ObjectProperties>
				<TextureVariation>0</TextureVariation>
			</ObjectProperties>
			<OpacityLevel>255</OpacityLevel>
			<LodDistance>16960</LodDistance>
			<IsVisible>true</IsVisible>
			<MaxHealth>1000</MaxHealth>
			<Health>1000</Health>
			<HasGravity>true</HasGravity>
			<IsOnFire>false</IsOnFire>
			<IsInvincible>false</IsInvincible>
			<IsBulletProof>false</IsBulletProof>
			<IsCollisionProof>false</IsCollisionProof>
			<IsExplosionProof>false</IsExplosionProof>
			<IsFireProof>false</IsFireProof>
			<IsMeleeProof>false</IsMeleeProof>
			<IsOnlyDamagedByPlayer>false</IsOnlyDamagedByPlayer>
			<PositionRotation>
				<X>-724.668152</X>
				<Y>-1455.72205</Y>
				<Z>4.68480253</Z>
				<Pitch>0.268473178</Pitch>
				<Roll>89.9998016</Roll>
				<Yaw>13.9134274</Yaw>
			</PositionRotation>
			<Attachment isAttached="true">
				<AttachedTo>30467</AttachedTo>
				<BoneIndex>0</BoneIndex>
				<X>-0.636919379</X>
				<Y>2.06612492</Y>
				<Z>-0.0277988408</Z>
				<Pitch>-0.00571014639</Pitch>
				<Roll>90.0037231</Roll>
				<Yaw>90.5108109</Yaw>
			</Attachment>
		</Attachment>
		<Attachment>
			<ModelHash>0xe2ba016f</ModelHash>
			<Type>3</Type>
			<Dynamic>false</Dynamic>
			<FrozenPos>true</FrozenPos>
			<HashName>prop_cs_katana_01</HashName>
			<InitialHandle>278283</InitialHandle>
			<ObjectProperties>
				<TextureVariation>0</TextureVariation>
			</ObjectProperties>
			<OpacityLevel>255</OpacityLevel>
			<LodDistance>16960</LodDistance>
			<IsVisible>true</IsVisible>
			<MaxHealth>1000</MaxHealth>
			<Health>1000</Health>
			<HasGravity>true</HasGravity>
			<IsOnFire>false</IsOnFire>
			<IsInvincible>false</IsInvincible>
			<IsBulletProof>false</IsBulletProof>
			<IsCollisionProof>false</IsCollisionProof>
			<IsExplosionProof>false</IsExplosionProof>
			<IsFireProof>false</IsFireProof>
			<IsMeleeProof>false</IsMeleeProof>
			<IsOnlyDamagedByPlayer>false</IsOnlyDamagedByPlayer>
			<PositionRotation>
				<X>-724.657715</X>
				<Y>-1455.92969</Y>
				<Z>4.6423955</Z>
				<Pitch>-0.000408934633</Pitch>
				<Roll>89.9740143</Roll>
				<Yaw>14.5895786</Yaw>
			</PositionRotation>
			<Attachment isAttached="true">
				<AttachedTo>30467</AttachedTo>
				<BoneIndex>0</BoneIndex>
				<X>-0.432353556</X>
				<Y>2.02813458</Y>
				<Z>-0.06922663</Z>
				<Pitch>-0.274522156</Pitch>
				<Roll>89.9811783</Roll>
				<Yaw>91.1869965</Yaw>
			</Attachment>
		</Attachment>
		<Attachment>
			<ModelHash>0xe2ba016f</ModelHash>
			<Type>3</Type>
			<Dynamic>false</Dynamic>
			<FrozenPos>true</FrozenPos>
			<HashName>prop_cs_katana_01</HashName>
			<InitialHandle>334347</InitialHandle>
			<ObjectProperties>
				<TextureVariation>0</TextureVariation>
			</ObjectProperties>
			<OpacityLevel>255</OpacityLevel>
			<LodDistance>16960</LodDistance>
			<IsVisible>true</IsVisible>
			<MaxHealth>1000</MaxHealth>
			<Health>1000</Health>
			<HasGravity>true</HasGravity>
			<IsOnFire>false</IsOnFire>
			<IsInvincible>false</IsInvincible>
			<IsBulletProof>false</IsBulletProof>
			<IsCollisionProof>false</IsCollisionProof>
			<IsExplosionProof>false</IsExplosionProof>
			<IsFireProof>false</IsFireProof>
			<IsMeleeProof>false</IsMeleeProof>
			<IsOnlyDamagedByPlayer>false</IsOnlyDamagedByPlayer>
			<PositionRotation>
				<X>-724.590576</X>
				<Y>-1456.12036</Y>
				<Z>4.65468931</Z>
				<Pitch>0.268468112</Pitch>
				<Roll>89.999794</Roll>
				<Yaw>13.9133005</Yaw>
			</PositionRotation>
			<Attachment isAttached="true">
				<AttachedTo>30467</AttachedTo>
				<BoneIndex>0</BoneIndex>
				<X>-0.23134391</X>
				<Y>2.04923534</Y>
				<Z>-0.0559709296</Z>
				<Pitch>-0.00570993312</Pitch>
				<Roll>90.0037155</Roll>
				<Yaw>90.5106812</Yaw>
			</Attachment>
		</Attachment>
		<Attachment>
			<ModelHash>0xe2ba016f</ModelHash>
			<Type>3</Type>
			<Dynamic>false</Dynamic>
			<FrozenPos>true</FrozenPos>
			<HashName>prop_cs_katana_01</HashName>
			<InitialHandle>5897</InitialHandle>
			<ObjectProperties>
				<TextureVariation>0</TextureVariation>
			</ObjectProperties>
			<OpacityLevel>255</OpacityLevel>
			<LodDistance>16960</LodDistance>
			<IsVisible>true</IsVisible>
			<MaxHealth>1000</MaxHealth>
			<Health>1000</Health>
			<HasGravity>true</HasGravity>
			<IsOnFire>false</IsOnFire>
			<IsInvincible>false</IsInvincible>
			<IsBulletProof>false</IsBulletProof>
			<IsCollisionProof>false</IsCollisionProof>
			<IsExplosionProof>false</IsExplosionProof>
			<IsFireProof>false</IsFireProof>
			<IsMeleeProof>false</IsMeleeProof>
			<IsOnlyDamagedByPlayer>false</IsOnlyDamagedByPlayer>
			<PositionRotation>
				<X>-724.589844</X>
				<Y>-1456.20007</Y>
				<Z>4.68145704</Z>
				<Pitch>-0.000485021359</Pitch>
				<Roll>89.9715195</Roll>
				<Yaw>15.1091681</Yaw>
			</PositionRotation>
			<Attachment isAttached="true">
				<AttachedTo>30467</AttachedTo>
				<BoneIndex>0</BoneIndex>
				<X>-0.153791204</X>
				<Y>2.03146648</Y>
				<Z>-0.0288313683</Z>
				<Pitch>-0.274522156</Pitch>
				<Roll>89.981163</Roll>
				<Yaw>91.7065887</Yaw>
			</Attachment>
		</Attachment>
		<Attachment>
			<ModelHash>0xe2ba016f</ModelHash>
			<Type>3</Type>
			<Dynamic>false</Dynamic>
			<FrozenPos>true</FrozenPos>
			<HashName>prop_cs_katana_01</HashName>
			<InitialHandle>445451</InitialHandle>
			<ObjectProperties>
				<TextureVariation>0</TextureVariation>
			</ObjectProperties>
			<OpacityLevel>255</OpacityLevel>
			<LodDistance>16960</LodDistance>
			<IsVisible>true</IsVisible>
			<MaxHealth>1000</MaxHealth>
			<Health>1000</Health>
			<HasGravity>true</HasGravity>
			<IsOnFire>false</IsOnFire>
			<IsInvincible>false</IsInvincible>
			<IsBulletProof>false</IsBulletProof>
			<IsCollisionProof>false</IsCollisionProof>
			<IsExplosionProof>false</IsExplosionProof>
			<IsFireProof>false</IsFireProof>
			<IsMeleeProof>false</IsMeleeProof>
			<IsOnlyDamagedByPlayer>false</IsOnlyDamagedByPlayer>
			<PositionRotation>
				<X>-724.526367</X>
				<Y>-1456.4397</Y>
				<Z>4.69581795</Z>
				<Pitch>0.268353701</Pitch>
				<Roll>89.994812</Roll>
				<Yaw>14.9525061</Yaw>
			</PositionRotation>
			<Attachment isAttached="true">
				<AttachedTo>30467</AttachedTo>
				<BoneIndex>0</BoneIndex>
				<X>0.0939795896</X>
				<Y>2.03769064</Y>
				<Z>-0.0132845836</Z>
				<Pitch>-0.00571020646</Pitch>
				<Roll>90.0037155</Roll>
				<Yaw>91.549881</Yaw>
			</Attachment>
		</Attachment>
		<Attachment>
			<ModelHash>0xe2ba016f</ModelHash>
			<Type>3</Type>
			<Dynamic>false</Dynamic>
			<FrozenPos>true</FrozenPos>
			<HashName>prop_cs_katana_01</HashName>
			<InitialHandle>463627</InitialHandle>
			<ObjectProperties>
				<TextureVariation>0</TextureVariation>
			</ObjectProperties>
			<OpacityLevel>255</OpacityLevel>
			<LodDistance>16960</LodDistance>
			<IsVisible>true</IsVisible>
			<MaxHealth>1000</MaxHealth>
			<Health>1000</Health>
			<HasGravity>true</HasGravity>
			<IsOnFire>false</IsOnFire>
			<IsInvincible>false</IsInvincible>
			<IsBulletProof>false</IsBulletProof>
			<IsCollisionProof>false</IsCollisionProof>
			<IsExplosionProof>false</IsExplosionProof>
			<IsFireProof>false</IsFireProof>
			<IsMeleeProof>false</IsMeleeProof>
			<IsOnlyDamagedByPlayer>false</IsOnlyDamagedByPlayer>
			<PositionRotation>
				<X>-724.484192</X>
				<Y>-1456.60156</Y>
				<Z>4.66469288</Z>
				<Pitch>0.26832214</Pitch>
				<Roll>89.9939957</Roll>
				<Yaw>15.1256781</Yaw>
			</PositionRotation>
			<Attachment isAttached="true">
				<AttachedTo>30467</AttachedTo>
				<BoneIndex>0</BoneIndex>
				<X>0.261378407</X>
				<Y>2.04118085</Y>
				<Z>-0.0436089039</Z>
				<Pitch>-0.00571020646</Pitch>
				<Roll>90.0037155</Roll>
				<Yaw>91.723053</Yaw>
			</Attachment>
		</Attachment>
		<Attachment>
			<ModelHash>0xe2ba016f</ModelHash>
			<Type>3</Type>
			<Dynamic>false</Dynamic>
			<FrozenPos>true</FrozenPos>
			<HashName>prop_cs_katana_01</HashName>
			<InitialHandle>471563</InitialHandle>
			<ObjectProperties>
				<TextureVariation>0</TextureVariation>
			</ObjectProperties>
			<OpacityLevel>255</OpacityLevel>
			<LodDistance>16960</LodDistance>
			<IsVisible>true</IsVisible>
			<MaxHealth>1000</MaxHealth>
			<Health>1000</Health>
			<HasGravity>true</HasGravity>
			<IsOnFire>false</IsOnFire>
			<IsInvincible>false</IsInvincible>
			<IsBulletProof>false</IsBulletProof>
			<IsCollisionProof>false</IsCollisionProof>
			<IsExplosionProof>false</IsExplosionProof>
			<IsFireProof>false</IsFireProof>
			<IsMeleeProof>false</IsMeleeProof>
			<IsOnlyDamagedByPlayer>false</IsOnlyDamagedByPlayer>
			<PositionRotation>
				<X>-724.452332</X>
				<Y>-1456.72388</Y>
				<Z>4.64126396</Z>
				<Pitch>0.268266916</Pitch>
				<Roll>89.9923172</Roll>
				<Yaw>15.4720478</Yaw>
			</PositionRotation>
			<Attachment isAttached="true">
				<AttachedTo>30467</AttachedTo>
				<BoneIndex>0</BoneIndex>
				<X>0.387766182</X>
				<Y>2.04382849</Y>
				<Z>-0.0664336234</Z>
				<Pitch>-0.0057102032</Pitch>
				<Roll>90.0037003</Roll>
				<Yaw>92.0694122</Yaw>
			</Attachment>
		</Attachment>
		<Attachment>
			<ModelHash>0x45c35f6a</ModelHash>
			<Type>3</Type>
			<Dynamic>false</Dynamic>
			<FrozenPos>true</FrozenPos>
			<HashName>prop_dock_shippad</HashName>
			<InitialHandle>526863</InitialHandle>
			<ObjectProperties>
				<TextureVariation>0</TextureVariation>
			</ObjectProperties>
			<OpacityLevel>255</OpacityLevel>
			<LodDistance>16960</LodDistance>
			<IsVisible>true</IsVisible>
			<MaxHealth>1000</MaxHealth>
			<Health>1000</Health>
			<HasGravity>true</HasGravity>
			<IsOnFire>false</IsOnFire>
			<IsInvincible>false</IsInvincible>
			<IsBulletProof>false</IsBulletProof>
			<IsCollisionProof>false</IsCollisionProof>
			<IsExplosionProof>false</IsExplosionProof>
			<IsFireProof>false</IsFireProof>
			<IsMeleeProof>false</IsMeleeProof>
			<IsOnlyDamagedByPlayer>false</IsOnlyDamagedByPlayer>
			<PositionRotation>
				<X>-726.613586</X>
				<Y>-1456.13123</Y>
				<Z>4.01371574</Z>
				<Pitch>-0.279806435</Pitch>
				<Roll>-0.00401204964</Roll>
				<Yaw>-168.527527</Yaw>
			</PositionRotation>
			<Attachment isAttached="true">
				<AttachedTo>30467</AttachedTo>
				<BoneIndex>0</BoneIndex>
				<X>-0.686682701</X>
				<Y>0.0787947029</Y>
				<Z>-0.69908011</Z>
				<Pitch>-0.00571019994</Pitch>
				<Roll>0.00375070702</Roll>
				<Yaw>-91.93013</Yaw>
			</Attachment>
		</Attachment>
		<Attachment>
			<ModelHash>0x45c35f6a</ModelHash>
			<Type>3</Type>
			<Dynamic>false</Dynamic>
			<FrozenPos>true</FrozenPos>
			<HashName>prop_dock_shippad</HashName>
			<InitialHandle>613135</InitialHandle>
			<ObjectProperties>
				<TextureVariation>0</TextureVariation>
			</ObjectProperties>
			<OpacityLevel>255</OpacityLevel>
			<LodDistance>16960</LodDistance>
			<IsVisible>true</IsVisible>
			<MaxHealth>1000</MaxHealth>
			<Health>1000</Health>
			<HasGravity>true</HasGravity>
			<IsOnFire>false</IsOnFire>
			<IsInvincible>false</IsInvincible>
			<IsBulletProof>false</IsBulletProof>
			<IsCollisionProof>false</IsCollisionProof>
			<IsExplosionProof>false</IsExplosionProof>
			<IsFireProof>false</IsFireProof>
			<IsMeleeProof>false</IsMeleeProof>
			<IsOnlyDamagedByPlayer>false</IsOnlyDamagedByPlayer>
			<PositionRotation>
				<X>-727.448303</X>
				<Y>-1456.31824</Y>
				<Z>4.01383495</Z>
				<Pitch>-0.279828727</Pitch>
				<Roll>-0.00318167498</Roll>
				<Yaw>-168.353958</Yaw>
			</PositionRotation>
			<Attachment isAttached="true">
				<AttachedTo>30467</AttachedTo>
				<BoneIndex>0</BoneIndex>
				<X>-0.698186457</X>
				<Y>-0.776520371</Y>
				<Z>-0.6989941</Z>
				<Pitch>-0.00571019994</Pitch>
				<Roll>0.00375070702</Roll>
				<Yaw>-91.7565613</Yaw>
			</Attachment>
		</Attachment>
		<Attachment>
			<ModelHash>0x45c35f6a</ModelHash>
			<Type>3</Type>
			<Dynamic>false</Dynamic>
			<FrozenPos>true</FrozenPos>
			<HashName>prop_dock_shippad</HashName>
			<InitialHandle>658191</InitialHandle>
			<ObjectProperties>
				<TextureVariation>0</TextureVariation>
			</ObjectProperties>
			<OpacityLevel>255</OpacityLevel>
			<LodDistance>16960</LodDistance>
			<IsVisible>true</IsVisible>
			<MaxHealth>1000</MaxHealth>
			<Health>1000</Health>
			<HasGravity>true</HasGravity>
			<IsOnFire>false</IsOnFire>
			<IsInvincible>false</IsInvincible>
			<IsBulletProof>false</IsBulletProof>
			<IsCollisionProof>false</IsCollisionProof>
			<IsExplosionProof>false</IsExplosionProof>
			<IsFireProof>false</IsFireProof>
			<IsMeleeProof>false</IsMeleeProof>
			<IsOnlyDamagedByPlayer>false</IsOnlyDamagedByPlayer>
			<PositionRotation>
				<X>-725.605774</X>
				<Y>-1455.94519</Y>
				<Z>4.01338482</Z>
				<Pitch>-0.279828727</Pitch>
				<Roll>-0.00318167498</Roll>
				<Yaw>-168.353958</Yaw>
			</PositionRotation>
			<Attachment isAttached="true">
				<AttachedTo>30467</AttachedTo>
				<BoneIndex>0</BoneIndex>
				<X>-0.633994699</X>
				<Y>1.10230112</Y>
				<Z>-0.69918555</Z>
				<Pitch>-0.00571019994</Pitch>
				<Roll>0.00375070702</Roll>
				<Yaw>-91.7565613</Yaw>
			</Attachment>
		</Attachment>
		<Attachment>
			<ModelHash>0x45c35f6a</ModelHash>
			<Type>3</Type>
			<Dynamic>false</Dynamic>
			<FrozenPos>true</FrozenPos>
			<HashName>prop_dock_shippad</HashName>
			<InitialHandle>52752</InitialHandle>
			<ObjectProperties>
				<TextureVariation>0</TextureVariation>
			</ObjectProperties>
			<OpacityLevel>255</OpacityLevel>
			<LodDistance>16960</LodDistance>
			<IsVisible>true</IsVisible>
			<MaxHealth>1000</MaxHealth>
			<Health>1000</Health>
			<HasGravity>true</HasGravity>
			<IsOnFire>false</IsOnFire>
			<IsInvincible>false</IsInvincible>
			<IsBulletProof>false</IsBulletProof>
			<IsCollisionProof>false</IsCollisionProof>
			<IsExplosionProof>false</IsExplosionProof>
			<IsFireProof>false</IsFireProof>
			<IsMeleeProof>false</IsMeleeProof>
			<IsOnlyDamagedByPlayer>false</IsOnlyDamagedByPlayer>
			<PositionRotation>
				<X>-725.166382</X>
				<Y>-1457.14148</Y>
				<Z>4.11425304</Z>
				<Pitch>0.268495142</Pitch>
				<Roll>0.00439246511</Roll>
				<Yaw>12.9606276</Yaw>
			</PositionRotation>
			<Attachment isAttached="true">
				<AttachedTo>30467</AttachedTo>
				<BoneIndex>0</BoneIndex>
				<X>0.63101685</X>
				<Y>1.25246263</Y>
				<Z>-0.592265785</Z>
				<Pitch>-0.00571019994</Pitch>
				<Roll>0.00375070702</Roll>
				<Yaw>89.5580292</Yaw>
			</Attachment>
		</Attachment>
		<Attachment>
			<ModelHash>0x45c35f6a</ModelHash>
			<Type>3</Type>
			<Dynamic>false</Dynamic>
			<FrozenPos>true</FrozenPos>
			<HashName>prop_dock_shippad</HashName>
			<InitialHandle>41232</InitialHandle>
			<ObjectProperties>
				<TextureVariation>0</TextureVariation>
			</ObjectProperties>
			<OpacityLevel>255</OpacityLevel>
			<LodDistance>16960</LodDistance>
			<IsVisible>true</IsVisible>
			<MaxHealth>1000</MaxHealth>
			<Health>1000</Health>
			<HasGravity>true</HasGravity>
			<IsOnFire>false</IsOnFire>
			<IsInvincible>false</IsInvincible>
			<IsBulletProof>false</IsBulletProof>
			<IsCollisionProof>false</IsCollisionProof>
			<IsExplosionProof>false</IsExplosionProof>
			<IsFireProof>false</IsFireProof>
			<IsMeleeProof>false</IsMeleeProof>
			<IsOnlyDamagedByPlayer>false</IsOnlyDamagedByPlayer>
			<PositionRotation>
				<X>-726.126648</X>
				<Y>-1457.36401</Y>
				<Z>4.10733652</Z>
				<Pitch>0.268495142</Pitch>
				<Roll>0.00439246511</Roll>
				<Yaw>12.9606276</Yaw>
			</PositionRotation>
			<Attachment isAttached="true">
				<AttachedTo>30467</AttachedTo>
				<BoneIndex>0</BoneIndex>
				<X>0.624956667</X>
				<Y>0.266731352</Y>
				<Z>-0.599186063</Z>
				<Pitch>-0.00571019994</Pitch>
				<Roll>0.00375070702</Roll>
				<Yaw>89.5580292</Yaw>
			</Attachment>
		</Attachment>
		<Attachment>
			<ModelHash>0x45c35f6a</ModelHash>
			<Type>3</Type>
			<Dynamic>false</Dynamic>
			<FrozenPos>true</FrozenPos>
			<HashName>prop_dock_shippad</HashName>
			<InitialHandle>24592</InitialHandle>
			<ObjectProperties>
				<TextureVariation>0</TextureVariation>
			</ObjectProperties>
			<OpacityLevel>255</OpacityLevel>
			<LodDistance>16960</LodDistance>
			<IsVisible>true</IsVisible>
			<MaxHealth>1000</MaxHealth>
			<Health>1000</Health>
			<HasGravity>true</HasGravity>
			<IsOnFire>false</IsOnFire>
			<IsInvincible>false</IsInvincible>
			<IsBulletProof>false</IsBulletProof>
			<IsCollisionProof>false</IsCollisionProof>
			<IsExplosionProof>false</IsExplosionProof>
			<IsFireProof>false</IsFireProof>
			<IsMeleeProof>false</IsMeleeProof>
			<IsOnlyDamagedByPlayer>false</IsOnlyDamagedByPlayer>
			<PositionRotation>
				<X>-727.086975</X>
				<Y>-1457.60559</Y>
				<Z>4.10735083</Z>
				<Pitch>0.268495142</Pitch>
				<Roll>0.00439246511</Roll>
				<Yaw>12.9606276</Yaw>
			</PositionRotation>
			<Attachment isAttached="true">
				<AttachedTo>30467</AttachedTo>
				<BoneIndex>0</BoneIndex>
				<X>0.637385964</X>
				<Y>-0.72340703</Y>
				<Z>-0.59908694</Z>
				<Pitch>-0.00571019994</Pitch>
				<Roll>0.00375070702</Roll>
				<Yaw>89.5580292</Yaw>
			</Attachment>
		</Attachment>
		<Attachment>
			<ModelHash>0x45c35f6a</ModelHash>
			<Type>3</Type>
			<Dynamic>false</Dynamic>
			<FrozenPos>true</FrozenPos>
			<HashName>prop_dock_shippad</HashName>
			<InitialHandle>6674</InitialHandle>
			<ObjectProperties>
				<TextureVariation>0</TextureVariation>
			</ObjectProperties>
			<OpacityLevel>255</OpacityLevel>
			<LodDistance>16960</LodDistance>
			<IsVisible>true</IsVisible>
			<MaxHealth>1000</MaxHealth>
			<Health>1000</Health>
			<HasGravity>true</HasGravity>
			<IsOnFire>false</IsOnFire>
			<IsInvincible>false</IsInvincible>
			<IsBulletProof>false</IsBulletProof>
			<IsCollisionProof>false</IsCollisionProof>
			<IsExplosionProof>false</IsExplosionProof>
			<IsFireProof>false</IsFireProof>
			<IsMeleeProof>false</IsMeleeProof>
			<IsOnlyDamagedByPlayer>false</IsOnlyDamagedByPlayer>
			<PositionRotation>
				<X>-727.072144</X>
				<Y>-1457.85681</Y>
				<Z>4.7109828</Z>
				<Pitch>-49.7315636</Pitch>
				<Roll>0.00900176447</Roll>
				<Yaw>12.3896742</Yaw>
			</PositionRotation>
			<Attachment isAttached="true">
				<AttachedTo>30467</AttachedTo>
				<BoneIndex>0</BoneIndex>
				<X>0.882297099</X>
				<Y>-0.767186165</Y>
				<Z>0.00572501263</Z>
				<Pitch>-50.0057449</Pitch>
				<Roll>0.00375120505</Roll>
				<Yaw>88.9830551</Yaw>
			</Attachment>
		</Attachment>
		<Attachment>
			<ModelHash>0x45c35f6a</ModelHash>
			<Type>3</Type>
			<Dynamic>false</Dynamic>
			<FrozenPos>true</FrozenPos>
			<HashName>prop_dock_shippad</HashName>
			<InitialHandle>484882</InitialHandle>
			<ObjectProperties>
				<TextureVariation>0</TextureVariation>
			</ObjectProperties>
			<OpacityLevel>255</OpacityLevel>
			<LodDistance>16960</LodDistance>
			<IsVisible>true</IsVisible>
			<MaxHealth>1000</MaxHealth>
			<Health>1000</Health>
			<HasGravity>true</HasGravity>
			<IsOnFire>false</IsOnFire>
			<IsInvincible>false</IsInvincible>
			<IsBulletProof>false</IsBulletProof>
			<IsCollisionProof>false</IsCollisionProof>
			<IsExplosionProof>false</IsExplosionProof>
			<IsFireProof>false</IsFireProof>
			<IsMeleeProof>false</IsMeleeProof>
			<IsOnlyDamagedByPlayer>false</IsOnlyDamagedByPlayer>
			<PositionRotation>
				<X>-726.146912</X>
				<Y>-1457.65259</Y>
				<Z>4.71083784</Z>
				<Pitch>-49.7316284</Pitch>
				<Roll>-0.00831029657</Roll>
				<Yaw>14.7148476</Yaw>
			</PositionRotation>
			<Attachment isAttached="true">
				<AttachedTo>30467</AttachedTo>
				<BoneIndex>0</BoneIndex>
				<X>0.898111165</X>
				<Y>0.180136338</Y>
				<Z>0.00563147245</Z>
				<Pitch>-50.0057182</Pitch>
				<Roll>0.00375074847</Roll>
				<Yaw>91.3214645</Yaw>
			</Attachment>
		</Attachment>
		<Attachment>
			<ModelHash>0x45c35f6a</ModelHash>
			<Type>3</Type>
			<Dynamic>false</Dynamic>
			<FrozenPos>true</FrozenPos>
			<HashName>prop_dock_shippad</HashName>
			<InitialHandle>638482</InitialHandle>
			<ObjectProperties>
				<TextureVariation>0</TextureVariation>
			</ObjectProperties>
			<OpacityLevel>255</OpacityLevel>
			<LodDistance>16960</LodDistance>
			<IsVisible>true</IsVisible>
			<MaxHealth>1000</MaxHealth>
			<Health>1000</Health>
			<HasGravity>true</HasGravity>
			<IsOnFire>false</IsOnFire>
			<IsInvincible>false</IsInvincible>
			<IsBulletProof>false</IsBulletProof>
			<IsCollisionProof>false</IsCollisionProof>
			<IsExplosionProof>false</IsExplosionProof>
			<IsFireProof>false</IsFireProof>
			<IsMeleeProof>false</IsMeleeProof>
			<IsOnlyDamagedByPlayer>false</IsOnlyDamagedByPlayer>
			<PositionRotation>
				<X>-726.473511</X>
				<Y>-1455.86401</Y>
				<Z>4.71963882</Z>
				<Pitch>-59.8799248</Pitch>
				<Roll>0.00674595311</Roll>
				<Yaw>-166.588089</Yaw>
			</PositionRotation>
			<Attachment isAttached="true">
				<AttachedTo>30467</AttachedTo>
				<BoneIndex>0</BoneIndex>
				<X>-0.917435884</X>
				<Y>0.276986569</Y>
				<Z>0.00574114686</Z>
				<Pitch>-59.6057281</Pitch>
				<Roll>0.00375092053</Roll>
				<Yaw>-89.9932861</Yaw>
			</Attachment>
		</Attachment>
		<Attachment>
			<ModelHash>0x45c35f6a</ModelHash>
			<Type>3</Type>
			<Dynamic>false</Dynamic>
			<FrozenPos>true</FrozenPos>
			<HashName>prop_dock_shippad</HashName>
			<InitialHandle>702481</InitialHandle>
			<ObjectProperties>
				<TextureVariation>0</TextureVariation>
			</ObjectProperties>
			<OpacityLevel>255</OpacityLevel>
			<LodDistance>16960</LodDistance>
			<IsVisible>true</IsVisible>
			<MaxHealth>1000</MaxHealth>
			<Health>1000</Health>
			<HasGravity>true</HasGravity>
			<IsOnFire>false</IsOnFire>
			<IsInvincible>false</IsInvincible>
			<IsBulletProof>false</IsBulletProof>
			<IsCollisionProof>false</IsCollisionProof>
			<IsExplosionProof>false</IsExplosionProof>
			<IsFireProof>false</IsFireProof>
			<IsMeleeProof>false</IsMeleeProof>
			<IsOnlyDamagedByPlayer>false</IsOnlyDamagedByPlayer>
			<PositionRotation>
				<X>-727.544373</X>
				<Y>-1456.07776</Y>
				<Z>4.71987581</Z>
				<Pitch>-60.2798157</Pitch>
				<Roll>-0.0107771205</Roll>
				<Yaw>-168.42189</Yaw>
			</PositionRotation>
			<Attachment isAttached="true">
				<AttachedTo>30467</AttachedTo>
				<BoneIndex>0</BoneIndex>
				<X>-0.957767367</X>
				<Y>-0.814239621</Y>
				<Z>0.00581343984</Z>
				<Pitch>-60.0057106</Pitch>
				<Roll>0.00375092053</Roll>
				<Yaw>-91.8119125</Yaw>
			</Attachment>
		</Attachment>
		<Attachment>
			<ModelHash>0x45c35f6a</ModelHash>
			<Type>3</Type>
			<Dynamic>false</Dynamic>
			<FrozenPos>true</FrozenPos>
			<HashName>prop_dock_shippad</HashName>
			<InitialHandle>607508</InitialHandle>
			<ObjectProperties>
				<TextureVariation>0</TextureVariation>
			</ObjectProperties>
			<OpacityLevel>255</OpacityLevel>
			<LodDistance>16960</LodDistance>
			<IsVisible>true</IsVisible>
			<MaxHealth>1000</MaxHealth>
			<Health>1000</Health>
			<HasGravity>true</HasGravity>
			<IsOnFire>false</IsOnFire>
			<IsInvincible>false</IsInvincible>
			<IsBulletProof>false</IsBulletProof>
			<IsCollisionProof>false</IsCollisionProof>
			<IsExplosionProof>false</IsExplosionProof>
			<IsFireProof>false</IsFireProof>
			<IsMeleeProof>false</IsMeleeProof>
			<IsOnlyDamagedByPlayer>false</IsOnlyDamagedByPlayer>
			<PositionRotation>
				<X>-726.208374</X>
				<Y>-1457.27698</Y>
				<Z>5.24712849</Z>
				<Pitch>-89.7258835</Pitch>
				<Roll>0.692610919</Roll>
				<Yaw>14.2870359</Yaw>
			</PositionRotation>
			<Attachment isAttached="true">
				<AttachedTo>30467</AttachedTo>
				<BoneIndex>0</BoneIndex>
				<X>0.515959084</X>
				<Y>0.207433403</Y>
				<Z>0.540098608</Z>
				<Pitch>-90.0057068</Pitch>
				<Roll>-88.1608047</Roll>
				<Yaw>2.03100109</Yaw>
			</Attachment>
		</Attachment>
		<Attachment>
			<ModelHash>0x45c35f6a</ModelHash>
			<Type>3</Type>
			<Dynamic>false</Dynamic>
			<FrozenPos>true</FrozenPos>
			<HashName>prop_dock_shippad</HashName>
			<InitialHandle>771092</InitialHandle>
			<ObjectProperties>
				<TextureVariation>0</TextureVariation>
			</ObjectProperties>
			<OpacityLevel>255</OpacityLevel>
			<LodDistance>16960</LodDistance>
			<IsVisible>true</IsVisible>
			<MaxHealth>1000</MaxHealth>
			<Health>1000</Health>
			<HasGravity>true</HasGravity>
			<IsOnFire>false</IsOnFire>
			<IsInvincible>false</IsInvincible>
			<IsBulletProof>false</IsBulletProof>
			<IsCollisionProof>false</IsCollisionProof>
			<IsExplosionProof>false</IsExplosionProof>
			<IsFireProof>false</IsFireProof>
			<IsMeleeProof>false</IsMeleeProof>
			<IsOnlyDamagedByPlayer>false</IsOnlyDamagedByPlayer>
			<PositionRotation>
				<X>-727.070374</X>
				<Y>-1457.47461</Y>
				<Z>5.1419096</Z>
				<Pitch>-89.7266006</Pitch>
				<Roll>1.81905448</Roll>
				<Yaw>14.2870464</Yaw>
			</PositionRotation>
			<Attachment isAttached="true">
				<AttachedTo>30467</AttachedTo>
				<BoneIndex>0</BoneIndex>
				<X>0.508898258</X>
				<Y>-0.676927507</Y>
				<Z>0.43486768</Z>
				<Pitch>-90.0057068</Pitch>
				<Roll>-87.0343704</Roll>
				<Yaw>2.03100109</Yaw>
			</Attachment>
		</Attachment>
		<Attachment>
			<ModelHash>0x45c35f6a</ModelHash>
			<Type>3</Type>
			<Dynamic>false</Dynamic>
			<FrozenPos>true</FrozenPos>
			<HashName>prop_dock_shippad</HashName>
			<InitialHandle>622869</InitialHandle>
			<ObjectProperties>
				<TextureVariation>0</TextureVariation>
			</ObjectProperties>
			<OpacityLevel>255</OpacityLevel>
			<LodDistance>16960</LodDistance>
			<IsVisible>true</IsVisible>
			<MaxHealth>1000</MaxHealth>
			<Health>1000</Health>
			<HasGravity>true</HasGravity>
			<IsOnFire>false</IsOnFire>
			<IsInvincible>false</IsInvincible>
			<IsBulletProof>false</IsBulletProof>
			<IsCollisionProof>false</IsCollisionProof>
			<IsExplosionProof>false</IsExplosionProof>
			<IsFireProof>false</IsFireProof>
			<IsMeleeProof>false</IsMeleeProof>
			<IsOnlyDamagedByPlayer>false</IsOnlyDamagedByPlayer>
			<PositionRotation>
				<X>-728.278931</X>
				<Y>-1457.85962</Y>
				<Z>4.09073687</Z>
				<Pitch>0.268263996</Pitch>
				<Roll>0.0150261503</Roll>
				<Yaw>10.7380314</Yaw>
			</PositionRotation>
			<Attachment isAttached="true">
				<AttachedTo>30467</AttachedTo>
				<BoneIndex>0</BoneIndex>
				<X>0.608336389</X>
				<Y>-1.94183517</Y>
				<Z>-0.615808606</Z>
				<Pitch>-0.00571019994</Pitch>
				<Roll>0.00375070702</Roll>
				<Yaw>87.3354492</Yaw>
			</Attachment>
		</Attachment>
		<Attachment>
			<ModelHash>0x45c35f6a</ModelHash>
			<Type>3</Type>
			<Dynamic>false</Dynamic>
			<FrozenPos>true</FrozenPos>
			<HashName>prop_dock_shippad</HashName>
			<InitialHandle>478742</InitialHandle>
			<ObjectProperties>
				<TextureVariation>0</TextureVariation>
			</ObjectProperties>
			<OpacityLevel>255</OpacityLevel>
			<LodDistance>16960</LodDistance>
			<IsVisible>true</IsVisible>
			<MaxHealth>1000</MaxHealth>
			<Health>1000</Health>
			<HasGravity>true</HasGravity>
			<IsOnFire>false</IsOnFire>
			<IsInvincible>false</IsInvincible>
			<IsBulletProof>false</IsBulletProof>
			<IsCollisionProof>false</IsCollisionProof>
			<IsExplosionProof>false</IsExplosionProof>
			<IsFireProof>false</IsFireProof>
			<IsMeleeProof>false</IsMeleeProof>
			<IsOnlyDamagedByPlayer>false</IsOnlyDamagedByPlayer>
			<PositionRotation>
				<X>-728.624573</X>
				<Y>-1456.51428</Y>
				<Z>4.11379385</Z>
				<Pitch>-0.279863596</Pitch>
				<Roll>0.00912976917</Roll>
				<Yaw>-165.781219</Yaw>
			</PositionRotation>
			<Attachment isAttached="true">
				<AttachedTo>30467</AttachedTo>
				<BoneIndex>0</BoneIndex>
				<X>-0.780641079</X>
				<Y>-1.96621537</Y>
				<Z>-0.599398077</Z>
				<Pitch>-0.00571019994</Pitch>
				<Roll>0.00375070702</Roll>
				<Yaw>-89.1838608</Yaw>
			</Attachment>
		</Attachment>
		<Attachment>
			<ModelHash>0x45c35f6a</ModelHash>
			<Type>3</Type>
			<Dynamic>false</Dynamic>
			<FrozenPos>true</FrozenPos>
			<HashName>prop_dock_shippad</HashName>
			<InitialHandle>663064</InitialHandle>
			<ObjectProperties>
				<TextureVariation>0</TextureVariation>
			</ObjectProperties>
			<OpacityLevel>255</OpacityLevel>
			<LodDistance>16960</LodDistance>
			<IsVisible>true</IsVisible>
			<MaxHealth>1000</MaxHealth>
			<Health>1000</Health>
			<HasGravity>true</HasGravity>
			<IsOnFire>false</IsOnFire>
			<IsInvincible>false</IsInvincible>
			<IsBulletProof>false</IsBulletProof>
			<IsCollisionProof>false</IsCollisionProof>
			<IsExplosionProof>false</IsExplosionProof>
			<IsFireProof>false</IsFireProof>
			<IsMeleeProof>false</IsMeleeProof>
			<IsOnlyDamagedByPlayer>false</IsOnlyDamagedByPlayer>
			<PositionRotation>
				<X>-728.303528</X>
				<Y>-1457.27393</Y>
				<Z>4.70312071</Z>
				<Pitch>-50.0033646</Pitch>
				<Roll>0.430365354</Roll>
				<Yaw>-76.242157</Yaw>
			</PositionRotation>
			<Attachment isAttached="true">
				<AttachedTo>30467</AttachedTo>
				<BoneIndex>0</BoneIndex>
				<X>0.0299528018</X>
				<Y>-1.82996786</Y>
				<Z>-0.00618860219</Z>
				<Pitch>-50.0057716</Pitch>
				<Roll>0.00375153706</Roll>
				<Yaw>0.0283994675</Yaw>
			</Attachment>
		</Attachment>
		<Attachment>
			<ModelHash>0x715c7e1f</ModelHash>
			<Type>3</Type>
			<Dynamic>false</Dynamic>
			<FrozenPos>true</FrozenPos>
			<HashName>w_lr_homing</HashName>
			<InitialHandle>15642</InitialHandle>
			<ObjectProperties>
				<TextureVariation>0</TextureVariation>
			</ObjectProperties>
			<OpacityLevel>255</OpacityLevel>
			<LodDistance>16960</LodDistance>
			<IsVisible>true</IsVisible>
			<MaxHealth>1000</MaxHealth>
			<Health>1000</Health>
			<HasGravity>true</HasGravity>
			<IsOnFire>false</IsOnFire>
			<IsInvincible>false</IsInvincible>
			<IsBulletProof>false</IsBulletProof>
			<IsCollisionProof>false</IsCollisionProof>
			<IsExplosionProof>false</IsExplosionProof>
			<IsFireProof>false</IsFireProof>
			<IsMeleeProof>false</IsMeleeProof>
			<IsOnlyDamagedByPlayer>false</IsOnlyDamagedByPlayer>
			<PositionRotation>
				<X>-728.03302</X>
				<Y>-1456.83606</Y>
				<Z>5.55650711</Z>
				<Pitch>0.268443197</Pitch>
				<Roll>-30.0015335</Roll>
				<Yaw>14.20228</Yaw>
			</PositionRotation>
			<Attachment isAttached="true">
				<AttachedTo>30467</AttachedTo>
				<BoneIndex>0</BoneIndex>
				<X>-0.337443858</X>
				<Y>-1.46531188</Y>
				<Z>0.845439732</Z>
				<Pitch>-0.00571025349</Pitch>
				<Roll>-29.9962387</Roll>
				<Yaw>90.7996597</Yaw>
			</Attachment>
		</Attachment>
		<Attachment>
			<ModelHash>0x715c7e1f</ModelHash>
			<Type>3</Type>
			<Dynamic>false</Dynamic>
			<FrozenPos>true</FrozenPos>
			<HashName>w_lr_homing</HashName>
			<InitialHandle>150298</InitialHandle>
			<ObjectProperties>
				<TextureVariation>0</TextureVariation>
			</ObjectProperties>
			<OpacityLevel>255</OpacityLevel>
			<LodDistance>16960</LodDistance>
			<IsVisible>true</IsVisible>
			<MaxHealth>1000</MaxHealth>
			<Health>1000</Health>
			<HasGravity>true</HasGravity>
			<IsOnFire>false</IsOnFire>
			<IsInvincible>false</IsInvincible>
			<IsBulletProof>false</IsBulletProof>
			<IsCollisionProof>false</IsCollisionProof>
			<IsExplosionProof>false</IsExplosionProof>
			<IsFireProof>false</IsFireProof>
			<IsMeleeProof>false</IsMeleeProof>
			<IsOnlyDamagedByPlayer>false</IsOnlyDamagedByPlayer>
			<PositionRotation>
				<X>-727.953247</X>
				<Y>-1457.18884</Y>
				<Z>5.53414011</Z>
				<Pitch>0.268237859</Pitch>
				<Roll>-30.0081654</Roll>
				<Yaw>15.5880413</Yaw>
			</PositionRotation>
			<Attachment isAttached="true">
				<AttachedTo>30467</AttachedTo>
				<BoneIndex>0</BoneIndex>
				<X>0.0243792441</X>
				<Y>-1.46946132</Y>
				<Z>0.824804187</Z>
				<Pitch>-0.0057111606</Pitch>
				<Roll>-29.9962387</Roll>
				<Yaw>92.1854095</Yaw>
			</Attachment>
		</Attachment>
		<Attachment>
			<ModelHash>0x715c7e1f</ModelHash>
			<Type>3</Type>
			<Dynamic>false</Dynamic>
			<FrozenPos>true</FrozenPos>
			<HashName>w_lr_homing</HashName>
			<InitialHandle>197658</InitialHandle>
			<ObjectProperties>
				<TextureVariation>0</TextureVariation>
			</ObjectProperties>
			<OpacityLevel>255</OpacityLevel>
			<LodDistance>16960</LodDistance>
			<IsVisible>true</IsVisible>
			<MaxHealth>1000</MaxHealth>
			<Health>1000</Health>
			<HasGravity>true</HasGravity>
			<IsOnFire>false</IsOnFire>
			<IsInvincible>false</IsInvincible>
			<IsBulletProof>false</IsBulletProof>
			<IsCollisionProof>false</IsCollisionProof>
			<IsExplosionProof>false</IsExplosionProof>
			<IsFireProof>false</IsFireProof>
			<IsMeleeProof>false</IsMeleeProof>
			<IsOnlyDamagedByPlayer>false</IsOnlyDamagedByPlayer>
			<PositionRotation>
				<X>-727.820068</X>
				<Y>-1457.55933</Y>
				<Z>5.57713747</Z>
				<Pitch>0.268290371</Pitch>
				<Roll>-30.0069008</Roll>
				<Yaw>15.3277445</Yaw>
			</PositionRotation>
			<Attachment isAttached="true">
				<AttachedTo>30467</AttachedTo>
				<BoneIndex>0</BoneIndex>
				<X>0.415418983</X>
				<Y>-1.42577755</Y>
				<Z>0.869672179</Z>
				<Pitch>-0.0057111606</Pitch>
				<Roll>-29.9962215</Roll>
				<Yaw>91.9251175</Yaw>
			</Attachment>
		</Attachment>
		<Attachment>
			<ModelHash>0x45c35f6a</ModelHash>
			<Type>3</Type>
			<Dynamic>false</Dynamic>
			<FrozenPos>true</FrozenPos>
			<HashName>prop_dock_shippad</HashName>
			<InitialHandle>4635</InitialHandle>
			<ObjectProperties>
				<TextureVariation>0</TextureVariation>
			</ObjectProperties>
			<OpacityLevel>255</OpacityLevel>
			<LodDistance>16960</LodDistance>
			<IsVisible>true</IsVisible>
			<MaxHealth>1000</MaxHealth>
			<Health>1000</Health>
			<HasGravity>true</HasGravity>
			<IsOnFire>false</IsOnFire>
			<IsInvincible>false</IsInvincible>
			<IsBulletProof>false</IsBulletProof>
			<IsCollisionProof>false</IsCollisionProof>
			<IsExplosionProof>false</IsExplosionProof>
			<IsFireProof>false</IsFireProof>
			<IsMeleeProof>false</IsMeleeProof>
			<IsOnlyDamagedByPlayer>false</IsOnlyDamagedByPlayer>
			<PositionRotation>
				<X>-728.930115</X>
				<Y>-1456.83179</Y>
				<Z>4.01319313</Z>
				<Pitch>-0.0140540404</Pitch>
				<Roll>0.277829826</Roll>
				<Yaw>-78.6489716</Yaw>
			</PositionRotation>
			<Attachment isAttached="true">
				<AttachedTo>30467</AttachedTo>
				<BoneIndex>0</BoneIndex>
				<X>-0.54213649</X>
				<Y>-2.33703375</Y>
				<Z>-0.698848784</Z>
				<Pitch>-0.00571019994</Pitch>
				<Roll>0.00375070702</Roll>
				<Yaw>-2.05162907</Yaw>
			</Attachment>
		</Attachment>
		<Attachment>
			<ModelHash>0x45c35f6a</ModelHash>
			<Type>3</Type>
			<Dynamic>false</Dynamic>
			<FrozenPos>true</FrozenPos>
			<HashName>prop_dock_shippad</HashName>
			<InitialHandle>551707</InitialHandle>
			<ObjectProperties>
				<TextureVariation>0</TextureVariation>
			</ObjectProperties>
			<OpacityLevel>255</OpacityLevel>
			<LodDistance>16960</LodDistance>
			<IsVisible>true</IsVisible>
			<MaxHealth>1000</MaxHealth>
			<Health>1000</Health>
			<HasGravity>true</HasGravity>
			<IsOnFire>false</IsOnFire>
			<IsInvincible>false</IsInvincible>
			<IsBulletProof>false</IsBulletProof>
			<IsCollisionProof>false</IsCollisionProof>
			<IsExplosionProof>false</IsExplosionProof>
			<IsFireProof>false</IsFireProof>
			<IsMeleeProof>false</IsMeleeProof>
			<IsOnlyDamagedByPlayer>false</IsOnlyDamagedByPlayer>
			<PositionRotation>
				<X>-728.710938</X>
				<Y>-1457.67749</Y>
				<Z>4.00895452</Z>
				<Pitch>-0.00742290122</Pitch>
				<Roll>0.277951479</Roll>
				<Yaw>-77.2631302</Yaw>
			</PositionRotation>
			<Attachment isAttached="true">
				<AttachedTo>30467</AttachedTo>
				<BoneIndex>0</BoneIndex>
				<X>0.331399739</X>
				<Y>-2.31985831</Y>
				<Z>-0.698907673</Z>
				<Pitch>-0.00571019994</Pitch>
				<Roll>0.00375070702</Roll>
				<Yaw>-0.665768862</Yaw>
			</Attachment>
		</Attachment>
		<Attachment>
			<ModelHash>0x45c35f6a</ModelHash>
			<Type>3</Type>
			<Dynamic>false</Dynamic>
			<FrozenPos>true</FrozenPos>
			<HashName>prop_dock_shippad</HashName>
			<InitialHandle>198684</InitialHandle>
			<ObjectProperties>
				<TextureVariation>0</TextureVariation>
			</ObjectProperties>
			<OpacityLevel>255</OpacityLevel>
			<LodDistance>16960</LodDistance>
			<IsVisible>true</IsVisible>
			<MaxHealth>1000</MaxHealth>
			<Health>1000</Health>
			<HasGravity>true</HasGravity>
			<IsOnFire>false</IsOnFire>
			<IsInvincible>false</IsInvincible>
			<IsBulletProof>false</IsBulletProof>
			<IsCollisionProof>false</IsCollisionProof>
			<IsExplosionProof>false</IsExplosionProof>
			<IsFireProof>false</IsFireProof>
			<IsMeleeProof>false</IsMeleeProof>
			<IsOnlyDamagedByPlayer>false</IsOnlyDamagedByPlayer>
			<PositionRotation>
				<X>-729.367737</X>
				<Y>-1456.91846</Y>
				<Z>4.74908018</Z>
				<Pitch>-89.7273178</Pitch>
				<Roll>93.7185974</Roll>
				<Yaw>14.2863293</Yaw>
			</PositionRotation>
			<Attachment isAttached="true">
				<AttachedTo>30467</AttachedTo>
				<BoneIndex>0</BoneIndex>
				<X>-0.562793136</X>
				<Y>-2.78278852</Y>
				<Z>0.0369589999</Z>
				<Pitch>-90.0057068</Pitch>
				<Roll>4.86589575</Roll>
				<Yaw>2.03100109</Yaw>
			</Attachment>
		</Attachment>
		<Attachment>
			<ModelHash>0x45c35f6a</ModelHash>
			<Type>3</Type>
			<Dynamic>false</Dynamic>
			<FrozenPos>true</FrozenPos>
			<HashName>prop_dock_shippad</HashName>
			<InitialHandle>443676</InitialHandle>
			<ObjectProperties>
				<TextureVariation>0</TextureVariation>
			</ObjectProperties>
			<OpacityLevel>255</OpacityLevel>
			<LodDistance>16960</LodDistance>
			<IsVisible>true</IsVisible>
			<MaxHealth>1000</MaxHealth>
			<Health>1000</Health>
			<HasGravity>true</HasGravity>
			<IsOnFire>false</IsOnFire>
			<IsInvincible>false</IsInvincible>
			<IsBulletProof>false</IsBulletProof>
			<IsCollisionProof>false</IsCollisionProof>
			<IsExplosionProof>false</IsExplosionProof>
			<IsFireProof>false</IsFireProof>
			<IsMeleeProof>false</IsMeleeProof>
			<IsOnlyDamagedByPlayer>false</IsOnlyDamagedByPlayer>
			<PositionRotation>
				<X>-729.174622</X>
				<Y>-1457.76758</Y>
				<Z>4.74533463</Z>
				<Pitch>-89.728035</Pitch>
				<Roll>90.5981369</Roll>
				<Yaw>14.2840128</Yaw>
			</PositionRotation>
			<Attachment isAttached="true">
				<AttachedTo>30467</AttachedTo>
				<BoneIndex>0</BoneIndex>
				<X>0.308059216</X>
				<Y>-2.79173565</Y>
				<Z>0.0373812653</Z>
				<Pitch>-90.0057068</Pitch>
				<Roll>1.74774671</Roll>
				<Yaw>2.03100109</Yaw>
			</Attachment>
		</Attachment>
	</SpoonerAttachments>
</Vehicle>
