<?xml version="1.0" encoding="ISO-8859-1"?>
<Vehicle menyoo_ver="0.99987674b">
	<ModelHash>0x9dae1398</ModelHash>
	<InitialHandle>740183</InitialHandle>
	<VehicleProperties>
		<Colours>
			<Primary>0</Primary>
			<Secondary>0</Secondary>
			<Pearl>18</Pearl>
			<Rim>156</Rim>
			<Mod1_a>6</Mod1_a>
			<Mod1_b>-1</Mod1_b>
			<Mod1_c>-1</Mod1_c>
			<Mod2_a>6</Mod2_a>
			<Mod2_b>-1</Mod2_b>
			<IsPrimaryColourCustom>false</IsPrimaryColourCustom>
			<IsSecondaryColourCustom>false</IsSecondaryColourCustom>
			<tyreSmoke_R>255</tyreSmoke_R>
			<tyreSmoke_G>255</tyreSmoke_G>
			<tyreSmoke_B>255</tyreSmoke_B>
			<LrInterior>0</LrInterior>
			<LrDashboard>0</LrDashboard>
		</Colours>
		<Livery>-1</Livery>
		<NumberPlateText>66LNT642</NumberPlateText>
		<NumberPlateIndex>0</NumberPlateIndex>
		<WheelType>0</WheelType>
		<WheelsInvisible>false</WheelsInvisible>
		<EngineSoundName></EngineSoundName>
		<WindowTint>-1</WindowTint>
		<BulletProofTyres>false</BulletProofTyres>
		<DirtLevel>6.81719065</DirtLevel>
		<PaintFade>0.298039228</PaintFade>
		<RoofState>0</RoofState>
		<SirenActive>false</SirenActive>
		<EngineOn>true</EngineOn>
		<EngineHealth>1000</EngineHealth>
		<LightsOn>false</LightsOn>
		<IsRadioLoud>1</IsRadioLoud>
		<LockStatus>1</LockStatus>
		<Neons>
			<Left>false</Left>
			<Right>false</Right>
			<Front>false</Front>
			<Back>false</Back>
			<R>255</R>
			<G>0</G>
			<B>255</B>
		</Neons>
		<ModExtras />
		<Mods>
			<_0>-1,0</_0>
			<_1>-1,0</_1>
			<_2>-1,0</_2>
			<_3>-1,0</_3>
			<_4>-1,0</_4>
			<_5>-1,0</_5>
			<_6>-1,0</_6>
			<_7>-1,0</_7>
			<_8>-1,0</_8>
			<_9>-1,0</_9>
			<_10>-1,0</_10>
			<_11>-1,0</_11>
			<_12>-1,0</_12>
			<_13>-1,0</_13>
			<_14>-1,0</_14>
			<_15>-1,0</_15>
			<_16>-1,0</_16>
			<_17>false</_17>
			<_18>false</_18>
			<_19>false</_19>
			<_20>false</_20>
			<_21>false</_21>
			<_22>false</_22>
			<_23>-1,0</_23>
			<_24>-1,0</_24>
			<_25>-1,0</_25>
			<_26>-1,0</_26>
			<_27>-1,0</_27>
			<_28>-1,0</_28>
			<_29>-1,0</_29>
			<_30>-1,0</_30>
			<_31>-1,0</_31>
			<_32>-1,0</_32>
			<_33>-1,0</_33>
			<_34>-1,0</_34>
			<_35>-1,0</_35>
			<_36>-1,0</_36>
			<_37>-1,0</_37>
			<_38>-1,0</_38>
			<_39>-1,0</_39>
			<_40>-1,0</_40>
			<_41>-1,0</_41>
			<_42>-1,0</_42>
			<_43>-1,0</_43>
			<_44>-1,0</_44>
			<_45>-1,0</_45>
			<_46>-1,0</_46>
			<_47>-1,0</_47>
			<_48>-1,0</_48>
		</Mods>
		<DoorsOpen>
			<BackLeftDoor>false</BackLeftDoor>
			<BackRightDoor>false</BackRightDoor>
			<FrontLeftDoor>false</FrontLeftDoor>
			<FrontRightDoor>false</FrontRightDoor>
			<Hood>false</Hood>
			<Trunk>false</Trunk>
			<Trunk2>false</Trunk2>
		</DoorsOpen>
		<DoorsBroken>
			<BackLeftDoor>false</BackLeftDoor>
			<BackRightDoor>false</BackRightDoor>
			<FrontLeftDoor>false</FrontLeftDoor>
			<FrontRightDoor>false</FrontRightDoor>
			<Hood>false</Hood>
			<Trunk>false</Trunk>
			<Trunk2>false</Trunk2>
		</DoorsBroken>
		<TyresBursted>
			<FrontLeft>false</FrontLeft>
			<FrontRight>false</FrontRight>
			<_2>false</_2>
			<_3>false</_3>
			<BackLeft>false</BackLeft>
			<BackRight>false</BackRight>
			<_6>false</_6>
			<_7>false</_7>
			<_8>false</_8>
		</TyresBursted>
	</VehicleProperties>
	<OpacityLevel>255</OpacityLevel>
	<LodDistance>16960</LodDistance>
	<IsVisible>true</IsVisible>
	<IsDriverVisible>true</IsDriverVisible>
	<MaxHealth>1000</MaxHealth>
	<Health>1000</Health>
	<HasGravity>true</HasGravity>
	<IsOnFire>false</IsOnFire>
	<IsInvincible>false</IsInvincible>
	<IsBulletProof>false</IsBulletProof>
	<IsExplosionProof>false</IsExplosionProof>
	<IsFireProof>false</IsFireProof>
	<IsMeleeProof>false</IsMeleeProof>
	<IsOnlyDamagedByPlayer>false</IsOnlyDamagedByPlayer>
	<SpoonerAttachments SetAttachmentsPersistentAndAddToSpoonerDatabase="false" StartTaskSequencesOnLoad="true">
		<Attachment>
			<ModelHash>0x7b37c437</ModelHash>
			<Type>3</Type>
			<Dynamic>false</Dynamic>
			<FrozenPos>true</FrozenPos>
			<HashName>prop_metal_plates01</HashName>
			<InitialHandle>81498</InitialHandle>
			<ObjectProperties>
				<TextureVariation>0</TextureVariation>
			</ObjectProperties>
			<OpacityLevel>255</OpacityLevel>
			<LodDistance>16960</LodDistance>
			<IsVisible>true</IsVisible>
			<MaxHealth>1000</MaxHealth>
			<Health>1000</Health>
			<HasGravity>true</HasGravity>
			<IsOnFire>false</IsOnFire>
			<IsInvincible>false</IsInvincible>
			<IsBulletProof>false</IsBulletProof>
			<IsCollisionProof>false</IsCollisionProof>
			<IsExplosionProof>false</IsExplosionProof>
			<IsFireProof>false</IsFireProof>
			<IsMeleeProof>false</IsMeleeProof>
			<IsOnlyDamagedByPlayer>false</IsOnlyDamagedByPlayer>
			<PositionRotation>
				<X>1730.21313</X>
				<Y>3309.38452</Y>
				<Z>41.7845573</Z>
				<Pitch>-0.0112165278</Pitch>
				<Roll>-0.00611416623</Roll>
				<Yaw>-163.758362</Yaw>
			</PositionRotation>
			<Attachment isAttached="true">
				<AttachedTo>740183</AttachedTo>
				<BoneIndex>0</BoneIndex>
				<X>0.0311636254</X>
				<Y>-2.89091873</Y>
				<Z>0.491586596</Z>
				<Pitch>0.0146963838</Pitch>
				<Roll>-0.0269226395</Roll>
				<Yaw>-0.38659668</Yaw>
			</Attachment>
		</Attachment>
		<Attachment>
			<ModelHash>0x57f53690</ModelHash>
			<Type>3</Type>
			<Dynamic>false</Dynamic>
			<FrozenPos>true</FrozenPos>
			<HashName>imp_prop_impexp_boxpile_02</HashName>
			<InitialHandle>622685</InitialHandle>
			<ObjectProperties>
				<TextureVariation>0</TextureVariation>
			</ObjectProperties>
			<OpacityLevel>255</OpacityLevel>
			<LodDistance>16960</LodDistance>
			<IsVisible>true</IsVisible>
			<MaxHealth>1000</MaxHealth>
			<Health>1000</Health>
			<HasGravity>true</HasGravity>
			<IsOnFire>false</IsOnFire>
			<IsInvincible>false</IsInvincible>
			<IsBulletProof>false</IsBulletProof>
			<IsCollisionProof>false</IsCollisionProof>
			<IsExplosionProof>false</IsExplosionProof>
			<IsFireProof>false</IsFireProof>
			<IsMeleeProof>false</IsMeleeProof>
			<IsOnlyDamagedByPlayer>false</IsOnlyDamagedByPlayer>
			<PositionRotation>
				<X>1730.22302</X>
				<Y>3310.68188</Y>
				<Z>41.8114014</Z>
				<Pitch>-0.00624744641</Pitch>
				<Roll>-0.0527262799</Roll>
				<Yaw>106.541512</Yaw>
			</PositionRotation>
			<Attachment isAttached="true">
				<AttachedTo>740183</AttachedTo>
				<BoneIndex>0</BoneIndex>
				<X>-0.349610567</X>
				<Y>-4.13102007</Y>
				<Z>0.517731428</Z>
				<Pitch>0.0146963838</Pitch>
				<Roll>-0.0269226395</Roll>
				<Yaw>269.9133</Yaw>
			</Attachment>
		</Attachment>
		<Attachment>
			<ModelHash>0x0c0cf205</ModelHash>
			<Type>3</Type>
			<Dynamic>false</Dynamic>
			<FrozenPos>true</FrozenPos>
			<HashName>imp_prop_groupbarrel_01</HashName>
			<InitialHandle>283999</InitialHandle>
			<ObjectProperties>
				<TextureVariation>0</TextureVariation>
			</ObjectProperties>
			<OpacityLevel>255</OpacityLevel>
			<LodDistance>16960</LodDistance>
			<IsVisible>true</IsVisible>
			<MaxHealth>1000</MaxHealth>
			<Health>1000</Health>
			<HasGravity>true</HasGravity>
			<IsOnFire>false</IsOnFire>
			<IsInvincible>false</IsInvincible>
			<IsBulletProof>false</IsBulletProof>
			<IsCollisionProof>false</IsCollisionProof>
			<IsExplosionProof>false</IsExplosionProof>
			<IsFireProof>false</IsFireProof>
			<IsMeleeProof>false</IsMeleeProof>
			<IsOnlyDamagedByPlayer>false</IsOnlyDamagedByPlayer>
			<PositionRotation>
				<X>1729.72058</X>
				<Y>3311.73975</Y>
				<Z>42.0988579</Z>
				<Pitch>-0.0114830071</Pitch>
				<Roll>-0.00645043608</Roll>
				<Yaw>-164.498077</Yaw>
			</PositionRotation>
			<Attachment isAttached="true">
				<AttachedTo>740183</AttachedTo>
				<BoneIndex>0</BoneIndex>
				<X>-0.170969605</X>
				<Y>-5.28870535</Y>
				<Z>0.804732561</Z>
				<Pitch>0.0146963838</Pitch>
				<Roll>-0.0269226395</Roll>
				<Yaw>-1.12631226</Yaw>
			</Attachment>
		</Attachment>
		<Attachment>
			<ModelHash>0x723e18bd</ModelHash>
			<Type>3</Type>
			<Dynamic>false</Dynamic>
			<FrozenPos>true</FrozenPos>
			<HashName>prop_fnccorgm_02c</HashName>
			<InitialHandle>688481</InitialHandle>
			<ObjectProperties>
				<TextureVariation>0</TextureVariation>
			</ObjectProperties>
			<OpacityLevel>255</OpacityLevel>
			<LodDistance>16960</LodDistance>
			<IsVisible>true</IsVisible>
			<MaxHealth>1000</MaxHealth>
			<Health>1000</Health>
			<HasGravity>true</HasGravity>
			<IsOnFire>false</IsOnFire>
			<IsInvincible>false</IsInvincible>
			<IsBulletProof>false</IsBulletProof>
			<IsCollisionProof>false</IsCollisionProof>
			<IsExplosionProof>false</IsExplosionProof>
			<IsFireProof>false</IsFireProof>
			<IsMeleeProof>false</IsMeleeProof>
			<IsOnlyDamagedByPlayer>false</IsOnlyDamagedByPlayer>
			<PositionRotation>
				<X>1728.86304</X>
				<Y>3309.13452</Y>
				<Z>41.977272</Z>
				<Pitch>0.0241014585</Pitch>
				<Roll>0.0211211313</Roll>
				<Yaw>-74.7253723</Yaw>
			</PositionRotation>
			<Attachment isAttached="true">
				<AttachedTo>740183</AttachedTo>
				<BoneIndex>0</BoneIndex>
				<X>1.39620626</X>
				<Y>-3.03771496</Y>
				<Z>0.684732795</Z>
				<Pitch>0.00373326801</Pitch>
				<Roll>-0.00513926707</Roll>
				<Yaw>88.6464005</Yaw>
			</Attachment>
		</Attachment>
		<Attachment>
			<ModelHash>0x723e18bd</ModelHash>
			<Type>3</Type>
			<Dynamic>false</Dynamic>
			<FrozenPos>true</FrozenPos>
			<HashName>prop_fnccorgm_02c</HashName>
			<InitialHandle>316514</InitialHandle>
			<ObjectProperties>
				<TextureVariation>0</TextureVariation>
			</ObjectProperties>
			<OpacityLevel>255</OpacityLevel>
			<LodDistance>16960</LodDistance>
			<IsVisible>true</IsVisible>
			<MaxHealth>1000</MaxHealth>
			<Health>1000</Health>
			<HasGravity>true</HasGravity>
			<IsOnFire>false</IsOnFire>
			<IsInvincible>false</IsInvincible>
			<IsBulletProof>false</IsBulletProof>
			<IsCollisionProof>false</IsCollisionProof>
			<IsExplosionProof>false</IsExplosionProof>
			<IsFireProof>false</IsFireProof>
			<IsMeleeProof>false</IsMeleeProof>
			<IsOnlyDamagedByPlayer>false</IsOnlyDamagedByPlayer>
			<PositionRotation>
				<X>1731.50464</X>
				<Y>3309.79224</Y>
				<Z>41.9869957</Z>
				<Pitch>-0.016889859</Pitch>
				<Roll>-0.0311999395</Roll>
				<Yaw>105.832954</Yaw>
			</PositionRotation>
			<Attachment isAttached="true">
				<AttachedTo>740183</AttachedTo>
				<BoneIndex>0</BoneIndex>
				<X>-1.32308507</X>
				<Y>-2.9119401</Y>
				<Z>0.693516374</Z>
				<Pitch>0.00373326801</Pitch>
				<Roll>-0.00513926707</Roll>
				<Yaw>269.204742</Yaw>
			</Attachment>
		</Attachment>
		<Attachment>
			<ModelHash>0xed25f13b</ModelHash>
			<Type>3</Type>
			<Dynamic>false</Dynamic>
			<FrozenPos>true</FrozenPos>
			<HashName>prop_rub_scrap_02</HashName>
			<InitialHandle>609381</InitialHandle>
			<ObjectProperties>
				<TextureVariation>0</TextureVariation>
			</ObjectProperties>
			<OpacityLevel>255</OpacityLevel>
			<LodDistance>16960</LodDistance>
			<IsVisible>true</IsVisible>
			<MaxHealth>1000</MaxHealth>
			<Health>1000</Health>
			<HasGravity>true</HasGravity>
			<IsOnFire>false</IsOnFire>
			<IsInvincible>false</IsInvincible>
			<IsBulletProof>false</IsBulletProof>
			<IsCollisionProof>false</IsCollisionProof>
			<IsExplosionProof>false</IsExplosionProof>
			<IsFireProof>false</IsFireProof>
			<IsMeleeProof>false</IsMeleeProof>
			<IsOnlyDamagedByPlayer>false</IsOnlyDamagedByPlayer>
			<PositionRotation>
				<X>1729.68115</X>
				<Y>3305.9541</Y>
				<Z>42.3425446</Z>
				<Pitch>-0.0165560935</Pitch>
				<Roll>-0.0314606167</Roll>
				<Yaw>105.102821</Yaw>
			</PositionRotation>
			<Attachment isAttached="true">
				<AttachedTo>740183</AttachedTo>
				<BoneIndex>0</BoneIndex>
				<X>1.52234125</X>
				<Y>0.243717685</Y>
				<Z>1.05152881</Z>
				<Pitch>0.00373326801</Pitch>
				<Roll>-0.00513926707</Roll>
				<Yaw>268.474609</Yaw>
			</Attachment>
		</Attachment>
		<Attachment>
			<ModelHash>0xed25f13b</ModelHash>
			<Type>3</Type>
			<Dynamic>false</Dynamic>
			<FrozenPos>true</FrozenPos>
			<HashName>prop_rub_scrap_02</HashName>
			<InitialHandle>62055</InitialHandle>
			<ObjectProperties>
				<TextureVariation>0</TextureVariation>
			</ObjectProperties>
			<OpacityLevel>255</OpacityLevel>
			<LodDistance>16960</LodDistance>
			<IsVisible>true</IsVisible>
			<MaxHealth>1000</MaxHealth>
			<Health>1000</Health>
			<HasGravity>true</HasGravity>
			<IsOnFire>false</IsOnFire>
			<IsInvincible>false</IsInvincible>
			<IsBulletProof>false</IsBulletProof>
			<IsCollisionProof>false</IsCollisionProof>
			<IsExplosionProof>false</IsExplosionProof>
			<IsFireProof>false</IsFireProof>
			<IsMeleeProof>false</IsMeleeProof>
			<IsOnlyDamagedByPlayer>false</IsOnlyDamagedByPlayer>
			<PositionRotation>
				<X>1732.65479</X>
				<Y>3306.70776</Y>
				<Z>42.3299065</Z>
				<Pitch>0.0244680978</Pitch>
				<Roll>0.0208326168</Roll>
				<Yaw>-73.9210281</Yaw>
			</PositionRotation>
			<Attachment isAttached="true">
				<AttachedTo>740183</AttachedTo>
				<BoneIndex>0</BoneIndex>
				<X>-1.54261255</X>
				<Y>0.372370869</Y>
				<Z>1.0378269</Z>
				<Pitch>0.00373326801</Pitch>
				<Roll>-0.00513926707</Roll>
				<Yaw>89.4507523</Yaw>
			</Attachment>
		</Attachment>
	</SpoonerAttachments>
</Vehicle>
