<?xml version="1.0" encoding="ISO-8859-1"?>
<Vehicle menyoo_ver="0.99987674b">
	<ModelHash>0x831a21d5</ModelHash>
	<InitialHandle>560916</InitialHandle>
	<VehicleProperties>
		<Colours>
			<Primary>15</Primary>
			<Secondary>15</Secondary>
			<Pearl>12</Pearl>
			<Rim>156</Rim>
			<Mod1_a>6</Mod1_a>
			<Mod1_b>-1</Mod1_b>
			<Mod1_c>-1</Mod1_c>
			<Mod2_a>6</Mod2_a>
			<Mod2_b>-1</Mod2_b>
			<IsPrimaryColourCustom>false</IsPrimaryColourCustom>
			<IsSecondaryColourCustom>false</IsSecondaryColourCustom>
			<tyreSmoke_R>255</tyreSmoke_R>
			<tyreSmoke_G>255</tyreSmoke_G>
			<tyreSmoke_B>255</tyreSmoke_B>
			<LrInterior>0</LrInterior>
			<LrDashboard>0</LrDashboard>
		</Colours>
		<Livery>-1</Livery>
		<NumberPlateText>49JTB684</NumberPlateText>
		<NumberPlateIndex>2</NumberPlateIndex>
		<WheelType>1</WheelType>
		<WheelsInvisible>false</WheelsInvisible>
		<EngineSoundName></EngineSoundName>
		<WindowTint>-1</WindowTint>
		<BulletProofTyres>false</BulletProofTyres>
		<DirtLevel>15</DirtLevel>
		<PaintFade>0</PaintFade>
		<RoofState>0</RoofState>
		<SirenActive>false</SirenActive>
		<EngineOn>true</EngineOn>
		<EngineHealth>1000</EngineHealth>
		<LightsOn>true</LightsOn>
		<IsRadioLoud>0</IsRadioLoud>
		<LockStatus>1</LockStatus>
		<Neons>
			<Left>false</Left>
			<Right>false</Right>
			<Front>false</Front>
			<Back>false</Back>
			<R>255</R>
			<G>0</G>
			<B>255</B>
		</Neons>
		<ModExtras>
			<_4>true</_4>
			<_10>false</_10>
			<_11>true</_11>
		</ModExtras>
		<Mods>
			<_0>-1,0</_0>
			<_1>-1,0</_1>
			<_2>-1,0</_2>
			<_3>-1,0</_3>
			<_4>-1,0</_4>
			<_5>-1,0</_5>
			<_6>-1,0</_6>
			<_7>2,0</_7>
			<_8>-1,0</_8>
			<_9>-1,0</_9>
			<_10>-1,0</_10>
			<_11>-1,0</_11>
			<_12>-1,0</_12>
			<_13>-1,0</_13>
			<_14>-1,0</_14>
			<_15>-1,0</_15>
			<_16>-1,0</_16>
			<_17>false</_17>
			<_18>false</_18>
			<_19>false</_19>
			<_20>false</_20>
			<_21>false</_21>
			<_22>false</_22>
			<_23>-1,0</_23>
			<_24>-1,0</_24>
			<_25>-1,0</_25>
			<_26>-1,0</_26>
			<_27>-1,0</_27>
			<_28>-1,0</_28>
			<_29>-1,0</_29>
			<_30>-1,0</_30>
			<_31>-1,0</_31>
			<_32>-1,0</_32>
			<_33>-1,0</_33>
			<_34>-1,0</_34>
			<_35>-1,0</_35>
			<_36>-1,0</_36>
			<_37>-1,0</_37>
			<_38>-1,0</_38>
			<_39>-1,0</_39>
			<_40>-1,0</_40>
			<_41>-1,0</_41>
			<_42>-1,0</_42>
			<_43>-1,0</_43>
			<_44>-1,0</_44>
			<_45>-1,0</_45>
			<_46>-1,0</_46>
			<_47>-1,0</_47>
			<_48>-1,0</_48>
		</Mods>
		<DoorsOpen>
			<BackLeftDoor>false</BackLeftDoor>
			<BackRightDoor>false</BackRightDoor>
			<FrontLeftDoor>false</FrontLeftDoor>
			<FrontRightDoor>false</FrontRightDoor>
			<Hood>false</Hood>
			<Trunk>false</Trunk>
			<Trunk2>false</Trunk2>
		</DoorsOpen>
		<DoorsBroken>
			<BackLeftDoor>false</BackLeftDoor>
			<BackRightDoor>false</BackRightDoor>
			<FrontLeftDoor>false</FrontLeftDoor>
			<FrontRightDoor>false</FrontRightDoor>
			<Hood>false</Hood>
			<Trunk>true</Trunk>
			<Trunk2>false</Trunk2>
		</DoorsBroken>
		<TyresBursted>
			<FrontLeft>false</FrontLeft>
			<FrontRight>false</FrontRight>
			<_2>false</_2>
			<_3>false</_3>
			<BackLeft>false</BackLeft>
			<BackRight>false</BackRight>
			<_6>false</_6>
			<_7>false</_7>
			<_8>false</_8>
		</TyresBursted>
		<RpmMultiplier>1</RpmMultiplier>
		<TorqueMultiplier>1</TorqueMultiplier>
		<MaxSpeed>47.2808533</MaxSpeed>
		<HeadlightIntensity>1</HeadlightIntensity>
	</VehicleProperties>
	<OpacityLevel>255</OpacityLevel>
	<LodDistance>500</LodDistance>
	<IsVisible>true</IsVisible>
	<IsDriverVisible>true</IsDriverVisible>
	<MaxHealth>1000</MaxHealth>
	<Health>1000</Health>
	<HasGravity>true</HasGravity>
	<IsOnFire>false</IsOnFire>
	<IsInvincible>false</IsInvincible>
	<IsBulletProof>false</IsBulletProof>
	<IsExplosionProof>false</IsExplosionProof>
	<IsFireProof>false</IsFireProof>
	<IsMeleeProof>false</IsMeleeProof>
	<IsOnlyDamagedByPlayer>false</IsOnlyDamagedByPlayer>
	<SpoonerAttachments SetAttachmentsPersistentAndAddToSpoonerDatabase="false" StartTaskSequencesOnLoad="true">
		<Attachment>
			<ModelHash>0xf0c46723</ModelHash>
			<Type>3</Type>
			<Dynamic>false</Dynamic>
			<FrozenPos>true</FrozenPos>
			<HashName>p_bison_winch_s</HashName>
			<InitialHandle>180274</InitialHandle>
			<ObjectProperties>
				<TextureVariation>0</TextureVariation>
			</ObjectProperties>
			<OpacityLevel>255</OpacityLevel>
			<LodDistance>16960</LodDistance>
			<IsVisible>true</IsVisible>
			<MaxHealth>1000</MaxHealth>
			<Health>1000</Health>
			<HasGravity>true</HasGravity>
			<IsOnFire>false</IsOnFire>
			<IsInvincible>false</IsInvincible>
			<IsBulletProof>false</IsBulletProof>
			<IsCollisionProof>false</IsCollisionProof>
			<IsExplosionProof>false</IsExplosionProof>
			<IsFireProof>false</IsFireProof>
			<IsMeleeProof>false</IsMeleeProof>
			<IsOnlyDamagedByPlayer>false</IsOnlyDamagedByPlayer>
			<PositionRotation>
				<X>-199.024704</X>
				<Y>-1409.146</Y>
				<Z>30.549509</Z>
				<Pitch>0.333259165</Pitch>
				<Roll>1.67088079</Roll>
				<Yaw>125.243721</Yaw>
			</PositionRotation>
			<Attachment isAttached="true">
				<AttachedTo>560916</AttachedTo>
				<BoneIndex>0</BoneIndex>
				<X>0.010143334</X>
				<Y>-2.13924003</Y>
				<Z>-0.110911354</Z>
				<Pitch>-0.0963681415</Pitch>
				<Roll>0.3487221</Roll>
				<Yaw>0.0515365601</Yaw>
			</Attachment>
		</Attachment>
		<Attachment>
			<ModelHash>0xc3001e04</ModelHash>
			<Type>3</Type>
			<Dynamic>false</Dynamic>
			<FrozenPos>true</FrozenPos>
			<HashName>v_res_d_ramskull</HashName>
			<InitialHandle>554022</InitialHandle>
			<ObjectProperties>
				<TextureVariation>0</TextureVariation>
			</ObjectProperties>
			<OpacityLevel>255</OpacityLevel>
			<LodDistance>16960</LodDistance>
			<IsVisible>true</IsVisible>
			<MaxHealth>1000</MaxHealth>
			<Health>1000</Health>
			<HasGravity>true</HasGravity>
			<IsOnFire>false</IsOnFire>
			<IsInvincible>false</IsInvincible>
			<IsBulletProof>false</IsBulletProof>
			<IsCollisionProof>false</IsCollisionProof>
			<IsExplosionProof>false</IsExplosionProof>
			<IsFireProof>false</IsFireProof>
			<IsMeleeProof>false</IsMeleeProof>
			<IsOnlyDamagedByPlayer>false</IsOnlyDamagedByPlayer>
			<PositionRotation>
				<X>-202.700897</X>
				<Y>-1411.70593</Y>
				<Z>30.9175148</Z>
				<Pitch>-39.5027084</Pitch>
				<Roll>0.630646706</Roll>
				<Yaw>-56.3054161</Yaw>
			</PositionRotation>
			<Attachment isAttached="true">
				<AttachedTo>560916</AttachedTo>
				<BoneIndex>0</BoneIndex>
				<X>0.0289099831</X>
				<Y>2.34297609</Y>
				<Z>0.224112794</Z>
				<Pitch>-39.0963554</Pitch>
				<Roll>2.34871531</Roll>
				<Yaw>-180.412109</Yaw>
			</Attachment>
		</Attachment>
		<Attachment>
			<ModelHash>0xb7dd5fd1</ModelHash>
			<Type>3</Type>
			<Dynamic>false</Dynamic>
			<FrozenPos>true</FrozenPos>
			<HashName>p_rcss_folded</HashName>
			<InitialHandle>57662</InitialHandle>
			<ObjectProperties>
				<TextureVariation>0</TextureVariation>
			</ObjectProperties>
			<OpacityLevel>255</OpacityLevel>
			<LodDistance>16960</LodDistance>
			<IsVisible>true</IsVisible>
			<MaxHealth>1000</MaxHealth>
			<Health>1000</Health>
			<HasGravity>true</HasGravity>
			<IsOnFire>false</IsOnFire>
			<IsInvincible>false</IsInvincible>
			<IsBulletProof>false</IsBulletProof>
			<IsCollisionProof>false</IsCollisionProof>
			<IsExplosionProof>false</IsExplosionProof>
			<IsFireProof>false</IsFireProof>
			<IsMeleeProof>false</IsMeleeProof>
			<IsOnlyDamagedByPlayer>false</IsOnlyDamagedByPlayer>
			<PositionRotation>
				<X>-200.395157</X>
				<Y>-1410.07251</Y>
				<Z>31.4602146</Z>
				<Pitch>-0.516303301</Pitch>
				<Roll>-0.976562798</Roll>
				<Yaw>-55.1779442</Yaw>
			</PositionRotation>
			<Attachment isAttached="true">
				<AttachedTo>560916</AttachedTo>
				<BoneIndex>0</BoneIndex>
				<X>0.021974124</X>
				<Y>-0.478541404</Y>
				<Z>0.787915289</Z>
				<Pitch>-0.0963681415</Pitch>
				<Roll>0.348722041</Roll>
				<Yaw>-180.365784</Yaw>
			</Attachment>
		</Attachment>
		<Attachment>
			<ModelHash>0x856832d3</ModelHash>
			<Type>3</Type>
			<Dynamic>false</Dynamic>
			<FrozenPos>true</FrozenPos>
			<HashName>prop_cs_bin_01_lid</HashName>
			<InitialHandle>230212</InitialHandle>
			<ObjectProperties>
				<TextureVariation>0</TextureVariation>
			</ObjectProperties>
			<OpacityLevel>255</OpacityLevel>
			<LodDistance>16960</LodDistance>
			<IsVisible>true</IsVisible>
			<MaxHealth>1000</MaxHealth>
			<Health>1000</Health>
			<HasGravity>true</HasGravity>
			<IsOnFire>false</IsOnFire>
			<IsInvincible>false</IsInvincible>
			<IsBulletProof>false</IsBulletProof>
			<IsCollisionProof>false</IsCollisionProof>
			<IsExplosionProof>false</IsExplosionProof>
			<IsFireProof>false</IsFireProof>
			<IsMeleeProof>false</IsMeleeProof>
			<IsOnlyDamagedByPlayer>false</IsOnlyDamagedByPlayer>
			<PositionRotation>
				<X>-201.050415</X>
				<Y>-1410.21826</Y>
				<Z>31.5446796</Z>
				<Pitch>-46.875351</Pitch>
				<Roll>0.336692065</Roll>
				<Yaw>-82.6371078</Yaw>
			</PositionRotation>
			<Attachment isAttached="true">
				<AttachedTo>560916</AttachedTo>
				<BoneIndex>0</BoneIndex>
				<X>0.278552383</X>
				<Y>0.14158535</Y>
				<Z>0.873690963</Z>
				<Pitch>-47.0963631</Pitch>
				<Roll>2.34872508</Roll>
				<Yaw>-206.360794</Yaw>
			</Attachment>
		</Attachment>
		<Attachment>
			<ModelHash>0xe2ba016f</ModelHash>
			<Type>3</Type>
			<Dynamic>false</Dynamic>
			<FrozenPos>true</FrozenPos>
			<HashName>prop_cs_katana_01</HashName>
			<InitialHandle>556360</InitialHandle>
			<ObjectProperties>
				<TextureVariation>0</TextureVariation>
			</ObjectProperties>
			<OpacityLevel>255</OpacityLevel>
			<LodDistance>16960</LodDistance>
			<IsVisible>true</IsVisible>
			<MaxHealth>1000</MaxHealth>
			<Health>1000</Health>
			<HasGravity>true</HasGravity>
			<IsOnFire>false</IsOnFire>
			<IsInvincible>false</IsInvincible>
			<IsBulletProof>false</IsBulletProof>
			<IsCollisionProof>false</IsCollisionProof>
			<IsExplosionProof>false</IsExplosionProof>
			<IsFireProof>false</IsFireProof>
			<IsMeleeProof>false</IsMeleeProof>
			<IsOnlyDamagedByPlayer>false</IsOnlyDamagedByPlayer>
			<PositionRotation>
				<X>-202.878036</X>
				<Y>-1410.98462</Y>
				<Z>30.698885</Z>
				<Pitch>1.21855032</Pitch>
				<Roll>91.8973923</Roll>
				<Yaw>-143.810287</Yaw>
			</PositionRotation>
			<Attachment isAttached="true">
				<AttachedTo>560916</AttachedTo>
				<BoneIndex>0</BoneIndex>
				<X>0.725283444</X>
				<Y>2.0704298</Y>
				<Z>0.0235331804</Z>
				<Pitch>-0.096369423</Pitch>
				<Roll>92.3487015</Roll>
				<Yaw>-269.009644</Yaw>
			</Attachment>
		</Attachment>
		<Attachment>
			<ModelHash>0xe2ba016f</ModelHash>
			<Type>3</Type>
			<Dynamic>false</Dynamic>
			<FrozenPos>true</FrozenPos>
			<HashName>prop_cs_katana_01</HashName>
			<InitialHandle>717127</InitialHandle>
			<ObjectProperties>
				<TextureVariation>0</TextureVariation>
			</ObjectProperties>
			<OpacityLevel>255</OpacityLevel>
			<LodDistance>16960</LodDistance>
			<IsVisible>true</IsVisible>
			<MaxHealth>1000</MaxHealth>
			<Health>1000</Health>
			<HasGravity>true</HasGravity>
			<IsOnFire>false</IsOnFire>
			<IsInvincible>false</IsInvincible>
			<IsBulletProof>false</IsBulletProof>
			<IsCollisionProof>false</IsCollisionProof>
			<IsExplosionProof>false</IsExplosionProof>
			<IsFireProof>false</IsFireProof>
			<IsMeleeProof>false</IsMeleeProof>
			<IsOnlyDamagedByPlayer>false</IsOnlyDamagedByPlayer>
			<PositionRotation>
				<X>-202.75267</X>
				<Y>-1411.16943</Y>
				<Z>30.7305145</Z>
				<Pitch>1.22486377</Pitch>
				<Roll>91.916214</Roll>
				<Yaw>-144.629272</Yaw>
			</PositionRotation>
			<Attachment isAttached="true">
				<AttachedTo>560916</AttachedTo>
				<BoneIndex>0</BoneIndex>
				<X>0.501287222</X>
				<Y>2.07474613</Y>
				<Z>0.0499683693</Z>
				<Pitch>-0.0963685662</Pitch>
				<Roll>92.3486862</Roll>
				<Yaw>-269.828491</Yaw>
			</Attachment>
		</Attachment>
		<Attachment>
			<ModelHash>0xe2ba016f</ModelHash>
			<Type>3</Type>
			<Dynamic>false</Dynamic>
			<FrozenPos>true</FrozenPos>
			<HashName>prop_cs_katana_01</HashName>
			<InitialHandle>134983</InitialHandle>
			<ObjectProperties>
				<TextureVariation>0</TextureVariation>
			</ObjectProperties>
			<OpacityLevel>255</OpacityLevel>
			<LodDistance>16960</LodDistance>
			<IsVisible>true</IsVisible>
			<MaxHealth>1000</MaxHealth>
			<Health>1000</Health>
			<HasGravity>true</HasGravity>
			<IsOnFire>false</IsOnFire>
			<IsInvincible>false</IsInvincible>
			<IsBulletProof>false</IsBulletProof>
			<IsCollisionProof>false</IsCollisionProof>
			<IsExplosionProof>false</IsExplosionProof>
			<IsFireProof>false</IsFireProof>
			<IsMeleeProof>false</IsMeleeProof>
			<IsOnlyDamagedByPlayer>false</IsOnlyDamagedByPlayer>
			<PositionRotation>
				<X>-202.213196</X>
				<Y>-1411.97937</Y>
				<Z>30.7492771</Z>
				<Pitch>1.21279955</Pitch>
				<Roll>91.880928</Roll>
				<Yaw>-143.093323</Yaw>
			</PositionRotation>
			<Attachment isAttached="true">
				<AttachedTo>560916</AttachedTo>
				<BoneIndex>0</BoneIndex>
				<X>-0.471687466</X>
				<Y>2.10075045</Y>
				<Z>0.0460787714</Z>
				<Pitch>-0.0963702723</Pitch>
				<Roll>92.348671</Roll>
				<Yaw>-268.292816</Yaw>
			</Attachment>
		</Attachment>
		<Attachment>
			<ModelHash>0xe2ba016f</ModelHash>
			<Type>3</Type>
			<Dynamic>false</Dynamic>
			<FrozenPos>true</FrozenPos>
			<HashName>prop_cs_katana_01</HashName>
			<InitialHandle>659246</InitialHandle>
			<ObjectProperties>
				<TextureVariation>0</TextureVariation>
			</ObjectProperties>
			<OpacityLevel>255</OpacityLevel>
			<LodDistance>16960</LodDistance>
			<IsVisible>true</IsVisible>
			<MaxHealth>1000</MaxHealth>
			<Health>1000</Health>
			<HasGravity>true</HasGravity>
			<IsOnFire>false</IsOnFire>
			<IsInvincible>false</IsInvincible>
			<IsBulletProof>false</IsBulletProof>
			<IsCollisionProof>false</IsCollisionProof>
			<IsExplosionProof>false</IsExplosionProof>
			<IsFireProof>false</IsFireProof>
			<IsMeleeProof>false</IsMeleeProof>
			<IsOnlyDamagedByPlayer>false</IsOnlyDamagedByPlayer>
			<PositionRotation>
				<X>-202.080902</X>
				<Y>-1412.1499</Y>
				<Z>30.7484722</Z>
				<Pitch>1.21027458</Pitch>
				<Roll>91.8739395</Roll>
				<Yaw>-142.786041</Yaw>
			</PositionRotation>
			<Attachment isAttached="true">
				<AttachedTo>560916</AttachedTo>
				<BoneIndex>0</BoneIndex>
				<X>-0.687188208</X>
				<Y>2.09089208</Y>
				<Z>0.0403728187</Z>
				<Pitch>-0.0963664353</Pitch>
				<Roll>92.3486862</Roll>
				<Yaw>-267.985596</Yaw>
			</Attachment>
		</Attachment>
		<Attachment>
			<ModelHash>0xe2ba016f</ModelHash>
			<Type>3</Type>
			<Dynamic>false</Dynamic>
			<FrozenPos>true</FrozenPos>
			<HashName>prop_cs_katana_01</HashName>
			<InitialHandle>576323</InitialHandle>
			<ObjectProperties>
				<TextureVariation>0</TextureVariation>
			</ObjectProperties>
			<OpacityLevel>255</OpacityLevel>
			<LodDistance>16960</LodDistance>
			<IsVisible>true</IsVisible>
			<MaxHealth>1000</MaxHealth>
			<Health>1000</Health>
			<HasGravity>true</HasGravity>
			<IsOnFire>false</IsOnFire>
			<IsInvincible>false</IsInvincible>
			<IsBulletProof>false</IsBulletProof>
			<IsCollisionProof>false</IsCollisionProof>
			<IsExplosionProof>false</IsExplosionProof>
			<IsFireProof>false</IsFireProof>
			<IsMeleeProof>false</IsMeleeProof>
			<IsOnlyDamagedByPlayer>false</IsOnlyDamagedByPlayer>
			<PositionRotation>
				<X>-201.045715</X>
				<Y>-1411.33191</Y>
				<Z>30.9172974</Z>
				<Pitch>1.21196532</Pitch>
				<Roll>1.8786552</Roll>
				<Yaw>-142.990784</Yaw>
			</PositionRotation>
			<Attachment isAttached="true">
				<AttachedTo>560916</AttachedTo>
				<BoneIndex>0</BoneIndex>
				<X>-0.619384587</X>
				<Y>0.774779379</Y>
				<Z>0.220655978</Z>
				<Pitch>-0.0963681415</Pitch>
				<Roll>2.34872198</Roll>
				<Yaw>-268.190308</Yaw>
			</Attachment>
		</Attachment>
		<Attachment>
			<ModelHash>0xe2ba016f</ModelHash>
			<Type>3</Type>
			<Dynamic>false</Dynamic>
			<FrozenPos>true</FrozenPos>
			<HashName>prop_cs_katana_01</HashName>
			<InitialHandle>275784</InitialHandle>
			<ObjectProperties>
				<TextureVariation>0</TextureVariation>
			</ObjectProperties>
			<OpacityLevel>255</OpacityLevel>
			<LodDistance>16960</LodDistance>
			<IsVisible>true</IsVisible>
			<MaxHealth>1000</MaxHealth>
			<Health>1000</Health>
			<HasGravity>true</HasGravity>
			<IsOnFire>false</IsOnFire>
			<IsInvincible>false</IsInvincible>
			<IsBulletProof>false</IsBulletProof>
			<IsCollisionProof>false</IsCollisionProof>
			<IsExplosionProof>false</IsExplosionProof>
			<IsFireProof>false</IsFireProof>
			<IsMeleeProof>false</IsMeleeProof>
			<IsOnlyDamagedByPlayer>false</IsOnlyDamagedByPlayer>
			<PositionRotation>
				<X>-201.531235</X>
				<Y>-1411.78638</Y>
				<Z>30.8920326</Z>
				<Pitch>1.21280181</Pitch>
				<Roll>1.88099003</Roll>
				<Yaw>-143.093033</Yaw>
			</PositionRotation>
			<Attachment isAttached="true">
				<AttachedTo>560916</AttachedTo>
				<BoneIndex>0</BoneIndex>
				<X>-0.710248828</X>
				<Y>1.43324482</Y>
				<Z>0.18836154</Z>
				<Pitch>-0.0963681415</Pitch>
				<Roll>2.34872198</Roll>
				<Yaw>-268.292542</Yaw>
			</Attachment>
		</Attachment>
		<Attachment>
			<ModelHash>0xe2ba016f</ModelHash>
			<Type>3</Type>
			<Dynamic>false</Dynamic>
			<FrozenPos>true</FrozenPos>
			<HashName>prop_cs_katana_01</HashName>
			<InitialHandle>170825</InitialHandle>
			<ObjectProperties>
				<TextureVariation>0</TextureVariation>
			</ObjectProperties>
			<OpacityLevel>255</OpacityLevel>
			<LodDistance>16960</LodDistance>
			<IsVisible>true</IsVisible>
			<MaxHealth>1000</MaxHealth>
			<Health>1000</Health>
			<HasGravity>true</HasGravity>
			<IsOnFire>false</IsOnFire>
			<IsInvincible>false</IsInvincible>
			<IsBulletProof>false</IsBulletProof>
			<IsCollisionProof>false</IsCollisionProof>
			<IsExplosionProof>false</IsExplosionProof>
			<IsFireProof>false</IsFireProof>
			<IsMeleeProof>false</IsMeleeProof>
			<IsOnlyDamagedByPlayer>false</IsOnlyDamagedByPlayer>
			<PositionRotation>
				<X>-201.277771</X>
				<Y>-1411.58716</Y>
				<Z>30.912405</Z>
				<Pitch>1.21027064</Pitch>
				<Roll>1.87396431</Roll>
				<Yaw>-142.785233</Yaw>
			</PositionRotation>
			<Attachment isAttached="true">
				<AttachedTo>560916</AttachedTo>
				<BoneIndex>0</BoneIndex>
				<X>-0.69408077</X>
				<Y>1.1114856</Y>
				<Z>0.211519733</Z>
				<Pitch>-0.0963681415</Pitch>
				<Roll>2.34872198</Roll>
				<Yaw>-267.984802</Yaw>
			</Attachment>
		</Attachment>
		<Attachment>
			<ModelHash>0xe2ba016f</ModelHash>
			<Type>3</Type>
			<Dynamic>false</Dynamic>
			<FrozenPos>true</FrozenPos>
			<HashName>prop_cs_katana_01</HashName>
			<InitialHandle>423495</InitialHandle>
			<ObjectProperties>
				<TextureVariation>0</TextureVariation>
			</ObjectProperties>
			<OpacityLevel>255</OpacityLevel>
			<LodDistance>16960</LodDistance>
			<IsVisible>true</IsVisible>
			<MaxHealth>1000</MaxHealth>
			<Health>1000</Health>
			<HasGravity>true</HasGravity>
			<IsOnFire>false</IsOnFire>
			<IsInvincible>false</IsInvincible>
			<IsBulletProof>false</IsBulletProof>
			<IsCollisionProof>false</IsCollisionProof>
			<IsExplosionProof>false</IsExplosionProof>
			<IsFireProof>false</IsFireProof>
			<IsMeleeProof>false</IsMeleeProof>
			<IsOnlyDamagedByPlayer>false</IsOnlyDamagedByPlayer>
			<PositionRotation>
				<X>-201.909378</X>
				<Y>-1410.22668</Y>
				<Z>30.8253651</Z>
				<Pitch>1.21279037</Pitch>
				<Roll>1.8809582</Roll>
				<Yaw>-143.091644</Yaw>
			</PositionRotation>
			<Attachment isAttached="true">
				<AttachedTo>560916</AttachedTo>
				<BoneIndex>0</BoneIndex>
				<X>0.783337891</X>
				<Y>0.842986286</Y>
				<Z>0.160571396</Z>
				<Pitch>-0.0963681415</Pitch>
				<Roll>2.34872198</Roll>
				<Yaw>-268.291138</Yaw>
			</Attachment>
		</Attachment>
		<Attachment>
			<ModelHash>0xe2ba016f</ModelHash>
			<Type>3</Type>
			<Dynamic>false</Dynamic>
			<FrozenPos>true</FrozenPos>
			<HashName>prop_cs_katana_01</HashName>
			<InitialHandle>721224</InitialHandle>
			<ObjectProperties>
				<TextureVariation>0</TextureVariation>
			</ObjectProperties>
			<OpacityLevel>255</OpacityLevel>
			<LodDistance>16960</LodDistance>
			<IsVisible>true</IsVisible>
			<MaxHealth>1000</MaxHealth>
			<Health>1000</Health>
			<HasGravity>true</HasGravity>
			<IsOnFire>false</IsOnFire>
			<IsInvincible>false</IsInvincible>
			<IsBulletProof>false</IsBulletProof>
			<IsCollisionProof>false</IsCollisionProof>
			<IsExplosionProof>false</IsExplosionProof>
			<IsFireProof>false</IsFireProof>
			<IsMeleeProof>false</IsMeleeProof>
			<IsOnlyDamagedByPlayer>false</IsOnlyDamagedByPlayer>
			<PositionRotation>
				<X>-202.174271</X>
				<Y>-1410.41577</Y>
				<Z>30.7723923</Z>
				<Pitch>1.20941353</Pitch>
				<Roll>1.87161326</Roll>
				<Yaw>-142.682098</Yaw>
			</PositionRotation>
			<Attachment isAttached="true">
				<AttachedTo>560916</AttachedTo>
				<BoneIndex>0</BoneIndex>
				<X>0.782772779</X>
				<Y>1.16801453</Y>
				<Z>0.10514015</Z>
				<Pitch>-0.0963681415</Pitch>
				<Roll>2.34872198</Roll>
				<Yaw>-267.881653</Yaw>
			</Attachment>
		</Attachment>
		<Attachment>
			<ModelHash>0xe2ba016f</ModelHash>
			<Type>3</Type>
			<Dynamic>false</Dynamic>
			<FrozenPos>true</FrozenPos>
			<HashName>prop_cs_katana_01</HashName>
			<InitialHandle>439622</InitialHandle>
			<ObjectProperties>
				<TextureVariation>0</TextureVariation>
			</ObjectProperties>
			<OpacityLevel>255</OpacityLevel>
			<LodDistance>16960</LodDistance>
			<IsVisible>true</IsVisible>
			<MaxHealth>1000</MaxHealth>
			<Health>1000</Health>
			<HasGravity>true</HasGravity>
			<IsOnFire>false</IsOnFire>
			<IsInvincible>false</IsInvincible>
			<IsBulletProof>false</IsBulletProof>
			<IsCollisionProof>false</IsCollisionProof>
			<IsExplosionProof>false</IsExplosionProof>
			<IsFireProof>false</IsFireProof>
			<IsMeleeProof>false</IsMeleeProof>
			<IsOnlyDamagedByPlayer>false</IsOnlyDamagedByPlayer>
			<PositionRotation>
				<X>-202.38176</X>
				<Y>-1410.58972</Y>
				<Z>30.7543316</Z>
				<Pitch>1.21691442</Pitch>
				<Roll>1.8926667</Roll>
				<Yaw>-143.603287</Yaw>
			</PositionRotation>
			<Attachment isAttached="true">
				<AttachedTo>560916</AttachedTo>
				<BoneIndex>0</BoneIndex>
				<X>0.760569453</X>
				<Y>1.43773162</Y>
				<Z>0.084542945</Z>
				<Pitch>-0.0963681415</Pitch>
				<Roll>2.34872198</Roll>
				<Yaw>-268.802704</Yaw>
			</Attachment>
		</Attachment>
		<Attachment>
			<ModelHash>0x4f7c79ba</ModelHash>
			<Type>3</Type>
			<Dynamic>false</Dynamic>
			<FrozenPos>true</FrozenPos>
			<HashName>prop_monitor_01a</HashName>
			<InitialHandle>686411</InitialHandle>
			<ObjectProperties>
				<TextureVariation>0</TextureVariation>
			</ObjectProperties>
			<OpacityLevel>255</OpacityLevel>
			<LodDistance>16960</LodDistance>
			<IsVisible>true</IsVisible>
			<MaxHealth>1000</MaxHealth>
			<Health>1000</Health>
			<HasGravity>true</HasGravity>
			<IsOnFire>false</IsOnFire>
			<IsInvincible>false</IsInvincible>
			<IsBulletProof>false</IsBulletProof>
			<IsCollisionProof>false</IsCollisionProof>
			<IsExplosionProof>false</IsExplosionProof>
			<IsFireProof>false</IsFireProof>
			<IsMeleeProof>false</IsMeleeProof>
			<IsOnlyDamagedByPlayer>false</IsOnlyDamagedByPlayer>
			<PositionRotation>
				<X>-201.216385</X>
				<Y>-1410.28516</Y>
				<Z>30.9292622</Z>
				<Pitch>0.284562737</Pitch>
				<Roll>3.68572307</Roll>
				<Yaw>123.145828</Yaw>
			</PositionRotation>
			<Attachment isAttached="true">
				<AttachedTo>560916</AttachedTo>
				<BoneIndex>0</BoneIndex>
				<X>0.333775908</X>
				<Y>0.311156988</Y>
				<Z>0.258098572</Z>
				<Pitch>-0.0963681415</Pitch>
				<Roll>2.34872198</Roll>
				<Yaw>-2.04689789</Yaw>
			</Attachment>
		</Attachment>
	</SpoonerAttachments>
</Vehicle>
