<?xml version="1.0" encoding="ISO-8859-1"?>
<Vehicle menyoo_ver="0.9998744b">
	<ModelHash>0x59e0fbf3</ModelHash>
	<InitialHandle>459053</InitialHandle>
	<VehicleProperties>
		<Colours>
			<Primary>153</Primary>
			<Secondary>0</Secondary>
			<Pearl>0</Pearl>
			<Rim>156</Rim>
			<Mod1_a>6</Mod1_a>
			<Mod1_b>-1</Mod1_b>
			<Mod1_c>-1</Mod1_c>
			<Mod2_a>6</Mod2_a>
			<Mod2_b>-1</Mod2_b>
			<IsPrimaryColourCustom>false</IsPrimaryColourCustom>
			<IsSecondaryColourCustom>false</IsSecondaryColourCustom>
			<tyreSmoke_R>255</tyreSmoke_R>
			<tyreSmoke_G>255</tyreSmoke_G>
			<tyreSmoke_B>255</tyreSmoke_B>
			<LrInterior>0</LrInterior>
			<LrDashboard>0</LrDashboard>
		</Colours>
		<Livery>-1</Livery>
		<NumberPlateText>04YTH001</NumberPlateText>
		<NumberPlateIndex>2</NumberPlateIndex>
		<WheelType>1</WheelType>
		<WheelsInvisible>false</WheelsInvisible>
		<EngineSoundName></EngineSoundName>
		<WindowTint>-1</WindowTint>
		<BulletProofTyres>true</BulletProofTyres>
		<DirtLevel>0.296403378</DirtLevel>
		<PaintFade>0.298039228</PaintFade>
		<RoofState>0</RoofState>
		<SirenActive>false</SirenActive>
		<EngineOn>true</EngineOn>
		<EngineHealth>1000</EngineHealth>
		<LightsOn>false</LightsOn>
		<IsRadioLoud>0</IsRadioLoud>
		<LockStatus>1</LockStatus>
		<Neons>
			<Left>false</Left>
			<Right>false</Right>
			<Front>false</Front>
			<Back>false</Back>
			<R>255</R>
			<G>0</G>
			<B>255</B>
		</Neons>
		<ModExtras>
			<_11>false</_11>
			<_12>true</_12>
		</ModExtras>
		<Mods>
			<_0>-1,0</_0>
			<_1>-1,0</_1>
			<_2>-1,0</_2>
			<_3>-1,0</_3>
			<_4>-1,0</_4>
			<_5>-1,0</_5>
			<_6>-1,0</_6>
			<_7>-1,0</_7>
			<_8>-1,0</_8>
			<_9>-1,0</_9>
			<_10>-1,0</_10>
			<_11>3,0</_11>
			<_12>2,0</_12>
			<_13>2,0</_13>
			<_14>-1,0</_14>
			<_15>-1,0</_15>
			<_16>4,0</_16>
			<_17>false</_17>
			<_18>false</_18>
			<_19>false</_19>
			<_20>false</_20>
			<_21>false</_21>
			<_22>false</_22>
			<_23>-1,0</_23>
			<_24>-1,0</_24>
			<_25>-1,0</_25>
			<_26>-1,0</_26>
			<_27>-1,0</_27>
			<_28>-1,0</_28>
			<_29>-1,0</_29>
			<_30>-1,0</_30>
			<_31>-1,0</_31>
			<_32>-1,0</_32>
			<_33>-1,0</_33>
			<_34>-1,0</_34>
			<_35>-1,0</_35>
			<_36>-1,0</_36>
			<_37>-1,0</_37>
			<_38>-1,0</_38>
			<_39>-1,0</_39>
			<_40>-1,0</_40>
			<_41>-1,0</_41>
			<_42>-1,0</_42>
			<_43>-1,0</_43>
			<_44>-1,0</_44>
			<_45>-1,0</_45>
			<_46>-1,0</_46>
			<_47>-1,0</_47>
			<_48>-1,0</_48>
		</Mods>
		<DoorsOpen>
			<BackLeftDoor>false</BackLeftDoor>
			<BackRightDoor>false</BackRightDoor>
			<FrontLeftDoor>false</FrontLeftDoor>
			<FrontRightDoor>false</FrontRightDoor>
			<Hood>false</Hood>
			<Trunk>false</Trunk>
			<Trunk2>false</Trunk2>
		</DoorsOpen>
		<DoorsBroken>
			<BackLeftDoor>false</BackLeftDoor>
			<BackRightDoor>false</BackRightDoor>
			<FrontLeftDoor>false</FrontLeftDoor>
			<FrontRightDoor>false</FrontRightDoor>
			<Hood>false</Hood>
			<Trunk>false</Trunk>
			<Trunk2>false</Trunk2>
		</DoorsBroken>
		<TyresBursted>
			<FrontLeft>false</FrontLeft>
			<FrontRight>false</FrontRight>
			<_2>false</_2>
			<_3>false</_3>
			<BackLeft>false</BackLeft>
			<BackRight>false</BackRight>
			<_6>false</_6>
			<_7>false</_7>
			<_8>false</_8>
		</TyresBursted>
		<RpmMultiplier>1</RpmMultiplier>
		<TorqueMultiplier>1</TorqueMultiplier>
		<HeadlightIntensity>1</HeadlightIntensity>
	</VehicleProperties>
	<OpacityLevel>255</OpacityLevel>
	<LodDistance>16960</LodDistance>
	<IsVisible>true</IsVisible>
	<IsDriverVisible>true</IsDriverVisible>
	<MaxHealth>1000</MaxHealth>
	<Health>1000</Health>
	<HasGravity>true</HasGravity>
	<IsOnFire>false</IsOnFire>
	<IsInvincible>false</IsInvincible>
	<IsBulletProof>false</IsBulletProof>
	<IsExplosionProof>false</IsExplosionProof>
	<IsFireProof>false</IsFireProof>
	<IsMeleeProof>false</IsMeleeProof>
	<IsOnlyDamagedByPlayer>false</IsOnlyDamagedByPlayer>
	<SpoonerAttachments SetAttachmentsPersistentAndAddToSpoonerDatabase="false" StartTaskSequencesOnLoad="true">
		<Attachment>
			<ModelHash>0xb7dd5fd1</ModelHash>
			<Type>3</Type>
			<Dynamic>false</Dynamic>
			<FrozenPos>true</FrozenPos>
			<HashName>p_rcss_folded</HashName>
			<InitialHandle>208942</InitialHandle>
			<ObjectProperties>
				<TextureVariation>0</TextureVariation>
			</ObjectProperties>
			<OpacityLevel>255</OpacityLevel>
			<LodDistance>16960</LodDistance>
			<IsVisible>true</IsVisible>
			<MaxHealth>1000</MaxHealth>
			<Health>1000</Health>
			<HasGravity>true</HasGravity>
			<IsOnFire>false</IsOnFire>
			<IsInvincible>false</IsInvincible>
			<IsBulletProof>false</IsBulletProof>
			<IsCollisionProof>false</IsCollisionProof>
			<IsExplosionProof>false</IsExplosionProof>
			<IsFireProof>false</IsFireProof>
			<IsMeleeProof>false</IsMeleeProof>
			<IsOnlyDamagedByPlayer>false</IsOnlyDamagedByPlayer>
			<PositionRotation>
				<X>174.801544</X>
				<Y>-3323.48584</Y>
				<Z>5.98746157</Z>
				<Pitch>-0.44713071</Pitch>
				<Roll>1.0018822</Roll>
				<Yaw>-178.057632</Yaw>
			</PositionRotation>
			<Attachment isAttached="true">
				<AttachedTo>459053</AttachedTo>
				<BoneIndex>0</BoneIndex>
				<X>0.0390601233</X>
				<Y>-0.158891737</Y>
				<Z>0.55298382</Z>
				<Pitch>-0.355018765</Pitch>
				<Roll>0.884747624</Roll>
				<Yaw>-180.85202</Yaw>
			</Attachment>
		</Attachment>
		<Attachment>
			<ModelHash>0x13cb151f</ModelHash>
			<Type>3</Type>
			<Dynamic>false</Dynamic>
			<FrozenPos>true</FrozenPos>
			<HashName>hei_prop_hei_shack_window</HashName>
			<InitialHandle>492590</InitialHandle>
			<ObjectProperties>
				<TextureVariation>0</TextureVariation>
			</ObjectProperties>
			<OpacityLevel>255</OpacityLevel>
			<LodDistance>16960</LodDistance>
			<IsVisible>true</IsVisible>
			<MaxHealth>1000</MaxHealth>
			<Health>1000</Health>
			<HasGravity>true</HasGravity>
			<IsOnFire>false</IsOnFire>
			<IsInvincible>false</IsInvincible>
			<IsBulletProof>false</IsBulletProof>
			<IsCollisionProof>false</IsCollisionProof>
			<IsExplosionProof>false</IsExplosionProof>
			<IsFireProof>false</IsFireProof>
			<IsMeleeProof>false</IsMeleeProof>
			<IsOnlyDamagedByPlayer>false</IsOnlyDamagedByPlayer>
			<PositionRotation>
				<X>174.041916</X>
				<Y>-3324.47559</Y>
				<Z>6.32634068</Z>
				<Pitch>-0.239875272</Pitch>
				<Roll>0.979334891</Roll>
				<Yaw>-89.2784576</Yaw>
			</PositionRotation>
			<Attachment isAttached="true">
				<AttachedTo>459053</AttachedTo>
				<BoneIndex>0</BoneIndex>
				<X>-0.76720947</X>
				<Y>-1.10992026</Y>
				<Z>0.895031393</Z>
				<Pitch>-0.355018765</Pitch>
				<Roll>0.884747624</Roll>
				<Yaw>-92.0725021</Yaw>
			</Attachment>
		</Attachment>
		<Attachment>
			<ModelHash>0x13cb151f</ModelHash>
			<Type>3</Type>
			<Dynamic>false</Dynamic>
			<FrozenPos>true</FrozenPos>
			<HashName>hei_prop_hei_shack_window</HashName>
			<InitialHandle>479022</InitialHandle>
			<ObjectProperties>
				<TextureVariation>0</TextureVariation>
			</ObjectProperties>
			<OpacityLevel>255</OpacityLevel>
			<LodDistance>16960</LodDistance>
			<IsVisible>true</IsVisible>
			<MaxHealth>1000</MaxHealth>
			<Health>1000</Health>
			<HasGravity>true</HasGravity>
			<IsOnFire>false</IsOnFire>
			<IsInvincible>false</IsInvincible>
			<IsBulletProof>false</IsBulletProof>
			<IsCollisionProof>false</IsCollisionProof>
			<IsExplosionProof>false</IsExplosionProof>
			<IsFireProof>false</IsFireProof>
			<IsMeleeProof>false</IsMeleeProof>
			<IsOnlyDamagedByPlayer>false</IsOnlyDamagedByPlayer>
			<PositionRotation>
				<X>174.065323</X>
				<Y>-3325.13525</Y>
				<Z>6.30742073</Z>
				<Pitch>-0.239875272</Pitch>
				<Roll>0.979334891</Roll>
				<Yaw>-89.2784576</Yaw>
			</PositionRotation>
			<Attachment isAttached="true">
				<AttachedTo>459053</AttachedTo>
				<BoneIndex>0</BoneIndex>
				<X>-0.7760185</X>
				<Y>-1.77005708</Y>
				<Z>0.877170563</Z>
				<Pitch>-0.355018765</Pitch>
				<Roll>0.884747624</Roll>
				<Yaw>-92.0725021</Yaw>
			</Attachment>
		</Attachment>
		<Attachment>
			<ModelHash>0x13cb151f</ModelHash>
			<Type>3</Type>
			<Dynamic>false</Dynamic>
			<FrozenPos>true</FrozenPos>
			<HashName>hei_prop_hei_shack_window</HashName>
			<InitialHandle>31023</InitialHandle>
			<ObjectProperties>
				<TextureVariation>0</TextureVariation>
			</ObjectProperties>
			<OpacityLevel>255</OpacityLevel>
			<LodDistance>16960</LodDistance>
			<IsVisible>true</IsVisible>
			<MaxHealth>1000</MaxHealth>
			<Health>1000</Health>
			<HasGravity>true</HasGravity>
			<IsOnFire>false</IsOnFire>
			<IsInvincible>false</IsInvincible>
			<IsBulletProof>false</IsBulletProof>
			<IsCollisionProof>false</IsCollisionProof>
			<IsExplosionProof>false</IsExplosionProof>
			<IsFireProof>false</IsFireProof>
			<IsMeleeProof>false</IsMeleeProof>
			<IsOnlyDamagedByPlayer>false</IsOnlyDamagedByPlayer>
			<PositionRotation>
				<X>174.088684</X>
				<Y>-3325.79492</Y>
				<Z>6.28850126</Z>
				<Pitch>-0.239875272</Pitch>
				<Roll>0.979334891</Roll>
				<Yaw>-89.2784576</Yaw>
			</PositionRotation>
			<Attachment isAttached="true">
				<AttachedTo>459053</AttachedTo>
				<BoneIndex>0</BoneIndex>
				<X>-0.784869075</X>
				<Y>-2.42994905</Y>
				<Z>0.859309852</Z>
				<Pitch>-0.355018765</Pitch>
				<Roll>0.884747624</Roll>
				<Yaw>-92.0725021</Yaw>
			</Attachment>
		</Attachment>
		<Attachment>
			<ModelHash>0x13cb151f</ModelHash>
			<Type>3</Type>
			<Dynamic>false</Dynamic>
			<FrozenPos>true</FrozenPos>
			<HashName>hei_prop_hei_shack_window</HashName>
			<InitialHandle>406318</InitialHandle>
			<ObjectProperties>
				<TextureVariation>0</TextureVariation>
			</ObjectProperties>
			<OpacityLevel>255</OpacityLevel>
			<LodDistance>16960</LodDistance>
			<IsVisible>true</IsVisible>
			<MaxHealth>1000</MaxHealth>
			<Health>1000</Health>
			<HasGravity>true</HasGravity>
			<IsOnFire>false</IsOnFire>
			<IsInvincible>false</IsInvincible>
			<IsBulletProof>false</IsBulletProof>
			<IsCollisionProof>false</IsCollisionProof>
			<IsExplosionProof>false</IsExplosionProof>
			<IsFireProof>false</IsFireProof>
			<IsMeleeProof>false</IsMeleeProof>
			<IsOnlyDamagedByPlayer>false</IsOnlyDamagedByPlayer>
			<PositionRotation>
				<X>175.647659</X>
				<Y>-3324.46753</Y>
				<Z>6.32782555</Z>
				<Pitch>-0.475559413</Pitch>
				<Roll>0.797140598</Roll>
				<Yaw>94.114624</Yaw>
			</PositionRotation>
			<Attachment isAttached="true">
				<AttachedTo>459053</AttachedTo>
				<BoneIndex>0</BoneIndex>
				<X>0.837016463</X>
				<Y>-1.18018031</Y>
				<Z>0.893309414</Z>
				<Pitch>-0.355018765</Pitch>
				<Roll>0.884747624</Roll>
				<Yaw>-268.678284</Yaw>
			</Attachment>
		</Attachment>
		<Attachment>
			<ModelHash>0x13cb151f</ModelHash>
			<Type>3</Type>
			<Dynamic>false</Dynamic>
			<FrozenPos>true</FrozenPos>
			<HashName>hei_prop_hei_shack_window</HashName>
			<InitialHandle>4144</InitialHandle>
			<ObjectProperties>
				<TextureVariation>0</TextureVariation>
			</ObjectProperties>
			<OpacityLevel>255</OpacityLevel>
			<LodDistance>16960</LodDistance>
			<IsVisible>true</IsVisible>
			<MaxHealth>1000</MaxHealth>
			<Health>1000</Health>
			<HasGravity>true</HasGravity>
			<IsOnFire>false</IsOnFire>
			<IsInvincible>false</IsInvincible>
			<IsBulletProof>false</IsBulletProof>
			<IsCollisionProof>false</IsCollisionProof>
			<IsExplosionProof>false</IsExplosionProof>
			<IsFireProof>false</IsFireProof>
			<IsMeleeProof>false</IsMeleeProof>
			<IsOnlyDamagedByPlayer>false</IsOnlyDamagedByPlayer>
			<PositionRotation>
				<X>175.67778</X>
				<Y>-3325.12671</Y>
				<Z>6.30892372</Z>
				<Pitch>-0.475559413</Pitch>
				<Roll>0.797140598</Roll>
				<Yaw>94.114624</Yaw>
			</PositionRotation>
			<Attachment isAttached="true">
				<AttachedTo>459053</AttachedTo>
				<BoneIndex>0</BoneIndex>
				<X>0.834954143</X>
				<Y>-1.839908</Y>
				<Z>0.875451982</Z>
				<Pitch>-0.355018765</Pitch>
				<Roll>0.884747624</Roll>
				<Yaw>-268.678284</Yaw>
			</Attachment>
		</Attachment>
		<Attachment>
			<ModelHash>0x13cb151f</ModelHash>
			<Type>3</Type>
			<Dynamic>false</Dynamic>
			<FrozenPos>true</FrozenPos>
			<HashName>hei_prop_hei_shack_window</HashName>
			<InitialHandle>763693</InitialHandle>
			<ObjectProperties>
				<TextureVariation>0</TextureVariation>
			</ObjectProperties>
			<OpacityLevel>255</OpacityLevel>
			<LodDistance>16960</LodDistance>
			<IsVisible>true</IsVisible>
			<MaxHealth>1000</MaxHealth>
			<Health>1000</Health>
			<HasGravity>true</HasGravity>
			<IsOnFire>false</IsOnFire>
			<IsInvincible>false</IsInvincible>
			<IsBulletProof>false</IsBulletProof>
			<IsCollisionProof>false</IsCollisionProof>
			<IsExplosionProof>false</IsExplosionProof>
			<IsFireProof>false</IsFireProof>
			<IsMeleeProof>false</IsMeleeProof>
			<IsOnlyDamagedByPlayer>false</IsOnlyDamagedByPlayer>
			<PositionRotation>
				<X>175.68779</X>
				<Y>-3325.68311</Y>
				<Z>6.29296112</Z>
				<Pitch>-0.474760234</Pitch>
				<Roll>0.796051323</Roll>
				<Yaw>93.5951385</Yaw>
			</PositionRotation>
			<Attachment isAttached="true">
				<AttachedTo>459053</AttachedTo>
				<BoneIndex>0</BoneIndex>
				<X>0.817803264</X>
				<Y>-2.39616013</Y>
				<Z>0.860402167</Z>
				<Pitch>-0.355018765</Pitch>
				<Roll>0.884747624</Roll>
				<Yaw>-269.197754</Yaw>
			</Attachment>
		</Attachment>
		<Attachment>
			<ModelHash>0x26a28712</ModelHash>
			<Type>3</Type>
			<Dynamic>false</Dynamic>
			<FrozenPos>true</FrozenPos>
			<HashName>prop_tool_box_02</HashName>
			<InitialHandle>383537</InitialHandle>
			<ObjectProperties>
				<TextureVariation>0</TextureVariation>
			</ObjectProperties>
			<OpacityLevel>255</OpacityLevel>
			<LodDistance>16960</LodDistance>
			<IsVisible>true</IsVisible>
			<MaxHealth>1000</MaxHealth>
			<Health>1000</Health>
			<HasGravity>true</HasGravity>
			<IsOnFire>false</IsOnFire>
			<IsInvincible>false</IsInvincible>
			<IsBulletProof>false</IsBulletProof>
			<IsCollisionProof>false</IsCollisionProof>
			<IsExplosionProof>false</IsExplosionProof>
			<IsFireProof>false</IsFireProof>
			<IsMeleeProof>false</IsMeleeProof>
			<IsOnlyDamagedByPlayer>false</IsOnlyDamagedByPlayer>
			<PositionRotation>
				<X>174.370422</X>
				<Y>-3324.33228</Y>
				<Z>5.2488122</Z>
				<Pitch>-0.266340792</Pitch>
				<Roll>0.764992416</Roll>
				<Yaw>3.60275602</Yaw>
			</PositionRotation>
			<Attachment isAttached="true">
				<AttachedTo>459053</AttachedTo>
				<BoneIndex>0</BoneIndex>
				<X>-0.434332877</X>
				<Y>-0.984420121</Y>
				<Z>-0.18338716</Z>
				<Pitch>-0.355018765</Pitch>
				<Roll>0.884747624</Roll>
				<Yaw>0.809860229</Yaw>
			</Attachment>
		</Attachment>
		<Attachment>
			<ModelHash>0x371e6eda</ModelHash>
			<Type>3</Type>
			<Dynamic>false</Dynamic>
			<FrozenPos>true</FrozenPos>
			<HashName>hei_prop_heist_thermite_case</HashName>
			<InitialHandle>762417</InitialHandle>
			<ObjectProperties>
				<TextureVariation>0</TextureVariation>
			</ObjectProperties>
			<OpacityLevel>255</OpacityLevel>
			<LodDistance>16960</LodDistance>
			<IsVisible>true</IsVisible>
			<MaxHealth>1000</MaxHealth>
			<Health>1000</Health>
			<HasGravity>true</HasGravity>
			<IsOnFire>false</IsOnFire>
			<IsInvincible>false</IsInvincible>
			<IsBulletProof>false</IsBulletProof>
			<IsCollisionProof>false</IsCollisionProof>
			<IsExplosionProof>false</IsExplosionProof>
			<IsFireProof>false</IsFireProof>
			<IsMeleeProof>false</IsMeleeProof>
			<IsOnlyDamagedByPlayer>false</IsOnlyDamagedByPlayer>
			<PositionRotation>
				<X>174.876678</X>
				<Y>-3324.41675</Y>
				<Z>5.32193851</Z>
				<Pitch>-0.266702354</Pitch>
				<Roll>0.764725506</Roll>
				<Yaw>3.77552867</Yaw>
			</PositionRotation>
			<Attachment isAttached="true">
				<AttachedTo>459053</AttachedTo>
				<BoneIndex>0</BoneIndex>
				<X>0.0673570335</X>
				<Y>-1.09348583</Y>
				<Z>-0.111126035</Z>
				<Pitch>-0.355018765</Pitch>
				<Roll>0.884747624</Roll>
				<Yaw>0.982635498</Yaw>
			</Attachment>
		</Attachment>
		<Attachment>
			<ModelHash>0x371e6eda</ModelHash>
			<Type>3</Type>
			<Dynamic>false</Dynamic>
			<FrozenPos>true</FrozenPos>
			<HashName>hei_prop_heist_thermite_case</HashName>
			<InitialHandle>500272</InitialHandle>
			<ObjectProperties>
				<TextureVariation>0</TextureVariation>
			</ObjectProperties>
			<OpacityLevel>255</OpacityLevel>
			<LodDistance>16960</LodDistance>
			<IsVisible>true</IsVisible>
			<MaxHealth>1000</MaxHealth>
			<Health>1000</Health>
			<HasGravity>true</HasGravity>
			<IsOnFire>false</IsOnFire>
			<IsInvincible>false</IsInvincible>
			<IsBulletProof>false</IsBulletProof>
			<IsCollisionProof>false</IsCollisionProof>
			<IsExplosionProof>false</IsExplosionProof>
			<IsFireProof>false</IsFireProof>
			<IsMeleeProof>false</IsMeleeProof>
			<IsOnlyDamagedByPlayer>false</IsOnlyDamagedByPlayer>
			<PositionRotation>
				<X>174.879135</X>
				<Y>-3324.44775</Y>
				<Z>5.46208334</Z>
				<Pitch>-0.305167556</Pitch>
				<Roll>0.744319201</Roll>
				<Yaw>20.57798</Yaw>
			</PositionRotation>
			<Attachment isAttached="true">
				<AttachedTo>459053</AttachedTo>
				<BoneIndex>0</BoneIndex>
				<X>0.0685889274</X>
				<Y>-1.12419188</Y>
				<Z>0.0290649328</Z>
				<Pitch>-0.355018765</Pitch>
				<Roll>0.884747624</Roll>
				<Yaw>17.7852478</Yaw>
			</Attachment>
		</Attachment>
		<Attachment>
			<ModelHash>0x45c35f6a</ModelHash>
			<Type>3</Type>
			<Dynamic>false</Dynamic>
			<FrozenPos>true</FrozenPos>
			<HashName>prop_dock_shippad</HashName>
			<InitialHandle>673842</InitialHandle>
			<ObjectProperties>
				<TextureVariation>0</TextureVariation>
			</ObjectProperties>
			<OpacityLevel>255</OpacityLevel>
			<LodDistance>16960</LodDistance>
			<IsVisible>true</IsVisible>
			<MaxHealth>1000</MaxHealth>
			<Health>1000</Health>
			<HasGravity>true</HasGravity>
			<IsOnFire>false</IsOnFire>
			<IsInvincible>false</IsInvincible>
			<IsBulletProof>false</IsBulletProof>
			<IsCollisionProof>false</IsCollisionProof>
			<IsExplosionProof>false</IsExplosionProof>
			<IsFireProof>false</IsFireProof>
			<IsMeleeProof>false</IsMeleeProof>
			<IsOnlyDamagedByPlayer>false</IsOnlyDamagedByPlayer>
			<PositionRotation>
				<X>174.98793</X>
				<Y>-3321.2417</Y>
				<Z>4.78336716</Z>
				<Pitch>-21.4472599</Pitch>
				<Roll>1.01044297</Roll>
				<Yaw>-178.099625</Yaw>
			</PositionRotation>
			<Attachment isAttached="true">
				<AttachedTo>459053</AttachedTo>
				<BoneIndex>0</BoneIndex>
				<X>0.332101882</X>
				<Y>2.07158589</Y>
				<Z>-0.655238211</Z>
				<Pitch>-21.3550186</Pitch>
				<Roll>0.884747624</Roll>
				<Yaw>-180.939041</Yaw>
			</Attachment>
		</Attachment>
		<Attachment>
			<ModelHash>0x45c35f6a</ModelHash>
			<Type>3</Type>
			<Dynamic>false</Dynamic>
			<FrozenPos>true</FrozenPos>
			<HashName>prop_dock_shippad</HashName>
			<InitialHandle>136499</InitialHandle>
			<ObjectProperties>
				<TextureVariation>0</TextureVariation>
			</ObjectProperties>
			<OpacityLevel>255</OpacityLevel>
			<LodDistance>16960</LodDistance>
			<IsVisible>true</IsVisible>
			<MaxHealth>1000</MaxHealth>
			<Health>1000</Health>
			<HasGravity>true</HasGravity>
			<IsOnFire>false</IsOnFire>
			<IsInvincible>false</IsInvincible>
			<IsBulletProof>false</IsBulletProof>
			<IsCollisionProof>false</IsCollisionProof>
			<IsExplosionProof>false</IsExplosionProof>
			<IsFireProof>false</IsFireProof>
			<IsMeleeProof>false</IsMeleeProof>
			<IsOnlyDamagedByPlayer>false</IsOnlyDamagedByPlayer>
			<PositionRotation>
				<X>174.328522</X>
				<Y>-3321.27246</Y>
				<Z>4.78092909</Z>
				<Pitch>-20.4472637</Pitch>
				<Roll>1.00960565</Roll>
				<Yaw>-178.101959</Yaw>
			</PositionRotation>
			<Attachment isAttached="true">
				<AttachedTo>459053</AttachedTo>
				<BoneIndex>0</BoneIndex>
				<X>-0.328022301</X>
				<Y>2.07299948</Y>
				<Z>-0.656313241</Z>
				<Pitch>-20.3550186</Pitch>
				<Roll>0.884747565</Roll>
				<Yaw>-180.939041</Yaw>
			</Attachment>
		</Attachment>
		<Attachment>
			<ModelHash>0xe19a6ca0</ModelHash>
			<Type>3</Type>
			<Dynamic>false</Dynamic>
			<FrozenPos>true</FrozenPos>
			<HashName>prop_medstation_01</HashName>
			<InitialHandle>282677</InitialHandle>
			<ObjectProperties>
				<TextureVariation>0</TextureVariation>
			</ObjectProperties>
			<OpacityLevel>255</OpacityLevel>
			<LodDistance>16960</LodDistance>
			<IsVisible>true</IsVisible>
			<MaxHealth>1000</MaxHealth>
			<Health>1000</Health>
			<HasGravity>true</HasGravity>
			<IsOnFire>false</IsOnFire>
			<IsInvincible>false</IsInvincible>
			<IsBulletProof>false</IsBulletProof>
			<IsCollisionProof>false</IsCollisionProof>
			<IsExplosionProof>false</IsExplosionProof>
			<IsFireProof>false</IsFireProof>
			<IsMeleeProof>false</IsMeleeProof>
			<IsOnlyDamagedByPlayer>false</IsOnlyDamagedByPlayer>
			<PositionRotation>
				<X>175.311432</X>
				<Y>-3324.15112</Y>
				<Z>5.64783955</Z>
				<Pitch>-0.259955853</Pitch>
				<Roll>0.769995332</Roll>
				<Yaw>0.483495951</Yaw>
			</PositionRotation>
			<Attachment isAttached="true">
				<AttachedTo>459053</AttachedTo>
				<BoneIndex>0</BoneIndex>
				<X>0.515215755</X>
				<Y>-0.848842084</Y>
				<Z>0.213464007</Z>
				<Pitch>-0.355018765</Pitch>
				<Roll>0.884747624</Roll>
				<Yaw>-2.30943298</Yaw>
			</Attachment>
		</Attachment>
		<Attachment>
			<ModelHash>0xbb55760a</ModelHash>
			<Type>3</Type>
			<Dynamic>false</Dynamic>
			<FrozenPos>true</FrozenPos>
			<HashName>prop_tool_fireaxe</HashName>
			<InitialHandle>440374</InitialHandle>
			<ObjectProperties>
				<TextureVariation>0</TextureVariation>
			</ObjectProperties>
			<OpacityLevel>255</OpacityLevel>
			<LodDistance>16960</LodDistance>
			<IsVisible>true</IsVisible>
			<MaxHealth>1000</MaxHealth>
			<Health>1000</Health>
			<HasGravity>true</HasGravity>
			<IsOnFire>false</IsOnFire>
			<IsInvincible>false</IsInvincible>
			<IsBulletProof>false</IsBulletProof>
			<IsCollisionProof>false</IsCollisionProof>
			<IsExplosionProof>false</IsExplosionProof>
			<IsFireProof>false</IsFireProof>
			<IsMeleeProof>false</IsMeleeProof>
			<IsOnlyDamagedByPlayer>false</IsOnlyDamagedByPlayer>
			<PositionRotation>
				<X>174.4655</X>
				<Y>-3325.94775</Y>
				<Z>5.50182486</Z>
				<Pitch>-0.446716577</Pitch>
				<Roll>-88.9977493</Roll>
				<Yaw>-177.856018</Yaw>
			</PositionRotation>
			<Attachment isAttached="true">
				<AttachedTo>459053</AttachedTo>
				<BoneIndex>0</BoneIndex>
				<X>-0.417576671</X>
				<Y>-2.6023376</Y>
				<Z>0.0721433684</Z>
				<Pitch>-0.355018556</Pitch>
				<Roll>-89.1152115</Roll>
				<Yaw>-180.650391</Yaw>
			</Attachment>
		</Attachment>
		<Attachment>
			<ModelHash>0xbdc1dc1d</ModelHash>
			<Type>3</Type>
			<Dynamic>false</Dynamic>
			<FrozenPos>true</FrozenPos>
			<HashName>prop_cs_dumpster_lidl</HashName>
			<InitialHandle>666423</InitialHandle>
			<ObjectProperties>
				<TextureVariation>0</TextureVariation>
			</ObjectProperties>
			<OpacityLevel>255</OpacityLevel>
			<LodDistance>16960</LodDistance>
			<IsVisible>true</IsVisible>
			<MaxHealth>1000</MaxHealth>
			<Health>1000</Health>
			<HasGravity>true</HasGravity>
			<IsOnFire>false</IsOnFire>
			<IsInvincible>false</IsInvincible>
			<IsBulletProof>false</IsBulletProof>
			<IsCollisionProof>false</IsCollisionProof>
			<IsExplosionProof>false</IsExplosionProof>
			<IsFireProof>false</IsFireProof>
			<IsMeleeProof>false</IsMeleeProof>
			<IsOnlyDamagedByPlayer>false</IsOnlyDamagedByPlayer>
			<PositionRotation>
				<X>175.107056</X>
				<Y>-3323.24854</Y>
				<Z>6.07222462</Z>
				<Pitch>19.5546665</Pitch>
				<Roll>1.01055861</Roll>
				<Yaw>-177.205948</Yaw>
			</PositionRotation>
			<Attachment isAttached="true">
				<AttachedTo>459053</AttachedTo>
				<BoneIndex>0</BoneIndex>
				<X>0.355933517</X>
				<Y>0.063293241</Y>
				<Z>0.63674134</Z>
				<Pitch>19.6449852</Pitch>
				<Roll>0.88474673</Roll>
				<Yaw>-179.957291</Yaw>
			</Attachment>
		</Attachment>
		<Attachment>
			<ModelHash>0xab39f229</ModelHash>
			<Type>3</Type>
			<Dynamic>false</Dynamic>
			<FrozenPos>true</FrozenPos>
			<HashName>prop_box_ammo03a</HashName>
			<InitialHandle>286774</InitialHandle>
			<ObjectProperties>
				<TextureVariation>0</TextureVariation>
			</ObjectProperties>
			<OpacityLevel>255</OpacityLevel>
			<LodDistance>16960</LodDistance>
			<IsVisible>true</IsVisible>
			<MaxHealth>1000</MaxHealth>
			<Health>1000</Health>
			<HasGravity>true</HasGravity>
			<IsOnFire>false</IsOnFire>
			<IsInvincible>false</IsInvincible>
			<IsBulletProof>false</IsBulletProof>
			<IsCollisionProof>false</IsCollisionProof>
			<IsExplosionProof>false</IsExplosionProof>
			<IsFireProof>false</IsFireProof>
			<IsMeleeProof>false</IsMeleeProof>
			<IsOnlyDamagedByPlayer>false</IsOnlyDamagedByPlayer>
			<PositionRotation>
				<X>174.893051</X>
				<Y>-3325.07959</Y>
				<Z>5.24534273</Z>
				<Pitch>-0.260119766</Pitch>
				<Roll>0.769859672</Roll>
				<Yaw>0.565297127</Yaw>
			</PositionRotation>
			<Attachment isAttached="true">
				<AttachedTo>459053</AttachedTo>
				<BoneIndex>0</BoneIndex>
				<X>0.0512440577</X>
				<Y>-1.75634813</Y>
				<Z>-0.186643511</Z>
				<Pitch>-0.355018765</Pitch>
				<Roll>0.884747624</Roll>
				<Yaw>-2.22763062</Yaw>
			</Attachment>
		</Attachment>
		<Attachment>
			<ModelHash>0xe9e2ec92</ModelHash>
			<Type>3</Type>
			<Dynamic>false</Dynamic>
			<FrozenPos>true</FrozenPos>
			<HashName>prop_box_ammo04a</HashName>
			<InitialHandle>755476</InitialHandle>
			<ObjectProperties>
				<TextureVariation>0</TextureVariation>
			</ObjectProperties>
			<OpacityLevel>255</OpacityLevel>
			<LodDistance>16960</LodDistance>
			<IsVisible>true</IsVisible>
			<MaxHealth>1000</MaxHealth>
			<Health>1000</Health>
			<HasGravity>true</HasGravity>
			<IsOnFire>false</IsOnFire>
			<IsInvincible>false</IsInvincible>
			<IsBulletProof>false</IsBulletProof>
			<IsCollisionProof>false</IsCollisionProof>
			<IsExplosionProof>false</IsExplosionProof>
			<IsFireProof>false</IsFireProof>
			<IsMeleeProof>false</IsMeleeProof>
			<IsOnlyDamagedByPlayer>false</IsOnlyDamagedByPlayer>
			<PositionRotation>
				<X>174.557404</X>
				<Y>-3325.57153</Y>
				<Z>5.25524426</Z>
				<Pitch>-0.254674941</Pitch>
				<Roll>0.774583638</Roll>
				<Yaw>-2.206599</Yaw>
			</PositionRotation>
			<Attachment isAttached="true">
				<AttachedTo>459053</AttachedTo>
				<BoneIndex>0</BoneIndex>
				<X>-0.307966381</X>
				<Y>-2.2314682</Y>
				<Z>-0.175249934</Z>
				<Pitch>-0.355018765</Pitch>
				<Roll>0.884747624</Roll>
				<Yaw>-4.9995575</Yaw>
			</Attachment>
		</Attachment>
		<Attachment>
			<ModelHash>0x412ce32c</ModelHash>
			<Type>3</Type>
			<Dynamic>false</Dynamic>
			<FrozenPos>true</FrozenPos>
			<HashName>prop_box_ammo07b</HashName>
			<InitialHandle>347195</InitialHandle>
			<ObjectProperties>
				<TextureVariation>0</TextureVariation>
			</ObjectProperties>
			<OpacityLevel>255</OpacityLevel>
			<LodDistance>16960</LodDistance>
			<IsVisible>true</IsVisible>
			<MaxHealth>1000</MaxHealth>
			<Health>1000</Health>
			<HasGravity>true</HasGravity>
			<IsOnFire>false</IsOnFire>
			<IsInvincible>false</IsInvincible>
			<IsBulletProof>false</IsBulletProof>
			<IsCollisionProof>false</IsCollisionProof>
			<IsExplosionProof>false</IsExplosionProof>
			<IsFireProof>false</IsFireProof>
			<IsMeleeProof>false</IsMeleeProof>
			<IsOnlyDamagedByPlayer>false</IsOnlyDamagedByPlayer>
			<PositionRotation>
				<X>174.794266</X>
				<Y>-3323.0542</Y>
				<Z>5.27641535</Z>
				<Pitch>0.184448719</Pitch>
				<Roll>1.13330841</Roll>
				<Yaw>-27.8472099</Yaw>
			</PositionRotation>
			<Attachment isAttached="true">
				<AttachedTo>459053</AttachedTo>
				<BoneIndex>0</BoneIndex>
				<X>0.0513543226</X>
				<Y>0.271587849</Y>
				<Z>-0.158769175</Z>
				<Pitch>0.0463161469</Pitch>
				<Roll>1.18920076</Roll>
				<Yaw>-30.6408691</Yaw>
			</Attachment>
		</Attachment>
		<Attachment>
			<ModelHash>0x13cb151f</ModelHash>
			<Type>3</Type>
			<Dynamic>false</Dynamic>
			<FrozenPos>true</FrozenPos>
			<HashName>hei_prop_hei_shack_window</HashName>
			<InitialHandle>271676</InitialHandle>
			<ObjectProperties>
				<TextureVariation>0</TextureVariation>
			</ObjectProperties>
			<OpacityLevel>255</OpacityLevel>
			<LodDistance>16960</LodDistance>
			<IsVisible>true</IsVisible>
			<MaxHealth>1000</MaxHealth>
			<Health>1000</Health>
			<HasGravity>true</HasGravity>
			<IsOnFire>false</IsOnFire>
			<IsInvincible>false</IsInvincible>
			<IsBulletProof>false</IsBulletProof>
			<IsCollisionProof>false</IsCollisionProof>
			<IsExplosionProof>false</IsExplosionProof>
			<IsFireProof>false</IsFireProof>
			<IsMeleeProof>false</IsMeleeProof>
			<IsOnlyDamagedByPlayer>false</IsOnlyDamagedByPlayer>
			<PositionRotation>
				<X>174.740814</X>
				<Y>-3325.82666</Y>
				<Z>6.96432495</Z>
				<Pitch>-89.5766373</Pitch>
				<Roll>94.9396744</Roll>
				<Yaw>3.39828825</Yaw>
			</PositionRotation>
			<Attachment isAttached="true">
				<AttachedTo>459053</AttachedTo>
				<BoneIndex>0</BoneIndex>
				<X>-0.133653209</X>
				<Y>-2.49235463</Y>
				<Z>1.53388751</Z>
				<Pitch>-90.3550186</Pitch>
				<Roll>-65.4015045</Roll>
				<Yaw>-159.736877</Yaw>
			</Attachment>
		</Attachment>
		<Attachment>
			<ModelHash>0x13cb151f</ModelHash>
			<Type>3</Type>
			<Dynamic>false</Dynamic>
			<FrozenPos>true</FrozenPos>
			<HashName>hei_prop_hei_shack_window</HashName>
			<InitialHandle>45335</InitialHandle>
			<ObjectProperties>
				<TextureVariation>0</TextureVariation>
			</ObjectProperties>
			<OpacityLevel>255</OpacityLevel>
			<LodDistance>16960</LodDistance>
			<IsVisible>true</IsVisible>
			<MaxHealth>1000</MaxHealth>
			<Health>1000</Health>
			<HasGravity>true</HasGravity>
			<IsOnFire>false</IsOnFire>
			<IsInvincible>false</IsInvincible>
			<IsBulletProof>false</IsBulletProof>
			<IsCollisionProof>false</IsCollisionProof>
			<IsExplosionProof>false</IsExplosionProof>
			<IsFireProof>false</IsFireProof>
			<IsMeleeProof>false</IsMeleeProof>
			<IsOnlyDamagedByPlayer>false</IsOnlyDamagedByPlayer>
			<PositionRotation>
				<X>174.679077</X>
				<Y>-3325.09448</Y>
				<Z>7.00338697</Z>
				<Pitch>-89.5766373</Pitch>
				<Roll>92.6717834</Roll>
				<Yaw>3.39800668</Yaw>
			</PositionRotation>
			<Attachment isAttached="true">
				<AttachedTo>459053</AttachedTo>
				<BoneIndex>0</BoneIndex>
				<X>-0.159564033</X>
				<Y>-1.75810361</Y>
				<Z>1.57184517</Z>
				<Pitch>-90.3550186</Pitch>
				<Roll>-67.6691132</Roll>
				<Yaw>-159.736877</Yaw>
			</Attachment>
		</Attachment>
		<Attachment>
			<ModelHash>0x13cb151f</ModelHash>
			<Type>3</Type>
			<Dynamic>false</Dynamic>
			<FrozenPos>true</FrozenPos>
			<HashName>hei_prop_hei_shack_window</HashName>
			<InitialHandle>448533</InitialHandle>
			<ObjectProperties>
				<TextureVariation>0</TextureVariation>
			</ObjectProperties>
			<OpacityLevel>255</OpacityLevel>
			<LodDistance>16960</LodDistance>
			<IsVisible>true</IsVisible>
			<MaxHealth>1000</MaxHealth>
			<Health>1000</Health>
			<HasGravity>true</HasGravity>
			<IsOnFire>false</IsOnFire>
			<IsInvincible>false</IsInvincible>
			<IsBulletProof>false</IsBulletProof>
			<IsCollisionProof>false</IsCollisionProof>
			<IsExplosionProof>false</IsExplosionProof>
			<IsFireProof>false</IsFireProof>
			<IsMeleeProof>false</IsMeleeProof>
			<IsOnlyDamagedByPlayer>false</IsOnlyDamagedByPlayer>
			<PositionRotation>
				<X>174.654938</X>
				<Y>-3324.47095</Y>
				<Z>6.97578382</Z>
				<Pitch>-89.5775604</Pitch>
				<Roll>92.8467712</Roll>
				<Yaw>3.39940524</Yaw>
			</PositionRotation>
			<Attachment isAttached="true">
				<AttachedTo>459053</AttachedTo>
				<BoneIndex>0</BoneIndex>
				<X>-0.1533418</X>
				<Y>-1.13407874</Y>
				<Z>1.54324508</Z>
				<Pitch>-90.3550186</Pitch>
				<Roll>-67.4955292</Roll>
				<Yaw>-159.736877</Yaw>
			</Attachment>
		</Attachment>
		<Attachment>
			<ModelHash>0x13cb151f</ModelHash>
			<Type>3</Type>
			<Dynamic>false</Dynamic>
			<FrozenPos>true</FrozenPos>
			<HashName>hei_prop_hei_shack_window</HashName>
			<InitialHandle>232766</InitialHandle>
			<ObjectProperties>
				<TextureVariation>0</TextureVariation>
			</ObjectProperties>
			<OpacityLevel>255</OpacityLevel>
			<LodDistance>16960</LodDistance>
			<IsVisible>true</IsVisible>
			<MaxHealth>1000</MaxHealth>
			<Health>1000</Health>
			<HasGravity>true</HasGravity>
			<IsOnFire>false</IsOnFire>
			<IsInvincible>false</IsInvincible>
			<IsBulletProof>false</IsBulletProof>
			<IsCollisionProof>false</IsCollisionProof>
			<IsExplosionProof>false</IsExplosionProof>
			<IsFireProof>false</IsFireProof>
			<IsMeleeProof>false</IsMeleeProof>
			<IsOnlyDamagedByPlayer>false</IsOnlyDamagedByPlayer>
			<PositionRotation>
				<X>175.159836</X>
				<Y>-3325.80688</Y>
				<Z>6.98258781</Z>
				<Pitch>-89.5775604</Pitch>
				<Roll>-85.9265213</Roll>
				<Yaw>3.39794016</Yaw>
			</PositionRotation>
			<Attachment isAttached="true">
				<AttachedTo>459053</AttachedTo>
				<BoneIndex>0</BoneIndex>
				<X>0.285868526</X>
				<Y>-2.49307275</Y>
				<Z>1.55128419</Z>
				<Pitch>-90.3550186</Pitch>
				<Roll>113.732628</Roll>
				<Yaw>-159.736877</Yaw>
			</Attachment>
		</Attachment>
		<Attachment>
			<ModelHash>0x13cb151f</ModelHash>
			<Type>3</Type>
			<Dynamic>false</Dynamic>
			<FrozenPos>true</FrozenPos>
			<HashName>hei_prop_hei_shack_window</HashName>
			<InitialHandle>584254</InitialHandle>
			<ObjectProperties>
				<TextureVariation>0</TextureVariation>
			</ObjectProperties>
			<OpacityLevel>255</OpacityLevel>
			<LodDistance>16960</LodDistance>
			<IsVisible>true</IsVisible>
			<MaxHealth>1000</MaxHealth>
			<Health>1000</Health>
			<HasGravity>true</HasGravity>
			<IsOnFire>false</IsOnFire>
			<IsInvincible>false</IsInvincible>
			<IsBulletProof>false</IsBulletProof>
			<IsCollisionProof>false</IsCollisionProof>
			<IsExplosionProof>false</IsExplosionProof>
			<IsFireProof>false</IsFireProof>
			<IsMeleeProof>false</IsMeleeProof>
			<IsOnlyDamagedByPlayer>false</IsOnlyDamagedByPlayer>
			<PositionRotation>
				<X>175.156952</X>
				<Y>-3325.15771</Y>
				<Z>6.99847603</Z>
				<Pitch>-89.577095</Pitch>
				<Roll>-88.8713913</Roll>
				<Yaw>3.3981123</Yaw>
			</PositionRotation>
			<Attachment isAttached="true">
				<AttachedTo>459053</AttachedTo>
				<BoneIndex>0</BoneIndex>
				<X>0.314647168</X>
				<Y>-1.84456241</Y>
				<Z>1.56609011</Z>
				<Pitch>-90.3550186</Pitch>
				<Roll>110.787598</Roll>
				<Yaw>-159.736877</Yaw>
			</Attachment>
		</Attachment>
		<Attachment>
			<ModelHash>0x13cb151f</ModelHash>
			<Type>3</Type>
			<Dynamic>false</Dynamic>
			<FrozenPos>true</FrozenPos>
			<HashName>hei_prop_hei_shack_window</HashName>
			<InitialHandle>214333</InitialHandle>
			<ObjectProperties>
				<TextureVariation>0</TextureVariation>
			</ObjectProperties>
			<OpacityLevel>255</OpacityLevel>
			<LodDistance>16960</LodDistance>
			<IsVisible>true</IsVisible>
			<MaxHealth>1000</MaxHealth>
			<Health>1000</Health>
			<HasGravity>true</HasGravity>
			<IsOnFire>false</IsOnFire>
			<IsInvincible>false</IsInvincible>
			<IsBulletProof>false</IsBulletProof>
			<IsCollisionProof>false</IsCollisionProof>
			<IsExplosionProof>false</IsExplosionProof>
			<IsFireProof>false</IsFireProof>
			<IsMeleeProof>false</IsMeleeProof>
			<IsOnlyDamagedByPlayer>false</IsOnlyDamagedByPlayer>
			<PositionRotation>
				<X>175.115158</X>
				<Y>-3324.50024</Y>
				<Z>6.97619486</Z>
				<Pitch>-89.5775604</Pitch>
				<Roll>-89.0446167</Roll>
				<Yaw>3.39815688</Yaw>
			</PositionRotation>
			<Attachment isAttached="true">
				<AttachedTo>459053</AttachedTo>
				<BoneIndex>0</BoneIndex>
				<X>0.304910332</X>
				<Y>-1.18582857</Y>
				<Z>1.54278994</Z>
				<Pitch>-90.3550186</Pitch>
				<Roll>110.614319</Roll>
				<Yaw>-159.736877</Yaw>
			</Attachment>
		</Attachment>
		<Attachment>
			<ModelHash>0x13cb151f</ModelHash>
			<Type>3</Type>
			<Dynamic>false</Dynamic>
			<FrozenPos>true</FrozenPos>
			<HashName>hei_prop_hei_shack_window</HashName>
			<InitialHandle>292159</InitialHandle>
			<ObjectProperties>
				<TextureVariation>0</TextureVariation>
			</ObjectProperties>
			<OpacityLevel>255</OpacityLevel>
			<LodDistance>16960</LodDistance>
			<IsVisible>true</IsVisible>
			<MaxHealth>1000</MaxHealth>
			<Health>1000</Health>
			<HasGravity>true</HasGravity>
			<IsOnFire>false</IsOnFire>
			<IsInvincible>false</IsInvincible>
			<IsBulletProof>false</IsBulletProof>
			<IsCollisionProof>false</IsCollisionProof>
			<IsExplosionProof>false</IsExplosionProof>
			<IsFireProof>false</IsFireProof>
			<IsMeleeProof>false</IsMeleeProof>
			<IsOnlyDamagedByPlayer>false</IsOnlyDamagedByPlayer>
			<PositionRotation>
				<X>174.304733</X>
				<Y>-3324.20483</Y>
				<Z>6.36986685</Z>
				<Pitch>0.0524974763</Pitch>
				<Roll>3.63389897</Roll>
				<Yaw>4.47034168</Yaw>
			</PositionRotation>
			<Attachment isAttached="true">
				<AttachedTo>459053</AttachedTo>
				<BoneIndex>0</BoneIndex>
				<X>-0.491407514</X>
				<Y>-0.852150321</Y>
				<Z>0.937580764</Z>
				<Pitch>-0.0343576707</Pitch>
				<Roll>3.75498128</Roll>
				<Yaw>1.67677808</Yaw>
			</Attachment>
		</Attachment>
		<Attachment>
			<ModelHash>0x13cb151f</ModelHash>
			<Type>3</Type>
			<Dynamic>false</Dynamic>
			<FrozenPos>true</FrozenPos>
			<HashName>hei_prop_hei_shack_window</HashName>
			<InitialHandle>386115</InitialHandle>
			<ObjectProperties>
				<TextureVariation>0</TextureVariation>
			</ObjectProperties>
			<OpacityLevel>255</OpacityLevel>
			<LodDistance>16960</LodDistance>
			<IsVisible>true</IsVisible>
			<MaxHealth>1000</MaxHealth>
			<Health>1000</Health>
			<HasGravity>true</HasGravity>
			<IsOnFire>false</IsOnFire>
			<IsInvincible>false</IsInvincible>
			<IsBulletProof>false</IsBulletProof>
			<IsCollisionProof>false</IsCollisionProof>
			<IsExplosionProof>false</IsExplosionProof>
			<IsFireProof>false</IsFireProof>
			<IsMeleeProof>false</IsMeleeProof>
			<IsOnlyDamagedByPlayer>false</IsOnlyDamagedByPlayer>
			<PositionRotation>
				<X>174.963776</X>
				<Y>-3324.17261</Y>
				<Z>6.38671684</Z>
				<Pitch>0.0521309972</Pitch>
				<Roll>3.63363647</Roll>
				<Yaw>4.64356804</Yaw>
			</PositionRotation>
			<Attachment isAttached="true">
				<AttachedTo>459053</AttachedTo>
				<BoneIndex>0</BoneIndex>
				<X>0.168458074</X>
				<Y>-0.852067888</Y>
				<Z>0.953065693</Z>
				<Pitch>-0.0343576707</Pitch>
				<Roll>3.75498128</Roll>
				<Yaw>1.85000503</Yaw>
			</Attachment>
		</Attachment>
		<Attachment>
			<ModelHash>0x13cb151f</ModelHash>
			<Type>3</Type>
			<Dynamic>false</Dynamic>
			<FrozenPos>true</FrozenPos>
			<HashName>hei_prop_hei_shack_window</HashName>
			<InitialHandle>410141</InitialHandle>
			<ObjectProperties>
				<TextureVariation>0</TextureVariation>
			</ObjectProperties>
			<OpacityLevel>255</OpacityLevel>
			<LodDistance>16960</LodDistance>
			<IsVisible>true</IsVisible>
			<MaxHealth>1000</MaxHealth>
			<Health>1000</Health>
			<HasGravity>true</HasGravity>
			<IsOnFire>false</IsOnFire>
			<IsInvincible>false</IsInvincible>
			<IsBulletProof>false</IsBulletProof>
			<IsCollisionProof>false</IsCollisionProof>
			<IsExplosionProof>false</IsExplosionProof>
			<IsFireProof>false</IsFireProof>
			<IsMeleeProof>false</IsMeleeProof>
			<IsOnlyDamagedByPlayer>false</IsOnlyDamagedByPlayer>
			<PositionRotation>
				<X>175.381622</X>
				<Y>-3324.15063</Y>
				<Z>6.42248058</Z>
				<Pitch>-0.256707251</Pitch>
				<Roll>0.68088758</Roll>
				<Yaw>-178.139862</Yaw>
			</PositionRotation>
			<Attachment isAttached="true">
				<AttachedTo>459053</AttachedTo>
				<BoneIndex>0</BoneIndex>
				<X>0.586955309</X>
				<Y>-0.850407898</Y>
				<Z>0.987961411</Z>
				<Pitch>-0.164427668</Pitch>
				<Roll>0.563886762</Roll>
				<Yaw>179.066162</Yaw>
			</Attachment>
		</Attachment>
	</SpoonerAttachments>
</Vehicle>
