<?xml version="1.0" encoding="ISO-8859-1"?>
<Vehicle menyoo_ver="0.9998744b">
	<ModelHash>0x5a82f9ae</ModelHash>
	<InitialHandle>126723</InitialHandle>
	<VehicleProperties>
		<Colours>
			<Primary>98</Primary>
			<Secondary>107</Secondary>
			<Pearl>93</Pearl>
			<Rim>156</Rim>
			<Mod1_a>0</Mod1_a>
			<Mod1_b>1</Mod1_b>
			<Mod1_c>7602259</Mod1_c>
			<Mod2_a>7209057</Mod2_a>
			<Mod2_b>6357092</Mod2_b>
			<IsPrimaryColourCustom>false</IsPrimaryColourCustom>
			<IsSecondaryColourCustom>false</IsSecondaryColourCustom>
			<tyreSmoke_R>255</tyreSmoke_R>
			<tyreSmoke_G>255</tyreSmoke_G>
			<tyreSmoke_B>255</tyreSmoke_B>
			<LrInterior>0</LrInterior>
			<LrDashboard>0</LrDashboard>
		</Colours>
		<Livery>-1</Livery>
		<NumberPlateText>66XCD465</NumberPlateText>
		<NumberPlateIndex>2</NumberPlateIndex>
		<WheelType>0</WheelType>
		<WheelsInvisible>false</WheelsInvisible>
		<EngineSoundName></EngineSoundName>
		<WindowTint>-1</WindowTint>
		<BulletProofTyres>false</BulletProofTyres>
		<DirtLevel>0.158308566</DirtLevel>
		<PaintFade>0.298039228</PaintFade>
		<RoofState>0</RoofState>
		<SirenActive>false</SirenActive>
		<EngineOn>true</EngineOn>
		<EngineHealth>1000</EngineHealth>
		<LightsOn>false</LightsOn>
		<IsRadioLoud>1</IsRadioLoud>
		<LockStatus>1</LockStatus>
		<Neons>
			<Left>false</Left>
			<Right>false</Right>
			<Front>false</Front>
			<Back>false</Back>
			<R>255</R>
			<G>0</G>
			<B>255</B>
		</Neons>
		<ModExtras>
			<_1>false</_1>
		</ModExtras>
		<Mods>
			<_0>-1,0</_0>
			<_1>-1,0</_1>
			<_2>-1,0</_2>
			<_3>-1,0</_3>
			<_4>-1,0</_4>
			<_5>-1,0</_5>
			<_6>-1,0</_6>
			<_7>-1,0</_7>
			<_8>-1,0</_8>
			<_9>-1,0</_9>
			<_10>-1,0</_10>
			<_11>-1,0</_11>
			<_12>-1,0</_12>
			<_13>-1,0</_13>
			<_14>-1,0</_14>
			<_15>-1,0</_15>
			<_16>-1,0</_16>
			<_17>false</_17>
			<_18>false</_18>
			<_19>false</_19>
			<_20>false</_20>
			<_21>false</_21>
			<_22>false</_22>
			<_23>-1,0</_23>
			<_24>-1,0</_24>
			<_25>-1,0</_25>
			<_26>-1,0</_26>
			<_27>-1,0</_27>
			<_28>-1,0</_28>
			<_29>-1,0</_29>
			<_30>-1,0</_30>
			<_31>-1,0</_31>
			<_32>-1,0</_32>
			<_33>-1,0</_33>
			<_34>-1,0</_34>
			<_35>-1,0</_35>
			<_36>-1,0</_36>
			<_37>-1,0</_37>
			<_38>-1,0</_38>
			<_39>-1,0</_39>
			<_40>-1,0</_40>
			<_41>-1,0</_41>
			<_42>-1,0</_42>
			<_43>-1,0</_43>
			<_44>-1,0</_44>
			<_45>-1,0</_45>
			<_46>-1,0</_46>
			<_47>-1,0</_47>
			<_48>-1,0</_48>
		</Mods>
		<DoorsOpen>
			<BackLeftDoor>false</BackLeftDoor>
			<BackRightDoor>false</BackRightDoor>
			<FrontLeftDoor>false</FrontLeftDoor>
			<FrontRightDoor>false</FrontRightDoor>
			<Hood>false</Hood>
			<Trunk>false</Trunk>
			<Trunk2>false</Trunk2>
		</DoorsOpen>
		<DoorsBroken>
			<BackLeftDoor>false</BackLeftDoor>
			<BackRightDoor>false</BackRightDoor>
			<FrontLeftDoor>false</FrontLeftDoor>
			<FrontRightDoor>false</FrontRightDoor>
			<Hood>false</Hood>
			<Trunk>false</Trunk>
			<Trunk2>false</Trunk2>
		</DoorsBroken>
		<TyresBursted>
			<FrontLeft>false</FrontLeft>
			<FrontRight>false</FrontRight>
			<_2>false</_2>
			<_3>false</_3>
			<BackLeft>false</BackLeft>
			<BackRight>false</BackRight>
			<_6>false</_6>
			<_7>false</_7>
			<_8>false</_8>
		</TyresBursted>
	</VehicleProperties>
	<OpacityLevel>255</OpacityLevel>
	<LodDistance>16960</LodDistance>
	<IsVisible>true</IsVisible>
	<IsDriverVisible>true</IsDriverVisible>
	<MaxHealth>1000</MaxHealth>
	<Health>1000</Health>
	<HasGravity>true</HasGravity>
	<IsOnFire>false</IsOnFire>
	<IsInvincible>false</IsInvincible>
	<IsBulletProof>false</IsBulletProof>
	<IsExplosionProof>false</IsExplosionProof>
	<IsFireProof>false</IsFireProof>
	<IsMeleeProof>false</IsMeleeProof>
	<IsOnlyDamagedByPlayer>false</IsOnlyDamagedByPlayer>
	<SpoonerAttachments SetAttachmentsPersistentAndAddToSpoonerDatabase="false" StartTaskSequencesOnLoad="true">
		<Attachment>
			<ModelHash>0x4cebd53c</ModelHash>
			<Type>3</Type>
			<Dynamic>false</Dynamic>
			<FrozenPos>true</FrozenPos>
			<HashName>lts_prop_lts_ramp_03</HashName>
			<InitialHandle>502787</InitialHandle>
			<ObjectProperties>
				<TextureVariation>0</TextureVariation>
			</ObjectProperties>
			<OpacityLevel>255</OpacityLevel>
			<LodDistance>16960</LodDistance>
			<IsVisible>true</IsVisible>
			<MaxHealth>1000</MaxHealth>
			<Health>1000</Health>
			<HasGravity>true</HasGravity>
			<IsOnFire>false</IsOnFire>
			<IsInvincible>false</IsInvincible>
			<IsBulletProof>false</IsBulletProof>
			<IsCollisionProof>false</IsCollisionProof>
			<IsExplosionProof>false</IsExplosionProof>
			<IsFireProof>false</IsFireProof>
			<IsMeleeProof>false</IsMeleeProof>
			<IsOnlyDamagedByPlayer>false</IsOnlyDamagedByPlayer>
			<PositionRotation>
				<X>1694.9801</X>
				<Y>3244.8291</Y>
				<Z>40.6496429</Z>
				<Pitch>-0.525541961</Pitch>
				<Roll>-0.324106783</Roll>
				<Yaw>95.1928635</Yaw>
			</PositionRotation>
			<Attachment isAttached="true">
				<AttachedTo>126723</AttachedTo>
				<BoneIndex>0</BoneIndex>
				<X>-0.203912288</X>
				<Y>6.81290531</Y>
				<Z>-0.429795176</Z>
				<Pitch>-0.510147691</Pitch>
				<Roll>-0.0932883099</Roll>
				<Yaw>181.973083</Yaw>
			</Attachment>
		</Attachment>
		<Attachment>
			<ModelHash>0x7773ca4a</ModelHash>
			<Type>3</Type>
			<Dynamic>false</Dynamic>
			<FrozenPos>true</FrozenPos>
			<HashName>prop_fncsec_02pole</HashName>
			<InitialHandle>757763</InitialHandle>
			<ObjectProperties>
				<TextureVariation>0</TextureVariation>
			</ObjectProperties>
			<OpacityLevel>255</OpacityLevel>
			<LodDistance>16960</LodDistance>
			<IsVisible>true</IsVisible>
			<MaxHealth>1000</MaxHealth>
			<Health>1000</Health>
			<HasGravity>true</HasGravity>
			<IsOnFire>false</IsOnFire>
			<IsInvincible>false</IsInvincible>
			<IsBulletProof>false</IsBulletProof>
			<IsCollisionProof>false</IsCollisionProof>
			<IsExplosionProof>false</IsExplosionProof>
			<IsFireProof>false</IsFireProof>
			<IsMeleeProof>false</IsMeleeProof>
			<IsOnlyDamagedByPlayer>false</IsOnlyDamagedByPlayer>
			<PositionRotation>
				<X>1691.19006</X>
				<Y>3245.21899</Y>
				<Z>40.8623085</Z>
				<Pitch>89.7167587</Pitch>
				<Roll>107.745857</Roll>
				<Yaw>-14.9832964</Yaw>
			</PositionRotation>
			<Attachment isAttached="true">
				<AttachedTo>126723</AttachedTo>
				<BoneIndex>0</BoneIndex>
				<X>-0.806997359</X>
				<Y>3.05084443</Y>
				<Z>-0.219072625</Z>
				<Pitch>89.4898529</Pitch>
				<Roll>100.407845</Roll>
				<Yaw>79.1326904</Yaw>
			</Attachment>
		</Attachment>
		<Attachment>
			<ModelHash>0x7773ca4a</ModelHash>
			<Type>3</Type>
			<Dynamic>false</Dynamic>
			<FrozenPos>true</FrozenPos>
			<HashName>prop_fncsec_02pole</HashName>
			<InitialHandle>22276</InitialHandle>
			<ObjectProperties>
				<TextureVariation>0</TextureVariation>
			</ObjectProperties>
			<OpacityLevel>255</OpacityLevel>
			<LodDistance>16960</LodDistance>
			<IsVisible>true</IsVisible>
			<MaxHealth>1000</MaxHealth>
			<Health>1000</Health>
			<HasGravity>true</HasGravity>
			<IsOnFire>false</IsOnFire>
			<IsInvincible>false</IsInvincible>
			<IsBulletProof>false</IsBulletProof>
			<IsCollisionProof>false</IsCollisionProof>
			<IsExplosionProof>false</IsExplosionProof>
			<IsFireProof>false</IsFireProof>
			<IsMeleeProof>false</IsMeleeProof>
			<IsOnlyDamagedByPlayer>false</IsOnlyDamagedByPlayer>
			<PositionRotation>
				<X>1691.276</X>
				<Y>3243.69312</Y>
				<Z>40.8876801</Z>
				<Pitch>89.7160568</Pitch>
				<Roll>109.824699</Roll>
				<Yaw>-14.9836016</Yaw>
			</PositionRotation>
			<Attachment isAttached="true">
				<AttachedTo>126723</AttachedTo>
				<BoneIndex>0</BoneIndex>
				<X>0.721280336</X>
				<Y>3.05079603</Y>
				<Z>-0.187533736</Z>
				<Pitch>89.4898529</Pitch>
				<Roll>102.486374</Roll>
				<Yaw>79.1326904</Yaw>
			</Attachment>
		</Attachment>
		<Attachment>
			<ModelHash>0x8deb748e</ModelHash>
			<Type>3</Type>
			<Dynamic>false</Dynamic>
			<FrozenPos>true</FrozenPos>
			<HashName>prop_ld_crate_lid_01</HashName>
			<InitialHandle>245509</InitialHandle>
			<ObjectProperties>
				<TextureVariation>0</TextureVariation>
			</ObjectProperties>
			<OpacityLevel>255</OpacityLevel>
			<LodDistance>16960</LodDistance>
			<IsVisible>true</IsVisible>
			<MaxHealth>1000</MaxHealth>
			<Health>1000</Health>
			<HasGravity>true</HasGravity>
			<IsOnFire>false</IsOnFire>
			<IsInvincible>false</IsInvincible>
			<IsBulletProof>false</IsBulletProof>
			<IsCollisionProof>false</IsCollisionProof>
			<IsExplosionProof>false</IsExplosionProof>
			<IsFireProof>false</IsFireProof>
			<IsMeleeProof>false</IsMeleeProof>
			<IsOnlyDamagedByPlayer>false</IsOnlyDamagedByPlayer>
			<PositionRotation>
				<X>1691.80469</X>
				<Y>3243.44067</Y>
				<Z>42.5654144</Z>
				<Pitch>39.4726715</Pitch>
				<Roll>-0.392168552</Roll>
				<Yaw>95.729393</Yaw>
			</PositionRotation>
			<Attachment isAttached="true">
				<AttachedTo>126723</AttachedTo>
				<BoneIndex>-1</BoneIndex>
				<X>0.996102333</X>
				<Y>3.56471539</Y>
				<Z>1.49125576</Z>
				<Pitch>39.4898491</Pitch>
				<Roll>-0.0932899788</Roll>
				<Yaw>182.31749</Yaw>
			</Attachment>
		</Attachment>
		<Attachment>
			<ModelHash>0x8deb748e</ModelHash>
			<Type>3</Type>
			<Dynamic>false</Dynamic>
			<FrozenPos>true</FrozenPos>
			<HashName>prop_ld_crate_lid_01</HashName>
			<InitialHandle>283653</InitialHandle>
			<ObjectProperties>
				<TextureVariation>0</TextureVariation>
			</ObjectProperties>
			<OpacityLevel>255</OpacityLevel>
			<LodDistance>16960</LodDistance>
			<IsVisible>true</IsVisible>
			<MaxHealth>1000</MaxHealth>
			<Health>1000</Health>
			<HasGravity>true</HasGravity>
			<IsOnFire>false</IsOnFire>
			<IsInvincible>false</IsInvincible>
			<IsBulletProof>false</IsBulletProof>
			<IsCollisionProof>false</IsCollisionProof>
			<IsExplosionProof>false</IsExplosionProof>
			<IsFireProof>false</IsFireProof>
			<IsMeleeProof>false</IsMeleeProof>
			<IsOnlyDamagedByPlayer>false</IsOnlyDamagedByPlayer>
			<PositionRotation>
				<X>1691.61768</X>
				<Y>3245.51221</Y>
				<Z>42.5783691</Z>
				<Pitch>39.4726868</Pitch>
				<Roll>-0.392166913</Roll>
				<Yaw>95.7293854</Yaw>
			</PositionRotation>
			<Attachment isAttached="true">
				<AttachedTo>126723</AttachedTo>
				<BoneIndex>0</BoneIndex>
				<X>-1.0825876</X>
				<Y>3.49443245</Y>
				<Z>1.49583185</Z>
				<Pitch>39.4898567</Pitch>
				<Roll>-0.0932888687</Roll>
				<Yaw>182.31749</Yaw>
			</Attachment>
		</Attachment>
		<Attachment>
			<ModelHash>0x7b37c437</ModelHash>
			<Type>3</Type>
			<Dynamic>false</Dynamic>
			<FrozenPos>true</FrozenPos>
			<HashName>prop_metal_plates01</HashName>
			<InitialHandle>296710</InitialHandle>
			<ObjectProperties>
				<TextureVariation>0</TextureVariation>
			</ObjectProperties>
			<OpacityLevel>255</OpacityLevel>
			<LodDistance>16960</LodDistance>
			<IsVisible>true</IsVisible>
			<MaxHealth>1000</MaxHealth>
			<Health>1000</Health>
			<HasGravity>true</HasGravity>
			<IsOnFire>false</IsOnFire>
			<IsInvincible>false</IsInvincible>
			<IsBulletProof>false</IsBulletProof>
			<IsCollisionProof>false</IsCollisionProof>
			<IsExplosionProof>false</IsExplosionProof>
			<IsFireProof>false</IsFireProof>
			<IsMeleeProof>false</IsMeleeProof>
			<IsOnlyDamagedByPlayer>false</IsOnlyDamagedByPlayer>
			<PositionRotation>
				<X>1686.58875</X>
				<Y>3244.14941</Y>
				<Z>41.1541328</Z>
				<Pitch>-0.496561348</Pitch>
				<Roll>0.137643144</Roll>
				<Yaw>-85.2537842</Yaw>
			</PositionRotation>
			<Attachment isAttached="true">
				<AttachedTo>126723</AttachedTo>
				<BoneIndex>0</BoneIndex>
				<X>0.00120605656</X>
				<Y>-1.60334814</Y>
				<Z>0.0766167194</Z>
				<Pitch>-0.510147691</Pitch>
				<Roll>-0.0932883099</Roll>
				<Yaw>1.52231598</Yaw>
			</Attachment>
		</Attachment>
		<Attachment>
			<ModelHash>0x77c2a9f1</ModelHash>
			<Type>3</Type>
			<Dynamic>false</Dynamic>
			<FrozenPos>true</FrozenPos>
			<HashName>prop_crate_11e</HashName>
			<InitialHandle>591622</InitialHandle>
			<ObjectProperties>
				<TextureVariation>0</TextureVariation>
			</ObjectProperties>
			<OpacityLevel>255</OpacityLevel>
			<LodDistance>16960</LodDistance>
			<IsVisible>true</IsVisible>
			<MaxHealth>1000</MaxHealth>
			<Health>1000</Health>
			<HasGravity>true</HasGravity>
			<IsOnFire>false</IsOnFire>
			<IsInvincible>false</IsInvincible>
			<IsBulletProof>false</IsBulletProof>
			<IsCollisionProof>false</IsCollisionProof>
			<IsExplosionProof>false</IsExplosionProof>
			<IsFireProof>false</IsFireProof>
			<IsMeleeProof>false</IsMeleeProof>
			<IsOnlyDamagedByPlayer>false</IsOnlyDamagedByPlayer>
			<PositionRotation>
				<X>1688.81091</X>
				<Y>3245.06226</Y>
				<Z>41.181488</Z>
				<Pitch>-0.708778799</Pitch>
				<Roll>0.0252743531</Roll>
				<Yaw>-147.789734</Yaw>
			</PositionRotation>
			<Attachment isAttached="true">
				<AttachedTo>126723</AttachedTo>
				<BoneIndex>0</BoneIndex>
				<X>-0.785462439</X>
				<Y>0.666665018</Y>
				<Z>0.100505173</Z>
				<Pitch>-0.510147691</Pitch>
				<Roll>-0.0932883099</Roll>
				<Yaw>-61.0128632</Yaw>
			</Attachment>
		</Attachment>
		<Attachment>
			<ModelHash>0x6a10dbb7</ModelHash>
			<Type>3</Type>
			<Dynamic>false</Dynamic>
			<FrozenPos>true</FrozenPos>
			<HashName>prop_cs_lester_crate</HashName>
			<InitialHandle>627718</InitialHandle>
			<ObjectProperties>
				<TextureVariation>0</TextureVariation>
			</ObjectProperties>
			<OpacityLevel>255</OpacityLevel>
			<LodDistance>16960</LodDistance>
			<IsVisible>true</IsVisible>
			<MaxHealth>1000</MaxHealth>
			<Health>1000</Health>
			<HasGravity>true</HasGravity>
			<IsOnFire>false</IsOnFire>
			<IsInvincible>false</IsInvincible>
			<IsBulletProof>false</IsBulletProof>
			<IsCollisionProof>false</IsCollisionProof>
			<IsExplosionProof>false</IsExplosionProof>
			<IsFireProof>false</IsFireProof>
			<IsMeleeProof>false</IsMeleeProof>
			<IsOnlyDamagedByPlayer>false</IsOnlyDamagedByPlayer>
			<PositionRotation>
				<X>1688.94592</X>
				<Y>3244.38892</Y>
				<Z>41.2803421</Z>
				<Pitch>-0.515434802</Pitch>
				<Roll>0.137982383</Roll>
				<Yaw>-89.9305344</Yaw>
			</PositionRotation>
			<Attachment isAttached="true">
				<AttachedTo>126723</AttachedTo>
				<BoneIndex>0</BoneIndex>
				<X>-0.105903693</X>
				<Y>0.76366955</Y>
				<Z>0.202089489</Z>
				<Pitch>-0.510147691</Pitch>
				<Roll>-0.0932883099</Roll>
				<Yaw>-3.15447998</Yaw>
			</Attachment>
		</Attachment>
		<Attachment>
			<ModelHash>0x2d33a7e3</ModelHash>
			<Type>3</Type>
			<Dynamic>false</Dynamic>
			<FrozenPos>true</FrozenPos>
			<HashName>prop_drop_crate_01_set2</HashName>
			<InitialHandle>744454</InitialHandle>
			<ObjectProperties>
				<TextureVariation>0</TextureVariation>
			</ObjectProperties>
			<OpacityLevel>255</OpacityLevel>
			<LodDistance>16960</LodDistance>
			<IsVisible>true</IsVisible>
			<MaxHealth>1000</MaxHealth>
			<Health>1000</Health>
			<HasGravity>true</HasGravity>
			<IsOnFire>false</IsOnFire>
			<IsInvincible>false</IsInvincible>
			<IsBulletProof>false</IsBulletProof>
			<IsCollisionProof>false</IsCollisionProof>
			<IsExplosionProof>false</IsExplosionProof>
			<IsFireProof>false</IsFireProof>
			<IsMeleeProof>false</IsMeleeProof>
			<IsOnlyDamagedByPlayer>false</IsOnlyDamagedByPlayer>
			<PositionRotation>
				<X>1687.4635</X>
				<Y>3243.58887</Y>
				<Z>41.7286911</Z>
				<Pitch>-0.495511353</Pitch>
				<Roll>0.137578964</Roll>
				<Yaw>-84.9932251</Yaw>
			</PositionRotation>
			<Attachment isAttached="true">
				<AttachedTo>126723</AttachedTo>
				<BoneIndex>0</BoneIndex>
				<X>0.607641876</X>
				<Y>-0.761412919</Y>
				<Z>0.653520763</Z>
				<Pitch>-0.510147691</Pitch>
				<Roll>-0.0932883099</Roll>
				<Yaw>1.78287506</Yaw>
			</Attachment>
		</Attachment>
		<Attachment>
			<ModelHash>0x27c67b62</ModelHash>
			<Type>3</Type>
			<Dynamic>false</Dynamic>
			<FrozenPos>true</FrozenPos>
			<HashName>prop_shuttering02</HashName>
			<InitialHandle>648711</InitialHandle>
			<ObjectProperties>
				<TextureVariation>0</TextureVariation>
			</ObjectProperties>
			<OpacityLevel>255</OpacityLevel>
			<LodDistance>16960</LodDistance>
			<IsVisible>true</IsVisible>
			<MaxHealth>1000</MaxHealth>
			<Health>1000</Health>
			<HasGravity>true</HasGravity>
			<IsOnFire>false</IsOnFire>
			<IsInvincible>false</IsInvincible>
			<IsBulletProof>false</IsBulletProof>
			<IsCollisionProof>false</IsCollisionProof>
			<IsExplosionProof>false</IsExplosionProof>
			<IsFireProof>false</IsFireProof>
			<IsMeleeProof>false</IsMeleeProof>
			<IsOnlyDamagedByPlayer>false</IsOnlyDamagedByPlayer>
			<PositionRotation>
				<X>1685.60303</X>
				<Y>3245.3457</Y>
				<Z>41.2168617</Z>
				<Pitch>-0.485056162</Pitch>
				<Roll>0.136677355</Roll>
				<Yaw>-82.3937607</Yaw>
			</PositionRotation>
			<Attachment isAttached="true">
				<AttachedTo>126723</AttachedTo>
				<BoneIndex>0</BoneIndex>
				<X>-1.24895132</X>
				<Y>-2.52021933</Y>
				<Z>0.134421065</Z>
				<Pitch>-0.510147691</Pitch>
				<Roll>-0.0932883099</Roll>
				<Yaw>4.38237</Yaw>
			</Attachment>
		</Attachment>
		<Attachment>
			<ModelHash>0x27c67b62</ModelHash>
			<Type>3</Type>
			<Dynamic>false</Dynamic>
			<FrozenPos>true</FrozenPos>
			<HashName>prop_shuttering02</HashName>
			<InitialHandle>749063</InitialHandle>
			<ObjectProperties>
				<TextureVariation>0</TextureVariation>
			</ObjectProperties>
			<OpacityLevel>255</OpacityLevel>
			<LodDistance>16960</LodDistance>
			<IsVisible>true</IsVisible>
			<MaxHealth>1000</MaxHealth>
			<Health>1000</Health>
			<HasGravity>true</HasGravity>
			<IsOnFire>false</IsOnFire>
			<IsInvincible>false</IsInvincible>
			<IsBulletProof>false</IsBulletProof>
			<IsCollisionProof>false</IsCollisionProof>
			<IsExplosionProof>false</IsExplosionProof>
			<IsFireProof>false</IsFireProof>
			<IsMeleeProof>false</IsMeleeProof>
			<IsOnlyDamagedByPlayer>false</IsOnlyDamagedByPlayer>
			<PositionRotation>
				<X>1688.5553</X>
				<Y>3245.72437</Y>
				<Z>41.1914101</Z>
				<Pitch>-0.485750526</Pitch>
				<Roll>0.136752069</Roll>
				<Yaw>-82.5667343</Yaw>
			</PositionRotation>
			<Attachment isAttached="true">
				<AttachedTo>126723</AttachedTo>
				<BoneIndex>0</BoneIndex>
				<X>-1.46102381</X>
				<Y>0.448631138</Y>
				<Z>0.107728854</Z>
				<Pitch>-0.510147691</Pitch>
				<Roll>-0.0932883099</Roll>
				<Yaw>4.20938873</Yaw>
			</Attachment>
		</Attachment>
		<Attachment>
			<ModelHash>0x27c67b62</ModelHash>
			<Type>3</Type>
			<Dynamic>false</Dynamic>
			<FrozenPos>true</FrozenPos>
			<HashName>prop_shuttering02</HashName>
			<InitialHandle>185096</InitialHandle>
			<ObjectProperties>
				<TextureVariation>0</TextureVariation>
			</ObjectProperties>
			<OpacityLevel>255</OpacityLevel>
			<LodDistance>16960</LodDistance>
			<IsVisible>true</IsVisible>
			<MaxHealth>1000</MaxHealth>
			<Health>1000</Health>
			<HasGravity>true</HasGravity>
			<IsOnFire>false</IsOnFire>
			<IsInvincible>false</IsInvincible>
			<IsBulletProof>false</IsBulletProof>
			<IsCollisionProof>false</IsCollisionProof>
			<IsExplosionProof>false</IsExplosionProof>
			<IsFireProof>false</IsFireProof>
			<IsMeleeProof>false</IsMeleeProof>
			<IsOnlyDamagedByPlayer>false</IsOnlyDamagedByPlayer>
			<PositionRotation>
				<X>1685.66223</X>
				<Y>3242.88306</Y>
				<Z>41.212204</Z>
				<Pitch>-0.527634442</Pitch>
				<Roll>-0.323957711</Roll>
				<Yaw>95.7124481</Yaw>
			</PositionRotation>
			<Attachment isAttached="true">
				<AttachedTo>126723</AttachedTo>
				<BoneIndex>0</BoneIndex>
				<X>1.21311581</X>
				<Y>-2.59946728</Y>
				<Z>0.13971144</Z>
				<Pitch>-0.510147691</Pitch>
				<Roll>-0.0932883099</Roll>
				<Yaw>182.492676</Yaw>
			</Attachment>
		</Attachment>
		<Attachment>
			<ModelHash>0x27c67b62</ModelHash>
			<Type>3</Type>
			<Dynamic>false</Dynamic>
			<FrozenPos>true</FrozenPos>
			<HashName>prop_shuttering02</HashName>
			<InitialHandle>388360</InitialHandle>
			<ObjectProperties>
				<TextureVariation>0</TextureVariation>
			</ObjectProperties>
			<OpacityLevel>255</OpacityLevel>
			<LodDistance>16960</LodDistance>
			<IsVisible>true</IsVisible>
			<MaxHealth>1000</MaxHealth>
			<Health>1000</Health>
			<HasGravity>true</HasGravity>
			<IsOnFire>false</IsOnFire>
			<IsInvincible>false</IsInvincible>
			<IsBulletProof>false</IsBulletProof>
			<IsCollisionProof>false</IsCollisionProof>
			<IsExplosionProof>false</IsExplosionProof>
			<IsFireProof>false</IsFireProof>
			<IsMeleeProof>false</IsMeleeProof>
			<IsOnlyDamagedByPlayer>false</IsOnlyDamagedByPlayer>
			<PositionRotation>
				<X>1688.5907</X>
				<Y>3243.12573</Y>
				<Z>41.1867599</Z>
				<Pitch>-0.527282417</Pitch>
				<Roll>-0.323984146</Roll>
				<Yaw>95.6250305</Yaw>
			</PositionRotation>
			<Attachment isAttached="true">
				<AttachedTo>126723</AttachedTo>
				<BoneIndex>0</BoneIndex>
				<X>1.13547242</X>
				<Y>0.337984234</Y>
				<Z>0.113571092</Z>
				<Pitch>-0.510147691</Pitch>
				<Roll>-0.0932883099</Roll>
				<Yaw>182.405258</Yaw>
			</Attachment>
		</Attachment>
		<Attachment>
			<ModelHash>0x27c67b62</ModelHash>
			<Type>3</Type>
			<Dynamic>false</Dynamic>
			<FrozenPos>true</FrozenPos>
			<HashName>prop_shuttering02</HashName>
			<InitialHandle>274697</InitialHandle>
			<ObjectProperties>
				<TextureVariation>0</TextureVariation>
			</ObjectProperties>
			<OpacityLevel>255</OpacityLevel>
			<LodDistance>16960</LodDistance>
			<IsVisible>true</IsVisible>
			<MaxHealth>1000</MaxHealth>
			<Health>1000</Health>
			<HasGravity>true</HasGravity>
			<IsOnFire>false</IsOnFire>
			<IsInvincible>false</IsInvincible>
			<IsBulletProof>false</IsBulletProof>
			<IsCollisionProof>false</IsCollisionProof>
			<IsExplosionProof>false</IsExplosionProof>
			<IsFireProof>false</IsFireProof>
			<IsMeleeProof>false</IsMeleeProof>
			<IsOnlyDamagedByPlayer>false</IsOnlyDamagedByPlayer>
			<PositionRotation>
				<X>1689.30481</X>
				<Y>3244.55127</Y>
				<Z>41.1828194</Z>
				<Pitch>-0.279463887</Pitch>
				<Roll>-0.110458456</Roll>
				<Yaw>5.63470221</Yaw>
			</PositionRotation>
			<Attachment isAttached="true">
				<AttachedTo>126723</AttachedTo>
				<BoneIndex>0</BoneIndex>
				<X>-0.247611985</X>
				<Y>1.13100111</Y>
				<Z>0.103945322</Z>
				<Pitch>-0.510147691</Pitch>
				<Roll>-0.0932883099</Roll>
				<Yaw>92.4129562</Yaw>
			</Attachment>
		</Attachment>
		<Attachment>
			<ModelHash>0x27c67b62</ModelHash>
			<Type>3</Type>
			<Dynamic>false</Dynamic>
			<FrozenPos>true</FrozenPos>
			<HashName>prop_shuttering02</HashName>
			<InitialHandle>585993</InitialHandle>
			<ObjectProperties>
				<TextureVariation>0</TextureVariation>
			</ObjectProperties>
			<OpacityLevel>255</OpacityLevel>
			<LodDistance>16960</LodDistance>
			<IsVisible>true</IsVisible>
			<MaxHealth>1000</MaxHealth>
			<Health>1000</Health>
			<HasGravity>true</HasGravity>
			<IsOnFire>false</IsOnFire>
			<IsInvincible>false</IsInvincible>
			<IsBulletProof>false</IsBulletProof>
			<IsCollisionProof>false</IsCollisionProof>
			<IsExplosionProof>false</IsExplosionProof>
			<IsFireProof>false</IsFireProof>
			<IsMeleeProof>false</IsMeleeProof>
			<IsOnlyDamagedByPlayer>false</IsOnlyDamagedByPlayer>
			<PositionRotation>
				<X>1683.78699</X>
				<Y>3243.92529</Y>
				<Z>41.2305222</Z>
				<Pitch>-0.279066831</Pitch>
				<Roll>-0.103845589</Roll>
				<Yaw>3.99382615</Yaw>
			</PositionRotation>
			<Attachment isAttached="true">
				<AttachedTo>126723</AttachedTo>
				<BoneIndex>0</BoneIndex>
				<X>0.0671306103</X>
				<Y>-4.41318655</Y>
				<Z>0.153640151</Z>
				<Pitch>-0.510147691</Pitch>
				<Roll>-0.0932883099</Roll>
				<Yaw>90.7720337</Yaw>
			</Attachment>
		</Attachment>
		<Attachment>
			<ModelHash>0x4a46e08e</ModelHash>
			<Type>3</Type>
			<Dynamic>false</Dynamic>
			<FrozenPos>true</FrozenPos>
			<HashName>prop_mb_ordnance_02</HashName>
			<InitialHandle>585226</InitialHandle>
			<ObjectProperties>
				<TextureVariation>0</TextureVariation>
			</ObjectProperties>
			<OpacityLevel>255</OpacityLevel>
			<LodDistance>16960</LodDistance>
			<IsVisible>true</IsVisible>
			<MaxHealth>1000</MaxHealth>
			<Health>1000</Health>
			<HasGravity>true</HasGravity>
			<IsOnFire>false</IsOnFire>
			<IsInvincible>false</IsInvincible>
			<IsBulletProof>false</IsBulletProof>
			<IsCollisionProof>false</IsCollisionProof>
			<IsExplosionProof>false</IsExplosionProof>
			<IsFireProof>false</IsFireProof>
			<IsMeleeProof>false</IsMeleeProof>
			<IsOnlyDamagedByPlayer>false</IsOnlyDamagedByPlayer>
			<PositionRotation>
				<X>1685.45471</X>
				<Y>3244.62598</Y>
				<Z>41.2236938</Z>
				<Pitch>-0.739502609</Pitch>
				<Roll>-0.0631840006</Roll>
				<Yaw>-171.14447</Yaw>
			</PositionRotation>
			<Attachment isAttached="true">
				<AttachedTo>126723</AttachedTo>
				<BoneIndex>0</BoneIndex>
				<X>-0.538625956</X>
				<Y>-2.70872617</Y>
				<Z>0.144145697</Z>
				<Pitch>-0.510147691</Pitch>
				<Roll>-0.0932883099</Roll>
				<Yaw>-84.3666687</Yaw>
			</Attachment>
		</Attachment>
		<Attachment>
			<ModelHash>0x7da33acb</ModelHash>
			<Type>3</Type>
			<Dynamic>false</Dynamic>
			<FrozenPos>true</FrozenPos>
			<HashName>prop_box_ammo03a_set2</HashName>
			<InitialHandle>739085</InitialHandle>
			<ObjectProperties>
				<TextureVariation>0</TextureVariation>
			</ObjectProperties>
			<OpacityLevel>255</OpacityLevel>
			<LodDistance>16960</LodDistance>
			<IsVisible>true</IsVisible>
			<MaxHealth>1000</MaxHealth>
			<Health>1000</Health>
			<HasGravity>true</HasGravity>
			<IsOnFire>false</IsOnFire>
			<IsInvincible>false</IsInvincible>
			<IsBulletProof>false</IsBulletProof>
			<IsCollisionProof>false</IsCollisionProof>
			<IsExplosionProof>false</IsExplosionProof>
			<IsFireProof>false</IsFireProof>
			<IsMeleeProof>false</IsMeleeProof>
			<IsOnlyDamagedByPlayer>false</IsOnlyDamagedByPlayer>
			<PositionRotation>
				<X>1685.63269</X>
				<Y>3243.63892</Y>
				<Z>41.6512032</Z>
				<Pitch>-0.591844976</Pitch>
				<Roll>-0.309713125</Roll>
				<Yaw>112.058731</Yaw>
			</PositionRotation>
			<Attachment isAttached="true">
				<AttachedTo>126723</AttachedTo>
				<BoneIndex>0</BoneIndex>
				<X>0.455186814</X>
				<Y>-2.58643699</Y>
				<Z>0.575650513</Z>
				<Pitch>-0.510147691</Pitch>
				<Roll>-0.0932883099</Roll>
				<Yaw>198.838959</Yaw>
			</Attachment>
		</Attachment>
		<Attachment>
			<ModelHash>0x54bba095</ModelHash>
			<Type>3</Type>
			<Dynamic>false</Dynamic>
			<FrozenPos>true</FrozenPos>
			<HashName>v_ret_247_donuts</HashName>
			<InitialHandle>515598</InitialHandle>
			<ObjectProperties>
				<TextureVariation>0</TextureVariation>
			</ObjectProperties>
			<OpacityLevel>255</OpacityLevel>
			<LodDistance>16960</LodDistance>
			<IsVisible>true</IsVisible>
			<MaxHealth>1000</MaxHealth>
			<Health>1000</Health>
			<HasGravity>true</HasGravity>
			<IsOnFire>false</IsOnFire>
			<IsInvincible>false</IsInvincible>
			<IsBulletProof>false</IsBulletProof>
			<IsCollisionProof>false</IsCollisionProof>
			<IsExplosionProof>false</IsExplosionProof>
			<IsFireProof>false</IsFireProof>
			<IsMeleeProof>false</IsMeleeProof>
			<IsOnlyDamagedByPlayer>false</IsOnlyDamagedByPlayer>
			<PositionRotation>
				<X>1688.84387</X>
				<Y>3243.7229</Y>
				<Z>42.1382256</Z>
				<Pitch>-0.550289094</Pitch>
				<Roll>0.134533823</Roll>
				<Yaw>-98.614006</Yaw>
			</PositionRotation>
			<Attachment isAttached="true">
				<AttachedTo>126723</AttachedTo>
				<BoneIndex>0</BoneIndex>
				<X>0.549637496</X>
				<Y>0.624440312</Y>
				<Z>1.06264341</Z>
				<Pitch>-0.510147691</Pitch>
				<Roll>-0.0932883099</Roll>
				<Yaw>-11.8379898</Yaw>
			</Attachment>
		</Attachment>
	</SpoonerAttachments>
</Vehicle>
