<?xml version="1.0" encoding="ISO-8859-1"?>
<Vehicle menyoo_ver="0.99987674b">
	<ModelHash>0xceb28249</ModelHash>
	<InitialHandle>131331</InitialHandle>
	<VehicleProperties>
		<Colours>
			<Primary>22</Primary>
			<Secondary>12</Secondary>
			<Pearl>134</Pearl>
			<Rim>156</Rim>
			<Mod1_a>6</Mod1_a>
			<Mod1_b>-1</Mod1_b>
			<Mod1_c>-1</Mod1_c>
			<Mod2_a>6</Mod2_a>
			<Mod2_b>-1</Mod2_b>
			<IsPrimaryColourCustom>false</IsPrimaryColourCustom>
			<IsSecondaryColourCustom>false</IsSecondaryColourCustom>
			<tyreSmoke_R>255</tyreSmoke_R>
			<tyreSmoke_G>255</tyreSmoke_G>
			<tyreSmoke_B>255</tyreSmoke_B>
			<LrInterior>0</LrInterior>
			<LrDashboard>0</LrDashboard>
		</Colours>
		<Livery>-1</Livery>
		<NumberPlateText>07MGM000</NumberPlateText>
		<NumberPlateIndex>0</NumberPlateIndex>
		<WheelType>4</WheelType>
		<WheelsInvisible>false</WheelsInvisible>
		<EngineSoundName></EngineSoundName>
		<WindowTint>-1</WindowTint>
		<BulletProofTyres>false</BulletProofTyres>
		<DirtLevel>0.356130332</DirtLevel>
		<PaintFade>0.298039228</PaintFade>
		<RoofState>0</RoofState>
		<SirenActive>false</SirenActive>
		<EngineOn>true</EngineOn>
		<EngineHealth>1000</EngineHealth>
		<LightsOn>false</LightsOn>
		<IsRadioLoud>0</IsRadioLoud>
		<LockStatus>1</LockStatus>
		<Neons>
			<Left>false</Left>
			<Right>false</Right>
			<Front>false</Front>
			<Back>false</Back>
			<R>255</R>
			<G>0</G>
			<B>255</B>
		</Neons>
		<ModExtras />
		<Mods>
			<_0>-1,0</_0>
			<_1>-1,0</_1>
			<_2>-1,0</_2>
			<_3>-1,0</_3>
			<_4>-1,0</_4>
			<_5>-1,0</_5>
			<_6>-1,0</_6>
			<_7>-1,0</_7>
			<_8>-1,0</_8>
			<_9>-1,0</_9>
			<_10>-1,0</_10>
			<_11>-1,0</_11>
			<_12>-1,0</_12>
			<_13>-1,0</_13>
			<_14>-1,0</_14>
			<_15>-1,0</_15>
			<_16>-1,0</_16>
			<_17>false</_17>
			<_18>false</_18>
			<_19>false</_19>
			<_20>false</_20>
			<_21>false</_21>
			<_22>false</_22>
			<_23>-1,0</_23>
			<_24>-1,0</_24>
			<_25>-1,0</_25>
			<_26>-1,0</_26>
			<_27>-1,0</_27>
			<_28>-1,0</_28>
			<_29>-1,0</_29>
			<_30>-1,0</_30>
			<_31>-1,0</_31>
			<_32>-1,0</_32>
			<_33>-1,0</_33>
			<_34>-1,0</_34>
			<_35>-1,0</_35>
			<_36>-1,0</_36>
			<_37>-1,0</_37>
			<_38>-1,0</_38>
			<_39>-1,0</_39>
			<_40>-1,0</_40>
			<_41>-1,0</_41>
			<_42>-1,0</_42>
			<_43>-1,0</_43>
			<_44>-1,0</_44>
			<_45>-1,0</_45>
			<_46>-1,0</_46>
			<_47>-1,0</_47>
			<_48>-1,0</_48>
		</Mods>
		<DoorsOpen>
			<BackLeftDoor>false</BackLeftDoor>
			<BackRightDoor>false</BackRightDoor>
			<FrontLeftDoor>false</FrontLeftDoor>
			<FrontRightDoor>false</FrontRightDoor>
			<Hood>false</Hood>
			<Trunk>false</Trunk>
			<Trunk2>false</Trunk2>
		</DoorsOpen>
		<DoorsBroken>
			<BackLeftDoor>false</BackLeftDoor>
			<BackRightDoor>false</BackRightDoor>
			<FrontLeftDoor>false</FrontLeftDoor>
			<FrontRightDoor>false</FrontRightDoor>
			<Hood>false</Hood>
			<Trunk>false</Trunk>
			<Trunk2>false</Trunk2>
		</DoorsBroken>
		<TyresBursted>
			<FrontLeft>false</FrontLeft>
			<FrontRight>false</FrontRight>
			<_2>false</_2>
			<_3>false</_3>
			<BackLeft>false</BackLeft>
			<BackRight>false</BackRight>
			<_6>false</_6>
			<_7>false</_7>
			<_8>false</_8>
		</TyresBursted>
	</VehicleProperties>
	<OpacityLevel>255</OpacityLevel>
	<LodDistance>16960</LodDistance>
	<IsVisible>true</IsVisible>
	<IsDriverVisible>true</IsDriverVisible>
	<MaxHealth>1000</MaxHealth>
	<Health>997</Health>
	<HasGravity>true</HasGravity>
	<IsOnFire>false</IsOnFire>
	<IsInvincible>false</IsInvincible>
	<IsBulletProof>false</IsBulletProof>
	<IsExplosionProof>false</IsExplosionProof>
	<IsFireProof>false</IsFireProof>
	<IsMeleeProof>false</IsMeleeProof>
	<IsOnlyDamagedByPlayer>false</IsOnlyDamagedByPlayer>
	<SpoonerAttachments SetAttachmentsPersistentAndAddToSpoonerDatabase="false" StartTaskSequencesOnLoad="true">
		<Attachment>
			<ModelHash>0x19314199</ModelHash>
			<Type>3</Type>
			<Dynamic>false</Dynamic>
			<FrozenPos>true</FrozenPos>
			<HashName>w_mg_minigun</HashName>
			<InitialHandle>279045</InitialHandle>
			<ObjectProperties>
				<TextureVariation>0</TextureVariation>
			</ObjectProperties>
			<OpacityLevel>255</OpacityLevel>
			<LodDistance>16960</LodDistance>
			<IsVisible>true</IsVisible>
			<MaxHealth>1000</MaxHealth>
			<Health>1000</Health>
			<HasGravity>true</HasGravity>
			<IsOnFire>false</IsOnFire>
			<IsInvincible>false</IsInvincible>
			<IsBulletProof>false</IsBulletProof>
			<IsCollisionProof>false</IsCollisionProof>
			<IsExplosionProof>false</IsExplosionProof>
			<IsFireProof>false</IsFireProof>
			<IsMeleeProof>false</IsMeleeProof>
			<IsOnlyDamagedByPlayer>false</IsOnlyDamagedByPlayer>
			<PositionRotation>
				<X>1728.52478</X>
				<Y>3317.26123</Y>
				<Z>41.4159012</Z>
				<Pitch>0.00021995425</Pitch>
				<Roll>-179.96138</Roll>
				<Yaw>101.444</Yaw>
			</PositionRotation>
			<Attachment isAttached="true">
				<AttachedTo>131331</AttachedTo>
				<BoneIndex>0</BoneIndex>
				<X>0</X>
				<Y>-0.799999952</Y>
				<Z>0.710000038</Z>
				<Pitch>-179.999985</Pitch>
				<Roll>0</Roll>
				<Yaw>89.9999924</Yaw>
			</Attachment>
		</Attachment>
		<Attachment>
			<ModelHash>0xd09e5161</ModelHash>
			<Type>3</Type>
			<Dynamic>false</Dynamic>
			<FrozenPos>true</FrozenPos>
			<HashName>imp_prop_impexp_trunk_01a</HashName>
			<InitialHandle>11543</InitialHandle>
			<ObjectProperties>
				<TextureVariation>0</TextureVariation>
			</ObjectProperties>
			<OpacityLevel>255</OpacityLevel>
			<LodDistance>16960</LodDistance>
			<IsVisible>true</IsVisible>
			<MaxHealth>1000</MaxHealth>
			<Health>1000</Health>
			<HasGravity>true</HasGravity>
			<IsOnFire>false</IsOnFire>
			<IsInvincible>false</IsInvincible>
			<IsBulletProof>false</IsBulletProof>
			<IsCollisionProof>false</IsCollisionProof>
			<IsExplosionProof>false</IsExplosionProof>
			<IsFireProof>false</IsFireProof>
			<IsMeleeProof>false</IsMeleeProof>
			<IsOnlyDamagedByPlayer>false</IsOnlyDamagedByPlayer>
			<PositionRotation>
				<X>1728.38135</X>
				<Y>3317.98047</Y>
				<Z>41.1290817</Z>
				<Pitch>-0.0221262705</Pitch>
				<Roll>-0.000273161219</Roll>
				<Yaw>-168.447693</Yaw>
			</PositionRotation>
			<Attachment isAttached="true">
				<AttachedTo>131331</AttachedTo>
				<BoneIndex>0</BoneIndex>
				<X>-0.00211735372</X>
				<Y>-1.53373778</Y>
				<Z>0.42367655</Z>
				<Pitch>-0.0607352257</Pitch>
				<Roll>4.20883844e-05</Roll>
				<Yaw>0.108306885</Yaw>
			</Attachment>
		</Attachment>
		<Attachment>
			<ModelHash>0xed327848</ModelHash>
			<Type>3</Type>
			<Dynamic>false</Dynamic>
			<FrozenPos>true</FrozenPos>
			<HashName>imp_prop_impexp_rear_bumper_03a</HashName>
			<InitialHandle>588058</InitialHandle>
			<ObjectProperties>
				<TextureVariation>0</TextureVariation>
			</ObjectProperties>
			<OpacityLevel>255</OpacityLevel>
			<LodDistance>16960</LodDistance>
			<IsVisible>true</IsVisible>
			<MaxHealth>1000</MaxHealth>
			<Health>1000</Health>
			<HasGravity>true</HasGravity>
			<IsOnFire>false</IsOnFire>
			<IsInvincible>false</IsInvincible>
			<IsBulletProof>false</IsBulletProof>
			<IsCollisionProof>false</IsCollisionProof>
			<IsExplosionProof>false</IsExplosionProof>
			<IsFireProof>false</IsFireProof>
			<IsMeleeProof>false</IsMeleeProof>
			<IsOnlyDamagedByPlayer>false</IsOnlyDamagedByPlayer>
			<PositionRotation>
				<X>1728.24951</X>
				<Y>3318.61572</Y>
				<Z>40.5355721</Z>
				<Pitch>-0.0221272223</Pitch>
				<Roll>0.000458604714</Roll>
				<Yaw>-169.5336</Yaw>
			</PositionRotation>
			<Attachment isAttached="true">
				<AttachedTo>131331</AttachedTo>
				<BoneIndex>0</BoneIndex>
				<X>0.00103437214</X>
				<Y>-2.18283367</Y>
				<Z>-0.16939722</Z>
				<Pitch>-0.0607352257</Pitch>
				<Roll>4.20883844e-05</Roll>
				<Yaw>-0.977615356</Yaw>
			</Attachment>
		</Attachment>
		<Attachment>
			<ModelHash>0x0e527908</ModelHash>
			<Type>3</Type>
			<Dynamic>false</Dynamic>
			<FrozenPos>true</FrozenPos>
			<HashName>imp_prop_impexp_exhaust_05</HashName>
			<InitialHandle>453156</InitialHandle>
			<ObjectProperties>
				<TextureVariation>0</TextureVariation>
			</ObjectProperties>
			<OpacityLevel>255</OpacityLevel>
			<LodDistance>16960</LodDistance>
			<IsVisible>true</IsVisible>
			<MaxHealth>1000</MaxHealth>
			<Health>1000</Health>
			<HasGravity>true</HasGravity>
			<IsOnFire>false</IsOnFire>
			<IsInvincible>false</IsInvincible>
			<IsBulletProof>false</IsBulletProof>
			<IsCollisionProof>false</IsCollisionProof>
			<IsExplosionProof>false</IsExplosionProof>
			<IsFireProof>false</IsFireProof>
			<IsMeleeProof>false</IsMeleeProof>
			<IsOnlyDamagedByPlayer>false</IsOnlyDamagedByPlayer>
			<PositionRotation>
				<X>1727.95544</X>
				<Y>3317.7207</Y>
				<Z>41.0042267</Z>
				<Pitch>-24.0554066</Pitch>
				<Roll>-0.0418371893</Roll>
				<Yaw>-86.8618088</Yaw>
			</PositionRotation>
			<Attachment isAttached="true">
				<AttachedTo>131331</AttachedTo>
				<BoneIndex>0</BoneIndex>
				<X>0.466852665</X>
				<Y>-1.36356831</Y>
				<Z>0.298705548</Z>
				<Pitch>-24.0607376</Pitch>
				<Roll>4.23220263e-05</Roll>
				<Yaw>81.7112656</Yaw>
			</Attachment>
		</Attachment>
		<Attachment>
			<ModelHash>0x4c185bea</ModelHash>
			<Type>3</Type>
			<Dynamic>false</Dynamic>
			<FrozenPos>true</FrozenPos>
			<HashName>imp_prop_impexp_engine_part_01a</HashName>
			<InitialHandle>182822</InitialHandle>
			<ObjectProperties>
				<TextureVariation>0</TextureVariation>
			</ObjectProperties>
			<OpacityLevel>255</OpacityLevel>
			<LodDistance>16960</LodDistance>
			<IsVisible>true</IsVisible>
			<MaxHealth>1000</MaxHealth>
			<Health>1000</Health>
			<HasGravity>true</HasGravity>
			<IsOnFire>false</IsOnFire>
			<IsInvincible>false</IsInvincible>
			<IsBulletProof>false</IsBulletProof>
			<IsCollisionProof>false</IsCollisionProof>
			<IsExplosionProof>false</IsExplosionProof>
			<IsFireProof>false</IsFireProof>
			<IsMeleeProof>false</IsMeleeProof>
			<IsOnlyDamagedByPlayer>false</IsOnlyDamagedByPlayer>
			<PositionRotation>
				<X>1728.34143</X>
				<Y>3318.22095</Y>
				<Z>40.4152184</Z>
				<Pitch>-0.0221261345</Pitch>
				<Roll>0.000340946164</Roll>
				<Yaw>-169.358994</Yaw>
			</PositionRotation>
			<Attachment isAttached="true">
				<AttachedTo>131331</AttachedTo>
				<BoneIndex>21</BoneIndex>
				<X>-0.00674333982</X>
				<Y>0.00870531239</Y>
				<Z>-0.484473497</Z>
				<Pitch>-0.0607352257</Pitch>
				<Roll>4.20883844e-05</Roll>
				<Yaw>-0.803009033</Yaw>
			</Attachment>
		</Attachment>
		<Attachment>
			<ModelHash>0x0dd75614</ModelHash>
			<Type>3</Type>
			<Dynamic>false</Dynamic>
			<FrozenPos>true</FrozenPos>
			<HashName>prop_car_engine_01</HashName>
			<InitialHandle>583466</InitialHandle>
			<ObjectProperties>
				<TextureVariation>0</TextureVariation>
			</ObjectProperties>
			<OpacityLevel>255</OpacityLevel>
			<LodDistance>16960</LodDistance>
			<IsVisible>true</IsVisible>
			<MaxHealth>1000</MaxHealth>
			<Health>1000</Health>
			<HasGravity>true</HasGravity>
			<IsOnFire>false</IsOnFire>
			<IsInvincible>false</IsInvincible>
			<IsBulletProof>false</IsBulletProof>
			<IsCollisionProof>false</IsCollisionProof>
			<IsExplosionProof>false</IsExplosionProof>
			<IsFireProof>false</IsFireProof>
			<IsMeleeProof>false</IsMeleeProof>
			<IsOnlyDamagedByPlayer>false</IsOnlyDamagedByPlayer>
			<PositionRotation>
				<X>1728.64429</X>
				<Y>3317.92383</Y>
				<Z>40.506813</Z>
				<Pitch>-0.0601152182</Pitch>
				<Roll>0.0386473611</Roll>
				<Yaw>102.004601</Yaw>
			</PositionRotation>
			<Attachment isAttached="true">
				<AttachedTo>131331</AttachedTo>
				<BoneIndex>21</BoneIndex>
				<X>-0.244617745</X>
				<Y>0.36004144</Y>
				<Z>-0.393113703</Z>
				<Pitch>-0.0607352257</Pitch>
				<Roll>4.20883844e-05</Roll>
				<Yaw>270.560577</Yaw>
			</Attachment>
		</Attachment>
		<Attachment>
			<ModelHash>0x7240464f</ModelHash>
			<Type>3</Type>
			<Dynamic>false</Dynamic>
			<FrozenPos>true</FrozenPos>
			<HashName>imp_prop_impexp_wheel_01a</HashName>
			<InitialHandle>540973</InitialHandle>
			<ObjectProperties>
				<TextureVariation>0</TextureVariation>
			</ObjectProperties>
			<OpacityLevel>255</OpacityLevel>
			<LodDistance>16960</LodDistance>
			<IsVisible>true</IsVisible>
			<MaxHealth>1000</MaxHealth>
			<Health>1000</Health>
			<HasGravity>true</HasGravity>
			<IsOnFire>false</IsOnFire>
			<IsInvincible>false</IsInvincible>
			<IsBulletProof>false</IsBulletProof>
			<IsCollisionProof>false</IsCollisionProof>
			<IsExplosionProof>false</IsExplosionProof>
			<IsFireProof>false</IsFireProof>
			<IsMeleeProof>false</IsMeleeProof>
			<IsOnlyDamagedByPlayer>false</IsOnlyDamagedByPlayer>
			<PositionRotation>
				<X>1729.85303</X>
				<Y>3315.0791</Y>
				<Z>40.5606651</Z>
				<Pitch>0.522132456</Pitch>
				<Roll>-56.8638687</Roll>
				<Yaw>100.843559</Yaw>
			</PositionRotation>
			<Attachment isAttached="true">
				<AttachedTo>131331</AttachedTo>
				<BoneIndex>7</BoneIndex>
				<X>-0.02288316</X>
				<Y>0.000840738416</Y>
				<Z>0.005391635</Z>
				<Pitch>-0.12161541</Pitch>
				<Roll>-10.0012779</Roll>
				<Yaw>-90.7483139</Yaw>
			</Attachment>
		</Attachment>
		<Attachment>
			<ModelHash>0x7240464f</ModelHash>
			<Type>3</Type>
			<Dynamic>false</Dynamic>
			<FrozenPos>true</FrozenPos>
			<HashName>imp_prop_impexp_wheel_01a</HashName>
			<InitialHandle>510508</InitialHandle>
			<ObjectProperties>
				<TextureVariation>0</TextureVariation>
			</ObjectProperties>
			<OpacityLevel>255</OpacityLevel>
			<LodDistance>16960</LodDistance>
			<IsVisible>true</IsVisible>
			<MaxHealth>1000</MaxHealth>
			<Health>1000</Health>
			<HasGravity>true</HasGravity>
			<IsOnFire>false</IsOnFire>
			<IsInvincible>false</IsInvincible>
			<IsBulletProof>false</IsBulletProof>
			<IsCollisionProof>false</IsCollisionProof>
			<IsExplosionProof>false</IsExplosionProof>
			<IsFireProof>false</IsFireProof>
			<IsMeleeProof>false</IsMeleeProof>
			<IsOnlyDamagedByPlayer>false</IsOnlyDamagedByPlayer>
			<PositionRotation>
				<X>1728.15356</X>
				<Y>3314.74097</Y>
				<Z>40.5583534</Z>
				<Pitch>-2.3748281</Pitch>
				<Roll>22.3180542</Roll>
				<Yaw>-81.3434677</Yaw>
			</PositionRotation>
			<Attachment isAttached="true">
				<AttachedTo>131331</AttachedTo>
				<BoneIndex>17</BoneIndex>
				<X>-0.0183987878</X>
				<Y>-0.000492751598</Y>
				<Z>0.00115537643</Z>
				<Pitch>-3.28859758</Pitch>
				<Roll>98.5293732</Roll>
				<Yaw>-88.3036194</Yaw>
			</Attachment>
		</Attachment>
		<Attachment>
			<ModelHash>0x7240464f</ModelHash>
			<Type>3</Type>
			<Dynamic>false</Dynamic>
			<FrozenPos>true</FrozenPos>
			<HashName>imp_prop_impexp_wheel_01a</HashName>
			<InitialHandle>460588</InitialHandle>
			<ObjectProperties>
				<TextureVariation>0</TextureVariation>
			</ObjectProperties>
			<OpacityLevel>255</OpacityLevel>
			<LodDistance>16960</LodDistance>
			<IsVisible>true</IsVisible>
			<MaxHealth>1000</MaxHealth>
			<Health>1000</Health>
			<HasGravity>true</HasGravity>
			<IsOnFire>false</IsOnFire>
			<IsInvincible>false</IsInvincible>
			<IsBulletProof>false</IsBulletProof>
			<IsCollisionProof>false</IsCollisionProof>
			<IsExplosionProof>false</IsExplosionProof>
			<IsFireProof>false</IsFireProof>
			<IsMeleeProof>false</IsMeleeProof>
			<IsOnlyDamagedByPlayer>false</IsOnlyDamagedByPlayer>
			<PositionRotation>
				<X>1729.27844</X>
				<Y>3318.16235</Y>
				<Z>40.5753822</Z>
				<Pitch>1.4774226</Pitch>
				<Roll>-137.881989</Roll>
				<Yaw>103.078918</Yaw>
			</PositionRotation>
			<Attachment isAttached="true">
				<AttachedTo>131331</AttachedTo>
				<BoneIndex>18</BoneIndex>
				<X>1.76361418</X>
				<Y>-0.0131902117</Y>
				<Z>0.00535464287</Z>
				<Pitch>-0.121615849</Pitch>
				<Roll>-0.00128052384</Roll>
				<Yaw>87.6858139</Yaw>
			</Attachment>
		</Attachment>
		<Attachment>
			<ModelHash>0x7240464f</ModelHash>
			<Type>3</Type>
			<Dynamic>false</Dynamic>
			<FrozenPos>true</FrozenPos>
			<HashName>imp_prop_impexp_wheel_01a</HashName>
			<InitialHandle>646456</InitialHandle>
			<ObjectProperties>
				<TextureVariation>0</TextureVariation>
			</ObjectProperties>
			<OpacityLevel>255</OpacityLevel>
			<LodDistance>16960</LodDistance>
			<IsVisible>true</IsVisible>
			<MaxHealth>1000</MaxHealth>
			<Health>1000</Health>
			<HasGravity>true</HasGravity>
			<IsOnFire>false</IsOnFire>
			<IsInvincible>false</IsInvincible>
			<IsBulletProof>false</IsBulletProof>
			<IsCollisionProof>false</IsCollisionProof>
			<IsExplosionProof>false</IsExplosionProof>
			<IsFireProof>false</IsFireProof>
			<IsMeleeProof>false</IsMeleeProof>
			<IsOnlyDamagedByPlayer>false</IsOnlyDamagedByPlayer>
			<PositionRotation>
				<X>1727.48816</X>
				<Y>3317.79614</Y>
				<Z>40.5787125</Z>
				<Pitch>-0.413971961</Pitch>
				<Roll>137.79866</Roll>
				<Yaw>-77.7374268</Yaw>
			</PositionRotation>
			<Attachment isAttached="true">
				<AttachedTo>131331</AttachedTo>
				<BoneIndex>18</BoneIndex>
				<X>-0.0637998953</X>
				<Y>-0.00464215316</Y>
				<Z>0.00149258971</Z>
				<Pitch>-0.119596861</Pitch>
				<Roll>-0.0685982704</Roll>
				<Yaw>-90.9954834</Yaw>
			</Attachment>
		</Attachment>
		<Attachment>
			<ModelHash>0x0a113c6c</ModelHash>
			<Type>3</Type>
			<Dynamic>false</Dynamic>
			<FrozenPos>true</FrozenPos>
			<HashName>prop_cctv_cam_06a</HashName>
			<InitialHandle>564549</InitialHandle>
			<ObjectProperties>
				<TextureVariation>0</TextureVariation>
			</ObjectProperties>
			<OpacityLevel>255</OpacityLevel>
			<LodDistance>16960</LodDistance>
			<IsVisible>true</IsVisible>
			<MaxHealth>1000</MaxHealth>
			<Health>1000</Health>
			<HasGravity>true</HasGravity>
			<IsOnFire>false</IsOnFire>
			<IsInvincible>false</IsInvincible>
			<IsBulletProof>false</IsBulletProof>
			<IsCollisionProof>false</IsCollisionProof>
			<IsExplosionProof>false</IsExplosionProof>
			<IsFireProof>false</IsFireProof>
			<IsMeleeProof>false</IsMeleeProof>
			<IsOnlyDamagedByPlayer>false</IsOnlyDamagedByPlayer>
			<PositionRotation>
				<X>1728.70068</X>
				<Y>3318.67871</Y>
				<Z>40.9130249</Z>
				<Pitch>19.9132004</Pitch>
				<Roll>179.990784</Roll>
				<Yaw>-161.259247</Yaw>
			</PositionRotation>
			<Attachment isAttached="true">
				<AttachedTo>131331</AttachedTo>
				<BoneIndex>0</BoneIndex>
				<X>-0.453625083</X>
				<Y>-2.1547699</Y>
				<Z>0.208037645</Z>
				<Pitch>19.8749332</Pitch>
				<Roll>-180.003738</Roll>
				<Yaw>7.29489136</Yaw>
			</Attachment>
		</Attachment>
		<Attachment>
			<ModelHash>0x0a113c6c</ModelHash>
			<Type>3</Type>
			<Dynamic>false</Dynamic>
			<FrozenPos>true</FrozenPos>
			<HashName>prop_cctv_cam_06a</HashName>
			<InitialHandle>604983</InitialHandle>
			<ObjectProperties>
				<TextureVariation>0</TextureVariation>
			</ObjectProperties>
			<OpacityLevel>255</OpacityLevel>
			<LodDistance>16960</LodDistance>
			<IsVisible>true</IsVisible>
			<MaxHealth>1000</MaxHealth>
			<Health>1000</Health>
			<HasGravity>true</HasGravity>
			<IsOnFire>false</IsOnFire>
			<IsInvincible>false</IsInvincible>
			<IsBulletProof>false</IsBulletProof>
			<IsCollisionProof>false</IsCollisionProof>
			<IsExplosionProof>false</IsExplosionProof>
			<IsFireProof>false</IsFireProof>
			<IsMeleeProof>false</IsMeleeProof>
			<IsOnlyDamagedByPlayer>false</IsOnlyDamagedByPlayer>
			<PositionRotation>
				<X>1728.08923</X>
				<Y>3315.2915</Y>
				<Z>40.8082924</Z>
				<Pitch>9.83964443</Pitch>
				<Roll>150.011703</Roll>
				<Yaw>34.9755783</Yaw>
			</PositionRotation>
			<Attachment isAttached="true">
				<AttachedTo>131331</AttachedTo>
				<BoneIndex>0</BoneIndex>
				<X>0.817607582</X>
				<Y>1.04353607</Y>
				<Z>0.101146236</Z>
				<Pitch>9.87494373</Pitch>
				<Roll>149.99585</Roll>
				<Yaw>203.534302</Yaw>
			</Attachment>
		</Attachment>
		<Attachment>
			<ModelHash>0x4f7c79ba</ModelHash>
			<Type>3</Type>
			<Dynamic>false</Dynamic>
			<FrozenPos>true</FrozenPos>
			<HashName>prop_monitor_01a</HashName>
			<InitialHandle>195657</InitialHandle>
			<ObjectProperties>
				<TextureVariation>0</TextureVariation>
			</ObjectProperties>
			<OpacityLevel>255</OpacityLevel>
			<LodDistance>16960</LodDistance>
			<IsVisible>true</IsVisible>
			<MaxHealth>1000</MaxHealth>
			<Health>1000</Health>
			<HasGravity>true</HasGravity>
			<IsOnFire>false</IsOnFire>
			<IsInvincible>false</IsInvincible>
			<IsBulletProof>false</IsBulletProof>
			<IsCollisionProof>false</IsCollisionProof>
			<IsExplosionProof>false</IsExplosionProof>
			<IsFireProof>false</IsFireProof>
			<IsMeleeProof>false</IsMeleeProof>
			<IsOnlyDamagedByPlayer>false</IsOnlyDamagedByPlayer>
			<PositionRotation>
				<X>1728.20215</X>
				<Y>3316.1626</Y>
				<Z>40.9226036</Z>
				<Pitch>-20.1647396</Pitch>
				<Roll>179.998428</Roll>
				<Yaw>-170.518402</Yaw>
			</PositionRotation>
			<Attachment isAttached="true">
				<AttachedTo>131331</AttachedTo>
				<BoneIndex>0</BoneIndex>
				<X>0.534202635</X>
				<Y>0.212358028</Y>
				<Z>0.216018334</Z>
				<Pitch>-20.2033291</Pitch>
				<Roll>179.997284</Roll>
				<Yaw>358.03717</Yaw>
			</Attachment>
		</Attachment>
		<Attachment>
			<ModelHash>0x4fce7550</ModelHash>
			<Type>3</Type>
			<Dynamic>false</Dynamic>
			<FrozenPos>true</FrozenPos>
			<HashName>hei_prop_hei_cs_keyboard</HashName>
			<InitialHandle>579148</InitialHandle>
			<ObjectProperties>
				<TextureVariation>0</TextureVariation>
			</ObjectProperties>
			<OpacityLevel>255</OpacityLevel>
			<LodDistance>16960</LodDistance>
			<IsVisible>true</IsVisible>
			<MaxHealth>1000</MaxHealth>
			<Health>1000</Health>
			<HasGravity>true</HasGravity>
			<IsOnFire>false</IsOnFire>
			<IsInvincible>false</IsInvincible>
			<IsBulletProof>false</IsBulletProof>
			<IsCollisionProof>false</IsCollisionProof>
			<IsExplosionProof>false</IsExplosionProof>
			<IsFireProof>false</IsFireProof>
			<IsMeleeProof>false</IsMeleeProof>
			<IsOnlyDamagedByPlayer>false</IsOnlyDamagedByPlayer>
			<PositionRotation>
				<X>1728.19458</X>
				<Y>3316.22974</Y>
				<Z>40.9426918</Z>
				<Pitch>57.8353462</Pitch>
				<Roll>-0.00248744688</Roll>
				<Yaw>-168.921631</Yaw>
			</PositionRotation>
			<Attachment isAttached="true">
				<AttachedTo>131331</AttachedTo>
				<BoneIndex>0</BoneIndex>
				<X>0.528236091</X>
				<Y>0.145086437</Y>
				<Z>0.236150578</Z>
				<Pitch>57.7967339</Pitch>
				<Roll>-0.00249579153</Roll>
				<Yaw>-0.365631104</Yaw>
			</Attachment>
		</Attachment>
	</SpoonerAttachments>
</Vehicle>
