<?xml version="1.0" encoding="ISO-8859-1"?>
<Vehicle menyoo_ver="0.9998744b">
	<ModelHash>0xd83c13ce</ModelHash>
	<InitialHandle>249375</InitialHandle>
	<VehicleProperties>
		<Colours>
			<Primary>14</Primary>
			<Secondary>0</Secondary>
			<Pearl>48</Pearl>
			<Rim>156</Rim>
			<Mod1_a>6</Mod1_a>
			<Mod1_b>-1</Mod1_b>
			<Mod1_c>-1</Mod1_c>
			<Mod2_a>6</Mod2_a>
			<Mod2_b>-1</Mod2_b>
			<IsPrimaryColourCustom>false</IsPrimaryColourCustom>
			<IsSecondaryColourCustom>false</IsSecondaryColourCustom>
			<tyreSmoke_R>255</tyreSmoke_R>
			<tyreSmoke_G>255</tyreSmoke_G>
			<tyreSmoke_B>255</tyreSmoke_B>
			<LrInterior>0</LrInterior>
			<LrDashboard>0</LrDashboard>
		</Colours>
		<Livery>-1</Livery>
		<NumberPlateText>01BLB493</NumberPlateText>
		<NumberPlateIndex>1</NumberPlateIndex>
		<WheelType>1</WheelType>
		<WheelsInvisible>false</WheelsInvisible>
		<EngineSoundName></EngineSoundName>
		<WindowTint>-1</WindowTint>
		<BulletProofTyres>false</BulletProofTyres>
		<DirtLevel>0.297282398</DirtLevel>
		<PaintFade>0.298039228</PaintFade>
		<RoofState>0</RoofState>
		<SirenActive>false</SirenActive>
		<EngineOn>true</EngineOn>
		<EngineHealth>999.299988</EngineHealth>
		<LightsOn>false</LightsOn>
		<IsRadioLoud>1</IsRadioLoud>
		<LockStatus>1</LockStatus>
		<Neons>
			<Left>false</Left>
			<Right>false</Right>
			<Front>false</Front>
			<Back>false</Back>
			<R>255</R>
			<G>0</G>
			<B>255</B>
		</Neons>
		<ModExtras>
			<_1>false</_1>
			<_10>false</_10>
			<_11>true</_11>
		</ModExtras>
		<Mods>
			<_0>-1,0</_0>
			<_1>-1,0</_1>
			<_2>-1,0</_2>
			<_3>-1,0</_3>
			<_4>1,0</_4>
			<_5>-1,0</_5>
			<_6>0,0</_6>
			<_7>5,0</_7>
			<_8>-1,0</_8>
			<_9>-1,0</_9>
			<_10>2,0</_10>
			<_11>3,0</_11>
			<_12>2,0</_12>
			<_13>2,0</_13>
			<_14>-1,0</_14>
			<_15>-1,0</_15>
			<_16>4,0</_16>
			<_17>false</_17>
			<_18>true</_18>
			<_19>false</_19>
			<_20>false</_20>
			<_21>false</_21>
			<_22>false</_22>
			<_23>-1,0</_23>
			<_24>-1,0</_24>
			<_25>-1,0</_25>
			<_26>-1,0</_26>
			<_27>-1,0</_27>
			<_28>-1,0</_28>
			<_29>-1,0</_29>
			<_30>-1,0</_30>
			<_31>-1,0</_31>
			<_32>-1,0</_32>
			<_33>-1,0</_33>
			<_34>-1,0</_34>
			<_35>-1,0</_35>
			<_36>-1,0</_36>
			<_37>-1,0</_37>
			<_38>-1,0</_38>
			<_39>-1,0</_39>
			<_40>-1,0</_40>
			<_41>-1,0</_41>
			<_42>-1,0</_42>
			<_43>-1,0</_43>
			<_44>-1,0</_44>
			<_45>-1,0</_45>
			<_46>-1,0</_46>
			<_47>-1,0</_47>
			<_48>-1,0</_48>
		</Mods>
		<DoorsOpen>
			<BackLeftDoor>false</BackLeftDoor>
			<BackRightDoor>false</BackRightDoor>
			<FrontLeftDoor>false</FrontLeftDoor>
			<FrontRightDoor>false</FrontRightDoor>
			<Hood>false</Hood>
			<Trunk>false</Trunk>
			<Trunk2>false</Trunk2>
		</DoorsOpen>
		<DoorsBroken>
			<BackLeftDoor>false</BackLeftDoor>
			<BackRightDoor>false</BackRightDoor>
			<FrontLeftDoor>false</FrontLeftDoor>
			<FrontRightDoor>false</FrontRightDoor>
			<Hood>false</Hood>
			<Trunk>false</Trunk>
			<Trunk2>false</Trunk2>
		</DoorsBroken>
		<TyresBursted>
			<FrontLeft>false</FrontLeft>
			<FrontRight>false</FrontRight>
			<_2>false</_2>
			<_3>false</_3>
			<BackLeft>false</BackLeft>
			<BackRight>false</BackRight>
			<_6>false</_6>
			<_7>false</_7>
			<_8>false</_8>
		</TyresBursted>
		<RpmMultiplier>1</RpmMultiplier>
		<TorqueMultiplier>1</TorqueMultiplier>
		<HeadlightIntensity>1</HeadlightIntensity>
	</VehicleProperties>
	<OpacityLevel>255</OpacityLevel>
	<LodDistance>16960</LodDistance>
	<IsVisible>true</IsVisible>
	<IsDriverVisible>true</IsDriverVisible>
	<MaxHealth>1000</MaxHealth>
	<Health>999</Health>
	<HasGravity>true</HasGravity>
	<IsOnFire>false</IsOnFire>
	<IsInvincible>false</IsInvincible>
	<IsBulletProof>false</IsBulletProof>
	<IsExplosionProof>false</IsExplosionProof>
	<IsFireProof>false</IsFireProof>
	<IsMeleeProof>false</IsMeleeProof>
	<IsOnlyDamagedByPlayer>false</IsOnlyDamagedByPlayer>
	<SpoonerAttachments SetAttachmentsPersistentAndAddToSpoonerDatabase="false" StartTaskSequencesOnLoad="true">
		<Attachment>
			<ModelHash>0x13cb151f</ModelHash>
			<Type>3</Type>
			<Dynamic>false</Dynamic>
			<FrozenPos>true</FrozenPos>
			<HashName>hei_prop_hei_shack_window</HashName>
			<InitialHandle>281887</InitialHandle>
			<ObjectProperties>
				<TextureVariation>0</TextureVariation>
			</ObjectProperties>
			<OpacityLevel>255</OpacityLevel>
			<LodDistance>16960</LodDistance>
			<IsVisible>true</IsVisible>
			<MaxHealth>1000</MaxHealth>
			<Health>1000</Health>
			<HasGravity>true</HasGravity>
			<IsOnFire>false</IsOnFire>
			<IsInvincible>false</IsInvincible>
			<IsBulletProof>false</IsBulletProof>
			<IsCollisionProof>false</IsCollisionProof>
			<IsExplosionProof>false</IsExplosionProof>
			<IsFireProof>false</IsFireProof>
			<IsMeleeProof>false</IsMeleeProof>
			<IsOnlyDamagedByPlayer>false</IsOnlyDamagedByPlayer>
			<PositionRotation>
				<X>455.078827</X>
				<Y>3104.78638</Y>
				<Z>41.9532585</Z>
				<Pitch>-1.19128191</Pitch>
				<Roll>2.48852515</Roll>
				<Yaw>-171.038834</Yaw>
			</PositionRotation>
			<Attachment isAttached="true">
				<AttachedTo>249375</AttachedTo>
				<BoneIndex>0</BoneIndex>
				<X>-0.80232954</X>
				<Y>-0.656543314</Y>
				<Z>1.61346936</Z>
				<Pitch>0.419467032</Pitch>
				<Roll>3.82849765</Roll>
				<Yaw>-88.7119064</Yaw>
			</Attachment>
		</Attachment>
		<Attachment>
			<ModelHash>0x13cb151f</ModelHash>
			<Type>3</Type>
			<Dynamic>false</Dynamic>
			<FrozenPos>true</FrozenPos>
			<HashName>hei_prop_hei_shack_window</HashName>
			<InitialHandle>69912</InitialHandle>
			<ObjectProperties>
				<TextureVariation>0</TextureVariation>
			</ObjectProperties>
			<OpacityLevel>255</OpacityLevel>
			<LodDistance>16960</LodDistance>
			<IsVisible>true</IsVisible>
			<MaxHealth>1000</MaxHealth>
			<Health>1000</Health>
			<HasGravity>true</HasGravity>
			<IsOnFire>false</IsOnFire>
			<IsInvincible>false</IsInvincible>
			<IsBulletProof>false</IsBulletProof>
			<IsCollisionProof>false</IsCollisionProof>
			<IsExplosionProof>false</IsExplosionProof>
			<IsFireProof>false</IsFireProof>
			<IsMeleeProof>false</IsMeleeProof>
			<IsOnlyDamagedByPlayer>false</IsOnlyDamagedByPlayer>
			<PositionRotation>
				<X>454.424988</X>
				<Y>3104.69629</Y>
				<Z>41.9742317</Z>
				<Pitch>-1.19128191</Pitch>
				<Roll>2.48852515</Roll>
				<Yaw>-171.038834</Yaw>
			</PositionRotation>
			<Attachment isAttached="true">
				<AttachedTo>249375</AttachedTo>
				<BoneIndex>0</BoneIndex>
				<X>-0.800776005</X>
				<Y>-1.31685328</Y>
				<Z>1.61863697</Z>
				<Pitch>0.419467032</Pitch>
				<Roll>3.82849765</Roll>
				<Yaw>-88.7119064</Yaw>
			</Attachment>
		</Attachment>
		<Attachment>
			<ModelHash>0x13cb151f</ModelHash>
			<Type>3</Type>
			<Dynamic>false</Dynamic>
			<FrozenPos>true</FrozenPos>
			<HashName>hei_prop_hei_shack_window</HashName>
			<InitialHandle>763676</InitialHandle>
			<ObjectProperties>
				<TextureVariation>0</TextureVariation>
			</ObjectProperties>
			<OpacityLevel>255</OpacityLevel>
			<LodDistance>16960</LodDistance>
			<IsVisible>true</IsVisible>
			<MaxHealth>1000</MaxHealth>
			<Health>1000</Health>
			<HasGravity>true</HasGravity>
			<IsOnFire>false</IsOnFire>
			<IsInvincible>false</IsInvincible>
			<IsBulletProof>false</IsBulletProof>
			<IsCollisionProof>false</IsCollisionProof>
			<IsExplosionProof>false</IsExplosionProof>
			<IsFireProof>false</IsFireProof>
			<IsMeleeProof>false</IsMeleeProof>
			<IsOnlyDamagedByPlayer>false</IsOnlyDamagedByPlayer>
			<PositionRotation>
				<X>453.771332</X>
				<Y>3104.60669</Y>
				<Z>41.9952927</Z>
				<Pitch>-1.19128191</Pitch>
				<Roll>2.48852515</Roll>
				<Yaw>-171.038834</Yaw>
			</PositionRotation>
			<Attachment isAttached="true">
				<AttachedTo>249375</AttachedTo>
				<BoneIndex>0</BoneIndex>
				<X>-0.799692869</X>
				<Y>-1.97694838</Y>
				<Z>1.62388718</Z>
				<Pitch>0.419467032</Pitch>
				<Roll>3.82849765</Roll>
				<Yaw>-88.7119064</Yaw>
			</Attachment>
		</Attachment>
		<Attachment>
			<ModelHash>0x13cb151f</ModelHash>
			<Type>3</Type>
			<Dynamic>false</Dynamic>
			<FrozenPos>true</FrozenPos>
			<HashName>hei_prop_hei_shack_window</HashName>
			<InitialHandle>147739</InitialHandle>
			<ObjectProperties>
				<TextureVariation>0</TextureVariation>
			</ObjectProperties>
			<OpacityLevel>255</OpacityLevel>
			<LodDistance>16960</LodDistance>
			<IsVisible>true</IsVisible>
			<MaxHealth>1000</MaxHealth>
			<Health>1000</Health>
			<HasGravity>true</HasGravity>
			<IsOnFire>false</IsOnFire>
			<IsInvincible>false</IsInvincible>
			<IsBulletProof>false</IsBulletProof>
			<IsCollisionProof>false</IsCollisionProof>
			<IsExplosionProof>false</IsExplosionProof>
			<IsFireProof>false</IsFireProof>
			<IsMeleeProof>false</IsMeleeProof>
			<IsOnlyDamagedByPlayer>false</IsOnlyDamagedByPlayer>
			<PositionRotation>
				<X>455.277344</X>
				<Y>3103.11719</Y>
				<Z>41.9858131</Z>
				<Pitch>2.00784683</Pitch>
				<Roll>5.19519043</Roll>
				<Yaw>8.00396729</Yaw>
			</PositionRotation>
			<Attachment isAttached="true">
				<AttachedTo>249375</AttachedTo>
				<BoneIndex>0</BoneIndex>
				<X>0.876841247</X>
				<Y>-0.684253693</Y>
				<Z>1.69171548</Z>
				<Pitch>0.419467032</Pitch>
				<Roll>3.82849765</Roll>
				<Yaw>90.3508377</Yaw>
			</Attachment>
		</Attachment>
		<Attachment>
			<ModelHash>0x13cb151f</ModelHash>
			<Type>3</Type>
			<Dynamic>false</Dynamic>
			<FrozenPos>true</FrozenPos>
			<HashName>hei_prop_hei_shack_window</HashName>
			<InitialHandle>528161</InitialHandle>
			<ObjectProperties>
				<TextureVariation>0</TextureVariation>
			</ObjectProperties>
			<OpacityLevel>255</OpacityLevel>
			<LodDistance>16960</LodDistance>
			<IsVisible>true</IsVisible>
			<MaxHealth>1000</MaxHealth>
			<Health>1000</Health>
			<HasGravity>true</HasGravity>
			<IsOnFire>false</IsOnFire>
			<IsInvincible>false</IsInvincible>
			<IsBulletProof>false</IsBulletProof>
			<IsCollisionProof>false</IsCollisionProof>
			<IsExplosionProof>false</IsExplosionProof>
			<IsFireProof>false</IsFireProof>
			<IsMeleeProof>false</IsMeleeProof>
			<IsOnlyDamagedByPlayer>false</IsOnlyDamagedByPlayer>
			<PositionRotation>
				<X>454.950409</X>
				<Y>3103.07202</Y>
				<Z>41.990181</Z>
				<Pitch>2.00784683</Pitch>
				<Roll>5.19519043</Roll>
				<Yaw>8.00396729</Yaw>
			</PositionRotation>
			<Attachment isAttached="true">
				<AttachedTo>249375</AttachedTo>
				<BoneIndex>0</BoneIndex>
				<X>0.877947509</X>
				<Y>-1.01432192</Y>
				<Z>1.68818724</Z>
				<Pitch>0.419467032</Pitch>
				<Roll>3.82849765</Roll>
				<Yaw>90.3508377</Yaw>
			</Attachment>
		</Attachment>
		<Attachment>
			<ModelHash>0x13cb151f</ModelHash>
			<Type>3</Type>
			<Dynamic>false</Dynamic>
			<FrozenPos>true</FrozenPos>
			<HashName>hei_prop_hei_shack_window</HashName>
			<InitialHandle>113181</InitialHandle>
			<ObjectProperties>
				<TextureVariation>0</TextureVariation>
			</ObjectProperties>
			<OpacityLevel>255</OpacityLevel>
			<LodDistance>16960</LodDistance>
			<IsVisible>true</IsVisible>
			<MaxHealth>1000</MaxHealth>
			<Health>1000</Health>
			<HasGravity>true</HasGravity>
			<IsOnFire>false</IsOnFire>
			<IsInvincible>false</IsInvincible>
			<IsBulletProof>false</IsBulletProof>
			<IsCollisionProof>false</IsCollisionProof>
			<IsExplosionProof>false</IsExplosionProof>
			<IsFireProof>false</IsFireProof>
			<IsMeleeProof>false</IsMeleeProof>
			<IsOnlyDamagedByPlayer>false</IsOnlyDamagedByPlayer>
			<PositionRotation>
				<X>454.296631</X>
				<Y>3102.98218</Y>
				<Z>41.99897</Z>
				<Pitch>2.00784683</Pitch>
				<Roll>5.19519043</Roll>
				<Yaw>8.00396729</Yaw>
			</PositionRotation>
			<Attachment isAttached="true">
				<AttachedTo>249375</AttachedTo>
				<BoneIndex>0</BoneIndex>
				<X>0.879685104</X>
				<Y>-1.67427337</Y>
				<Z>1.68117535</Z>
				<Pitch>0.419467032</Pitch>
				<Roll>3.82849765</Roll>
				<Yaw>90.3508377</Yaw>
			</Attachment>
		</Attachment>
		<Attachment>
			<ModelHash>0x13cb151f</ModelHash>
			<Type>3</Type>
			<Dynamic>false</Dynamic>
			<FrozenPos>true</FrozenPos>
			<HashName>hei_prop_hei_shack_window</HashName>
			<InitialHandle>348177</InitialHandle>
			<ObjectProperties>
				<TextureVariation>0</TextureVariation>
			</ObjectProperties>
			<OpacityLevel>255</OpacityLevel>
			<LodDistance>16960</LodDistance>
			<IsVisible>true</IsVisible>
			<MaxHealth>1000</MaxHealth>
			<Health>1000</Health>
			<HasGravity>true</HasGravity>
			<IsOnFire>false</IsOnFire>
			<IsInvincible>false</IsInvincible>
			<IsBulletProof>false</IsBulletProof>
			<IsCollisionProof>false</IsCollisionProof>
			<IsExplosionProof>false</IsExplosionProof>
			<IsFireProof>false</IsFireProof>
			<IsMeleeProof>false</IsMeleeProof>
			<IsOnlyDamagedByPlayer>false</IsOnlyDamagedByPlayer>
			<PositionRotation>
				<X>453.969696</X>
				<Y>3102.93701</Y>
				<Z>42.0033684</Z>
				<Pitch>2.00784683</Pitch>
				<Roll>5.19519043</Roll>
				<Yaw>8.00396729</Yaw>
			</PositionRotation>
			<Attachment isAttached="true">
				<AttachedTo>249375</AttachedTo>
				<BoneIndex>0</BoneIndex>
				<X>0.880551219</X>
				<Y>-2.00429487</Y>
				<Z>1.67767501</Z>
				<Pitch>0.419467032</Pitch>
				<Roll>3.82849765</Roll>
				<Yaw>90.3508377</Yaw>
			</Attachment>
		</Attachment>
		<Attachment>
			<ModelHash>0x371e6eda</ModelHash>
			<Type>3</Type>
			<Dynamic>false</Dynamic>
			<FrozenPos>true</FrozenPos>
			<HashName>hei_prop_heist_thermite_case</HashName>
			<InitialHandle>418331</InitialHandle>
			<ObjectProperties>
				<TextureVariation>0</TextureVariation>
			</ObjectProperties>
			<OpacityLevel>255</OpacityLevel>
			<LodDistance>16960</LodDistance>
			<IsVisible>true</IsVisible>
			<MaxHealth>1000</MaxHealth>
			<Health>1000</Health>
			<HasGravity>true</HasGravity>
			<IsOnFire>false</IsOnFire>
			<IsInvincible>false</IsInvincible>
			<IsBulletProof>false</IsBulletProof>
			<IsCollisionProof>false</IsCollisionProof>
			<IsExplosionProof>false</IsExplosionProof>
			<IsFireProof>false</IsFireProof>
			<IsMeleeProof>false</IsMeleeProof>
			<IsOnlyDamagedByPlayer>false</IsOnlyDamagedByPlayer>
			<PositionRotation>
				<X>455.145325</X>
				<Y>3104.34204</Y>
				<Z>40.9079208</Z>
				<Pitch>-1.04662764</Pitch>
				<Roll>5.32535887</Roll>
				<Yaw>-85.6748734</Yaw>
			</PositionRotation>
			<Attachment isAttached="true">
				<AttachedTo>249375</AttachedTo>
				<BoneIndex>0</BoneIndex>
				<X>-0.324365377</X>
				<Y>-0.625089586</Y>
				<Z>0.58137852</Z>
				<Pitch>0.419467032</Pitch>
				<Roll>3.82849765</Roll>
				<Yaw>-3.36515045</Yaw>
			</Attachment>
		</Attachment>
		<Attachment>
			<ModelHash>0x371e6eda</ModelHash>
			<Type>3</Type>
			<Dynamic>false</Dynamic>
			<FrozenPos>true</FrozenPos>
			<HashName>hei_prop_heist_thermite_case</HashName>
			<InitialHandle>410654</InitialHandle>
			<ObjectProperties>
				<TextureVariation>0</TextureVariation>
			</ObjectProperties>
			<OpacityLevel>255</OpacityLevel>
			<LodDistance>16960</LodDistance>
			<IsVisible>true</IsVisible>
			<MaxHealth>1000</MaxHealth>
			<Health>1000</Health>
			<HasGravity>true</HasGravity>
			<IsOnFire>false</IsOnFire>
			<IsInvincible>false</IsInvincible>
			<IsBulletProof>false</IsBulletProof>
			<IsCollisionProof>false</IsCollisionProof>
			<IsExplosionProof>false</IsExplosionProof>
			<IsFireProof>false</IsFireProof>
			<IsMeleeProof>false</IsMeleeProof>
			<IsOnlyDamagedByPlayer>false</IsOnlyDamagedByPlayer>
			<PositionRotation>
				<X>455.127045</X>
				<Y>3104.32446</Y>
				<Z>41.0475044</Z>
				<Pitch>-1.05114532</Pitch>
				<Roll>5.32092142</Roll>
				<Yaw>-85.8480453</Yaw>
			</PositionRotation>
			<Attachment isAttached="true">
				<AttachedTo>249375</AttachedTo>
				<BoneIndex>0</BoneIndex>
				<X>-0.313380063</X>
				<Y>-0.648889184</Y>
				<Z>0.720785022</Z>
				<Pitch>0.419467032</Pitch>
				<Roll>3.82849765</Roll>
				<Yaw>-3.5383606</Yaw>
			</Attachment>
		</Attachment>
		<Attachment>
			<ModelHash>0x371e6eda</ModelHash>
			<Type>3</Type>
			<Dynamic>false</Dynamic>
			<FrozenPos>true</FrozenPos>
			<HashName>hei_prop_heist_thermite_case</HashName>
			<InitialHandle>685337</InitialHandle>
			<ObjectProperties>
				<TextureVariation>0</TextureVariation>
			</ObjectProperties>
			<OpacityLevel>255</OpacityLevel>
			<LodDistance>16960</LodDistance>
			<IsVisible>true</IsVisible>
			<MaxHealth>1000</MaxHealth>
			<Health>1000</Health>
			<HasGravity>true</HasGravity>
			<IsOnFire>false</IsOnFire>
			<IsInvincible>false</IsInvincible>
			<IsBulletProof>false</IsBulletProof>
			<IsCollisionProof>false</IsCollisionProof>
			<IsExplosionProof>false</IsExplosionProof>
			<IsFireProof>false</IsFireProof>
			<IsMeleeProof>false</IsMeleeProof>
			<IsOnlyDamagedByPlayer>false</IsOnlyDamagedByPlayer>
			<PositionRotation>
				<X>455.086823</X>
				<Y>3104.30371</Y>
				<Z>41.1874123</Z>
				<Pitch>-1.06014061</Pitch>
				<Roll>5.31200457</Roll>
				<Yaw>-86.194397</Yaw>
			</PositionRotation>
			<Attachment isAttached="true">
				<AttachedTo>249375</AttachedTo>
				<BoneIndex>0</BoneIndex>
				<X>-0.301939338</X>
				<Y>-0.694894552</Y>
				<Z>0.859998167</Z>
				<Pitch>0.419467032</Pitch>
				<Roll>3.82849765</Roll>
				<Yaw>-3.88477325</Yaw>
			</Attachment>
		</Attachment>
		<Attachment>
			<ModelHash>0x45c35f6a</ModelHash>
			<Type>3</Type>
			<Dynamic>false</Dynamic>
			<FrozenPos>true</FrozenPos>
			<HashName>prop_dock_shippad</HashName>
			<InitialHandle>287006</InitialHandle>
			<ObjectProperties>
				<TextureVariation>0</TextureVariation>
			</ObjectProperties>
			<OpacityLevel>255</OpacityLevel>
			<LodDistance>16960</LodDistance>
			<IsVisible>true</IsVisible>
			<MaxHealth>1000</MaxHealth>
			<Health>1000</Health>
			<HasGravity>true</HasGravity>
			<IsOnFire>false</IsOnFire>
			<IsInvincible>false</IsInvincible>
			<IsBulletProof>false</IsBulletProof>
			<IsCollisionProof>false</IsCollisionProof>
			<IsExplosionProof>false</IsExplosionProof>
			<IsFireProof>false</IsFireProof>
			<IsMeleeProof>false</IsMeleeProof>
			<IsOnlyDamagedByPlayer>false</IsOnlyDamagedByPlayer>
			<PositionRotation>
				<X>458.194214</X>
				<Y>3104.08057</Y>
				<Z>40.1482582</Z>
				<Pitch>-10.7472782</Pitch>
				<Roll>2.79265213</Roll>
				<Yaw>77.5795593</Yaw>
			</PositionRotation>
			<Attachment isAttached="true">
				<AttachedTo>249375</AttachedTo>
				<BoneIndex>0</BoneIndex>
				<X>0.361915767</X>
				<Y>2.3786397</Y>
				<Z>-0.0877011269</Z>
				<Pitch>-12.580534</Pitch>
				<Roll>3.82849836</Roll>
				<Yaw>160.106949</Yaw>
			</Attachment>
		</Attachment>
		<Attachment>
			<ModelHash>0x45c35f6a</ModelHash>
			<Type>3</Type>
			<Dynamic>false</Dynamic>
			<FrozenPos>true</FrozenPos>
			<HashName>prop_dock_shippad</HashName>
			<InitialHandle>136483</InitialHandle>
			<ObjectProperties>
				<TextureVariation>0</TextureVariation>
			</ObjectProperties>
			<OpacityLevel>255</OpacityLevel>
			<LodDistance>16960</LodDistance>
			<IsVisible>true</IsVisible>
			<MaxHealth>1000</MaxHealth>
			<Health>1000</Health>
			<HasGravity>true</HasGravity>
			<IsOnFire>false</IsOnFire>
			<IsInvincible>false</IsInvincible>
			<IsBulletProof>false</IsBulletProof>
			<IsCollisionProof>false</IsCollisionProof>
			<IsExplosionProof>false</IsExplosionProof>
			<IsFireProof>false</IsFireProof>
			<IsMeleeProof>false</IsMeleeProof>
			<IsOnlyDamagedByPlayer>false</IsOnlyDamagedByPlayer>
			<PositionRotation>
				<X>458.069855</X>
				<Y>3104.84009</Y>
				<Z>40.0725021</Z>
				<Pitch>-14.2287216</Pitch>
				<Roll>1.69600081</Roll>
				<Yaw>128.793549</Yaw>
			</PositionRotation>
			<Attachment isAttached="true">
				<AttachedTo>249375</AttachedTo>
				<BoneIndex>0</BoneIndex>
				<X>-0.404888213</X>
				<Y>2.35899186</Y>
				<Z>-0.185140982</Z>
				<Pitch>-14.580533</Pitch>
				<Roll>3.82849813</Roll>
				<Yaw>211.642029</Yaw>
			</Attachment>
		</Attachment>
		<Attachment>
			<ModelHash>0xe19a6ca0</ModelHash>
			<Type>3</Type>
			<Dynamic>false</Dynamic>
			<FrozenPos>true</FrozenPos>
			<HashName>prop_medstation_01</HashName>
			<InitialHandle>602917</InitialHandle>
			<ObjectProperties>
				<TextureVariation>0</TextureVariation>
			</ObjectProperties>
			<OpacityLevel>255</OpacityLevel>
			<LodDistance>16960</LodDistance>
			<IsVisible>true</IsVisible>
			<MaxHealth>1000</MaxHealth>
			<Health>1000</Health>
			<HasGravity>true</HasGravity>
			<IsOnFire>false</IsOnFire>
			<IsInvincible>false</IsInvincible>
			<IsBulletProof>false</IsBulletProof>
			<IsCollisionProof>false</IsCollisionProof>
			<IsExplosionProof>false</IsExplosionProof>
			<IsFireProof>false</IsFireProof>
			<IsMeleeProof>false</IsMeleeProof>
			<IsOnlyDamagedByPlayer>false</IsOnlyDamagedByPlayer>
			<PositionRotation>
				<X>455.514526</X>
				<Y>3103.82617</Y>
				<Z>41.1615334</Z>
				<Pitch>-0.913935721</Pitch>
				<Roll>5.44467878</Roll>
				<Yaw>-80.7939148</Yaw>
			</PositionRotation>
			<Attachment isAttached="true">
				<AttachedTo>249375</AttachedTo>
				<BoneIndex>0</BoneIndex>
				<X>0.228799641</X>
				<Y>-0.334520847</Y>
				<Z>0.857402623</Z>
				<Pitch>0.419467032</Pitch>
				<Roll>3.82849765</Roll>
				<Yaw>1.51702881</Yaw>
			</Attachment>
		</Attachment>
		<Attachment>
			<ModelHash>0xbb55760a</ModelHash>
			<Type>3</Type>
			<Dynamic>false</Dynamic>
			<FrozenPos>true</FrozenPos>
			<HashName>prop_tool_fireaxe</HashName>
			<InitialHandle>163110</InitialHandle>
			<ObjectProperties>
				<TextureVariation>0</TextureVariation>
			</ObjectProperties>
			<OpacityLevel>255</OpacityLevel>
			<LodDistance>16960</LodDistance>
			<IsVisible>true</IsVisible>
			<MaxHealth>1000</MaxHealth>
			<Health>1000</Health>
			<HasGravity>true</HasGravity>
			<IsOnFire>false</IsOnFire>
			<IsInvincible>false</IsInvincible>
			<IsBulletProof>false</IsBulletProof>
			<IsCollisionProof>false</IsCollisionProof>
			<IsExplosionProof>false</IsExplosionProof>
			<IsFireProof>false</IsFireProof>
			<IsMeleeProof>false</IsMeleeProof>
			<IsOnlyDamagedByPlayer>false</IsOnlyDamagedByPlayer>
			<PositionRotation>
				<X>454.445801</X>
				<Y>3103.50171</Y>
				<Z>40.8547783</Z>
				<Pitch>-80.6492538</Pitch>
				<Roll>14.3555307</Roll>
				<Yaw>-66.6174927</Yaw>
			</PositionRotation>
			<Attachment isAttached="true">
				<AttachedTo>249375</AttachedTo>
				<BoneIndex>0</BoneIndex>
				<X>0.416300863</X>
				<Y>-1.42941952</Y>
				<Z>0.529314399</Z>
				<Pitch>-79.5805435</Pitch>
				<Roll>3.82849646</Roll>
				<Yaw>5.32836151</Yaw>
			</Attachment>
		</Attachment>
		<Attachment>
			<ModelHash>0x8b02bba6</ModelHash>
			<Type>3</Type>
			<Dynamic>false</Dynamic>
			<FrozenPos>true</FrozenPos>
			<HashName>hei_prop_hei_ammo_single</HashName>
			<InitialHandle>395047</InitialHandle>
			<ObjectProperties>
				<TextureVariation>0</TextureVariation>
			</ObjectProperties>
			<OpacityLevel>255</OpacityLevel>
			<LodDistance>16960</LodDistance>
			<IsVisible>true</IsVisible>
			<MaxHealth>1000</MaxHealth>
			<Health>1000</Health>
			<HasGravity>true</HasGravity>
			<IsOnFire>false</IsOnFire>
			<IsInvincible>false</IsInvincible>
			<IsBulletProof>false</IsBulletProof>
			<IsCollisionProof>false</IsCollisionProof>
			<IsExplosionProof>false</IsExplosionProof>
			<IsFireProof>false</IsFireProof>
			<IsMeleeProof>false</IsMeleeProof>
			<IsOnlyDamagedByPlayer>false</IsOnlyDamagedByPlayer>
			<PositionRotation>
				<X>454.397797</X>
				<Y>3104.17139</Y>
				<Z>41.0410118</Z>
				<Pitch>-1.15996599</Pitch>
				<Roll>2.45175123</Roll>
				<Yaw>-172.359741</Yaw>
			</PositionRotation>
			<Attachment isAttached="true">
				<AttachedTo>249375</AttachedTo>
				<BoneIndex>0</BoneIndex>
				<X>-0.258687973</X>
				<Y>-1.39171052</Y>
				<Z>0.697952628</Z>
				<Pitch>0.419467032</Pitch>
				<Roll>3.82849765</Roll>
				<Yaw>-90.0329361</Yaw>
			</Attachment>
		</Attachment>
		<Attachment>
			<ModelHash>0xe6b2872f</ModelHash>
			<Type>3</Type>
			<Dynamic>false</Dynamic>
			<FrozenPos>true</FrozenPos>
			<HashName>prop_tool_box_05</HashName>
			<InitialHandle>523296</InitialHandle>
			<ObjectProperties>
				<TextureVariation>0</TextureVariation>
			</ObjectProperties>
			<OpacityLevel>255</OpacityLevel>
			<LodDistance>16960</LodDistance>
			<IsVisible>true</IsVisible>
			<MaxHealth>1000</MaxHealth>
			<Health>1000</Health>
			<HasGravity>true</HasGravity>
			<IsOnFire>false</IsOnFire>
			<IsInvincible>false</IsInvincible>
			<IsBulletProof>false</IsBulletProof>
			<IsCollisionProof>false</IsCollisionProof>
			<IsExplosionProof>false</IsExplosionProof>
			<IsFireProof>false</IsFireProof>
			<IsMeleeProof>false</IsMeleeProof>
			<IsOnlyDamagedByPlayer>false</IsOnlyDamagedByPlayer>
			<PositionRotation>
				<X>453.98645</X>
				<Y>3103.58203</Y>
				<Z>40.8482704</Z>
				<Pitch>-1.14741051</Pitch>
				<Roll>2.4374783</Roll>
				<Yaw>-172.879593</Yaw>
			</PositionRotation>
			<Attachment isAttached="true">
				<AttachedTo>249375</AttachedTo>
				<BoneIndex>0</BoneIndex>
				<X>0.275629461</X>
				<Y>-1.87356949</Y>
				<Z>0.508250773</Z>
				<Pitch>0.419467032</Pitch>
				<Roll>3.82849765</Roll>
				<Yaw>-90.5528336</Yaw>
			</Attachment>
		</Attachment>
		<Attachment>
			<ModelHash>0x0ec688eb</ModelHash>
			<Type>3</Type>
			<Dynamic>false</Dynamic>
			<FrozenPos>true</FrozenPos>
			<HashName>prop_drop_crate_01</HashName>
			<InitialHandle>690470</InitialHandle>
			<ObjectProperties>
				<TextureVariation>0</TextureVariation>
			</ObjectProperties>
			<OpacityLevel>255</OpacityLevel>
			<LodDistance>16960</LodDistance>
			<IsVisible>true</IsVisible>
			<MaxHealth>1000</MaxHealth>
			<Health>1000</Health>
			<HasGravity>true</HasGravity>
			<IsOnFire>false</IsOnFire>
			<IsInvincible>false</IsInvincible>
			<IsBulletProof>false</IsBulletProof>
			<IsCollisionProof>false</IsCollisionProof>
			<IsExplosionProof>false</IsExplosionProof>
			<IsFireProof>false</IsFireProof>
			<IsMeleeProof>false</IsMeleeProof>
			<IsOnlyDamagedByPlayer>false</IsOnlyDamagedByPlayer>
			<PositionRotation>
				<X>454.03363</X>
				<Y>3103.58887</Y>
				<Z>41.6634598</Z>
				<Pitch>-1.24412429</Pitch>
				<Roll>2.55472255</Roll>
				<Yaw>-168.722336</Yaw>
			</PositionRotation>
			<Attachment isAttached="true">
				<AttachedTo>249375</AttachedTo>
				<BoneIndex>0</BoneIndex>
				<X>0.252807617</X>
				<Y>-1.84549057</Y>
				<Z>1.32403255</Z>
				<Pitch>0.419467032</Pitch>
				<Roll>3.82849765</Roll>
				<Yaw>-86.395256</Yaw>
			</Attachment>
		</Attachment>
		<Attachment>
			<ModelHash>0x34e9239f</ModelHash>
			<Type>3</Type>
			<Dynamic>false</Dynamic>
			<FrozenPos>true</FrozenPos>
			<HashName>prop_tool_box_01</HashName>
			<InitialHandle>644391</InitialHandle>
			<ObjectProperties>
				<TextureVariation>0</TextureVariation>
			</ObjectProperties>
			<OpacityLevel>255</OpacityLevel>
			<LodDistance>16960</LodDistance>
			<IsVisible>true</IsVisible>
			<MaxHealth>1000</MaxHealth>
			<Health>1000</Health>
			<HasGravity>true</HasGravity>
			<IsOnFire>false</IsOnFire>
			<IsInvincible>false</IsInvincible>
			<IsBulletProof>false</IsBulletProof>
			<IsCollisionProof>false</IsCollisionProof>
			<IsExplosionProof>false</IsExplosionProof>
			<IsFireProof>false</IsFireProof>
			<IsMeleeProof>false</IsMeleeProof>
			<IsOnlyDamagedByPlayer>false</IsOnlyDamagedByPlayer>
			<PositionRotation>
				<X>454.332825</X>
				<Y>3104.14624</Y>
				<Z>41.2315941</Z>
				<Pitch>3.10235977</Pitch>
				<Roll>5.8814497</Roll>
				<Yaw>-172.747116</Yaw>
			</PositionRotation>
			<Attachment isAttached="true">
				<AttachedTo>249375</AttachedTo>
				<BoneIndex>0</BoneIndex>
				<X>-0.247605026</X>
				<Y>-1.46404624</Y>
				<Z>0.887231231</Z>
				<Pitch>4.6711998</Pitch>
				<Roll>7.27342892</Roll>
				<Yaw>-90.5235519</Yaw>
			</Attachment>
		</Attachment>
		<Attachment>
			<ModelHash>0xcaec9bd1</ModelHash>
			<Type>3</Type>
			<Dynamic>false</Dynamic>
			<FrozenPos>true</FrozenPos>
			<HashName>prop_stockade_wheel</HashName>
			<InitialHandle>713760</InitialHandle>
			<ObjectProperties>
				<TextureVariation>0</TextureVariation>
			</ObjectProperties>
			<OpacityLevel>255</OpacityLevel>
			<LodDistance>16960</LodDistance>
			<IsVisible>true</IsVisible>
			<MaxHealth>1000</MaxHealth>
			<Health>1000</Health>
			<HasGravity>true</HasGravity>
			<IsOnFire>false</IsOnFire>
			<IsInvincible>false</IsInvincible>
			<IsBulletProof>false</IsBulletProof>
			<IsCollisionProof>false</IsCollisionProof>
			<IsExplosionProof>false</IsExplosionProof>
			<IsFireProof>false</IsFireProof>
			<IsMeleeProof>false</IsMeleeProof>
			<IsOnlyDamagedByPlayer>false</IsOnlyDamagedByPlayer>
			<PositionRotation>
				<X>456.175018</X>
				<Y>3104.03052</Y>
				<Z>41.9572487</Z>
				<Pitch>-1.12191737</Pitch>
				<Roll>88.4092407</Roll>
				<Yaw>-173.919174</Yaw>
			</PositionRotation>
			<Attachment isAttached="true">
				<AttachedTo>249375</AttachedTo>
				<BoneIndex>0</BoneIndex>
				<X>0.0924283937</X>
				<Y>0.32811895</Y>
				<Z>1.66580641</Z>
				<Pitch>0.419467926</Pitch>
				<Roll>89.8284607</Roll>
				<Yaw>-91.5925674</Yaw>
			</Attachment>
		</Attachment>
		<Attachment>
			<ModelHash>0xbdc1dc1d</ModelHash>
			<Type>3</Type>
			<Dynamic>false</Dynamic>
			<FrozenPos>true</FrozenPos>
			<HashName>prop_cs_dumpster_lidl</HashName>
			<InitialHandle>489767</InitialHandle>
			<ObjectProperties>
				<TextureVariation>0</TextureVariation>
			</ObjectProperties>
			<OpacityLevel>255</OpacityLevel>
			<LodDistance>16960</LodDistance>
			<IsVisible>true</IsVisible>
			<MaxHealth>1000</MaxHealth>
			<Health>1000</Health>
			<HasGravity>true</HasGravity>
			<IsOnFire>false</IsOnFire>
			<IsInvincible>false</IsInvincible>
			<IsBulletProof>false</IsBulletProof>
			<IsCollisionProof>false</IsCollisionProof>
			<IsExplosionProof>false</IsExplosionProof>
			<IsFireProof>false</IsFireProof>
			<IsMeleeProof>false</IsMeleeProof>
			<IsOnlyDamagedByPlayer>false</IsOnlyDamagedByPlayer>
			<PositionRotation>
				<X>456.688904</X>
				<Y>3103.89404</Y>
				<Z>41.6979637</Z>
				<Pitch>57.0467949</Pitch>
				<Roll>1.45346916</Roll>
				<Yaw>88.7644577</Yaw>
			</PositionRotation>
			<Attachment isAttached="true">
				<AttachedTo>249375</AttachedTo>
				<BoneIndex>0</BoneIndex>
				<X>0.303306162</X>
				<Y>0.825137198</Y>
				<Z>1.42410636</Z>
				<Pitch>55.4194298</Pitch>
				<Roll>3.82849693</Roll>
				<Yaw>169.107727</Yaw>
			</Attachment>
		</Attachment>
		<Attachment>
			<ModelHash>0x4b6e534b</ModelHash>
			<Type>3</Type>
			<Dynamic>false</Dynamic>
			<FrozenPos>true</FrozenPos>
			<HashName>prop_keg_01</HashName>
			<InitialHandle>99355</InitialHandle>
			<ObjectProperties>
				<TextureVariation>0</TextureVariation>
			</ObjectProperties>
			<OpacityLevel>255</OpacityLevel>
			<LodDistance>16960</LodDistance>
			<IsVisible>true</IsVisible>
			<MaxHealth>1000</MaxHealth>
			<Health>1000</Health>
			<HasGravity>true</HasGravity>
			<IsOnFire>false</IsOnFire>
			<IsInvincible>false</IsInvincible>
			<IsBulletProof>false</IsBulletProof>
			<IsCollisionProof>false</IsCollisionProof>
			<IsExplosionProof>false</IsExplosionProof>
			<IsFireProof>false</IsFireProof>
			<IsMeleeProof>false</IsMeleeProof>
			<IsOnlyDamagedByPlayer>false</IsOnlyDamagedByPlayer>
			<PositionRotation>
				<X>454.034485</X>
				<Y>3103.49219</Y>
				<Z>42.2975311</Z>
				<Pitch>-1.37097561</Pitch>
				<Roll>2.74022746</Roll>
				<Yaw>-162.573471</Yaw>
			</PositionRotation>
			<Attachment isAttached="true">
				<AttachedTo>249375</AttachedTo>
				<BoneIndex>0</BoneIndex>
				<X>0.331121594</X>
				<Y>-1.87281728</Y>
				<Z>1.96003175</Z>
				<Pitch>0.419467032</Pitch>
				<Roll>3.82849765</Roll>
				<Yaw>-80.2465286</Yaw>
			</Attachment>
		</Attachment>
	</SpoonerAttachments>
</Vehicle>
