<?xml version="1.0" encoding="ISO-8859-1"?>
<Vehicle menyoo_ver="0.9998744b">
	<ModelHash>0x2ea68690</ModelHash>
	<InitialHandle>718851</InitialHandle>
	<VehicleProperties>
		<Colours>
			<Primary>131</Primary>
			<Secondary>132</Secondary>
			<Pearl>132</Pearl>
			<Rim>156</Rim>
			<Mod1_a>0</Mod1_a>
			<Mod1_b>1</Mod1_b>
			<Mod1_c>7602259</Mod1_c>
			<Mod2_a>7209057</Mod2_a>
			<Mod2_b>6357092</Mod2_b>
			<IsPrimaryColourCustom>false</IsPrimaryColourCustom>
			<IsSecondaryColourCustom>false</IsSecondaryColourCustom>
			<tyreSmoke_R>255</tyreSmoke_R>
			<tyreSmoke_G>255</tyreSmoke_G>
			<tyreSmoke_B>255</tyreSmoke_B>
			<LrInterior>0</LrInterior>
			<LrDashboard>0</LrDashboard>
		</Colours>
		<Livery>-1</Livery>
		<NumberPlateText>81GWA220</NumberPlateText>
		<NumberPlateIndex>4</NumberPlateIndex>
		<WheelType>0</WheelType>
		<WheelsInvisible>false</WheelsInvisible>
		<EngineSoundName></EngineSoundName>
		<WindowTint>-1</WindowTint>
		<BulletProofTyres>true</BulletProofTyres>
		<DirtLevel>0.674162328</DirtLevel>
		<PaintFade>0.298039228</PaintFade>
		<RoofState>0</RoofState>
		<SirenActive>false</SirenActive>
		<EngineOn>true</EngineOn>
		<EngineHealth>1000</EngineHealth>
		<LightsOn>false</LightsOn>
		<IsRadioLoud>0</IsRadioLoud>
		<LockStatus>1</LockStatus>
		<Neons>
			<Left>false</Left>
			<Right>false</Right>
			<Front>false</Front>
			<Back>false</Back>
			<R>255</R>
			<G>0</G>
			<B>255</B>
		</Neons>
		<ModExtras>
			<_1>true</_1>
			<_2>true</_2>
			<_3>true</_3>
			<_4>true</_4>
			<_5>true</_5>
			<_6>true</_6>
			<_7>true</_7>
			<_8>true</_8>
			<_9>true</_9>
		</ModExtras>
		<Mods>
			<_0>-1,0</_0>
			<_1>-1,0</_1>
			<_2>-1,0</_2>
			<_3>-1,0</_3>
			<_4>-1,0</_4>
			<_5>-1,0</_5>
			<_6>-1,0</_6>
			<_7>-1,0</_7>
			<_8>-1,0</_8>
			<_9>-1,0</_9>
			<_10>-1,0</_10>
			<_11>-1,0</_11>
			<_12>-1,0</_12>
			<_13>-1,0</_13>
			<_14>-1,0</_14>
			<_15>-1,0</_15>
			<_16>-1,0</_16>
			<_17>false</_17>
			<_18>false</_18>
			<_19>false</_19>
			<_20>false</_20>
			<_21>false</_21>
			<_22>false</_22>
			<_23>-1,0</_23>
			<_24>-1,0</_24>
			<_25>-1,0</_25>
			<_26>-1,0</_26>
			<_27>-1,0</_27>
			<_28>-1,0</_28>
			<_29>-1,0</_29>
			<_30>-1,0</_30>
			<_31>-1,0</_31>
			<_32>-1,0</_32>
			<_33>-1,0</_33>
			<_34>-1,0</_34>
			<_35>-1,0</_35>
			<_36>-1,0</_36>
			<_37>-1,0</_37>
			<_38>-1,0</_38>
			<_39>-1,0</_39>
			<_40>-1,0</_40>
			<_41>-1,0</_41>
			<_42>-1,0</_42>
			<_43>-1,0</_43>
			<_44>-1,0</_44>
			<_45>-1,0</_45>
			<_46>-1,0</_46>
			<_47>-1,0</_47>
			<_48>-1,0</_48>
		</Mods>
		<DoorsOpen>
			<BackLeftDoor>false</BackLeftDoor>
			<BackRightDoor>false</BackRightDoor>
			<FrontLeftDoor>false</FrontLeftDoor>
			<FrontRightDoor>false</FrontRightDoor>
			<Hood>false</Hood>
			<Trunk>false</Trunk>
			<Trunk2>false</Trunk2>
		</DoorsOpen>
		<DoorsBroken>
			<BackLeftDoor>false</BackLeftDoor>
			<BackRightDoor>false</BackRightDoor>
			<FrontLeftDoor>false</FrontLeftDoor>
			<FrontRightDoor>false</FrontRightDoor>
			<Hood>false</Hood>
			<Trunk>false</Trunk>
			<Trunk2>false</Trunk2>
		</DoorsBroken>
		<TyresBursted>
			<FrontLeft>false</FrontLeft>
			<FrontRight>false</FrontRight>
			<_2>false</_2>
			<_3>false</_3>
			<BackLeft>false</BackLeft>
			<BackRight>false</BackRight>
			<_6>false</_6>
			<_7>false</_7>
			<_8>false</_8>
		</TyresBursted>
	</VehicleProperties>
	<OpacityLevel>255</OpacityLevel>
	<LodDistance>16960</LodDistance>
	<IsVisible>true</IsVisible>
	<IsDriverVisible>true</IsDriverVisible>
	<MaxHealth>1000</MaxHealth>
	<Health>1000</Health>
	<HasGravity>true</HasGravity>
	<IsOnFire>false</IsOnFire>
	<IsInvincible>false</IsInvincible>
	<IsBulletProof>false</IsBulletProof>
	<IsExplosionProof>false</IsExplosionProof>
	<IsFireProof>false</IsFireProof>
	<IsMeleeProof>false</IsMeleeProof>
	<IsOnlyDamagedByPlayer>false</IsOnlyDamagedByPlayer>
	<SpoonerAttachments SetAttachmentsPersistentAndAddToSpoonerDatabase="false" StartTaskSequencesOnLoad="true">
		<Attachment>
			<ModelHash>0x91b1ba50</ModelHash>
			<Type>3</Type>
			<Dynamic>false</Dynamic>
			<FrozenPos>true</FrozenPos>
			<HashName>prop_rub_scrap_04</HashName>
			<InitialHandle>693000</InitialHandle>
			<ObjectProperties>
				<TextureVariation>0</TextureVariation>
			</ObjectProperties>
			<OpacityLevel>255</OpacityLevel>
			<LodDistance>16960</LodDistance>
			<IsVisible>true</IsVisible>
			<MaxHealth>1000</MaxHealth>
			<Health>1000</Health>
			<HasGravity>true</HasGravity>
			<IsOnFire>false</IsOnFire>
			<IsInvincible>false</IsInvincible>
			<IsBulletProof>false</IsBulletProof>
			<IsCollisionProof>false</IsCollisionProof>
			<IsExplosionProof>false</IsExplosionProof>
			<IsFireProof>false</IsFireProof>
			<IsMeleeProof>false</IsMeleeProof>
			<IsOnlyDamagedByPlayer>false</IsOnlyDamagedByPlayer>
			<PositionRotation>
				<X>1806.00183</X>
				<Y>3263.97021</Y>
				<Z>42.7757111</Z>
				<Pitch>-62.4751549</Pitch>
				<Roll>4.53264523</Roll>
				<Yaw>117.772041</Yaw>
			</PositionRotation>
			<Attachment isAttached="true">
				<AttachedTo>718851</AttachedTo>
				<BoneIndex>0</BoneIndex>
				<X>0.00805124827</X>
				<Y>4.67940807</Y>
				<Z>-0.141484916</Z>
				<Pitch>-60.01194</Pitch>
				<Roll>0.633351922</Roll>
				<Yaw>180.919067</Yaw>
			</Attachment>
		</Attachment>
		<Attachment>
			<ModelHash>0x91b1ba50</ModelHash>
			<Type>3</Type>
			<Dynamic>false</Dynamic>
			<FrozenPos>true</FrozenPos>
			<HashName>prop_rub_scrap_04</HashName>
			<InitialHandle>543242</InitialHandle>
			<ObjectProperties>
				<TextureVariation>0</TextureVariation>
			</ObjectProperties>
			<OpacityLevel>255</OpacityLevel>
			<LodDistance>16960</LodDistance>
			<IsVisible>true</IsVisible>
			<MaxHealth>1000</MaxHealth>
			<Health>1000</Health>
			<HasGravity>true</HasGravity>
			<IsOnFire>false</IsOnFire>
			<IsInvincible>false</IsInvincible>
			<IsBulletProof>false</IsBulletProof>
			<IsCollisionProof>false</IsCollisionProof>
			<IsExplosionProof>false</IsExplosionProof>
			<IsFireProof>false</IsFireProof>
			<IsMeleeProof>false</IsMeleeProof>
			<IsOnlyDamagedByPlayer>false</IsOnlyDamagedByPlayer>
			<PositionRotation>
				<X>1798.08716</X>
				<Y>3260.59692</Y>
				<Z>42.9861145</Z>
				<Pitch>2.58666587</Pitch>
				<Roll>-1.04853797</Roll>
				<Yaw>-68.3133316</Yaw>
			</PositionRotation>
			<Attachment isAttached="true">
				<AttachedTo>718851</AttachedTo>
				<BoneIndex>0</BoneIndex>
				<X>-0.0319486</X>
				<Y>-3.90629482</Y>
				<Z>0.452245861</Z>
				<Pitch>-0.0119023109</Pitch>
				<Roll>0.633353651</Roll>
				<Yaw>-1.78462982</Yaw>
			</Attachment>
		</Attachment>
		<Attachment>
			<ModelHash>0x7773ca4a</ModelHash>
			<Type>3</Type>
			<Dynamic>false</Dynamic>
			<FrozenPos>true</FrozenPos>
			<HashName>prop_fncsec_02pole</HashName>
			<InitialHandle>81679</InitialHandle>
			<ObjectProperties>
				<TextureVariation>0</TextureVariation>
			</ObjectProperties>
			<OpacityLevel>255</OpacityLevel>
			<LodDistance>16960</LodDistance>
			<IsVisible>true</IsVisible>
			<MaxHealth>1000</MaxHealth>
			<Health>1000</Health>
			<HasGravity>true</HasGravity>
			<IsOnFire>false</IsOnFire>
			<IsInvincible>false</IsInvincible>
			<IsBulletProof>false</IsBulletProof>
			<IsCollisionProof>false</IsCollisionProof>
			<IsExplosionProof>false</IsExplosionProof>
			<IsFireProof>false</IsFireProof>
			<IsMeleeProof>false</IsMeleeProof>
			<IsOnlyDamagedByPlayer>false</IsOnlyDamagedByPlayer>
			<PositionRotation>
				<X>1799.01611</X>
				<Y>3259.76807</Y>
				<Z>42.803154</Z>
				<Pitch>-1.92762589</Pitch>
				<Roll>-1.79803562</Roll>
				<Yaw>26.9707394</Yaw>
			</PositionRotation>
			<Attachment isAttached="true">
				<AttachedTo>718851</AttachedTo>
				<BoneIndex>0</BoneIndex>
				<X>1.09149218</X>
				<Y>-3.39292479</Y>
				<Z>0.211626858</Z>
				<Pitch>-0.0119023109</Pitch>
				<Roll>0.633353651</Roll>
				<Yaw>93.5784225</Yaw>
			</Attachment>
		</Attachment>
		<Attachment>
			<ModelHash>0x7773ca4a</ModelHash>
			<Type>3</Type>
			<Dynamic>false</Dynamic>
			<FrozenPos>true</FrozenPos>
			<HashName>prop_fncsec_02pole</HashName>
			<InitialHandle>101647</InitialHandle>
			<ObjectProperties>
				<TextureVariation>0</TextureVariation>
			</ObjectProperties>
			<OpacityLevel>255</OpacityLevel>
			<LodDistance>16960</LodDistance>
			<IsVisible>true</IsVisible>
			<MaxHealth>1000</MaxHealth>
			<Health>1000</Health>
			<HasGravity>true</HasGravity>
			<IsOnFire>false</IsOnFire>
			<IsInvincible>false</IsInvincible>
			<IsBulletProof>false</IsBulletProof>
			<IsCollisionProof>false</IsCollisionProof>
			<IsExplosionProof>false</IsExplosionProof>
			<IsFireProof>false</IsFireProof>
			<IsMeleeProof>false</IsMeleeProof>
			<IsOnlyDamagedByPlayer>false</IsOnlyDamagedByPlayer>
			<PositionRotation>
				<X>1799.1543</X>
				<Y>3259.82129</Y>
				<Z>42.8078728</Z>
				<Pitch>-1.85327315</Pitch>
				<Roll>-1.85480452</Roll>
				<Yaw>25.2390919</Yaw>
			</PositionRotation>
			<Attachment isAttached="true">
				<AttachedTo>718851</AttachedTo>
				<BoneIndex>0</BoneIndex>
				<X>1.09761429</X>
				<Y>-3.24491215</Y>
				<Z>0.209582895</Z>
				<Pitch>-0.0119023109</Pitch>
				<Roll>0.633353651</Roll>
				<Yaw>91.8461151</Yaw>
			</Attachment>
		</Attachment>
		<Attachment>
			<ModelHash>0x7773ca4a</ModelHash>
			<Type>3</Type>
			<Dynamic>false</Dynamic>
			<FrozenPos>true</FrozenPos>
			<HashName>prop_fncsec_02pole</HashName>
			<InitialHandle>268303</InitialHandle>
			<ObjectProperties>
				<TextureVariation>0</TextureVariation>
			</ObjectProperties>
			<OpacityLevel>255</OpacityLevel>
			<LodDistance>16960</LodDistance>
			<IsVisible>true</IsVisible>
			<MaxHealth>1000</MaxHealth>
			<Health>1000</Health>
			<HasGravity>true</HasGravity>
			<IsOnFire>false</IsOnFire>
			<IsInvincible>false</IsInvincible>
			<IsBulletProof>false</IsBulletProof>
			<IsCollisionProof>false</IsCollisionProof>
			<IsExplosionProof>false</IsExplosionProof>
			<IsFireProof>false</IsFireProof>
			<IsMeleeProof>false</IsMeleeProof>
			<IsOnlyDamagedByPlayer>false</IsOnlyDamagedByPlayer>
			<PositionRotation>
				<X>1799.28052</X>
				<Y>3259.90552</Y>
				<Z>42.811615</Z>
				<Pitch>-1.75411355</Pitch>
				<Roll>-1.92519367</Roll>
				<Yaw>22.9881878</Yaw>
			</PositionRotation>
			<Attachment isAttached="true">
				<AttachedTo>718851</AttachedTo>
				<BoneIndex>0</BoneIndex>
				<X>1.07062602</X>
				<Y>-3.09562111</Y>
				<Z>0.207523078</Z>
				<Pitch>-0.0119023109</Pitch>
				<Roll>0.633353651</Roll>
				<Yaw>89.5941391</Yaw>
			</Attachment>
		</Attachment>
		<Attachment>
			<ModelHash>0x7773ca4a</ModelHash>
			<Type>3</Type>
			<Dynamic>false</Dynamic>
			<FrozenPos>true</FrozenPos>
			<HashName>prop_fncsec_02pole</HashName>
			<InitialHandle>398095</InitialHandle>
			<ObjectProperties>
				<TextureVariation>0</TextureVariation>
			</ObjectProperties>
			<OpacityLevel>255</OpacityLevel>
			<LodDistance>16960</LodDistance>
			<IsVisible>true</IsVisible>
			<MaxHealth>1000</MaxHealth>
			<Health>1000</Health>
			<HasGravity>true</HasGravity>
			<IsOnFire>false</IsOnFire>
			<IsInvincible>false</IsInvincible>
			<IsBulletProof>false</IsBulletProof>
			<IsCollisionProof>false</IsCollisionProof>
			<IsExplosionProof>false</IsExplosionProof>
			<IsFireProof>false</IsFireProof>
			<IsMeleeProof>false</IsMeleeProof>
			<IsOnlyDamagedByPlayer>false</IsOnlyDamagedByPlayer>
			<PositionRotation>
				<X>1799.39063</X>
				<Y>3259.95215</Y>
				<Z>42.8153114</Z>
				<Pitch>-1.86077476</Pitch>
				<Roll>-1.84923673</Roll>
				<Yaw>25.4120102</Yaw>
			</PositionRotation>
			<Attachment isAttached="true">
				<AttachedTo>718851</AttachedTo>
				<BoneIndex>0</BoneIndex>
				<X>1.07159603</X>
				<Y>-2.97600341</Y>
				<Z>0.205877632</Z>
				<Pitch>-0.0119023109</Pitch>
				<Roll>0.633353651</Roll>
				<Yaw>92.0191116</Yaw>
			</Attachment>
		</Attachment>
		<Attachment>
			<ModelHash>0x7773ca4a</ModelHash>
			<Type>3</Type>
			<Dynamic>false</Dynamic>
			<FrozenPos>true</FrozenPos>
			<HashName>prop_fncsec_02pole</HashName>
			<InitialHandle>688143</InitialHandle>
			<ObjectProperties>
				<TextureVariation>0</TextureVariation>
			</ObjectProperties>
			<OpacityLevel>255</OpacityLevel>
			<LodDistance>16960</LodDistance>
			<IsVisible>true</IsVisible>
			<MaxHealth>1000</MaxHealth>
			<Health>1000</Health>
			<HasGravity>true</HasGravity>
			<IsOnFire>false</IsOnFire>
			<IsInvincible>false</IsInvincible>
			<IsBulletProof>false</IsBulletProof>
			<IsCollisionProof>false</IsCollisionProof>
			<IsExplosionProof>false</IsExplosionProof>
			<IsFireProof>false</IsFireProof>
			<IsMeleeProof>false</IsMeleeProof>
			<IsOnlyDamagedByPlayer>false</IsOnlyDamagedByPlayer>
			<PositionRotation>
				<X>1798.14563</X>
				<Y>3261.78662</Y>
				<Z>42.7354126</Z>
				<Pitch>2.38132644</Pitch>
				<Roll>3.81436753</Roll>
				<Yaw>-156.361542</Yaw>
			</PositionRotation>
			<Attachment isAttached="true">
				<AttachedTo>718851</AttachedTo>
				<BoneIndex>0</BoneIndex>
				<X>-1.10792494</X>
				<Y>-3.39028645</Y>
				<Z>0.211329788</Z>
				<Pitch>0.609598339</Pitch>
				<Roll>1.27561045</Roll>
				<Yaw>-89.7287598</Yaw>
			</Attachment>
		</Attachment>
		<Attachment>
			<ModelHash>0x7773ca4a</ModelHash>
			<Type>3</Type>
			<Dynamic>false</Dynamic>
			<FrozenPos>true</FrozenPos>
			<HashName>prop_fncsec_02pole</HashName>
			<InitialHandle>765711</InitialHandle>
			<ObjectProperties>
				<TextureVariation>0</TextureVariation>
			</ObjectProperties>
			<OpacityLevel>255</OpacityLevel>
			<LodDistance>16960</LodDistance>
			<IsVisible>true</IsVisible>
			<MaxHealth>1000</MaxHealth>
			<Health>1000</Health>
			<HasGravity>true</HasGravity>
			<IsOnFire>false</IsOnFire>
			<IsInvincible>false</IsInvincible>
			<IsBulletProof>false</IsBulletProof>
			<IsCollisionProof>false</IsCollisionProof>
			<IsExplosionProof>false</IsExplosionProof>
			<IsFireProof>false</IsFireProof>
			<IsMeleeProof>false</IsMeleeProof>
			<IsOnlyDamagedByPlayer>false</IsOnlyDamagedByPlayer>
			<PositionRotation>
				<X>1798.26184</X>
				<Y>3261.85498</Y>
				<Z>42.739006</Z>
				<Pitch>1.79860532</Pitch>
				<Roll>3.14403558</Roll>
				<Yaw>-155.467773</Yaw>
			</PositionRotation>
			<Attachment isAttached="true">
				<AttachedTo>718851</AttachedTo>
				<BoneIndex>0</BoneIndex>
				<X>-1.1243645</X>
				<Y>-3.2565043</Y>
				<Z>0.209484667</Z>
				<Pitch>-0.0119023109</Pitch>
				<Roll>0.633353651</Roll>
				<Yaw>-88.8621216</Yaw>
			</Attachment>
		</Attachment>
		<Attachment>
			<ModelHash>0x7773ca4a</ModelHash>
			<Type>3</Type>
			<Dynamic>false</Dynamic>
			<FrozenPos>true</FrozenPos>
			<HashName>prop_fncsec_02pole</HashName>
			<InitialHandle>132368</InitialHandle>
			<ObjectProperties>
				<TextureVariation>0</TextureVariation>
			</ObjectProperties>
			<OpacityLevel>255</OpacityLevel>
			<LodDistance>16960</LodDistance>
			<IsVisible>true</IsVisible>
			<MaxHealth>1000</MaxHealth>
			<Health>1000</Health>
			<HasGravity>true</HasGravity>
			<IsOnFire>false</IsOnFire>
			<IsInvincible>false</IsInvincible>
			<IsBulletProof>false</IsBulletProof>
			<IsCollisionProof>false</IsCollisionProof>
			<IsExplosionProof>false</IsExplosionProof>
			<IsFireProof>false</IsFireProof>
			<IsMeleeProof>false</IsMeleeProof>
			<IsOnlyDamagedByPlayer>false</IsOnlyDamagedByPlayer>
			<PositionRotation>
				<X>1798.37207</X>
				<Y>3261.91309</Y>
				<Z>42.7425232</Z>
				<Pitch>1.71416199</Pitch>
				<Roll>3.20280123</Roll>
				<Yaw>-157.372009</Yaw>
			</PositionRotation>
			<Attachment isAttached="true">
				<AttachedTo>718851</AttachedTo>
				<BoneIndex>0</BoneIndex>
				<X>-1.13381636</X>
				<Y>-3.13221312</Y>
				<Z>0.207774252</Z>
				<Pitch>-0.0119023109</Pitch>
				<Roll>0.633353651</Roll>
				<Yaw>-90.767334</Yaw>
			</Attachment>
		</Attachment>
		<Attachment>
			<ModelHash>0x7773ca4a</ModelHash>
			<Type>3</Type>
			<Dynamic>false</Dynamic>
			<FrozenPos>true</FrozenPos>
			<HashName>prop_fncsec_02pole</HashName>
			<InitialHandle>248592</InitialHandle>
			<ObjectProperties>
				<TextureVariation>0</TextureVariation>
			</ObjectProperties>
			<OpacityLevel>255</OpacityLevel>
			<LodDistance>16960</LodDistance>
			<IsVisible>true</IsVisible>
			<MaxHealth>1000</MaxHealth>
			<Health>1000</Health>
			<HasGravity>true</HasGravity>
			<IsOnFire>false</IsOnFire>
			<IsInvincible>false</IsInvincible>
			<IsBulletProof>false</IsBulletProof>
			<IsCollisionProof>false</IsCollisionProof>
			<IsExplosionProof>false</IsExplosionProof>
			<IsFireProof>false</IsFireProof>
			<IsMeleeProof>false</IsMeleeProof>
			<IsOnlyDamagedByPlayer>false</IsOnlyDamagedByPlayer>
			<PositionRotation>
				<X>1798.50513</X>
				<Y>3261.98218</Y>
				<Z>42.7467804</Z>
				<Pitch>1.69081247</Pitch>
				<Roll>3.21832824</Roll>
				<Yaw>-157.890991</Yaw>
			</PositionRotation>
			<Attachment isAttached="true">
				<AttachedTo>718851</AttachedTo>
				<BoneIndex>0</BoneIndex>
				<X>-1.14416611</X>
				<Y>-2.98270202</Y>
				<Z>0.205705971</Z>
				<Pitch>-0.0119023109</Pitch>
				<Roll>0.633353651</Roll>
				<Yaw>-91.2866058</Yaw>
			</Attachment>
		</Attachment>
		<Attachment>
			<ModelHash>0xfe581052</ModelHash>
			<Type>3</Type>
			<Dynamic>false</Dynamic>
			<FrozenPos>true</FrozenPos>
			<HashName>prop_byard_benchset</HashName>
			<InitialHandle>82706</InitialHandle>
			<ObjectProperties>
				<TextureVariation>0</TextureVariation>
			</ObjectProperties>
			<OpacityLevel>255</OpacityLevel>
			<LodDistance>16960</LodDistance>
			<IsVisible>true</IsVisible>
			<MaxHealth>1000</MaxHealth>
			<Health>1000</Health>
			<HasGravity>true</HasGravity>
			<IsOnFire>false</IsOnFire>
			<IsInvincible>false</IsInvincible>
			<IsBulletProof>false</IsBulletProof>
			<IsCollisionProof>false</IsCollisionProof>
			<IsExplosionProof>false</IsExplosionProof>
			<IsFireProof>false</IsFireProof>
			<IsMeleeProof>false</IsMeleeProof>
			<IsOnlyDamagedByPlayer>false</IsOnlyDamagedByPlayer>
			<PositionRotation>
				<X>1799.23938</X>
				<Y>3259.77954</Y>
				<Z>44.7872314</Z>
				<Pitch>-1.81805789</Pitch>
				<Roll>-1.88047647</Roll>
				<Yaw>24.432457</Yaw>
			</PositionRotation>
			<Attachment isAttached="true">
				<AttachedTo>718851</AttachedTo>
				<BoneIndex>0</BoneIndex>
				<X>1.23054111</X>
				<Y>-3.09567213</Y>
				<Z>2.181108</Z>
				<Pitch>-0.0119023109</Pitch>
				<Roll>0.633353651</Roll>
				<Yaw>91.0391235</Yaw>
			</Attachment>
		</Attachment>
		<Attachment>
			<ModelHash>0xfe581052</ModelHash>
			<Type>3</Type>
			<Dynamic>false</Dynamic>
			<FrozenPos>true</FrozenPos>
			<HashName>prop_byard_benchset</HashName>
			<InitialHandle>483858</InitialHandle>
			<ObjectProperties>
				<TextureVariation>0</TextureVariation>
			</ObjectProperties>
			<OpacityLevel>255</OpacityLevel>
			<LodDistance>16960</LodDistance>
			<IsVisible>true</IsVisible>
			<MaxHealth>1000</MaxHealth>
			<Health>1000</Health>
			<HasGravity>true</HasGravity>
			<IsOnFire>false</IsOnFire>
			<IsInvincible>false</IsInvincible>
			<IsBulletProof>false</IsBulletProof>
			<IsCollisionProof>false</IsCollisionProof>
			<IsExplosionProof>false</IsExplosionProof>
			<IsFireProof>false</IsFireProof>
			<IsMeleeProof>false</IsMeleeProof>
			<IsOnlyDamagedByPlayer>false</IsOnlyDamagedByPlayer>
			<PositionRotation>
				<X>1799.24194</X>
				<Y>3259.7854</Y>
				<Z>44.6879807</Z>
				<Pitch>-1.77599251</Pitch>
				<Roll>178.089981</Roll>
				<Yaw>23.4794769</Yaw>
			</PositionRotation>
			<Attachment isAttached="true">
				<AttachedTo>718851</AttachedTo>
				<BoneIndex>0</BoneIndex>
				<X>1.22306609</X>
				<Y>-3.09541512</Y>
				<Z>2.08193135</Z>
				<Pitch>-0.0119029516</Pitch>
				<Roll>-179.366501</Roll>
				<Yaw>90.0856781</Yaw>
			</Attachment>
		</Attachment>
		<Attachment>
			<ModelHash>0xb2274905</ModelHash>
			<Type>3</Type>
			<Dynamic>false</Dynamic>
			<FrozenPos>true</FrozenPos>
			<HashName>prop_ld_bomb_01</HashName>
			<InitialHandle>606484</InitialHandle>
			<ObjectProperties>
				<TextureVariation>0</TextureVariation>
			</ObjectProperties>
			<OpacityLevel>255</OpacityLevel>
			<LodDistance>16960</LodDistance>
			<IsVisible>true</IsVisible>
			<MaxHealth>1000</MaxHealth>
			<Health>1000</Health>
			<HasGravity>true</HasGravity>
			<IsOnFire>false</IsOnFire>
			<IsInvincible>false</IsInvincible>
			<IsBulletProof>false</IsBulletProof>
			<IsCollisionProof>false</IsCollisionProof>
			<IsExplosionProof>false</IsExplosionProof>
			<IsFireProof>false</IsFireProof>
			<IsMeleeProof>false</IsMeleeProof>
			<IsOnlyDamagedByPlayer>false</IsOnlyDamagedByPlayer>
			<PositionRotation>
				<X>1799.47424</X>
				<Y>3260.30908</Y>
				<Z>44.6582985</Z>
				<Pitch>-2.58280873</Pitch>
				<Roll>2.3572638</Roll>
				<Yaw>112.618378</Yaw>
			</PositionRotation>
			<Attachment isAttached="true">
				<AttachedTo>718851</AttachedTo>
				<BoneIndex>0</BoneIndex>
				<X>0.833916783</X>
				<Y>-2.67547917</Y>
				<Z>2.04550171</Z>
				<Pitch>-0.0119023109</Pitch>
				<Roll>0.633353651</Roll>
				<Yaw>179.145844</Yaw>
			</Attachment>
		</Attachment>
		<Attachment>
			<ModelHash>0xb2274905</ModelHash>
			<Type>3</Type>
			<Dynamic>false</Dynamic>
			<FrozenPos>true</FrozenPos>
			<HashName>prop_ld_bomb_01</HashName>
			<InitialHandle>678164</InitialHandle>
			<ObjectProperties>
				<TextureVariation>0</TextureVariation>
			</ObjectProperties>
			<OpacityLevel>255</OpacityLevel>
			<LodDistance>16960</LodDistance>
			<IsVisible>true</IsVisible>
			<MaxHealth>1000</MaxHealth>
			<Health>1000</Health>
			<HasGravity>true</HasGravity>
			<IsOnFire>false</IsOnFire>
			<IsInvincible>false</IsInvincible>
			<IsBulletProof>false</IsBulletProof>
			<IsCollisionProof>false</IsCollisionProof>
			<IsExplosionProof>false</IsExplosionProof>
			<IsFireProof>false</IsFireProof>
			<IsMeleeProof>false</IsMeleeProof>
			<IsOnlyDamagedByPlayer>false</IsOnlyDamagedByPlayer>
			<PositionRotation>
				<X>1799.42139</X>
				<Y>3260.51221</Y>
				<Z>44.6503754</Z>
				<Pitch>-2.59319496</Pitch>
				<Roll>2.34166741</Roll>
				<Yaw>112.27137</Yaw>
			</PositionRotation>
			<Attachment isAttached="true">
				<AttachedTo>718851</AttachedTo>
				<BoneIndex>0</BoneIndex>
				<X>0.626338243</X>
				<Y>-2.64340758</Y>
				<Z>2.04252887</Z>
				<Pitch>-0.0119023109</Pitch>
				<Roll>0.633353651</Roll>
				<Yaw>178.799042</Yaw>
			</Attachment>
		</Attachment>
		<Attachment>
			<ModelHash>0xb2274905</ModelHash>
			<Type>3</Type>
			<Dynamic>false</Dynamic>
			<FrozenPos>true</FrozenPos>
			<HashName>prop_ld_bomb_01</HashName>
			<InitialHandle>706836</InitialHandle>
			<ObjectProperties>
				<TextureVariation>0</TextureVariation>
			</ObjectProperties>
			<OpacityLevel>255</OpacityLevel>
			<LodDistance>16960</LodDistance>
			<IsVisible>true</IsVisible>
			<MaxHealth>1000</MaxHealth>
			<Health>1000</Health>
			<HasGravity>true</HasGravity>
			<IsOnFire>false</IsOnFire>
			<IsInvincible>false</IsInvincible>
			<IsBulletProof>false</IsBulletProof>
			<IsCollisionProof>false</IsCollisionProof>
			<IsExplosionProof>false</IsExplosionProof>
			<IsFireProof>false</IsFireProof>
			<IsMeleeProof>false</IsMeleeProof>
			<IsOnlyDamagedByPlayer>false</IsOnlyDamagedByPlayer>
			<PositionRotation>
				<X>1799.32642</X>
				<Y>3260.72974</Y>
				<Z>44.640049</Z>
				<Pitch>-2.62876606</Pitch>
				<Roll>2.28663945</Roll>
				<Yaw>111.057938</Yaw>
			</PositionRotation>
			<Attachment isAttached="true">
				<AttachedTo>718851</AttachedTo>
				<BoneIndex>0</BoneIndex>
				<X>0.388848901</X>
				<Y>-2.64438224</Y>
				<Z>2.03953505</Z>
				<Pitch>-0.0119023109</Pitch>
				<Roll>0.633353651</Roll>
				<Yaw>177.586334</Yaw>
			</Attachment>
		</Attachment>
		<Attachment>
			<ModelHash>0xb2274905</ModelHash>
			<Type>3</Type>
			<Dynamic>false</Dynamic>
			<FrozenPos>true</FrozenPos>
			<HashName>prop_ld_bomb_01</HashName>
			<InitialHandle>547604</InitialHandle>
			<ObjectProperties>
				<TextureVariation>0</TextureVariation>
			</ObjectProperties>
			<OpacityLevel>255</OpacityLevel>
			<LodDistance>16960</LodDistance>
			<IsVisible>true</IsVisible>
			<MaxHealth>1000</MaxHealth>
			<Health>1000</Health>
			<HasGravity>true</HasGravity>
			<IsOnFire>false</IsOnFire>
			<IsInvincible>false</IsInvincible>
			<IsBulletProof>false</IsBulletProof>
			<IsCollisionProof>false</IsCollisionProof>
			<IsExplosionProof>false</IsExplosionProof>
			<IsFireProof>false</IsFireProof>
			<IsMeleeProof>false</IsMeleeProof>
			<IsOnlyDamagedByPlayer>false</IsOnlyDamagedByPlayer>
			<PositionRotation>
				<X>1799.22546</X>
				<Y>3260.94556</Y>
				<Z>44.6299438</Z>
				<Pitch>-2.6187315</Pitch>
				<Roll>2.30242324</Roll>
				<Yaw>111.404297</Yaw>
			</PositionRotation>
			<Attachment isAttached="true">
				<AttachedTo>718851</AttachedTo>
				<BoneIndex>0</BoneIndex>
				<X>0.150395364</X>
				<Y>-2.65140224</Y>
				<Z>2.03706431</Z>
				<Pitch>-0.0119023109</Pitch>
				<Roll>0.633353651</Roll>
				<Yaw>177.932495</Yaw>
			</Attachment>
		</Attachment>
		<Attachment>
			<ModelHash>0xb2274905</ModelHash>
			<Type>3</Type>
			<Dynamic>false</Dynamic>
			<FrozenPos>true</FrozenPos>
			<HashName>prop_ld_bomb_01</HashName>
			<InitialHandle>176149</InitialHandle>
			<ObjectProperties>
				<TextureVariation>0</TextureVariation>
			</ObjectProperties>
			<OpacityLevel>255</OpacityLevel>
			<LodDistance>16960</LodDistance>
			<IsVisible>true</IsVisible>
			<MaxHealth>1000</MaxHealth>
			<Health>1000</Health>
			<HasGravity>true</HasGravity>
			<IsOnFire>false</IsOnFire>
			<IsInvincible>false</IsInvincible>
			<IsBulletProof>false</IsBulletProof>
			<IsCollisionProof>false</IsCollisionProof>
			<IsExplosionProof>false</IsExplosionProof>
			<IsFireProof>false</IsFireProof>
			<IsMeleeProof>false</IsMeleeProof>
			<IsOnlyDamagedByPlayer>false</IsOnlyDamagedByPlayer>
			<PositionRotation>
				<X>1799.11621</X>
				<Y>3261.16602</Y>
				<Z>44.6249657</Z>
				<Pitch>-2.62377119</Pitch>
				<Roll>2.294523</Roll>
				<Yaw>111.230766</Yaw>
			</PositionRotation>
			<Attachment isAttached="true">
				<AttachedTo>718851</AttachedTo>
				<BoneIndex>0</BoneIndex>
				<X>-0.0953936726</X>
				<Y>-2.6640327</Y>
				<Z>2.04019976</Z>
				<Pitch>-0.0119023109</Pitch>
				<Roll>0.633353651</Roll>
				<Yaw>177.759064</Yaw>
			</Attachment>
		</Attachment>
		<Attachment>
			<ModelHash>0xb2274905</ModelHash>
			<Type>3</Type>
			<Dynamic>false</Dynamic>
			<FrozenPos>true</FrozenPos>
			<HashName>prop_ld_bomb_01</HashName>
			<InitialHandle>637972</InitialHandle>
			<ObjectProperties>
				<TextureVariation>0</TextureVariation>
			</ObjectProperties>
			<OpacityLevel>255</OpacityLevel>
			<LodDistance>16960</LodDistance>
			<IsVisible>true</IsVisible>
			<MaxHealth>1000</MaxHealth>
			<Health>1000</Health>
			<HasGravity>true</HasGravity>
			<IsOnFire>false</IsOnFire>
			<IsInvincible>false</IsInvincible>
			<IsBulletProof>false</IsBulletProof>
			<IsCollisionProof>false</IsCollisionProof>
			<IsExplosionProof>false</IsExplosionProof>
			<IsFireProof>false</IsFireProof>
			<IsMeleeProof>false</IsMeleeProof>
			<IsOnlyDamagedByPlayer>false</IsOnlyDamagedByPlayer>
			<PositionRotation>
				<X>1799.00903</X>
				<Y>3261.37012</Y>
				<Z>44.6201286</Z>
				<Pitch>-2.61874437</Pitch>
				<Roll>2.30240345</Roll>
				<Yaw>111.40387</Yaw>
			</PositionRotation>
			<Attachment isAttached="true">
				<AttachedTo>718851</AttachedTo>
				<BoneIndex>0</BoneIndex>
				<X>-0.325197697</X>
				<Y>-2.68118382</Y>
				<Z>2.04319024</Z>
				<Pitch>-0.0119023109</Pitch>
				<Roll>0.633353651</Roll>
				<Yaw>177.932053</Yaw>
			</Attachment>
		</Attachment>
		<Attachment>
			<ModelHash>0xb2274905</ModelHash>
			<Type>3</Type>
			<Dynamic>false</Dynamic>
			<FrozenPos>true</FrozenPos>
			<HashName>prop_ld_bomb_01</HashName>
			<InitialHandle>183573</InitialHandle>
			<ObjectProperties>
				<TextureVariation>0</TextureVariation>
			</ObjectProperties>
			<OpacityLevel>255</OpacityLevel>
			<LodDistance>16960</LodDistance>
			<IsVisible>true</IsVisible>
			<MaxHealth>1000</MaxHealth>
			<Health>1000</Health>
			<HasGravity>true</HasGravity>
			<IsOnFire>false</IsOnFire>
			<IsInvincible>false</IsInvincible>
			<IsBulletProof>false</IsBulletProof>
			<IsCollisionProof>false</IsCollisionProof>
			<IsExplosionProof>false</IsExplosionProof>
			<IsFireProof>false</IsFireProof>
			<IsMeleeProof>false</IsMeleeProof>
			<IsOnlyDamagedByPlayer>false</IsOnlyDamagedByPlayer>
			<PositionRotation>
				<X>1798.9353</X>
				<Y>3261.63599</Y>
				<Z>44.6106606</Z>
				<Pitch>-3.33550596</Pitch>
				<Roll>2.39596176</Roll>
				<Yaw>109.390068</Yaw>
			</PositionRotation>
			<Attachment isAttached="true">
				<AttachedTo>718851</AttachedTo>
				<BoneIndex>0</BoneIndex>
				<X>-0.598594546</X>
				<Y>-2.64352727</Y>
				<Z>2.04044294</Z>
				<Pitch>-0.671418726</Pitch>
				<Roll>0.819405019</Roll>
				<Yaw>175.901459</Yaw>
			</Attachment>
		</Attachment>
		<Attachment>
			<ModelHash>0xb2274905</ModelHash>
			<Type>3</Type>
			<Dynamic>false</Dynamic>
			<FrozenPos>true</FrozenPos>
			<HashName>prop_ld_bomb_01</HashName>
			<InitialHandle>435989</InitialHandle>
			<ObjectProperties>
				<TextureVariation>0</TextureVariation>
			</ObjectProperties>
			<OpacityLevel>255</OpacityLevel>
			<LodDistance>16960</LodDistance>
			<IsVisible>true</IsVisible>
			<MaxHealth>1000</MaxHealth>
			<Health>1000</Health>
			<HasGravity>true</HasGravity>
			<IsOnFire>false</IsOnFire>
			<IsInvincible>false</IsInvincible>
			<IsBulletProof>false</IsBulletProof>
			<IsCollisionProof>false</IsCollisionProof>
			<IsExplosionProof>false</IsExplosionProof>
			<IsFireProof>false</IsFireProof>
			<IsMeleeProof>false</IsMeleeProof>
			<IsOnlyDamagedByPlayer>false</IsOnlyDamagedByPlayer>
			<PositionRotation>
				<X>1798.9491</X>
				<Y>3261.54102</Y>
				<Z>44.7537537</Z>
				<Pitch>-2.65843272</Pitch>
				<Roll>3.57627892</Roll>
				<Yaw>111.577896</Yaw>
			</PositionRotation>
			<Attachment isAttached="true">
				<AttachedTo>718851</AttachedTo>
				<BoneIndex>0</BoneIndex>
				<X>-0.501732111</X>
				<Y>-2.66216755</Y>
				<Z>2.18159389</Z>
				<Pitch>-0.0566492267</Pitch>
				<Roll>1.8993206</Roll>
				<Yaw>178.104675</Yaw>
			</Attachment>
		</Attachment>
		<Attachment>
			<ModelHash>0xb2274905</ModelHash>
			<Type>3</Type>
			<Dynamic>false</Dynamic>
			<FrozenPos>true</FrozenPos>
			<HashName>prop_ld_bomb_01</HashName>
			<InitialHandle>675606</InitialHandle>
			<ObjectProperties>
				<TextureVariation>0</TextureVariation>
			</ObjectProperties>
			<OpacityLevel>255</OpacityLevel>
			<LodDistance>16960</LodDistance>
			<IsVisible>true</IsVisible>
			<MaxHealth>1000</MaxHealth>
			<Health>1000</Health>
			<HasGravity>true</HasGravity>
			<IsOnFire>false</IsOnFire>
			<IsInvincible>false</IsInvincible>
			<IsBulletProof>false</IsBulletProof>
			<IsCollisionProof>false</IsCollisionProof>
			<IsExplosionProof>false</IsExplosionProof>
			<IsFireProof>false</IsFireProof>
			<IsMeleeProof>false</IsMeleeProof>
			<IsOnlyDamagedByPlayer>false</IsOnlyDamagedByPlayer>
			<PositionRotation>
				<X>1799.48096</X>
				<Y>3260.37988</Y>
				<Z>44.8340683</Z>
				<Pitch>-2.57244778</Pitch>
				<Roll>2.37262201</Roll>
				<Yaw>112.961456</Yaw>
			</PositionRotation>
			<Attachment isAttached="true">
				<AttachedTo>718851</AttachedTo>
				<BoneIndex>0</BoneIndex>
				<X>0.77700901</X>
				<Y>-2.63334513</Y>
				<Z>2.2214067</Z>
				<Pitch>-0.0119023109</Pitch>
				<Roll>0.633353651</Roll>
				<Yaw>179.488739</Yaw>
			</Attachment>
		</Attachment>
		<Attachment>
			<ModelHash>0xb2274905</ModelHash>
			<Type>3</Type>
			<Dynamic>false</Dynamic>
			<FrozenPos>true</FrozenPos>
			<HashName>prop_ld_bomb_01</HashName>
			<InitialHandle>507926</InitialHandle>
			<ObjectProperties>
				<TextureVariation>0</TextureVariation>
			</ObjectProperties>
			<OpacityLevel>255</OpacityLevel>
			<LodDistance>16960</LodDistance>
			<IsVisible>true</IsVisible>
			<MaxHealth>1000</MaxHealth>
			<Health>1000</Health>
			<HasGravity>true</HasGravity>
			<IsOnFire>false</IsOnFire>
			<IsInvincible>false</IsInvincible>
			<IsBulletProof>false</IsBulletProof>
			<IsCollisionProof>false</IsCollisionProof>
			<IsExplosionProof>false</IsExplosionProof>
			<IsFireProof>false</IsFireProof>
			<IsMeleeProof>false</IsMeleeProof>
			<IsOnlyDamagedByPlayer>false</IsOnlyDamagedByPlayer>
			<PositionRotation>
				<X>1799.47778</X>
				<Y>3260.70605</Y>
				<Z>44.8260422</Z>
				<Pitch>-2.62886596</Pitch>
				<Roll>2.28648162</Roll>
				<Yaw>111.054482</Yaw>
			</PositionRotation>
			<Attachment isAttached="true">
				<AttachedTo>718851</AttachedTo>
				<BoneIndex>0</BoneIndex>
				<X>0.476311803</X>
				<Y>-2.5068624</Y>
				<Z>2.21699452</Z>
				<Pitch>-0.0119023109</Pitch>
				<Roll>0.633353651</Roll>
				<Yaw>177.582886</Yaw>
			</Attachment>
		</Attachment>
		<Attachment>
			<ModelHash>0xb2274905</ModelHash>
			<Type>3</Type>
			<Dynamic>false</Dynamic>
			<FrozenPos>true</FrozenPos>
			<HashName>prop_ld_bomb_01</HashName>
			<InitialHandle>266262</InitialHandle>
			<ObjectProperties>
				<TextureVariation>0</TextureVariation>
			</ObjectProperties>
			<OpacityLevel>255</OpacityLevel>
			<LodDistance>16960</LodDistance>
			<IsVisible>true</IsVisible>
			<MaxHealth>1000</MaxHealth>
			<Health>1000</Health>
			<HasGravity>true</HasGravity>
			<IsOnFire>false</IsOnFire>
			<IsInvincible>false</IsInvincible>
			<IsBulletProof>false</IsBulletProof>
			<IsCollisionProof>false</IsCollisionProof>
			<IsExplosionProof>false</IsExplosionProof>
			<IsFireProof>false</IsFireProof>
			<IsMeleeProof>false</IsMeleeProof>
			<IsOnlyDamagedByPlayer>false</IsOnlyDamagedByPlayer>
			<PositionRotation>
				<X>1799.3363</X>
				<Y>3260.93213</Y>
				<Z>44.8134232</Z>
				<Pitch>-2.64866924</Pitch>
				<Roll>2.2546947</Roll>
				<Yaw>110.360909</Yaw>
			</PositionRotation>
			<Attachment isAttached="true">
				<AttachedTo>718851</AttachedTo>
				<BoneIndex>0</BoneIndex>
				<X>0.212445796</X>
				<Y>-2.54701948</Y>
				<Z>2.21425843</Z>
				<Pitch>-0.0119023109</Pitch>
				<Roll>0.633353651</Roll>
				<Yaw>176.889771</Yaw>
			</Attachment>
		</Attachment>
		<Attachment>
			<ModelHash>0xb2274905</ModelHash>
			<Type>3</Type>
			<Dynamic>false</Dynamic>
			<FrozenPos>true</FrozenPos>
			<HashName>prop_ld_bomb_01</HashName>
			<InitialHandle>80407</InitialHandle>
			<ObjectProperties>
				<TextureVariation>0</TextureVariation>
			</ObjectProperties>
			<OpacityLevel>255</OpacityLevel>
			<LodDistance>16960</LodDistance>
			<IsVisible>true</IsVisible>
			<MaxHealth>1000</MaxHealth>
			<Health>1000</Health>
			<HasGravity>true</HasGravity>
			<IsOnFire>false</IsOnFire>
			<IsInvincible>false</IsInvincible>
			<IsBulletProof>false</IsBulletProof>
			<IsCollisionProof>false</IsCollisionProof>
			<IsExplosionProof>false</IsExplosionProof>
			<IsFireProof>false</IsFireProof>
			<IsMeleeProof>false</IsMeleeProof>
			<IsOnlyDamagedByPlayer>false</IsOnlyDamagedByPlayer>
			<PositionRotation>
				<X>1799.24622</X>
				<Y>3261.16284</Y>
				<Z>44.8093185</Z>
				<Pitch>-2.60191846</Pitch>
				<Roll>3.63920736</Roll>
				<Yaw>112.961678</Yaw>
			</PositionRotation>
			<Attachment isAttached="true">
				<AttachedTo>718851</AttachedTo>
				<BoneIndex>0</BoneIndex>
				<X>-0.0351041183</X>
				<Y>-2.53798819</Y>
				<Z>2.21736312</Z>
				<Pitch>-0.0413663313</Pitch>
				<Roll>1.89992929</Roll>
				<Yaw>179.488068</Yaw>
			</Attachment>
		</Attachment>
		<Attachment>
			<ModelHash>0xb2274905</ModelHash>
			<Type>3</Type>
			<Dynamic>false</Dynamic>
			<FrozenPos>true</FrozenPos>
			<HashName>prop_ld_bomb_01</HashName>
			<InitialHandle>243735</InitialHandle>
			<ObjectProperties>
				<TextureVariation>0</TextureVariation>
			</ObjectProperties>
			<OpacityLevel>255</OpacityLevel>
			<LodDistance>16960</LodDistance>
			<IsVisible>true</IsVisible>
			<MaxHealth>1000</MaxHealth>
			<Health>1000</Health>
			<HasGravity>true</HasGravity>
			<IsOnFire>false</IsOnFire>
			<IsInvincible>false</IsInvincible>
			<IsBulletProof>false</IsBulletProof>
			<IsCollisionProof>false</IsCollisionProof>
			<IsExplosionProof>false</IsExplosionProof>
			<IsFireProof>false</IsFireProof>
			<IsMeleeProof>false</IsMeleeProof>
			<IsOnlyDamagedByPlayer>false</IsOnlyDamagedByPlayer>
			<PositionRotation>
				<X>1799.0658</X>
				<Y>3261.36523</Y>
				<Z>44.7948761</Z>
				<Pitch>-3.28508186</Pitch>
				<Roll>2.44788313</Roll>
				<Yaw>111.460823</Yaw>
			</PositionRotation>
			<Attachment isAttached="true">
				<AttachedTo>718851</AttachedTo>
				<BoneIndex>0</BoneIndex>
				<X>-0.292832315</X>
				<Y>-2.62344861</Y>
				<Z>2.21463037</Z>
				<Pitch>-0.679615021</Pitch>
				<Roll>0.776126504</Roll>
				<Yaw>177.969482</Yaw>
			</Attachment>
		</Attachment>
		<Attachment>
			<ModelHash>0xbb55760a</ModelHash>
			<Type>3</Type>
			<Dynamic>false</Dynamic>
			<FrozenPos>true</FrozenPos>
			<HashName>prop_tool_fireaxe</HashName>
			<InitialHandle>285</InitialHandle>
			<ObjectProperties>
				<TextureVariation>0</TextureVariation>
			</ObjectProperties>
			<OpacityLevel>255</OpacityLevel>
			<LodDistance>16960</LodDistance>
			<IsVisible>true</IsVisible>
			<MaxHealth>1000</MaxHealth>
			<Health>1000</Health>
			<HasGravity>true</HasGravity>
			<IsOnFire>false</IsOnFire>
			<IsInvincible>false</IsInvincible>
			<IsBulletProof>false</IsBulletProof>
			<IsCollisionProof>false</IsCollisionProof>
			<IsExplosionProof>false</IsExplosionProof>
			<IsFireProof>false</IsFireProof>
			<IsMeleeProof>false</IsMeleeProof>
			<IsOnlyDamagedByPlayer>false</IsOnlyDamagedByPlayer>
			<PositionRotation>
				<X>1802.70032</X>
				<Y>3260.60181</Y>
				<Z>42.7481651</Z>
				<Pitch>-1.81095862</Pitch>
				<Roll>-91.885498</Roll>
				<Yaw>24.2708015</Yaw>
			</PositionRotation>
			<Attachment isAttached="true">
				<AttachedTo>718851</AttachedTo>
				<BoneIndex>0</BoneIndex>
				<X>1.78705561</X>
				<Y>0.312407821</Y>
				<Z>-0.0296053067</Z>
				<Pitch>-0.0119023109</Pitch>
				<Roll>-89.3665848</Roll>
				<Yaw>90.8773956</Yaw>
			</Attachment>
		</Attachment>
		<Attachment>
			<ModelHash>0xad5a1b4d</ModelHash>
			<Type>3</Type>
			<Dynamic>false</Dynamic>
			<FrozenPos>true</FrozenPos>
			<HashName>prop_tool_shovel4</HashName>
			<InitialHandle>401949</InitialHandle>
			<ObjectProperties>
				<TextureVariation>0</TextureVariation>
			</ObjectProperties>
			<OpacityLevel>255</OpacityLevel>
			<LodDistance>16960</LodDistance>
			<IsVisible>true</IsVisible>
			<MaxHealth>1000</MaxHealth>
			<Health>1000</Health>
			<HasGravity>true</HasGravity>
			<IsOnFire>false</IsOnFire>
			<IsInvincible>false</IsInvincible>
			<IsBulletProof>false</IsBulletProof>
			<IsCollisionProof>false</IsCollisionProof>
			<IsExplosionProof>false</IsExplosionProof>
			<IsFireProof>false</IsFireProof>
			<IsMeleeProof>false</IsMeleeProof>
			<IsOnlyDamagedByPlayer>false</IsOnlyDamagedByPlayer>
			<PositionRotation>
				<X>1801.18555</X>
				<Y>3259.84644</Y>
				<Z>43.0906258</Z>
				<Pitch>-1.81095541</Pitch>
				<Roll>-91.8855286</Roll>
				<Yaw>24.2708073</Yaw>
			</PositionRotation>
			<Attachment isAttached="true">
				<AttachedTo>718851</AttachedTo>
				<BoneIndex>0</BoneIndex>
				<X>1.88938785</X>
				<Y>-1.36106491</Y>
				<Z>0.384622127</Z>
				<Pitch>-0.0119023109</Pitch>
				<Roll>-89.3666077</Roll>
				<Yaw>90.8773956</Yaw>
			</Attachment>
		</Attachment>
	</SpoonerAttachments>
</Vehicle>
