<?xml version="1.0" encoding="ISO-8859-1"?>
<Vehicle menyoo_ver="0.99987681b">
	<ModelHash>0xf330cb6a</ModelHash>
	<InitialHandle>749143</InitialHandle>
	<VehicleProperties>
		<Colours>
			<Primary>46</Primary>
			<Secondary>46</Secondary>
			<Pearl>0</Pearl>
			<Rim>0</Rim>
			<Mod1_a>6</Mod1_a>
			<Mod1_b>-1</Mod1_b>
			<Mod1_c>-1</Mod1_c>
			<Mod2_a>6</Mod2_a>
			<Mod2_b>-1</Mod2_b>
			<IsPrimaryColourCustom>false</IsPrimaryColourCustom>
			<IsSecondaryColourCustom>false</IsSecondaryColourCustom>
			<tyreSmoke_R>255</tyreSmoke_R>
			<tyreSmoke_G>255</tyreSmoke_G>
			<tyreSmoke_B>255</tyreSmoke_B>
			<LrInterior>7</LrInterior>
			<LrDashboard>89</LrDashboard>
		</Colours>
		<Livery>-1</Livery>
		<NumberPlateText>60VKS426</NumberPlateText>
		<NumberPlateIndex>0</NumberPlateIndex>
		<WheelType>4</WheelType>
		<WheelsInvisible>false</WheelsInvisible>
		<EngineSoundName>TAMPA2</EngineSoundName>
		<WindowTint>-1</WindowTint>
		<BulletProofTyres>true</BulletProofTyres>
		<DirtLevel>0.150887311</DirtLevel>
		<PaintFade>0.298039228</PaintFade>
		<RoofState>0</RoofState>
		<SirenActive>false</SirenActive>
		<EngineOn>true</EngineOn>
		<EngineHealth>1250</EngineHealth>
		<LightsOn>false</LightsOn>
		<IsRadioLoud>0</IsRadioLoud>
		<LockStatus>1</LockStatus>
		<Neons>
			<Left>false</Left>
			<Right>false</Right>
			<Front>false</Front>
			<Back>false</Back>
			<R>255</R>
			<G>0</G>
			<B>255</B>
		</Neons>
		<ModExtras />
		<Mods>
			<_0>3,0</_0>
			<_1>5,0</_1>
			<_2>-1,0</_2>
			<_3>0,0</_3>
			<_4>3,0</_4>
			<_5>3,0</_5>
			<_6>2,0</_6>
			<_7>-1,0</_7>
			<_8>1,0</_8>
			<_9>-1,0</_9>
			<_10>0,0</_10>
			<_11>3,0</_11>
			<_12>2,0</_12>
			<_13>2,0</_13>
			<_14>2,0</_14>
			<_15>-1,0</_15>
			<_16>4,0</_16>
			<_17>false</_17>
			<_18>true</_18>
			<_19>false</_19>
			<_20>false</_20>
			<_21>false</_21>
			<_22>false</_22>
			<_23>6,1</_23>
			<_24>-1,0</_24>
			<_25>-1,0</_25>
			<_26>-1,0</_26>
			<_27>-1,0</_27>
			<_28>-1,0</_28>
			<_29>-1,0</_29>
			<_30>-1,0</_30>
			<_31>-1,0</_31>
			<_32>-1,0</_32>
			<_33>-1,0</_33>
			<_34>-1,0</_34>
			<_35>-1,0</_35>
			<_36>-1,0</_36>
			<_37>-1,0</_37>
			<_38>-1,0</_38>
			<_39>-1,0</_39>
			<_40>-1,0</_40>
			<_41>-1,0</_41>
			<_42>-1,0</_42>
			<_43>-1,0</_43>
			<_44>-1,0</_44>
			<_45>-1,0</_45>
			<_46>-1,0</_46>
			<_47>-1,0</_47>
			<_48>0,0</_48>
		</Mods>
		<DoorsOpen>
			<BackLeftDoor>false</BackLeftDoor>
			<BackRightDoor>false</BackRightDoor>
			<FrontLeftDoor>false</FrontLeftDoor>
			<FrontRightDoor>false</FrontRightDoor>
			<Hood>false</Hood>
			<Trunk>false</Trunk>
			<Trunk2>false</Trunk2>
		</DoorsOpen>
		<DoorsBroken>
			<BackLeftDoor>false</BackLeftDoor>
			<BackRightDoor>false</BackRightDoor>
			<FrontLeftDoor>false</FrontLeftDoor>
			<FrontRightDoor>false</FrontRightDoor>
			<Hood>true</Hood>
			<Trunk>false</Trunk>
			<Trunk2>false</Trunk2>
		</DoorsBroken>
		<TyresBursted>
			<FrontLeft>false</FrontLeft>
			<FrontRight>false</FrontRight>
			<_2>false</_2>
			<_3>false</_3>
			<BackLeft>false</BackLeft>
			<BackRight>false</BackRight>
			<_6>false</_6>
			<_7>false</_7>
			<_8>false</_8>
		</TyresBursted>
		<RpmMultiplier>1</RpmMultiplier>
		<TorqueMultiplier>1</TorqueMultiplier>
		<HeadlightIntensity>1</HeadlightIntensity>
	</VehicleProperties>
	<OpacityLevel>255</OpacityLevel>
	<LodDistance>16960</LodDistance>
	<IsVisible>true</IsVisible>
	<IsDriverVisible>true</IsDriverVisible>
	<MaxHealth>1000</MaxHealth>
	<Health>0</Health>
	<HasGravity>true</HasGravity>
	<IsOnFire>false</IsOnFire>
	<IsInvincible>false</IsInvincible>
	<IsBulletProof>false</IsBulletProof>
	<IsExplosionProof>false</IsExplosionProof>
	<IsFireProof>false</IsFireProof>
	<IsMeleeProof>false</IsMeleeProof>
	<IsOnlyDamagedByPlayer>false</IsOnlyDamagedByPlayer>
	<SpoonerAttachments SetAttachmentsPersistentAndAddToSpoonerDatabase="false" StartTaskSequencesOnLoad="true">
		<Attachment>
			<ModelHash>0x0dd75614</ModelHash>
			<Type>3</Type>
			<Dynamic>false</Dynamic>
			<FrozenPos>true</FrozenPos>
			<HashName>prop_car_engine_01</HashName>
			<InitialHandle>214793</InitialHandle>
			<ObjectProperties>
				<TextureVariation>0</TextureVariation>
			</ObjectProperties>
			<OpacityLevel>255</OpacityLevel>
			<LodDistance>16960</LodDistance>
			<IsVisible>true</IsVisible>
			<MaxHealth>1000</MaxHealth>
			<Health>0</Health>
			<HasGravity>true</HasGravity>
			<IsOnFire>false</IsOnFire>
			<IsInvincible>false</IsInvincible>
			<IsBulletProof>false</IsBulletProof>
			<IsCollisionProof>false</IsCollisionProof>
			<IsExplosionProof>false</IsExplosionProof>
			<IsFireProof>false</IsFireProof>
			<IsMeleeProof>false</IsMeleeProof>
			<IsOnlyDamagedByPlayer>false</IsOnlyDamagedByPlayer>
			<PositionRotation>
				<X>1657.38879</X>
				<Y>3248.92529</Y>
				<Z>40.1498146</Z>
				<Pitch>-0.333168179</Pitch>
				<Roll>-0.072795704</Roll>
				<Yaw>108.993965</Yaw>
			</PositionRotation>
			<Attachment isAttached="true">
				<AttachedTo>749143</AttachedTo>
				<BoneIndex>46</BoneIndex>
				<X>0.0699999928</X>
				<Y>-0.110000029</Y>
				<Z>-0.100000016</Z>
				<Pitch>0.50000006</Pitch>
				<Roll>0</Roll>
				<Yaw>0</Yaw>
			</Attachment>
		</Attachment>
		<Attachment>
			<ModelHash>0x4bbbac6e</ModelHash>
			<Type>3</Type>
			<Dynamic>false</Dynamic>
			<FrozenPos>true</FrozenPos>
			<HashName>prop_gascyl_01a</HashName>
			<InitialHandle>330338</InitialHandle>
			<ObjectProperties>
				<TextureVariation>0</TextureVariation>
			</ObjectProperties>
			<OpacityLevel>255</OpacityLevel>
			<LodDistance>16960</LodDistance>
			<IsVisible>true</IsVisible>
			<MaxHealth>1000</MaxHealth>
			<Health>1000</Health>
			<HasGravity>true</HasGravity>
			<IsOnFire>false</IsOnFire>
			<IsInvincible>false</IsInvincible>
			<IsBulletProof>false</IsBulletProof>
			<IsCollisionProof>false</IsCollisionProof>
			<IsExplosionProof>false</IsExplosionProof>
			<IsFireProof>false</IsFireProof>
			<IsMeleeProof>false</IsMeleeProof>
			<IsOnlyDamagedByPlayer>false</IsOnlyDamagedByPlayer>
			<PositionRotation>
				<X>1659.8313</X>
				<Y>3249.21851</Y>
				<Z>40.660923</Z>
				<Pitch>-89.6450119</Pitch>
				<Roll>-168.828552</Roll>
				<Yaw>-59.9811821</Yaw>
			</PositionRotation>
			<Attachment isAttached="true">
				<AttachedTo>749143</AttachedTo>
				<BoneIndex>0</BoneIndex>
				<X>-0.447184801</X>
				<Y>-1.20817173</Y>
				<Z>0.724102795</Z>
				<Pitch>-89.5157471</Pitch>
				<Roll>0.716158867</Roll>
				<Yaw>0.569396973</Yaw>
			</Attachment>
		</Attachment>
		<Attachment>
			<ModelHash>0x4bbbac6e</ModelHash>
			<Type>3</Type>
			<Dynamic>false</Dynamic>
			<FrozenPos>true</FrozenPos>
			<HashName>prop_gascyl_01a</HashName>
			<InitialHandle>135779</InitialHandle>
			<ObjectProperties>
				<TextureVariation>0</TextureVariation>
			</ObjectProperties>
			<OpacityLevel>255</OpacityLevel>
			<LodDistance>16960</LodDistance>
			<IsVisible>true</IsVisible>
			<MaxHealth>1000</MaxHealth>
			<Health>1000</Health>
			<HasGravity>true</HasGravity>
			<IsOnFire>false</IsOnFire>
			<IsInvincible>false</IsInvincible>
			<IsBulletProof>false</IsBulletProof>
			<IsCollisionProof>false</IsCollisionProof>
			<IsExplosionProof>false</IsExplosionProof>
			<IsFireProof>false</IsFireProof>
			<IsMeleeProof>false</IsMeleeProof>
			<IsOnlyDamagedByPlayer>false</IsOnlyDamagedByPlayer>
			<PositionRotation>
				<X>1659.68811</X>
				<Y>3249.63452</Y>
				<Z>40.6614838</Z>
				<Pitch>-89.6573563</Pitch>
				<Roll>-169.493484</Roll>
				<Yaw>-60.2951508</Yaw>
			</PositionRotation>
			<Attachment isAttached="true">
				<AttachedTo>749143</AttachedTo>
				<BoneIndex>0</BoneIndex>
				<X>-0.00711838156</X>
				<Y>-1.20819712</Y>
				<Z>0.724101961</Z>
				<Pitch>-89.5040665</Pitch>
				<Roll>0.83485502</Roll>
				<Yaw>1.03907776</Yaw>
			</Attachment>
		</Attachment>
		<Attachment>
			<ModelHash>0x4bbbac6e</ModelHash>
			<Type>3</Type>
			<Dynamic>false</Dynamic>
			<FrozenPos>true</FrozenPos>
			<HashName>prop_gascyl_01a</HashName>
			<InitialHandle>361314</InitialHandle>
			<ObjectProperties>
				<TextureVariation>0</TextureVariation>
			</ObjectProperties>
			<OpacityLevel>255</OpacityLevel>
			<LodDistance>16960</LodDistance>
			<IsVisible>true</IsVisible>
			<MaxHealth>1000</MaxHealth>
			<Health>1000</Health>
			<HasGravity>true</HasGravity>
			<IsOnFire>false</IsOnFire>
			<IsInvincible>false</IsInvincible>
			<IsBulletProof>false</IsBulletProof>
			<IsCollisionProof>false</IsCollisionProof>
			<IsExplosionProof>false</IsExplosionProof>
			<IsFireProof>false</IsFireProof>
			<IsMeleeProof>false</IsMeleeProof>
			<IsOnlyDamagedByPlayer>false</IsOnlyDamagedByPlayer>
			<PositionRotation>
				<X>1659.5448</X>
				<Y>3250.05054</Y>
				<Z>40.6620407</Z>
				<Pitch>-89.6573563</Pitch>
				<Roll>-169.493484</Roll>
				<Yaw>-60.2951508</Yaw>
			</PositionRotation>
			<Attachment isAttached="true">
				<AttachedTo>749143</AttachedTo>
				<BoneIndex>0</BoneIndex>
				<X>0.432881594</X>
				<Y>-1.20819712</Y>
				<Z>0.724101961</Z>
				<Pitch>-89.5040665</Pitch>
				<Roll>0.83485502</Roll>
				<Yaw>1.03907776</Yaw>
			</Attachment>
		</Attachment>
		<Attachment>
			<ModelHash>0x7773ca4a</ModelHash>
			<Type>3</Type>
			<Dynamic>false</Dynamic>
			<FrozenPos>true</FrozenPos>
			<HashName>prop_fncsec_02pole</HashName>
			<InitialHandle>669563</InitialHandle>
			<ObjectProperties>
				<TextureVariation>0</TextureVariation>
			</ObjectProperties>
			<OpacityLevel>255</OpacityLevel>
			<LodDistance>16960</LodDistance>
			<IsVisible>true</IsVisible>
			<MaxHealth>1000</MaxHealth>
			<Health>0</Health>
			<HasGravity>true</HasGravity>
			<IsOnFire>false</IsOnFire>
			<IsInvincible>false</IsInvincible>
			<IsBulletProof>false</IsBulletProof>
			<IsCollisionProof>false</IsCollisionProof>
			<IsExplosionProof>false</IsExplosionProof>
			<IsFireProof>false</IsFireProof>
			<IsMeleeProof>false</IsMeleeProof>
			<IsOnlyDamagedByPlayer>false</IsOnlyDamagedByPlayer>
			<PositionRotation>
				<X>1659.40295</X>
				<Y>3248.448</Y>
				<Z>39.7995453</Z>
				<Pitch>-89.0236053</Pitch>
				<Roll>-120.782951</Roll>
				<Yaw>-103.606461</Yaw>
			</PositionRotation>
			<Attachment isAttached="true">
				<AttachedTo>749143</AttachedTo>
				<BoneIndex>0</BoneIndex>
				<X>-1.03731179</X>
				<Y>-0.539962769</Y>
				<Z>-0.126901418</Z>
				<Pitch>-90.598999</Pitch>
				<Roll>0.811043739</Roll>
				<Yaw>-91.0019684</Yaw>
			</Attachment>
		</Attachment>
		<Attachment>
			<ModelHash>0x8225145b</ModelHash>
			<Type>3</Type>
			<Dynamic>false</Dynamic>
			<FrozenPos>true</FrozenPos>
			<HashName>prop_cs_mini_tv</HashName>
			<InitialHandle>481916</InitialHandle>
			<ObjectProperties>
				<TextureVariation>0</TextureVariation>
			</ObjectProperties>
			<PtfxLopAsset>core</PtfxLopAsset>
			<PtfxLopEffect>ent_sht_flame</PtfxLopEffect>
			<OpacityLevel>255</OpacityLevel>
			<LodDistance>16960</LodDistance>
			<IsVisible>true</IsVisible>
			<MaxHealth>1000</MaxHealth>
			<Health>0</Health>
			<HasGravity>true</HasGravity>
			<IsOnFire>false</IsOnFire>
			<IsInvincible>false</IsInvincible>
			<IsBulletProof>false</IsBulletProof>
			<IsCollisionProof>false</IsCollisionProof>
			<IsExplosionProof>false</IsExplosionProof>
			<IsFireProof>false</IsFireProof>
			<IsMeleeProof>false</IsMeleeProof>
			<IsOnlyDamagedByPlayer>false</IsOnlyDamagedByPlayer>
			<PositionRotation>
				<X>1659.40649</X>
				<Y>3248.42383</Y>
				<Z>39.7881317</Z>
				<Pitch>89.0270233</Pitch>
				<Roll>-120.765717</Roll>
				<Yaw>138.098404</Yaw>
			</PositionRotation>
			<Attachment isAttached="true">
				<AttachedTo>749143</AttachedTo>
				<BoneIndex>0</BoneIndex>
				<X>-1.06140161</X>
				<Y>-0.535256624</Y>
				<Z>-0.138215616</Z>
				<Pitch>90.4010086</Pitch>
				<Roll>0.811043739</Roll>
				<Yaw>-92.4751358</Yaw>
			</Attachment>
		</Attachment>
		<Attachment>
			<ModelHash>0x8225145b</ModelHash>
			<Type>3</Type>
			<Dynamic>false</Dynamic>
			<FrozenPos>true</FrozenPos>
			<HashName>prop_cs_mini_tv</HashName>
			<InitialHandle>225660</InitialHandle>
			<ObjectProperties>
				<TextureVariation>0</TextureVariation>
			</ObjectProperties>
			<PtfxLopAsset>core</PtfxLopAsset>
			<PtfxLopEffect>ent_sht_flame</PtfxLopEffect>
			<OpacityLevel>255</OpacityLevel>
			<LodDistance>16960</LodDistance>
			<IsVisible>true</IsVisible>
			<MaxHealth>1000</MaxHealth>
			<Health>0</Health>
			<HasGravity>true</HasGravity>
			<IsOnFire>false</IsOnFire>
			<IsInvincible>false</IsInvincible>
			<IsBulletProof>false</IsBulletProof>
			<IsCollisionProof>false</IsCollisionProof>
			<IsExplosionProof>false</IsExplosionProof>
			<IsFireProof>false</IsFireProof>
			<IsMeleeProof>false</IsMeleeProof>
			<IsOnlyDamagedByPlayer>false</IsOnlyDamagedByPlayer>
			<PositionRotation>
				<X>1658.79895</X>
				<Y>3250.40381</Y>
				<Z>39.7917824</Z>
				<Pitch>89.1206207</Pitch>
				<Roll>110.226486</Roll>
				<Yaw>87.1003647</Yaw>
			</PositionRotation>
			<Attachment isAttached="true">
				<AttachedTo>749143</AttachedTo>
				<BoneIndex>0</BoneIndex>
				<X>1.00859845</X>
				<Y>-0.605256677</Y>
				<Z>-0.138215616</Z>
				<Pitch>90.4010086</Pitch>
				<Roll>0.811043739</Roll>
				<Yaw>87.5248566</Yaw>
			</Attachment>
		</Attachment>
		<Attachment>
			<ModelHash>0x0f600b7c</ModelHash>
			<Type>3</Type>
			<Dynamic>false</Dynamic>
			<FrozenPos>true</FrozenPos>
			<HashName>imp_prop_impexp_radiator_02</HashName>
			<InitialHandle>782719</InitialHandle>
			<ObjectProperties>
				<TextureVariation>0</TextureVariation>
			</ObjectProperties>
			<OpacityLevel>255</OpacityLevel>
			<LodDistance>16960</LodDistance>
			<IsVisible>true</IsVisible>
			<MaxHealth>1000</MaxHealth>
			<Health>1000</Health>
			<HasGravity>true</HasGravity>
			<IsOnFire>false</IsOnFire>
			<IsInvincible>false</IsInvincible>
			<IsBulletProof>false</IsBulletProof>
			<IsCollisionProof>false</IsCollisionProof>
			<IsExplosionProof>false</IsExplosionProof>
			<IsFireProof>false</IsFireProof>
			<IsMeleeProof>false</IsMeleeProof>
			<IsOnlyDamagedByPlayer>false</IsOnlyDamagedByPlayer>
			<PositionRotation>
				<X>1656.62744</X>
				<Y>3248.56445</Y>
				<Z>40.1123657</Z>
				<Pitch>-0.432991326</Pitch>
				<Roll>0.748448789</Roll>
				<Yaw>109.69503</Yaw>
			</PositionRotation>
			<Attachment isAttached="true">
				<AttachedTo>749143</AttachedTo>
				<BoneIndex>0</BoneIndex>
				<X>-0.0235037133</X>
				<Y>2.04176211</Y>
				<Z>0.222209767</Z>
				<Pitch>0.401005149</Pitch>
				<Roll>0.811043859</Roll>
				<Yaw>0.701187134</Yaw>
			</Attachment>
		</Attachment>
	</SpoonerAttachments>
</Vehicle>
