<?xml version="1.0" encoding="ISO-8859-1"?>
<Vehicle menyoo_ver="0.9998744b">
	<ModelHash>0xb9210fd0</ModelHash>
	<InitialHandle>779778</InitialHandle>
	<VehicleProperties>
		<Colours>
			<Primary>128</Primary>
			<Secondary>151</Secondary>
			<Pearl>0</Pearl>
			<Rim>156</Rim>
			<Mod1_a>6</Mod1_a>
			<Mod1_b>-1</Mod1_b>
			<Mod1_c>-1</Mod1_c>
			<Mod2_a>6</Mod2_a>
			<Mod2_b>-1</Mod2_b>
			<IsPrimaryColourCustom>false</IsPrimaryColourCustom>
			<IsSecondaryColourCustom>false</IsSecondaryColourCustom>
			<tyreSmoke_R>255</tyreSmoke_R>
			<tyreSmoke_G>255</tyreSmoke_G>
			<tyreSmoke_B>255</tyreSmoke_B>
			<LrInterior>0</LrInterior>
			<LrDashboard>0</LrDashboard>
		</Colours>
		<Livery>-1</Livery>
		<NumberPlateText>63KQE099</NumberPlateText>
		<NumberPlateIndex>0</NumberPlateIndex>
		<WheelType>4</WheelType>
		<WheelsInvisible>false</WheelsInvisible>
		<EngineSoundName></EngineSoundName>
		<WindowTint>-1</WindowTint>
		<BulletProofTyres>false</BulletProofTyres>
		<DirtLevel>0.0825975835</DirtLevel>
		<PaintFade>0.298039228</PaintFade>
		<RoofState>0</RoofState>
		<SirenActive>false</SirenActive>
		<EngineOn>true</EngineOn>
		<EngineHealth>1000</EngineHealth>
		<LightsOn>false</LightsOn>
		<IsRadioLoud>0</IsRadioLoud>
		<LockStatus>1</LockStatus>
		<Neons>
			<Left>false</Left>
			<Right>false</Right>
			<Front>false</Front>
			<Back>false</Back>
			<R>255</R>
			<G>0</G>
			<B>255</B>
		</Neons>
		<ModExtras>
			<_1>true</_1>
			<_2>false</_2>
			<_3>false</_3>
			<_11>false</_11>
			<_12>false</_12>
		</ModExtras>
		<Mods>
			<_0>-1,0</_0>
			<_1>3,0</_1>
			<_2>-1,0</_2>
			<_3>-1,0</_3>
			<_4>-1,0</_4>
			<_5>2,0</_5>
			<_6>0,0</_6>
			<_7>-1,0</_7>
			<_8>-1,0</_8>
			<_9>-1,0</_9>
			<_10>0,0</_10>
			<_11>3,0</_11>
			<_12>2,0</_12>
			<_13>2,0</_13>
			<_14>0,0</_14>
			<_15>-1,0</_15>
			<_16>4,0</_16>
			<_17>false</_17>
			<_18>true</_18>
			<_19>false</_19>
			<_20>false</_20>
			<_21>false</_21>
			<_22>true</_22>
			<_23>1,1</_23>
			<_24>-1,0</_24>
			<_25>-1,0</_25>
			<_26>-1,0</_26>
			<_27>-1,0</_27>
			<_28>-1,0</_28>
			<_29>-1,0</_29>
			<_30>-1,0</_30>
			<_31>-1,0</_31>
			<_32>-1,0</_32>
			<_33>-1,0</_33>
			<_34>-1,0</_34>
			<_35>-1,0</_35>
			<_36>-1,0</_36>
			<_37>-1,0</_37>
			<_38>-1,0</_38>
			<_39>-1,0</_39>
			<_40>-1,0</_40>
			<_41>-1,0</_41>
			<_42>-1,0</_42>
			<_43>-1,0</_43>
			<_44>-1,0</_44>
			<_45>-1,0</_45>
			<_46>-1,0</_46>
			<_47>-1,0</_47>
			<_48>-1,0</_48>
		</Mods>
		<DoorsOpen>
			<BackLeftDoor>false</BackLeftDoor>
			<BackRightDoor>false</BackRightDoor>
			<FrontLeftDoor>false</FrontLeftDoor>
			<FrontRightDoor>false</FrontRightDoor>
			<Hood>false</Hood>
			<Trunk>false</Trunk>
			<Trunk2>false</Trunk2>
		</DoorsOpen>
		<DoorsBroken>
			<BackLeftDoor>false</BackLeftDoor>
			<BackRightDoor>false</BackRightDoor>
			<FrontLeftDoor>false</FrontLeftDoor>
			<FrontRightDoor>false</FrontRightDoor>
			<Hood>false</Hood>
			<Trunk>false</Trunk>
			<Trunk2>false</Trunk2>
		</DoorsBroken>
		<TyresBursted>
			<FrontLeft>false</FrontLeft>
			<FrontRight>false</FrontRight>
			<_2>false</_2>
			<_3>false</_3>
			<BackLeft>false</BackLeft>
			<BackRight>false</BackRight>
			<_6>false</_6>
			<_7>false</_7>
			<_8>false</_8>
		</TyresBursted>
		<RpmMultiplier>1</RpmMultiplier>
		<TorqueMultiplier>1</TorqueMultiplier>
		<HeadlightIntensity>1</HeadlightIntensity>
	</VehicleProperties>
	<OpacityLevel>255</OpacityLevel>
	<LodDistance>16960</LodDistance>
	<IsVisible>true</IsVisible>
	<IsDriverVisible>true</IsDriverVisible>
	<MaxHealth>1000</MaxHealth>
	<Health>1000</Health>
	<HasGravity>true</HasGravity>
	<IsOnFire>false</IsOnFire>
	<IsInvincible>false</IsInvincible>
	<IsBulletProof>false</IsBulletProof>
	<IsExplosionProof>false</IsExplosionProof>
	<IsFireProof>false</IsFireProof>
	<IsMeleeProof>false</IsMeleeProof>
	<IsOnlyDamagedByPlayer>false</IsOnlyDamagedByPlayer>
	<SpoonerAttachments SetAttachmentsPersistentAndAddToSpoonerDatabase="false" StartTaskSequencesOnLoad="true">
		<Attachment>
			<ModelHash>0xb87e6de1</ModelHash>
			<Type>3</Type>
			<Dynamic>false</Dynamic>
			<FrozenPos>true</FrozenPos>
			<HashName>prop_plas_barier_01a</HashName>
			<InitialHandle>144133</InitialHandle>
			<ObjectProperties>
				<TextureVariation>0</TextureVariation>
			</ObjectProperties>
			<OpacityLevel>255</OpacityLevel>
			<LodDistance>16960</LodDistance>
			<IsVisible>true</IsVisible>
			<MaxHealth>1000</MaxHealth>
			<Health>1000</Health>
			<HasGravity>true</HasGravity>
			<IsOnFire>false</IsOnFire>
			<IsInvincible>false</IsInvincible>
			<IsBulletProof>false</IsBulletProof>
			<IsCollisionProof>false</IsCollisionProof>
			<IsExplosionProof>false</IsExplosionProof>
			<IsFireProof>false</IsFireProof>
			<IsMeleeProof>false</IsMeleeProof>
			<IsOnlyDamagedByPlayer>false</IsOnlyDamagedByPlayer>
			<PositionRotation>
				<X>-150.107391</X>
				<Y>1928.64673</Y>
				<Z>197.317169</Z>
				<Pitch>6.5670433</Pitch>
				<Roll>0.439697087</Roll>
				<Yaw>-178.502441</Yaw>
			</PositionRotation>
			<Attachment isAttached="true">
				<AttachedTo>779778</AttachedTo>
				<BoneIndex>0</BoneIndex>
				<X>1.01568806</X>
				<Y>0.147971779</Y>
				<Z>0.313497156</Z>
				<Pitch>-0.28548038</Pitch>
				<Roll>-1.0689975</Roll>
				<Yaw>88.9608459</Yaw>
			</Attachment>
		</Attachment>
		<Attachment>
			<ModelHash>0xb87e6de1</ModelHash>
			<Type>3</Type>
			<Dynamic>false</Dynamic>
			<FrozenPos>true</FrozenPos>
			<HashName>prop_plas_barier_01a</HashName>
			<InitialHandle>403205</InitialHandle>
			<ObjectProperties>
				<TextureVariation>0</TextureVariation>
			</ObjectProperties>
			<OpacityLevel>255</OpacityLevel>
			<LodDistance>16960</LodDistance>
			<IsVisible>true</IsVisible>
			<MaxHealth>1000</MaxHealth>
			<Health>1000</Health>
			<HasGravity>true</HasGravity>
			<IsOnFire>false</IsOnFire>
			<IsInvincible>false</IsInvincible>
			<IsBulletProof>false</IsBulletProof>
			<IsCollisionProof>false</IsCollisionProof>
			<IsExplosionProof>false</IsExplosionProof>
			<IsFireProof>false</IsFireProof>
			<IsMeleeProof>false</IsMeleeProof>
			<IsOnlyDamagedByPlayer>false</IsOnlyDamagedByPlayer>
			<PositionRotation>
				<X>-150.048721</X>
				<Y>1926.76721</Y>
				<Z>197.679916</Z>
				<Pitch>-7.09881306</Pitch>
				<Roll>-2.74745274</Roll>
				<Yaw>0.0707620904</Yaw>
			</PositionRotation>
			<Attachment isAttached="true">
				<AttachedTo>779778</AttachedTo>
				<BoneIndex>0</BoneIndex>
				<X>-0.894490302</X>
				<Y>0.169257373</Y>
				<Z>0.448998541</Z>
				<Pitch>-0.28548038</Pitch>
				<Roll>-1.0689975</Roll>
				<Yaw>-92.4404678</Yaw>
			</Attachment>
		</Attachment>
		<Attachment>
			<ModelHash>0x052bfc7a</ModelHash>
			<Type>3</Type>
			<Dynamic>false</Dynamic>
			<FrozenPos>true</FrozenPos>
			<HashName>prop_solarpanel_01</HashName>
			<InitialHandle>753158</InitialHandle>
			<ObjectProperties>
				<TextureVariation>0</TextureVariation>
			</ObjectProperties>
			<OpacityLevel>255</OpacityLevel>
			<LodDistance>16960</LodDistance>
			<IsVisible>true</IsVisible>
			<MaxHealth>1000</MaxHealth>
			<Health>1000</Health>
			<HasGravity>true</HasGravity>
			<IsOnFire>false</IsOnFire>
			<IsInvincible>false</IsInvincible>
			<IsBulletProof>false</IsBulletProof>
			<IsCollisionProof>false</IsCollisionProof>
			<IsExplosionProof>false</IsExplosionProof>
			<IsFireProof>false</IsFireProof>
			<IsMeleeProof>false</IsMeleeProof>
			<IsOnlyDamagedByPlayer>false</IsOnlyDamagedByPlayer>
			<PositionRotation>
				<X>-149.45668</X>
				<Y>1927.80444</Y>
				<Z>198.609283</Z>
				<Pitch>6.57780886</Pitch>
				<Roll>0.389741659</Roll>
				<Yaw>-178.084106</Yaw>
			</PositionRotation>
			<Attachment isAttached="true">
				<AttachedTo>779778</AttachedTo>
				<BoneIndex>0</BoneIndex>
				<X>-0.00298562832</X>
				<Y>-0.493131667</Y>
				<Z>1.47695053</Z>
				<Pitch>-0.28548038</Pitch>
				<Roll>-1.0689975</Roll>
				<Yaw>89.3765869</Yaw>
			</Attachment>
		</Attachment>
		<Attachment>
			<ModelHash>0x3f2ec2b6</ModelHash>
			<Type>3</Type>
			<Dynamic>false</Dynamic>
			<FrozenPos>true</FrozenPos>
			<HashName>prop_ghettoblast_02</HashName>
			<InitialHandle>638471</InitialHandle>
			<ObjectProperties>
				<TextureVariation>0</TextureVariation>
			</ObjectProperties>
			<OpacityLevel>255</OpacityLevel>
			<LodDistance>16960</LodDistance>
			<IsVisible>true</IsVisible>
			<MaxHealth>1000</MaxHealth>
			<Health>1000</Health>
			<HasGravity>true</HasGravity>
			<IsOnFire>false</IsOnFire>
			<IsInvincible>false</IsInvincible>
			<IsBulletProof>false</IsBulletProof>
			<IsCollisionProof>false</IsCollisionProof>
			<IsExplosionProof>false</IsExplosionProof>
			<IsFireProof>false</IsFireProof>
			<IsMeleeProof>false</IsMeleeProof>
			<IsOnlyDamagedByPlayer>false</IsOnlyDamagedByPlayer>
			<PositionRotation>
				<X>-148.706726</X>
				<Y>1927.25024</Y>
				<Z>197.752014</Z>
				<Pitch>0.67764461</Pitch>
				<Roll>5.88066149</Roll>
				<Yaw>111.813858</Yaw>
			</PositionRotation>
			<Attachment isAttached="true">
				<AttachedTo>779778</AttachedTo>
				<BoneIndex>0</BoneIndex>
				<X>-0.483040482</X>
				<Y>-1.19535136</Y>
				<Z>0.538304329</Z>
				<Pitch>-0.28548038</Pitch>
				<Roll>-1.0689975</Roll>
				<Yaw>19.2181625</Yaw>
			</Attachment>
		</Attachment>
		<Attachment>
			<ModelHash>0x0e727aa0</ModelHash>
			<Type>3</Type>
			<Dynamic>false</Dynamic>
			<FrozenPos>true</FrozenPos>
			<HashName>w_am_jerrycan</HashName>
			<InitialHandle>425992</InitialHandle>
			<ObjectProperties>
				<TextureVariation>0</TextureVariation>
			</ObjectProperties>
			<OpacityLevel>255</OpacityLevel>
			<LodDistance>16960</LodDistance>
			<IsVisible>true</IsVisible>
			<MaxHealth>1000</MaxHealth>
			<Health>1000</Health>
			<HasGravity>true</HasGravity>
			<IsOnFire>false</IsOnFire>
			<IsInvincible>false</IsInvincible>
			<IsBulletProof>false</IsBulletProof>
			<IsCollisionProof>false</IsCollisionProof>
			<IsExplosionProof>false</IsExplosionProof>
			<IsFireProof>false</IsFireProof>
			<IsMeleeProof>false</IsMeleeProof>
			<IsOnlyDamagedByPlayer>false</IsOnlyDamagedByPlayer>
			<PositionRotation>
				<X>-146.985092</X>
				<Y>1928.55566</Y>
				<Z>197.719727</Z>
				<Pitch>-7.2027235</Pitch>
				<Roll>-2.24502134</Roll>
				<Yaw>4.27210999</Yaw>
			</PositionRotation>
			<Attachment isAttached="true">
				<AttachedTo>779778</AttachedTo>
				<BoneIndex>0</BoneIndex>
				<X>0.739960492</X>
				<Y>-2.97532225</Y>
				<Z>0.610332131</Z>
				<Pitch>-0.28548038</Pitch>
				<Roll>-1.0689975</Roll>
				<Yaw>-88.2704697</Yaw>
			</Attachment>
		</Attachment>
		<Attachment>
			<ModelHash>0x0e727aa0</ModelHash>
			<Type>3</Type>
			<Dynamic>false</Dynamic>
			<FrozenPos>true</FrozenPos>
			<HashName>w_am_jerrycan</HashName>
			<InitialHandle>449032</InitialHandle>
			<ObjectProperties>
				<TextureVariation>0</TextureVariation>
			</ObjectProperties>
			<OpacityLevel>255</OpacityLevel>
			<LodDistance>16960</LodDistance>
			<IsVisible>true</IsVisible>
			<MaxHealth>1000</MaxHealth>
			<Health>1000</Health>
			<HasGravity>true</HasGravity>
			<IsOnFire>false</IsOnFire>
			<IsInvincible>false</IsInvincible>
			<IsBulletProof>false</IsBulletProof>
			<IsCollisionProof>false</IsCollisionProof>
			<IsExplosionProof>false</IsExplosionProof>
			<IsFireProof>false</IsFireProof>
			<IsMeleeProof>false</IsMeleeProof>
			<IsOnlyDamagedByPlayer>false</IsOnlyDamagedByPlayer>
			<PositionRotation>
				<X>-146.98674</X>
				<Y>1928.34802</Y>
				<Z>197.744461</Z>
				<Pitch>-7.2197032</Pitch>
				<Roll>-2.13976717</Roll>
				<Yaw>5.14496756</Yaw>
			</PositionRotation>
			<Attachment isAttached="true">
				<AttachedTo>779778</AttachedTo>
				<BoneIndex>0</BoneIndex>
				<X>0.531201303</X>
				<Y>-2.96449256</Y>
				<Z>0.610335588</Z>
				<Pitch>-0.28548038</Pitch>
				<Roll>-1.0689975</Roll>
				<Yaw>-87.404335</Yaw>
			</Attachment>
		</Attachment>
		<Attachment>
			<ModelHash>0x7e968316</ModelHash>
			<Type>3</Type>
			<Dynamic>false</Dynamic>
			<FrozenPos>true</FrozenPos>
			<HashName>hei_prop_hei_ammo_pile_02</HashName>
			<InitialHandle>550920</InitialHandle>
			<ObjectProperties>
				<TextureVariation>0</TextureVariation>
			</ObjectProperties>
			<OpacityLevel>255</OpacityLevel>
			<LodDistance>16960</LodDistance>
			<IsVisible>true</IsVisible>
			<MaxHealth>1000</MaxHealth>
			<Health>1000</Health>
			<HasGravity>true</HasGravity>
			<IsOnFire>false</IsOnFire>
			<IsInvincible>false</IsInvincible>
			<IsBulletProof>false</IsBulletProof>
			<IsCollisionProof>false</IsCollisionProof>
			<IsExplosionProof>false</IsExplosionProof>
			<IsFireProof>false</IsFireProof>
			<IsMeleeProof>false</IsMeleeProof>
			<IsOnlyDamagedByPlayer>false</IsOnlyDamagedByPlayer>
			<PositionRotation>
				<X>-148.482834</X>
				<Y>1927.9812</Y>
				<Z>197.702393</Z>
				<Pitch>-2.01014352</Pitch>
				<Roll>5.73330307</Roll>
				<Yaw>89.8002319</Yaw>
			</PositionRotation>
			<Attachment isAttached="true">
				<AttachedTo>779778</AttachedTo>
				<BoneIndex>0</BoneIndex>
				<X>0.238135442</X>
				<Y>-1.45218968</Y>
				<Z>0.569126964</Z>
				<Pitch>-0.28548038</Pitch>
				<Roll>-1.0689975</Roll>
				<Yaw>-2.95571899</Yaw>
			</Attachment>
		</Attachment>
		<Attachment>
			<ModelHash>0xab39f229</ModelHash>
			<Type>3</Type>
			<Dynamic>false</Dynamic>
			<FrozenPos>true</FrozenPos>
			<HashName>prop_box_ammo03a</HashName>
			<InitialHandle>491273</InitialHandle>
			<ObjectProperties>
				<TextureVariation>0</TextureVariation>
			</ObjectProperties>
			<OpacityLevel>255</OpacityLevel>
			<LodDistance>16960</LodDistance>
			<IsVisible>true</IsVisible>
			<MaxHealth>1000</MaxHealth>
			<Health>1000</Health>
			<HasGravity>true</HasGravity>
			<IsOnFire>false</IsOnFire>
			<IsInvincible>false</IsInvincible>
			<IsBulletProof>false</IsBulletProof>
			<IsCollisionProof>false</IsCollisionProof>
			<IsExplosionProof>false</IsExplosionProof>
			<IsFireProof>false</IsFireProof>
			<IsMeleeProof>false</IsMeleeProof>
			<IsOnlyDamagedByPlayer>false</IsOnlyDamagedByPlayer>
			<PositionRotation>
				<X>-147.165436</X>
				<Y>1927.57153</Y>
				<Z>197.598877</Z>
				<Pitch>-1.76288307</Pitch>
				<Roll>5.79093075</Roll>
				<Yaw>91.8651733</Yaw>
			</PositionRotation>
			<Attachment isAttached="true">
				<AttachedTo>779778</AttachedTo>
				<BoneIndex>0</BoneIndex>
				<X>-0.21364373</X>
				<Y>-2.74596</Y>
				<Z>0.379044771</Z>
				<Pitch>-0.28548038</Pitch>
				<Roll>-1.0689975</Roll>
				<Yaw>-0.877105713</Yaw>
			</Attachment>
		</Attachment>
		<Attachment>
			<ModelHash>0xe9e2ec92</ModelHash>
			<Type>3</Type>
			<Dynamic>false</Dynamic>
			<FrozenPos>true</FrozenPos>
			<HashName>prop_box_ammo04a</HashName>
			<InitialHandle>31754</InitialHandle>
			<ObjectProperties>
				<TextureVariation>0</TextureVariation>
			</ObjectProperties>
			<OpacityLevel>255</OpacityLevel>
			<LodDistance>16960</LodDistance>
			<IsVisible>true</IsVisible>
			<MaxHealth>1000</MaxHealth>
			<Health>1000</Health>
			<HasGravity>true</HasGravity>
			<IsOnFire>false</IsOnFire>
			<IsInvincible>false</IsInvincible>
			<IsBulletProof>false</IsBulletProof>
			<IsCollisionProof>false</IsCollisionProof>
			<IsExplosionProof>false</IsExplosionProof>
			<IsFireProof>false</IsFireProof>
			<IsMeleeProof>false</IsMeleeProof>
			<IsOnlyDamagedByPlayer>false</IsOnlyDamagedByPlayer>
			<PositionRotation>
				<X>-147.720169</X>
				<Y>1927.47375</Y>
				<Z>197.607269</Z>
				<Pitch>0.819763005</Pitch>
				<Roll>-7.99753618</Roll>
				<Yaw>-85.0911636</Yaw>
			</PositionRotation>
			<Attachment isAttached="true">
				<AttachedTo>779778</AttachedTo>
				<BoneIndex>0</BoneIndex>
				<X>-0.287325114</X>
				<Y>-2.18759322</Y>
				<Z>0.39210242</Z>
				<Pitch>-0.28548038</Pitch>
				<Roll>-1.0689975</Roll>
				<Yaw>-177.743027</Yaw>
			</Attachment>
		</Attachment>
		<Attachment>
			<ModelHash>0x2d820ae5</ModelHash>
			<Type>3</Type>
			<Dynamic>false</Dynamic>
			<FrozenPos>true</FrozenPos>
			<HashName>prop_v_15_cars_clock</HashName>
			<InitialHandle>144396</InitialHandle>
			<ObjectProperties>
				<TextureVariation>0</TextureVariation>
			</ObjectProperties>
			<OpacityLevel>255</OpacityLevel>
			<LodDistance>16960</LodDistance>
			<IsVisible>true</IsVisible>
			<MaxHealth>1000</MaxHealth>
			<Health>1000</Health>
			<HasGravity>true</HasGravity>
			<IsOnFire>false</IsOnFire>
			<IsInvincible>false</IsInvincible>
			<IsBulletProof>false</IsBulletProof>
			<IsCollisionProof>false</IsCollisionProof>
			<IsExplosionProof>false</IsExplosionProof>
			<IsFireProof>false</IsFireProof>
			<IsMeleeProof>false</IsMeleeProof>
			<IsOnlyDamagedByPlayer>false</IsOnlyDamagedByPlayer>
			<PositionRotation>
				<X>-151.003235</X>
				<Y>1927.70764</Y>
				<Z>197.861923</Z>
				<Pitch>-2.04114175</Pitch>
				<Roll>5.72541189</Roll>
				<Yaw>89.5400467</Yaw>
			</PositionRotation>
			<Attachment isAttached="true">
				<AttachedTo>779778</AttachedTo>
				<BoneIndex>0</BoneIndex>
				<X>0.0584594421</X>
				<Y>1.07374454</Y>
				<Z>0.769230068</Z>
				<Pitch>-0.28548038</Pitch>
				<Roll>-1.0689975</Roll>
				<Yaw>-3.2175827</Yaw>
			</Attachment>
		</Attachment>
		<Attachment>
			<ModelHash>0x6b667f1e</ModelHash>
			<Type>3</Type>
			<Dynamic>false</Dynamic>
			<FrozenPos>true</FrozenPos>
			<HashName>w_ar_carbinerifle_luxe</HashName>
			<InitialHandle>688141</InitialHandle>
			<ObjectProperties>
				<TextureVariation>0</TextureVariation>
			</ObjectProperties>
			<OpacityLevel>255</OpacityLevel>
			<LodDistance>16960</LodDistance>
			<IsVisible>true</IsVisible>
			<MaxHealth>1000</MaxHealth>
			<Health>1000</Health>
			<HasGravity>true</HasGravity>
			<IsOnFire>false</IsOnFire>
			<IsInvincible>false</IsInvincible>
			<IsBulletProof>false</IsBulletProof>
			<IsCollisionProof>false</IsCollisionProof>
			<IsExplosionProof>false</IsExplosionProof>
			<IsFireProof>false</IsFireProof>
			<IsMeleeProof>false</IsMeleeProof>
			<IsOnlyDamagedByPlayer>false</IsOnlyDamagedByPlayer>
			<PositionRotation>
				<X>-152.612564</X>
				<Y>1928.24731</Y>
				<Z>198.423462</Z>
				<Pitch>6.69368505</Pitch>
				<Roll>-0.349836141</Roll>
				<Yaw>-171.952667</Yaw>
			</PositionRotation>
			<Attachment isAttached="true">
				<AttachedTo>779778</AttachedTo>
				<BoneIndex>0</BoneIndex>
				<X>0.597108126</X>
				<Y>2.6419239</Y>
				<Z>1.43791115</Z>
				<Pitch>-0.28548038</Pitch>
				<Roll>-1.0689975</Roll>
				<Yaw>-264.531921</Yaw>
			</Attachment>
		</Attachment>
		<Attachment>
			<ModelHash>0x9e8c3644</ModelHash>
			<Type>3</Type>
			<Dynamic>false</Dynamic>
			<FrozenPos>true</FrozenPos>
			<HashName>w_me_nightstick</HashName>
			<InitialHandle>278799</InitialHandle>
			<ObjectProperties>
				<TextureVariation>0</TextureVariation>
			</ObjectProperties>
			<OpacityLevel>255</OpacityLevel>
			<LodDistance>16960</LodDistance>
			<IsVisible>true</IsVisible>
			<MaxHealth>1000</MaxHealth>
			<Health>1000</Health>
			<HasGravity>true</HasGravity>
			<IsOnFire>false</IsOnFire>
			<IsInvincible>false</IsInvincible>
			<IsBulletProof>false</IsBulletProof>
			<IsCollisionProof>false</IsCollisionProof>
			<IsExplosionProof>false</IsExplosionProof>
			<IsFireProof>false</IsFireProof>
			<IsMeleeProof>false</IsMeleeProof>
			<IsOnlyDamagedByPlayer>false</IsOnlyDamagedByPlayer>
			<PositionRotation>
				<X>-152.503006</X>
				<Y>1928.19775</Y>
				<Z>197.912323</Z>
				<Pitch>6.49468374</Pitch>
				<Roll>0.738344073</Roll>
				<Yaw>178.98175</Yaw>
			</PositionRotation>
			<Attachment isAttached="true">
				<AttachedTo>779778</AttachedTo>
				<BoneIndex>0</BoneIndex>
				<X>0.604395151</X>
				<Y>2.5471139</Y>
				<Z>0.921501279</Z>
				<Pitch>-0.28548038</Pitch>
				<Roll>-1.0689975</Roll>
				<Yaw>86.4603271</Yaw>
			</Attachment>
		</Attachment>
	</SpoonerAttachments>
</Vehicle>
