<?xml version="1.0" encoding="ISO-8859-1"?>
<Vehicle menyoo_ver="0.99987681b">
	<ModelHash>0x3af8c345</ModelHash>
	<InitialHandle>82184</InitialHandle>
	<VehicleProperties>
		<Colours>
			<Primary>3</Primary>
			<Secondary>2</Secondary>
			<Pearl>18</Pearl>
			<Rim>156</Rim>
			<Mod1_a>6</Mod1_a>
			<Mod1_b>-1</Mod1_b>
			<Mod1_c>-1</Mod1_c>
			<Mod2_a>6</Mod2_a>
			<Mod2_b>-1</Mod2_b>
			<IsPrimaryColourCustom>false</IsPrimaryColourCustom>
			<IsSecondaryColourCustom>false</IsSecondaryColourCustom>
			<tyreSmoke_R>255</tyreSmoke_R>
			<tyreSmoke_G>255</tyreSmoke_G>
			<tyreSmoke_B>255</tyreSmoke_B>
			<LrInterior>0</LrInterior>
			<LrDashboard>0</LrDashboard>
		</Colours>
		<Livery>-1</Livery>
		<NumberPlateText>62EFO893</NumberPlateText>
		<NumberPlateIndex>0</NumberPlateIndex>
		<WheelType>4</WheelType>
		<WheelsInvisible>false</WheelsInvisible>
		<EngineSoundName></EngineSoundName>
		<WindowTint>-1</WindowTint>
		<BulletProofTyres>false</BulletProofTyres>
		<DirtLevel>0.0640128106</DirtLevel>
		<PaintFade>0.298039228</PaintFade>
		<RoofState>0</RoofState>
		<SirenActive>false</SirenActive>
		<EngineOn>true</EngineOn>
		<EngineHealth>1250</EngineHealth>
		<LightsOn>false</LightsOn>
		<IsRadioLoud>0</IsRadioLoud>
		<LockStatus>1</LockStatus>
		<Neons>
			<Left>false</Left>
			<Right>false</Right>
			<Front>false</Front>
			<Back>false</Back>
			<R>255</R>
			<G>0</G>
			<B>255</B>
		</Neons>
		<ModExtras>
			<_1>true</_1>
			<_2>false</_2>
			<_3>false</_3>
			<_11>true</_11>
			<_12>false</_12>
		</ModExtras>
		<Mods>
			<_0>-1,0</_0>
			<_1>-1,0</_1>
			<_2>-1,0</_2>
			<_3>-1,0</_3>
			<_4>-1,0</_4>
			<_5>-1,0</_5>
			<_6>-1,0</_6>
			<_7>-1,0</_7>
			<_8>-1,0</_8>
			<_9>-1,0</_9>
			<_10>-1,0</_10>
			<_11>-1,0</_11>
			<_12>-1,0</_12>
			<_13>-1,0</_13>
			<_14>-1,0</_14>
			<_15>-1,0</_15>
			<_16>-1,0</_16>
			<_17>false</_17>
			<_18>false</_18>
			<_19>false</_19>
			<_20>false</_20>
			<_21>false</_21>
			<_22>false</_22>
			<_23>-1,0</_23>
			<_24>-1,0</_24>
			<_25>-1,0</_25>
			<_26>-1,0</_26>
			<_27>-1,0</_27>
			<_28>-1,0</_28>
			<_29>-1,0</_29>
			<_30>-1,0</_30>
			<_31>-1,0</_31>
			<_32>-1,0</_32>
			<_33>-1,0</_33>
			<_34>-1,0</_34>
			<_35>-1,0</_35>
			<_36>-1,0</_36>
			<_37>-1,0</_37>
			<_38>-1,0</_38>
			<_39>-1,0</_39>
			<_40>-1,0</_40>
			<_41>-1,0</_41>
			<_42>-1,0</_42>
			<_43>-1,0</_43>
			<_44>-1,0</_44>
			<_45>-1,0</_45>
			<_46>-1,0</_46>
			<_47>-1,0</_47>
			<_48>-1,0</_48>
		</Mods>
		<DoorsOpen>
			<BackLeftDoor>false</BackLeftDoor>
			<BackRightDoor>false</BackRightDoor>
			<FrontLeftDoor>false</FrontLeftDoor>
			<FrontRightDoor>false</FrontRightDoor>
			<Hood>false</Hood>
			<Trunk>false</Trunk>
			<Trunk2>false</Trunk2>
		</DoorsOpen>
		<DoorsBroken>
			<BackLeftDoor>false</BackLeftDoor>
			<BackRightDoor>false</BackRightDoor>
			<FrontLeftDoor>false</FrontLeftDoor>
			<FrontRightDoor>false</FrontRightDoor>
			<Hood>false</Hood>
			<Trunk>false</Trunk>
			<Trunk2>false</Trunk2>
		</DoorsBroken>
		<TyresBursted>
			<FrontLeft>false</FrontLeft>
			<FrontRight>false</FrontRight>
			<_2>false</_2>
			<_3>false</_3>
			<BackLeft>false</BackLeft>
			<BackRight>false</BackRight>
			<_6>false</_6>
			<_7>false</_7>
			<_8>false</_8>
		</TyresBursted>
		<RpmMultiplier>1</RpmMultiplier>
		<TorqueMultiplier>5</TorqueMultiplier>
		<HeadlightIntensity>1</HeadlightIntensity>
	</VehicleProperties>
	<OpacityLevel>0</OpacityLevel>
	<LodDistance>16960</LodDistance>
	<IsVisible>true</IsVisible>
	<IsDriverVisible>true</IsDriverVisible>
	<MaxHealth>1000</MaxHealth>
	<Health>1000</Health>
	<HasGravity>true</HasGravity>
	<IsOnFire>false</IsOnFire>
	<IsInvincible>false</IsInvincible>
	<IsBulletProof>false</IsBulletProof>
	<IsExplosionProof>false</IsExplosionProof>
	<IsFireProof>false</IsFireProof>
	<IsMeleeProof>false</IsMeleeProof>
	<IsOnlyDamagedByPlayer>false</IsOnlyDamagedByPlayer>
	<SpoonerAttachments SetAttachmentsPersistentAndAddToSpoonerDatabase="false" StartTaskSequencesOnLoad="true">
		<Attachment>
			<ModelHash>0x009a3823</ModelHash>
			<Type>3</Type>
			<Dynamic>false</Dynamic>
			<FrozenPos>true</FrozenPos>
			<HashName>prop_rub_carwreck_8</HashName>
			<InitialHandle>105223</InitialHandle>
			<ObjectProperties>
				<TextureVariation>0</TextureVariation>
			</ObjectProperties>
			<OpacityLevel>255</OpacityLevel>
			<LodDistance>16960</LodDistance>
			<IsVisible>true</IsVisible>
			<MaxHealth>1000</MaxHealth>
			<Health>1000</Health>
			<HasGravity>true</HasGravity>
			<IsOnFire>false</IsOnFire>
			<IsInvincible>false</IsInvincible>
			<IsBulletProof>false</IsBulletProof>
			<IsCollisionProof>false</IsCollisionProof>
			<IsExplosionProof>false</IsExplosionProof>
			<IsFireProof>false</IsFireProof>
			<IsMeleeProof>false</IsMeleeProof>
			<IsOnlyDamagedByPlayer>false</IsOnlyDamagedByPlayer>
			<PositionRotation>
				<X>1332.96204</X>
				<Y>3159.86792</Y>
				<Z>40.1037712</Z>
				<Pitch>-0.140103608</Pitch>
				<Roll>-0.608654201</Roll>
				<Yaw>109.767624</Yaw>
			</PositionRotation>
			<Attachment isAttached="true">
				<AttachedTo>82184</AttachedTo>
				<BoneIndex>0</BoneIndex>
				<X>-0.200000018</X>
				<Y>0</Y>
				<Z>-0.100000016</Z>
				<Pitch>0</Pitch>
				<Roll>0</Roll>
				<Yaw>0</Yaw>
			</Attachment>
		</Attachment>
		<Attachment>
			<ModelHash>0xfe42bb2c</ModelHash>
			<Type>3</Type>
			<Dynamic>false</Dynamic>
			<FrozenPos>true</FrozenPos>
			<HashName>p_dock_rtg_ld_wheel</HashName>
			<InitialHandle>23817</InitialHandle>
			<ObjectProperties>
				<TextureVariation>0</TextureVariation>
			</ObjectProperties>
			<OpacityLevel>255</OpacityLevel>
			<LodDistance>16960</LodDistance>
			<IsVisible>true</IsVisible>
			<MaxHealth>1000</MaxHealth>
			<Health>1000</Health>
			<HasGravity>true</HasGravity>
			<IsOnFire>false</IsOnFire>
			<IsInvincible>false</IsInvincible>
			<IsBulletProof>false</IsBulletProof>
			<IsCollisionProof>false</IsCollisionProof>
			<IsExplosionProof>false</IsExplosionProof>
			<IsFireProof>false</IsFireProof>
			<IsMeleeProof>false</IsMeleeProof>
			<IsOnlyDamagedByPlayer>false</IsOnlyDamagedByPlayer>
			<PositionRotation>
				<X>1334.44922</X>
				<Y>3161.56958</Y>
				<Z>40.0182991</Z>
				<Pitch>0.42549181</Pitch>
				<Roll>-3.67051864</Roll>
				<Yaw>-160.233383</Yaw>
			</PositionRotation>
			<Attachment isAttached="true">
				<AttachedTo>82184</AttachedTo>
				<BoneIndex>48</BoneIndex>
				<X>0.199999988</X>
				<Y>0</Y>
				<Z>0</Z>
				<Pitch>0</Pitch>
				<Roll>0</Roll>
				<Yaw>-89.9999924</Yaw>
			</Attachment>
		</Attachment>
		<Attachment>
			<ModelHash>0xfe42bb2c</ModelHash>
			<Type>3</Type>
			<Dynamic>false</Dynamic>
			<FrozenPos>true</FrozenPos>
			<HashName>p_dock_rtg_ld_wheel</HashName>
			<InitialHandle>405514</InitialHandle>
			<ObjectProperties>
				<TextureVariation>0</TextureVariation>
			</ObjectProperties>
			<OpacityLevel>255</OpacityLevel>
			<LodDistance>16960</LodDistance>
			<IsVisible>true</IsVisible>
			<MaxHealth>1000</MaxHealth>
			<Health>1000</Health>
			<HasGravity>true</HasGravity>
			<IsOnFire>false</IsOnFire>
			<IsInvincible>false</IsInvincible>
			<IsBulletProof>false</IsBulletProof>
			<IsCollisionProof>false</IsCollisionProof>
			<IsExplosionProof>false</IsExplosionProof>
			<IsFireProof>false</IsFireProof>
			<IsMeleeProof>false</IsMeleeProof>
			<IsOnlyDamagedByPlayer>false</IsOnlyDamagedByPlayer>
			<PositionRotation>
				<X>1330.59106</X>
				<Y>3160.60791</Y>
				<Z>40.0110931</Z>
				<Pitch>-0.436548889</Pitch>
				<Roll>120.524361</Roll>
				<Yaw>19.766571</Yaw>
			</PositionRotation>
			<Attachment isAttached="true">
				<AttachedTo>82184</AttachedTo>
				<BoneIndex>47</BoneIndex>
				<X>-0.199999988</X>
				<Y>0</Y>
				<Z>0</Z>
				<Pitch>0</Pitch>
				<Roll>0</Roll>
				<Yaw>89.9999924</Yaw>
			</Attachment>
		</Attachment>
		<Attachment>
			<ModelHash>0xfe42bb2c</ModelHash>
			<Type>3</Type>
			<Dynamic>false</Dynamic>
			<FrozenPos>true</FrozenPos>
			<HashName>p_dock_rtg_ld_wheel</HashName>
			<InitialHandle>34315</InitialHandle>
			<ObjectProperties>
				<TextureVariation>0</TextureVariation>
			</ObjectProperties>
			<OpacityLevel>255</OpacityLevel>
			<LodDistance>16960</LodDistance>
			<IsVisible>true</IsVisible>
			<MaxHealth>1000</MaxHealth>
			<Health>1000</Health>
			<HasGravity>true</HasGravity>
			<IsOnFire>false</IsOnFire>
			<IsInvincible>false</IsInvincible>
			<IsBulletProof>false</IsBulletProof>
			<IsCollisionProof>false</IsCollisionProof>
			<IsExplosionProof>false</IsExplosionProof>
			<IsFireProof>false</IsFireProof>
			<IsMeleeProof>false</IsMeleeProof>
			<IsOnlyDamagedByPlayer>false</IsOnlyDamagedByPlayer>
			<PositionRotation>
				<X>1335.19153</X>
				<Y>3159.50415</Y>
				<Z>39.9879532</Z>
				<Pitch>-1.6345309</Pitch>
				<Roll>77.134491</Roll>
				<Yaw>-160.228363</Yaw>
			</PositionRotation>
			<Attachment isAttached="true">
				<AttachedTo>82184</AttachedTo>
				<BoneIndex>49</BoneIndex>
				<X>-0.199999988</X>
				<Y>0</Y>
				<Z>0</Z>
				<Pitch>0</Pitch>
				<Roll>0</Roll>
				<Yaw>89.9999924</Yaw>
			</Attachment>
		</Attachment>
		<Attachment>
			<ModelHash>0xfe42bb2c</ModelHash>
			<Type>3</Type>
			<Dynamic>false</Dynamic>
			<FrozenPos>true</FrozenPos>
			<HashName>p_dock_rtg_ld_wheel</HashName>
			<InitialHandle>368395</InitialHandle>
			<ObjectProperties>
				<TextureVariation>0</TextureVariation>
			</ObjectProperties>
			<OpacityLevel>255</OpacityLevel>
			<LodDistance>16960</LodDistance>
			<IsVisible>true</IsVisible>
			<MaxHealth>1000</MaxHealth>
			<Health>1000</Health>
			<HasGravity>true</HasGravity>
			<IsOnFire>false</IsOnFire>
			<IsInvincible>false</IsInvincible>
			<IsBulletProof>false</IsBulletProof>
			<IsCollisionProof>false</IsCollisionProof>
			<IsExplosionProof>false</IsExplosionProof>
			<IsFireProof>false</IsFireProof>
			<IsMeleeProof>false</IsMeleeProof>
			<IsOnlyDamagedByPlayer>false</IsOnlyDamagedByPlayer>
			<PositionRotation>
				<X>1331.46863</X>
				<Y>3158.16602</Y>
				<Z>39.9842186</Z>
				<Pitch>-1.62346613</Pitch>
				<Roll>-128.932831</Roll>
				<Yaw>-160.228378</Yaw>
			</PositionRotation>
			<Attachment isAttached="true">
				<AttachedTo>82184</AttachedTo>
				<BoneIndex>50</BoneIndex>
				<X>-0.199999988</X>
				<Y>0</Y>
				<Z>0</Z>
				<Pitch>0</Pitch>
				<Roll>0</Roll>
				<Yaw>89.9999924</Yaw>
			</Attachment>
		</Attachment>
		<Attachment>
			<ModelHash>0xb0b51271</ModelHash>
			<Type>3</Type>
			<Dynamic>false</Dynamic>
			<FrozenPos>true</FrozenPos>
			<HashName>prop_rub_chassis_03</HashName>
			<InitialHandle>83213</InitialHandle>
			<ObjectProperties>
				<TextureVariation>0</TextureVariation>
			</ObjectProperties>
			<OpacityLevel>255</OpacityLevel>
			<LodDistance>16960</LodDistance>
			<IsVisible>true</IsVisible>
			<MaxHealth>1000</MaxHealth>
			<Health>1000</Health>
			<HasGravity>true</HasGravity>
			<IsOnFire>false</IsOnFire>
			<IsInvincible>false</IsInvincible>
			<IsBulletProof>false</IsBulletProof>
			<IsCollisionProof>false</IsCollisionProof>
			<IsExplosionProof>false</IsExplosionProof>
			<IsFireProof>false</IsFireProof>
			<IsMeleeProof>false</IsMeleeProof>
			<IsOnlyDamagedByPlayer>false</IsOnlyDamagedByPlayer>
			<PositionRotation>
				<X>1334.64246</X>
				<Y>3161.00269</Y>
				<Z>39.7871132</Z>
				<Pitch>-0.140103608</Pitch>
				<Roll>-0.608654261</Roll>
				<Yaw>109.767632</Yaw>
			</PositionRotation>
			<Attachment isAttached="true">
				<AttachedTo>82184</AttachedTo>
				<BoneIndex>24</BoneIndex>
				<X>-0.529999912</X>
				<Y>0</Y>
				<Z>-1.13</Z>
				<Pitch>0</Pitch>
				<Roll>0</Roll>
				<Yaw>0</Yaw>
			</Attachment>
		</Attachment>
		<Attachment>
			<ModelHash>0xb0b51271</ModelHash>
			<Type>3</Type>
			<Dynamic>false</Dynamic>
			<FrozenPos>true</FrozenPos>
			<HashName>prop_rub_chassis_03</HashName>
			<InitialHandle>728078</InitialHandle>
			<ObjectProperties>
				<TextureVariation>0</TextureVariation>
			</ObjectProperties>
			<OpacityLevel>255</OpacityLevel>
			<LodDistance>16960</LodDistance>
			<IsVisible>true</IsVisible>
			<MaxHealth>1000</MaxHealth>
			<Health>1000</Health>
			<HasGravity>true</HasGravity>
			<IsOnFire>false</IsOnFire>
			<IsInvincible>false</IsInvincible>
			<IsBulletProof>false</IsBulletProof>
			<IsCollisionProof>false</IsCollisionProof>
			<IsExplosionProof>false</IsExplosionProof>
			<IsFireProof>false</IsFireProof>
			<IsMeleeProof>false</IsMeleeProof>
			<IsOnlyDamagedByPlayer>false</IsOnlyDamagedByPlayer>
			<PositionRotation>
				<X>1334.82593</X>
				<Y>3160.49243</Y>
				<Z>39.7815514</Z>
				<Pitch>-0.140103608</Pitch>
				<Roll>-0.608654261</Roll>
				<Yaw>109.767632</Yaw>
			</PositionRotation>
			<Attachment isAttached="true">
				<AttachedTo>82184</AttachedTo>
				<BoneIndex>25</BoneIndex>
				<X>0.580000043</X>
				<Y>0</Y>
				<Z>-1.13</Z>
				<Pitch>0</Pitch>
				<Roll>0</Roll>
				<Yaw>0</Yaw>
			</Attachment>
		</Attachment>
		<Attachment>
			<ModelHash>0xb0b51271</ModelHash>
			<Type>3</Type>
			<Dynamic>false</Dynamic>
			<FrozenPos>true</FrozenPos>
			<HashName>prop_rub_chassis_03</HashName>
			<InitialHandle>469262</InitialHandle>
			<ObjectProperties>
				<TextureVariation>0</TextureVariation>
			</ObjectProperties>
			<OpacityLevel>255</OpacityLevel>
			<LodDistance>16960</LodDistance>
			<IsVisible>true</IsVisible>
			<MaxHealth>1000</MaxHealth>
			<Health>1000</Health>
			<HasGravity>true</HasGravity>
			<IsOnFire>false</IsOnFire>
			<IsInvincible>false</IsInvincible>
			<IsBulletProof>false</IsBulletProof>
			<IsCollisionProof>false</IsCollisionProof>
			<IsExplosionProof>false</IsExplosionProof>
			<IsFireProof>false</IsFireProof>
			<IsMeleeProof>false</IsMeleeProof>
			<IsOnlyDamagedByPlayer>false</IsOnlyDamagedByPlayer>
			<PositionRotation>
				<X>1330.9314</X>
				<Y>3159.61597</Y>
				<Z>39.7732201</Z>
				<Pitch>-0.140103579</Pitch>
				<Roll>-0.608654201</Roll>
				<Yaw>109.767632</Yaw>
			</PositionRotation>
			<Attachment isAttached="true">
				<AttachedTo>82184</AttachedTo>
				<BoneIndex>23</BoneIndex>
				<X>-0.579999924</X>
				<Y>0.0199999996</Y>
				<Z>-1.24000001</Z>
				<Pitch>0</Pitch>
				<Roll>0</Roll>
				<Yaw>0</Yaw>
			</Attachment>
		</Attachment>
		<Attachment>
			<ModelHash>0xb0b51271</ModelHash>
			<Type>3</Type>
			<Dynamic>false</Dynamic>
			<FrozenPos>true</FrozenPos>
			<HashName>prop_rub_chassis_03</HashName>
			<InitialHandle>192017</InitialHandle>
			<ObjectProperties>
				<TextureVariation>0</TextureVariation>
			</ObjectProperties>
			<OpacityLevel>255</OpacityLevel>
			<LodDistance>16960</LodDistance>
			<IsVisible>true</IsVisible>
			<MaxHealth>1000</MaxHealth>
			<Health>1000</Health>
			<HasGravity>true</HasGravity>
			<IsOnFire>false</IsOnFire>
			<IsInvincible>false</IsInvincible>
			<IsBulletProof>false</IsBulletProof>
			<IsCollisionProof>false</IsCollisionProof>
			<IsExplosionProof>false</IsExplosionProof>
			<IsFireProof>false</IsFireProof>
			<IsMeleeProof>false</IsMeleeProof>
			<IsOnlyDamagedByPlayer>false</IsOnlyDamagedByPlayer>
			<PositionRotation>
				<X>1331.1073</X>
				<Y>3159.15576</Y>
				<Z>39.7887001</Z>
				<Pitch>-0.140103608</Pitch>
				<Roll>-0.608654261</Roll>
				<Yaw>109.767632</Yaw>
			</PositionRotation>
			<Attachment isAttached="true">
				<AttachedTo>82184</AttachedTo>
				<BoneIndex>22</BoneIndex>
				<X>0.579999924</X>
				<Y>0.00999999978</Y>
				<Z>-1.22000003</Z>
				<Pitch>0</Pitch>
				<Roll>0</Roll>
				<Yaw>0</Yaw>
			</Attachment>
		</Attachment>
		<Attachment>
			<ModelHash>0x6516fb2e</ModelHash>
			<Type>3</Type>
			<Dynamic>false</Dynamic>
			<FrozenPos>true</FrozenPos>
			<HashName>prop_rub_chassis_01</HashName>
			<InitialHandle>764692</InitialHandle>
			<ObjectProperties>
				<TextureVariation>0</TextureVariation>
			</ObjectProperties>
			<OpacityLevel>255</OpacityLevel>
			<LodDistance>16960</LodDistance>
			<IsVisible>true</IsVisible>
			<MaxHealth>1000</MaxHealth>
			<Health>1000</Health>
			<HasGravity>true</HasGravity>
			<IsOnFire>false</IsOnFire>
			<IsInvincible>false</IsInvincible>
			<IsBulletProof>false</IsBulletProof>
			<IsCollisionProof>false</IsCollisionProof>
			<IsExplosionProof>false</IsExplosionProof>
			<IsFireProof>false</IsFireProof>
			<IsMeleeProof>false</IsMeleeProof>
			<IsOnlyDamagedByPlayer>false</IsOnlyDamagedByPlayer>
			<PositionRotation>
				<X>1332.89404</X>
				<Y>3160.05933</Y>
				<Z>39.8059158</Z>
				<Pitch>-0.608652532</Pitch>
				<Roll>0.140111387</Roll>
				<Yaw>-160.230881</Yaw>
			</PositionRotation>
			<Attachment isAttached="true">
				<AttachedTo>82184</AttachedTo>
				<BoneIndex>0</BoneIndex>
				<X>0</X>
				<Y>0</Y>
				<Z>-0.399999976</Z>
				<Pitch>0</Pitch>
				<Roll>0</Roll>
				<Yaw>89.9999924</Yaw>
			</Attachment>
		</Attachment>
		<Attachment>
			<ModelHash>0xc303b70e</ModelHash>
			<Type>3</Type>
			<Dynamic>false</Dynamic>
			<FrozenPos>true</FrozenPos>
			<HashName>prop_rub_chassis_02</HashName>
			<InitialHandle>773142</InitialHandle>
			<ObjectProperties>
				<TextureVariation>0</TextureVariation>
			</ObjectProperties>
			<OpacityLevel>255</OpacityLevel>
			<LodDistance>16960</LodDistance>
			<IsVisible>true</IsVisible>
			<MaxHealth>1000</MaxHealth>
			<Health>1000</Health>
			<HasGravity>true</HasGravity>
			<IsOnFire>false</IsOnFire>
			<IsInvincible>false</IsInvincible>
			<IsBulletProof>false</IsBulletProof>
			<IsCollisionProof>false</IsCollisionProof>
			<IsExplosionProof>false</IsExplosionProof>
			<IsFireProof>false</IsFireProof>
			<IsMeleeProof>false</IsMeleeProof>
			<IsOnlyDamagedByPlayer>false</IsOnlyDamagedByPlayer>
			<PositionRotation>
				<X>1333.7887</X>
				<Y>3159.54028</Y>
				<Z>40.7744064</Z>
				<Pitch>0.481748998</Pitch>
				<Roll>-0.54536283</Roll>
				<Yaw>108.999863</Yaw>
			</PositionRotation>
			<Attachment isAttached="true">
				<AttachedTo>82184</AttachedTo>
				<BoneIndex>0</BoneIndex>
				<X>-0.780726254</X>
				<Y>-0.668790579</Y>
				<Z>0.575206399</Z>
				<Pitch>0.613649189</Pitch>
				<Roll>0.0651490539</Roll>
				<Yaw>-0.774345398</Yaw>
			</Attachment>
		</Attachment>
		<Attachment>
			<ModelHash>0xf2f47da7</ModelHash>
			<Type>3</Type>
			<Dynamic>false</Dynamic>
			<FrozenPos>true</FrozenPos>
			<HashName>w_lr_rpg</HashName>
			<InitialHandle>57623</InitialHandle>
			<ObjectProperties>
				<TextureVariation>0</TextureVariation>
			</ObjectProperties>
			<OpacityLevel>255</OpacityLevel>
			<LodDistance>16960</LodDistance>
			<IsVisible>true</IsVisible>
			<MaxHealth>1000</MaxHealth>
			<Health>1000</Health>
			<HasGravity>true</HasGravity>
			<IsOnFire>false</IsOnFire>
			<IsInvincible>false</IsInvincible>
			<IsBulletProof>false</IsBulletProof>
			<IsCollisionProof>false</IsCollisionProof>
			<IsExplosionProof>false</IsExplosionProof>
			<IsFireProof>false</IsFireProof>
			<IsMeleeProof>false</IsMeleeProof>
			<IsOnlyDamagedByPlayer>false</IsOnlyDamagedByPlayer>
			<PositionRotation>
				<X>1333.18262</X>
				<Y>3159.16748</Y>
				<Z>41.3907204</Z>
				<Pitch>0.0025464464</Pitch>
				<Roll>0.194154844</Roll>
				<Yaw>-161.274902</Yaw>
			</PositionRotation>
			<Attachment isAttached="true">
				<AttachedTo>82184</AttachedTo>
				<BoneIndex>0</BoneIndex>
				<X>-0.91996181</X>
				<Y>0.0261219256</Y>
				<Z>1.19473743</Z>
				<Pitch>0.613649189</Pitch>
				<Roll>0.0651490539</Roll>
				<Yaw>-271.042603</Yaw>
			</Attachment>
		</Attachment>
		<Attachment>
			<ModelHash>0x9a3207b7</ModelHash>
			<Type>3</Type>
			<Dynamic>false</Dynamic>
			<FrozenPos>true</FrozenPos>
			<HashName>w_lr_rpg_rocket</HashName>
			<InitialHandle>264729</InitialHandle>
			<ObjectProperties>
				<TextureVariation>0</TextureVariation>
			</ObjectProperties>
			<OpacityLevel>255</OpacityLevel>
			<LodDistance>16960</LodDistance>
			<IsVisible>true</IsVisible>
			<MaxHealth>1000</MaxHealth>
			<Health>1000</Health>
			<HasGravity>true</HasGravity>
			<IsOnFire>false</IsOnFire>
			<IsInvincible>false</IsInvincible>
			<IsBulletProof>false</IsBulletProof>
			<IsCollisionProof>false</IsCollisionProof>
			<IsExplosionProof>false</IsExplosionProof>
			<IsFireProof>false</IsFireProof>
			<IsMeleeProof>false</IsMeleeProof>
			<IsOnlyDamagedByPlayer>false</IsOnlyDamagedByPlayer>
			<PositionRotation>
				<X>1332.93481</X>
				<Y>3159.01733</Y>
				<Z>41.4246826</Z>
				<Pitch>-0.140103608</Pitch>
				<Roll>-0.608654201</Roll>
				<Yaw>109.767624</Yaw>
			</PositionRotation>
			<Attachment isAttached="true">
				<AttachedTo>82184</AttachedTo>
				<BoneIndex>0</BoneIndex>
				<X>-0.977000177</X>
				<Y>0.309999973</Y>
				<Z>1.2299999</Z>
				<Pitch>0</Pitch>
				<Roll>0</Roll>
				<Yaw>0</Yaw>
			</Attachment>
		</Attachment>
		<Attachment>
			<ModelHash>0xf2f47da7</ModelHash>
			<Type>3</Type>
			<Dynamic>false</Dynamic>
			<FrozenPos>true</FrozenPos>
			<HashName>w_lr_rpg</HashName>
			<InitialHandle>62234</InitialHandle>
			<ObjectProperties>
				<TextureVariation>0</TextureVariation>
			</ObjectProperties>
			<OpacityLevel>255</OpacityLevel>
			<LodDistance>16960</LodDistance>
			<IsVisible>true</IsVisible>
			<MaxHealth>1000</MaxHealth>
			<Health>1000</Health>
			<HasGravity>true</HasGravity>
			<IsOnFire>false</IsOnFire>
			<IsInvincible>false</IsInvincible>
			<IsBulletProof>false</IsBulletProof>
			<IsCollisionProof>false</IsCollisionProof>
			<IsExplosionProof>false</IsExplosionProof>
			<IsFireProof>false</IsFireProof>
			<IsMeleeProof>false</IsMeleeProof>
			<IsOnlyDamagedByPlayer>false</IsOnlyDamagedByPlayer>
			<PositionRotation>
				<X>1333.18274</X>
				<Y>3159.1665</Y>
				<Z>41.4807167</Z>
				<Pitch>0.0025464464</Pitch>
				<Roll>0.194154844</Roll>
				<Yaw>-161.274902</Yaw>
			</PositionRotation>
			<Attachment isAttached="true">
				<AttachedTo>82184</AttachedTo>
				<BoneIndex>0</BoneIndex>
				<X>-0.91996181</X>
				<Y>0.0261219256</Y>
				<Z>1.28473735</Z>
				<Pitch>0.613649189</Pitch>
				<Roll>0.0651490539</Roll>
				<Yaw>-271.042603</Yaw>
			</Attachment>
		</Attachment>
		<Attachment>
			<ModelHash>0xf2f47da7</ModelHash>
			<Type>3</Type>
			<Dynamic>false</Dynamic>
			<FrozenPos>true</FrozenPos>
			<HashName>w_lr_rpg</HashName>
			<InitialHandle>468506</InitialHandle>
			<ObjectProperties>
				<TextureVariation>0</TextureVariation>
			</ObjectProperties>
			<OpacityLevel>255</OpacityLevel>
			<LodDistance>16960</LodDistance>
			<IsVisible>true</IsVisible>
			<MaxHealth>1000</MaxHealth>
			<Health>1000</Health>
			<HasGravity>true</HasGravity>
			<IsOnFire>false</IsOnFire>
			<IsInvincible>false</IsInvincible>
			<IsBulletProof>false</IsBulletProof>
			<IsCollisionProof>false</IsCollisionProof>
			<IsExplosionProof>false</IsExplosionProof>
			<IsFireProof>false</IsFireProof>
			<IsMeleeProof>false</IsMeleeProof>
			<IsOnlyDamagedByPlayer>false</IsOnlyDamagedByPlayer>
			<PositionRotation>
				<X>1333.203</X>
				<Y>3159.11011</Y>
				<Z>41.4800797</Z>
				<Pitch>0.0025464464</Pitch>
				<Roll>0.194154844</Roll>
				<Yaw>-161.274902</Yaw>
			</PositionRotation>
			<Attachment isAttached="true">
				<AttachedTo>82184</AttachedTo>
				<BoneIndex>0</BoneIndex>
				<X>-0.979961753</X>
				<Y>0.0261219274</Y>
				<Z>1.28473735</Z>
				<Pitch>0.613649189</Pitch>
				<Roll>0.0651490539</Roll>
				<Yaw>-271.042603</Yaw>
			</Attachment>
		</Attachment>
		<Attachment>
			<ModelHash>0xf2f47da7</ModelHash>
			<Type>3</Type>
			<Dynamic>false</Dynamic>
			<FrozenPos>true</FrozenPos>
			<HashName>w_lr_rpg</HashName>
			<InitialHandle>90137</InitialHandle>
			<ObjectProperties>
				<TextureVariation>0</TextureVariation>
			</ObjectProperties>
			<OpacityLevel>255</OpacityLevel>
			<LodDistance>16960</LodDistance>
			<IsVisible>true</IsVisible>
			<MaxHealth>1000</MaxHealth>
			<Health>1000</Health>
			<HasGravity>true</HasGravity>
			<IsOnFire>false</IsOnFire>
			<IsInvincible>false</IsInvincible>
			<IsBulletProof>false</IsBulletProof>
			<IsCollisionProof>false</IsCollisionProof>
			<IsExplosionProof>false</IsExplosionProof>
			<IsFireProof>false</IsFireProof>
			<IsMeleeProof>false</IsMeleeProof>
			<IsOnlyDamagedByPlayer>false</IsOnlyDamagedByPlayer>
			<PositionRotation>
				<X>1333.20288</X>
				<Y>3159.11108</Y>
				<Z>41.3900833</Z>
				<Pitch>0.0025464464</Pitch>
				<Roll>0.194154844</Roll>
				<Yaw>-161.274902</Yaw>
			</PositionRotation>
			<Attachment isAttached="true">
				<AttachedTo>82184</AttachedTo>
				<BoneIndex>0</BoneIndex>
				<X>-0.979961753</X>
				<Y>0.0261219274</Y>
				<Z>1.19473743</Z>
				<Pitch>0.613649189</Pitch>
				<Roll>0.0651490539</Roll>
				<Yaw>-271.042603</Yaw>
			</Attachment>
		</Attachment>
		<Attachment>
			<ModelHash>0xc303b70e</ModelHash>
			<Type>3</Type>
			<Dynamic>false</Dynamic>
			<FrozenPos>true</FrozenPos>
			<HashName>prop_rub_chassis_02</HashName>
			<InitialHandle>242715</InitialHandle>
			<ObjectProperties>
				<TextureVariation>0</TextureVariation>
			</ObjectProperties>
			<OpacityLevel>255</OpacityLevel>
			<LodDistance>16960</LodDistance>
			<IsVisible>true</IsVisible>
			<MaxHealth>1000</MaxHealth>
			<Health>1000</Health>
			<HasGravity>true</HasGravity>
			<IsOnFire>false</IsOnFire>
			<IsInvincible>false</IsInvincible>
			<IsBulletProof>false</IsBulletProof>
			<IsCollisionProof>false</IsCollisionProof>
			<IsExplosionProof>false</IsExplosionProof>
			<IsFireProof>false</IsFireProof>
			<IsMeleeProof>false</IsMeleeProof>
			<IsOnlyDamagedByPlayer>false</IsOnlyDamagedByPlayer>
			<PositionRotation>
				<X>1333.80896</X>
				<Y>3159.48364</Y>
				<Z>40.7737656</Z>
				<Pitch>0.481748998</Pitch>
				<Roll>-0.54536283</Roll>
				<Yaw>108.999863</Yaw>
			</PositionRotation>
			<Attachment isAttached="true">
				<AttachedTo>82184</AttachedTo>
				<BoneIndex>0</BoneIndex>
				<X>-0.840726197</X>
				<Y>-0.668790579</Y>
				<Z>0.575206399</Z>
				<Pitch>0.613649189</Pitch>
				<Roll>0.0651490539</Roll>
				<Yaw>-0.774345398</Yaw>
			</Attachment>
		</Attachment>
		<Attachment>
			<ModelHash>0x9a3207b7</ModelHash>
			<Type>3</Type>
			<Dynamic>false</Dynamic>
			<FrozenPos>true</FrozenPos>
			<HashName>w_lr_rpg_rocket</HashName>
			<InitialHandle>454941</InitialHandle>
			<ObjectProperties>
				<TextureVariation>0</TextureVariation>
			</ObjectProperties>
			<OpacityLevel>255</OpacityLevel>
			<LodDistance>16960</LodDistance>
			<IsVisible>true</IsVisible>
			<MaxHealth>1000</MaxHealth>
			<Health>1000</Health>
			<HasGravity>true</HasGravity>
			<IsOnFire>false</IsOnFire>
			<IsInvincible>false</IsInvincible>
			<IsBulletProof>false</IsBulletProof>
			<IsCollisionProof>false</IsCollisionProof>
			<IsExplosionProof>false</IsExplosionProof>
			<IsFireProof>false</IsFireProof>
			<IsMeleeProof>false</IsMeleeProof>
			<IsOnlyDamagedByPlayer>false</IsOnlyDamagedByPlayer>
			<PositionRotation>
				<X>1332.91455</X>
				<Y>3159.07397</Y>
				<Z>41.4253197</Z>
				<Pitch>-0.140103608</Pitch>
				<Roll>-0.608654201</Roll>
				<Yaw>109.767624</Yaw>
			</PositionRotation>
			<Attachment isAttached="true">
				<AttachedTo>82184</AttachedTo>
				<BoneIndex>0</BoneIndex>
				<X>-0.917000234</X>
				<Y>0.309999973</Y>
				<Z>1.2299999</Z>
				<Pitch>0</Pitch>
				<Roll>0</Roll>
				<Yaw>0</Yaw>
			</Attachment>
		</Attachment>
		<Attachment>
			<ModelHash>0x9a3207b7</ModelHash>
			<Type>3</Type>
			<Dynamic>false</Dynamic>
			<FrozenPos>true</FrozenPos>
			<HashName>w_lr_rpg_rocket</HashName>
			<InitialHandle>640541</InitialHandle>
			<ObjectProperties>
				<TextureVariation>0</TextureVariation>
			</ObjectProperties>
			<OpacityLevel>255</OpacityLevel>
			<LodDistance>16960</LodDistance>
			<IsVisible>true</IsVisible>
			<MaxHealth>1000</MaxHealth>
			<Health>1000</Health>
			<HasGravity>true</HasGravity>
			<IsOnFire>false</IsOnFire>
			<IsInvincible>false</IsInvincible>
			<IsBulletProof>false</IsBulletProof>
			<IsCollisionProof>false</IsCollisionProof>
			<IsExplosionProof>false</IsExplosionProof>
			<IsFireProof>false</IsFireProof>
			<IsMeleeProof>false</IsMeleeProof>
			<IsOnlyDamagedByPlayer>false</IsOnlyDamagedByPlayer>
			<PositionRotation>
				<X>1332.91467</X>
				<Y>3159.073</Y>
				<Z>41.5153122</Z>
				<Pitch>-0.140103608</Pitch>
				<Roll>-0.608654201</Roll>
				<Yaw>109.767624</Yaw>
			</PositionRotation>
			<Attachment isAttached="true">
				<AttachedTo>82184</AttachedTo>
				<BoneIndex>0</BoneIndex>
				<X>-0.917000234</X>
				<Y>0.309999973</Y>
				<Z>1.31999981</Z>
				<Pitch>0</Pitch>
				<Roll>0</Roll>
				<Yaw>0</Yaw>
			</Attachment>
		</Attachment>
		<Attachment>
			<ModelHash>0x9a3207b7</ModelHash>
			<Type>3</Type>
			<Dynamic>false</Dynamic>
			<FrozenPos>true</FrozenPos>
			<HashName>w_lr_rpg_rocket</HashName>
			<InitialHandle>569885</InitialHandle>
			<ObjectProperties>
				<TextureVariation>0</TextureVariation>
			</ObjectProperties>
			<OpacityLevel>255</OpacityLevel>
			<LodDistance>16960</LodDistance>
			<IsVisible>true</IsVisible>
			<MaxHealth>1000</MaxHealth>
			<Health>1000</Health>
			<HasGravity>true</HasGravity>
			<IsOnFire>false</IsOnFire>
			<IsInvincible>false</IsInvincible>
			<IsBulletProof>false</IsBulletProof>
			<IsCollisionProof>false</IsCollisionProof>
			<IsExplosionProof>false</IsExplosionProof>
			<IsFireProof>false</IsFireProof>
			<IsMeleeProof>false</IsMeleeProof>
			<IsOnlyDamagedByPlayer>false</IsOnlyDamagedByPlayer>
			<PositionRotation>
				<X>1332.93494</X>
				<Y>3159.01636</Y>
				<Z>41.5146751</Z>
				<Pitch>-0.140103608</Pitch>
				<Roll>-0.608654201</Roll>
				<Yaw>109.767624</Yaw>
			</PositionRotation>
			<Attachment isAttached="true">
				<AttachedTo>82184</AttachedTo>
				<BoneIndex>0</BoneIndex>
				<X>-0.977000177</X>
				<Y>0.309999973</Y>
				<Z>1.31999981</Z>
				<Pitch>0</Pitch>
				<Roll>0</Roll>
				<Yaw>0</Yaw>
			</Attachment>
		</Attachment>
		<Attachment>
			<ModelHash>0x0dd75614</ModelHash>
			<Type>3</Type>
			<Dynamic>false</Dynamic>
			<FrozenPos>true</FrozenPos>
			<HashName>prop_car_engine_01</HashName>
			<InitialHandle>684575</InitialHandle>
			<ObjectProperties>
				<TextureVariation>0</TextureVariation>
			</ObjectProperties>
			<OpacityLevel>255</OpacityLevel>
			<LodDistance>16960</LodDistance>
			<IsVisible>true</IsVisible>
			<MaxHealth>1000</MaxHealth>
			<Health>1000</Health>
			<HasGravity>true</HasGravity>
			<IsOnFire>false</IsOnFire>
			<IsInvincible>false</IsInvincible>
			<IsBulletProof>false</IsBulletProof>
			<IsCollisionProof>false</IsCollisionProof>
			<IsExplosionProof>false</IsExplosionProof>
			<IsFireProof>false</IsFireProof>
			<IsMeleeProof>false</IsMeleeProof>
			<IsOnlyDamagedByPlayer>false</IsOnlyDamagedByPlayer>
			<PositionRotation>
				<X>1331.46497</X>
				<Y>3159.43335</Y>
				<Z>40.3467598</Z>
				<Pitch>-0.140103608</Pitch>
				<Roll>-0.608654201</Roll>
				<Yaw>109.767624</Yaw>
			</PositionRotation>
			<Attachment isAttached="true">
				<AttachedTo>82184</AttachedTo>
				<BoneIndex>46</BoneIndex>
				<X>-0.100000009</X>
				<Y>-0.50000006</Y>
				<Z>-0.800000131</Z>
				<Pitch>0</Pitch>
				<Roll>0</Roll>
				<Yaw>0</Yaw>
			</Attachment>
		</Attachment>
		<Attachment>
			<ModelHash>0x9970602c</ModelHash>
			<Type>3</Type>
			<Dynamic>false</Dynamic>
			<FrozenPos>true</FrozenPos>
			<HashName>prop_bumper_02</HashName>
			<InitialHandle>652836</InitialHandle>
			<ObjectProperties>
				<TextureVariation>0</TextureVariation>
			</ObjectProperties>
			<OpacityLevel>255</OpacityLevel>
			<LodDistance>16960</LodDistance>
			<IsVisible>true</IsVisible>
			<MaxHealth>1000</MaxHealth>
			<Health>1000</Health>
			<HasGravity>true</HasGravity>
			<IsOnFire>false</IsOnFire>
			<IsInvincible>false</IsInvincible>
			<IsBulletProof>false</IsBulletProof>
			<IsCollisionProof>false</IsCollisionProof>
			<IsExplosionProof>false</IsExplosionProof>
			<IsFireProof>false</IsFireProof>
			<IsMeleeProof>false</IsMeleeProof>
			<IsOnlyDamagedByPlayer>false</IsOnlyDamagedByPlayer>
			<PositionRotation>
				<X>1330.44604</X>
				<Y>3159.06396</Y>
				<Z>40.1580887</Z>
				<Pitch>0.14010337</Pitch>
				<Roll>0.608654261</Roll>
				<Yaw>-70.2323837</Yaw>
			</PositionRotation>
			<Attachment isAttached="true">
				<AttachedTo>82184</AttachedTo>
				<BoneIndex>16</BoneIndex>
				<X>-1.00000012</X>
				<Y>-0.0700000077</Y>
				<Z>-0.50000006</Z>
				<Pitch>0</Pitch>
				<Roll>0</Roll>
				<Yaw>179.999985</Yaw>
			</Attachment>
		</Attachment>
		<Attachment>
			<ModelHash>0x9970602c</ModelHash>
			<Type>3</Type>
			<Dynamic>false</Dynamic>
			<FrozenPos>true</FrozenPos>
			<HashName>prop_bumper_02</HashName>
			<InitialHandle>778533</InitialHandle>
			<ObjectProperties>
				<TextureVariation>0</TextureVariation>
			</ObjectProperties>
			<OpacityLevel>255</OpacityLevel>
			<LodDistance>16960</LodDistance>
			<IsVisible>true</IsVisible>
			<MaxHealth>1000</MaxHealth>
			<Health>1000</Health>
			<HasGravity>true</HasGravity>
			<IsOnFire>false</IsOnFire>
			<IsInvincible>false</IsInvincible>
			<IsBulletProof>false</IsBulletProof>
			<IsCollisionProof>false</IsCollisionProof>
			<IsExplosionProof>false</IsExplosionProof>
			<IsFireProof>false</IsFireProof>
			<IsMeleeProof>false</IsMeleeProof>
			<IsOnlyDamagedByPlayer>false</IsOnlyDamagedByPlayer>
			<PositionRotation>
				<X>1330.44617</X>
				<Y>3159.06274</Y>
				<Z>40.2580833</Z>
				<Pitch>0.14010337</Pitch>
				<Roll>-179.391357</Roll>
				<Yaw>-70.2323837</Yaw>
			</PositionRotation>
			<Attachment isAttached="true">
				<AttachedTo>82184</AttachedTo>
				<BoneIndex>16</BoneIndex>
				<X>-1.00000012</X>
				<Y>-0.0700000077</Y>
				<Z>-0.400000036</Z>
				<Pitch>0</Pitch>
				<Roll>179.999985</Roll>
				<Yaw>179.999985</Yaw>
			</Attachment>
		</Attachment>
		<Attachment>
			<ModelHash>0x2129af0f</ModelHash>
			<Type>3</Type>
			<Dynamic>false</Dynamic>
			<FrozenPos>true</FrozenPos>
			<HashName>imp_prop_impexp_radiator_01</HashName>
			<InitialHandle>189224</InitialHandle>
			<ObjectProperties>
				<TextureVariation>0</TextureVariation>
			</ObjectProperties>
			<OpacityLevel>255</OpacityLevel>
			<LodDistance>16960</LodDistance>
			<IsVisible>true</IsVisible>
			<MaxHealth>1000</MaxHealth>
			<Health>1000</Health>
			<HasGravity>true</HasGravity>
			<IsOnFire>false</IsOnFire>
			<IsInvincible>false</IsInvincible>
			<IsBulletProof>false</IsBulletProof>
			<IsCollisionProof>false</IsCollisionProof>
			<IsExplosionProof>false</IsExplosionProof>
			<IsFireProof>false</IsFireProof>
			<IsMeleeProof>false</IsMeleeProof>
			<IsOnlyDamagedByPlayer>false</IsOnlyDamagedByPlayer>
			<PositionRotation>
				<X>1330.86658</X>
				<Y>3159.32446</Y>
				<Z>40.3463554</Z>
				<Pitch>-20.1389275</Pitch>
				<Roll>-0.648290873</Roll>
				<Yaw>109.545898</Yaw>
			</PositionRotation>
			<Attachment isAttached="true">
				<AttachedTo>82184</AttachedTo>
				<BoneIndex>46</BoneIndex>
				<X>0</X>
				<Y>0.100000001</Y>
				<Z>-0.800000131</Z>
				<Pitch>-20.0000038</Pitch>
				<Roll>0</Roll>
				<Yaw>0</Yaw>
			</Attachment>
		</Attachment>
		<Attachment>
			<ModelHash>0x4bbbac6e</ModelHash>
			<Type>3</Type>
			<Dynamic>false</Dynamic>
			<FrozenPos>true</FrozenPos>
			<HashName>prop_gascyl_01a</HashName>
			<InitialHandle>383530</InitialHandle>
			<ObjectProperties>
				<TextureVariation>0</TextureVariation>
			</ObjectProperties>
			<OpacityLevel>255</OpacityLevel>
			<LodDistance>16960</LodDistance>
			<IsVisible>true</IsVisible>
			<MaxHealth>1000</MaxHealth>
			<Health>1000</Health>
			<HasGravity>true</HasGravity>
			<IsOnFire>false</IsOnFire>
			<IsInvincible>false</IsInvincible>
			<IsBulletProof>false</IsBulletProof>
			<IsCollisionProof>false</IsCollisionProof>
			<IsExplosionProof>false</IsExplosionProof>
			<IsFireProof>false</IsFireProof>
			<IsMeleeProof>false</IsMeleeProof>
			<IsOnlyDamagedByPlayer>false</IsOnlyDamagedByPlayer>
			<PositionRotation>
				<X>1334.57483</X>
				<Y>3160.14038</Y>
				<Z>40.9412842</Z>
				<Pitch>0.454612523</Pitch>
				<Roll>-0.5388605</Roll>
				<Yaw>111.559776</Yaw>
			</PositionRotation>
			<Attachment isAttached="true">
				<AttachedTo>82184</AttachedTo>
				<BoneIndex>0</BoneIndex>
				<X>-0.479974568</X>
				<Y>-1.61195421</Y>
				<Z>0.736595869</Z>
				<Pitch>0.613649189</Pitch>
				<Roll>0.0651490539</Roll>
				<Yaw>1.78577423</Yaw>
			</Attachment>
		</Attachment>
		<Attachment>
			<ModelHash>0x4bbbac6e</ModelHash>
			<Type>3</Type>
			<Dynamic>false</Dynamic>
			<FrozenPos>true</FrozenPos>
			<HashName>prop_gascyl_01a</HashName>
			<InitialHandle>4139</InitialHandle>
			<ObjectProperties>
				<TextureVariation>0</TextureVariation>
			</ObjectProperties>
			<OpacityLevel>255</OpacityLevel>
			<LodDistance>16960</LodDistance>
			<IsVisible>true</IsVisible>
			<MaxHealth>1000</MaxHealth>
			<Health>1000</Health>
			<HasGravity>true</HasGravity>
			<IsOnFire>false</IsOnFire>
			<IsInvincible>false</IsInvincible>
			<IsBulletProof>false</IsBulletProof>
			<IsCollisionProof>false</IsCollisionProof>
			<IsExplosionProof>false</IsExplosionProof>
			<IsFireProof>false</IsFireProof>
			<IsMeleeProof>false</IsMeleeProof>
			<IsOnlyDamagedByPlayer>false</IsOnlyDamagedByPlayer>
			<PositionRotation>
				<X>1334.24158</X>
				<Y>3160.71484</Y>
				<Z>40.6479149</Z>
				<Pitch>0.454612732</Pitch>
				<Roll>89.4611359</Roll>
				<Yaw>111.559776</Yaw>
			</PositionRotation>
			<Attachment isAttached="true">
				<AttachedTo>82184</AttachedTo>
				<BoneIndex>0</BoneIndex>
				<X>0.170025572</X>
				<Y>-1.49195433</Y>
				<Z>0.436596155</Z>
				<Pitch>0.613649368</Pitch>
				<Roll>90.065155</Roll>
				<Yaw>1.78577423</Yaw>
			</Attachment>
		</Attachment>
		<Attachment>
			<ModelHash>0x2250786a</ModelHash>
			<Type>3</Type>
			<Dynamic>false</Dynamic>
			<FrozenPos>true</FrozenPos>
			<HashName>prop_rub_carpart_05</HashName>
			<InitialHandle>316206</InitialHandle>
			<ObjectProperties>
				<TextureVariation>0</TextureVariation>
			</ObjectProperties>
			<OpacityLevel>255</OpacityLevel>
			<LodDistance>16960</LodDistance>
			<IsVisible>true</IsVisible>
			<MaxHealth>1000</MaxHealth>
			<Health>1000</Health>
			<HasGravity>true</HasGravity>
			<IsOnFire>false</IsOnFire>
			<IsInvincible>false</IsInvincible>
			<IsBulletProof>false</IsBulletProof>
			<IsCollisionProof>false</IsCollisionProof>
			<IsExplosionProof>false</IsExplosionProof>
			<IsFireProof>false</IsFireProof>
			<IsMeleeProof>false</IsMeleeProof>
			<IsOnlyDamagedByPlayer>false</IsOnlyDamagedByPlayer>
			<PositionRotation>
				<X>1332.74487</X>
				<Y>3159.48657</Y>
				<Z>40.6418228</Z>
				<Pitch>-0.0578189418</Pitch>
				<Roll>-0.607026458</Roll>
				<Yaw>109.508987</Yaw>
			</PositionRotation>
			<Attachment isAttached="true">
				<AttachedTo>82184</AttachedTo>
				<BoneIndex>0</BoneIndex>
				<X>-0.479517788</X>
				<Y>0.332024574</Y>
				<Z>0.441864014</Z>
				<Pitch>0.0795311555</Pitch>
				<Roll>0.00225453801</Roll>
				<Yaw>-0.259498596</Yaw>
			</Attachment>
		</Attachment>
		<Attachment>
			<ModelHash>0xd6a8e9bd</ModelHash>
			<Type>3</Type>
			<Dynamic>false</Dynamic>
			<FrozenPos>true</FrozenPos>
			<HashName>hei_prop_hei_ammo_pile</HashName>
			<InitialHandle>614448</InitialHandle>
			<ObjectProperties>
				<TextureVariation>0</TextureVariation>
			</ObjectProperties>
			<OpacityLevel>255</OpacityLevel>
			<LodDistance>16960</LodDistance>
			<IsVisible>true</IsVisible>
			<MaxHealth>1000</MaxHealth>
			<Health>1000</Health>
			<HasGravity>true</HasGravity>
			<IsOnFire>false</IsOnFire>
			<IsInvincible>false</IsInvincible>
			<IsBulletProof>false</IsBulletProof>
			<IsCollisionProof>false</IsCollisionProof>
			<IsExplosionProof>false</IsExplosionProof>
			<IsFireProof>false</IsFireProof>
			<IsMeleeProof>false</IsMeleeProof>
			<IsOnlyDamagedByPlayer>false</IsOnlyDamagedByPlayer>
			<PositionRotation>
				<X>1333.07312</X>
				<Y>3160.26758</Y>
				<Z>40.3432884</Z>
				<Pitch>-0.0633389652</Pitch>
				<Roll>-0.605755806</Roll>
				<Yaw>110.028603</Yaw>
			</PositionRotation>
			<Attachment isAttached="true">
				<AttachedTo>82184</AttachedTo>
				<BoneIndex>0</BoneIndex>
				<X>0.141206741</X>
				<Y>-0.240333229</Y>
				<Z>0.135318369</Z>
				<Pitch>0.0795311555</Pitch>
				<Roll>0.00225453801</Roll>
				<Yaw>0.260147095</Yaw>
			</Attachment>
		</Attachment>
		<Attachment>
			<ModelHash>0xd6a8e9bd</ModelHash>
			<Type>3</Type>
			<Dynamic>false</Dynamic>
			<FrozenPos>true</FrozenPos>
			<HashName>hei_prop_hei_ammo_pile</HashName>
			<InitialHandle>182577</InitialHandle>
			<ObjectProperties>
				<TextureVariation>0</TextureVariation>
			</ObjectProperties>
			<OpacityLevel>255</OpacityLevel>
			<LodDistance>16960</LodDistance>
			<IsVisible>true</IsVisible>
			<MaxHealth>1000</MaxHealth>
			<Health>1000</Health>
			<HasGravity>true</HasGravity>
			<IsOnFire>false</IsOnFire>
			<IsInvincible>false</IsInvincible>
			<IsBulletProof>false</IsBulletProof>
			<IsCollisionProof>false</IsCollisionProof>
			<IsExplosionProof>false</IsExplosionProof>
			<IsFireProof>false</IsFireProof>
			<IsMeleeProof>false</IsMeleeProof>
			<IsOnlyDamagedByPlayer>false</IsOnlyDamagedByPlayer>
			<PositionRotation>
				<X>1332.60254</X>
				<Y>3160.09863</Y>
				<Z>40.3420677</Z>
				<Pitch>-0.0633389652</Pitch>
				<Roll>-0.605755806</Roll>
				<Yaw>110.028603</Yaw>
			</PositionRotation>
			<Attachment isAttached="true">
				<AttachedTo>82184</AttachedTo>
				<BoneIndex>0</BoneIndex>
				<X>0.141206741</X>
				<Y>0.25966686</Y>
				<Z>0.135318369</Z>
				<Pitch>0.0795311555</Pitch>
				<Roll>0.00225453801</Roll>
				<Yaw>0.260147095</Yaw>
			</Attachment>
		</Attachment>
		<Attachment>
			<ModelHash>0xb34e141d</ModelHash>
			<Type>3</Type>
			<Dynamic>false</Dynamic>
			<FrozenPos>true</FrozenPos>
			<HashName>prop_wheel_hub_01</HashName>
			<InitialHandle>79922</InitialHandle>
			<ObjectProperties>
				<TextureVariation>0</TextureVariation>
			</ObjectProperties>
			<OpacityLevel>255</OpacityLevel>
			<LodDistance>16960</LodDistance>
			<IsVisible>true</IsVisible>
			<MaxHealth>1000</MaxHealth>
			<Health>1000</Health>
			<HasGravity>true</HasGravity>
			<IsOnFire>false</IsOnFire>
			<IsInvincible>false</IsInvincible>
			<IsBulletProof>false</IsBulletProof>
			<IsCollisionProof>false</IsCollisionProof>
			<IsExplosionProof>false</IsExplosionProof>
			<IsFireProof>false</IsFireProof>
			<IsMeleeProof>false</IsMeleeProof>
			<IsOnlyDamagedByPlayer>false</IsOnlyDamagedByPlayer>
			<PositionRotation>
				<X>1332.31506</X>
				<Y>3159.31934</Y>
				<Z>41.1726303</Z>
				<Pitch>-15.1659698</Pitch>
				<Roll>-0.630616367</Roll>
				<Yaw>109.604126</Yaw>
			</PositionRotation>
			<Attachment isAttached="true">
				<AttachedTo>82184</AttachedTo>
				<BoneIndex>70</BoneIndex>
				<X>0</X>
				<Y>0</Y>
				<Z>0</Z>
				<Pitch>0</Pitch>
				<Roll>0</Roll>
				<Yaw>0</Yaw>
			</Attachment>
		</Attachment>
		<Attachment>
			<ModelHash>0x710841e5</ModelHash>
			<Type>3</Type>
			<Dynamic>false</Dynamic>
			<FrozenPos>true</FrozenPos>
			<HashName>prop_scaffold_pole</HashName>
			<InitialHandle>764979</InitialHandle>
			<ObjectProperties>
				<TextureVariation>0</TextureVariation>
			</ObjectProperties>
			<OpacityLevel>255</OpacityLevel>
			<LodDistance>16960</LodDistance>
			<IsVisible>true</IsVisible>
			<MaxHealth>1000</MaxHealth>
			<Health>1000</Health>
			<HasGravity>true</HasGravity>
			<IsOnFire>false</IsOnFire>
			<IsInvincible>false</IsInvincible>
			<IsBulletProof>false</IsBulletProof>
			<IsCollisionProof>false</IsCollisionProof>
			<IsExplosionProof>false</IsExplosionProof>
			<IsFireProof>false</IsFireProof>
			<IsMeleeProof>false</IsMeleeProof>
			<IsOnlyDamagedByPlayer>false</IsOnlyDamagedByPlayer>
			<PositionRotation>
				<X>1332.04224</X>
				<Y>3159.22217</Y>
				<Z>41.0941467</Z>
				<Pitch>-74.8212509</Pitch>
				<Roll>-177.674789</Roll>
				<Yaw>-67.9867172</Yaw>
			</PositionRotation>
			<Attachment isAttached="true">
				<AttachedTo>82184</AttachedTo>
				<BoneIndex>70</BoneIndex>
				<X>0</X>
				<Y>0.300000042</Y>
				<Z>0</Z>
				<Pitch>-90.0000076</Pitch>
				<Roll>0</Roll>
				<Yaw>0</Yaw>
			</Attachment>
		</Attachment>
		<Attachment>
			<ModelHash>0x944d0adf</ModelHash>
			<Type>3</Type>
			<Dynamic>false</Dynamic>
			<FrozenPos>true</FrozenPos>
			<HashName>prop_ld_armour</HashName>
			<InitialHandle>559925</InitialHandle>
			<ObjectProperties>
				<TextureVariation>0</TextureVariation>
			</ObjectProperties>
			<OpacityLevel>255</OpacityLevel>
			<LodDistance>16960</LodDistance>
			<IsVisible>true</IsVisible>
			<MaxHealth>1000</MaxHealth>
			<Health>1000</Health>
			<HasGravity>true</HasGravity>
			<IsOnFire>false</IsOnFire>
			<IsInvincible>false</IsInvincible>
			<IsBulletProof>false</IsBulletProof>
			<IsCollisionProof>false</IsCollisionProof>
			<IsExplosionProof>false</IsExplosionProof>
			<IsFireProof>false</IsFireProof>
			<IsMeleeProof>false</IsMeleeProof>
			<IsOnlyDamagedByPlayer>false</IsOnlyDamagedByPlayer>
			<PositionRotation>
				<X>1331.41309</X>
				<Y>3158.91455</Y>
				<Z>40.8323097</Z>
				<Pitch>-89.3541031</Pitch>
				<Roll>70.840744</Roll>
				<Yaw>-0.103271849</Yaw>
			</PositionRotation>
			<Attachment isAttached="true">
				<AttachedTo>82184</AttachedTo>
				<BoneIndex>0</BoneIndex>
				<X>-0.565325916</X>
				<Y>1.77831376</Y>
				<Z>0.636809707</Z>
				<Pitch>-89.9204712</Pitch>
				<Roll>0.00225448608</Roll>
				<Yaw>179.290283</Yaw>
			</Attachment>
		</Attachment>
		<Attachment>
			<ModelHash>0x944d0adf</ModelHash>
			<Type>3</Type>
			<Dynamic>false</Dynamic>
			<FrozenPos>true</FrozenPos>
			<HashName>prop_ld_armour</HashName>
			<InitialHandle>364853</InitialHandle>
			<ObjectProperties>
				<TextureVariation>0</TextureVariation>
			</ObjectProperties>
			<OpacityLevel>255</OpacityLevel>
			<LodDistance>16960</LodDistance>
			<IsVisible>true</IsVisible>
			<MaxHealth>1000</MaxHealth>
			<Health>1000</Health>
			<HasGravity>true</HasGravity>
			<IsOnFire>false</IsOnFire>
			<IsInvincible>false</IsInvincible>
			<IsBulletProof>false</IsBulletProof>
			<IsCollisionProof>false</IsCollisionProof>
			<IsExplosionProof>false</IsExplosionProof>
			<IsFireProof>false</IsFireProof>
			<IsMeleeProof>false</IsMeleeProof>
			<IsOnlyDamagedByPlayer>false</IsOnlyDamagedByPlayer>
			<PositionRotation>
				<X>1331.33777</X>
				<Y>3158.88745</Y>
				<Z>40.8321114</Z>
				<Pitch>-89.3541031</Pitch>
				<Roll>70.840744</Roll>
				<Yaw>-0.103271849</Yaw>
			</PositionRotation>
			<Attachment isAttached="true">
				<AttachedTo>82184</AttachedTo>
				<BoneIndex>0</BoneIndex>
				<X>-0.565325916</X>
				<Y>1.8583138</Y>
				<Z>0.636809707</Z>
				<Pitch>-89.9204712</Pitch>
				<Roll>0.00225448608</Roll>
				<Yaw>179.290283</Yaw>
			</Attachment>
		</Attachment>
		<Attachment>
			<ModelHash>0x944d0adf</ModelHash>
			<Type>3</Type>
			<Dynamic>false</Dynamic>
			<FrozenPos>true</FrozenPos>
			<HashName>prop_ld_armour</HashName>
			<InitialHandle>145207</InitialHandle>
			<ObjectProperties>
				<TextureVariation>0</TextureVariation>
			</ObjectProperties>
			<OpacityLevel>255</OpacityLevel>
			<LodDistance>16960</LodDistance>
			<IsVisible>true</IsVisible>
			<MaxHealth>1000</MaxHealth>
			<Health>1000</Health>
			<HasGravity>true</HasGravity>
			<IsOnFire>false</IsOnFire>
			<IsInvincible>false</IsInvincible>
			<IsBulletProof>false</IsBulletProof>
			<IsCollisionProof>false</IsCollisionProof>
			<IsExplosionProof>false</IsExplosionProof>
			<IsFireProof>false</IsFireProof>
			<IsMeleeProof>false</IsMeleeProof>
			<IsOnlyDamagedByPlayer>false</IsOnlyDamagedByPlayer>
			<PositionRotation>
				<X>1331.00317</X>
				<Y>3158.77466</Y>
				<Z>40.8313255</Z>
				<Pitch>-89.3541031</Pitch>
				<Roll>70.840744</Roll>
				<Yaw>-0.103271849</Yaw>
			</PositionRotation>
			<Attachment isAttached="true">
				<AttachedTo>82184</AttachedTo>
				<BoneIndex>55</BoneIndex>
				<X>-0.558325887</X>
				<Y>2.21131325</Y>
				<Z>0.636809707</Z>
				<Pitch>-89.9204712</Pitch>
				<Roll>0.00225448608</Roll>
				<Yaw>179.290283</Yaw>
			</Attachment>
		</Attachment>
		<Attachment>
			<ModelHash>0x451054d8</ModelHash>
			<Type>3</Type>
			<Dynamic>false</Dynamic>
			<FrozenPos>true</FrozenPos>
			<HashName>prop_car_battery_01</HashName>
			<InitialHandle>670013</InitialHandle>
			<ObjectProperties>
				<TextureVariation>0</TextureVariation>
			</ObjectProperties>
			<OpacityLevel>255</OpacityLevel>
			<LodDistance>16960</LodDistance>
			<IsVisible>true</IsVisible>
			<MaxHealth>1000</MaxHealth>
			<Health>1000</Health>
			<HasGravity>true</HasGravity>
			<IsOnFire>false</IsOnFire>
			<IsInvincible>false</IsInvincible>
			<IsBulletProof>false</IsBulletProof>
			<IsCollisionProof>false</IsCollisionProof>
			<IsExplosionProof>false</IsExplosionProof>
			<IsFireProof>false</IsFireProof>
			<IsMeleeProof>false</IsMeleeProof>
			<IsOnlyDamagedByPlayer>false</IsOnlyDamagedByPlayer>
			<PositionRotation>
				<X>1331.16919</X>
				<Y>3158.82007</Y>
				<Z>40.8498192</Z>
				<Pitch>0.0792827234</Pitch>
				<Roll>0.498658538</Roll>
				<Yaw>-71.6067657</Yaw>
			</PositionRotation>
			<Attachment isAttached="true">
				<AttachedTo>82184</AttachedTo>
				<BoneIndex>0</BoneIndex>
				<X>-0.571682215</X>
				<Y>2.03972435</Y>
				<Z>0.65502882</Z>
				<Pitch>-0.0461785682</Pitch>
				<Roll>-0.113181233</Roll>
				<Yaw>178.625031</Yaw>
			</Attachment>
		</Attachment>
	</SpoonerAttachments>
</Vehicle>
