<?xml version="1.0" encoding="ISO-8859-1"?>
<Vehicle menyoo_ver="0.999876778b">
	<ModelHash>0xd83c13ce</ModelHash>
	<InitialHandle>319528</InitialHandle>
	<VehicleProperties>
		<Colours>
			<Primary>155</Primary>
			<Secondary>0</Secondary>
			<Pearl>0</Pearl>
			<Rim>156</Rim>
			<Mod1_a>6</Mod1_a>
			<Mod1_b>-1</Mod1_b>
			<Mod1_c>-1</Mod1_c>
			<Mod2_a>6</Mod2_a>
			<Mod2_b>-1</Mod2_b>
			<IsPrimaryColourCustom>false</IsPrimaryColourCustom>
			<IsSecondaryColourCustom>false</IsSecondaryColourCustom>
			<tyreSmoke_R>255</tyreSmoke_R>
			<tyreSmoke_G>255</tyreSmoke_G>
			<tyreSmoke_B>255</tyreSmoke_B>
			<LrInterior>0</LrInterior>
			<LrDashboard>0</LrDashboard>
		</Colours>
		<Livery>-1</Livery>
		<NumberPlateText>26ZUL780</NumberPlateText>
		<NumberPlateIndex>1</NumberPlateIndex>
		<WheelType>1</WheelType>
		<WheelsInvisible>false</WheelsInvisible>
		<EngineSoundName></EngineSoundName>
		<WindowTint>-1</WindowTint>
		<BulletProofTyres>false</BulletProofTyres>
		<DirtLevel>15</DirtLevel>
		<PaintFade>0.298039228</PaintFade>
		<RoofState>0</RoofState>
		<SirenActive>false</SirenActive>
		<EngineOn>true</EngineOn>
		<EngineHealth>1000</EngineHealth>
		<LightsOn>false</LightsOn>
		<IsRadioLoud>1</IsRadioLoud>
		<LockStatus>1</LockStatus>
		<Neons>
			<Left>false</Left>
			<Right>false</Right>
			<Front>false</Front>
			<Back>false</Back>
			<R>255</R>
			<G>0</G>
			<B>255</B>
		</Neons>
		<ModExtras>
			<_1>false</_1>
			<_10>false</_10>
			<_11>true</_11>
		</ModExtras>
		<Mods>
			<_0>-1,0</_0>
			<_1>-1,0</_1>
			<_2>-1,0</_2>
			<_3>-1,0</_3>
			<_4>1,0</_4>
			<_5>-1,0</_5>
			<_6>0,0</_6>
			<_7>1,0</_7>
			<_8>1,0</_8>
			<_9>-1,0</_9>
			<_10>1,0</_10>
			<_11>3,0</_11>
			<_12>2,0</_12>
			<_13>2,0</_13>
			<_14>2,0</_14>
			<_15>-1,0</_15>
			<_16>2,0</_16>
			<_17>false</_17>
			<_18>true</_18>
			<_19>false</_19>
			<_20>true</_20>
			<_21>false</_21>
			<_22>false</_22>
			<_23>-1,0</_23>
			<_24>-1,0</_24>
			<_25>-1,0</_25>
			<_26>-1,0</_26>
			<_27>-1,0</_27>
			<_28>-1,0</_28>
			<_29>-1,0</_29>
			<_30>-1,0</_30>
			<_31>-1,0</_31>
			<_32>-1,0</_32>
			<_33>-1,0</_33>
			<_34>-1,0</_34>
			<_35>-1,0</_35>
			<_36>-1,0</_36>
			<_37>-1,0</_37>
			<_38>-1,0</_38>
			<_39>-1,0</_39>
			<_40>-1,0</_40>
			<_41>-1,0</_41>
			<_42>-1,0</_42>
			<_43>-1,0</_43>
			<_44>-1,0</_44>
			<_45>-1,0</_45>
			<_46>-1,0</_46>
			<_47>-1,0</_47>
			<_48>-1,0</_48>
		</Mods>
		<DoorsOpen>
			<BackLeftDoor>false</BackLeftDoor>
			<BackRightDoor>false</BackRightDoor>
			<FrontLeftDoor>false</FrontLeftDoor>
			<FrontRightDoor>false</FrontRightDoor>
			<Hood>false</Hood>
			<Trunk>false</Trunk>
			<Trunk2>false</Trunk2>
		</DoorsOpen>
		<DoorsBroken>
			<BackLeftDoor>false</BackLeftDoor>
			<BackRightDoor>false</BackRightDoor>
			<FrontLeftDoor>false</FrontLeftDoor>
			<FrontRightDoor>false</FrontRightDoor>
			<Hood>false</Hood>
			<Trunk>false</Trunk>
			<Trunk2>false</Trunk2>
		</DoorsBroken>
		<TyresBursted>
			<FrontLeft>false</FrontLeft>
			<FrontRight>false</FrontRight>
			<_2>false</_2>
			<_3>false</_3>
			<BackLeft>false</BackLeft>
			<BackRight>false</BackRight>
			<_6>false</_6>
			<_7>false</_7>
			<_8>false</_8>
		</TyresBursted>
		<RpmMultiplier>1</RpmMultiplier>
		<TorqueMultiplier>1</TorqueMultiplier>
		<HeadlightIntensity>1</HeadlightIntensity>
	</VehicleProperties>
	<OpacityLevel>255</OpacityLevel>
	<LodDistance>16960</LodDistance>
	<IsVisible>true</IsVisible>
	<IsDriverVisible>true</IsDriverVisible>
	<MaxHealth>1000</MaxHealth>
	<Health>1000</Health>
	<HasGravity>true</HasGravity>
	<IsOnFire>false</IsOnFire>
	<IsInvincible>false</IsInvincible>
	<IsBulletProof>false</IsBulletProof>
	<IsExplosionProof>false</IsExplosionProof>
	<IsFireProof>false</IsFireProof>
	<IsMeleeProof>false</IsMeleeProof>
	<IsOnlyDamagedByPlayer>false</IsOnlyDamagedByPlayer>
	<SpoonerAttachments SetAttachmentsPersistentAndAddToSpoonerDatabase="false" StartTaskSequencesOnLoad="true">
		<Attachment>
			<ModelHash>0xa640636d</ModelHash>
			<Type>3</Type>
			<Dynamic>false</Dynamic>
			<FrozenPos>true</FrozenPos>
			<HashName>prop_rub_scrap_06</HashName>
			<InitialHandle>518205</InitialHandle>
			<ObjectProperties>
				<TextureVariation>0</TextureVariation>
			</ObjectProperties>
			<OpacityLevel>255</OpacityLevel>
			<LodDistance>16960</LodDistance>
			<IsVisible>true</IsVisible>
			<MaxHealth>1000</MaxHealth>
			<Health>1000</Health>
			<HasGravity>true</HasGravity>
			<IsOnFire>false</IsOnFire>
			<IsInvincible>false</IsInvincible>
			<IsBulletProof>false</IsBulletProof>
			<IsCollisionProof>false</IsCollisionProof>
			<IsExplosionProof>false</IsExplosionProof>
			<IsFireProof>false</IsFireProof>
			<IsMeleeProof>false</IsMeleeProof>
			<IsOnlyDamagedByPlayer>false</IsOnlyDamagedByPlayer>
			<PositionRotation>
				<X>1770.8988</X>
				<Y>3032.36938</Y>
				<Z>62.648159</Z>
				<Pitch>-2.18088984</Pitch>
				<Roll>0.292236954</Roll>
				<Yaw>-63.4725494</Yaw>
			</PositionRotation>
			<Attachment isAttached="true">
				<AttachedTo>319528</AttachedTo>
				<BoneIndex>0</BoneIndex>
				<X>-0.115448646</X>
				<Y>-1.50391936</Y>
				<Z>0.534397066</Z>
				<Pitch>-0.36269629</Pitch>
				<Roll>0.0104512256</Roll>
				<Yaw>1.56007385</Yaw>
			</Attachment>
		</Attachment>
		<Attachment>
			<ModelHash>0xa640636d</ModelHash>
			<Type>3</Type>
			<Dynamic>false</Dynamic>
			<FrozenPos>true</FrozenPos>
			<HashName>prop_rub_scrap_06</HashName>
			<InitialHandle>600638</InitialHandle>
			<ObjectProperties>
				<TextureVariation>0</TextureVariation>
			</ObjectProperties>
			<OpacityLevel>255</OpacityLevel>
			<LodDistance>16960</LodDistance>
			<IsVisible>true</IsVisible>
			<MaxHealth>1000</MaxHealth>
			<Health>1000</Health>
			<HasGravity>true</HasGravity>
			<IsOnFire>false</IsOnFire>
			<IsInvincible>false</IsInvincible>
			<IsBulletProof>false</IsBulletProof>
			<IsCollisionProof>false</IsCollisionProof>
			<IsExplosionProof>false</IsExplosionProof>
			<IsFireProof>false</IsFireProof>
			<IsMeleeProof>false</IsMeleeProof>
			<IsOnlyDamagedByPlayer>false</IsOnlyDamagedByPlayer>
			<PositionRotation>
				<X>1770.88062</X>
				<Y>3032.35986</Y>
				<Z>62.6799698</Z>
				<Pitch>-2.18088984</Pitch>
				<Roll>0.292236954</Roll>
				<Yaw>-63.4725494</Yaw>
			</PositionRotation>
			<Attachment isAttached="true">
				<AttachedTo>319528</AttachedTo>
				<BoneIndex>0</BoneIndex>
				<X>-0.11481645</X>
				<Y>-1.52536535</Y>
				<Z>0.565541804</Z>
				<Pitch>-0.36269629</Pitch>
				<Roll>0.0104512256</Roll>
				<Yaw>1.56007385</Yaw>
			</Attachment>
		</Attachment>
		<Attachment>
			<ModelHash>0xa640636d</ModelHash>
			<Type>3</Type>
			<Dynamic>false</Dynamic>
			<FrozenPos>true</FrozenPos>
			<HashName>prop_rub_scrap_06</HashName>
			<InitialHandle>701246</InitialHandle>
			<ObjectProperties>
				<TextureVariation>0</TextureVariation>
			</ObjectProperties>
			<OpacityLevel>255</OpacityLevel>
			<LodDistance>16960</LodDistance>
			<IsVisible>true</IsVisible>
			<MaxHealth>1000</MaxHealth>
			<Health>1000</Health>
			<HasGravity>true</HasGravity>
			<IsOnFire>false</IsOnFire>
			<IsInvincible>false</IsInvincible>
			<IsBulletProof>false</IsBulletProof>
			<IsCollisionProof>false</IsCollisionProof>
			<IsExplosionProof>false</IsExplosionProof>
			<IsFireProof>false</IsFireProof>
			<IsMeleeProof>false</IsMeleeProof>
			<IsOnlyDamagedByPlayer>false</IsOnlyDamagedByPlayer>
			<PositionRotation>
				<X>1770.86426</X>
				<Y>3032.35132</Y>
				<Z>62.7717438</Z>
				<Pitch>-2.18088984</Pitch>
				<Roll>0.292236954</Roll>
				<Yaw>-63.4725494</Yaw>
			</PositionRotation>
			<Attachment isAttached="true">
				<AttachedTo>319528</AttachedTo>
				<BoneIndex>0</BoneIndex>
				<X>-0.114184193</X>
				<Y>-1.54681146</Y>
				<Z>0.65668267</Z>
				<Pitch>-0.36269629</Pitch>
				<Roll>0.0104512256</Roll>
				<Yaw>1.56007385</Yaw>
			</Attachment>
		</Attachment>
		<Attachment>
			<ModelHash>0xa640636d</ModelHash>
			<Type>3</Type>
			<Dynamic>false</Dynamic>
			<FrozenPos>true</FrozenPos>
			<HashName>prop_rub_scrap_06</HashName>
			<InitialHandle>222215</InitialHandle>
			<ObjectProperties>
				<TextureVariation>0</TextureVariation>
			</ObjectProperties>
			<OpacityLevel>255</OpacityLevel>
			<LodDistance>16960</LodDistance>
			<IsVisible>true</IsVisible>
			<MaxHealth>1000</MaxHealth>
			<Health>1000</Health>
			<HasGravity>true</HasGravity>
			<IsOnFire>false</IsOnFire>
			<IsInvincible>false</IsInvincible>
			<IsBulletProof>false</IsBulletProof>
			<IsCollisionProof>false</IsCollisionProof>
			<IsExplosionProof>false</IsExplosionProof>
			<IsFireProof>false</IsFireProof>
			<IsMeleeProof>false</IsMeleeProof>
			<IsOnlyDamagedByPlayer>false</IsOnlyDamagedByPlayer>
			<PositionRotation>
				<X>1770.84363</X>
				<Y>3032.34106</Y>
				<Z>62.7235909</Z>
				<Pitch>-2.18088984</Pitch>
				<Roll>0.292236954</Roll>
				<Yaw>-63.4725494</Yaw>
			</PositionRotation>
			<Attachment isAttached="true">
				<AttachedTo>319528</AttachedTo>
				<BoneIndex>0</BoneIndex>
				<X>-0.113551997</X>
				<Y>-1.56825757</Y>
				<Z>0.60782373</Z>
				<Pitch>-0.36269629</Pitch>
				<Roll>0.0104512256</Roll>
				<Yaw>1.56007385</Yaw>
			</Attachment>
		</Attachment>
		<Attachment>
			<ModelHash>0xa640636d</ModelHash>
			<Type>3</Type>
			<Dynamic>false</Dynamic>
			<FrozenPos>true</FrozenPos>
			<HashName>prop_rub_scrap_06</HashName>
			<InitialHandle>673563</InitialHandle>
			<ObjectProperties>
				<TextureVariation>0</TextureVariation>
			</ObjectProperties>
			<OpacityLevel>255</OpacityLevel>
			<LodDistance>16960</LodDistance>
			<IsVisible>true</IsVisible>
			<MaxHealth>1000</MaxHealth>
			<Health>1000</Health>
			<HasGravity>true</HasGravity>
			<IsOnFire>false</IsOnFire>
			<IsInvincible>false</IsInvincible>
			<IsBulletProof>false</IsBulletProof>
			<IsCollisionProof>false</IsCollisionProof>
			<IsExplosionProof>false</IsExplosionProof>
			<IsFireProof>false</IsFireProof>
			<IsMeleeProof>false</IsMeleeProof>
			<IsOnlyDamagedByPlayer>false</IsOnlyDamagedByPlayer>
			<PositionRotation>
				<X>1770.82751</X>
				<Y>3032.33252</Y>
				<Z>62.8253555</Z>
				<Pitch>-2.18088984</Pitch>
				<Roll>0.292236954</Roll>
				<Yaw>-63.4725494</Yaw>
			</PositionRotation>
			<Attachment isAttached="true">
				<AttachedTo>319528</AttachedTo>
				<BoneIndex>0</BoneIndex>
				<X>-0.11291974</X>
				<Y>-1.5897038</Y>
				<Z>0.708960772</Z>
				<Pitch>-0.36269629</Pitch>
				<Roll>0.0104512256</Roll>
				<Yaw>1.56007385</Yaw>
			</Attachment>
		</Attachment>
		<Attachment>
			<ModelHash>0x59df96b5</ModelHash>
			<Type>3</Type>
			<Dynamic>false</Dynamic>
			<FrozenPos>true</FrozenPos>
			<HashName>prop_ld_rubble_04</HashName>
			<InitialHandle>760128</InitialHandle>
			<ObjectProperties>
				<TextureVariation>0</TextureVariation>
			</ObjectProperties>
			<OpacityLevel>255</OpacityLevel>
			<LodDistance>16960</LodDistance>
			<IsVisible>true</IsVisible>
			<MaxHealth>1000</MaxHealth>
			<Health>1000</Health>
			<HasGravity>true</HasGravity>
			<IsOnFire>false</IsOnFire>
			<IsInvincible>false</IsInvincible>
			<IsBulletProof>false</IsBulletProof>
			<IsCollisionProof>false</IsCollisionProof>
			<IsExplosionProof>false</IsExplosionProof>
			<IsFireProof>false</IsFireProof>
			<IsMeleeProof>false</IsMeleeProof>
			<IsOnlyDamagedByPlayer>false</IsOnlyDamagedByPlayer>
			<PositionRotation>
				<X>1771.75354</X>
				<Y>3032.12012</Y>
				<Z>62.6017914</Z>
				<Pitch>-0.644412279</Pitch>
				<Roll>-1.80781245</Roll>
				<Yaw>-153.484787</Yaw>
			</PositionRotation>
			<Attachment isAttached="true">
				<AttachedTo>319528</AttachedTo>
				<BoneIndex>0</BoneIndex>
				<X>0.471180439</X>
				<Y>-0.833097398</Y>
				<Z>0.511759281</Z>
				<Pitch>-0.36269629</Pitch>
				<Roll>0.0104512256</Roll>
				<Yaw>-88.4299393</Yaw>
			</Attachment>
		</Attachment>
		<Attachment>
			<ModelHash>0x59df96b5</ModelHash>
			<Type>3</Type>
			<Dynamic>false</Dynamic>
			<FrozenPos>true</FrozenPos>
			<HashName>prop_ld_rubble_04</HashName>
			<InitialHandle>440129</InitialHandle>
			<ObjectProperties>
				<TextureVariation>0</TextureVariation>
			</ObjectProperties>
			<OpacityLevel>255</OpacityLevel>
			<LodDistance>16960</LodDistance>
			<IsVisible>true</IsVisible>
			<MaxHealth>1000</MaxHealth>
			<Health>1000</Health>
			<HasGravity>true</HasGravity>
			<IsOnFire>false</IsOnFire>
			<IsInvincible>false</IsInvincible>
			<IsBulletProof>false</IsBulletProof>
			<IsCollisionProof>false</IsCollisionProof>
			<IsExplosionProof>false</IsExplosionProof>
			<IsFireProof>false</IsFireProof>
			<IsMeleeProof>false</IsMeleeProof>
			<IsOnlyDamagedByPlayer>false</IsOnlyDamagedByPlayer>
			<PositionRotation>
				<X>1771.7583</X>
				<Y>3032.11475</Y>
				<Z>62.6890488</Z>
				<Pitch>-0.633416176</Pitch>
				<Roll>-1.80948055</Roll>
				<Yaw>-153.831039</Yaw>
			</PositionRotation>
			<Attachment isAttached="true">
				<AttachedTo>319528</AttachedTo>
				<BoneIndex>0</BoneIndex>
				<X>0.477782488</X>
				<Y>-0.83389318</Y>
				<Z>0.599064171</Z>
				<Pitch>-0.36269629</Pitch>
				<Roll>0.0104512256</Roll>
				<Yaw>-88.7763443</Yaw>
			</Attachment>
		</Attachment>
		<Attachment>
			<ModelHash>0xdb8f1a1a</ModelHash>
			<Type>3</Type>
			<Dynamic>false</Dynamic>
			<FrozenPos>true</FrozenPos>
			<HashName>prop_ld_rubble_03</HashName>
			<InitialHandle>256833</InitialHandle>
			<ObjectProperties>
				<TextureVariation>0</TextureVariation>
			</ObjectProperties>
			<OpacityLevel>255</OpacityLevel>
			<LodDistance>16960</LodDistance>
			<IsVisible>true</IsVisible>
			<MaxHealth>1000</MaxHealth>
			<Health>1000</Health>
			<HasGravity>true</HasGravity>
			<IsOnFire>false</IsOnFire>
			<IsInvincible>false</IsInvincible>
			<IsBulletProof>false</IsBulletProof>
			<IsCollisionProof>false</IsCollisionProof>
			<IsExplosionProof>false</IsExplosionProof>
			<IsFireProof>false</IsFireProof>
			<IsMeleeProof>false</IsMeleeProof>
			<IsOnlyDamagedByPlayer>false</IsOnlyDamagedByPlayer>
			<PositionRotation>
				<X>1771.75586</X>
				<Y>3032.12769</Y>
				<Z>62.7778473</Z>
				<Pitch>-0.633416176</Pitch>
				<Roll>-1.80948055</Roll>
				<Yaw>-153.831039</Yaw>
			</PositionRotation>
			<Attachment isAttached="true">
				<AttachedTo>319528</AttachedTo>
				<BoneIndex>0</BoneIndex>
				<X>0.464742601</X>
				<Y>-0.83348155</Y>
				<Z>0.687868118</Z>
				<Pitch>-0.36269629</Pitch>
				<Roll>0.0104512256</Roll>
				<Yaw>-88.7763443</Yaw>
			</Attachment>
		</Attachment>
		<Attachment>
			<ModelHash>0xdb8f1a1a</ModelHash>
			<Type>3</Type>
			<Dynamic>false</Dynamic>
			<FrozenPos>true</FrozenPos>
			<HashName>prop_ld_rubble_03</HashName>
			<InitialHandle>550721</InitialHandle>
			<ObjectProperties>
				<TextureVariation>0</TextureVariation>
			</ObjectProperties>
			<OpacityLevel>255</OpacityLevel>
			<LodDistance>16960</LodDistance>
			<IsVisible>true</IsVisible>
			<MaxHealth>1000</MaxHealth>
			<Health>1000</Health>
			<HasGravity>true</HasGravity>
			<IsOnFire>false</IsOnFire>
			<IsInvincible>false</IsInvincible>
			<IsBulletProof>false</IsBulletProof>
			<IsCollisionProof>false</IsCollisionProof>
			<IsExplosionProof>false</IsExplosionProof>
			<IsFireProof>false</IsFireProof>
			<IsMeleeProof>false</IsMeleeProof>
			<IsOnlyDamagedByPlayer>false</IsOnlyDamagedByPlayer>
			<PositionRotation>
				<X>1771.09351</X>
				<Y>3031.89648</Y>
				<Z>62.6256905</Z>
				<Pitch>-0.155529022</Pitch>
				<Roll>1.83865762</Roll>
				<Yaw>24.1850681</Yaw>
			</PositionRotation>
			<Attachment isAttached="true">
				<AttachedTo>319528</AttachedTo>
				<BoneIndex>0</BoneIndex>
				<X>0.395480722</X>
				<Y>-1.52635741</Y>
				<Z>0.51327008</Z>
				<Pitch>-0.36269629</Pitch>
				<Roll>0.0104512256</Roll>
				<Yaw>89.215683</Yaw>
			</Attachment>
		</Attachment>
		<Attachment>
			<ModelHash>0xdb8f1a1a</ModelHash>
			<Type>3</Type>
			<Dynamic>false</Dynamic>
			<FrozenPos>true</FrozenPos>
			<HashName>prop_ld_rubble_03</HashName>
			<InitialHandle>595777</InitialHandle>
			<ObjectProperties>
				<TextureVariation>0</TextureVariation>
			</ObjectProperties>
			<OpacityLevel>255</OpacityLevel>
			<LodDistance>16960</LodDistance>
			<IsVisible>true</IsVisible>
			<MaxHealth>1000</MaxHealth>
			<Health>1000</Health>
			<HasGravity>true</HasGravity>
			<IsOnFire>false</IsOnFire>
			<IsInvincible>false</IsInvincible>
			<IsBulletProof>false</IsBulletProof>
			<IsCollisionProof>false</IsCollisionProof>
			<IsExplosionProof>false</IsExplosionProof>
			<IsFireProof>false</IsFireProof>
			<IsMeleeProof>false</IsMeleeProof>
			<IsOnlyDamagedByPlayer>false</IsOnlyDamagedByPlayer>
			<PositionRotation>
				<X>1771.08325</X>
				<Y>3031.8623</Y>
				<Z>62.7202148</Z>
				<Pitch>-0.798838913</Pitch>
				<Roll>-1.77709138</Roll>
				<Yaw>-148.58139</Yaw>
			</PositionRotation>
			<Attachment isAttached="true">
				<AttachedTo>319528</AttachedTo>
				<BoneIndex>0</BoneIndex>
				<X>0.421664655</X>
				<Y>-1.55297744</Y>
				<Z>0.607101738</Z>
				<Pitch>-0.36269629</Pitch>
				<Roll>0.0104512256</Roll>
				<Yaw>-83.5243912</Yaw>
			</Attachment>
		</Attachment>
		<Attachment>
			<ModelHash>0x2b9c94da</ModelHash>
			<Type>3</Type>
			<Dynamic>false</Dynamic>
			<FrozenPos>true</FrozenPos>
			<HashName>prop_rub_bike_01</HashName>
			<InitialHandle>625475</InitialHandle>
			<ObjectProperties>
				<TextureVariation>0</TextureVariation>
			</ObjectProperties>
			<OpacityLevel>255</OpacityLevel>
			<LodDistance>16960</LodDistance>
			<IsVisible>true</IsVisible>
			<MaxHealth>1000</MaxHealth>
			<Health>1000</Health>
			<HasGravity>true</HasGravity>
			<IsOnFire>false</IsOnFire>
			<IsInvincible>false</IsInvincible>
			<IsBulletProof>false</IsBulletProof>
			<IsCollisionProof>false</IsCollisionProof>
			<IsExplosionProof>false</IsExplosionProof>
			<IsFireProof>false</IsFireProof>
			<IsMeleeProof>false</IsMeleeProof>
			<IsOnlyDamagedByPlayer>false</IsOnlyDamagedByPlayer>
			<PositionRotation>
				<X>1772.3468</X>
				<Y>3033.01245</Y>
				<Z>63.5929565</Z>
				<Pitch>-0.435153812</Pitch>
				<Roll>-68.883728</Roll>
				<Yaw>-160.932724</Yaw>
			</PositionRotation>
			<Attachment isAttached="true">
				<AttachedTo>319528</AttachedTo>
				<BoneIndex>0</BoneIndex>
				<X>-0.0914597735</X>
				<Y>0.0492498614</Y>
				<Z>1.52927256</Z>
				<Pitch>-0.39155525</Pitch>
				<Roll>-67.0443192</Roll>
				<Yaw>-95.8805695</Yaw>
			</Attachment>
		</Attachment>
		<Attachment>
			<ModelHash>0x35c9a934</ModelHash>
			<Type>3</Type>
			<Dynamic>false</Dynamic>
			<FrozenPos>true</FrozenPos>
			<HashName>prop_rub_bike_02</HashName>
			<InitialHandle>527683</InitialHandle>
			<ObjectProperties>
				<TextureVariation>0</TextureVariation>
			</ObjectProperties>
			<OpacityLevel>255</OpacityLevel>
			<LodDistance>16960</LodDistance>
			<IsVisible>true</IsVisible>
			<MaxHealth>1000</MaxHealth>
			<Health>1000</Health>
			<HasGravity>true</HasGravity>
			<IsOnFire>false</IsOnFire>
			<IsInvincible>false</IsInvincible>
			<IsBulletProof>false</IsBulletProof>
			<IsCollisionProof>false</IsCollisionProof>
			<IsExplosionProof>false</IsExplosionProof>
			<IsFireProof>false</IsFireProof>
			<IsMeleeProof>false</IsMeleeProof>
			<IsOnlyDamagedByPlayer>false</IsOnlyDamagedByPlayer>
			<PositionRotation>
				<X>1770.97961</X>
				<Y>3031.99976</Y>
				<Z>62.8992958</Z>
				<Pitch>-6.16063499</Pitch>
				<Roll>62.4027634</Roll>
				<Yaw>-60.0052795</Yaw>
			</PositionRotation>
			<Attachment isAttached="true">
				<AttachedTo>319528</AttachedTo>
				<BoneIndex>0</BoneIndex>
				<X>0.252529413</X>
				<Y>-1.59453106</Y>
				<Z>0.784267664</Z>
				<Pitch>-4.36270666</Pitch>
				<Roll>62.0104065</Roll>
				<Yaw>4.99761581</Yaw>
			</Attachment>
		</Attachment>
		<Attachment>
			<ModelHash>0xf5c39f51</ModelHash>
			<Type>3</Type>
			<Dynamic>false</Dynamic>
			<FrozenPos>true</FrozenPos>
			<HashName>prop_rub_carpart_04</HashName>
			<InitialHandle>382771</InitialHandle>
			<ObjectProperties>
				<TextureVariation>0</TextureVariation>
			</ObjectProperties>
			<OpacityLevel>255</OpacityLevel>
			<LodDistance>16960</LodDistance>
			<IsVisible>true</IsVisible>
			<MaxHealth>1000</MaxHealth>
			<Health>1000</Health>
			<HasGravity>true</HasGravity>
			<IsOnFire>false</IsOnFire>
			<IsInvincible>false</IsInvincible>
			<IsBulletProof>false</IsBulletProof>
			<IsCollisionProof>false</IsCollisionProof>
			<IsExplosionProof>false</IsExplosionProof>
			<IsFireProof>false</IsFireProof>
			<IsMeleeProof>false</IsMeleeProof>
			<IsOnlyDamagedByPlayer>false</IsOnlyDamagedByPlayer>
			<PositionRotation>
				<X>1770.12402</X>
				<Y>3031.4292</Y>
				<Z>63.0736122</Z>
				<Pitch>-0.85008508</Pitch>
				<Roll>-7.76380205</Roll>
				<Yaw>-146.933167</Yaw>
			</PositionRotation>
			<Attachment isAttached="true">
				<AttachedTo>319528</AttachedTo>
				<BoneIndex>0</BoneIndex>
				<X>0.408214629</X>
				<Y>-2.61612463</Y>
				<Z>0.926750064</Z>
				<Pitch>-0.362696081</Pitch>
				<Roll>-5.98953867</Roll>
				<Yaw>-81.8755264</Yaw>
			</Attachment>
		</Attachment>
		<Attachment>
			<ModelHash>0x3ad2a96e</ModelHash>
			<Type>3</Type>
			<Dynamic>false</Dynamic>
			<FrozenPos>true</FrozenPos>
			<HashName>prop_rub_carpart_03</HashName>
			<InitialHandle>643398</InitialHandle>
			<ObjectProperties>
				<TextureVariation>0</TextureVariation>
			</ObjectProperties>
			<OpacityLevel>255</OpacityLevel>
			<LodDistance>16960</LodDistance>
			<IsVisible>true</IsVisible>
			<MaxHealth>1000</MaxHealth>
			<Health>1000</Health>
			<HasGravity>true</HasGravity>
			<IsOnFire>false</IsOnFire>
			<IsInvincible>false</IsInvincible>
			<IsBulletProof>false</IsBulletProof>
			<IsCollisionProof>false</IsCollisionProof>
			<IsExplosionProof>false</IsExplosionProof>
			<IsFireProof>false</IsFireProof>
			<IsMeleeProof>false</IsMeleeProof>
			<IsOnlyDamagedByPlayer>false</IsOnlyDamagedByPlayer>
			<PositionRotation>
				<X>1772.0885</X>
				<Y>3032.58984</Y>
				<Z>62.9898376</Z>
				<Pitch>18.4585762</Pitch>
				<Roll>-0.263380051</Roll>
				<Yaw>115.916046</Yaw>
			</PositionRotation>
			<Attachment isAttached="true">
				<AttachedTo>319528</AttachedTo>
				<BoneIndex>0</BoneIndex>
				<X>0.185091138</X>
				<Y>-0.343801111</Y>
				<Z>0.914438903</Z>
				<Pitch>16.6373024</Pitch>
				<Roll>0.0104494402</Roll>
				<Yaw>-179.127625</Yaw>
			</Attachment>
		</Attachment>
		<Attachment>
			<ModelHash>0x9ac02584</ModelHash>
			<Type>3</Type>
			<Dynamic>false</Dynamic>
			<FrozenPos>true</FrozenPos>
			<HashName>prop_rub_generator</HashName>
			<InitialHandle>518730</InitialHandle>
			<ObjectProperties>
				<TextureVariation>0</TextureVariation>
			</ObjectProperties>
			<OpacityLevel>255</OpacityLevel>
			<LodDistance>16960</LodDistance>
			<IsVisible>true</IsVisible>
			<MaxHealth>1000</MaxHealth>
			<Health>1000</Health>
			<HasGravity>true</HasGravity>
			<IsOnFire>false</IsOnFire>
			<IsInvincible>false</IsInvincible>
			<IsBulletProof>false</IsBulletProof>
			<IsCollisionProof>false</IsCollisionProof>
			<IsExplosionProof>false</IsExplosionProof>
			<IsFireProof>false</IsFireProof>
			<IsMeleeProof>false</IsMeleeProof>
			<IsOnlyDamagedByPlayer>false</IsOnlyDamagedByPlayer>
			<PositionRotation>
				<X>1771.83044</X>
				<Y>3032.9751</Y>
				<Z>62.9556046</Z>
				<Pitch>-5.56876183</Pitch>
				<Roll>-1.84908533</Roll>
				<Yaw>-156.761063</Yaw>
			</PositionRotation>
			<Attachment isAttached="true">
				<AttachedTo>319528</AttachedTo>
				<BoneIndex>0</BoneIndex>
				<X>-0.272748917</X>
				<Y>-0.414026558</Y>
				<Z>0.87609458</Z>
				<Pitch>-5.38887262</Pitch>
				<Roll>-0.00960838888</Roll>
				<Yaw>-91.5465393</Yaw>
			</Attachment>
		</Attachment>
	</SpoonerAttachments>
</Vehicle>
