<?xml version="1.0" encoding="ISO-8859-1"?>
<Vehicle menyoo_ver="0.99987681b">
	<ModelHash>0xd577c962</ModelHash>
	<InitialHandle>474965</InitialHandle>
	<VehicleProperties>
		<Colours>
			<Primary>29</Primary>
			<Secondary>0</Secondary>
			<Pearl>111</Pearl>
			<Rim>156</Rim>
			<Mod1_a>0</Mod1_a>
			<Mod1_b>0</Mod1_b>
			<Mod1_c>0</Mod1_c>
			<Mod2_a>0</Mod2_a>
			<Mod2_b>0</Mod2_b>
			<IsPrimaryColourCustom>false</IsPrimaryColourCustom>
			<IsSecondaryColourCustom>false</IsSecondaryColourCustom>
			<tyreSmoke_R>255</tyreSmoke_R>
			<tyreSmoke_G>255</tyreSmoke_G>
			<tyreSmoke_B>255</tyreSmoke_B>
			<LrInterior>0</LrInterior>
			<LrDashboard>0</LrDashboard>
		</Colours>
		<Livery>-1</Livery>
		<NumberPlateText>00XJW424</NumberPlateText>
		<NumberPlateIndex>0</NumberPlateIndex>
		<WheelType>0</WheelType>
		<WheelsInvisible>false</WheelsInvisible>
		<EngineSoundName></EngineSoundName>
		<WindowTint>-1</WindowTint>
		<BulletProofTyres>false</BulletProofTyres>
		<DirtLevel>0.121339194</DirtLevel>
		<PaintFade>0.298039228</PaintFade>
		<RoofState>0</RoofState>
		<SirenActive>false</SirenActive>
		<EngineOn>true</EngineOn>
		<EngineHealth>1000</EngineHealth>
		<LightsOn>false</LightsOn>
		<IsRadioLoud>0</IsRadioLoud>
		<LockStatus>1</LockStatus>
		<Neons>
			<Left>false</Left>
			<Right>false</Right>
			<Front>false</Front>
			<Back>false</Back>
			<R>255</R>
			<G>0</G>
			<B>255</B>
		</Neons>
		<ModExtras />
		<Mods>
			<_0>-1,0</_0>
			<_1>-1,0</_1>
			<_2>-1,0</_2>
			<_3>-1,0</_3>
			<_4>-1,0</_4>
			<_5>-1,0</_5>
			<_6>-1,0</_6>
			<_7>-1,0</_7>
			<_8>-1,0</_8>
			<_9>-1,0</_9>
			<_10>-1,0</_10>
			<_11>-1,0</_11>
			<_12>-1,0</_12>
			<_13>-1,0</_13>
			<_14>-1,0</_14>
			<_15>-1,0</_15>
			<_16>-1,0</_16>
			<_17>false</_17>
			<_18>false</_18>
			<_19>false</_19>
			<_20>false</_20>
			<_21>false</_21>
			<_22>false</_22>
			<_23>-1,0</_23>
			<_24>-1,0</_24>
			<_25>-1,0</_25>
			<_26>-1,0</_26>
			<_27>-1,0</_27>
			<_28>-1,0</_28>
			<_29>-1,0</_29>
			<_30>-1,0</_30>
			<_31>-1,0</_31>
			<_32>-1,0</_32>
			<_33>-1,0</_33>
			<_34>-1,0</_34>
			<_35>-1,0</_35>
			<_36>-1,0</_36>
			<_37>-1,0</_37>
			<_38>-1,0</_38>
			<_39>-1,0</_39>
			<_40>-1,0</_40>
			<_41>-1,0</_41>
			<_42>-1,0</_42>
			<_43>-1,0</_43>
			<_44>-1,0</_44>
			<_45>-1,0</_45>
			<_46>-1,0</_46>
			<_47>-1,0</_47>
			<_48>-1,0</_48>
		</Mods>
		<DoorsOpen>
			<BackLeftDoor>false</BackLeftDoor>
			<BackRightDoor>false</BackRightDoor>
			<FrontLeftDoor>false</FrontLeftDoor>
			<FrontRightDoor>false</FrontRightDoor>
			<Hood>false</Hood>
			<Trunk>false</Trunk>
			<Trunk2>false</Trunk2>
		</DoorsOpen>
		<DoorsBroken>
			<BackLeftDoor>false</BackLeftDoor>
			<BackRightDoor>false</BackRightDoor>
			<FrontLeftDoor>false</FrontLeftDoor>
			<FrontRightDoor>false</FrontRightDoor>
			<Hood>false</Hood>
			<Trunk>false</Trunk>
			<Trunk2>false</Trunk2>
		</DoorsBroken>
		<TyresBursted>
			<FrontLeft>false</FrontLeft>
			<FrontRight>false</FrontRight>
			<_2>false</_2>
			<_3>false</_3>
			<BackLeft>false</BackLeft>
			<BackRight>false</BackRight>
			<_6>false</_6>
			<_7>false</_7>
			<_8>false</_8>
		</TyresBursted>
	</VehicleProperties>
	<OpacityLevel>0</OpacityLevel>
	<LodDistance>16960</LodDistance>
	<IsVisible>true</IsVisible>
	<IsDriverVisible>true</IsDriverVisible>
	<MaxHealth>1000</MaxHealth>
	<Health>1000</Health>
	<HasGravity>true</HasGravity>
	<IsOnFire>false</IsOnFire>
	<IsInvincible>false</IsInvincible>
	<IsBulletProof>false</IsBulletProof>
	<IsExplosionProof>false</IsExplosionProof>
	<IsFireProof>false</IsFireProof>
	<IsMeleeProof>false</IsMeleeProof>
	<IsOnlyDamagedByPlayer>false</IsOnlyDamagedByPlayer>
	<SpoonerAttachments SetAttachmentsPersistentAndAddToSpoonerDatabase="false" StartTaskSequencesOnLoad="true">
		<Attachment>
			<ModelHash>0x423fc8ad</ModelHash>
			<Type>3</Type>
			<Dynamic>false</Dynamic>
			<FrozenPos>true</FrozenPos>
			<HashName>prop_rub_buswreck_03</HashName>
			<InitialHandle>213076</InitialHandle>
			<ObjectProperties>
				<TextureVariation>0</TextureVariation>
			</ObjectProperties>
			<OpacityLevel>255</OpacityLevel>
			<LodDistance>16960</LodDistance>
			<IsVisible>true</IsVisible>
			<MaxHealth>1000</MaxHealth>
			<Health>1000</Health>
			<HasGravity>true</HasGravity>
			<IsOnFire>false</IsOnFire>
			<IsInvincible>false</IsInvincible>
			<IsBulletProof>false</IsBulletProof>
			<IsCollisionProof>false</IsCollisionProof>
			<IsExplosionProof>false</IsExplosionProof>
			<IsFireProof>false</IsFireProof>
			<IsMeleeProof>false</IsMeleeProof>
			<IsOnlyDamagedByPlayer>false</IsOnlyDamagedByPlayer>
			<PositionRotation>
				<X>1304.00916</X>
				<Y>3150.66821</Y>
				<Z>39.7937965</Z>
				<Pitch>0.229419127</Pitch>
				<Roll>0.45037514</Roll>
				<Yaw>-75.9188766</Yaw>
			</PositionRotation>
			<Attachment isAttached="true">
				<AttachedTo>474965</AttachedTo>
				<BoneIndex>0</BoneIndex>
				<X>0</X>
				<Y>4.65999985</Y>
				<Z>-0.600000083</Z>
				<Pitch>0</Pitch>
				<Roll>0</Roll>
				<Yaw>179.999985</Yaw>
			</Attachment>
		</Attachment>
		<Attachment>
			<ModelHash>0xf9b8b7a0</ModelHash>
			<Type>3</Type>
			<Dynamic>false</Dynamic>
			<FrozenPos>true</FrozenPos>
			<HashName>prop_rub_buswreck_01</HashName>
			<InitialHandle>290681</InitialHandle>
			<ObjectProperties>
				<TextureVariation>0</TextureVariation>
			</ObjectProperties>
			<OpacityLevel>255</OpacityLevel>
			<LodDistance>16960</LodDistance>
			<IsVisible>true</IsVisible>
			<MaxHealth>1000</MaxHealth>
			<Health>1000</Health>
			<HasGravity>true</HasGravity>
			<IsOnFire>false</IsOnFire>
			<IsInvincible>false</IsInvincible>
			<IsBulletProof>false</IsBulletProof>
			<IsCollisionProof>false</IsCollisionProof>
			<IsExplosionProof>false</IsExplosionProof>
			<IsFireProof>false</IsFireProof>
			<IsMeleeProof>false</IsMeleeProof>
			<IsOnlyDamagedByPlayer>false</IsOnlyDamagedByPlayer>
			<PositionRotation>
				<X>1312.40894</X>
				<Y>3152.77515</Y>
				<Z>39.8284721</Z>
				<Pitch>0.229419127</Pitch>
				<Roll>0.45037514</Roll>
				<Yaw>-75.9188766</Yaw>
			</PositionRotation>
			<Attachment isAttached="true">
				<AttachedTo>474965</AttachedTo>
				<BoneIndex>0</BoneIndex>
				<X>0</X>
				<Y>-3.99999857</Y>
				<Z>-0.600000083</Z>
				<Pitch>0</Pitch>
				<Roll>0</Roll>
				<Yaw>179.999985</Yaw>
			</Attachment>
		</Attachment>
		<Attachment>
			<ModelHash>0xf9b8b7a0</ModelHash>
			<Type>3</Type>
			<Dynamic>false</Dynamic>
			<FrozenPos>true</FrozenPos>
			<HashName>prop_rub_buswreck_01</HashName>
			<InitialHandle>224343</InitialHandle>
			<ObjectProperties>
				<TextureVariation>0</TextureVariation>
			</ObjectProperties>
			<OpacityLevel>255</OpacityLevel>
			<LodDistance>16960</LodDistance>
			<IsVisible>true</IsVisible>
			<MaxHealth>1000</MaxHealth>
			<Health>1000</Health>
			<HasGravity>true</HasGravity>
			<IsOnFire>false</IsOnFire>
			<IsInvincible>false</IsInvincible>
			<IsBulletProof>false</IsBulletProof>
			<IsCollisionProof>false</IsCollisionProof>
			<IsExplosionProof>false</IsExplosionProof>
			<IsFireProof>false</IsFireProof>
			<IsMeleeProof>false</IsMeleeProof>
			<IsOnlyDamagedByPlayer>false</IsOnlyDamagedByPlayer>
			<PositionRotation>
				<X>1307.94714</X>
				<Y>3151.65601</Y>
				<Z>39.8100548</Z>
				<Pitch>-0.229419157</Pitch>
				<Roll>-0.45037514</Roll>
				<Yaw>104.081116</Yaw>
			</PositionRotation>
			<Attachment isAttached="true">
				<AttachedTo>474965</AttachedTo>
				<BoneIndex>0</BoneIndex>
				<X>0</X>
				<Y>0.600000262</Y>
				<Z>-0.600000083</Z>
				<Pitch>0</Pitch>
				<Roll>0</Roll>
				<Yaw>-1.71661377e-05</Yaw>
			</Attachment>
		</Attachment>
		<Attachment>
			<ModelHash>0xf9b8b7a0</ModelHash>
			<Type>3</Type>
			<Dynamic>false</Dynamic>
			<FrozenPos>true</FrozenPos>
			<HashName>prop_rub_buswreck_01</HashName>
			<InitialHandle>305723</InitialHandle>
			<ObjectProperties>
				<TextureVariation>0</TextureVariation>
			</ObjectProperties>
			<OpacityLevel>255</OpacityLevel>
			<LodDistance>16960</LodDistance>
			<IsVisible>true</IsVisible>
			<MaxHealth>1000</MaxHealth>
			<Health>1000</Health>
			<HasGravity>true</HasGravity>
			<IsOnFire>false</IsOnFire>
			<IsInvincible>false</IsInvincible>
			<IsBulletProof>false</IsBulletProof>
			<IsCollisionProof>false</IsCollisionProof>
			<IsExplosionProof>false</IsExplosionProof>
			<IsFireProof>false</IsFireProof>
			<IsMeleeProof>false</IsMeleeProof>
			<IsOnlyDamagedByPlayer>false</IsOnlyDamagedByPlayer>
			<PositionRotation>
				<X>1304.64941</X>
				<Y>3150.82886</Y>
				<Z>39.7964401</Z>
				<Pitch>0.229419023</Pitch>
				<Roll>0.450375229</Roll>
				<Yaw>-75.9188919</Yaw>
			</PositionRotation>
			<Attachment isAttached="true">
				<AttachedTo>474965</AttachedTo>
				<BoneIndex>0</BoneIndex>
				<X>0</X>
				<Y>3.99999857</Y>
				<Z>-0.600000083</Z>
				<Pitch>0</Pitch>
				<Roll>0</Roll>
				<Yaw>179.999969</Yaw>
			</Attachment>
		</Attachment>
		<Attachment>
			<ModelHash>0x0623f9a3</ModelHash>
			<Type>3</Type>
			<Dynamic>false</Dynamic>
			<FrozenPos>true</FrozenPos>
			<HashName>prop_rub_wheel_01</HashName>
			<InitialHandle>431692</InitialHandle>
			<ObjectProperties>
				<TextureVariation>0</TextureVariation>
			</ObjectProperties>
			<OpacityLevel>255</OpacityLevel>
			<LodDistance>16960</LodDistance>
			<IsVisible>true</IsVisible>
			<MaxHealth>1000</MaxHealth>
			<Health>1000</Health>
			<HasGravity>true</HasGravity>
			<IsOnFire>false</IsOnFire>
			<IsInvincible>false</IsInvincible>
			<IsBulletProof>false</IsBulletProof>
			<IsCollisionProof>false</IsCollisionProof>
			<IsExplosionProof>false</IsExplosionProof>
			<IsFireProof>false</IsFireProof>
			<IsMeleeProof>false</IsMeleeProof>
			<IsOnlyDamagedByPlayer>false</IsOnlyDamagedByPlayer>
			<PositionRotation>
				<X>1303.84961</X>
				<Y>3152.14111</Y>
				<Z>39.8573532</Z>
				<Pitch>36.6273651</Pitch>
				<Roll>0.362000048</Roll>
				<Yaw>-76.1336746</Yaw>
			</PositionRotation>
			<Attachment isAttached="true">
				<AttachedTo>474965</AttachedTo>
				<BoneIndex>52</BoneIndex>
				<X>-0.300000042</X>
				<Y>0</Y>
				<Z>0</Z>
				<Pitch>0</Pitch>
				<Roll>0</Roll>
				<Yaw>-1.33514404e-05</Yaw>
			</Attachment>
		</Attachment>
		<Attachment>
			<ModelHash>0xccdc8715</ModelHash>
			<Type>3</Type>
			<Dynamic>false</Dynamic>
			<FrozenPos>true</FrozenPos>
			<HashName>prop_rub_wheel_02</HashName>
			<InitialHandle>245080</InitialHandle>
			<ObjectProperties>
				<TextureVariation>0</TextureVariation>
			</ObjectProperties>
			<OpacityLevel>255</OpacityLevel>
			<LodDistance>16960</LodDistance>
			<IsVisible>true</IsVisible>
			<MaxHealth>1000</MaxHealth>
			<Health>1000</Health>
			<HasGravity>true</HasGravity>
			<IsOnFire>false</IsOnFire>
			<IsInvincible>false</IsInvincible>
			<IsBulletProof>false</IsBulletProof>
			<IsCollisionProof>false</IsCollisionProof>
			<IsExplosionProof>false</IsExplosionProof>
			<IsFireProof>false</IsFireProof>
			<IsMeleeProof>false</IsMeleeProof>
			<IsOnlyDamagedByPlayer>false</IsOnlyDamagedByPlayer>
			<PositionRotation>
				<X>1311.80676</X>
				<Y>3153.82788</Y>
				<Z>39.8867836</Z>
				<Pitch>71.3870697</Pitch>
				<Roll>1.41118419</Roll>
				<Yaw>-77.2544556</Yaw>
			</PositionRotation>
			<Attachment isAttached="true">
				<AttachedTo>474965</AttachedTo>
				<BoneIndex>58</BoneIndex>
				<X>0</X>
				<Y>0</Y>
				<Z>0</Z>
				<Pitch>0</Pitch>
				<Roll>0</Roll>
				<Yaw>0</Yaw>
			</Attachment>
		</Attachment>
		<Attachment>
			<ModelHash>0x0623f9a3</ModelHash>
			<Type>3</Type>
			<Dynamic>false</Dynamic>
			<FrozenPos>true</FrozenPos>
			<HashName>prop_rub_wheel_01</HashName>
			<InitialHandle>29244</InitialHandle>
			<ObjectProperties>
				<TextureVariation>0</TextureVariation>
			</ObjectProperties>
			<OpacityLevel>255</OpacityLevel>
			<LodDistance>16960</LodDistance>
			<IsVisible>true</IsVisible>
			<MaxHealth>1000</MaxHealth>
			<Health>1000</Health>
			<HasGravity>true</HasGravity>
			<IsOnFire>false</IsOnFire>
			<IsInvincible>false</IsInvincible>
			<IsBulletProof>false</IsBulletProof>
			<IsCollisionProof>false</IsCollisionProof>
			<IsExplosionProof>false</IsExplosionProof>
			<IsFireProof>false</IsFireProof>
			<IsMeleeProof>false</IsMeleeProof>
			<IsOnlyDamagedByPlayer>false</IsOnlyDamagedByPlayer>
			<PositionRotation>
				<X>1304.56396</X>
				<Y>3149.2937</Y>
				<Z>39.8451233</Z>
				<Pitch>-56.8489265</Pitch>
				<Roll>-0.420240134</Roll>
				<Yaw>103.730209</Yaw>
			</PositionRotation>
			<Attachment isAttached="true">
				<AttachedTo>474965</AttachedTo>
				<BoneIndex>47</BoneIndex>
				<X>-0.300000042</X>
				<Y>0</Y>
				<Z>0</Z>
				<Pitch>0</Pitch>
				<Roll>0</Roll>
				<Yaw>-1.33514404e-05</Yaw>
			</Attachment>
		</Attachment>
		<Attachment>
			<ModelHash>0xccdc8715</ModelHash>
			<Type>3</Type>
			<Dynamic>false</Dynamic>
			<FrozenPos>true</FrozenPos>
			<HashName>prop_rub_wheel_02</HashName>
			<InitialHandle>423003</InitialHandle>
			<ObjectProperties>
				<TextureVariation>0</TextureVariation>
			</ObjectProperties>
			<OpacityLevel>255</OpacityLevel>
			<LodDistance>16960</LodDistance>
			<IsVisible>true</IsVisible>
			<MaxHealth>1000</MaxHealth>
			<Health>1000</Health>
			<HasGravity>true</HasGravity>
			<IsOnFire>false</IsOnFire>
			<IsInvincible>false</IsInvincible>
			<IsBulletProof>false</IsBulletProof>
			<IsCollisionProof>false</IsCollisionProof>
			<IsExplosionProof>false</IsExplosionProof>
			<IsFireProof>false</IsFireProof>
			<IsMeleeProof>false</IsMeleeProof>
			<IsOnlyDamagedByPlayer>false</IsOnlyDamagedByPlayer>
			<PositionRotation>
				<X>1312.37512</X>
				<Y>3151.56226</Y>
				<Z>39.86306</Z>
				<Pitch>1.08018374</Pitch>
				<Roll>-179.549545</Roll>
				<Yaw>-75.9255447</Yaw>
			</PositionRotation>
			<Attachment isAttached="true">
				<AttachedTo>474965</AttachedTo>
				<BoneIndex>53</BoneIndex>
				<X>0</X>
				<Y>0</Y>
				<Z>0</Z>
				<Pitch>0</Pitch>
				<Roll>0</Roll>
				<Yaw>0</Yaw>
			</Attachment>
		</Attachment>
		<Attachment>
			<ModelHash>0x0623f9a3</ModelHash>
			<Type>3</Type>
			<Dynamic>false</Dynamic>
			<FrozenPos>true</FrozenPos>
			<HashName>prop_rub_wheel_01</HashName>
			<InitialHandle>71741</InitialHandle>
			<ObjectProperties>
				<TextureVariation>0</TextureVariation>
			</ObjectProperties>
			<OpacityLevel>255</OpacityLevel>
			<LodDistance>16960</LodDistance>
			<IsVisible>true</IsVisible>
			<MaxHealth>1000</MaxHealth>
			<Health>1000</Health>
			<HasGravity>true</HasGravity>
			<IsOnFire>false</IsOnFire>
			<IsInvincible>false</IsInvincible>
			<IsBulletProof>false</IsBulletProof>
			<IsCollisionProof>false</IsCollisionProof>
			<IsExplosionProof>false</IsExplosionProof>
			<IsFireProof>false</IsFireProof>
			<IsMeleeProof>false</IsMeleeProof>
			<IsOnlyDamagedByPlayer>false</IsOnlyDamagedByPlayer>
			<PositionRotation>
				<X>1308.59082</X>
				<Y>3150.32202</Y>
				<Z>39.869854</Z>
				<Pitch>-0.229419217</Pitch>
				<Roll>-0.45037514</Roll>
				<Yaw>104.081116</Yaw>
			</PositionRotation>
			<Attachment isAttached="true">
				<AttachedTo>474965</AttachedTo>
				<BoneIndex>59</BoneIndex>
				<X>-1.44999993</X>
				<Y>0.300000072</Y>
				<Z>-0.529999912</Z>
				<Pitch>0</Pitch>
				<Roll>0</Roll>
				<Yaw>-1.33514404e-05</Yaw>
			</Attachment>
		</Attachment>
		<Attachment>
			<ModelHash>0x0623f9a3</ModelHash>
			<Type>3</Type>
			<Dynamic>false</Dynamic>
			<FrozenPos>true</FrozenPos>
			<HashName>prop_rub_wheel_01</HashName>
			<InitialHandle>329531</InitialHandle>
			<ObjectProperties>
				<TextureVariation>0</TextureVariation>
			</ObjectProperties>
			<OpacityLevel>255</OpacityLevel>
			<LodDistance>16960</LodDistance>
			<IsVisible>true</IsVisible>
			<MaxHealth>1000</MaxHealth>
			<Health>1000</Health>
			<HasGravity>true</HasGravity>
			<IsOnFire>false</IsOnFire>
			<IsInvincible>false</IsInvincible>
			<IsBulletProof>false</IsBulletProof>
			<IsCollisionProof>false</IsCollisionProof>
			<IsExplosionProof>false</IsExplosionProof>
			<IsFireProof>false</IsFireProof>
			<IsMeleeProof>false</IsMeleeProof>
			<IsOnlyDamagedByPlayer>false</IsOnlyDamagedByPlayer>
			<PositionRotation>
				<X>1307.87061</X>
				<Y>3153.19312</Y>
				<Z>39.8931236</Z>
				<Pitch>-0.229419217</Pitch>
				<Roll>-0.45037514</Roll>
				<Yaw>104.081116</Yaw>
			</PositionRotation>
			<Attachment isAttached="true">
				<AttachedTo>474965</AttachedTo>
				<BoneIndex>59</BoneIndex>
				<X>1.51000071</X>
				<Y>0.300000072</Y>
				<Z>-0.529999912</Z>
				<Pitch>0</Pitch>
				<Roll>0</Roll>
				<Yaw>-1.33514404e-05</Yaw>
			</Attachment>
		</Attachment>
		<Attachment>
			<ModelHash>0x2250786a</ModelHash>
			<Type>3</Type>
			<Dynamic>false</Dynamic>
			<FrozenPos>true</FrozenPos>
			<HashName>prop_rub_carpart_05</HashName>
			<InitialHandle>668245</InitialHandle>
			<ObjectProperties>
				<TextureVariation>0</TextureVariation>
			</ObjectProperties>
			<OpacityLevel>255</OpacityLevel>
			<LodDistance>16960</LodDistance>
			<IsVisible>true</IsVisible>
			<MaxHealth>1000</MaxHealth>
			<Health>1000</Health>
			<HasGravity>true</HasGravity>
			<IsOnFire>false</IsOnFire>
			<IsInvincible>false</IsInvincible>
			<IsBulletProof>false</IsBulletProof>
			<IsCollisionProof>false</IsCollisionProof>
			<IsExplosionProof>false</IsExplosionProof>
			<IsFireProof>false</IsFireProof>
			<IsMeleeProof>false</IsMeleeProof>
			<IsOnlyDamagedByPlayer>false</IsOnlyDamagedByPlayer>
			<PositionRotation>
				<X>1303.63</X>
				<Y>3149.7251</Y>
				<Z>40.2859001</Z>
				<Pitch>-0.236300603</Pitch>
				<Roll>-0.338720709</Roll>
				<Yaw>104.512802</Yaw>
			</PositionRotation>
			<Attachment isAttached="true">
				<AttachedTo>474965</AttachedTo>
				<BoneIndex>0</BoneIndex>
				<X>-0.81871134</X>
				<Y>5.25525999</Y>
				<Z>-0.0990609378</Z>
				<Pitch>-0.0034945237</Pitch>
				<Roll>0.109913073</Roll>
				<Yaw>0.43170929</Yaw>
			</Attachment>
		</Attachment>
		<Attachment>
			<ModelHash>0xb34e141d</ModelHash>
			<Type>3</Type>
			<Dynamic>false</Dynamic>
			<FrozenPos>true</FrozenPos>
			<HashName>prop_wheel_hub_01</HashName>
			<InitialHandle>120099</InitialHandle>
			<ObjectProperties>
				<TextureVariation>0</TextureVariation>
			</ObjectProperties>
			<OpacityLevel>255</OpacityLevel>
			<LodDistance>16960</LodDistance>
			<IsVisible>true</IsVisible>
			<MaxHealth>1000</MaxHealth>
			<Health>1000</Health>
			<HasGravity>true</HasGravity>
			<IsOnFire>false</IsOnFire>
			<IsInvincible>false</IsInvincible>
			<IsBulletProof>false</IsBulletProof>
			<IsCollisionProof>false</IsCollisionProof>
			<IsExplosionProof>false</IsExplosionProof>
			<IsFireProof>false</IsFireProof>
			<IsMeleeProof>false</IsMeleeProof>
			<IsOnlyDamagedByPlayer>false</IsOnlyDamagedByPlayer>
			<PositionRotation>
				<X>1303.03992</X>
				<Y>3149.59741</Y>
				<Z>40.8429184</Z>
				<Pitch>-25.3575439</Pitch>
				<Roll>-0.498391926</Roll>
				<Yaw>103.869492</Yaw>
			</PositionRotation>
			<Attachment isAttached="true">
				<AttachedTo>474965</AttachedTo>
				<BoneIndex>80</BoneIndex>
				<X>0</X>
				<Y>0</Y>
				<Z>0</Z>
				<Pitch>0</Pitch>
				<Roll>0</Roll>
				<Yaw>0</Yaw>
			</Attachment>
		</Attachment>
		<Attachment>
			<ModelHash>0x710841e5</ModelHash>
			<Type>3</Type>
			<Dynamic>false</Dynamic>
			<FrozenPos>true</FrozenPos>
			<HashName>prop_scaffold_pole</HashName>
			<InitialHandle>542048</InitialHandle>
			<ObjectProperties>
				<TextureVariation>0</TextureVariation>
			</ObjectProperties>
			<OpacityLevel>255</OpacityLevel>
			<LodDistance>16960</LodDistance>
			<IsVisible>true</IsVisible>
			<MaxHealth>1000</MaxHealth>
			<Health>1000</Health>
			<HasGravity>true</HasGravity>
			<IsOnFire>false</IsOnFire>
			<IsInvincible>false</IsInvincible>
			<IsBulletProof>false</IsBulletProof>
			<IsCollisionProof>false</IsCollisionProof>
			<IsExplosionProof>false</IsExplosionProof>
			<IsFireProof>false</IsFireProof>
			<IsMeleeProof>false</IsMeleeProof>
			<IsOnlyDamagedByPlayer>false</IsOnlyDamagedByPlayer>
			<PositionRotation>
				<X>1302.77673</X>
				<Y>3149.53247</Y>
				<Z>40.7144394</Z>
				<Pitch>0.450371057</Pitch>
				<Roll>-115.358376</Roll>
				<Yaw>14.0829334</Yaw>
			</PositionRotation>
			<Attachment isAttached="true">
				<AttachedTo>474965</AttachedTo>
				<BoneIndex>80</BoneIndex>
				<X>0</X>
				<Y>0.300000042</Y>
				<Z>0</Z>
				<Pitch>0</Pitch>
				<Roll>-90.0000076</Roll>
				<Yaw>-90.0000076</Yaw>
			</Attachment>
		</Attachment>
		<Attachment>
			<ModelHash>0xb34e141d</ModelHash>
			<Type>3</Type>
			<Dynamic>false</Dynamic>
			<FrozenPos>true</FrozenPos>
			<HashName>prop_wheel_hub_01</HashName>
			<InitialHandle>783165</InitialHandle>
			<ObjectProperties>
				<TextureVariation>0</TextureVariation>
			</ObjectProperties>
			<OpacityLevel>255</OpacityLevel>
			<LodDistance>16960</LodDistance>
			<IsVisible>true</IsVisible>
			<MaxHealth>1000</MaxHealth>
			<Health>1000</Health>
			<HasGravity>true</HasGravity>
			<IsOnFire>false</IsOnFire>
			<IsInvincible>false</IsInvincible>
			<IsBulletProof>false</IsBulletProof>
			<IsCollisionProof>false</IsCollisionProof>
			<IsExplosionProof>false</IsExplosionProof>
			<IsFireProof>false</IsFireProof>
			<IsMeleeProof>false</IsMeleeProof>
			<IsOnlyDamagedByPlayer>false</IsOnlyDamagedByPlayer>
			<PositionRotation>
				<X>1303.01355</X>
				<Y>3149.59082</Y>
				<Z>40.8300705</Z>
				<Pitch>25.3575401</Pitch>
				<Roll>0.498402387</Roll>
				<Yaw>-76.1305237</Yaw>
			</PositionRotation>
			<Attachment isAttached="true">
				<AttachedTo>474965</AttachedTo>
				<BoneIndex>80</BoneIndex>
				<X>0</X>
				<Y>0.0299999863</Y>
				<Z>0</Z>
				<Pitch>0</Pitch>
				<Roll>0</Roll>
				<Yaw>179.999985</Yaw>
			</Attachment>
		</Attachment>
		<Attachment>
			<ModelHash>0x710841e5</ModelHash>
			<Type>3</Type>
			<Dynamic>false</Dynamic>
			<FrozenPos>true</FrozenPos>
			<HashName>prop_scaffold_pole</HashName>
			<InitialHandle>540975</InitialHandle>
			<ObjectProperties>
				<TextureVariation>0</TextureVariation>
			</ObjectProperties>
			<OpacityLevel>255</OpacityLevel>
			<LodDistance>16960</LodDistance>
			<IsVisible>true</IsVisible>
			<MaxHealth>1000</MaxHealth>
			<Health>1000</Health>
			<HasGravity>true</HasGravity>
			<IsOnFire>false</IsOnFire>
			<IsInvincible>false</IsInvincible>
			<IsBulletProof>false</IsBulletProof>
			<IsCollisionProof>false</IsCollisionProof>
			<IsExplosionProof>false</IsExplosionProof>
			<IsFireProof>false</IsFireProof>
			<IsMeleeProof>false</IsMeleeProof>
			<IsOnlyDamagedByPlayer>false</IsOnlyDamagedByPlayer>
			<PositionRotation>
				<X>1302.38196</X>
				<Y>3149.43506</Y>
				<Z>40.5217209</Z>
				<Pitch>0.450371057</Pitch>
				<Roll>-115.358376</Roll>
				<Yaw>14.0829334</Yaw>
			</PositionRotation>
			<Attachment isAttached="true">
				<AttachedTo>474965</AttachedTo>
				<BoneIndex>80</BoneIndex>
				<X>0</X>
				<Y>0.749999642</Y>
				<Z>0</Z>
				<Pitch>0</Pitch>
				<Roll>-90.0000076</Roll>
				<Yaw>-90.0000076</Yaw>
			</Attachment>
		</Attachment>
		<Attachment>
			<ModelHash>0x3d66cd4d</ModelHash>
			<Type>3</Type>
			<Dynamic>false</Dynamic>
			<FrozenPos>true</FrozenPos>
			<HashName>hei_prop_mini_sever_01</HashName>
			<InitialHandle>444260</InitialHandle>
			<ObjectProperties>
				<TextureVariation>0</TextureVariation>
			</ObjectProperties>
			<OpacityLevel>255</OpacityLevel>
			<LodDistance>16960</LodDistance>
			<IsVisible>true</IsVisible>
			<MaxHealth>1000</MaxHealth>
			<Health>1000</Health>
			<HasGravity>true</HasGravity>
			<IsOnFire>false</IsOnFire>
			<IsInvincible>false</IsInvincible>
			<IsBulletProof>false</IsBulletProof>
			<IsCollisionProof>false</IsCollisionProof>
			<IsExplosionProof>false</IsExplosionProof>
			<IsFireProof>false</IsFireProof>
			<IsMeleeProof>false</IsMeleeProof>
			<IsOnlyDamagedByPlayer>false</IsOnlyDamagedByPlayer>
			<PositionRotation>
				<X>1302.08777</X>
				<Y>3149.36377</Y>
				<Z>40.5035095</Z>
				<Pitch>0.230241209</Pitch>
				<Roll>-89.4419403</Roll>
				<Yaw>-75.3683701</Yaw>
			</PositionRotation>
			<Attachment isAttached="true">
				<AttachedTo>474965</AttachedTo>
				<BoneIndex>0</BoneIndex>
				<X>-0.79229176</X>
				<Y>6.83820295</Y>
				<Z>0.124690481</Z>
				<Pitch>-0.0034945237</Pitch>
				<Roll>-89.8900909</Roll>
				<Yaw>-179.449524</Yaw>
			</Attachment>
		</Attachment>
		<Attachment>
			<ModelHash>0x7773ca4a</ModelHash>
			<Type>3</Type>
			<Dynamic>false</Dynamic>
			<FrozenPos>true</FrozenPos>
			<HashName>prop_fncsec_02pole</HashName>
			<InitialHandle>670021</InitialHandle>
			<ObjectProperties>
				<TextureVariation>0</TextureVariation>
			</ObjectProperties>
			<OpacityLevel>255</OpacityLevel>
			<LodDistance>16960</LodDistance>
			<IsVisible>true</IsVisible>
			<MaxHealth>1000</MaxHealth>
			<Health>1000</Health>
			<HasGravity>true</HasGravity>
			<IsOnFire>false</IsOnFire>
			<IsInvincible>false</IsInvincible>
			<IsBulletProof>false</IsBulletProof>
			<IsCollisionProof>false</IsCollisionProof>
			<IsExplosionProof>false</IsExplosionProof>
			<IsFireProof>false</IsFireProof>
			<IsMeleeProof>false</IsMeleeProof>
			<IsOnlyDamagedByPlayer>false</IsOnlyDamagedByPlayer>
			<PositionRotation>
				<X>1301.36707</X>
				<Y>3151.45679</Y>
				<Z>40.6037445</Z>
				<Pitch>0.215087935</Pitch>
				<Roll>0.565646052</Roll>
				<Yaw>-77.2892532</Yaw>
			</PositionRotation>
			<Attachment isAttached="true">
				<AttachedTo>474965</AttachedTo>
				<BoneIndex>0</BoneIndex>
				<X>1.41400254</X>
				<Y>7.02761745</Y>
				<Z>0.208343506</Z>
				<Pitch>-0.0034945237</Pitch>
				<Roll>0.109913073</Roll>
				<Yaw>-181.370453</Yaw>
			</Attachment>
		</Attachment>
		<Attachment>
			<ModelHash>0x7773ca4a</ModelHash>
			<Type>3</Type>
			<Dynamic>false</Dynamic>
			<FrozenPos>true</FrozenPos>
			<HashName>prop_fncsec_02pole</HashName>
			<InitialHandle>121440</InitialHandle>
			<ObjectProperties>
				<TextureVariation>0</TextureVariation>
			</ObjectProperties>
			<OpacityLevel>255</OpacityLevel>
			<LodDistance>16960</LodDistance>
			<IsVisible>true</IsVisible>
			<MaxHealth>1000</MaxHealth>
			<Health>1000</Health>
			<HasGravity>true</HasGravity>
			<IsOnFire>false</IsOnFire>
			<IsInvincible>false</IsInvincible>
			<IsBulletProof>false</IsBulletProof>
			<IsCollisionProof>false</IsCollisionProof>
			<IsExplosionProof>false</IsExplosionProof>
			<IsFireProof>false</IsFireProof>
			<IsMeleeProof>false</IsMeleeProof>
			<IsOnlyDamagedByPlayer>false</IsOnlyDamagedByPlayer>
			<PositionRotation>
				<X>1301.41577</X>
				<Y>3151.2627</Y>
				<Z>40.6021729</Z>
				<Pitch>0.215087935</Pitch>
				<Roll>0.565646052</Roll>
				<Yaw>-77.2892532</Yaw>
			</PositionRotation>
			<Attachment isAttached="true">
				<AttachedTo>474965</AttachedTo>
				<BoneIndex>0</BoneIndex>
				<X>1.21400249</X>
				<Y>7.02761745</Y>
				<Z>0.208343506</Z>
				<Pitch>-0.0034945237</Pitch>
				<Roll>0.109913073</Roll>
				<Yaw>-181.370453</Yaw>
			</Attachment>
		</Attachment>
		<Attachment>
			<ModelHash>0x7773ca4a</ModelHash>
			<Type>3</Type>
			<Dynamic>false</Dynamic>
			<FrozenPos>true</FrozenPos>
			<HashName>prop_fncsec_02pole</HashName>
			<InitialHandle>358759</InitialHandle>
			<ObjectProperties>
				<TextureVariation>0</TextureVariation>
			</ObjectProperties>
			<OpacityLevel>255</OpacityLevel>
			<LodDistance>16960</LodDistance>
			<IsVisible>true</IsVisible>
			<MaxHealth>1000</MaxHealth>
			<Health>1000</Health>
			<HasGravity>true</HasGravity>
			<IsOnFire>false</IsOnFire>
			<IsInvincible>false</IsInvincible>
			<IsBulletProof>false</IsBulletProof>
			<IsCollisionProof>false</IsCollisionProof>
			<IsExplosionProof>false</IsExplosionProof>
			<IsFireProof>false</IsFireProof>
			<IsMeleeProof>false</IsMeleeProof>
			<IsOnlyDamagedByPlayer>false</IsOnlyDamagedByPlayer>
			<PositionRotation>
				<X>1301.46448</X>
				<Y>3151.06885</Y>
				<Z>40.6006012</Z>
				<Pitch>0.215087935</Pitch>
				<Roll>0.565646052</Roll>
				<Yaw>-77.2892532</Yaw>
			</PositionRotation>
			<Attachment isAttached="true">
				<AttachedTo>474965</AttachedTo>
				<BoneIndex>0</BoneIndex>
				<X>1.01400244</X>
				<Y>7.02761745</Y>
				<Z>0.208343506</Z>
				<Pitch>-0.0034945237</Pitch>
				<Roll>0.109913073</Roll>
				<Yaw>-181.370453</Yaw>
			</Attachment>
		</Attachment>
		<Attachment>
			<ModelHash>0x7773ca4a</ModelHash>
			<Type>3</Type>
			<Dynamic>false</Dynamic>
			<FrozenPos>true</FrozenPos>
			<HashName>prop_fncsec_02pole</HashName>
			<InitialHandle>66084</InitialHandle>
			<ObjectProperties>
				<TextureVariation>0</TextureVariation>
			</ObjectProperties>
			<OpacityLevel>255</OpacityLevel>
			<LodDistance>16960</LodDistance>
			<IsVisible>true</IsVisible>
			<MaxHealth>1000</MaxHealth>
			<Health>1000</Health>
			<HasGravity>true</HasGravity>
			<IsOnFire>false</IsOnFire>
			<IsInvincible>false</IsInvincible>
			<IsBulletProof>false</IsBulletProof>
			<IsCollisionProof>false</IsCollisionProof>
			<IsExplosionProof>false</IsExplosionProof>
			<IsFireProof>false</IsFireProof>
			<IsMeleeProof>false</IsMeleeProof>
			<IsOnlyDamagedByPlayer>false</IsOnlyDamagedByPlayer>
			<PositionRotation>
				<X>1301.51306</X>
				<Y>3150.87476</Y>
				<Z>40.5990295</Z>
				<Pitch>0.215087935</Pitch>
				<Roll>0.565646052</Roll>
				<Yaw>-77.2892532</Yaw>
			</PositionRotation>
			<Attachment isAttached="true">
				<AttachedTo>474965</AttachedTo>
				<BoneIndex>0</BoneIndex>
				<X>0.814002395</X>
				<Y>7.02761745</Y>
				<Z>0.208343506</Z>
				<Pitch>-0.0034945237</Pitch>
				<Roll>0.109913073</Roll>
				<Yaw>-181.370453</Yaw>
			</Attachment>
		</Attachment>
		<Attachment>
			<ModelHash>0x7773ca4a</ModelHash>
			<Type>3</Type>
			<Dynamic>false</Dynamic>
			<FrozenPos>true</FrozenPos>
			<HashName>prop_fncsec_02pole</HashName>
			<InitialHandle>693318</InitialHandle>
			<ObjectProperties>
				<TextureVariation>0</TextureVariation>
			</ObjectProperties>
			<OpacityLevel>255</OpacityLevel>
			<LodDistance>16960</LodDistance>
			<IsVisible>true</IsVisible>
			<MaxHealth>1000</MaxHealth>
			<Health>1000</Health>
			<HasGravity>true</HasGravity>
			<IsOnFire>false</IsOnFire>
			<IsInvincible>false</IsInvincible>
			<IsBulletProof>false</IsBulletProof>
			<IsCollisionProof>false</IsCollisionProof>
			<IsExplosionProof>false</IsExplosionProof>
			<IsFireProof>false</IsFireProof>
			<IsMeleeProof>false</IsMeleeProof>
			<IsOnlyDamagedByPlayer>false</IsOnlyDamagedByPlayer>
			<PositionRotation>
				<X>1301.56177</X>
				<Y>3150.68091</Y>
				<Z>40.5974579</Z>
				<Pitch>0.215087935</Pitch>
				<Roll>0.565646052</Roll>
				<Yaw>-77.2892532</Yaw>
			</PositionRotation>
			<Attachment isAttached="true">
				<AttachedTo>474965</AttachedTo>
				<BoneIndex>0</BoneIndex>
				<X>0.614002347</X>
				<Y>7.02761745</Y>
				<Z>0.208343506</Z>
				<Pitch>-0.0034945237</Pitch>
				<Roll>0.109913073</Roll>
				<Yaw>-181.370453</Yaw>
			</Attachment>
		</Attachment>
		<Attachment>
			<ModelHash>0x7773ca4a</ModelHash>
			<Type>3</Type>
			<Dynamic>false</Dynamic>
			<FrozenPos>true</FrozenPos>
			<HashName>prop_fncsec_02pole</HashName>
			<InitialHandle>109636</InitialHandle>
			<ObjectProperties>
				<TextureVariation>0</TextureVariation>
			</ObjectProperties>
			<OpacityLevel>255</OpacityLevel>
			<LodDistance>16960</LodDistance>
			<IsVisible>true</IsVisible>
			<MaxHealth>1000</MaxHealth>
			<Health>1000</Health>
			<HasGravity>true</HasGravity>
			<IsOnFire>false</IsOnFire>
			<IsInvincible>false</IsInvincible>
			<IsBulletProof>false</IsBulletProof>
			<IsCollisionProof>false</IsCollisionProof>
			<IsExplosionProof>false</IsExplosionProof>
			<IsFireProof>false</IsFireProof>
			<IsMeleeProof>false</IsMeleeProof>
			<IsOnlyDamagedByPlayer>false</IsOnlyDamagedByPlayer>
			<PositionRotation>
				<X>1301.61035</X>
				<Y>3150.48682</Y>
				<Z>40.5958824</Z>
				<Pitch>0.215087935</Pitch>
				<Roll>0.565646052</Roll>
				<Yaw>-77.2892532</Yaw>
			</PositionRotation>
			<Attachment isAttached="true">
				<AttachedTo>474965</AttachedTo>
				<BoneIndex>0</BoneIndex>
				<X>0.414002299</X>
				<Y>7.02761745</Y>
				<Z>0.208343506</Z>
				<Pitch>-0.0034945237</Pitch>
				<Roll>0.109913073</Roll>
				<Yaw>-181.370453</Yaw>
			</Attachment>
		</Attachment>
		<Attachment>
			<ModelHash>0x7773ca4a</ModelHash>
			<Type>3</Type>
			<Dynamic>false</Dynamic>
			<FrozenPos>true</FrozenPos>
			<HashName>prop_fncsec_02pole</HashName>
			<InitialHandle>32610</InitialHandle>
			<ObjectProperties>
				<TextureVariation>0</TextureVariation>
			</ObjectProperties>
			<OpacityLevel>255</OpacityLevel>
			<LodDistance>16960</LodDistance>
			<IsVisible>true</IsVisible>
			<MaxHealth>1000</MaxHealth>
			<Health>1000</Health>
			<HasGravity>true</HasGravity>
			<IsOnFire>false</IsOnFire>
			<IsInvincible>false</IsInvincible>
			<IsBulletProof>false</IsBulletProof>
			<IsCollisionProof>false</IsCollisionProof>
			<IsExplosionProof>false</IsExplosionProof>
			<IsFireProof>false</IsFireProof>
			<IsMeleeProof>false</IsMeleeProof>
			<IsOnlyDamagedByPlayer>false</IsOnlyDamagedByPlayer>
			<PositionRotation>
				<X>1301.65906</X>
				<Y>3150.29297</Y>
				<Z>40.5943108</Z>
				<Pitch>0.215087935</Pitch>
				<Roll>0.565646052</Roll>
				<Yaw>-77.2892532</Yaw>
			</PositionRotation>
			<Attachment isAttached="true">
				<AttachedTo>474965</AttachedTo>
				<BoneIndex>0</BoneIndex>
				<X>0.214002252</X>
				<Y>7.02761745</Y>
				<Z>0.208343506</Z>
				<Pitch>-0.0034945237</Pitch>
				<Roll>0.109913073</Roll>
				<Yaw>-181.370453</Yaw>
			</Attachment>
		</Attachment>
		<Attachment>
			<ModelHash>0x7773ca4a</ModelHash>
			<Type>3</Type>
			<Dynamic>false</Dynamic>
			<FrozenPos>true</FrozenPos>
			<HashName>prop_fncsec_02pole</HashName>
			<InitialHandle>362342</InitialHandle>
			<ObjectProperties>
				<TextureVariation>0</TextureVariation>
			</ObjectProperties>
			<OpacityLevel>255</OpacityLevel>
			<LodDistance>16960</LodDistance>
			<IsVisible>true</IsVisible>
			<MaxHealth>1000</MaxHealth>
			<Health>1000</Health>
			<HasGravity>true</HasGravity>
			<IsOnFire>false</IsOnFire>
			<IsInvincible>false</IsInvincible>
			<IsBulletProof>false</IsBulletProof>
			<IsCollisionProof>false</IsCollisionProof>
			<IsExplosionProof>false</IsExplosionProof>
			<IsFireProof>false</IsFireProof>
			<IsMeleeProof>false</IsMeleeProof>
			<IsOnlyDamagedByPlayer>false</IsOnlyDamagedByPlayer>
			<PositionRotation>
				<X>1301.70776</X>
				<Y>3150.09888</Y>
				<Z>40.5927391</Z>
				<Pitch>0.215087935</Pitch>
				<Roll>0.565646052</Roll>
				<Yaw>-77.2892532</Yaw>
			</PositionRotation>
			<Attachment isAttached="true">
				<AttachedTo>474965</AttachedTo>
				<BoneIndex>0</BoneIndex>
				<X>0.0140022188</X>
				<Y>7.02761745</Y>
				<Z>0.208343506</Z>
				<Pitch>-0.0034945237</Pitch>
				<Roll>0.109913073</Roll>
				<Yaw>-181.370453</Yaw>
			</Attachment>
		</Attachment>
		<Attachment>
			<ModelHash>0x7773ca4a</ModelHash>
			<Type>3</Type>
			<Dynamic>false</Dynamic>
			<FrozenPos>true</FrozenPos>
			<HashName>prop_fncsec_02pole</HashName>
			<InitialHandle>465508</InitialHandle>
			<ObjectProperties>
				<TextureVariation>0</TextureVariation>
			</ObjectProperties>
			<OpacityLevel>255</OpacityLevel>
			<LodDistance>16960</LodDistance>
			<IsVisible>true</IsVisible>
			<MaxHealth>1000</MaxHealth>
			<Health>1000</Health>
			<HasGravity>true</HasGravity>
			<IsOnFire>false</IsOnFire>
			<IsInvincible>false</IsInvincible>
			<IsBulletProof>false</IsBulletProof>
			<IsCollisionProof>false</IsCollisionProof>
			<IsExplosionProof>false</IsExplosionProof>
			<IsFireProof>false</IsFireProof>
			<IsMeleeProof>false</IsMeleeProof>
			<IsOnlyDamagedByPlayer>false</IsOnlyDamagedByPlayer>
			<PositionRotation>
				<X>1301.75635</X>
				<Y>3149.90479</Y>
				<Z>40.5911674</Z>
				<Pitch>0.215087935</Pitch>
				<Roll>0.565646052</Roll>
				<Yaw>-77.2892532</Yaw>
			</PositionRotation>
			<Attachment isAttached="true">
				<AttachedTo>474965</AttachedTo>
				<BoneIndex>0</BoneIndex>
				<X>-0.185997814</X>
				<Y>7.02761745</Y>
				<Z>0.208343506</Z>
				<Pitch>-0.0034945237</Pitch>
				<Roll>0.109913073</Roll>
				<Yaw>-181.370453</Yaw>
			</Attachment>
		</Attachment>
		<Attachment>
			<ModelHash>0x7773ca4a</ModelHash>
			<Type>3</Type>
			<Dynamic>false</Dynamic>
			<FrozenPos>true</FrozenPos>
			<HashName>prop_fncsec_02pole</HashName>
			<InitialHandle>728662</InitialHandle>
			<ObjectProperties>
				<TextureVariation>0</TextureVariation>
			</ObjectProperties>
			<OpacityLevel>255</OpacityLevel>
			<LodDistance>16960</LodDistance>
			<IsVisible>true</IsVisible>
			<MaxHealth>1000</MaxHealth>
			<Health>1000</Health>
			<HasGravity>true</HasGravity>
			<IsOnFire>false</IsOnFire>
			<IsInvincible>false</IsInvincible>
			<IsBulletProof>false</IsBulletProof>
			<IsCollisionProof>false</IsCollisionProof>
			<IsExplosionProof>false</IsExplosionProof>
			<IsFireProof>false</IsFireProof>
			<IsMeleeProof>false</IsMeleeProof>
			<IsOnlyDamagedByPlayer>false</IsOnlyDamagedByPlayer>
			<PositionRotation>
				<X>1301.80505</X>
				<Y>3149.71094</Y>
				<Z>40.5895958</Z>
				<Pitch>0.215087935</Pitch>
				<Roll>0.565646052</Roll>
				<Yaw>-77.2892532</Yaw>
			</PositionRotation>
			<Attachment isAttached="true">
				<AttachedTo>474965</AttachedTo>
				<BoneIndex>0</BoneIndex>
				<X>-0.385997862</X>
				<Y>7.02761745</Y>
				<Z>0.208343506</Z>
				<Pitch>-0.0034945237</Pitch>
				<Roll>0.109913073</Roll>
				<Yaw>-181.370453</Yaw>
			</Attachment>
		</Attachment>
		<Attachment>
			<ModelHash>0x7773ca4a</ModelHash>
			<Type>3</Type>
			<Dynamic>false</Dynamic>
			<FrozenPos>true</FrozenPos>
			<HashName>prop_fncsec_02pole</HashName>
			<InitialHandle>366696</InitialHandle>
			<ObjectProperties>
				<TextureVariation>0</TextureVariation>
			</ObjectProperties>
			<OpacityLevel>255</OpacityLevel>
			<LodDistance>16960</LodDistance>
			<IsVisible>true</IsVisible>
			<MaxHealth>1000</MaxHealth>
			<Health>1000</Health>
			<HasGravity>true</HasGravity>
			<IsOnFire>false</IsOnFire>
			<IsInvincible>false</IsInvincible>
			<IsBulletProof>false</IsBulletProof>
			<IsCollisionProof>false</IsCollisionProof>
			<IsExplosionProof>false</IsExplosionProof>
			<IsFireProof>false</IsFireProof>
			<IsMeleeProof>false</IsMeleeProof>
			<IsOnlyDamagedByPlayer>false</IsOnlyDamagedByPlayer>
			<PositionRotation>
				<X>1301.82935</X>
				<Y>3149.61401</Y>
				<Z>40.58881</Z>
				<Pitch>0.215087935</Pitch>
				<Roll>0.565646052</Roll>
				<Yaw>-77.2892532</Yaw>
			</PositionRotation>
			<Attachment isAttached="true">
				<AttachedTo>474965</AttachedTo>
				<BoneIndex>0</BoneIndex>
				<X>-0.485997856</X>
				<Y>7.02761745</Y>
				<Z>0.208343506</Z>
				<Pitch>-0.0034945237</Pitch>
				<Roll>0.109913073</Roll>
				<Yaw>-181.370453</Yaw>
			</Attachment>
		</Attachment>
		<Attachment>
			<ModelHash>0x7773ca4a</ModelHash>
			<Type>3</Type>
			<Dynamic>false</Dynamic>
			<FrozenPos>true</FrozenPos>
			<HashName>prop_fncsec_02pole</HashName>
			<InitialHandle>484662</InitialHandle>
			<ObjectProperties>
				<TextureVariation>0</TextureVariation>
			</ObjectProperties>
			<OpacityLevel>255</OpacityLevel>
			<LodDistance>16960</LodDistance>
			<IsVisible>true</IsVisible>
			<MaxHealth>1000</MaxHealth>
			<Health>1000</Health>
			<HasGravity>true</HasGravity>
			<IsOnFire>false</IsOnFire>
			<IsInvincible>false</IsInvincible>
			<IsBulletProof>false</IsBulletProof>
			<IsCollisionProof>false</IsCollisionProof>
			<IsExplosionProof>false</IsExplosionProof>
			<IsFireProof>false</IsFireProof>
			<IsMeleeProof>false</IsMeleeProof>
			<IsOnlyDamagedByPlayer>false</IsOnlyDamagedByPlayer>
			<PositionRotation>
				<X>1301.97534</X>
				<Y>3149.03198</Y>
				<Z>40.584095</Z>
				<Pitch>0.215087935</Pitch>
				<Roll>0.565646052</Roll>
				<Yaw>-77.2892532</Yaw>
			</PositionRotation>
			<Attachment isAttached="true">
				<AttachedTo>474965</AttachedTo>
				<BoneIndex>0</BoneIndex>
				<X>-1.08599794</X>
				<Y>7.02761745</Y>
				<Z>0.208343506</Z>
				<Pitch>-0.0034945237</Pitch>
				<Roll>0.109913073</Roll>
				<Yaw>-181.370453</Yaw>
			</Attachment>
		</Attachment>
		<Attachment>
			<ModelHash>0x7773ca4a</ModelHash>
			<Type>3</Type>
			<Dynamic>false</Dynamic>
			<FrozenPos>true</FrozenPos>
			<HashName>prop_fncsec_02pole</HashName>
			<InitialHandle>434480</InitialHandle>
			<ObjectProperties>
				<TextureVariation>0</TextureVariation>
			</ObjectProperties>
			<OpacityLevel>255</OpacityLevel>
			<LodDistance>16960</LodDistance>
			<IsVisible>true</IsVisible>
			<MaxHealth>1000</MaxHealth>
			<Health>1000</Health>
			<HasGravity>true</HasGravity>
			<IsOnFire>false</IsOnFire>
			<IsInvincible>false</IsInvincible>
			<IsBulletProof>false</IsBulletProof>
			<IsCollisionProof>false</IsCollisionProof>
			<IsExplosionProof>false</IsExplosionProof>
			<IsFireProof>false</IsFireProof>
			<IsMeleeProof>false</IsMeleeProof>
			<IsOnlyDamagedByPlayer>false</IsOnlyDamagedByPlayer>
			<PositionRotation>
				<X>1302.02405</X>
				<Y>3148.83789</Y>
				<Z>40.5825195</Z>
				<Pitch>0.215087935</Pitch>
				<Roll>0.565646052</Roll>
				<Yaw>-77.2892532</Yaw>
			</PositionRotation>
			<Attachment isAttached="true">
				<AttachedTo>474965</AttachedTo>
				<BoneIndex>0</BoneIndex>
				<X>-1.28599799</X>
				<Y>7.02761745</Y>
				<Z>0.208343506</Z>
				<Pitch>-0.0034945237</Pitch>
				<Roll>0.109913073</Roll>
				<Yaw>-181.370453</Yaw>
			</Attachment>
		</Attachment>
		<Attachment>
			<ModelHash>0x7773ca4a</ModelHash>
			<Type>3</Type>
			<Dynamic>false</Dynamic>
			<FrozenPos>true</FrozenPos>
			<HashName>prop_fncsec_02pole</HashName>
			<InitialHandle>585274</InitialHandle>
			<ObjectProperties>
				<TextureVariation>0</TextureVariation>
			</ObjectProperties>
			<OpacityLevel>255</OpacityLevel>
			<LodDistance>16960</LodDistance>
			<IsVisible>true</IsVisible>
			<MaxHealth>1000</MaxHealth>
			<Health>1000</Health>
			<HasGravity>true</HasGravity>
			<IsOnFire>false</IsOnFire>
			<IsInvincible>false</IsInvincible>
			<IsBulletProof>false</IsBulletProof>
			<IsCollisionProof>false</IsCollisionProof>
			<IsExplosionProof>false</IsExplosionProof>
			<IsFireProof>false</IsFireProof>
			<IsMeleeProof>false</IsMeleeProof>
			<IsOnlyDamagedByPlayer>false</IsOnlyDamagedByPlayer>
			<PositionRotation>
				<X>1302.07275</X>
				<Y>3148.64404</Y>
				<Z>40.5809479</Z>
				<Pitch>0.215087935</Pitch>
				<Roll>0.565646052</Roll>
				<Yaw>-77.2892532</Yaw>
			</PositionRotation>
			<Attachment isAttached="true">
				<AttachedTo>474965</AttachedTo>
				<BoneIndex>0</BoneIndex>
				<X>-1.48599803</X>
				<Y>7.02761745</Y>
				<Z>0.208343506</Z>
				<Pitch>-0.0034945237</Pitch>
				<Roll>0.109913073</Roll>
				<Yaw>-181.370453</Yaw>
			</Attachment>
		</Attachment>
		<Attachment>
			<ModelHash>0x7773ca4a</ModelHash>
			<Type>3</Type>
			<Dynamic>false</Dynamic>
			<FrozenPos>true</FrozenPos>
			<HashName>prop_fncsec_02pole</HashName>
			<InitialHandle>102251</InitialHandle>
			<ObjectProperties>
				<TextureVariation>0</TextureVariation>
			</ObjectProperties>
			<OpacityLevel>255</OpacityLevel>
			<LodDistance>16960</LodDistance>
			<IsVisible>true</IsVisible>
			<MaxHealth>1000</MaxHealth>
			<Health>1000</Health>
			<HasGravity>true</HasGravity>
			<IsOnFire>false</IsOnFire>
			<IsInvincible>false</IsInvincible>
			<IsBulletProof>false</IsBulletProof>
			<IsCollisionProof>false</IsCollisionProof>
			<IsExplosionProof>false</IsExplosionProof>
			<IsFireProof>false</IsFireProof>
			<IsMeleeProof>false</IsMeleeProof>
			<IsOnlyDamagedByPlayer>false</IsOnlyDamagedByPlayer>
			<PositionRotation>
				<X>1302.07178</X>
				<Y>3148.63965</Y>
				<Z>41.0809288</Z>
				<Pitch>0.225371584</Pitch>
				<Roll>-89.4394302</Roll>
				<Yaw>-75.9892044</Yaw>
			</PositionRotation>
			<Attachment isAttached="true">
				<AttachedTo>474965</AttachedTo>
				<BoneIndex>0</BoneIndex>
				<X>-1.48599803</X>
				<Y>7.02761745</Y>
				<Z>0.708343506</Z>
				<Pitch>-0.0034945237</Pitch>
				<Roll>-89.8900909</Roll>
				<Yaw>179.929626</Yaw>
			</Attachment>
		</Attachment>
		<Attachment>
			<ModelHash>0x7773ca4a</ModelHash>
			<Type>3</Type>
			<Dynamic>false</Dynamic>
			<FrozenPos>true</FrozenPos>
			<HashName>prop_fncsec_02pole</HashName>
			<InitialHandle>579408</InitialHandle>
			<ObjectProperties>
				<TextureVariation>0</TextureVariation>
			</ObjectProperties>
			<OpacityLevel>255</OpacityLevel>
			<LodDistance>16960</LodDistance>
			<IsVisible>true</IsVisible>
			<MaxHealth>1000</MaxHealth>
			<Health>1000</Health>
			<HasGravity>true</HasGravity>
			<IsOnFire>false</IsOnFire>
			<IsInvincible>false</IsInvincible>
			<IsBulletProof>false</IsBulletProof>
			<IsCollisionProof>false</IsCollisionProof>
			<IsExplosionProof>false</IsExplosionProof>
			<IsFireProof>false</IsFireProof>
			<IsMeleeProof>false</IsMeleeProof>
			<IsOnlyDamagedByPlayer>false</IsOnlyDamagedByPlayer>
			<PositionRotation>
				<X>1301.82837</X>
				<Y>3149.60962</Y>
				<Z>41.0887909</Z>
				<Pitch>0.225371584</Pitch>
				<Roll>-89.4394302</Roll>
				<Yaw>-75.9892044</Yaw>
			</PositionRotation>
			<Attachment isAttached="true">
				<AttachedTo>474965</AttachedTo>
				<BoneIndex>0</BoneIndex>
				<X>-0.485997796</X>
				<Y>7.02761745</Y>
				<Z>0.708343506</Z>
				<Pitch>-0.0034945237</Pitch>
				<Roll>-89.8900909</Roll>
				<Yaw>179.929626</Yaw>
			</Attachment>
		</Attachment>
		<Attachment>
			<ModelHash>0x7773ca4a</ModelHash>
			<Type>3</Type>
			<Dynamic>false</Dynamic>
			<FrozenPos>true</FrozenPos>
			<HashName>prop_fncsec_02pole</HashName>
			<InitialHandle>510569</InitialHandle>
			<ObjectProperties>
				<TextureVariation>0</TextureVariation>
			</ObjectProperties>
			<OpacityLevel>255</OpacityLevel>
			<LodDistance>16960</LodDistance>
			<IsVisible>true</IsVisible>
			<MaxHealth>1000</MaxHealth>
			<Health>1000</Health>
			<HasGravity>true</HasGravity>
			<IsOnFire>false</IsOnFire>
			<IsInvincible>false</IsInvincible>
			<IsBulletProof>false</IsBulletProof>
			<IsCollisionProof>false</IsCollisionProof>
			<IsExplosionProof>false</IsExplosionProof>
			<IsFireProof>false</IsFireProof>
			<IsMeleeProof>false</IsMeleeProof>
			<IsOnlyDamagedByPlayer>false</IsOnlyDamagedByPlayer>
			<PositionRotation>
				<X>1301.828</X>
				<Y>3149.60791</Y>
				<Z>41.288784</Z>
				<Pitch>0.225371584</Pitch>
				<Roll>-89.4394302</Roll>
				<Yaw>-75.9892044</Yaw>
			</PositionRotation>
			<Attachment isAttached="true">
				<AttachedTo>474965</AttachedTo>
				<BoneIndex>0</BoneIndex>
				<X>-0.485997796</X>
				<Y>7.02761745</Y>
				<Z>0.908343554</Z>
				<Pitch>-0.0034945237</Pitch>
				<Roll>-89.8900909</Roll>
				<Yaw>179.929626</Yaw>
			</Attachment>
		</Attachment>
		<Attachment>
			<ModelHash>0x7773ca4a</ModelHash>
			<Type>3</Type>
			<Dynamic>false</Dynamic>
			<FrozenPos>true</FrozenPos>
			<HashName>prop_fncsec_02pole</HashName>
			<InitialHandle>535144</InitialHandle>
			<ObjectProperties>
				<TextureVariation>0</TextureVariation>
			</ObjectProperties>
			<OpacityLevel>255</OpacityLevel>
			<LodDistance>16960</LodDistance>
			<IsVisible>true</IsVisible>
			<MaxHealth>1000</MaxHealth>
			<Health>1000</Health>
			<HasGravity>true</HasGravity>
			<IsOnFire>false</IsOnFire>
			<IsInvincible>false</IsInvincible>
			<IsBulletProof>false</IsBulletProof>
			<IsCollisionProof>false</IsCollisionProof>
			<IsExplosionProof>false</IsExplosionProof>
			<IsFireProof>false</IsFireProof>
			<IsMeleeProof>false</IsMeleeProof>
			<IsOnlyDamagedByPlayer>false</IsOnlyDamagedByPlayer>
			<PositionRotation>
				<X>1301.82764</X>
				<Y>3149.6062</Y>
				<Z>41.4887733</Z>
				<Pitch>0.225371584</Pitch>
				<Roll>-89.4394302</Roll>
				<Yaw>-75.9892044</Yaw>
			</PositionRotation>
			<Attachment isAttached="true">
				<AttachedTo>474965</AttachedTo>
				<BoneIndex>0</BoneIndex>
				<X>-0.485997796</X>
				<Y>7.02761745</Y>
				<Z>1.1083436</Z>
				<Pitch>-0.0034945237</Pitch>
				<Roll>-89.8900909</Roll>
				<Yaw>179.929626</Yaw>
			</Attachment>
		</Attachment>
		<Attachment>
			<ModelHash>0x7773ca4a</ModelHash>
			<Type>3</Type>
			<Dynamic>false</Dynamic>
			<FrozenPos>true</FrozenPos>
			<HashName>prop_fncsec_02pole</HashName>
			<InitialHandle>195108</InitialHandle>
			<ObjectProperties>
				<TextureVariation>0</TextureVariation>
			</ObjectProperties>
			<OpacityLevel>255</OpacityLevel>
			<LodDistance>16960</LodDistance>
			<IsVisible>true</IsVisible>
			<MaxHealth>1000</MaxHealth>
			<Health>1000</Health>
			<HasGravity>true</HasGravity>
			<IsOnFire>false</IsOnFire>
			<IsInvincible>false</IsInvincible>
			<IsBulletProof>false</IsBulletProof>
			<IsCollisionProof>false</IsCollisionProof>
			<IsExplosionProof>false</IsExplosionProof>
			<IsFireProof>false</IsFireProof>
			<IsMeleeProof>false</IsMeleeProof>
			<IsOnlyDamagedByPlayer>false</IsOnlyDamagedByPlayer>
			<PositionRotation>
				<X>1301.82727</X>
				<Y>3149.60449</Y>
				<Z>41.6887665</Z>
				<Pitch>0.225371584</Pitch>
				<Roll>-89.4394302</Roll>
				<Yaw>-75.9892044</Yaw>
			</PositionRotation>
			<Attachment isAttached="true">
				<AttachedTo>474965</AttachedTo>
				<BoneIndex>0</BoneIndex>
				<X>-0.485997796</X>
				<Y>7.02761745</Y>
				<Z>1.30834365</Z>
				<Pitch>-0.0034945237</Pitch>
				<Roll>-89.8900909</Roll>
				<Yaw>179.929626</Yaw>
			</Attachment>
		</Attachment>
		<Attachment>
			<ModelHash>0x7773ca4a</ModelHash>
			<Type>3</Type>
			<Dynamic>false</Dynamic>
			<FrozenPos>true</FrozenPos>
			<HashName>prop_fncsec_02pole</HashName>
			<InitialHandle>260969</InitialHandle>
			<ObjectProperties>
				<TextureVariation>0</TextureVariation>
			</ObjectProperties>
			<OpacityLevel>255</OpacityLevel>
			<LodDistance>16960</LodDistance>
			<IsVisible>true</IsVisible>
			<MaxHealth>1000</MaxHealth>
			<Health>1000</Health>
			<HasGravity>true</HasGravity>
			<IsOnFire>false</IsOnFire>
			<IsInvincible>false</IsInvincible>
			<IsBulletProof>false</IsBulletProof>
			<IsCollisionProof>false</IsCollisionProof>
			<IsExplosionProof>false</IsExplosionProof>
			<IsFireProof>false</IsFireProof>
			<IsMeleeProof>false</IsMeleeProof>
			<IsOnlyDamagedByPlayer>false</IsOnlyDamagedByPlayer>
			<PositionRotation>
				<X>1301.82678</X>
				<Y>3149.60278</Y>
				<Z>41.8887596</Z>
				<Pitch>0.225371584</Pitch>
				<Roll>-89.4394302</Roll>
				<Yaw>-75.9892044</Yaw>
			</PositionRotation>
			<Attachment isAttached="true">
				<AttachedTo>474965</AttachedTo>
				<BoneIndex>0</BoneIndex>
				<X>-0.485997796</X>
				<Y>7.02761745</Y>
				<Z>1.5083437</Z>
				<Pitch>-0.0034945237</Pitch>
				<Roll>-89.8900909</Roll>
				<Yaw>179.929626</Yaw>
			</Attachment>
		</Attachment>
		<Attachment>
			<ModelHash>0x7773ca4a</ModelHash>
			<Type>3</Type>
			<Dynamic>false</Dynamic>
			<FrozenPos>true</FrozenPos>
			<HashName>prop_fncsec_02pole</HashName>
			<InitialHandle>337516</InitialHandle>
			<ObjectProperties>
				<TextureVariation>0</TextureVariation>
			</ObjectProperties>
			<OpacityLevel>255</OpacityLevel>
			<LodDistance>16960</LodDistance>
			<IsVisible>true</IsVisible>
			<MaxHealth>1000</MaxHealth>
			<Health>1000</Health>
			<HasGravity>true</HasGravity>
			<IsOnFire>false</IsOnFire>
			<IsInvincible>false</IsInvincible>
			<IsBulletProof>false</IsBulletProof>
			<IsCollisionProof>false</IsCollisionProof>
			<IsExplosionProof>false</IsExplosionProof>
			<IsFireProof>false</IsFireProof>
			<IsMeleeProof>false</IsMeleeProof>
			<IsOnlyDamagedByPlayer>false</IsOnlyDamagedByPlayer>
			<PositionRotation>
				<X>1301.82642</X>
				<Y>3149.60107</Y>
				<Z>42.0887527</Z>
				<Pitch>0.225371584</Pitch>
				<Roll>-89.4394302</Roll>
				<Yaw>-75.9892044</Yaw>
			</PositionRotation>
			<Attachment isAttached="true">
				<AttachedTo>474965</AttachedTo>
				<BoneIndex>0</BoneIndex>
				<X>-0.485997796</X>
				<Y>7.02761745</Y>
				<Z>1.70834374</Z>
				<Pitch>-0.0034945237</Pitch>
				<Roll>-89.8900909</Roll>
				<Yaw>179.929626</Yaw>
			</Attachment>
		</Attachment>
		<Attachment>
			<ModelHash>0x7773ca4a</ModelHash>
			<Type>3</Type>
			<Dynamic>false</Dynamic>
			<FrozenPos>true</FrozenPos>
			<HashName>prop_fncsec_02pole</HashName>
			<InitialHandle>445791</InitialHandle>
			<ObjectProperties>
				<TextureVariation>0</TextureVariation>
			</ObjectProperties>
			<OpacityLevel>255</OpacityLevel>
			<LodDistance>16960</LodDistance>
			<IsVisible>true</IsVisible>
			<MaxHealth>1000</MaxHealth>
			<Health>1000</Health>
			<HasGravity>true</HasGravity>
			<IsOnFire>false</IsOnFire>
			<IsInvincible>false</IsInvincible>
			<IsBulletProof>false</IsBulletProof>
			<IsCollisionProof>false</IsCollisionProof>
			<IsExplosionProof>false</IsExplosionProof>
			<IsFireProof>false</IsFireProof>
			<IsMeleeProof>false</IsMeleeProof>
			<IsOnlyDamagedByPlayer>false</IsOnlyDamagedByPlayer>
			<PositionRotation>
				<X>1301.82605</X>
				<Y>3149.59937</Y>
				<Z>42.2887421</Z>
				<Pitch>0.225371584</Pitch>
				<Roll>-89.4394302</Roll>
				<Yaw>-75.9892044</Yaw>
			</PositionRotation>
			<Attachment isAttached="true">
				<AttachedTo>474965</AttachedTo>
				<BoneIndex>0</BoneIndex>
				<X>-0.485997796</X>
				<Y>7.02761745</Y>
				<Z>1.90834379</Z>
				<Pitch>-0.0034945237</Pitch>
				<Roll>-89.8900909</Roll>
				<Yaw>179.929626</Yaw>
			</Attachment>
		</Attachment>
		<Attachment>
			<ModelHash>0x7773ca4a</ModelHash>
			<Type>3</Type>
			<Dynamic>false</Dynamic>
			<FrozenPos>true</FrozenPos>
			<HashName>prop_fncsec_02pole</HashName>
			<InitialHandle>550224</InitialHandle>
			<ObjectProperties>
				<TextureVariation>0</TextureVariation>
			</ObjectProperties>
			<OpacityLevel>255</OpacityLevel>
			<LodDistance>16960</LodDistance>
			<IsVisible>true</IsVisible>
			<MaxHealth>1000</MaxHealth>
			<Health>1000</Health>
			<HasGravity>true</HasGravity>
			<IsOnFire>false</IsOnFire>
			<IsInvincible>false</IsInvincible>
			<IsBulletProof>false</IsBulletProof>
			<IsCollisionProof>false</IsCollisionProof>
			<IsExplosionProof>false</IsExplosionProof>
			<IsFireProof>false</IsFireProof>
			<IsMeleeProof>false</IsMeleeProof>
			<IsOnlyDamagedByPlayer>false</IsOnlyDamagedByPlayer>
			<PositionRotation>
				<X>1301.82568</X>
				<Y>3149.59766</Y>
				<Z>42.4887352</Z>
				<Pitch>0.225371584</Pitch>
				<Roll>-89.4394302</Roll>
				<Yaw>-75.9892044</Yaw>
			</PositionRotation>
			<Attachment isAttached="true">
				<AttachedTo>474965</AttachedTo>
				<BoneIndex>0</BoneIndex>
				<X>-0.485997796</X>
				<Y>7.02761745</Y>
				<Z>2.1083436</Z>
				<Pitch>-0.0034945237</Pitch>
				<Roll>-89.8900909</Roll>
				<Yaw>179.929626</Yaw>
			</Attachment>
		</Attachment>
		<Attachment>
			<ModelHash>0x7773ca4a</ModelHash>
			<Type>3</Type>
			<Dynamic>false</Dynamic>
			<FrozenPos>true</FrozenPos>
			<HashName>prop_fncsec_02pole</HashName>
			<InitialHandle>87398</InitialHandle>
			<ObjectProperties>
				<TextureVariation>0</TextureVariation>
			</ObjectProperties>
			<OpacityLevel>255</OpacityLevel>
			<LodDistance>16960</LodDistance>
			<IsVisible>true</IsVisible>
			<MaxHealth>1000</MaxHealth>
			<Health>1000</Health>
			<HasGravity>true</HasGravity>
			<IsOnFire>false</IsOnFire>
			<IsInvincible>false</IsInvincible>
			<IsBulletProof>false</IsBulletProof>
			<IsCollisionProof>false</IsCollisionProof>
			<IsExplosionProof>false</IsExplosionProof>
			<IsFireProof>false</IsFireProof>
			<IsMeleeProof>false</IsMeleeProof>
			<IsOnlyDamagedByPlayer>false</IsOnlyDamagedByPlayer>
			<PositionRotation>
				<X>1302.06897</X>
				<Y>3148.62769</Y>
				<Z>42.4808769</Z>
				<Pitch>0.225371584</Pitch>
				<Roll>-89.4394302</Roll>
				<Yaw>-75.9892044</Yaw>
			</PositionRotation>
			<Attachment isAttached="true">
				<AttachedTo>474965</AttachedTo>
				<BoneIndex>0</BoneIndex>
				<X>-1.48599803</X>
				<Y>7.02761745</Y>
				<Z>2.1083436</Z>
				<Pitch>-0.0034945237</Pitch>
				<Roll>-89.8900909</Roll>
				<Yaw>179.929626</Yaw>
			</Attachment>
		</Attachment>
		<Attachment>
			<ModelHash>0x7773ca4a</ModelHash>
			<Type>3</Type>
			<Dynamic>false</Dynamic>
			<FrozenPos>true</FrozenPos>
			<HashName>prop_fncsec_02pole</HashName>
			<InitialHandle>684335</InitialHandle>
			<ObjectProperties>
				<TextureVariation>0</TextureVariation>
			</ObjectProperties>
			<OpacityLevel>255</OpacityLevel>
			<LodDistance>16960</LodDistance>
			<IsVisible>true</IsVisible>
			<MaxHealth>1000</MaxHealth>
			<Health>1000</Health>
			<HasGravity>true</HasGravity>
			<IsOnFire>false</IsOnFire>
			<IsInvincible>false</IsInvincible>
			<IsBulletProof>false</IsBulletProof>
			<IsCollisionProof>false</IsCollisionProof>
			<IsExplosionProof>false</IsExplosionProof>
			<IsFireProof>false</IsFireProof>
			<IsMeleeProof>false</IsMeleeProof>
			<IsOnlyDamagedByPlayer>false</IsOnlyDamagedByPlayer>
			<PositionRotation>
				<X>1302.06934</X>
				<Y>3148.62939</Y>
				<Z>42.2808838</Z>
				<Pitch>0.225371584</Pitch>
				<Roll>-89.4394302</Roll>
				<Yaw>-75.9892044</Yaw>
			</PositionRotation>
			<Attachment isAttached="true">
				<AttachedTo>474965</AttachedTo>
				<BoneIndex>0</BoneIndex>
				<X>-1.48599803</X>
				<Y>7.02761745</Y>
				<Z>1.90834367</Z>
				<Pitch>-0.0034945237</Pitch>
				<Roll>-89.8900909</Roll>
				<Yaw>179.929626</Yaw>
			</Attachment>
		</Attachment>
		<Attachment>
			<ModelHash>0x7773ca4a</ModelHash>
			<Type>3</Type>
			<Dynamic>false</Dynamic>
			<FrozenPos>true</FrozenPos>
			<HashName>prop_fncsec_02pole</HashName>
			<InitialHandle>314731</InitialHandle>
			<ObjectProperties>
				<TextureVariation>0</TextureVariation>
			</ObjectProperties>
			<OpacityLevel>255</OpacityLevel>
			<LodDistance>16960</LodDistance>
			<IsVisible>true</IsVisible>
			<MaxHealth>1000</MaxHealth>
			<Health>1000</Health>
			<HasGravity>true</HasGravity>
			<IsOnFire>false</IsOnFire>
			<IsInvincible>false</IsInvincible>
			<IsBulletProof>false</IsBulletProof>
			<IsCollisionProof>false</IsCollisionProof>
			<IsExplosionProof>false</IsExplosionProof>
			<IsFireProof>false</IsFireProof>
			<IsMeleeProof>false</IsMeleeProof>
			<IsOnlyDamagedByPlayer>false</IsOnlyDamagedByPlayer>
			<PositionRotation>
				<X>1302.0697</X>
				<Y>3148.6311</Y>
				<Z>42.0808907</Z>
				<Pitch>0.225371584</Pitch>
				<Roll>-89.4394302</Roll>
				<Yaw>-75.9892044</Yaw>
			</PositionRotation>
			<Attachment isAttached="true">
				<AttachedTo>474965</AttachedTo>
				<BoneIndex>0</BoneIndex>
				<X>-1.48599803</X>
				<Y>7.02761745</Y>
				<Z>1.70834363</Z>
				<Pitch>-0.0034945237</Pitch>
				<Roll>-89.8900909</Roll>
				<Yaw>179.929626</Yaw>
			</Attachment>
		</Attachment>
		<Attachment>
			<ModelHash>0x7773ca4a</ModelHash>
			<Type>3</Type>
			<Dynamic>false</Dynamic>
			<FrozenPos>true</FrozenPos>
			<HashName>prop_fncsec_02pole</HashName>
			<InitialHandle>80493</InitialHandle>
			<ObjectProperties>
				<TextureVariation>0</TextureVariation>
			</ObjectProperties>
			<OpacityLevel>255</OpacityLevel>
			<LodDistance>16960</LodDistance>
			<IsVisible>true</IsVisible>
			<MaxHealth>1000</MaxHealth>
			<Health>1000</Health>
			<HasGravity>true</HasGravity>
			<IsOnFire>false</IsOnFire>
			<IsInvincible>false</IsInvincible>
			<IsBulletProof>false</IsBulletProof>
			<IsCollisionProof>false</IsCollisionProof>
			<IsExplosionProof>false</IsExplosionProof>
			<IsFireProof>false</IsFireProof>
			<IsMeleeProof>false</IsMeleeProof>
			<IsOnlyDamagedByPlayer>false</IsOnlyDamagedByPlayer>
			<PositionRotation>
				<X>1302.07019</X>
				<Y>3148.63281</Y>
				<Z>41.8808975</Z>
				<Pitch>0.225371584</Pitch>
				<Roll>-89.4394302</Roll>
				<Yaw>-75.9892044</Yaw>
			</PositionRotation>
			<Attachment isAttached="true">
				<AttachedTo>474965</AttachedTo>
				<BoneIndex>0</BoneIndex>
				<X>-1.48599803</X>
				<Y>7.02761745</Y>
				<Z>1.50834358</Z>
				<Pitch>-0.0034945237</Pitch>
				<Roll>-89.8900909</Roll>
				<Yaw>179.929626</Yaw>
			</Attachment>
		</Attachment>
		<Attachment>
			<ModelHash>0x7773ca4a</ModelHash>
			<Type>3</Type>
			<Dynamic>false</Dynamic>
			<FrozenPos>true</FrozenPos>
			<HashName>prop_fncsec_02pole</HashName>
			<InitialHandle>82277</InitialHandle>
			<ObjectProperties>
				<TextureVariation>0</TextureVariation>
			</ObjectProperties>
			<OpacityLevel>255</OpacityLevel>
			<LodDistance>16960</LodDistance>
			<IsVisible>true</IsVisible>
			<MaxHealth>1000</MaxHealth>
			<Health>1000</Health>
			<HasGravity>true</HasGravity>
			<IsOnFire>false</IsOnFire>
			<IsInvincible>false</IsInvincible>
			<IsBulletProof>false</IsBulletProof>
			<IsCollisionProof>false</IsCollisionProof>
			<IsExplosionProof>false</IsExplosionProof>
			<IsFireProof>false</IsFireProof>
			<IsMeleeProof>false</IsMeleeProof>
			<IsOnlyDamagedByPlayer>false</IsOnlyDamagedByPlayer>
			<PositionRotation>
				<X>1302.07056</X>
				<Y>3148.63452</Y>
				<Z>41.6809082</Z>
				<Pitch>0.225371584</Pitch>
				<Roll>-89.4394302</Roll>
				<Yaw>-75.9892044</Yaw>
			</PositionRotation>
			<Attachment isAttached="true">
				<AttachedTo>474965</AttachedTo>
				<BoneIndex>0</BoneIndex>
				<X>-1.48599803</X>
				<Y>7.02761745</Y>
				<Z>1.30834353</Z>
				<Pitch>-0.0034945237</Pitch>
				<Roll>-89.8900909</Roll>
				<Yaw>179.929626</Yaw>
			</Attachment>
		</Attachment>
		<Attachment>
			<ModelHash>0x42ce3c8a</ModelHash>
			<Type>3</Type>
			<Dynamic>false</Dynamic>
			<FrozenPos>true</FrozenPos>
			<HashName>prop_rub_carwreck_9</HashName>
			<InitialHandle>227427</InitialHandle>
			<ObjectProperties>
				<TextureVariation>0</TextureVariation>
			</ObjectProperties>
			<PtfxLopAsset>scr_mp_creator</PtfxLopAsset>
			<PtfxLopEffect>scr_mp_plane_landing_tyre_smoke</PtfxLopEffect>
			<OpacityLevel>255</OpacityLevel>
			<LodDistance>16960</LodDistance>
			<IsVisible>true</IsVisible>
			<MaxHealth>1000</MaxHealth>
			<Health>1000</Health>
			<HasGravity>true</HasGravity>
			<IsOnFire>false</IsOnFire>
			<IsInvincible>false</IsInvincible>
			<IsBulletProof>false</IsBulletProof>
			<IsCollisionProof>false</IsCollisionProof>
			<IsExplosionProof>false</IsExplosionProof>
			<IsFireProof>false</IsFireProof>
			<IsMeleeProof>false</IsMeleeProof>
			<IsOnlyDamagedByPlayer>false</IsOnlyDamagedByPlayer>
			<PositionRotation>
				<X>1313.94043</X>
				<Y>3153.19556</Y>
				<Z>40.0088272</Z>
				<Pitch>0.224313691</Pitch>
				<Roll>1.03071117</Roll>
				<Yaw>-77.1746063</Yaw>
			</PositionRotation>
			<Attachment isAttached="true">
				<AttachedTo>474965</AttachedTo>
				<BoneIndex>0</BoneIndex>
				<X>0.0364415199</X>
				<Y>-5.58849001</Y>
				<Z>-0.426286697</Z>
				<Pitch>0.00481945882</Pitch>
				<Roll>0.575416446</Roll>
				<Yaw>-181.255737</Yaw>
			</Attachment>
		</Attachment>
		<Attachment>
			<ModelHash>0x0dd75614</ModelHash>
			<Type>3</Type>
			<Dynamic>false</Dynamic>
			<FrozenPos>true</FrozenPos>
			<HashName>prop_car_engine_01</HashName>
			<InitialHandle>559163</InitialHandle>
			<ObjectProperties>
				<TextureVariation>0</TextureVariation>
			</ObjectProperties>
			<PtfxLopAsset>scr_bigscore</PtfxLopAsset>
			<PtfxLopEffect>scr_bigscore_tyre_spiked</PtfxLopEffect>
			<OpacityLevel>255</OpacityLevel>
			<LodDistance>16960</LodDistance>
			<IsVisible>true</IsVisible>
			<MaxHealth>1000</MaxHealth>
			<Health>1000</Health>
			<HasGravity>true</HasGravity>
			<IsOnFire>false</IsOnFire>
			<IsInvincible>false</IsInvincible>
			<IsBulletProof>false</IsBulletProof>
			<IsCollisionProof>false</IsCollisionProof>
			<IsExplosionProof>false</IsExplosionProof>
			<IsFireProof>false</IsFireProof>
			<IsMeleeProof>false</IsMeleeProof>
			<IsOnlyDamagedByPlayer>false</IsOnlyDamagedByPlayer>
			<PositionRotation>
				<X>1315.84204</X>
				<Y>3153.80957</Y>
				<Z>40.6652374</Z>
				<Pitch>-0.453183413</Pitch>
				<Roll>0.789201975</Roll>
				<Yaw>-167.889954</Yaw>
			</PositionRotation>
			<Attachment isAttached="true">
				<AttachedTo>474965</AttachedTo>
				<BoneIndex>0</BoneIndex>
				<X>0.174494565</X>
				<Y>-7.58498287</Y>
				<Z>0.221068144</Z>
				<Pitch>0.00481945882</Pitch>
				<Roll>0.575416446</Roll>
				<Yaw>-271.972839</Yaw>
			</Attachment>
		</Attachment>
		<Attachment>
			<ModelHash>0x0dd75614</ModelHash>
			<Type>3</Type>
			<Dynamic>false</Dynamic>
			<FrozenPos>true</FrozenPos>
			<HashName>prop_car_engine_01</HashName>
			<InitialHandle>737879</InitialHandle>
			<ObjectProperties>
				<TextureVariation>0</TextureVariation>
			</ObjectProperties>
			<OpacityLevel>255</OpacityLevel>
			<LodDistance>16960</LodDistance>
			<IsVisible>true</IsVisible>
			<MaxHealth>1000</MaxHealth>
			<Health>1000</Health>
			<HasGravity>true</HasGravity>
			<IsOnFire>false</IsOnFire>
			<IsInvincible>false</IsInvincible>
			<IsBulletProof>false</IsBulletProof>
			<IsCollisionProof>false</IsCollisionProof>
			<IsExplosionProof>false</IsExplosionProof>
			<IsFireProof>false</IsFireProof>
			<IsMeleeProof>false</IsMeleeProof>
			<IsOnlyDamagedByPlayer>false</IsOnlyDamagedByPlayer>
			<PositionRotation>
				<X>1315.84204</X>
				<Y>3153.80957</Y>
				<Z>40.6652374</Z>
				<Pitch>-89.4999237</Pitch>
				<Roll>155.321793</Roll>
				<Yaw>-13.144433</Yaw>
			</PositionRotation>
			<Attachment isAttached="true">
				<AttachedTo>474965</AttachedTo>
				<BoneIndex>0</BoneIndex>
				<X>0.174494565</X>
				<Y>-7.58498287</Y>
				<Z>0.221068144</Z>
				<Pitch>-89.9951859</Pitch>
				<Roll>0.575416565</Roll>
				<Yaw>-271.972839</Yaw>
			</Attachment>
		</Attachment>
		<Attachment>
			<ModelHash>0x0dd75614</ModelHash>
			<Type>3</Type>
			<Dynamic>false</Dynamic>
			<FrozenPos>true</FrozenPos>
			<HashName>prop_car_engine_01</HashName>
			<InitialHandle>516973</InitialHandle>
			<ObjectProperties>
				<TextureVariation>0</TextureVariation>
			</ObjectProperties>
			<OpacityLevel>255</OpacityLevel>
			<LodDistance>16960</LodDistance>
			<IsVisible>true</IsVisible>
			<MaxHealth>1000</MaxHealth>
			<Health>1000</Health>
			<HasGravity>true</HasGravity>
			<IsOnFire>false</IsOnFire>
			<IsInvincible>false</IsInvincible>
			<IsBulletProof>false</IsBulletProof>
			<IsCollisionProof>false</IsCollisionProof>
			<IsExplosionProof>false</IsExplosionProof>
			<IsFireProof>false</IsFireProof>
			<IsMeleeProof>false</IsMeleeProof>
			<IsOnlyDamagedByPlayer>false</IsOnlyDamagedByPlayer>
			<PositionRotation>
				<X>1315.84131</X>
				<Y>3153.80615</Y>
				<Z>41.0652199</Z>
				<Pitch>-89.4999237</Pitch>
				<Roll>155.321793</Roll>
				<Yaw>-13.144433</Yaw>
			</PositionRotation>
			<Attachment isAttached="true">
				<AttachedTo>474965</AttachedTo>
				<BoneIndex>0</BoneIndex>
				<X>0.174494565</X>
				<Y>-7.58498287</Y>
				<Z>0.621068478</Z>
				<Pitch>-89.9951859</Pitch>
				<Roll>0.575416565</Roll>
				<Yaw>-271.972839</Yaw>
			</Attachment>
		</Attachment>
		<Attachment>
			<ModelHash>0xf5c39f51</ModelHash>
			<Type>3</Type>
			<Dynamic>false</Dynamic>
			<FrozenPos>true</FrozenPos>
			<HashName>prop_rub_carpart_04</HashName>
			<InitialHandle>191580</InitialHandle>
			<ObjectProperties>
				<TextureVariation>0</TextureVariation>
			</ObjectProperties>
			<OpacityLevel>255</OpacityLevel>
			<LodDistance>16960</LodDistance>
			<IsVisible>true</IsVisible>
			<MaxHealth>1000</MaxHealth>
			<Health>1000</Health>
			<HasGravity>true</HasGravity>
			<IsOnFire>false</IsOnFire>
			<IsInvincible>false</IsInvincible>
			<IsBulletProof>false</IsBulletProof>
			<IsCollisionProof>false</IsCollisionProof>
			<IsExplosionProof>false</IsExplosionProof>
			<IsFireProof>false</IsFireProof>
			<IsMeleeProof>false</IsMeleeProof>
			<IsOnlyDamagedByPlayer>false</IsOnlyDamagedByPlayer>
			<PositionRotation>
				<X>1314.7301</X>
				<Y>3152.54199</Y>
				<Z>42.5669632</Z>
				<Pitch>0.428661972</Pitch>
				<Roll>-0.267806083</Roll>
				<Yaw>19.0830269</Yaw>
			</PositionRotation>
			<Attachment isAttached="true">
				<AttachedTo>474965</AttachedTo>
				<BoneIndex>46</BoneIndex>
				<X>0.100000016</X>
				<Y>0.400000066</Y>
				<Z>0</Z>
				<Pitch>0</Pitch>
				<Roll>0</Roll>
				<Yaw>-65.0000076</Yaw>
			</Attachment>
		</Attachment>
		<Attachment>
			<ModelHash>0xf5c39f51</ModelHash>
			<Type>3</Type>
			<Dynamic>false</Dynamic>
			<FrozenPos>true</FrozenPos>
			<HashName>prop_rub_carpart_04</HashName>
			<InitialHandle>628312</InitialHandle>
			<ObjectProperties>
				<TextureVariation>0</TextureVariation>
			</ObjectProperties>
			<OpacityLevel>255</OpacityLevel>
			<LodDistance>16960</LodDistance>
			<IsVisible>true</IsVisible>
			<MaxHealth>1000</MaxHealth>
			<Health>1000</Health>
			<HasGravity>true</HasGravity>
			<IsOnFire>false</IsOnFire>
			<IsInvincible>false</IsInvincible>
			<IsBulletProof>false</IsBulletProof>
			<IsCollisionProof>false</IsCollisionProof>
			<IsExplosionProof>false</IsExplosionProof>
			<IsFireProof>false</IsFireProof>
			<IsMeleeProof>false</IsMeleeProof>
			<IsOnlyDamagedByPlayer>false</IsOnlyDamagedByPlayer>
			<PositionRotation>
				<X>1310.42188</X>
				<Y>3151.521</Y>
				<Z>42.5496902</Z>
				<Pitch>-0.42866388</Pitch>
				<Roll>0.267806113</Roll>
				<Yaw>-160.916946</Yaw>
			</PositionRotation>
			<Attachment isAttached="true">
				<AttachedTo>474965</AttachedTo>
				<BoneIndex>46</BoneIndex>
				<X>-1.36000025</X>
				<Y>4.58000278</Y>
				<Z>0</Z>
				<Pitch>-1.90734863e-06</Pitch>
				<Roll>0</Roll>
				<Yaw>114.999985</Yaw>
			</Attachment>
		</Attachment>
		<Attachment>
			<ModelHash>0xf5c39f51</ModelHash>
			<Type>3</Type>
			<Dynamic>false</Dynamic>
			<FrozenPos>true</FrozenPos>
			<HashName>prop_rub_carpart_04</HashName>
			<InitialHandle>736600</InitialHandle>
			<ObjectProperties>
				<TextureVariation>0</TextureVariation>
			</ObjectProperties>
			<OpacityLevel>255</OpacityLevel>
			<LodDistance>16960</LodDistance>
			<IsVisible>true</IsVisible>
			<MaxHealth>1000</MaxHealth>
			<Health>1000</Health>
			<HasGravity>true</HasGravity>
			<IsOnFire>false</IsOnFire>
			<IsInvincible>false</IsInvincible>
			<IsBulletProof>false</IsBulletProof>
			<IsCollisionProof>false</IsCollisionProof>
			<IsExplosionProof>false</IsExplosionProof>
			<IsFireProof>false</IsFireProof>
			<IsMeleeProof>false</IsMeleeProof>
			<IsOnlyDamagedByPlayer>false</IsOnlyDamagedByPlayer>
			<PositionRotation>
				<X>1310.14795</X>
				<Y>3151.98169</Y>
				<Z>42.553112</Z>
				<Pitch>0.494403124</Pitch>
				<Roll>-0.105041742</Roll>
				<Yaw>-0.917523623</Yaw>
			</PositionRotation>
			<Attachment isAttached="true">
				<AttachedTo>474965</AttachedTo>
				<BoneIndex>46</BoneIndex>
				<X>-0.930000186</X>
				<Y>4.90000296</Y>
				<Z>0</Z>
				<Pitch>-1.90734863e-06</Pitch>
				<Roll>0</Roll>
				<Yaw>-85.0000229</Yaw>
			</Attachment>
		</Attachment>
		<Attachment>
			<ModelHash>0xf5c39f51</ModelHash>
			<Type>3</Type>
			<Dynamic>false</Dynamic>
			<FrozenPos>true</FrozenPos>
			<HashName>prop_rub_carpart_04</HashName>
			<InitialHandle>11124</InitialHandle>
			<ObjectProperties>
				<TextureVariation>0</TextureVariation>
			</ObjectProperties>
			<OpacityLevel>255</OpacityLevel>
			<LodDistance>16960</LodDistance>
			<IsVisible>true</IsVisible>
			<MaxHealth>1000</MaxHealth>
			<Health>1000</Health>
			<HasGravity>true</HasGravity>
			<IsOnFire>false</IsOnFire>
			<IsInvincible>false</IsInvincible>
			<IsBulletProof>false</IsBulletProof>
			<IsCollisionProof>false</IsCollisionProof>
			<IsExplosionProof>false</IsExplosionProof>
			<IsFireProof>false</IsFireProof>
			<IsMeleeProof>false</IsMeleeProof>
			<IsOnlyDamagedByPlayer>false</IsOnlyDamagedByPlayer>
			<PositionRotation>
				<X>1305.7572</X>
				<Y>3152.10498</Y>
				<Z>42.545517</Z>
				<Pitch>-0.468655497</Pitch>
				<Roll>0.189299971</Roll>
				<Yaw>-170.917206</Yaw>
			</PositionRotation>
			<Attachment isAttached="true">
				<AttachedTo>474965</AttachedTo>
				<BoneIndex>46</BoneIndex>
				<X>-1.26000023</X>
				<Y>9.28000641</Y>
				<Z>0</Z>
				<Pitch>-1.90734863e-06</Pitch>
				<Roll>0</Roll>
				<Yaw>104.999969</Yaw>
			</Attachment>
		</Attachment>
		<Attachment>
			<ModelHash>0x74fbd1ca</ModelHash>
			<Type>3</Type>
			<Dynamic>false</Dynamic>
			<FrozenPos>true</FrozenPos>
			<HashName>prop_gascyl_ramp_01</HashName>
			<InitialHandle>366197</InitialHandle>
			<ObjectProperties>
				<TextureVariation>0</TextureVariation>
			</ObjectProperties>
			<OpacityLevel>255</OpacityLevel>
			<LodDistance>16960</LodDistance>
			<IsVisible>true</IsVisible>
			<MaxHealth>1000</MaxHealth>
			<Health>1000</Health>
			<HasGravity>true</HasGravity>
			<IsOnFire>false</IsOnFire>
			<IsInvincible>false</IsInvincible>
			<IsBulletProof>false</IsBulletProof>
			<IsCollisionProof>false</IsCollisionProof>
			<IsExplosionProof>false</IsExplosionProof>
			<IsFireProof>false</IsFireProof>
			<IsMeleeProof>false</IsMeleeProof>
			<IsOnlyDamagedByPlayer>false</IsOnlyDamagedByPlayer>
			<PositionRotation>
				<X>1304.55249</X>
				<Y>3151.43652</Y>
				<Z>42.3962212</Z>
				<Pitch>-14.2271814</Pitch>
				<Roll>0.112395681</Roll>
				<Yaw>104.354256</Yaw>
			</PositionRotation>
			<Attachment isAttached="true">
				<AttachedTo>474965</AttachedTo>
				<BoneIndex>0</BoneIndex>
				<X>0.633296847</X>
				<Y>3.93571544</Y>
				<Z>1.9946475</Z>
				<Pitch>-13.9951811</Pitch>
				<Roll>0.575416386</Roll>
				<Yaw>0.385109305</Yaw>
			</Attachment>
		</Attachment>
		<Attachment>
			<ModelHash>0xc2a63045</ModelHash>
			<Type>3</Type>
			<Dynamic>false</Dynamic>
			<FrozenPos>true</FrozenPos>
			<HashName>prop_gascyl_04a</HashName>
			<InitialHandle>129398</InitialHandle>
			<ObjectProperties>
				<TextureVariation>0</TextureVariation>
			</ObjectProperties>
			<OpacityLevel>255</OpacityLevel>
			<LodDistance>16960</LodDistance>
			<IsVisible>true</IsVisible>
			<MaxHealth>1000</MaxHealth>
			<Health>1000</Health>
			<HasGravity>true</HasGravity>
			<IsOnFire>false</IsOnFire>
			<IsInvincible>false</IsInvincible>
			<IsBulletProof>false</IsBulletProof>
			<IsCollisionProof>false</IsCollisionProof>
			<IsExplosionProof>false</IsExplosionProof>
			<IsFireProof>false</IsFireProof>
			<IsMeleeProof>false</IsMeleeProof>
			<IsOnlyDamagedByPlayer>false</IsOnlyDamagedByPlayer>
			<PositionRotation>
				<X>1304.86584</X>
				<Y>3152.16797</Y>
				<Z>42.5953979</Z>
				<Pitch>89.4971924</Pitch>
				<Roll>-62.4229736</Roll>
				<Yaw>167.572556</Yaw>
			</PositionRotation>
			<Attachment isAttached="true">
				<AttachedTo>474965</AttachedTo>
				<BoneIndex>0</BoneIndex>
				<X>1.26823986</X>
				<Y>3.45295501</Y>
				<Z>2.1869061</Z>
				<Pitch>90.0048218</Pitch>
				<Roll>0.575416565</Roll>
				<Yaw>0.492102236</Yaw>
			</Attachment>
		</Attachment>
		<Attachment>
			<ModelHash>0x7125b4ce</ModelHash>
			<Type>3</Type>
			<Dynamic>false</Dynamic>
			<FrozenPos>true</FrozenPos>
			<HashName>prop_rub_carwreck_10</HashName>
			<InitialHandle>426877</InitialHandle>
			<ObjectProperties>
				<TextureVariation>0</TextureVariation>
			</ObjectProperties>
			<OpacityLevel>255</OpacityLevel>
			<LodDistance>16960</LodDistance>
			<IsVisible>true</IsVisible>
			<MaxHealth>1000</MaxHealth>
			<Health>1000</Health>
			<HasGravity>true</HasGravity>
			<IsOnFire>false</IsOnFire>
			<IsInvincible>false</IsInvincible>
			<IsBulletProof>false</IsBulletProof>
			<IsCollisionProof>false</IsCollisionProof>
			<IsExplosionProof>false</IsExplosionProof>
			<IsFireProof>false</IsFireProof>
			<IsMeleeProof>false</IsMeleeProof>
			<IsOnlyDamagedByPlayer>false</IsOnlyDamagedByPlayer>
			<PositionRotation>
				<X>1300.61658</X>
				<Y>3150.03467</Y>
				<Z>40.9273758</Z>
				<Pitch>0.450372338</Pitch>
				<Roll>149.770584</Roll>
				<Yaw>14.0829296</Yaw>
			</PositionRotation>
			<Attachment isAttached="true">
				<AttachedTo>474965</AttachedTo>
				<BoneIndex>27</BoneIndex>
				<X>1.50000024</X>
				<Y>1.70000029</Y>
				<Z>0.910000324</Z>
				<Pitch>0</Pitch>
				<Roll>150.000015</Roll>
				<Yaw>-90.0000076</Yaw>
			</Attachment>
		</Attachment>
		<Attachment>
			<ModelHash>0x7125b4ce</ModelHash>
			<Type>3</Type>
			<Dynamic>false</Dynamic>
			<FrozenPos>true</FrozenPos>
			<HashName>prop_rub_carwreck_10</HashName>
			<InitialHandle>703613</InitialHandle>
			<ObjectProperties>
				<TextureVariation>0</TextureVariation>
			</ObjectProperties>
			<OpacityLevel>255</OpacityLevel>
			<LodDistance>16960</LodDistance>
			<IsVisible>true</IsVisible>
			<MaxHealth>1000</MaxHealth>
			<Health>1000</Health>
			<HasGravity>true</HasGravity>
			<IsOnFire>false</IsOnFire>
			<IsInvincible>false</IsInvincible>
			<IsBulletProof>false</IsBulletProof>
			<IsCollisionProof>false</IsCollisionProof>
			<IsExplosionProof>false</IsExplosionProof>
			<IsFireProof>false</IsFireProof>
			<IsMeleeProof>false</IsMeleeProof>
			<IsOnlyDamagedByPlayer>false</IsOnlyDamagedByPlayer>
			<PositionRotation>
				<X>1301.19922</X>
				<Y>3149.77002</Y>
				<Z>40.7262421</Z>
				<Pitch>-0.45034802</Pitch>
				<Roll>170.229431</Roll>
				<Yaw>-165.917068</Yaw>
			</PositionRotation>
			<Attachment isAttached="true">
				<AttachedTo>474965</AttachedTo>
				<BoneIndex>27</BoneIndex>
				<X>1.10000014</X>
				<Y>1.20000017</Y>
				<Z>0.710000277</Z>
				<Pitch>179.999985</Pitch>
				<Roll>-9.99998379</Roll>
				<Yaw>-90.0000076</Yaw>
			</Attachment>
		</Attachment>
	</SpoonerAttachments>
</Vehicle>
