<?xml version="1.0" encoding="ISO-8859-1"?>
<Vehicle menyoo_ver="0.999876778b">
	<ModelHash>0xd83c13ce</ModelHash>
	<InitialHandle>319528</InitialHandle>
	<VehicleProperties>
		<Colours>
			<Primary>14</Primary>
			<Secondary>0</Secondary>
			<Pearl>0</Pearl>
			<Rim>156</Rim>
			<Mod1_a>6</Mod1_a>
			<Mod1_b>-1</Mod1_b>
			<Mod1_c>-1</Mod1_c>
			<Mod2_a>6</Mod2_a>
			<Mod2_b>-1</Mod2_b>
			<IsPrimaryColourCustom>false</IsPrimaryColourCustom>
			<IsSecondaryColourCustom>false</IsSecondaryColourCustom>
			<tyreSmoke_R>255</tyreSmoke_R>
			<tyreSmoke_G>255</tyreSmoke_G>
			<tyreSmoke_B>255</tyreSmoke_B>
			<LrInterior>0</LrInterior>
			<LrDashboard>0</LrDashboard>
		</Colours>
		<Livery>-1</Livery>
		<NumberPlateText>26ZUL780</NumberPlateText>
		<NumberPlateIndex>1</NumberPlateIndex>
		<WheelType>1</WheelType>
		<WheelsInvisible>false</WheelsInvisible>
		<EngineSoundName></EngineSoundName>
		<WindowTint>-1</WindowTint>
		<BulletProofTyres>false</BulletProofTyres>
		<DirtLevel>7.62982225</DirtLevel>
		<PaintFade>0.298039228</PaintFade>
		<RoofState>0</RoofState>
		<SirenActive>false</SirenActive>
		<EngineOn>true</EngineOn>
		<EngineHealth>998.599976</EngineHealth>
		<LightsOn>false</LightsOn>
		<IsRadioLoud>1</IsRadioLoud>
		<LockStatus>1</LockStatus>
		<Neons>
			<Left>false</Left>
			<Right>false</Right>
			<Front>false</Front>
			<Back>false</Back>
			<R>255</R>
			<G>0</G>
			<B>255</B>
		</Neons>
		<ModExtras>
			<_1>false</_1>
			<_10>true</_10>
			<_11>false</_11>
		</ModExtras>
		<Mods>
			<_0>-1,0</_0>
			<_1>-1,0</_1>
			<_2>-1,0</_2>
			<_3>-1,0</_3>
			<_4>0,0</_4>
			<_5>-1,0</_5>
			<_6>-1,0</_6>
			<_7>0,0</_7>
			<_8>-1,0</_8>
			<_9>-1,0</_9>
			<_10>2,0</_10>
			<_11>-1,0</_11>
			<_12>-1,0</_12>
			<_13>-1,0</_13>
			<_14>-1,0</_14>
			<_15>-1,0</_15>
			<_16>-1,0</_16>
			<_17>false</_17>
			<_18>true</_18>
			<_19>false</_19>
			<_20>true</_20>
			<_21>false</_21>
			<_22>false</_22>
			<_23>-1,0</_23>
			<_24>-1,0</_24>
			<_25>-1,0</_25>
			<_26>-1,0</_26>
			<_27>-1,0</_27>
			<_28>-1,0</_28>
			<_29>-1,0</_29>
			<_30>-1,0</_30>
			<_31>-1,0</_31>
			<_32>-1,0</_32>
			<_33>-1,0</_33>
			<_34>-1,0</_34>
			<_35>-1,0</_35>
			<_36>-1,0</_36>
			<_37>-1,0</_37>
			<_38>-1,0</_38>
			<_39>-1,0</_39>
			<_40>-1,0</_40>
			<_41>-1,0</_41>
			<_42>-1,0</_42>
			<_43>-1,0</_43>
			<_44>-1,0</_44>
			<_45>-1,0</_45>
			<_46>-1,0</_46>
			<_47>-1,0</_47>
			<_48>-1,0</_48>
		</Mods>
		<DoorsOpen>
			<BackLeftDoor>false</BackLeftDoor>
			<BackRightDoor>false</BackRightDoor>
			<FrontLeftDoor>false</FrontLeftDoor>
			<FrontRightDoor>false</FrontRightDoor>
			<Hood>false</Hood>
			<Trunk>false</Trunk>
			<Trunk2>false</Trunk2>
		</DoorsOpen>
		<DoorsBroken>
			<BackLeftDoor>false</BackLeftDoor>
			<BackRightDoor>false</BackRightDoor>
			<FrontLeftDoor>false</FrontLeftDoor>
			<FrontRightDoor>false</FrontRightDoor>
			<Hood>false</Hood>
			<Trunk>false</Trunk>
			<Trunk2>false</Trunk2>
		</DoorsBroken>
		<TyresBursted>
			<FrontLeft>false</FrontLeft>
			<FrontRight>false</FrontRight>
			<_2>false</_2>
			<_3>false</_3>
			<BackLeft>false</BackLeft>
			<BackRight>false</BackRight>
			<_6>false</_6>
			<_7>false</_7>
			<_8>false</_8>
		</TyresBursted>
		<RpmMultiplier>1</RpmMultiplier>
		<TorqueMultiplier>1</TorqueMultiplier>
		<HeadlightIntensity>1</HeadlightIntensity>
	</VehicleProperties>
	<OpacityLevel>255</OpacityLevel>
	<LodDistance>16960</LodDistance>
	<IsVisible>true</IsVisible>
	<IsDriverVisible>true</IsDriverVisible>
	<MaxHealth>1000</MaxHealth>
	<Health>999</Health>
	<HasGravity>true</HasGravity>
	<IsOnFire>false</IsOnFire>
	<IsInvincible>false</IsInvincible>
	<IsBulletProof>false</IsBulletProof>
	<IsExplosionProof>false</IsExplosionProof>
	<IsFireProof>false</IsFireProof>
	<IsMeleeProof>false</IsMeleeProof>
	<IsOnlyDamagedByPlayer>false</IsOnlyDamagedByPlayer>
	<SpoonerAttachments SetAttachmentsPersistentAndAddToSpoonerDatabase="false" StartTaskSequencesOnLoad="true">
		<Attachment>
			<ModelHash>0xf6ff3f3d</ModelHash>
			<Type>3</Type>
			<Dynamic>false</Dynamic>
			<FrozenPos>true</FrozenPos>
			<HashName>prop_rub_washer_01</HashName>
			<InitialHandle>616494</InitialHandle>
			<ObjectProperties>
				<TextureVariation>0</TextureVariation>
			</ObjectProperties>
			<OpacityLevel>255</OpacityLevel>
			<LodDistance>16960</LodDistance>
			<IsVisible>true</IsVisible>
			<MaxHealth>1000</MaxHealth>
			<Health>1000</Health>
			<HasGravity>true</HasGravity>
			<IsOnFire>false</IsOnFire>
			<IsInvincible>false</IsInvincible>
			<IsBulletProof>false</IsBulletProof>
			<IsCollisionProof>false</IsCollisionProof>
			<IsExplosionProof>false</IsExplosionProof>
			<IsFireProof>false</IsFireProof>
			<IsMeleeProof>false</IsMeleeProof>
			<IsOnlyDamagedByPlayer>false</IsOnlyDamagedByPlayer>
			<PositionRotation>
				<X>367.428497</X>
				<Y>3593.0564</Y>
				<Z>33.0371361</Z>
				<Pitch>0.602841318</Pitch>
				<Roll>1.11741936</Roll>
				<Yaw>-169.093933</Yaw>
			</PositionRotation>
			<Attachment isAttached="true">
				<AttachedTo>319528</AttachedTo>
				<BoneIndex>0</BoneIndex>
				<X>0.108205408</X>
				<Y>-0.909124792</Y>
				<Z>0.500314236</Z>
				<Pitch>-0.390693277</Pitch>
				<Roll>-0.0125940787</Roll>
				<Yaw>-89.9029846</Yaw>
			</Attachment>
		</Attachment>
		<Attachment>
			<ModelHash>0xc17c1428</ModelHash>
			<Type>3</Type>
			<Dynamic>false</Dynamic>
			<FrozenPos>true</FrozenPos>
			<HashName>prop_rub_tyre_01</HashName>
			<InitialHandle>517934</InitialHandle>
			<ObjectProperties>
				<TextureVariation>0</TextureVariation>
			</ObjectProperties>
			<OpacityLevel>255</OpacityLevel>
			<LodDistance>16960</LodDistance>
			<IsVisible>true</IsVisible>
			<MaxHealth>1000</MaxHealth>
			<Health>1000</Health>
			<HasGravity>true</HasGravity>
			<IsOnFire>false</IsOnFire>
			<IsInvincible>false</IsInvincible>
			<IsBulletProof>false</IsBulletProof>
			<IsCollisionProof>false</IsCollisionProof>
			<IsExplosionProof>false</IsExplosionProof>
			<IsFireProof>false</IsFireProof>
			<IsMeleeProof>false</IsMeleeProof>
			<IsOnlyDamagedByPlayer>false</IsOnlyDamagedByPlayer>
			<PositionRotation>
				<X>366.576324</X>
				<Y>3592.80005</Y>
				<Z>33.134285</Z>
				<Pitch>-88.460228</Pitch>
				<Roll>35.8863182</Roll>
				<Yaw>-135.102859</Yaw>
			</PositionRotation>
			<Attachment isAttached="true">
				<AttachedTo>319528</AttachedTo>
				<BoneIndex>0</BoneIndex>
				<X>0.201983124</X>
				<Y>-1.79218626</Y>
				<Z>0.613319218</Z>
				<Pitch>-90.3906937</Pitch>
				<Roll>138.358383</Roll>
				<Yaw>46.5632019</Yaw>
			</Attachment>
		</Attachment>
		<Attachment>
			<ModelHash>0xc17c1428</ModelHash>
			<Type>3</Type>
			<Dynamic>false</Dynamic>
			<FrozenPos>true</FrozenPos>
			<HashName>prop_rub_tyre_01</HashName>
			<InitialHandle>446767</InitialHandle>
			<ObjectProperties>
				<TextureVariation>0</TextureVariation>
			</ObjectProperties>
			<OpacityLevel>255</OpacityLevel>
			<LodDistance>16960</LodDistance>
			<IsVisible>true</IsVisible>
			<MaxHealth>1000</MaxHealth>
			<Health>1000</Health>
			<HasGravity>true</HasGravity>
			<IsOnFire>false</IsOnFire>
			<IsInvincible>false</IsInvincible>
			<IsBulletProof>false</IsBulletProof>
			<IsCollisionProof>false</IsCollisionProof>
			<IsExplosionProof>false</IsExplosionProof>
			<IsFireProof>false</IsFireProof>
			<IsMeleeProof>false</IsMeleeProof>
			<IsOnlyDamagedByPlayer>false</IsOnlyDamagedByPlayer>
			<PositionRotation>
				<X>366.545959</X>
				<Y>3592.82764</Y>
				<Z>33.3988571</Z>
				<Pitch>-88.4600983</Pitch>
				<Roll>26.5792828</Roll>
				<Yaw>-135.102722</Yaw>
			</PositionRotation>
			<Attachment isAttached="true">
				<AttachedTo>319528</AttachedTo>
				<BoneIndex>0</BoneIndex>
				<X>0.173750028</X>
				<Y>-1.81160963</Y>
				<Z>0.878855348</Z>
				<Pitch>-90.3906937</Pitch>
				<Roll>129.051224</Roll>
				<Yaw>46.5632019</Yaw>
			</Attachment>
		</Attachment>
		<Attachment>
			<ModelHash>0x6e883264</ModelHash>
			<Type>3</Type>
			<Dynamic>false</Dynamic>
			<FrozenPos>true</FrozenPos>
			<HashName>prop_rub_trainers_01b</HashName>
			<InitialHandle>385330</InitialHandle>
			<ObjectProperties>
				<TextureVariation>0</TextureVariation>
			</ObjectProperties>
			<OpacityLevel>255</OpacityLevel>
			<LodDistance>16960</LodDistance>
			<IsVisible>true</IsVisible>
			<MaxHealth>1000</MaxHealth>
			<Health>1000</Health>
			<HasGravity>true</HasGravity>
			<IsOnFire>false</IsOnFire>
			<IsInvincible>false</IsInvincible>
			<IsBulletProof>false</IsBulletProof>
			<IsCollisionProof>false</IsCollisionProof>
			<IsExplosionProof>false</IsExplosionProof>
			<IsFireProof>false</IsFireProof>
			<IsMeleeProof>false</IsMeleeProof>
			<IsOnlyDamagedByPlayer>false</IsOnlyDamagedByPlayer>
			<PositionRotation>
				<X>365.995087</X>
				<Y>3592.896</Y>
				<Z>33.0079956</Z>
				<Pitch>0.72731775</Pitch>
				<Roll>-1.0196178</Roll>
				<Yaw>-78.4015732</Yaw>
			</PositionRotation>
			<Attachment isAttached="true">
				<AttachedTo>319528</AttachedTo>
				<BoneIndex>0</BoneIndex>
				<X>-0.00330819748</X>
				<Y>-2.34748435</Y>
				<Z>0.501510739</Z>
				<Pitch>-0.390693277</Pitch>
				<Roll>-0.0125940787</Roll>
				<Yaw>0.784339905</Yaw>
			</Attachment>
		</Attachment>
		<Attachment>
			<ModelHash>0x3bd8e67a</ModelHash>
			<Type>3</Type>
			<Dynamic>false</Dynamic>
			<FrozenPos>true</FrozenPos>
			<HashName>prop_rub_monitor</HashName>
			<InitialHandle>434740</InitialHandle>
			<ObjectProperties>
				<TextureVariation>0</TextureVariation>
			</ObjectProperties>
			<OpacityLevel>255</OpacityLevel>
			<LodDistance>16960</LodDistance>
			<IsVisible>true</IsVisible>
			<MaxHealth>1000</MaxHealth>
			<Health>1000</Health>
			<HasGravity>true</HasGravity>
			<IsOnFire>false</IsOnFire>
			<IsInvincible>false</IsInvincible>
			<IsBulletProof>false</IsBulletProof>
			<IsCollisionProof>false</IsCollisionProof>
			<IsExplosionProof>false</IsExplosionProof>
			<IsFireProof>false</IsFireProof>
			<IsMeleeProof>false</IsMeleeProof>
			<IsOnlyDamagedByPlayer>false</IsOnlyDamagedByPlayer>
			<PositionRotation>
				<X>366.773743</X>
				<Y>3593.4856</Y>
				<Z>33.2648888</Z>
				<Pitch>-1.41588664</Pitch>
				<Roll>-1.11410105</Roll>
				<Yaw>12.5241356</Yaw>
			</PositionRotation>
			<Attachment isAttached="true">
				<AttachedTo>319528</AttachedTo>
				<BoneIndex>0</BoneIndex>
				<X>-0.43214646</X>
				<Y>-1.46705055</Y>
				<Z>0.748520076</Z>
				<Pitch>-0.390693277</Pitch>
				<Roll>-0.0125940787</Roll>
				<Yaw>91.7303925</Yaw>
			</Attachment>
		</Attachment>
		<Attachment>
			<ModelHash>0x9a1dc7f0</ModelHash>
			<Type>3</Type>
			<Dynamic>false</Dynamic>
			<FrozenPos>true</FrozenPos>
			<HashName>prop_rub_litter_8</HashName>
			<InitialHandle>649781</InitialHandle>
			<ObjectProperties>
				<TextureVariation>0</TextureVariation>
			</ObjectProperties>
			<OpacityLevel>255</OpacityLevel>
			<LodDistance>16960</LodDistance>
			<IsVisible>true</IsVisible>
			<MaxHealth>1000</MaxHealth>
			<Health>1000</Health>
			<HasGravity>true</HasGravity>
			<IsOnFire>false</IsOnFire>
			<IsInvincible>false</IsInvincible>
			<IsBulletProof>false</IsBulletProof>
			<IsCollisionProof>false</IsCollisionProof>
			<IsExplosionProof>false</IsExplosionProof>
			<IsFireProof>false</IsFireProof>
			<IsMeleeProof>false</IsMeleeProof>
			<IsOnlyDamagedByPlayer>false</IsOnlyDamagedByPlayer>
			<PositionRotation>
				<X>366.379883</X>
				<Y>3593.36816</Y>
				<Z>33.0097351</Z>
				<Pitch>0.711943686</Pitch>
				<Roll>-1.03642857</Roll>
				<Yaw>-77.5341339</Yaw>
			</PositionRotation>
			<Attachment isAttached="true">
				<AttachedTo>319528</AttachedTo>
				<BoneIndex>0</BoneIndex>
				<X>-0.395025671</X>
				<Y>-1.88091719</Y>
				<Z>0.500814319</Z>
				<Pitch>-0.390693277</Pitch>
				<Roll>-0.0125940787</Roll>
				<Yaw>1.65187454</Yaw>
			</Attachment>
		</Attachment>
		<Attachment>
			<ModelHash>0xc303b70e</ModelHash>
			<Type>3</Type>
			<Dynamic>false</Dynamic>
			<FrozenPos>true</FrozenPos>
			<HashName>prop_rub_chassis_02</HashName>
			<InitialHandle>430134</InitialHandle>
			<ObjectProperties>
				<TextureVariation>0</TextureVariation>
			</ObjectProperties>
			<OpacityLevel>255</OpacityLevel>
			<LodDistance>16960</LodDistance>
			<IsVisible>true</IsVisible>
			<MaxHealth>1000</MaxHealth>
			<Health>1000</Health>
			<HasGravity>true</HasGravity>
			<IsOnFire>false</IsOnFire>
			<IsInvincible>false</IsInvincible>
			<IsBulletProof>false</IsBulletProof>
			<IsCollisionProof>false</IsCollisionProof>
			<IsExplosionProof>false</IsExplosionProof>
			<IsFireProof>false</IsFireProof>
			<IsMeleeProof>false</IsMeleeProof>
			<IsOnlyDamagedByPlayer>false</IsOnlyDamagedByPlayer>
			<PositionRotation>
				<X>366.724487</X>
				<Y>3593.12256</Y>
				<Z>33.5570374</Z>
				<Pitch>13.4654121</Pitch>
				<Roll>-1.28272295</Roll>
				<Yaw>-64.9478149</Yaw>
			</PositionRotation>
			<Attachment isAttached="true">
				<AttachedTo>319528</AttachedTo>
				<BoneIndex>0</BoneIndex>
				<X>-0.0796793029</X>
				<Y>-1.57782328</Y>
				<Z>1.03685808</Z>
				<Pitch>12.6093063</Pitch>
				<Roll>-0.0125971455</Roll>
				<Yaw>13.9545174</Yaw>
			</Attachment>
		</Attachment>
		<Attachment>
			<ModelHash>0x0c9fcd09</ModelHash>
			<Type>3</Type>
			<Dynamic>false</Dynamic>
			<FrozenPos>true</FrozenPos>
			<HashName>prop_rub_carpart_02</HashName>
			<InitialHandle>101177</InitialHandle>
			<ObjectProperties>
				<TextureVariation>0</TextureVariation>
			</ObjectProperties>
			<OpacityLevel>255</OpacityLevel>
			<LodDistance>16960</LodDistance>
			<IsVisible>true</IsVisible>
			<MaxHealth>1000</MaxHealth>
			<Health>1000</Health>
			<HasGravity>true</HasGravity>
			<IsOnFire>false</IsOnFire>
			<IsInvincible>false</IsInvincible>
			<IsBulletProof>false</IsBulletProof>
			<IsCollisionProof>false</IsCollisionProof>
			<IsExplosionProof>false</IsExplosionProof>
			<IsFireProof>false</IsFireProof>
			<IsMeleeProof>false</IsMeleeProof>
			<IsOnlyDamagedByPlayer>false</IsOnlyDamagedByPlayer>
			<PositionRotation>
				<X>367.519379</X>
				<Y>3592.62402</Y>
				<Z>34.1155281</Z>
				<Pitch>84.4606934</Pitch>
				<Roll>-151.206375</Roll>
				<Yaw>-16.9238224</Yaw>
			</PositionRotation>
			<Attachment isAttached="true">
				<AttachedTo>319528</AttachedTo>
				<BoneIndex>0</BoneIndex>
				<X>0.56864363</X>
				<Y>-0.879757106</Y>
				<Z>1.57052588</Z>
				<Pitch>84.6099396</Pitch>
				<Roll>-135.433762</Roll>
				<Yaw>46.5631981</Yaw>
			</Attachment>
		</Attachment>
	</SpoonerAttachments>
</Vehicle>
