<?xml version="1.0" encoding="ISO-8859-1"?>
<Vehicle menyoo_ver="0.99987681b">
	<ModelHash>0x9cf21e0f</ModelHash>
	<InitialHandle>163073</InitialHandle>
	<VehicleProperties>
		<Colours>
			<Primary>116</Primary>
			<Secondary>0</Secondary>
			<Pearl>116</Pearl>
			<Rim>156</Rim>
			<Mod1_a>6</Mod1_a>
			<Mod1_b>-1</Mod1_b>
			<Mod1_c>-1</Mod1_c>
			<Mod2_a>6</Mod2_a>
			<Mod2_b>-1</Mod2_b>
			<IsPrimaryColourCustom>false</IsPrimaryColourCustom>
			<IsSecondaryColourCustom>false</IsSecondaryColourCustom>
			<tyreSmoke_R>255</tyreSmoke_R>
			<tyreSmoke_G>255</tyreSmoke_G>
			<tyreSmoke_B>255</tyreSmoke_B>
			<LrInterior>0</LrInterior>
			<LrDashboard>0</LrDashboard>
		</Colours>
		<Livery>-1</Livery>
		<NumberPlateText>44UCO337</NumberPlateText>
		<NumberPlateIndex>2</NumberPlateIndex>
		<WheelType>4</WheelType>
		<WheelsInvisible>false</WheelsInvisible>
		<EngineSoundName>DUKES2</EngineSoundName>
		<WindowTint>-1</WindowTint>
		<BulletProofTyres>false</BulletProofTyres>
		<DirtLevel>0.259506196</DirtLevel>
		<PaintFade>0.298039228</PaintFade>
		<RoofState>0</RoofState>
		<SirenActive>false</SirenActive>
		<EngineOn>true</EngineOn>
		<EngineHealth>1000</EngineHealth>
		<LightsOn>false</LightsOn>
		<IsRadioLoud>0</IsRadioLoud>
		<LockStatus>1</LockStatus>
		<Neons>
			<Left>false</Left>
			<Right>false</Right>
			<Front>false</Front>
			<Back>false</Back>
			<R>255</R>
			<G>0</G>
			<B>255</B>
		</Neons>
		<ModExtras>
			<_2>true</_2>
		</ModExtras>
		<Mods>
			<_0>-1,0</_0>
			<_1>-1,0</_1>
			<_2>-1,0</_2>
			<_3>-1,0</_3>
			<_4>-1,0</_4>
			<_5>-1,0</_5>
			<_6>-1,0</_6>
			<_7>-1,0</_7>
			<_8>-1,0</_8>
			<_9>-1,0</_9>
			<_10>-1,0</_10>
			<_11>-1,0</_11>
			<_12>-1,0</_12>
			<_13>-1,0</_13>
			<_14>-1,0</_14>
			<_15>-1,0</_15>
			<_16>-1,0</_16>
			<_17>false</_17>
			<_18>false</_18>
			<_19>false</_19>
			<_20>false</_20>
			<_21>false</_21>
			<_22>false</_22>
			<_23>-1,0</_23>
			<_24>-1,0</_24>
			<_25>-1,0</_25>
			<_26>-1,0</_26>
			<_27>-1,0</_27>
			<_28>-1,0</_28>
			<_29>-1,0</_29>
			<_30>-1,0</_30>
			<_31>-1,0</_31>
			<_32>-1,0</_32>
			<_33>-1,0</_33>
			<_34>-1,0</_34>
			<_35>-1,0</_35>
			<_36>-1,0</_36>
			<_37>-1,0</_37>
			<_38>-1,0</_38>
			<_39>-1,0</_39>
			<_40>-1,0</_40>
			<_41>-1,0</_41>
			<_42>-1,0</_42>
			<_43>-1,0</_43>
			<_44>-1,0</_44>
			<_45>-1,0</_45>
			<_46>-1,0</_46>
			<_47>-1,0</_47>
			<_48>-1,0</_48>
		</Mods>
		<DoorsOpen>
			<BackLeftDoor>false</BackLeftDoor>
			<BackRightDoor>false</BackRightDoor>
			<FrontLeftDoor>false</FrontLeftDoor>
			<FrontRightDoor>false</FrontRightDoor>
			<Hood>false</Hood>
			<Trunk>false</Trunk>
			<Trunk2>false</Trunk2>
		</DoorsOpen>
		<DoorsBroken>
			<BackLeftDoor>false</BackLeftDoor>
			<BackRightDoor>false</BackRightDoor>
			<FrontLeftDoor>false</FrontLeftDoor>
			<FrontRightDoor>false</FrontRightDoor>
			<Hood>false</Hood>
			<Trunk>false</Trunk>
			<Trunk2>false</Trunk2>
		</DoorsBroken>
		<TyresBursted>
			<FrontLeft>false</FrontLeft>
			<FrontRight>false</FrontRight>
			<_2>false</_2>
			<_3>false</_3>
			<BackLeft>false</BackLeft>
			<BackRight>false</BackRight>
			<_6>false</_6>
			<_7>false</_7>
			<_8>false</_8>
		</TyresBursted>
		<RpmMultiplier>1</RpmMultiplier>
		<TorqueMultiplier>7</TorqueMultiplier>
		<HeadlightIntensity>1</HeadlightIntensity>
	</VehicleProperties>
	<OpacityLevel>255</OpacityLevel>
	<LodDistance>16960</LodDistance>
	<IsVisible>true</IsVisible>
	<IsDriverVisible>true</IsDriverVisible>
	<MaxHealth>1000</MaxHealth>
	<Health>1000</Health>
	<HasGravity>true</HasGravity>
	<IsOnFire>false</IsOnFire>
	<IsInvincible>false</IsInvincible>
	<IsBulletProof>false</IsBulletProof>
	<IsExplosionProof>false</IsExplosionProof>
	<IsFireProof>false</IsFireProof>
	<IsMeleeProof>false</IsMeleeProof>
	<IsOnlyDamagedByPlayer>false</IsOnlyDamagedByPlayer>
	<SpoonerAttachments SetAttachmentsPersistentAndAddToSpoonerDatabase="false" StartTaskSequencesOnLoad="true">
		<Attachment>
			<ModelHash>0xbc1b1062</ModelHash>
			<Type>3</Type>
			<Dynamic>false</Dynamic>
			<FrozenPos>true</FrozenPos>
			<HashName>imp_prop_impexp_tyre_01b</HashName>
			<InitialHandle>606466</InitialHandle>
			<ObjectProperties>
				<TextureVariation>0</TextureVariation>
			</ObjectProperties>
			<OpacityLevel>255</OpacityLevel>
			<LodDistance>16960</LodDistance>
			<IsVisible>true</IsVisible>
			<MaxHealth>1000</MaxHealth>
			<Health>1000</Health>
			<HasGravity>true</HasGravity>
			<IsOnFire>false</IsOnFire>
			<IsInvincible>false</IsInvincible>
			<IsBulletProof>false</IsBulletProof>
			<IsCollisionProof>false</IsCollisionProof>
			<IsExplosionProof>false</IsExplosionProof>
			<IsFireProof>false</IsFireProof>
			<IsMeleeProof>false</IsMeleeProof>
			<IsOnlyDamagedByPlayer>false</IsOnlyDamagedByPlayer>
			<PositionRotation>
				<X>713.562439</X>
				<Y>2951.32178</Y>
				<Z>44.5607681</Z>
				<Pitch>7.41487408</Pitch>
				<Roll>-129.767334</Roll>
				<Yaw>137.145584</Yaw>
			</PositionRotation>
			<Attachment isAttached="true">
				<AttachedTo>163073</AttachedTo>
				<BoneIndex>17</BoneIndex>
				<X>0</X>
				<Y>0</Y>
				<Z>0</Z>
				<Pitch>0</Pitch>
				<Roll>0</Roll>
				<Yaw>-90.9999847</Yaw>
			</Attachment>
		</Attachment>
		<Attachment>
			<ModelHash>0xbc1b1062</ModelHash>
			<Type>3</Type>
			<Dynamic>false</Dynamic>
			<FrozenPos>true</FrozenPos>
			<HashName>imp_prop_impexp_tyre_01b</HashName>
			<InitialHandle>266500</InitialHandle>
			<ObjectProperties>
				<TextureVariation>0</TextureVariation>
			</ObjectProperties>
			<OpacityLevel>255</OpacityLevel>
			<LodDistance>16960</LodDistance>
			<IsVisible>true</IsVisible>
			<MaxHealth>1000</MaxHealth>
			<Health>1000</Health>
			<HasGravity>true</HasGravity>
			<IsOnFire>false</IsOnFire>
			<IsInvincible>false</IsInvincible>
			<IsBulletProof>false</IsBulletProof>
			<IsCollisionProof>false</IsCollisionProof>
			<IsExplosionProof>false</IsExplosionProof>
			<IsFireProof>false</IsFireProof>
			<IsMeleeProof>false</IsMeleeProof>
			<IsOnlyDamagedByPlayer>false</IsOnlyDamagedByPlayer>
			<PositionRotation>
				<X>712.676758</X>
				<Y>2950.38794</Y>
				<Z>44.6872864</Z>
				<Pitch>-5.81379843</Pitch>
				<Roll>-56.3346825</Roll>
				<Yaw>-44.0564308</Yaw>
			</PositionRotation>
			<Attachment isAttached="true">
				<AttachedTo>163073</AttachedTo>
				<BoneIndex>7</BoneIndex>
				<X>0</X>
				<Y>0</Y>
				<Z>0</Z>
				<Pitch>0</Pitch>
				<Roll>0</Roll>
				<Yaw>-90.9999847</Yaw>
			</Attachment>
		</Attachment>
		<Attachment>
			<ModelHash>0x893ba3a0</ModelHash>
			<Type>3</Type>
			<Dynamic>false</Dynamic>
			<FrozenPos>true</FrozenPos>
			<HashName>prop_rub_tyre_03</HashName>
			<InitialHandle>471144</InitialHandle>
			<ObjectProperties>
				<TextureVariation>0</TextureVariation>
			</ObjectProperties>
			<OpacityLevel>255</OpacityLevel>
			<LodDistance>16960</LodDistance>
			<IsVisible>true</IsVisible>
			<MaxHealth>1000</MaxHealth>
			<Health>1000</Health>
			<HasGravity>true</HasGravity>
			<IsOnFire>false</IsOnFire>
			<IsInvincible>false</IsInvincible>
			<IsBulletProof>false</IsBulletProof>
			<IsCollisionProof>false</IsCollisionProof>
			<IsExplosionProof>false</IsExplosionProof>
			<IsFireProof>false</IsFireProof>
			<IsMeleeProof>false</IsMeleeProof>
			<IsOnlyDamagedByPlayer>false</IsOnlyDamagedByPlayer>
			<PositionRotation>
				<X>715.822021</X>
				<Y>2949.37109</Y>
				<Z>44.5984268</Z>
				<Pitch>6.64580297</Pitch>
				<Roll>69.9424515</Roll>
				<Yaw>136.501617</Yaw>
			</PositionRotation>
			<Attachment isAttached="true">
				<AttachedTo>163073</AttachedTo>
				<BoneIndex>18</BoneIndex>
				<X>0.0500000119</X>
				<Y>0</Y>
				<Z>0</Z>
				<Pitch>0</Pitch>
				<Roll>0</Roll>
				<Yaw>-89.9999924</Yaw>
			</Attachment>
		</Attachment>
		<Attachment>
			<ModelHash>0x893ba3a0</ModelHash>
			<Type>3</Type>
			<Dynamic>false</Dynamic>
			<FrozenPos>true</FrozenPos>
			<HashName>prop_rub_tyre_03</HashName>
			<InitialHandle>643078</InitialHandle>
			<ObjectProperties>
				<TextureVariation>0</TextureVariation>
			</ObjectProperties>
			<OpacityLevel>255</OpacityLevel>
			<LodDistance>16960</LodDistance>
			<IsVisible>true</IsVisible>
			<MaxHealth>1000</MaxHealth>
			<Health>1000</Health>
			<HasGravity>true</HasGravity>
			<IsOnFire>false</IsOnFire>
			<IsInvincible>false</IsInvincible>
			<IsBulletProof>false</IsBulletProof>
			<IsCollisionProof>false</IsCollisionProof>
			<IsExplosionProof>false</IsExplosionProof>
			<IsFireProof>false</IsFireProof>
			<IsMeleeProof>false</IsMeleeProof>
			<IsOnlyDamagedByPlayer>false</IsOnlyDamagedByPlayer>
			<PositionRotation>
				<X>716.06134</X>
				<Y>2949.62329</Y>
				<Z>44.5579224</Z>
				<Pitch>6.64579964</Pitch>
				<Roll>62.9424515</Roll>
				<Yaw>136.501617</Yaw>
			</PositionRotation>
			<Attachment isAttached="true">
				<AttachedTo>163073</AttachedTo>
				<BoneIndex>18</BoneIndex>
				<X>-0.300000012</X>
				<Y>0</Y>
				<Z>0</Z>
				<Pitch>0</Pitch>
				<Roll>-7.00000048</Roll>
				<Yaw>-89.9999924</Yaw>
			</Attachment>
		</Attachment>
		<Attachment>
			<ModelHash>0x893ba3a0</ModelHash>
			<Type>3</Type>
			<Dynamic>false</Dynamic>
			<FrozenPos>true</FrozenPos>
			<HashName>prop_rub_tyre_03</HashName>
			<InitialHandle>127238</InitialHandle>
			<ObjectProperties>
				<TextureVariation>0</TextureVariation>
			</ObjectProperties>
			<OpacityLevel>255</OpacityLevel>
			<LodDistance>16960</LodDistance>
			<IsVisible>true</IsVisible>
			<MaxHealth>1000</MaxHealth>
			<Health>1000</Health>
			<HasGravity>true</HasGravity>
			<IsOnFire>false</IsOnFire>
			<IsInvincible>false</IsInvincible>
			<IsBulletProof>false</IsBulletProof>
			<IsCollisionProof>false</IsCollisionProof>
			<IsExplosionProof>false</IsExplosionProof>
			<IsFireProof>false</IsFireProof>
			<IsMeleeProof>false</IsMeleeProof>
			<IsOnlyDamagedByPlayer>false</IsOnlyDamagedByPlayer>
			<PositionRotation>
				<X>714.514587</X>
				<Y>2947.99365</Y>
				<Z>44.8285408</Z>
				<Pitch>-6.64578295</Pitch>
				<Roll>97.0314331</Roll>
				<Yaw>-43.4983635</Yaw>
			</PositionRotation>
			<Attachment isAttached="true">
				<AttachedTo>163073</AttachedTo>
				<BoneIndex>12</BoneIndex>
				<X>-0.300000012</X>
				<Y>0</Y>
				<Z>0</Z>
				<Pitch>0</Pitch>
				<Roll>-7.00000048</Roll>
				<Yaw>-89.9999924</Yaw>
			</Attachment>
		</Attachment>
		<Attachment>
			<ModelHash>0x893ba3a0</ModelHash>
			<Type>3</Type>
			<Dynamic>false</Dynamic>
			<FrozenPos>true</FrozenPos>
			<HashName>prop_rub_tyre_03</HashName>
			<InitialHandle>501253</InitialHandle>
			<ObjectProperties>
				<TextureVariation>0</TextureVariation>
			</ObjectProperties>
			<OpacityLevel>255</OpacityLevel>
			<LodDistance>16960</LodDistance>
			<IsVisible>true</IsVisible>
			<MaxHealth>1000</MaxHealth>
			<Health>1000</Health>
			<HasGravity>true</HasGravity>
			<IsOnFire>false</IsOnFire>
			<IsInvincible>false</IsInvincible>
			<IsBulletProof>false</IsBulletProof>
			<IsCollisionProof>false</IsCollisionProof>
			<IsExplosionProof>false</IsExplosionProof>
			<IsFireProof>false</IsFireProof>
			<IsMeleeProof>false</IsMeleeProof>
			<IsOnlyDamagedByPlayer>false</IsOnlyDamagedByPlayer>
			<PositionRotation>
				<X>714.753906</X>
				<Y>2948.24585</Y>
				<Z>44.7880363</Z>
				<Pitch>-6.64578295</Pitch>
				<Roll>97.0314331</Roll>
				<Yaw>-43.4983635</Yaw>
			</PositionRotation>
			<Attachment isAttached="true">
				<AttachedTo>163073</AttachedTo>
				<BoneIndex>12</BoneIndex>
				<X>0.0500000492</X>
				<Y>0</Y>
				<Z>0</Z>
				<Pitch>0</Pitch>
				<Roll>-7.00000048</Roll>
				<Yaw>-89.9999924</Yaw>
			</Attachment>
		</Attachment>
		<Attachment>
			<ModelHash>0xbc1b1062</ModelHash>
			<Type>3</Type>
			<Dynamic>false</Dynamic>
			<FrozenPos>true</FrozenPos>
			<HashName>imp_prop_impexp_tyre_01b</HashName>
			<InitialHandle>414470</InitialHandle>
			<ObjectProperties>
				<TextureVariation>0</TextureVariation>
			</ObjectProperties>
			<OpacityLevel>255</OpacityLevel>
			<LodDistance>16960</LodDistance>
			<IsVisible>true</IsVisible>
			<MaxHealth>1000</MaxHealth>
			<Health>1000</Health>
			<HasGravity>true</HasGravity>
			<IsOnFire>false</IsOnFire>
			<IsInvincible>false</IsInvincible>
			<IsBulletProof>false</IsBulletProof>
			<IsCollisionProof>false</IsCollisionProof>
			<IsExplosionProof>false</IsExplosionProof>
			<IsFireProof>false</IsFireProof>
			<IsMeleeProof>false</IsMeleeProof>
			<IsOnlyDamagedByPlayer>false</IsOnlyDamagedByPlayer>
			<PositionRotation>
				<X>713.71283</X>
				<Y>2951.48022</Y>
				<Z>44.5353088</Z>
				<Pitch>7.41487408</Pitch>
				<Roll>-129.767334</Roll>
				<Yaw>137.145584</Yaw>
			</PositionRotation>
			<Attachment isAttached="true">
				<AttachedTo>163073</AttachedTo>
				<BoneIndex>17</BoneIndex>
				<X>-0.220000073</X>
				<Y>0</Y>
				<Z>0</Z>
				<Pitch>0</Pitch>
				<Roll>0</Roll>
				<Yaw>-90.9999847</Yaw>
			</Attachment>
		</Attachment>
		<Attachment>
			<ModelHash>0xbc1b1062</ModelHash>
			<Type>3</Type>
			<Dynamic>false</Dynamic>
			<FrozenPos>true</FrozenPos>
			<HashName>imp_prop_impexp_tyre_01b</HashName>
			<InitialHandle>699140</InitialHandle>
			<ObjectProperties>
				<TextureVariation>0</TextureVariation>
			</ObjectProperties>
			<OpacityLevel>255</OpacityLevel>
			<LodDistance>16960</LodDistance>
			<IsVisible>true</IsVisible>
			<MaxHealth>1000</MaxHealth>
			<Health>1000</Health>
			<HasGravity>true</HasGravity>
			<IsOnFire>false</IsOnFire>
			<IsInvincible>false</IsInvincible>
			<IsBulletProof>false</IsBulletProof>
			<IsCollisionProof>false</IsCollisionProof>
			<IsExplosionProof>false</IsExplosionProof>
			<IsFireProof>false</IsFireProof>
			<IsMeleeProof>false</IsMeleeProof>
			<IsOnlyDamagedByPlayer>false</IsOnlyDamagedByPlayer>
			<PositionRotation>
				<X>712.526367</X>
				<Y>2950.22949</Y>
				<Z>44.7127457</Z>
				<Pitch>-5.81379843</Pitch>
				<Roll>-56.3346825</Roll>
				<Yaw>-44.0564308</Yaw>
			</PositionRotation>
			<Attachment isAttached="true">
				<AttachedTo>163073</AttachedTo>
				<BoneIndex>7</BoneIndex>
				<X>-0.220000088</X>
				<Y>0</Y>
				<Z>0</Z>
				<Pitch>0</Pitch>
				<Roll>0</Roll>
				<Yaw>-90.9999847</Yaw>
			</Attachment>
		</Attachment>
		<Attachment>
			<ModelHash>0xbc1b1062</ModelHash>
			<Type>3</Type>
			<Dynamic>false</Dynamic>
			<FrozenPos>true</FrozenPos>
			<HashName>imp_prop_impexp_tyre_01b</HashName>
			<InitialHandle>726273</InitialHandle>
			<ObjectProperties>
				<TextureVariation>0</TextureVariation>
			</ObjectProperties>
			<OpacityLevel>255</OpacityLevel>
			<LodDistance>16960</LodDistance>
			<IsVisible>true</IsVisible>
			<MaxHealth>1000</MaxHealth>
			<Health>1000</Health>
			<HasGravity>true</HasGravity>
			<IsOnFire>false</IsOnFire>
			<IsInvincible>false</IsInvincible>
			<IsBulletProof>false</IsBulletProof>
			<IsCollisionProof>false</IsCollisionProof>
			<IsExplosionProof>false</IsExplosionProof>
			<IsFireProof>false</IsFireProof>
			<IsMeleeProof>false</IsMeleeProof>
			<IsOnlyDamagedByPlayer>false</IsOnlyDamagedByPlayer>
			<PositionRotation>
				<X>716.040833</X>
				<Y>2949.60181</Y>
				<Z>44.5613937</Z>
				<Pitch>5.70634365</Pitch>
				<Roll>69.9795303</Roll>
				<Yaw>136.156967</Yaw>
			</PositionRotation>
			<Attachment isAttached="true">
				<AttachedTo>163073</AttachedTo>
				<BoneIndex>18</BoneIndex>
				<X>-0.27000007</X>
				<Y>0</Y>
				<Z>0</Z>
				<Pitch>0</Pitch>
				<Roll>0</Roll>
				<Yaw>-90.9999847</Yaw>
			</Attachment>
		</Attachment>
		<Attachment>
			<ModelHash>0xbc1b1062</ModelHash>
			<Type>3</Type>
			<Dynamic>false</Dynamic>
			<FrozenPos>true</FrozenPos>
			<HashName>imp_prop_impexp_tyre_01b</HashName>
			<InitialHandle>176392</InitialHandle>
			<ObjectProperties>
				<TextureVariation>0</TextureVariation>
			</ObjectProperties>
			<OpacityLevel>255</OpacityLevel>
			<LodDistance>16960</LodDistance>
			<IsVisible>true</IsVisible>
			<MaxHealth>1000</MaxHealth>
			<Health>1000</Health>
			<HasGravity>true</HasGravity>
			<IsOnFire>false</IsOnFire>
			<IsInvincible>false</IsInvincible>
			<IsBulletProof>false</IsBulletProof>
			<IsCollisionProof>false</IsCollisionProof>
			<IsExplosionProof>false</IsExplosionProof>
			<IsFireProof>false</IsFireProof>
			<IsMeleeProof>false</IsMeleeProof>
			<IsOnlyDamagedByPlayer>false</IsOnlyDamagedByPlayer>
			<PositionRotation>
				<X>714.521423</X>
				<Y>2948.00073</Y>
				<Z>44.8273849</Z>
				<Pitch>-7.61587667</Pitch>
				<Roll>104.06179</Roll>
				<Yaw>-43.2537689</Yaw>
			</PositionRotation>
			<Attachment isAttached="true">
				<AttachedTo>163073</AttachedTo>
				<BoneIndex>12</BoneIndex>
				<X>-0.290000051</X>
				<Y>0</Y>
				<Z>0</Z>
				<Pitch>0</Pitch>
				<Roll>0</Roll>
				<Yaw>-90.9999847</Yaw>
			</Attachment>
		</Attachment>
		<Attachment>
			<ModelHash>0x893ba3a0</ModelHash>
			<Type>3</Type>
			<Dynamic>false</Dynamic>
			<FrozenPos>true</FrozenPos>
			<HashName>prop_rub_tyre_03</HashName>
			<InitialHandle>710410</InitialHandle>
			<ObjectProperties>
				<TextureVariation>0</TextureVariation>
			</ObjectProperties>
			<OpacityLevel>255</OpacityLevel>
			<LodDistance>16960</LodDistance>
			<IsVisible>true</IsVisible>
			<MaxHealth>1000</MaxHealth>
			<Health>1000</Health>
			<HasGravity>true</HasGravity>
			<IsOnFire>false</IsOnFire>
			<IsInvincible>false</IsInvincible>
			<IsBulletProof>false</IsBulletProof>
			<IsCollisionProof>false</IsCollisionProof>
			<IsExplosionProof>false</IsExplosionProof>
			<IsFireProof>false</IsFireProof>
			<IsMeleeProof>false</IsMeleeProof>
			<IsOnlyDamagedByPlayer>false</IsOnlyDamagedByPlayer>
			<PositionRotation>
				<X>715.514893</X>
				<Y>2948.75903</Y>
				<Z>45.771965</Z>
				<Pitch>-69.1608124</Pitch>
				<Roll>18.8303928</Roll>
				<Yaw>63.4114876</Yaw>
			</PositionRotation>
			<Attachment isAttached="true">
				<AttachedTo>163073</AttachedTo>
				<BoneIndex>0</BoneIndex>
				<X>-0.00533143803</X>
				<Y>-1.70600569</Y>
				<Z>0.958990335</Z>
				<Pitch>-69.2744293</Pitch>
				<Roll>-0.115237236</Roll>
				<Yaw>-0.871170044</Yaw>
			</Attachment>
		</Attachment>
		<Attachment>
			<ModelHash>0xeb51b31f</ModelHash>
			<Type>3</Type>
			<Dynamic>false</Dynamic>
			<FrozenPos>true</FrozenPos>
			<HashName>imp_prop_impexp_exhaust_02</HashName>
			<InitialHandle>223755</InitialHandle>
			<ObjectProperties>
				<TextureVariation>0</TextureVariation>
			</ObjectProperties>
			<OpacityLevel>255</OpacityLevel>
			<LodDistance>16960</LodDistance>
			<IsVisible>true</IsVisible>
			<MaxHealth>1000</MaxHealth>
			<Health>1000</Health>
			<HasGravity>true</HasGravity>
			<IsOnFire>false</IsOnFire>
			<IsInvincible>false</IsInvincible>
			<IsBulletProof>false</IsBulletProof>
			<IsCollisionProof>false</IsCollisionProof>
			<IsExplosionProof>false</IsExplosionProof>
			<IsFireProof>false</IsFireProof>
			<IsMeleeProof>false</IsMeleeProof>
			<IsOnlyDamagedByPlayer>false</IsOnlyDamagedByPlayer>
			<PositionRotation>
				<X>715.335083</X>
				<Y>2948.23193</Y>
				<Z>44.773613</Z>
				<Pitch>2.92637444</Pitch>
				<Roll>14.0258093</Roll>
				<Yaw>79.3954163</Yaw>
			</PositionRotation>
			<Attachment isAttached="true">
				<AttachedTo>163073</AttachedTo>
				<BoneIndex>5</BoneIndex>
				<X>0.100000016</X>
				<Y>0</Y>
				<Z>-0.300000042</Z>
				<Pitch>0</Pitch>
				<Roll>8.00000095</Roll>
				<Yaw>33.0000038</Yaw>
			</Attachment>
		</Attachment>
		<Attachment>
			<ModelHash>0xeb51b31f</ModelHash>
			<Type>3</Type>
			<Dynamic>false</Dynamic>
			<FrozenPos>true</FrozenPos>
			<HashName>imp_prop_impexp_exhaust_02</HashName>
			<InitialHandle>257293</InitialHandle>
			<ObjectProperties>
				<TextureVariation>0</TextureVariation>
			</ObjectProperties>
			<OpacityLevel>255</OpacityLevel>
			<LodDistance>16960</LodDistance>
			<IsVisible>true</IsVisible>
			<MaxHealth>1000</MaxHealth>
			<Health>1000</Health>
			<HasGravity>true</HasGravity>
			<IsOnFire>false</IsOnFire>
			<IsInvincible>false</IsInvincible>
			<IsBulletProof>false</IsBulletProof>
			<IsCollisionProof>false</IsCollisionProof>
			<IsExplosionProof>false</IsExplosionProof>
			<IsFireProof>false</IsFireProof>
			<IsMeleeProof>false</IsMeleeProof>
			<IsOnlyDamagedByPlayer>false</IsOnlyDamagedByPlayer>
			<PositionRotation>
				<X>715.864563</X>
				<Y>2948.60107</Y>
				<Z>44.7118835</Z>
				<Pitch>6.6924963</Pitch>
				<Roll>7.76942873</Roll>
				<Yaw>145.562943</Yaw>
			</PositionRotation>
			<Attachment isAttached="true">
				<AttachedTo>163073</AttachedTo>
				<BoneIndex>24</BoneIndex>
				<X>-0.25000006</X>
				<Y>-0.130000025</Y>
				<Z>-0.290000051</Z>
				<Pitch>0</Pitch>
				<Roll>8.00000095</Roll>
				<Yaw>99.0000076</Yaw>
			</Attachment>
		</Attachment>
		<Attachment>
			<ModelHash>0x4c185bea</ModelHash>
			<Type>3</Type>
			<Dynamic>false</Dynamic>
			<FrozenPos>true</FrozenPos>
			<HashName>imp_prop_impexp_engine_part_01a</HashName>
			<InitialHandle>231427</InitialHandle>
			<ObjectProperties>
				<TextureVariation>0</TextureVariation>
			</ObjectProperties>
			<OpacityLevel>255</OpacityLevel>
			<LodDistance>16960</LodDistance>
			<IsVisible>true</IsVisible>
			<MaxHealth>1000</MaxHealth>
			<Health>1000</Health>
			<HasGravity>true</HasGravity>
			<IsOnFire>false</IsOnFire>
			<IsInvincible>false</IsInvincible>
			<IsBulletProof>false</IsBulletProof>
			<IsCollisionProof>false</IsCollisionProof>
			<IsExplosionProof>false</IsExplosionProof>
			<IsFireProof>false</IsFireProof>
			<IsMeleeProof>false</IsMeleeProof>
			<IsOnlyDamagedByPlayer>false</IsOnlyDamagedByPlayer>
			<PositionRotation>
				<X>715.52063</X>
				<Y>2948.58154</Y>
				<Z>44.6902847</Z>
				<Pitch>-0.818404853</Pitch>
				<Roll>6.64647627</Roll>
				<Yaw>46.5969925</Yaw>
			</PositionRotation>
			<Attachment isAttached="true">
				<AttachedTo>163073</AttachedTo>
				<BoneIndex>21</BoneIndex>
				<X>0</X>
				<Y>-0.0299999937</Y>
				<Z>-0.326000065</Z>
				<Pitch>0</Pitch>
				<Roll>0</Roll>
				<Yaw>0</Yaw>
			</Attachment>
		</Attachment>
		<Attachment>
			<ModelHash>0xb0b51271</ModelHash>
			<Type>3</Type>
			<Dynamic>false</Dynamic>
			<FrozenPos>true</FrozenPos>
			<HashName>prop_rub_chassis_03</HashName>
			<InitialHandle>517395</InitialHandle>
			<ObjectProperties>
				<TextureVariation>0</TextureVariation>
			</ObjectProperties>
			<OpacityLevel>255</OpacityLevel>
			<LodDistance>16960</LodDistance>
			<IsVisible>true</IsVisible>
			<MaxHealth>1000</MaxHealth>
			<Health>1000</Health>
			<HasGravity>true</HasGravity>
			<IsOnFire>false</IsOnFire>
			<IsInvincible>false</IsInvincible>
			<IsBulletProof>false</IsBulletProof>
			<IsCollisionProof>false</IsCollisionProof>
			<IsExplosionProof>false</IsExplosionProof>
			<IsFireProof>false</IsFireProof>
			<IsMeleeProof>false</IsMeleeProof>
			<IsOnlyDamagedByPlayer>false</IsOnlyDamagedByPlayer>
			<PositionRotation>
				<X>713.114136</X>
				<Y>2950.82983</Y>
				<Z>44.4357147</Z>
				<Pitch>-0.818404853</Pitch>
				<Roll>6.64647627</Roll>
				<Yaw>46.5969925</Yaw>
			</PositionRotation>
			<Attachment isAttached="true">
				<AttachedTo>163073</AttachedTo>
				<BoneIndex>0</BoneIndex>
				<X>0</X>
				<Y>1.48000026</Y>
				<Z>-0.340000004</Z>
				<Pitch>0</Pitch>
				<Roll>0</Roll>
				<Yaw>0</Yaw>
			</Attachment>
		</Attachment>
		<Attachment>
			<ModelHash>0xd1db5101</ModelHash>
			<Type>3</Type>
			<Dynamic>false</Dynamic>
			<FrozenPos>true</FrozenPos>
			<HashName>prop_bumper_05</HashName>
			<InitialHandle>95252</InitialHandle>
			<ObjectProperties>
				<TextureVariation>0</TextureVariation>
			</ObjectProperties>
			<OpacityLevel>255</OpacityLevel>
			<LodDistance>16960</LodDistance>
			<IsVisible>true</IsVisible>
			<MaxHealth>1000</MaxHealth>
			<Health>1000</Health>
			<HasGravity>true</HasGravity>
			<IsOnFire>false</IsOnFire>
			<IsInvincible>false</IsInvincible>
			<IsBulletProof>false</IsBulletProof>
			<IsCollisionProof>false</IsCollisionProof>
			<IsExplosionProof>false</IsExplosionProof>
			<IsFireProof>false</IsFireProof>
			<IsMeleeProof>false</IsMeleeProof>
			<IsOnlyDamagedByPlayer>false</IsOnlyDamagedByPlayer>
			<PositionRotation>
				<X>712.753601</X>
				<Y>2951.17285</Y>
				<Z>44.80336</Z>
				<Pitch>1.12527525</Pitch>
				<Roll>-6.80063295</Roll>
				<Yaw>-129.778717</Yaw>
			</PositionRotation>
			<Attachment isAttached="true">
				<AttachedTo>163073</AttachedTo>
				<BoneIndex>0</BoneIndex>
				<X>-0.0418516211</X>
				<Y>1.97233498</Y>
				<Z>0.032375969</Z>
				<Pitch>0.725573659</Pitch>
				<Roll>-0.115237251</Roll>
				<Yaw>-176.43631</Yaw>
			</Attachment>
		</Attachment>
		<Attachment>
			<ModelHash>0x59df96b5</ModelHash>
			<Type>3</Type>
			<Dynamic>false</Dynamic>
			<FrozenPos>true</FrozenPos>
			<HashName>prop_ld_rubble_04</HashName>
			<InitialHandle>228123</InitialHandle>
			<ObjectProperties>
				<TextureVariation>0</TextureVariation>
			</ObjectProperties>
			<OpacityLevel>255</OpacityLevel>
			<LodDistance>16960</LodDistance>
			<IsVisible>true</IsVisible>
			<MaxHealth>1000</MaxHealth>
			<Health>1000</Health>
			<HasGravity>true</HasGravity>
			<IsOnFire>false</IsOnFire>
			<IsInvincible>false</IsInvincible>
			<IsBulletProof>false</IsBulletProof>
			<IsCollisionProof>false</IsCollisionProof>
			<IsExplosionProof>false</IsExplosionProof>
			<IsFireProof>false</IsFireProof>
			<IsMeleeProof>false</IsMeleeProof>
			<IsOnlyDamagedByPlayer>false</IsOnlyDamagedByPlayer>
			<PositionRotation>
				<X>714.217407</X>
				<Y>2950.13159</Y>
				<Z>45.1414261</Z>
				<Pitch>79.1247406</Pitch>
				<Roll>-38.0720291</Roll>
				<Yaw>-94.6342316</Yaw>
			</PositionRotation>
			<Attachment isAttached="true">
				<AttachedTo>163073</AttachedTo>
				<BoneIndex>0</BoneIndex>
				<X>0.169549391</X>
				<Y>0.188719362</Y>
				<Z>0.371745557</Z>
				<Pitch>80.7255783</Pitch>
				<Roll>-0.115237236</Roll>
				<Yaw>-178.599609</Yaw>
			</Attachment>
		</Attachment>
		<Attachment>
			<ModelHash>0x59df96b5</ModelHash>
			<Type>3</Type>
			<Dynamic>false</Dynamic>
			<FrozenPos>true</FrozenPos>
			<HashName>prop_ld_rubble_04</HashName>
			<InitialHandle>570138</InitialHandle>
			<ObjectProperties>
				<TextureVariation>0</TextureVariation>
			</ObjectProperties>
			<OpacityLevel>255</OpacityLevel>
			<LodDistance>16960</LodDistance>
			<IsVisible>true</IsVisible>
			<MaxHealth>1000</MaxHealth>
			<Health>1000</Health>
			<HasGravity>true</HasGravity>
			<IsOnFire>false</IsOnFire>
			<IsInvincible>false</IsInvincible>
			<IsBulletProof>false</IsBulletProof>
			<IsCollisionProof>false</IsCollisionProof>
			<IsExplosionProof>false</IsExplosionProof>
			<IsFireProof>false</IsFireProof>
			<IsMeleeProof>false</IsMeleeProof>
			<IsOnlyDamagedByPlayer>false</IsOnlyDamagedByPlayer>
			<PositionRotation>
				<X>714.284058</X>
				<Y>2950.10303</Y>
				<Z>45.2703819</Z>
				<Pitch>79.1247406</Pitch>
				<Roll>-38.0720291</Roll>
				<Yaw>-94.6342316</Yaw>
			</PositionRotation>
			<Attachment isAttached="true">
				<AttachedTo>163073</AttachedTo>
				<BoneIndex>0</BoneIndex>
				<X>0.179549396</X>
				<Y>0.118719354</Y>
				<Z>0.501745522</Z>
				<Pitch>80.7255783</Pitch>
				<Roll>-0.115237236</Roll>
				<Yaw>-178.599609</Yaw>
			</Attachment>
		</Attachment>
		<Attachment>
			<ModelHash>0x59df96b5</ModelHash>
			<Type>3</Type>
			<Dynamic>false</Dynamic>
			<FrozenPos>true</FrozenPos>
			<HashName>prop_ld_rubble_04</HashName>
			<InitialHandle>438299</InitialHandle>
			<ObjectProperties>
				<TextureVariation>0</TextureVariation>
			</ObjectProperties>
			<OpacityLevel>255</OpacityLevel>
			<LodDistance>16960</LodDistance>
			<IsVisible>true</IsVisible>
			<MaxHealth>1000</MaxHealth>
			<Health>1000</Health>
			<HasGravity>true</HasGravity>
			<IsOnFire>false</IsOnFire>
			<IsInvincible>false</IsInvincible>
			<IsBulletProof>false</IsBulletProof>
			<IsCollisionProof>false</IsCollisionProof>
			<IsExplosionProof>false</IsExplosionProof>
			<IsFireProof>false</IsFireProof>
			<IsMeleeProof>false</IsMeleeProof>
			<IsOnlyDamagedByPlayer>false</IsOnlyDamagedByPlayer>
			<PositionRotation>
				<X>714.273682</X>
				<Y>2950.08032</Y>
				<Z>45.414196</Z>
				<Pitch>79.1247406</Pitch>
				<Roll>-38.0720291</Roll>
				<Yaw>-94.6342316</Yaw>
			</PositionRotation>
			<Attachment isAttached="true">
				<AttachedTo>163073</AttachedTo>
				<BoneIndex>0</BoneIndex>
				<X>0.139549375</X>
				<Y>0.108719349</Y>
				<Z>0.641745389</Z>
				<Pitch>80.7255783</Pitch>
				<Roll>-0.115237236</Roll>
				<Yaw>-178.599609</Yaw>
			</Attachment>
		</Attachment>
		<Attachment>
			<ModelHash>0x59df96b5</ModelHash>
			<Type>3</Type>
			<Dynamic>false</Dynamic>
			<FrozenPos>true</FrozenPos>
			<HashName>prop_ld_rubble_04</HashName>
			<InitialHandle>53505</InitialHandle>
			<ObjectProperties>
				<TextureVariation>0</TextureVariation>
			</ObjectProperties>
			<OpacityLevel>255</OpacityLevel>
			<LodDistance>16960</LodDistance>
			<IsVisible>true</IsVisible>
			<MaxHealth>1000</MaxHealth>
			<Health>1000</Health>
			<HasGravity>true</HasGravity>
			<IsOnFire>false</IsOnFire>
			<IsInvincible>false</IsInvincible>
			<IsBulletProof>false</IsBulletProof>
			<IsCollisionProof>false</IsCollisionProof>
			<IsExplosionProof>false</IsExplosionProof>
			<IsFireProof>false</IsFireProof>
			<IsMeleeProof>false</IsMeleeProof>
			<IsOnlyDamagedByPlayer>false</IsOnlyDamagedByPlayer>
			<PositionRotation>
				<X>714.277832</X>
				<Y>2950.04419</Y>
				<Z>45.5583</Z>
				<Pitch>79.1247406</Pitch>
				<Roll>-38.0720291</Roll>
				<Yaw>-94.6342316</Yaw>
			</PositionRotation>
			<Attachment isAttached="true">
				<AttachedTo>163073</AttachedTo>
				<BoneIndex>0</BoneIndex>
				<X>0.0995493531</X>
				<Y>0.0787193328</Y>
				<Z>0.781745255</Z>
				<Pitch>80.7255783</Pitch>
				<Roll>-0.115237236</Roll>
				<Yaw>-178.599609</Yaw>
			</Attachment>
		</Attachment>
		<Attachment>
			<ModelHash>0x59df96b5</ModelHash>
			<Type>3</Type>
			<Dynamic>false</Dynamic>
			<FrozenPos>true</FrozenPos>
			<HashName>prop_ld_rubble_04</HashName>
			<InitialHandle>542746</InitialHandle>
			<ObjectProperties>
				<TextureVariation>0</TextureVariation>
			</ObjectProperties>
			<OpacityLevel>255</OpacityLevel>
			<LodDistance>16960</LodDistance>
			<IsVisible>true</IsVisible>
			<MaxHealth>1000</MaxHealth>
			<Health>1000</Health>
			<HasGravity>true</HasGravity>
			<IsOnFire>false</IsOnFire>
			<IsInvincible>false</IsInvincible>
			<IsBulletProof>false</IsBulletProof>
			<IsCollisionProof>false</IsCollisionProof>
			<IsExplosionProof>false</IsExplosionProof>
			<IsFireProof>false</IsFireProof>
			<IsMeleeProof>false</IsMeleeProof>
			<IsOnlyDamagedByPlayer>false</IsOnlyDamagedByPlayer>
			<PositionRotation>
				<X>714.052185</X>
				<Y>2949.8064</Y>
				<Z>45.596489</Z>
				<Pitch>79.1247406</Pitch>
				<Roll>-38.0720291</Roll>
				<Yaw>-94.6342316</Yaw>
			</PositionRotation>
			<Attachment isAttached="true">
				<AttachedTo>163073</AttachedTo>
				<BoneIndex>0</BoneIndex>
				<X>-0.230450764</X>
				<Y>0.0787193328</Y>
				<Z>0.781745255</Z>
				<Pitch>80.7255783</Pitch>
				<Roll>-0.115237236</Roll>
				<Yaw>-178.599609</Yaw>
			</Attachment>
		</Attachment>
		<Attachment>
			<ModelHash>0x59df96b5</ModelHash>
			<Type>3</Type>
			<Dynamic>false</Dynamic>
			<FrozenPos>true</FrozenPos>
			<HashName>prop_ld_rubble_04</HashName>
			<InitialHandle>753692</InitialHandle>
			<ObjectProperties>
				<TextureVariation>0</TextureVariation>
			</ObjectProperties>
			<OpacityLevel>255</OpacityLevel>
			<LodDistance>16960</LodDistance>
			<IsVisible>true</IsVisible>
			<MaxHealth>1000</MaxHealth>
			<Health>1000</Health>
			<HasGravity>true</HasGravity>
			<IsOnFire>false</IsOnFire>
			<IsInvincible>false</IsInvincible>
			<IsBulletProof>false</IsBulletProof>
			<IsCollisionProof>false</IsCollisionProof>
			<IsExplosionProof>false</IsExplosionProof>
			<IsFireProof>false</IsFireProof>
			<IsMeleeProof>false</IsMeleeProof>
			<IsOnlyDamagedByPlayer>false</IsOnlyDamagedByPlayer>
			<PositionRotation>
				<X>713.987488</X>
				<Y>2949.80225</Y>
				<Z>45.1885757</Z>
				<Pitch>79.1247406</Pitch>
				<Roll>-38.0720291</Roll>
				<Yaw>-94.6342316</Yaw>
			</PositionRotation>
			<Attachment isAttached="true">
				<AttachedTo>163073</AttachedTo>
				<BoneIndex>0</BoneIndex>
				<X>-0.230450764</X>
				<Y>0.12871936</Y>
				<Z>0.371745646</Z>
				<Pitch>80.7255783</Pitch>
				<Roll>-0.115237236</Roll>
				<Yaw>-178.599609</Yaw>
			</Attachment>
		</Attachment>
		<Attachment>
			<ModelHash>0x59df96b5</ModelHash>
			<Type>3</Type>
			<Dynamic>false</Dynamic>
			<FrozenPos>true</FrozenPos>
			<HashName>prop_ld_rubble_04</HashName>
			<InitialHandle>583025</InitialHandle>
			<ObjectProperties>
				<TextureVariation>0</TextureVariation>
			</ObjectProperties>
			<OpacityLevel>255</OpacityLevel>
			<LodDistance>16960</LodDistance>
			<IsVisible>true</IsVisible>
			<MaxHealth>1000</MaxHealth>
			<Health>1000</Health>
			<HasGravity>true</HasGravity>
			<IsOnFire>false</IsOnFire>
			<IsInvincible>false</IsInvincible>
			<IsBulletProof>false</IsBulletProof>
			<IsCollisionProof>false</IsCollisionProof>
			<IsExplosionProof>false</IsExplosionProof>
			<IsFireProof>false</IsFireProof>
			<IsMeleeProof>false</IsMeleeProof>
			<IsOnlyDamagedByPlayer>false</IsOnlyDamagedByPlayer>
			<PositionRotation>
				<X>713.821472</X>
				<Y>2949.63086</Y>
				<Z>45.3875046</Z>
				<Pitch>-5.93840456</Pitch>
				<Roll>-70.7748718</Roll>
				<Yaw>-42.0801811</Yaw>
			</PositionRotation>
			<Attachment isAttached="true">
				<AttachedTo>163073</AttachedTo>
				<BoneIndex>0</BoneIndex>
				<X>-0.490450561</X>
				<Y>0.12871936</Y>
				<Z>0.541745484</Z>
				<Pitch>0.725576401</Pitch>
				<Roll>-70.115242</Roll>
				<Yaw>-88.5996094</Yaw>
			</Attachment>
		</Attachment>
		<Attachment>
			<ModelHash>0x59df96b5</ModelHash>
			<Type>3</Type>
			<Dynamic>false</Dynamic>
			<FrozenPos>true</FrozenPos>
			<HashName>prop_ld_rubble_04</HashName>
			<InitialHandle>146463</InitialHandle>
			<ObjectProperties>
				<TextureVariation>0</TextureVariation>
			</ObjectProperties>
			<OpacityLevel>255</OpacityLevel>
			<LodDistance>16960</LodDistance>
			<IsVisible>true</IsVisible>
			<MaxHealth>1000</MaxHealth>
			<Health>1000</Health>
			<HasGravity>true</HasGravity>
			<IsOnFire>false</IsOnFire>
			<IsInvincible>false</IsInvincible>
			<IsBulletProof>false</IsBulletProof>
			<IsCollisionProof>false</IsCollisionProof>
			<IsExplosionProof>false</IsExplosionProof>
			<IsFireProof>false</IsFireProof>
			<IsMeleeProof>false</IsMeleeProof>
			<IsOnlyDamagedByPlayer>false</IsOnlyDamagedByPlayer>
			<PositionRotation>
				<X>713.771606</X>
				<Y>2949.66138</Y>
				<Z>45.196785</Z>
				<Pitch>-3.9385426</Pitch>
				<Roll>-70.7728958</Roll>
				<Yaw>-42.0570984</Yaw>
			</PositionRotation>
			<Attachment isAttached="true">
				<AttachedTo>163073</AttachedTo>
				<BoneIndex>0</BoneIndex>
				<X>-0.480450571</X>
				<Y>0.188719377</Y>
				<Z>0.351745665</Z>
				<Pitch>2.72557664</Pitch>
				<Roll>-70.115242</Roll>
				<Yaw>-88.5996094</Yaw>
			</Attachment>
		</Attachment>
		<Attachment>
			<ModelHash>0xa640636d</ModelHash>
			<Type>3</Type>
			<Dynamic>false</Dynamic>
			<FrozenPos>true</FrozenPos>
			<HashName>prop_rub_scrap_06</HashName>
			<InitialHandle>324641</InitialHandle>
			<ObjectProperties>
				<TextureVariation>0</TextureVariation>
			</ObjectProperties>
			<OpacityLevel>255</OpacityLevel>
			<LodDistance>16960</LodDistance>
			<IsVisible>true</IsVisible>
			<MaxHealth>1000</MaxHealth>
			<Health>1000</Health>
			<HasGravity>true</HasGravity>
			<IsOnFire>false</IsOnFire>
			<IsInvincible>false</IsInvincible>
			<IsBulletProof>false</IsBulletProof>
			<IsCollisionProof>false</IsCollisionProof>
			<IsExplosionProof>false</IsExplosionProof>
			<IsFireProof>false</IsFireProof>
			<IsMeleeProof>false</IsMeleeProof>
			<IsOnlyDamagedByPlayer>false</IsOnlyDamagedByPlayer>
			<PositionRotation>
				<X>714.87323</X>
				<Y>2949.7085</Y>
				<Z>45.8130417</Z>
				<Pitch>-0.00704640709</Pitch>
				<Roll>173.226791</Roll>
				<Yaw>-132.588684</Yaw>
			</PositionRotation>
			<Attachment isAttached="true">
				<AttachedTo>163073</AttachedTo>
				<BoneIndex>0</BoneIndex>
				<X>0.235377461</X>
				<Y>-0.587988853</Y>
				<Z>1.04447448</Z>
				<Pitch>-179.274429</Pitch>
				<Roll>-0.115237251</Roll>
				<Yaw>0.904436111</Yaw>
			</Attachment>
		</Attachment>
		<Attachment>
			<ModelHash>0xa640636d</ModelHash>
			<Type>3</Type>
			<Dynamic>false</Dynamic>
			<FrozenPos>true</FrozenPos>
			<HashName>prop_rub_scrap_06</HashName>
			<InitialHandle>329755</InitialHandle>
			<ObjectProperties>
				<TextureVariation>0</TextureVariation>
			</ObjectProperties>
			<OpacityLevel>255</OpacityLevel>
			<LodDistance>16960</LodDistance>
			<IsVisible>true</IsVisible>
			<MaxHealth>1000</MaxHealth>
			<Health>1000</Health>
			<HasGravity>true</HasGravity>
			<IsOnFire>false</IsOnFire>
			<IsInvincible>false</IsInvincible>
			<IsBulletProof>false</IsBulletProof>
			<IsCollisionProof>false</IsCollisionProof>
			<IsExplosionProof>false</IsExplosionProof>
			<IsFireProof>false</IsFireProof>
			<IsMeleeProof>false</IsMeleeProof>
			<IsOnlyDamagedByPlayer>false</IsOnlyDamagedByPlayer>
			<PositionRotation>
				<X>714.504028</X>
				<Y>2949.31958</Y>
				<Z>45.8755341</Z>
				<Pitch>-0.00704640709</Pitch>
				<Roll>173.226791</Roll>
				<Yaw>-132.588684</Yaw>
			</PositionRotation>
			<Attachment isAttached="true">
				<AttachedTo>163073</AttachedTo>
				<BoneIndex>0</BoneIndex>
				<X>-0.30462271</X>
				<Y>-0.587988853</Y>
				<Z>1.04447448</Z>
				<Pitch>-179.274429</Pitch>
				<Roll>-0.115237251</Roll>
				<Yaw>0.904436111</Yaw>
			</Attachment>
		</Attachment>
	</SpoonerAttachments>
</Vehicle>
