<?xml version="1.0" encoding="ISO-8859-1"?>
<Vehicle menyoo_ver="0.99987681b">
	<ModelHash>0x3af8c345</ModelHash>
	<InitialHandle>724738</InitialHandle>
	<VehicleProperties>
		<Colours>
			<Primary>3</Primary>
			<Secondary>2</Secondary>
			<Pearl>18</Pearl>
			<Rim>156</Rim>
			<Mod1_a>6</Mod1_a>
			<Mod1_b>-1</Mod1_b>
			<Mod1_c>-1</Mod1_c>
			<Mod2_a>6</Mod2_a>
			<Mod2_b>-1</Mod2_b>
			<IsPrimaryColourCustom>false</IsPrimaryColourCustom>
			<IsSecondaryColourCustom>false</IsSecondaryColourCustom>
			<tyreSmoke_R>255</tyreSmoke_R>
			<tyreSmoke_G>255</tyreSmoke_G>
			<tyreSmoke_B>255</tyreSmoke_B>
			<LrInterior>0</LrInterior>
			<LrDashboard>0</LrDashboard>
		</Colours>
		<Livery>-1</Livery>
		<NumberPlateText>68BJK071</NumberPlateText>
		<NumberPlateIndex>0</NumberPlateIndex>
		<WheelType>4</WheelType>
		<WheelsInvisible>false</WheelsInvisible>
		<EngineSoundName>BTYPE2</EngineSoundName>
		<WindowTint>-1</WindowTint>
		<BulletProofTyres>false</BulletProofTyres>
		<DirtLevel>0.00153684849</DirtLevel>
		<PaintFade>0.298039228</PaintFade>
		<RoofState>0</RoofState>
		<SirenActive>false</SirenActive>
		<EngineOn>true</EngineOn>
		<EngineHealth>1250</EngineHealth>
		<LightsOn>false</LightsOn>
		<IsRadioLoud>0</IsRadioLoud>
		<LockStatus>1</LockStatus>
		<Neons>
			<Left>false</Left>
			<Right>false</Right>
			<Front>false</Front>
			<Back>false</Back>
			<R>255</R>
			<G>0</G>
			<B>255</B>
		</Neons>
		<ModExtras>
			<_1>true</_1>
			<_2>false</_2>
			<_3>false</_3>
			<_11>false</_11>
			<_12>true</_12>
		</ModExtras>
		<Mods>
			<_0>-1,0</_0>
			<_1>-1,0</_1>
			<_2>-1,0</_2>
			<_3>-1,0</_3>
			<_4>-1,0</_4>
			<_5>-1,0</_5>
			<_6>-1,0</_6>
			<_7>-1,0</_7>
			<_8>-1,0</_8>
			<_9>-1,0</_9>
			<_10>-1,0</_10>
			<_11>-1,0</_11>
			<_12>-1,0</_12>
			<_13>-1,0</_13>
			<_14>-1,0</_14>
			<_15>-1,0</_15>
			<_16>-1,0</_16>
			<_17>false</_17>
			<_18>true</_18>
			<_19>false</_19>
			<_20>false</_20>
			<_21>false</_21>
			<_22>false</_22>
			<_23>-1,0</_23>
			<_24>-1,0</_24>
			<_25>-1,0</_25>
			<_26>-1,0</_26>
			<_27>-1,0</_27>
			<_28>-1,0</_28>
			<_29>-1,0</_29>
			<_30>-1,0</_30>
			<_31>-1,0</_31>
			<_32>-1,0</_32>
			<_33>-1,0</_33>
			<_34>-1,0</_34>
			<_35>-1,0</_35>
			<_36>-1,0</_36>
			<_37>-1,0</_37>
			<_38>-1,0</_38>
			<_39>-1,0</_39>
			<_40>-1,0</_40>
			<_41>-1,0</_41>
			<_42>-1,0</_42>
			<_43>-1,0</_43>
			<_44>-1,0</_44>
			<_45>-1,0</_45>
			<_46>-1,0</_46>
			<_47>-1,0</_47>
			<_48>-1,0</_48>
		</Mods>
		<DoorsOpen>
			<BackLeftDoor>false</BackLeftDoor>
			<BackRightDoor>false</BackRightDoor>
			<FrontLeftDoor>false</FrontLeftDoor>
			<FrontRightDoor>false</FrontRightDoor>
			<Hood>false</Hood>
			<Trunk>false</Trunk>
			<Trunk2>false</Trunk2>
		</DoorsOpen>
		<DoorsBroken>
			<BackLeftDoor>false</BackLeftDoor>
			<BackRightDoor>false</BackRightDoor>
			<FrontLeftDoor>true</FrontLeftDoor>
			<FrontRightDoor>true</FrontRightDoor>
			<Hood>false</Hood>
			<Trunk>false</Trunk>
			<Trunk2>false</Trunk2>
		</DoorsBroken>
		<TyresBursted>
			<FrontLeft>false</FrontLeft>
			<FrontRight>false</FrontRight>
			<_2>false</_2>
			<_3>false</_3>
			<BackLeft>false</BackLeft>
			<BackRight>false</BackRight>
			<_6>false</_6>
			<_7>false</_7>
			<_8>false</_8>
		</TyresBursted>
		<RpmMultiplier>300</RpmMultiplier>
		<TorqueMultiplier>10</TorqueMultiplier>
		<HeadlightIntensity>1</HeadlightIntensity>
	</VehicleProperties>
	<OpacityLevel>0</OpacityLevel>
	<LodDistance>16960</LodDistance>
	<IsVisible>true</IsVisible>
	<IsDriverVisible>true</IsDriverVisible>
	<MaxHealth>1000</MaxHealth>
	<Health>1000</Health>
	<HasGravity>true</HasGravity>
	<IsOnFire>false</IsOnFire>
	<IsInvincible>false</IsInvincible>
	<IsBulletProof>false</IsBulletProof>
	<IsExplosionProof>false</IsExplosionProof>
	<IsFireProof>false</IsFireProof>
	<IsMeleeProof>false</IsMeleeProof>
	<IsOnlyDamagedByPlayer>false</IsOnlyDamagedByPlayer>
	<SpoonerAttachments SetAttachmentsPersistentAndAddToSpoonerDatabase="false" StartTaskSequencesOnLoad="true">
		<Attachment>
			<ModelHash>0x893ba3a0</ModelHash>
			<Type>3</Type>
			<Dynamic>false</Dynamic>
			<FrozenPos>true</FrozenPos>
			<HashName>prop_rub_tyre_03</HashName>
			<InitialHandle>113669</InitialHandle>
			<ObjectProperties>
				<TextureVariation>0</TextureVariation>
			</ObjectProperties>
			<OpacityLevel>255</OpacityLevel>
			<LodDistance>16960</LodDistance>
			<IsVisible>true</IsVisible>
			<MaxHealth>1000</MaxHealth>
			<Health>1000</Health>
			<HasGravity>true</HasGravity>
			<IsOnFire>false</IsOnFire>
			<IsInvincible>false</IsInvincible>
			<IsBulletProof>false</IsBulletProof>
			<IsCollisionProof>false</IsCollisionProof>
			<IsExplosionProof>false</IsExplosionProof>
			<IsFireProof>false</IsFireProof>
			<IsMeleeProof>false</IsMeleeProof>
			<IsOnlyDamagedByPlayer>false</IsOnlyDamagedByPlayer>
			<PositionRotation>
				<X>1714.8468</X>
				<Y>3254.25293</Y>
				<Z>40.6550407</Z>
				<Pitch>-1.21184528</Pitch>
				<Roll>-65.8955154</Roll>
				<Yaw>13.6382542</Yaw>
			</PositionRotation>
			<Attachment isAttached="true">
				<AttachedTo>724738</AttachedTo>
				<BoneIndex>48</BoneIndex>
				<X>0</X>
				<Y>0</Y>
				<Z>0</Z>
				<Pitch>0</Pitch>
				<Roll>0</Roll>
				<Yaw>89.9999924</Yaw>
			</Attachment>
		</Attachment>
		<Attachment>
			<ModelHash>0x893ba3a0</ModelHash>
			<Type>3</Type>
			<Dynamic>false</Dynamic>
			<FrozenPos>true</FrozenPos>
			<HashName>prop_rub_tyre_03</HashName>
			<InitialHandle>317702</InitialHandle>
			<ObjectProperties>
				<TextureVariation>0</TextureVariation>
			</ObjectProperties>
			<OpacityLevel>255</OpacityLevel>
			<LodDistance>16960</LodDistance>
			<IsVisible>true</IsVisible>
			<MaxHealth>1000</MaxHealth>
			<Health>1000</Health>
			<HasGravity>true</HasGravity>
			<IsOnFire>false</IsOnFire>
			<IsInvincible>false</IsInvincible>
			<IsBulletProof>false</IsBulletProof>
			<IsCollisionProof>false</IsCollisionProof>
			<IsExplosionProof>false</IsExplosionProof>
			<IsFireProof>false</IsFireProof>
			<IsMeleeProof>false</IsMeleeProof>
			<IsOnlyDamagedByPlayer>false</IsOnlyDamagedByPlayer>
			<PositionRotation>
				<X>1711.00281</X>
				<Y>3253.31934</Y>
				<Z>40.604557</Z>
				<Pitch>-1.01811731</Pitch>
				<Roll>72.8294144</Roll>
				<Yaw>13.6407957</Yaw>
			</PositionRotation>
			<Attachment isAttached="true">
				<AttachedTo>724738</AttachedTo>
				<BoneIndex>47</BoneIndex>
				<X>0</X>
				<Y>0</Y>
				<Z>0</Z>
				<Pitch>0</Pitch>
				<Roll>0</Roll>
				<Yaw>89.9999924</Yaw>
			</Attachment>
		</Attachment>
		<Attachment>
			<ModelHash>0x893ba3a0</ModelHash>
			<Type>3</Type>
			<Dynamic>false</Dynamic>
			<FrozenPos>true</FrozenPos>
			<HashName>prop_rub_tyre_03</HashName>
			<InitialHandle>468230</InitialHandle>
			<ObjectProperties>
				<TextureVariation>0</TextureVariation>
			</ObjectProperties>
			<OpacityLevel>255</OpacityLevel>
			<LodDistance>16960</LodDistance>
			<IsVisible>true</IsVisible>
			<MaxHealth>1000</MaxHealth>
			<Health>1000</Health>
			<HasGravity>true</HasGravity>
			<IsOnFire>false</IsOnFire>
			<IsInvincible>false</IsInvincible>
			<IsBulletProof>false</IsBulletProof>
			<IsCollisionProof>false</IsCollisionProof>
			<IsExplosionProof>false</IsExplosionProof>
			<IsFireProof>false</IsFireProof>
			<IsMeleeProof>false</IsMeleeProof>
			<IsOnlyDamagedByPlayer>false</IsOnlyDamagedByPlayer>
			<PositionRotation>
				<X>1715.36475</X>
				<Y>3252.12012</Y>
				<Z>40.6620102</Z>
				<Pitch>-0.847967327</Pitch>
				<Roll>-38.0439034</Roll>
				<Yaw>-166.334747</Yaw>
			</PositionRotation>
			<Attachment isAttached="true">
				<AttachedTo>724738</AttachedTo>
				<BoneIndex>49</BoneIndex>
				<X>0</X>
				<Y>0</Y>
				<Z>0</Z>
				<Pitch>0</Pitch>
				<Roll>0</Roll>
				<Yaw>89.9999924</Yaw>
			</Attachment>
		</Attachment>
		<Attachment>
			<ModelHash>0x893ba3a0</ModelHash>
			<Type>3</Type>
			<Dynamic>false</Dynamic>
			<FrozenPos>true</FrozenPos>
			<HashName>prop_rub_tyre_03</HashName>
			<InitialHandle>616710</InitialHandle>
			<ObjectProperties>
				<TextureVariation>0</TextureVariation>
			</ObjectProperties>
			<OpacityLevel>255</OpacityLevel>
			<LodDistance>16960</LodDistance>
			<IsVisible>true</IsVisible>
			<MaxHealth>1000</MaxHealth>
			<Health>1000</Health>
			<HasGravity>true</HasGravity>
			<IsOnFire>false</IsOnFire>
			<IsInvincible>false</IsInvincible>
			<IsBulletProof>false</IsBulletProof>
			<IsCollisionProof>false</IsCollisionProof>
			<IsExplosionProof>false</IsExplosionProof>
			<IsFireProof>false</IsFireProof>
			<IsMeleeProof>false</IsMeleeProof>
			<IsOnlyDamagedByPlayer>false</IsOnlyDamagedByPlayer>
			<PositionRotation>
				<X>1711.52087</X>
				<Y>3251.18628</Y>
				<Z>40.6041031</Z>
				<Pitch>-1.04174185</Pitch>
				<Roll>143.109497</Roll>
				<Yaw>-166.332199</Yaw>
			</PositionRotation>
			<Attachment isAttached="true">
				<AttachedTo>724738</AttachedTo>
				<BoneIndex>50</BoneIndex>
				<X>0</X>
				<Y>0</Y>
				<Z>0</Z>
				<Pitch>0</Pitch>
				<Roll>0</Roll>
				<Yaw>89.9999924</Yaw>
			</Attachment>
		</Attachment>
		<Attachment>
			<ModelHash>0x893ba3a0</ModelHash>
			<Type>3</Type>
			<Dynamic>false</Dynamic>
			<FrozenPos>true</FrozenPos>
			<HashName>prop_rub_tyre_03</HashName>
			<InitialHandle>494087</InitialHandle>
			<ObjectProperties>
				<TextureVariation>0</TextureVariation>
			</ObjectProperties>
			<OpacityLevel>255</OpacityLevel>
			<LodDistance>16960</LodDistance>
			<IsVisible>true</IsVisible>
			<MaxHealth>1000</MaxHealth>
			<Health>1000</Health>
			<HasGravity>true</HasGravity>
			<IsOnFire>false</IsOnFire>
			<IsInvincible>false</IsInvincible>
			<IsBulletProof>false</IsBulletProof>
			<IsCollisionProof>false</IsCollisionProof>
			<IsExplosionProof>false</IsExplosionProof>
			<IsFireProof>false</IsFireProof>
			<IsMeleeProof>false</IsMeleeProof>
			<IsOnlyDamagedByPlayer>false</IsOnlyDamagedByPlayer>
			<PositionRotation>
				<X>1711.59888</X>
				<Y>3250.86572</Y>
				<Z>40.5981026</Z>
				<Pitch>-1.04174101</Pitch>
				<Roll>151.109497</Roll>
				<Yaw>-166.332199</Yaw>
			</PositionRotation>
			<Attachment isAttached="true">
				<AttachedTo>724738</AttachedTo>
				<BoneIndex>50</BoneIndex>
				<X>-0.329999954</X>
				<Y>0</Y>
				<Z>0</Z>
				<Pitch>5.96046448e-08</Pitch>
				<Roll>7.99999952</Roll>
				<Yaw>89.9999924</Yaw>
			</Attachment>
		</Attachment>
		<Attachment>
			<ModelHash>0x893ba3a0</ModelHash>
			<Type>3</Type>
			<Dynamic>false</Dynamic>
			<FrozenPos>true</FrozenPos>
			<HashName>prop_rub_tyre_03</HashName>
			<InitialHandle>540680</InitialHandle>
			<ObjectProperties>
				<TextureVariation>0</TextureVariation>
			</ObjectProperties>
			<OpacityLevel>255</OpacityLevel>
			<LodDistance>16960</LodDistance>
			<IsVisible>true</IsVisible>
			<MaxHealth>1000</MaxHealth>
			<Health>1000</Health>
			<HasGravity>true</HasGravity>
			<IsOnFire>false</IsOnFire>
			<IsInvincible>false</IsInvincible>
			<IsBulletProof>false</IsBulletProof>
			<IsCollisionProof>false</IsCollisionProof>
			<IsExplosionProof>false</IsExplosionProof>
			<IsFireProof>false</IsFireProof>
			<IsMeleeProof>false</IsMeleeProof>
			<IsOnlyDamagedByPlayer>false</IsOnlyDamagedByPlayer>
			<PositionRotation>
				<X>1715.44275</X>
				<Y>3251.79956</Y>
				<Z>40.6571274</Z>
				<Pitch>-0.847969413</Pitch>
				<Roll>-30.0439072</Roll>
				<Yaw>-166.334747</Yaw>
			</PositionRotation>
			<Attachment isAttached="true">
				<AttachedTo>724738</AttachedTo>
				<BoneIndex>49</BoneIndex>
				<X>-0.329999954</X>
				<Y>0</Y>
				<Z>0</Z>
				<Pitch>5.96046448e-08</Pitch>
				<Roll>7.99999952</Roll>
				<Yaw>89.9999924</Yaw>
			</Attachment>
		</Attachment>
		<Attachment>
			<ModelHash>0x893ba3a0</ModelHash>
			<Type>3</Type>
			<Dynamic>false</Dynamic>
			<FrozenPos>true</FrozenPos>
			<HashName>prop_rub_tyre_03</HashName>
			<InitialHandle>697352</InitialHandle>
			<ObjectProperties>
				<TextureVariation>0</TextureVariation>
			</ObjectProperties>
			<OpacityLevel>255</OpacityLevel>
			<LodDistance>16960</LodDistance>
			<IsVisible>true</IsVisible>
			<MaxHealth>1000</MaxHealth>
			<Health>1000</Health>
			<HasGravity>true</HasGravity>
			<IsOnFire>false</IsOnFire>
			<IsInvincible>false</IsInvincible>
			<IsBulletProof>false</IsBulletProof>
			<IsCollisionProof>false</IsCollisionProof>
			<IsExplosionProof>false</IsExplosionProof>
			<IsFireProof>false</IsFireProof>
			<IsMeleeProof>false</IsMeleeProof>
			<IsOnlyDamagedByPlayer>false</IsOnlyDamagedByPlayer>
			<PositionRotation>
				<X>1710.92505</X>
				<Y>3253.63989</Y>
				<Z>40.5986938</Z>
				<Pitch>-1.01811314</Pitch>
				<Roll>80.8294144</Roll>
				<Yaw>13.6407976</Yaw>
			</PositionRotation>
			<Attachment isAttached="true">
				<AttachedTo>724738</AttachedTo>
				<BoneIndex>47</BoneIndex>
				<X>-0.329999954</X>
				<Y>0</Y>
				<Z>0</Z>
				<Pitch>5.96046448e-08</Pitch>
				<Roll>7.99999952</Roll>
				<Yaw>89.9999924</Yaw>
			</Attachment>
		</Attachment>
		<Attachment>
			<ModelHash>0x893ba3a0</ModelHash>
			<Type>3</Type>
			<Dynamic>false</Dynamic>
			<FrozenPos>true</FrozenPos>
			<HashName>prop_rub_tyre_03</HashName>
			<InitialHandle>97801</InitialHandle>
			<ObjectProperties>
				<TextureVariation>0</TextureVariation>
			</ObjectProperties>
			<OpacityLevel>255</OpacityLevel>
			<LodDistance>16960</LodDistance>
			<IsVisible>true</IsVisible>
			<MaxHealth>1000</MaxHealth>
			<Health>1000</Health>
			<HasGravity>true</HasGravity>
			<IsOnFire>false</IsOnFire>
			<IsInvincible>false</IsInvincible>
			<IsBulletProof>false</IsBulletProof>
			<IsCollisionProof>false</IsCollisionProof>
			<IsExplosionProof>false</IsExplosionProof>
			<IsFireProof>false</IsFireProof>
			<IsMeleeProof>false</IsMeleeProof>
			<IsOnlyDamagedByPlayer>false</IsOnlyDamagedByPlayer>
			<PositionRotation>
				<X>1714.76904</X>
				<Y>3254.57349</Y>
				<Z>40.6480598</Z>
				<Pitch>-1.2118479</Pitch>
				<Roll>-57.8955231</Roll>
				<Yaw>13.6382551</Yaw>
			</PositionRotation>
			<Attachment isAttached="true">
				<AttachedTo>724738</AttachedTo>
				<BoneIndex>48</BoneIndex>
				<X>-0.329999954</X>
				<Y>0</Y>
				<Z>0</Z>
				<Pitch>5.96046448e-08</Pitch>
				<Roll>7.99999952</Roll>
				<Yaw>89.9999924</Yaw>
			</Attachment>
		</Attachment>
		<Attachment>
			<ModelHash>0x233dfd6a</ModelHash>
			<Type>3</Type>
			<Dynamic>false</Dynamic>
			<FrozenPos>true</FrozenPos>
			<HashName>prop_rub_carwreck_2</HashName>
			<InitialHandle>90381</InitialHandle>
			<ObjectProperties>
				<TextureVariation>0</TextureVariation>
			</ObjectProperties>
			<OpacityLevel>255</OpacityLevel>
			<LodDistance>16960</LodDistance>
			<IsVisible>true</IsVisible>
			<MaxHealth>1000</MaxHealth>
			<Health>1000</Health>
			<HasGravity>true</HasGravity>
			<IsOnFire>false</IsOnFire>
			<IsInvincible>false</IsInvincible>
			<IsBulletProof>false</IsBulletProof>
			<IsCollisionProof>false</IsCollisionProof>
			<IsExplosionProof>false</IsExplosionProof>
			<IsFireProof>false</IsFireProof>
			<IsMeleeProof>false</IsMeleeProof>
			<IsOnlyDamagedByPlayer>false</IsOnlyDamagedByPlayer>
			<PositionRotation>
				<X>1712.79114</X>
				<Y>3252.62476</Y>
				<Z>41.1717415</Z>
				<Pitch>4.75060272</Pitch>
				<Roll>-0.059336219</Roll>
				<Yaw>-76.3416977</Yaw>
			</PositionRotation>
			<Attachment isAttached="true">
				<AttachedTo>724738</AttachedTo>
				<BoneIndex>0</BoneIndex>
				<X>0</X>
				<Y>0.399999976</Y>
				<Z>0.339999944</Z>
				<Pitch>3.99999976</Pitch>
				<Roll>0</Roll>
				<Yaw>-179.999985</Yaw>
			</Attachment>
		</Attachment>
		<Attachment>
			<ModelHash>0xde6251f1</ModelHash>
			<Type>3</Type>
			<Dynamic>false</Dynamic>
			<FrozenPos>true</FrozenPos>
			<HashName>prop_wheel_06</HashName>
			<InitialHandle>67856</InitialHandle>
			<ObjectProperties>
				<TextureVariation>0</TextureVariation>
			</ObjectProperties>
			<OpacityLevel>255</OpacityLevel>
			<LodDistance>16960</LodDistance>
			<IsVisible>true</IsVisible>
			<MaxHealth>1000</MaxHealth>
			<Health>1000</Health>
			<HasGravity>true</HasGravity>
			<IsOnFire>false</IsOnFire>
			<IsInvincible>false</IsInvincible>
			<IsBulletProof>false</IsBulletProof>
			<IsCollisionProof>false</IsCollisionProof>
			<IsExplosionProof>false</IsExplosionProof>
			<IsFireProof>false</IsFireProof>
			<IsMeleeProof>false</IsMeleeProof>
			<IsOnlyDamagedByPlayer>false</IsOnlyDamagedByPlayer>
			<PositionRotation>
				<X>1714.77612</X>
				<Y>3254.54443</Y>
				<Z>40.6486969</Z>
				<Pitch>1.2118696</Pitch>
				<Roll>65.8955154</Roll>
				<Yaw>-166.361725</Yaw>
			</PositionRotation>
			<Attachment isAttached="true">
				<AttachedTo>724738</AttachedTo>
				<BoneIndex>48</BoneIndex>
				<X>-0.299999982</X>
				<Y>0</Y>
				<Z>0</Z>
				<Pitch>0</Pitch>
				<Roll>0</Roll>
				<Yaw>-89.9999924</Yaw>
			</Attachment>
		</Attachment>
		<Attachment>
			<ModelHash>0xde6251f1</ModelHash>
			<Type>3</Type>
			<Dynamic>false</Dynamic>
			<FrozenPos>true</FrozenPos>
			<HashName>prop_wheel_06</HashName>
			<InitialHandle>198161</InitialHandle>
			<ObjectProperties>
				<TextureVariation>0</TextureVariation>
			</ObjectProperties>
			<OpacityLevel>255</OpacityLevel>
			<LodDistance>16960</LodDistance>
			<IsVisible>true</IsVisible>
			<MaxHealth>1000</MaxHealth>
			<Health>1000</Health>
			<HasGravity>true</HasGravity>
			<IsOnFire>false</IsOnFire>
			<IsInvincible>false</IsInvincible>
			<IsBulletProof>false</IsBulletProof>
			<IsCollisionProof>false</IsCollisionProof>
			<IsExplosionProof>false</IsExplosionProof>
			<IsFireProof>false</IsFireProof>
			<IsMeleeProof>false</IsMeleeProof>
			<IsOnlyDamagedByPlayer>false</IsOnlyDamagedByPlayer>
			<PositionRotation>
				<X>1714.8468</X>
				<Y>3254.25293</Y>
				<Z>40.6550407</Z>
				<Pitch>1.2118696</Pitch>
				<Roll>65.8955154</Roll>
				<Yaw>-166.361725</Yaw>
			</PositionRotation>
			<Attachment isAttached="true">
				<AttachedTo>724738</AttachedTo>
				<BoneIndex>48</BoneIndex>
				<X>0</X>
				<Y>0</Y>
				<Z>0</Z>
				<Pitch>0</Pitch>
				<Roll>0</Roll>
				<Yaw>-89.9999924</Yaw>
			</Attachment>
		</Attachment>
		<Attachment>
			<ModelHash>0xde6251f1</ModelHash>
			<Type>3</Type>
			<Dynamic>false</Dynamic>
			<FrozenPos>true</FrozenPos>
			<HashName>prop_wheel_06</HashName>
			<InitialHandle>545551</InitialHandle>
			<ObjectProperties>
				<TextureVariation>0</TextureVariation>
			</ObjectProperties>
			<OpacityLevel>255</OpacityLevel>
			<LodDistance>16960</LodDistance>
			<IsVisible>true</IsVisible>
			<MaxHealth>1000</MaxHealth>
			<Health>1000</Health>
			<HasGravity>true</HasGravity>
			<IsOnFire>false</IsOnFire>
			<IsInvincible>false</IsInvincible>
			<IsBulletProof>false</IsBulletProof>
			<IsCollisionProof>false</IsCollisionProof>
			<IsExplosionProof>false</IsExplosionProof>
			<IsFireProof>false</IsFireProof>
			<IsMeleeProof>false</IsMeleeProof>
			<IsOnlyDamagedByPlayer>false</IsOnlyDamagedByPlayer>
			<PositionRotation>
				<X>1711.00281</X>
				<Y>3253.31934</Y>
				<Z>40.604557</Z>
				<Pitch>1.01809156</Pitch>
				<Roll>-72.829422</Roll>
				<Yaw>-166.359192</Yaw>
			</PositionRotation>
			<Attachment isAttached="true">
				<AttachedTo>724738</AttachedTo>
				<BoneIndex>47</BoneIndex>
				<X>0</X>
				<Y>0</Y>
				<Z>0</Z>
				<Pitch>0</Pitch>
				<Roll>0</Roll>
				<Yaw>-89.9999924</Yaw>
			</Attachment>
		</Attachment>
		<Attachment>
			<ModelHash>0xde6251f1</ModelHash>
			<Type>3</Type>
			<Dynamic>false</Dynamic>
			<FrozenPos>true</FrozenPos>
			<HashName>prop_wheel_06</HashName>
			<InitialHandle>618001</InitialHandle>
			<ObjectProperties>
				<TextureVariation>0</TextureVariation>
			</ObjectProperties>
			<OpacityLevel>255</OpacityLevel>
			<LodDistance>16960</LodDistance>
			<IsVisible>true</IsVisible>
			<MaxHealth>1000</MaxHealth>
			<Health>1000</Health>
			<HasGravity>true</HasGravity>
			<IsOnFire>false</IsOnFire>
			<IsInvincible>false</IsInvincible>
			<IsBulletProof>false</IsBulletProof>
			<IsCollisionProof>false</IsCollisionProof>
			<IsExplosionProof>false</IsExplosionProof>
			<IsFireProof>false</IsFireProof>
			<IsMeleeProof>false</IsMeleeProof>
			<IsOnlyDamagedByPlayer>false</IsOnlyDamagedByPlayer>
			<PositionRotation>
				<X>1710.93213</X>
				<Y>3253.61084</Y>
				<Z>40.5992279</Z>
				<Pitch>1.01809156</Pitch>
				<Roll>-72.829422</Roll>
				<Yaw>-166.359192</Yaw>
			</PositionRotation>
			<Attachment isAttached="true">
				<AttachedTo>724738</AttachedTo>
				<BoneIndex>47</BoneIndex>
				<X>-0.299999982</X>
				<Y>0</Y>
				<Z>0</Z>
				<Pitch>0</Pitch>
				<Roll>0</Roll>
				<Yaw>-89.9999924</Yaw>
			</Attachment>
		</Attachment>
		<Attachment>
			<ModelHash>0xde6251f1</ModelHash>
			<Type>3</Type>
			<Dynamic>false</Dynamic>
			<FrozenPos>true</FrozenPos>
			<HashName>prop_wheel_06</HashName>
			<InitialHandle>377617</InitialHandle>
			<ObjectProperties>
				<TextureVariation>0</TextureVariation>
			</ObjectProperties>
			<OpacityLevel>255</OpacityLevel>
			<LodDistance>16960</LodDistance>
			<IsVisible>true</IsVisible>
			<MaxHealth>1000</MaxHealth>
			<Health>1000</Health>
			<HasGravity>true</HasGravity>
			<IsOnFire>false</IsOnFire>
			<IsInvincible>false</IsInvincible>
			<IsBulletProof>false</IsBulletProof>
			<IsCollisionProof>false</IsCollisionProof>
			<IsExplosionProof>false</IsExplosionProof>
			<IsFireProof>false</IsFireProof>
			<IsMeleeProof>false</IsMeleeProof>
			<IsOnlyDamagedByPlayer>false</IsOnlyDamagedByPlayer>
			<PositionRotation>
				<X>1715.43567</X>
				<Y>3251.82861</Y>
				<Z>40.6575699</Z>
				<Pitch>0.847983956</Pitch>
				<Roll>38.0439072</Roll>
				<Yaw>13.6652565</Yaw>
			</PositionRotation>
			<Attachment isAttached="true">
				<AttachedTo>724738</AttachedTo>
				<BoneIndex>49</BoneIndex>
				<X>-0.299999982</X>
				<Y>0</Y>
				<Z>0</Z>
				<Pitch>0</Pitch>
				<Roll>0</Roll>
				<Yaw>-89.9999924</Yaw>
			</Attachment>
		</Attachment>
		<Attachment>
			<ModelHash>0xde6251f1</ModelHash>
			<Type>3</Type>
			<Dynamic>false</Dynamic>
			<FrozenPos>true</FrozenPos>
			<HashName>prop_wheel_06</HashName>
			<InitialHandle>256018</InitialHandle>
			<ObjectProperties>
				<TextureVariation>0</TextureVariation>
			</ObjectProperties>
			<OpacityLevel>255</OpacityLevel>
			<LodDistance>16960</LodDistance>
			<IsVisible>true</IsVisible>
			<MaxHealth>1000</MaxHealth>
			<Health>1000</Health>
			<HasGravity>true</HasGravity>
			<IsOnFire>false</IsOnFire>
			<IsInvincible>false</IsInvincible>
			<IsBulletProof>false</IsBulletProof>
			<IsCollisionProof>false</IsCollisionProof>
			<IsExplosionProof>false</IsExplosionProof>
			<IsFireProof>false</IsFireProof>
			<IsMeleeProof>false</IsMeleeProof>
			<IsOnlyDamagedByPlayer>false</IsOnlyDamagedByPlayer>
			<PositionRotation>
				<X>1715.36475</X>
				<Y>3252.12012</Y>
				<Z>40.6620102</Z>
				<Pitch>0.847983956</Pitch>
				<Roll>38.0439072</Roll>
				<Yaw>13.6652565</Yaw>
			</PositionRotation>
			<Attachment isAttached="true">
				<AttachedTo>724738</AttachedTo>
				<BoneIndex>49</BoneIndex>
				<X>0</X>
				<Y>0</Y>
				<Z>0</Z>
				<Pitch>0</Pitch>
				<Roll>0</Roll>
				<Yaw>-89.9999924</Yaw>
			</Attachment>
		</Attachment>
		<Attachment>
			<ModelHash>0xde6251f1</ModelHash>
			<Type>3</Type>
			<Dynamic>false</Dynamic>
			<FrozenPos>true</FrozenPos>
			<HashName>prop_wheel_06</HashName>
			<InitialHandle>423186</InitialHandle>
			<ObjectProperties>
				<TextureVariation>0</TextureVariation>
			</ObjectProperties>
			<OpacityLevel>255</OpacityLevel>
			<LodDistance>16960</LodDistance>
			<IsVisible>true</IsVisible>
			<MaxHealth>1000</MaxHealth>
			<Health>1000</Health>
			<HasGravity>true</HasGravity>
			<IsOnFire>false</IsOnFire>
			<IsInvincible>false</IsInvincible>
			<IsBulletProof>false</IsBulletProof>
			<IsCollisionProof>false</IsCollisionProof>
			<IsExplosionProof>false</IsExplosionProof>
			<IsFireProof>false</IsFireProof>
			<IsMeleeProof>false</IsMeleeProof>
			<IsOnlyDamagedByPlayer>false</IsOnlyDamagedByPlayer>
			<PositionRotation>
				<X>1711.52087</X>
				<Y>3251.18628</Y>
				<Z>40.6041031</Z>
				<Pitch>1.04172564</Pitch>
				<Roll>-143.109497</Roll>
				<Yaw>13.6677752</Yaw>
			</PositionRotation>
			<Attachment isAttached="true">
				<AttachedTo>724738</AttachedTo>
				<BoneIndex>50</BoneIndex>
				<X>0</X>
				<Y>0</Y>
				<Z>0</Z>
				<Pitch>0</Pitch>
				<Roll>0</Roll>
				<Yaw>-89.9999924</Yaw>
			</Attachment>
		</Attachment>
		<Attachment>
			<ModelHash>0xde6251f1</ModelHash>
			<Type>3</Type>
			<Dynamic>false</Dynamic>
			<FrozenPos>true</FrozenPos>
			<HashName>prop_wheel_06</HashName>
			<InitialHandle>605970</InitialHandle>
			<ObjectProperties>
				<TextureVariation>0</TextureVariation>
			</ObjectProperties>
			<OpacityLevel>255</OpacityLevel>
			<LodDistance>16960</LodDistance>
			<IsVisible>true</IsVisible>
			<MaxHealth>1000</MaxHealth>
			<Health>1000</Health>
			<HasGravity>true</HasGravity>
			<IsOnFire>false</IsOnFire>
			<IsInvincible>false</IsInvincible>
			<IsBulletProof>false</IsBulletProof>
			<IsCollisionProof>false</IsCollisionProof>
			<IsExplosionProof>false</IsExplosionProof>
			<IsFireProof>false</IsFireProof>
			<IsMeleeProof>false</IsMeleeProof>
			<IsOnlyDamagedByPlayer>false</IsOnlyDamagedByPlayer>
			<PositionRotation>
				<X>1711.5918</X>
				<Y>3250.89478</Y>
				<Z>40.5986481</Z>
				<Pitch>1.04172564</Pitch>
				<Roll>-143.109497</Roll>
				<Yaw>13.6677752</Yaw>
			</PositionRotation>
			<Attachment isAttached="true">
				<AttachedTo>724738</AttachedTo>
				<BoneIndex>50</BoneIndex>
				<X>-0.299999982</X>
				<Y>0</Y>
				<Z>0</Z>
				<Pitch>0</Pitch>
				<Roll>0</Roll>
				<Yaw>-89.9999924</Yaw>
			</Attachment>
		</Attachment>
		<Attachment>
			<ModelHash>0x710841e5</ModelHash>
			<Type>3</Type>
			<Dynamic>false</Dynamic>
			<FrozenPos>true</FrozenPos>
			<HashName>prop_scaffold_pole</HashName>
			<InitialHandle>641043</InitialHandle>
			<ObjectProperties>
				<TextureVariation>0</TextureVariation>
			</ObjectProperties>
			<OpacityLevel>255</OpacityLevel>
			<LodDistance>16960</LodDistance>
			<IsVisible>true</IsVisible>
			<MaxHealth>1000</MaxHealth>
			<Health>1000</Health>
			<HasGravity>true</HasGravity>
			<IsOnFire>false</IsOnFire>
			<IsInvincible>false</IsInvincible>
			<IsBulletProof>false</IsBulletProof>
			<IsCollisionProof>false</IsCollisionProof>
			<IsExplosionProof>false</IsExplosionProof>
			<IsFireProof>false</IsFireProof>
			<IsMeleeProof>false</IsMeleeProof>
			<IsOnlyDamagedByPlayer>false</IsOnlyDamagedByPlayer>
			<PositionRotation>
				<X>1711.58594</X>
				<Y>3251.37354</Y>
				<Z>40.7985916</Z>
				<Pitch>29.2439594</Pitch>
				<Roll>18.806076</Roll>
				<Yaw>104.251122</Yaw>
			</PositionRotation>
			<Attachment isAttached="true">
				<AttachedTo>724738</AttachedTo>
				<BoneIndex>29</BoneIndex>
				<X>0.170000002</X>
				<Y>-0.109999999</Y>
				<Z>0.189999968</Z>
				<Pitch>29.9999962</Pitch>
				<Roll>19.9999981</Roll>
				<Yaw>0</Yaw>
			</Attachment>
		</Attachment>
		<Attachment>
			<ModelHash>0x710841e5</ModelHash>
			<Type>3</Type>
			<Dynamic>false</Dynamic>
			<FrozenPos>true</FrozenPos>
			<HashName>prop_scaffold_pole</HashName>
			<InitialHandle>446486</InitialHandle>
			<ObjectProperties>
				<TextureVariation>0</TextureVariation>
			</ObjectProperties>
			<OpacityLevel>255</OpacityLevel>
			<LodDistance>16960</LodDistance>
			<IsVisible>true</IsVisible>
			<MaxHealth>1000</MaxHealth>
			<Health>1000</Health>
			<HasGravity>true</HasGravity>
			<IsOnFire>false</IsOnFire>
			<IsInvincible>false</IsInvincible>
			<IsBulletProof>false</IsBulletProof>
			<IsCollisionProof>false</IsCollisionProof>
			<IsExplosionProof>false</IsExplosionProof>
			<IsFireProof>false</IsFireProof>
			<IsMeleeProof>false</IsMeleeProof>
			<IsOnlyDamagedByPlayer>false</IsOnlyDamagedByPlayer>
			<PositionRotation>
				<X>1711.58569</X>
				<Y>3251.37256</Y>
				<Z>40.8385811</Z>
				<Pitch>29.2439594</Pitch>
				<Roll>18.806076</Roll>
				<Yaw>104.251122</Yaw>
			</PositionRotation>
			<Attachment isAttached="true">
				<AttachedTo>724738</AttachedTo>
				<BoneIndex>29</BoneIndex>
				<X>0.170000002</X>
				<Y>-0.109999999</Y>
				<Z>0.229999989</Z>
				<Pitch>29.9999962</Pitch>
				<Roll>19.9999981</Roll>
				<Yaw>0</Yaw>
			</Attachment>
		</Attachment>
		<Attachment>
			<ModelHash>0x710841e5</ModelHash>
			<Type>3</Type>
			<Dynamic>false</Dynamic>
			<FrozenPos>true</FrozenPos>
			<HashName>prop_scaffold_pole</HashName>
			<InitialHandle>613142</InitialHandle>
			<ObjectProperties>
				<TextureVariation>0</TextureVariation>
			</ObjectProperties>
			<OpacityLevel>255</OpacityLevel>
			<LodDistance>16960</LodDistance>
			<IsVisible>true</IsVisible>
			<MaxHealth>1000</MaxHealth>
			<Health>1000</Health>
			<HasGravity>true</HasGravity>
			<IsOnFire>false</IsOnFire>
			<IsInvincible>false</IsInvincible>
			<IsBulletProof>false</IsBulletProof>
			<IsCollisionProof>false</IsCollisionProof>
			<IsExplosionProof>false</IsExplosionProof>
			<IsFireProof>false</IsFireProof>
			<IsMeleeProof>false</IsMeleeProof>
			<IsOnlyDamagedByPlayer>false</IsOnlyDamagedByPlayer>
			<PositionRotation>
				<X>1711.59595</X>
				<Y>3251.37646</Y>
				<Z>40.7687302</Z>
				<Pitch>29.2439594</Pitch>
				<Roll>18.806076</Roll>
				<Yaw>104.251122</Yaw>
			</PositionRotation>
			<Attachment isAttached="true">
				<AttachedTo>724738</AttachedTo>
				<BoneIndex>29</BoneIndex>
				<X>0.170000002</X>
				<Y>-0.119999997</Y>
				<Z>0.159999952</Z>
				<Pitch>29.9999962</Pitch>
				<Roll>19.9999981</Roll>
				<Yaw>0</Yaw>
			</Attachment>
		</Attachment>
		<Attachment>
			<ModelHash>0x710841e5</ModelHash>
			<Type>3</Type>
			<Dynamic>false</Dynamic>
			<FrozenPos>true</FrozenPos>
			<HashName>prop_scaffold_pole</HashName>
			<InitialHandle>596247</InitialHandle>
			<ObjectProperties>
				<TextureVariation>0</TextureVariation>
			</ObjectProperties>
			<OpacityLevel>255</OpacityLevel>
			<LodDistance>16960</LodDistance>
			<IsVisible>true</IsVisible>
			<MaxHealth>1000</MaxHealth>
			<Health>1000</Health>
			<HasGravity>true</HasGravity>
			<IsOnFire>false</IsOnFire>
			<IsInvincible>false</IsInvincible>
			<IsBulletProof>false</IsBulletProof>
			<IsCollisionProof>false</IsCollisionProof>
			<IsExplosionProof>false</IsExplosionProof>
			<IsFireProof>false</IsFireProof>
			<IsMeleeProof>false</IsMeleeProof>
			<IsOnlyDamagedByPlayer>false</IsOnlyDamagedByPlayer>
			<PositionRotation>
				<X>1715.17712</X>
				<Y>3252.24658</Y>
				<Z>40.8525238</Z>
				<Pitch>-40.7452774</Pitch>
				<Roll>18.8807068</Roll>
				<Yaw>102.934631</Yaw>
			</PositionRotation>
			<Attachment isAttached="true">
				<AttachedTo>724738</AttachedTo>
				<BoneIndex>27</BoneIndex>
				<X>0.169999987</X>
				<Y>0.149999961</Y>
				<Z>0.189999968</Z>
				<Pitch>-40</Pitch>
				<Roll>19.9999981</Roll>
				<Yaw>0</Yaw>
			</Attachment>
		</Attachment>
		<Attachment>
			<ModelHash>0x710841e5</ModelHash>
			<Type>3</Type>
			<Dynamic>false</Dynamic>
			<FrozenPos>true</FrozenPos>
			<HashName>prop_scaffold_pole</HashName>
			<InitialHandle>343832</InitialHandle>
			<ObjectProperties>
				<TextureVariation>0</TextureVariation>
			</ObjectProperties>
			<OpacityLevel>255</OpacityLevel>
			<LodDistance>16960</LodDistance>
			<IsVisible>true</IsVisible>
			<MaxHealth>1000</MaxHealth>
			<Health>1000</Health>
			<HasGravity>true</HasGravity>
			<IsOnFire>false</IsOnFire>
			<IsInvincible>false</IsInvincible>
			<IsBulletProof>false</IsBulletProof>
			<IsCollisionProof>false</IsCollisionProof>
			<IsExplosionProof>false</IsExplosionProof>
			<IsFireProof>false</IsFireProof>
			<IsMeleeProof>false</IsMeleeProof>
			<IsOnlyDamagedByPlayer>false</IsOnlyDamagedByPlayer>
			<PositionRotation>
				<X>1715.17737</X>
				<Y>3252.24707</Y>
				<Z>40.8225288</Z>
				<Pitch>-40.7452774</Pitch>
				<Roll>18.8807068</Roll>
				<Yaw>102.934631</Yaw>
			</PositionRotation>
			<Attachment isAttached="true">
				<AttachedTo>724738</AttachedTo>
				<BoneIndex>27</BoneIndex>
				<X>0.169999987</X>
				<Y>0.149999961</Y>
				<Z>0.159999952</Z>
				<Pitch>-40</Pitch>
				<Roll>19.9999981</Roll>
				<Yaw>0</Yaw>
			</Attachment>
		</Attachment>
		<Attachment>
			<ModelHash>0x710841e5</ModelHash>
			<Type>3</Type>
			<Dynamic>false</Dynamic>
			<FrozenPos>true</FrozenPos>
			<HashName>prop_scaffold_pole</HashName>
			<InitialHandle>215321</InitialHandle>
			<ObjectProperties>
				<TextureVariation>0</TextureVariation>
			</ObjectProperties>
			<OpacityLevel>255</OpacityLevel>
			<LodDistance>16960</LodDistance>
			<IsVisible>true</IsVisible>
			<MaxHealth>1000</MaxHealth>
			<Health>1000</Health>
			<HasGravity>true</HasGravity>
			<IsOnFire>false</IsOnFire>
			<IsInvincible>false</IsInvincible>
			<IsBulletProof>false</IsBulletProof>
			<IsCollisionProof>false</IsCollisionProof>
			<IsExplosionProof>false</IsExplosionProof>
			<IsFireProof>false</IsFireProof>
			<IsMeleeProof>false</IsMeleeProof>
			<IsOnlyDamagedByPlayer>false</IsOnlyDamagedByPlayer>
			<PositionRotation>
				<X>1715.17676</X>
				<Y>3252.24585</Y>
				<Z>40.8925171</Z>
				<Pitch>-40.7452774</Pitch>
				<Roll>18.8807068</Roll>
				<Yaw>102.934631</Yaw>
			</PositionRotation>
			<Attachment isAttached="true">
				<AttachedTo>724738</AttachedTo>
				<BoneIndex>27</BoneIndex>
				<X>0.169999987</X>
				<Y>0.149999961</Y>
				<Z>0.229999989</Z>
				<Pitch>-40</Pitch>
				<Roll>19.9999981</Roll>
				<Yaw>0</Yaw>
			</Attachment>
		</Attachment>
		<Attachment>
			<ModelHash>0x710841e5</ModelHash>
			<Type>3</Type>
			<Dynamic>false</Dynamic>
			<FrozenPos>true</FrozenPos>
			<HashName>prop_scaffold_pole</HashName>
			<InitialHandle>409113</InitialHandle>
			<ObjectProperties>
				<TextureVariation>0</TextureVariation>
			</ObjectProperties>
			<OpacityLevel>255</OpacityLevel>
			<LodDistance>16960</LodDistance>
			<IsVisible>true</IsVisible>
			<MaxHealth>1000</MaxHealth>
			<Health>1000</Health>
			<HasGravity>true</HasGravity>
			<IsOnFire>false</IsOnFire>
			<IsInvincible>false</IsInvincible>
			<IsBulletProof>false</IsBulletProof>
			<IsCollisionProof>false</IsCollisionProof>
			<IsExplosionProof>false</IsExplosionProof>
			<IsFireProof>false</IsFireProof>
			<IsMeleeProof>false</IsMeleeProof>
			<IsOnlyDamagedByPlayer>false</IsOnlyDamagedByPlayer>
			<PositionRotation>
				<X>1714.74768</X>
				<Y>3254.05786</Y>
				<Z>40.8367462</Z>
				<Pitch>-40.7397232</Pitch>
				<Roll>-18.4004841</Roll>
				<Yaw>104.682297</Yaw>
			</PositionRotation>
			<Attachment isAttached="true">
				<AttachedTo>724738</AttachedTo>
				<BoneIndex>26</BoneIndex>
				<X>-0.170000017</X>
				<Y>0.139999956</Y>
				<Z>0.179999962</Z>
				<Pitch>-40</Pitch>
				<Roll>-19.9999981</Roll>
				<Yaw>0</Yaw>
			</Attachment>
		</Attachment>
		<Attachment>
			<ModelHash>0x710841e5</ModelHash>
			<Type>3</Type>
			<Dynamic>false</Dynamic>
			<FrozenPos>true</FrozenPos>
			<HashName>prop_scaffold_pole</HashName>
			<InitialHandle>525082</InitialHandle>
			<ObjectProperties>
				<TextureVariation>0</TextureVariation>
			</ObjectProperties>
			<OpacityLevel>255</OpacityLevel>
			<LodDistance>16960</LodDistance>
			<IsVisible>true</IsVisible>
			<MaxHealth>1000</MaxHealth>
			<Health>1000</Health>
			<HasGravity>true</HasGravity>
			<IsOnFire>false</IsOnFire>
			<IsInvincible>false</IsInvincible>
			<IsBulletProof>false</IsBulletProof>
			<IsCollisionProof>false</IsCollisionProof>
			<IsExplosionProof>false</IsExplosionProof>
			<IsFireProof>false</IsFireProof>
			<IsMeleeProof>false</IsMeleeProof>
			<IsOnlyDamagedByPlayer>false</IsOnlyDamagedByPlayer>
			<PositionRotation>
				<X>1714.74695</X>
				<Y>3254.05859</Y>
				<Z>40.8767357</Z>
				<Pitch>-40.7397232</Pitch>
				<Roll>-18.4004841</Roll>
				<Yaw>104.682297</Yaw>
			</PositionRotation>
			<Attachment isAttached="true">
				<AttachedTo>724738</AttachedTo>
				<BoneIndex>26</BoneIndex>
				<X>-0.170000017</X>
				<Y>0.139999956</Y>
				<Z>0.219999984</Z>
				<Pitch>-40</Pitch>
				<Roll>-19.9999981</Roll>
				<Yaw>0</Yaw>
			</Attachment>
		</Attachment>
		<Attachment>
			<ModelHash>0x710841e5</ModelHash>
			<Type>3</Type>
			<Dynamic>false</Dynamic>
			<FrozenPos>true</FrozenPos>
			<HashName>prop_scaffold_pole</HashName>
			<InitialHandle>626458</InitialHandle>
			<ObjectProperties>
				<TextureVariation>0</TextureVariation>
			</ObjectProperties>
			<OpacityLevel>255</OpacityLevel>
			<LodDistance>16960</LodDistance>
			<IsVisible>true</IsVisible>
			<MaxHealth>1000</MaxHealth>
			<Health>1000</Health>
			<HasGravity>true</HasGravity>
			<IsOnFire>false</IsOnFire>
			<IsInvincible>false</IsInvincible>
			<IsBulletProof>false</IsBulletProof>
			<IsCollisionProof>false</IsCollisionProof>
			<IsExplosionProof>false</IsExplosionProof>
			<IsFireProof>false</IsFireProof>
			<IsMeleeProof>false</IsMeleeProof>
			<IsOnlyDamagedByPlayer>false</IsOnlyDamagedByPlayer>
			<PositionRotation>
				<X>1714.74817</X>
				<Y>3254.05737</Y>
				<Z>40.8067551</Z>
				<Pitch>-40.7397232</Pitch>
				<Roll>-18.4004841</Roll>
				<Yaw>104.682297</Yaw>
			</PositionRotation>
			<Attachment isAttached="true">
				<AttachedTo>724738</AttachedTo>
				<BoneIndex>26</BoneIndex>
				<X>-0.170000017</X>
				<Y>0.139999956</Y>
				<Z>0.149999946</Z>
				<Pitch>-40</Pitch>
				<Roll>-19.9999981</Roll>
				<Yaw>0</Yaw>
			</Attachment>
		</Attachment>
		<Attachment>
			<ModelHash>0x710841e5</ModelHash>
			<Type>3</Type>
			<Dynamic>false</Dynamic>
			<FrozenPos>true</FrozenPos>
			<HashName>prop_scaffold_pole</HashName>
			<InitialHandle>217883</InitialHandle>
			<ObjectProperties>
				<TextureVariation>0</TextureVariation>
			</ObjectProperties>
			<OpacityLevel>255</OpacityLevel>
			<LodDistance>16960</LodDistance>
			<IsVisible>true</IsVisible>
			<MaxHealth>1000</MaxHealth>
			<Health>1000</Health>
			<HasGravity>true</HasGravity>
			<IsOnFire>false</IsOnFire>
			<IsInvincible>false</IsInvincible>
			<IsBulletProof>false</IsBulletProof>
			<IsCollisionProof>false</IsCollisionProof>
			<IsExplosionProof>false</IsExplosionProof>
			<IsFireProof>false</IsFireProof>
			<IsMeleeProof>false</IsMeleeProof>
			<IsOnlyDamagedByPlayer>false</IsOnlyDamagedByPlayer>
			<PositionRotation>
				<X>1711.15576</X>
				<Y>3253.18555</Y>
				<Z>40.8291016</Z>
				<Pitch>29.2442055</Pitch>
				<Roll>-18.8331623</Roll>
				<Yaw>103.070694</Yaw>
			</PositionRotation>
			<Attachment isAttached="true">
				<AttachedTo>724738</AttachedTo>
				<BoneIndex>28</BoneIndex>
				<X>-0.170000017</X>
				<Y>-0.119999997</Y>
				<Z>0.219999984</Z>
				<Pitch>29.9999962</Pitch>
				<Roll>-19.9999962</Roll>
				<Yaw>0</Yaw>
			</Attachment>
		</Attachment>
		<Attachment>
			<ModelHash>0x710841e5</ModelHash>
			<Type>3</Type>
			<Dynamic>false</Dynamic>
			<FrozenPos>true</FrozenPos>
			<HashName>prop_scaffold_pole</HashName>
			<InitialHandle>85788</InitialHandle>
			<ObjectProperties>
				<TextureVariation>0</TextureVariation>
			</ObjectProperties>
			<OpacityLevel>255</OpacityLevel>
			<LodDistance>16960</LodDistance>
			<IsVisible>true</IsVisible>
			<MaxHealth>1000</MaxHealth>
			<Health>1000</Health>
			<HasGravity>true</HasGravity>
			<IsOnFire>false</IsOnFire>
			<IsInvincible>false</IsInvincible>
			<IsBulletProof>false</IsBulletProof>
			<IsCollisionProof>false</IsCollisionProof>
			<IsExplosionProof>false</IsExplosionProof>
			<IsFireProof>false</IsFireProof>
			<IsMeleeProof>false</IsMeleeProof>
			<IsOnlyDamagedByPlayer>false</IsOnlyDamagedByPlayer>
			<PositionRotation>
				<X>1711.15649</X>
				<Y>3253.18506</Y>
				<Z>40.7891083</Z>
				<Pitch>29.2442055</Pitch>
				<Roll>-18.8331623</Roll>
				<Yaw>103.070694</Yaw>
			</PositionRotation>
			<Attachment isAttached="true">
				<AttachedTo>724738</AttachedTo>
				<BoneIndex>28</BoneIndex>
				<X>-0.170000017</X>
				<Y>-0.119999997</Y>
				<Z>0.179999962</Z>
				<Pitch>29.9999962</Pitch>
				<Roll>-19.9999962</Roll>
				<Yaw>0</Yaw>
			</Attachment>
		</Attachment>
		<Attachment>
			<ModelHash>0x710841e5</ModelHash>
			<Type>3</Type>
			<Dynamic>false</Dynamic>
			<FrozenPos>true</FrozenPos>
			<HashName>prop_scaffold_pole</HashName>
			<InitialHandle>217372</InitialHandle>
			<ObjectProperties>
				<TextureVariation>0</TextureVariation>
			</ObjectProperties>
			<OpacityLevel>255</OpacityLevel>
			<LodDistance>16960</LodDistance>
			<IsVisible>true</IsVisible>
			<MaxHealth>1000</MaxHealth>
			<Health>1000</Health>
			<HasGravity>true</HasGravity>
			<IsOnFire>false</IsOnFire>
			<IsInvincible>false</IsInvincible>
			<IsBulletProof>false</IsBulletProof>
			<IsCollisionProof>false</IsCollisionProof>
			<IsExplosionProof>false</IsExplosionProof>
			<IsFireProof>false</IsFireProof>
			<IsMeleeProof>false</IsMeleeProof>
			<IsOnlyDamagedByPlayer>false</IsOnlyDamagedByPlayer>
			<PositionRotation>
				<X>1711.13586</X>
				<Y>3253.1814</Y>
				<Z>40.8588295</Z>
				<Pitch>29.2442055</Pitch>
				<Roll>-18.8331623</Roll>
				<Yaw>103.070694</Yaw>
			</PositionRotation>
			<Attachment isAttached="true">
				<AttachedTo>724738</AttachedTo>
				<BoneIndex>28</BoneIndex>
				<X>-0.170000017</X>
				<Y>-0.100000001</Y>
				<Z>0.249999985</Z>
				<Pitch>29.9999962</Pitch>
				<Roll>-19.9999962</Roll>
				<Yaw>0</Yaw>
			</Attachment>
		</Attachment>
		<Attachment>
			<ModelHash>0x944d0adf</ModelHash>
			<Type>3</Type>
			<Dynamic>false</Dynamic>
			<FrozenPos>true</FrozenPos>
			<HashName>prop_ld_armour</HashName>
			<InitialHandle>340509</InitialHandle>
			<ObjectProperties>
				<TextureVariation>0</TextureVariation>
			</ObjectProperties>
			<OpacityLevel>255</OpacityLevel>
			<LodDistance>16960</LodDistance>
			<IsVisible>true</IsVisible>
			<MaxHealth>1000</MaxHealth>
			<Health>1000</Health>
			<HasGravity>true</HasGravity>
			<IsOnFire>false</IsOnFire>
			<IsInvincible>false</IsInvincible>
			<IsBulletProof>false</IsBulletProof>
			<IsCollisionProof>false</IsCollisionProof>
			<IsExplosionProof>false</IsExplosionProof>
			<IsFireProof>false</IsFireProof>
			<IsMeleeProof>false</IsMeleeProof>
			<IsOnlyDamagedByPlayer>false</IsOnlyDamagedByPlayer>
			<PositionRotation>
				<X>1711.70691</X>
				<Y>3251.5603</Y>
				<Z>41.4448509</Z>
				<Pitch>-79.5640793</Pitch>
				<Roll>-4.42954063</Roll>
				<Yaw>9.5656004</Yaw>
			</PositionRotation>
			<Attachment isAttached="true">
				<AttachedTo>724738</AttachedTo>
				<BoneIndex>55</BoneIndex>
				<X>-0.778892279</X>
				<Y>1.70115316</Y>
				<Z>0.629378557</Z>
				<Pitch>-79.5317841</Pitch>
				<Roll>-0.282124519</Roll>
				<Yaw>-90.009491</Yaw>
			</Attachment>
		</Attachment>
		<Attachment>
			<ModelHash>0x944d0adf</ModelHash>
			<Type>3</Type>
			<Dynamic>false</Dynamic>
			<FrozenPos>true</FrozenPos>
			<HashName>prop_ld_armour</HashName>
			<InitialHandle>783901</InitialHandle>
			<ObjectProperties>
				<TextureVariation>0</TextureVariation>
			</ObjectProperties>
			<OpacityLevel>255</OpacityLevel>
			<LodDistance>16960</LodDistance>
			<IsVisible>true</IsVisible>
			<MaxHealth>1000</MaxHealth>
			<Health>1000</Health>
			<HasGravity>true</HasGravity>
			<IsOnFire>false</IsOnFire>
			<IsInvincible>false</IsInvincible>
			<IsBulletProof>false</IsBulletProof>
			<IsCollisionProof>false</IsCollisionProof>
			<IsExplosionProof>false</IsExplosionProof>
			<IsFireProof>false</IsFireProof>
			<IsMeleeProof>false</IsMeleeProof>
			<IsOnlyDamagedByPlayer>false</IsOnlyDamagedByPlayer>
			<PositionRotation>
				<X>1712.09558</X>
				<Y>3251.65454</Y>
				<Z>41.4500923</Z>
				<Pitch>-79.5640793</Pitch>
				<Roll>-4.42954063</Roll>
				<Yaw>9.5656004</Yaw>
			</PositionRotation>
			<Attachment isAttached="true">
				<AttachedTo>724738</AttachedTo>
				<BoneIndex>55</BoneIndex>
				<X>-0.778892279</X>
				<Y>1.30115306</Y>
				<Z>0.629378557</Z>
				<Pitch>-79.5317841</Pitch>
				<Roll>-0.282124519</Roll>
				<Yaw>-90.009491</Yaw>
			</Attachment>
		</Attachment>
		<Attachment>
			<ModelHash>0x944d0adf</ModelHash>
			<Type>3</Type>
			<Dynamic>false</Dynamic>
			<FrozenPos>true</FrozenPos>
			<HashName>prop_ld_armour</HashName>
			<InitialHandle>132638</InitialHandle>
			<ObjectProperties>
				<TextureVariation>0</TextureVariation>
			</ObjectProperties>
			<OpacityLevel>255</OpacityLevel>
			<LodDistance>16960</LodDistance>
			<IsVisible>true</IsVisible>
			<MaxHealth>1000</MaxHealth>
			<Health>1000</Health>
			<HasGravity>true</HasGravity>
			<IsOnFire>false</IsOnFire>
			<IsInvincible>false</IsInvincible>
			<IsBulletProof>false</IsBulletProof>
			<IsCollisionProof>false</IsCollisionProof>
			<IsExplosionProof>false</IsExplosionProof>
			<IsFireProof>false</IsFireProof>
			<IsMeleeProof>false</IsMeleeProof>
			<IsOnlyDamagedByPlayer>false</IsOnlyDamagedByPlayer>
			<PositionRotation>
				<X>1711.64441</X>
				<Y>3253.08862</Y>
				<Z>41.4472351</Z>
				<Pitch>-80.3801651</Pitch>
				<Roll>-175.785934</Roll>
				<Yaw>-161.922134</Yaw>
			</PositionRotation>
			<Attachment isAttached="true">
				<AttachedTo>724738</AttachedTo>
				<BoneIndex>55</BoneIndex>
				<X>0.721108317</X>
				<Y>1.40115309</Y>
				<Z>0.629378557</Z>
				<Pitch>-99.5317841</Pitch>
				<Roll>-0.282124519</Roll>
				<Yaw>-90.009491</Yaw>
			</Attachment>
		</Attachment>
		<Attachment>
			<ModelHash>0x944d0adf</ModelHash>
			<Type>3</Type>
			<Dynamic>false</Dynamic>
			<FrozenPos>true</FrozenPos>
			<HashName>prop_ld_armour</HashName>
			<InitialHandle>120095</InitialHandle>
			<ObjectProperties>
				<TextureVariation>0</TextureVariation>
			</ObjectProperties>
			<OpacityLevel>255</OpacityLevel>
			<LodDistance>16960</LodDistance>
			<IsVisible>true</IsVisible>
			<MaxHealth>1000</MaxHealth>
			<Health>1000</Health>
			<HasGravity>true</HasGravity>
			<IsOnFire>false</IsOnFire>
			<IsInvincible>false</IsInvincible>
			<IsBulletProof>false</IsBulletProof>
			<IsCollisionProof>false</IsCollisionProof>
			<IsExplosionProof>false</IsExplosionProof>
			<IsFireProof>false</IsFireProof>
			<IsMeleeProof>false</IsMeleeProof>
			<IsOnlyDamagedByPlayer>false</IsOnlyDamagedByPlayer>
			<PositionRotation>
				<X>1711.25574</X>
				<Y>3252.99414</Y>
				<Z>41.4419937</Z>
				<Pitch>-80.3801651</Pitch>
				<Roll>-175.785934</Roll>
				<Yaw>-161.922134</Yaw>
			</PositionRotation>
			<Attachment isAttached="true">
				<AttachedTo>724738</AttachedTo>
				<BoneIndex>55</BoneIndex>
				<X>0.721108317</X>
				<Y>1.80115318</Y>
				<Z>0.629378557</Z>
				<Pitch>-99.5317841</Pitch>
				<Roll>-0.282124519</Roll>
				<Yaw>-90.009491</Yaw>
			</Attachment>
		</Attachment>
		<Attachment>
			<ModelHash>0xa640636d</ModelHash>
			<Type>3</Type>
			<Dynamic>false</Dynamic>
			<FrozenPos>true</FrozenPos>
			<HashName>prop_rub_scrap_06</HashName>
			<InitialHandle>677409</InitialHandle>
			<ObjectProperties>
				<TextureVariation>0</TextureVariation>
			</ObjectProperties>
			<OpacityLevel>255</OpacityLevel>
			<LodDistance>16960</LodDistance>
			<IsVisible>true</IsVisible>
			<MaxHealth>1000</MaxHealth>
			<Health>1000</Health>
			<HasGravity>true</HasGravity>
			<IsOnFire>false</IsOnFire>
			<IsInvincible>false</IsInvincible>
			<IsBulletProof>false</IsBulletProof>
			<IsCollisionProof>false</IsCollisionProof>
			<IsExplosionProof>false</IsExplosionProof>
			<IsFireProof>false</IsFireProof>
			<IsMeleeProof>false</IsMeleeProof>
			<IsOnlyDamagedByPlayer>false</IsOnlyDamagedByPlayer>
			<PositionRotation>
				<X>1714.57361</X>
				<Y>3253.13403</Y>
				<Z>41.3989334</Z>
				<Pitch>-4.61296558</Pitch>
				<Roll>179.004501</Roll>
				<Yaw>15.5953512</Yaw>
			</PositionRotation>
			<Attachment isAttached="true">
				<AttachedTo>724738</AttachedTo>
				<BoneIndex>0</BoneIndex>
				<X>0.0739220232</X>
				<Y>-1.45509326</Y>
				<Z>0.542985797</Z>
				<Pitch>-4.52804041</Pitch>
				<Roll>179.755035</Roll>
				<Yaw>-87.9985886</Yaw>
			</Attachment>
		</Attachment>
		<Attachment>
			<ModelHash>0xa640636d</ModelHash>
			<Type>3</Type>
			<Dynamic>false</Dynamic>
			<FrozenPos>true</FrozenPos>
			<HashName>prop_rub_scrap_06</HashName>
			<InitialHandle>154659</InitialHandle>
			<ObjectProperties>
				<TextureVariation>0</TextureVariation>
			</ObjectProperties>
			<OpacityLevel>255</OpacityLevel>
			<LodDistance>16960</LodDistance>
			<IsVisible>true</IsVisible>
			<MaxHealth>1000</MaxHealth>
			<Health>1000</Health>
			<HasGravity>true</HasGravity>
			<IsOnFire>false</IsOnFire>
			<IsInvincible>false</IsInvincible>
			<IsBulletProof>false</IsBulletProof>
			<IsCollisionProof>false</IsCollisionProof>
			<IsExplosionProof>false</IsExplosionProof>
			<IsFireProof>false</IsFireProof>
			<IsMeleeProof>false</IsMeleeProof>
			<IsOnlyDamagedByPlayer>false</IsOnlyDamagedByPlayer>
			<PositionRotation>
				<X>1713.89343</X>
				<Y>3252.96899</Y>
				<Z>41.3897629</Z>
				<Pitch>-4.61296558</Pitch>
				<Roll>-170.995468</Roll>
				<Yaw>15.595356</Yaw>
			</PositionRotation>
			<Attachment isAttached="true">
				<AttachedTo>724738</AttachedTo>
				<BoneIndex>0</BoneIndex>
				<X>0.0739220232</X>
				<Y>-0.755093098</Y>
				<Z>0.542985797</Z>
				<Pitch>-4.52804041</Pitch>
				<Roll>-170.244965</Roll>
				<Yaw>-87.9985886</Yaw>
			</Attachment>
		</Attachment>
		<Attachment>
			<ModelHash>0x0dd75614</ModelHash>
			<Type>3</Type>
			<Dynamic>false</Dynamic>
			<FrozenPos>true</FrozenPos>
			<HashName>prop_car_engine_01</HashName>
			<InitialHandle>520227</InitialHandle>
			<ObjectProperties>
				<TextureVariation>0</TextureVariation>
			</ObjectProperties>
			<OpacityLevel>255</OpacityLevel>
			<LodDistance>16960</LodDistance>
			<IsVisible>true</IsVisible>
			<MaxHealth>1000</MaxHealth>
			<Health>1000</Health>
			<HasGravity>true</HasGravity>
			<IsOnFire>false</IsOnFire>
			<IsInvincible>false</IsInvincible>
			<IsBulletProof>false</IsBulletProof>
			<IsCollisionProof>false</IsCollisionProof>
			<IsExplosionProof>false</IsExplosionProof>
			<IsFireProof>false</IsFireProof>
			<IsMeleeProof>false</IsMeleeProof>
			<IsOnlyDamagedByPlayer>false</IsOnlyDamagedByPlayer>
			<PositionRotation>
				<X>1711.58521</X>
				<Y>3252.22974</Y>
				<Z>41.9110794</Z>
				<Pitch>-9.75059891</Pitch>
				<Roll>0.0599986613</Roll>
				<Yaw>103.663521</Yaw>
			</PositionRotation>
			<Attachment isAttached="true">
				<AttachedTo>724738</AttachedTo>
				<BoneIndex>46</BoneIndex>
				<X>-0.099999994</X>
				<Y>-0.399999976</Y>
				<Z>0.150000006</Z>
				<Pitch>-8.99999905</Pitch>
				<Roll>0</Roll>
				<Yaw>0</Yaw>
			</Attachment>
		</Attachment>
		<Attachment>
			<ModelHash>0x2b9c94da</ModelHash>
			<Type>3</Type>
			<Dynamic>false</Dynamic>
			<FrozenPos>true</FrozenPos>
			<HashName>prop_rub_bike_01</HashName>
			<InitialHandle>122152</InitialHandle>
			<ObjectProperties>
				<TextureVariation>0</TextureVariation>
			</ObjectProperties>
			<OpacityLevel>255</OpacityLevel>
			<LodDistance>16960</LodDistance>
			<IsVisible>true</IsVisible>
			<MaxHealth>1000</MaxHealth>
			<Health>1000</Health>
			<HasGravity>true</HasGravity>
			<IsOnFire>false</IsOnFire>
			<IsInvincible>false</IsInvincible>
			<IsBulletProof>false</IsBulletProof>
			<IsCollisionProof>false</IsCollisionProof>
			<IsExplosionProof>false</IsExplosionProof>
			<IsFireProof>false</IsFireProof>
			<IsMeleeProof>false</IsMeleeProof>
			<IsOnlyDamagedByPlayer>false</IsOnlyDamagedByPlayer>
			<PositionRotation>
				<X>1714.36755</X>
				<Y>3253.01294</Y>
				<Z>41.8888817</Z>
				<Pitch>69.7219238</Pitch>
				<Roll>-0.0515082031</Roll>
				<Yaw>104.076508</Yaw>
			</PositionRotation>
			<Attachment isAttached="true">
				<AttachedTo>724738</AttachedTo>
				<BoneIndex>0</BoneIndex>
				<X>0.00420715474</X>
				<Y>-1.23274946</Y>
				<Z>1.03581655</Z>
				<Pitch>70.4719543</Pitch>
				<Roll>-0.244970322</Roll>
				<Yaw>0.604667664</Yaw>
			</Attachment>
		</Attachment>
		<Attachment>
			<ModelHash>0x35c9a934</ModelHash>
			<Type>3</Type>
			<Dynamic>false</Dynamic>
			<FrozenPos>true</FrozenPos>
			<HashName>prop_rub_bike_02</HashName>
			<InitialHandle>460585</InitialHandle>
			<ObjectProperties>
				<TextureVariation>0</TextureVariation>
			</ObjectProperties>
			<OpacityLevel>255</OpacityLevel>
			<LodDistance>16960</LodDistance>
			<IsVisible>true</IsVisible>
			<MaxHealth>1000</MaxHealth>
			<Health>1000</Health>
			<HasGravity>true</HasGravity>
			<IsOnFire>false</IsOnFire>
			<IsInvincible>false</IsInvincible>
			<IsBulletProof>false</IsBulletProof>
			<IsCollisionProof>false</IsCollisionProof>
			<IsExplosionProof>false</IsExplosionProof>
			<IsFireProof>false</IsFireProof>
			<IsMeleeProof>false</IsMeleeProof>
			<IsOnlyDamagedByPlayer>false</IsOnlyDamagedByPlayer>
			<PositionRotation>
				<X>1714.4325</X>
				<Y>3253.35645</Y>
				<Z>41.7884369</Z>
				<Pitch>79.7199249</Pitch>
				<Roll>-0.0347277746</Roll>
				<Yaw>101.798508</Yaw>
			</PositionRotation>
			<Attachment isAttached="true">
				<AttachedTo>724738</AttachedTo>
				<BoneIndex>0</BoneIndex>
				<X>0.322946072</X>
				<Y>-1.37567627</Y>
				<Z>0.933821321</Z>
				<Pitch>80.4719543</Pitch>
				<Roll>-0.244970322</Roll>
				<Yaw>-1.64812469</Yaw>
			</Attachment>
		</Attachment>
		<Attachment>
			<ModelHash>0x0808cdb3</ModelHash>
			<Type>3</Type>
			<Dynamic>false</Dynamic>
			<FrozenPos>true</FrozenPos>
			<HashName>prop_rub_bike_03</HashName>
			<InitialHandle>745770</InitialHandle>
			<ObjectProperties>
				<TextureVariation>0</TextureVariation>
			</ObjectProperties>
			<OpacityLevel>255</OpacityLevel>
			<LodDistance>16960</LodDistance>
			<IsVisible>true</IsVisible>
			<MaxHealth>1000</MaxHealth>
			<Health>1000</Health>
			<HasGravity>true</HasGravity>
			<IsOnFire>false</IsOnFire>
			<IsInvincible>false</IsInvincible>
			<IsBulletProof>false</IsBulletProof>
			<IsCollisionProof>false</IsCollisionProof>
			<IsExplosionProof>false</IsExplosionProof>
			<IsFireProof>false</IsFireProof>
			<IsMeleeProof>false</IsMeleeProof>
			<IsOnlyDamagedByPlayer>false</IsOnlyDamagedByPlayer>
			<PositionRotation>
				<X>1714.75854</X>
				<Y>3253.09448</Y>
				<Z>42.5628586</Z>
				<Pitch>19.7227516</Pitch>
				<Roll>-0.165342703</Roll>
				<Yaw>104.835411</Yaw>
			</PositionRotation>
			<Attachment isAttached="true">
				<AttachedTo>724738</AttachedTo>
				<BoneIndex>0</BoneIndex>
				<X>-0.00959527493</X>
				<Y>-1.64071751</Y>
				<Z>1.70449412</Z>
				<Pitch>20.4719582</Pitch>
				<Roll>-0.244970053</Roll>
				<Yaw>1.20903015</Yaw>
			</Attachment>
		</Attachment>
		<Attachment>
			<ModelHash>0x35c9a934</ModelHash>
			<Type>3</Type>
			<Dynamic>false</Dynamic>
			<FrozenPos>true</FrozenPos>
			<HashName>prop_rub_bike_02</HashName>
			<InitialHandle>587563</InitialHandle>
			<ObjectProperties>
				<TextureVariation>0</TextureVariation>
			</ObjectProperties>
			<OpacityLevel>255</OpacityLevel>
			<LodDistance>16960</LodDistance>
			<IsVisible>true</IsVisible>
			<MaxHealth>1000</MaxHealth>
			<Health>1000</Health>
			<HasGravity>true</HasGravity>
			<IsOnFire>false</IsOnFire>
			<IsInvincible>false</IsInvincible>
			<IsBulletProof>false</IsBulletProof>
			<IsCollisionProof>false</IsCollisionProof>
			<IsExplosionProof>false</IsExplosionProof>
			<IsFireProof>false</IsFireProof>
			<IsMeleeProof>false</IsMeleeProof>
			<IsOnlyDamagedByPlayer>false</IsOnlyDamagedByPlayer>
			<PositionRotation>
				<X>1714.57422</X>
				<Y>3252.77344</Y>
				<Z>41.7890587</Z>
				<Pitch>79.7199249</Pitch>
				<Roll>-0.0347277746</Roll>
				<Yaw>101.798508</Yaw>
			</PositionRotation>
			<Attachment isAttached="true">
				<AttachedTo>724738</AttachedTo>
				<BoneIndex>0</BoneIndex>
				<X>-0.277053893</X>
				<Y>-1.37567627</Y>
				<Z>0.933821321</Z>
				<Pitch>80.4719543</Pitch>
				<Roll>-0.244970322</Roll>
				<Yaw>-1.64812469</Yaw>
			</Attachment>
		</Attachment>
		<Attachment>
			<ModelHash>0x0c437502</ModelHash>
			<Type>3</Type>
			<Dynamic>false</Dynamic>
			<FrozenPos>true</FrozenPos>
			<HashName>imp_prop_impexp_exhaust_04</HashName>
			<InitialHandle>707372</InitialHandle>
			<ObjectProperties>
				<TextureVariation>0</TextureVariation>
			</ObjectProperties>
			<OpacityLevel>255</OpacityLevel>
			<LodDistance>16960</LodDistance>
			<IsVisible>true</IsVisible>
			<MaxHealth>1000</MaxHealth>
			<Health>1000</Health>
			<HasGravity>true</HasGravity>
			<IsOnFire>false</IsOnFire>
			<IsInvincible>false</IsInvincible>
			<IsBulletProof>false</IsBulletProof>
			<IsCollisionProof>false</IsCollisionProof>
			<IsExplosionProof>false</IsExplosionProof>
			<IsFireProof>false</IsFireProof>
			<IsMeleeProof>false</IsMeleeProof>
			<IsOnlyDamagedByPlayer>false</IsOnlyDamagedByPlayer>
			<PositionRotation>
				<X>1714.69397</X>
				<Y>3252.2666</Y>
				<Z>42.1861954</Z>
				<Pitch>-70.5753632</Pitch>
				<Roll>48.5599632</Roll>
				<Yaw>58.2980728</Yaw>
			</PositionRotation>
			<Attachment isAttached="true">
				<AttachedTo>724738</AttachedTo>
				<BoneIndex>45</BoneIndex>
				<X>0</X>
				<Y>0.199999988</Y>
				<Z>1.30000007</Z>
				<Pitch>-69.9999924</Pitch>
				<Roll>49.9999962</Roll>
				<Yaw>29.9999962</Yaw>
			</Attachment>
		</Attachment>
		<Attachment>
			<ModelHash>0x0c437502</ModelHash>
			<Type>3</Type>
			<Dynamic>false</Dynamic>
			<FrozenPos>true</FrozenPos>
			<HashName>imp_prop_impexp_exhaust_04</HashName>
			<InitialHandle>341294</InitialHandle>
			<ObjectProperties>
				<TextureVariation>0</TextureVariation>
			</ObjectProperties>
			<OpacityLevel>255</OpacityLevel>
			<LodDistance>16960</LodDistance>
			<IsVisible>true</IsVisible>
			<MaxHealth>1000</MaxHealth>
			<Health>1000</Health>
			<HasGravity>true</HasGravity>
			<IsOnFire>false</IsOnFire>
			<IsInvincible>false</IsInvincible>
			<IsBulletProof>false</IsBulletProof>
			<IsCollisionProof>false</IsCollisionProof>
			<IsExplosionProof>false</IsExplosionProof>
			<IsFireProof>false</IsFireProof>
			<IsMeleeProof>false</IsMeleeProof>
			<IsOnlyDamagedByPlayer>false</IsOnlyDamagedByPlayer>
			<PositionRotation>
				<X>1715.09363</X>
				<Y>3252.37793</Y>
				<Z>41.9915962</Z>
				<Pitch>-70.5753632</Pitch>
				<Roll>48.5599632</Roll>
				<Yaw>58.2980728</Yaw>
			</PositionRotation>
			<Attachment isAttached="true">
				<AttachedTo>724738</AttachedTo>
				<BoneIndex>45</BoneIndex>
				<X>0.399999976</X>
				<Y>0.099999994</Y>
				<Z>1.10000002</Z>
				<Pitch>-69.9999924</Pitch>
				<Roll>49.9999962</Roll>
				<Yaw>29.9999962</Yaw>
			</Attachment>
		</Attachment>
		<Attachment>
			<ModelHash>0x0c437502</ModelHash>
			<Type>3</Type>
			<Dynamic>false</Dynamic>
			<FrozenPos>true</FrozenPos>
			<HashName>imp_prop_impexp_exhaust_04</HashName>
			<InitialHandle>44311</InitialHandle>
			<ObjectProperties>
				<TextureVariation>0</TextureVariation>
			</ObjectProperties>
			<OpacityLevel>255</OpacityLevel>
			<LodDistance>16960</LodDistance>
			<IsVisible>true</IsVisible>
			<MaxHealth>1000</MaxHealth>
			<Health>1000</Health>
			<HasGravity>true</HasGravity>
			<IsOnFire>false</IsOnFire>
			<IsInvincible>false</IsInvincible>
			<IsBulletProof>false</IsBulletProof>
			<IsCollisionProof>false</IsCollisionProof>
			<IsExplosionProof>false</IsExplosionProof>
			<IsFireProof>false</IsFireProof>
			<IsMeleeProof>false</IsMeleeProof>
			<IsOnlyDamagedByPlayer>false</IsOnlyDamagedByPlayer>
			<PositionRotation>
				<X>1714.26563</X>
				<Y>3253.75415</Y>
				<Z>42.183754</Z>
				<Pitch>-70.7035294</Pitch>
				<Roll>100.798088</Roll>
				<Yaw>120.405357</Yaw>
			</PositionRotation>
			<Attachment isAttached="true">
				<AttachedTo>724738</AttachedTo>
				<BoneIndex>41</BoneIndex>
				<X>0.449999928</X>
				<Y>1.68000007</Y>
				<Z>1.30000007</Z>
				<Pitch>-109.999985</Pitch>
				<Roll>-80</Roll>
				<Yaw>-90</Yaw>
			</Attachment>
		</Attachment>
		<Attachment>
			<ModelHash>0x0c437502</ModelHash>
			<Type>3</Type>
			<Dynamic>false</Dynamic>
			<FrozenPos>true</FrozenPos>
			<HashName>imp_prop_impexp_exhaust_04</HashName>
			<InitialHandle>208178</InitialHandle>
			<ObjectProperties>
				<TextureVariation>0</TextureVariation>
			</ObjectProperties>
			<OpacityLevel>255</OpacityLevel>
			<LodDistance>16960</LodDistance>
			<IsVisible>true</IsVisible>
			<MaxHealth>1000</MaxHealth>
			<Health>1000</Health>
			<HasGravity>true</HasGravity>
			<IsOnFire>false</IsOnFire>
			<IsInvincible>false</IsInvincible>
			<IsBulletProof>false</IsBulletProof>
			<IsCollisionProof>false</IsCollisionProof>
			<IsExplosionProof>false</IsExplosionProof>
			<IsFireProof>false</IsFireProof>
			<IsMeleeProof>false</IsMeleeProof>
			<IsOnlyDamagedByPlayer>false</IsOnlyDamagedByPlayer>
			<PositionRotation>
				<X>1714.56348</X>
				<Y>3253.92261</Y>
				<Z>42.0079536</Z>
				<Pitch>-70.7035294</Pitch>
				<Roll>100.798088</Roll>
				<Yaw>120.405357</Yaw>
			</PositionRotation>
			<Attachment isAttached="true">
				<AttachedTo>724738</AttachedTo>
				<BoneIndex>41</BoneIndex>
				<X>0.790000081</X>
				<Y>1.68000007</Y>
				<Z>1.12000024</Z>
				<Pitch>-109.999985</Pitch>
				<Roll>-80</Roll>
				<Yaw>-90</Yaw>
			</Attachment>
		</Attachment>
		<Attachment>
			<ModelHash>0x0c437502</ModelHash>
			<Type>3</Type>
			<Dynamic>false</Dynamic>
			<FrozenPos>true</FrozenPos>
			<HashName>imp_prop_impexp_exhaust_04</HashName>
			<InitialHandle>757042</InitialHandle>
			<ObjectProperties>
				<TextureVariation>0</TextureVariation>
			</ObjectProperties>
			<OpacityLevel>255</OpacityLevel>
			<LodDistance>16960</LodDistance>
			<IsVisible>true</IsVisible>
			<MaxHealth>1000</MaxHealth>
			<Health>1000</Health>
			<HasGravity>true</HasGravity>
			<IsOnFire>false</IsOnFire>
			<IsInvincible>false</IsInvincible>
			<IsBulletProof>false</IsBulletProof>
			<IsCollisionProof>false</IsCollisionProof>
			<IsExplosionProof>false</IsExplosionProof>
			<IsFireProof>false</IsFireProof>
			<IsMeleeProof>false</IsMeleeProof>
			<IsOnlyDamagedByPlayer>false</IsOnlyDamagedByPlayer>
			<PositionRotation>
				<X>1715.09692</X>
				<Y>3253.99634</Y>
				<Z>42.0150261</Z>
				<Pitch>-20.7050228</Pitch>
				<Roll>100.281921</Roll>
				<Yaw>119.751778</Yaw>
			</PositionRotation>
			<Attachment isAttached="true">
				<AttachedTo>724738</AttachedTo>
				<BoneIndex>41</BoneIndex>
				<X>1.2900002</X>
				<Y>1.48000002</Y>
				<Z>1.12000024</Z>
				<Pitch>-159.999985</Pitch>
				<Roll>-80</Roll>
				<Yaw>-90</Yaw>
			</Attachment>
		</Attachment>
		<Attachment>
			<ModelHash>0x0c437502</ModelHash>
			<Type>3</Type>
			<Dynamic>false</Dynamic>
			<FrozenPos>true</FrozenPos>
			<HashName>imp_prop_impexp_exhaust_04</HashName>
			<InitialHandle>183859</InitialHandle>
			<ObjectProperties>
				<TextureVariation>0</TextureVariation>
			</ObjectProperties>
			<OpacityLevel>255</OpacityLevel>
			<LodDistance>16960</LodDistance>
			<IsVisible>true</IsVisible>
			<MaxHealth>1000</MaxHealth>
			<Health>1000</Health>
			<HasGravity>true</HasGravity>
			<IsOnFire>false</IsOnFire>
			<IsInvincible>false</IsInvincible>
			<IsBulletProof>false</IsBulletProof>
			<IsCollisionProof>false</IsCollisionProof>
			<IsExplosionProof>false</IsExplosionProof>
			<IsFireProof>false</IsFireProof>
			<IsMeleeProof>false</IsMeleeProof>
			<IsOnlyDamagedByPlayer>false</IsOnlyDamagedByPlayer>
			<PositionRotation>
				<X>1715.49194</X>
				<Y>3252.48926</Y>
				<Z>41.8969917</Z>
				<Pitch>-10.7425852</Pitch>
				<Roll>49.8735886</Roll>
				<Yaw>89.6309662</Yaw>
			</PositionRotation>
			<Attachment isAttached="true">
				<AttachedTo>724738</AttachedTo>
				<BoneIndex>45</BoneIndex>
				<X>0.799999952</X>
				<Y>0</Y>
				<Z>1</Z>
				<Pitch>-9.99999332</Pitch>
				<Roll>49.9999962</Roll>
				<Yaw>59.9999962</Yaw>
			</Attachment>
		</Attachment>
		<Attachment>
			<ModelHash>0xb9579ffa</ModelHash>
			<Type>3</Type>
			<Dynamic>false</Dynamic>
			<FrozenPos>true</FrozenPos>
			<HashName>prop_bumper_03</HashName>
			<InitialHandle>19509</InitialHandle>
			<ObjectProperties>
				<TextureVariation>0</TextureVariation>
			</ObjectProperties>
			<OpacityLevel>255</OpacityLevel>
			<LodDistance>16960</LodDistance>
			<IsVisible>true</IsVisible>
			<MaxHealth>1000</MaxHealth>
			<Health>1000</Health>
			<HasGravity>true</HasGravity>
			<IsOnFire>false</IsOnFire>
			<IsInvincible>false</IsInvincible>
			<IsBulletProof>false</IsBulletProof>
			<IsCollisionProof>false</IsCollisionProof>
			<IsExplosionProof>false</IsExplosionProof>
			<IsFireProof>false</IsFireProof>
			<IsMeleeProof>false</IsMeleeProof>
			<IsOnlyDamagedByPlayer>false</IsOnlyDamagedByPlayer>
			<PositionRotation>
				<X>1715.34106</X>
				<Y>3253.32788</Y>
				<Z>40.0567055</Z>
				<Pitch>-0.752671659</Pitch>
				<Roll>0.0197700728</Roll>
				<Yaw>100.653877</Yaw>
			</PositionRotation>
			<Attachment isAttached="true">
				<AttachedTo>724738</AttachedTo>
				<BoneIndex>14</BoneIndex>
				<X>1.04000008</X>
				<Y>0.950000167</Y>
				<Z>-1.27999973</Z>
				<Pitch>0</Pitch>
				<Roll>0</Roll>
				<Yaw>-2.99999976</Yaw>
			</Attachment>
		</Attachment>
		<Attachment>
			<ModelHash>0xc6fd3b45</ModelHash>
			<Type>3</Type>
			<Dynamic>false</Dynamic>
			<FrozenPos>true</FrozenPos>
			<HashName>prop_bumper_04</HashName>
			<InitialHandle>722742</InitialHandle>
			<ObjectProperties>
				<TextureVariation>0</TextureVariation>
			</ObjectProperties>
			<OpacityLevel>255</OpacityLevel>
			<LodDistance>16960</LodDistance>
			<IsVisible>true</IsVisible>
			<MaxHealth>1000</MaxHealth>
			<Health>1000</Health>
			<HasGravity>true</HasGravity>
			<IsOnFire>false</IsOnFire>
			<IsInvincible>false</IsInvincible>
			<IsBulletProof>false</IsBulletProof>
			<IsCollisionProof>false</IsCollisionProof>
			<IsExplosionProof>false</IsExplosionProof>
			<IsFireProof>false</IsFireProof>
			<IsMeleeProof>false</IsMeleeProof>
			<IsOnlyDamagedByPlayer>false</IsOnlyDamagedByPlayer>
			<PositionRotation>
				<X>1710.64661</X>
				<Y>3252.04736</Y>
				<Z>41.2124786</Z>
				<Pitch>18.7288322</Pitch>
				<Roll>-0.199114978</Roll>
				<Yaw>-66.2834854</Yaw>
			</PositionRotation>
			<Attachment isAttached="true">
				<AttachedTo>724738</AttachedTo>
				<BoneIndex>16</BoneIndex>
				<X>-0.950000048</X>
				<Y>-0.0899999589</Y>
				<Z>-0.049999997</Z>
				<Pitch>17.9999981</Pitch>
				<Roll>0</Roll>
				<Yaw>-169.999985</Yaw>
			</Attachment>
		</Attachment>
		<Attachment>
			<ModelHash>0x2250786a</ModelHash>
			<Type>3</Type>
			<Dynamic>false</Dynamic>
			<FrozenPos>true</FrozenPos>
			<HashName>prop_rub_carpart_05</HashName>
			<InitialHandle>345918</InitialHandle>
			<ObjectProperties>
				<TextureVariation>0</TextureVariation>
			</ObjectProperties>
			<OpacityLevel>255</OpacityLevel>
			<LodDistance>16960</LodDistance>
			<IsVisible>true</IsVisible>
			<MaxHealth>1000</MaxHealth>
			<Health>1000</Health>
			<HasGravity>true</HasGravity>
			<IsOnFire>false</IsOnFire>
			<IsInvincible>false</IsInvincible>
			<IsBulletProof>false</IsBulletProof>
			<IsCollisionProof>false</IsCollisionProof>
			<IsExplosionProof>false</IsExplosionProof>
			<IsFireProof>false</IsFireProof>
			<IsMeleeProof>false</IsMeleeProof>
			<IsOnlyDamagedByPlayer>false</IsOnlyDamagedByPlayer>
			<PositionRotation>
				<X>1713.10266</X>
				<Y>3252.18604</Y>
				<Z>41.2348709</Z>
				<Pitch>-0.750605345</Pitch>
				<Roll>0.0591370277</Roll>
				<Yaw>103.654129</Yaw>
			</PositionRotation>
			<Attachment isAttached="true">
				<AttachedTo>724738</AttachedTo>
				<BoneIndex>0</BoneIndex>
				<X>-0.49999997</X>
				<Y>0.199999988</Y>
				<Z>0.399999976</Z>
				<Pitch>0</Pitch>
				<Roll>0</Roll>
				<Yaw>0</Yaw>
			</Attachment>
		</Attachment>
		<Attachment>
			<ModelHash>0xc972c9d5</ModelHash>
			<Type>3</Type>
			<Dynamic>false</Dynamic>
			<FrozenPos>true</FrozenPos>
			<HashName>prop_rub_carwreck_3</HashName>
			<InitialHandle>599871</InitialHandle>
			<ObjectProperties>
				<TextureVariation>0</TextureVariation>
			</ObjectProperties>
			<OpacityLevel>255</OpacityLevel>
			<LodDistance>16960</LodDistance>
			<IsVisible>true</IsVisible>
			<MaxHealth>1000</MaxHealth>
			<Health>1000</Health>
			<HasGravity>true</HasGravity>
			<IsOnFire>false</IsOnFire>
			<IsInvincible>false</IsInvincible>
			<IsBulletProof>false</IsBulletProof>
			<IsCollisionProof>false</IsCollisionProof>
			<IsExplosionProof>false</IsExplosionProof>
			<IsFireProof>false</IsFireProof>
			<IsMeleeProof>false</IsMeleeProof>
			<IsOnlyDamagedByPlayer>false</IsOnlyDamagedByPlayer>
			<PositionRotation>
				<X>1713.1698</X>
				<Y>3252.75806</Y>
				<Z>41.2169342</Z>
				<Pitch>-3.75060391</Pitch>
				<Roll>0.0592588633</Roll>
				<Yaw>103.657234</Yaw>
			</PositionRotation>
			<Attachment isAttached="true">
				<AttachedTo>724738</AttachedTo>
				<BoneIndex>0</BoneIndex>
				<X>0.0400000066</X>
				<Y>0</Y>
				<Z>0.379999906</Z>
				<Pitch>-2.99999976</Pitch>
				<Roll>0</Roll>
				<Yaw>0</Yaw>
			</Attachment>
		</Attachment>
		<Attachment>
			<ModelHash>0x0e527908</ModelHash>
			<Type>3</Type>
			<Dynamic>false</Dynamic>
			<FrozenPos>true</FrozenPos>
			<HashName>imp_prop_impexp_exhaust_05</HashName>
			<InitialHandle>688961</InitialHandle>
			<ObjectProperties>
				<TextureVariation>0</TextureVariation>
			</ObjectProperties>
			<OpacityLevel>255</OpacityLevel>
			<LodDistance>16960</LodDistance>
			<IsVisible>true</IsVisible>
			<MaxHealth>1000</MaxHealth>
			<Health>1000</Health>
			<HasGravity>true</HasGravity>
			<IsOnFire>false</IsOnFire>
			<IsInvincible>false</IsInvincible>
			<IsBulletProof>false</IsBulletProof>
			<IsCollisionProof>false</IsCollisionProof>
			<IsExplosionProof>false</IsExplosionProof>
			<IsFireProof>false</IsFireProof>
			<IsMeleeProof>false</IsMeleeProof>
			<IsOnlyDamagedByPlayer>false</IsOnlyDamagedByPlayer>
			<PositionRotation>
				<X>1711.18774</X>
				<Y>3251.74243</Y>
				<Z>42.0149117</Z>
				<Pitch>-0.0591327995</Pitch>
				<Roll>-6.75060368</Roll>
				<Yaw>13.6533775</Yaw>
			</PositionRotation>
			<Attachment isAttached="true">
				<AttachedTo>724738</AttachedTo>
				<BoneIndex>46</BoneIndex>
				<X>-0.47999984</X>
				<Y>0.099999994</Y>
				<Z>0.26000002</Z>
				<Pitch>0</Pitch>
				<Roll>-5.99999905</Roll>
				<Yaw>-89.9999924</Yaw>
			</Attachment>
		</Attachment>
		<Attachment>
			<ModelHash>0x0e527908</ModelHash>
			<Type>3</Type>
			<Dynamic>false</Dynamic>
			<FrozenPos>true</FrozenPos>
			<HashName>imp_prop_impexp_exhaust_05</HashName>
			<InitialHandle>12354</InitialHandle>
			<ObjectProperties>
				<TextureVariation>0</TextureVariation>
			</ObjectProperties>
			<OpacityLevel>255</OpacityLevel>
			<LodDistance>16960</LodDistance>
			<IsVisible>true</IsVisible>
			<MaxHealth>1000</MaxHealth>
			<Health>1000</Health>
			<HasGravity>true</HasGravity>
			<IsOnFire>false</IsOnFire>
			<IsInvincible>false</IsInvincible>
			<IsBulletProof>false</IsBulletProof>
			<IsCollisionProof>false</IsCollisionProof>
			<IsExplosionProof>false</IsExplosionProof>
			<IsFireProof>false</IsFireProof>
			<IsMeleeProof>false</IsMeleeProof>
			<IsOnlyDamagedByPlayer>false</IsOnlyDamagedByPlayer>
			<PositionRotation>
				<X>1711.45898</X>
				<Y>3251.80835</Y>
				<Z>42.0785751</Z>
				<Pitch>-0.0591327995</Pitch>
				<Roll>-6.75060368</Roll>
				<Yaw>13.6533775</Yaw>
			</PositionRotation>
			<Attachment isAttached="true">
				<AttachedTo>724738</AttachedTo>
				<BoneIndex>46</BoneIndex>
				<X>-0.47999984</X>
				<Y>-0.180000007</Y>
				<Z>0.319999963</Z>
				<Pitch>0</Pitch>
				<Roll>-5.99999905</Roll>
				<Yaw>-89.9999924</Yaw>
			</Attachment>
		</Attachment>
		<Attachment>
			<ModelHash>0x0e527908</ModelHash>
			<Type>3</Type>
			<Dynamic>false</Dynamic>
			<FrozenPos>true</FrozenPos>
			<HashName>imp_prop_impexp_exhaust_05</HashName>
			<InitialHandle>102978</InitialHandle>
			<ObjectProperties>
				<TextureVariation>0</TextureVariation>
			</ObjectProperties>
			<OpacityLevel>255</OpacityLevel>
			<LodDistance>16960</LodDistance>
			<IsVisible>true</IsVisible>
			<MaxHealth>1000</MaxHealth>
			<Health>1000</Health>
			<HasGravity>true</HasGravity>
			<IsOnFire>false</IsOnFire>
			<IsInvincible>false</IsInvincible>
			<IsBulletProof>false</IsBulletProof>
			<IsCollisionProof>false</IsCollisionProof>
			<IsExplosionProof>false</IsExplosionProof>
			<IsFireProof>false</IsFireProof>
			<IsMeleeProof>false</IsMeleeProof>
			<IsOnlyDamagedByPlayer>false</IsOnlyDamagedByPlayer>
			<PositionRotation>
				<X>1711.73022</X>
				<Y>3251.87427</Y>
				<Z>42.1422386</Z>
				<Pitch>-0.0591327995</Pitch>
				<Roll>-6.75060368</Roll>
				<Yaw>13.6533775</Yaw>
			</PositionRotation>
			<Attachment isAttached="true">
				<AttachedTo>724738</AttachedTo>
				<BoneIndex>46</BoneIndex>
				<X>-0.47999984</X>
				<Y>-0.45999983</Y>
				<Z>0.379999906</Z>
				<Pitch>0</Pitch>
				<Roll>-5.99999905</Roll>
				<Yaw>-89.9999924</Yaw>
			</Attachment>
		</Attachment>
		<Attachment>
			<ModelHash>0x0e527908</ModelHash>
			<Type>3</Type>
			<Dynamic>false</Dynamic>
			<FrozenPos>true</FrozenPos>
			<HashName>imp_prop_impexp_exhaust_05</HashName>
			<InitialHandle>292649</InitialHandle>
			<ObjectProperties>
				<TextureVariation>0</TextureVariation>
			</ObjectProperties>
			<OpacityLevel>255</OpacityLevel>
			<LodDistance>16960</LodDistance>
			<IsVisible>true</IsVisible>
			<MaxHealth>1000</MaxHealth>
			<Health>1000</Health>
			<HasGravity>true</HasGravity>
			<IsOnFire>false</IsOnFire>
			<IsInvincible>false</IsInvincible>
			<IsBulletProof>false</IsBulletProof>
			<IsCollisionProof>false</IsCollisionProof>
			<IsExplosionProof>false</IsExplosionProof>
			<IsFireProof>false</IsFireProof>
			<IsMeleeProof>false</IsMeleeProof>
			<IsOnlyDamagedByPlayer>false</IsOnlyDamagedByPlayer>
			<PositionRotation>
				<X>1711.46277</X>
				<Y>3252.76636</Y>
				<Z>42.0906258</Z>
				<Pitch>0.188565642</Pitch>
				<Roll>14.7289352</Roll>
				<Yaw>-156.347443</Yaw>
			</PositionRotation>
			<Attachment isAttached="true">
				<AttachedTo>724738</AttachedTo>
				<BoneIndex>46</BoneIndex>
				<X>0.449999988</X>
				<Y>-0.409999877</Y>
				<Z>0.329999954</Z>
				<Pitch>0</Pitch>
				<Roll>13.999999</Roll>
				<Yaw>100.000015</Yaw>
			</Attachment>
		</Attachment>
		<Attachment>
			<ModelHash>0x0e527908</ModelHash>
			<Type>3</Type>
			<Dynamic>false</Dynamic>
			<FrozenPos>true</FrozenPos>
			<HashName>imp_prop_impexp_exhaust_05</HashName>
			<InitialHandle>575301</InitialHandle>
			<ObjectProperties>
				<TextureVariation>0</TextureVariation>
			</ObjectProperties>
			<OpacityLevel>255</OpacityLevel>
			<LodDistance>16960</LodDistance>
			<IsVisible>true</IsVisible>
			<MaxHealth>1000</MaxHealth>
			<Health>1000</Health>
			<HasGravity>true</HasGravity>
			<IsOnFire>false</IsOnFire>
			<IsInvincible>false</IsInvincible>
			<IsBulletProof>false</IsBulletProof>
			<IsCollisionProof>false</IsCollisionProof>
			<IsExplosionProof>false</IsExplosionProof>
			<IsFireProof>false</IsFireProof>
			<IsMeleeProof>false</IsMeleeProof>
			<IsOnlyDamagedByPlayer>false</IsOnlyDamagedByPlayer>
			<PositionRotation>
				<X>1711.16284</X>
				<Y>3252.69336</Y>
				<Z>41.9865761</Z>
				<Pitch>0.188565642</Pitch>
				<Roll>14.7289352</Roll>
				<Yaw>-156.347443</Yaw>
			</PositionRotation>
			<Attachment isAttached="true">
				<AttachedTo>724738</AttachedTo>
				<BoneIndex>46</BoneIndex>
				<X>0.449999988</X>
				<Y>-0.0999999717</Y>
				<Z>0.230000019</Z>
				<Pitch>0</Pitch>
				<Roll>13.999999</Roll>
				<Yaw>100.000015</Yaw>
			</Attachment>
		</Attachment>
		<Attachment>
			<ModelHash>0x0e527908</ModelHash>
			<Type>3</Type>
			<Dynamic>false</Dynamic>
			<FrozenPos>true</FrozenPos>
			<HashName>imp_prop_impexp_exhaust_05</HashName>
			<InitialHandle>397380</InitialHandle>
			<ObjectProperties>
				<TextureVariation>0</TextureVariation>
			</ObjectProperties>
			<OpacityLevel>255</OpacityLevel>
			<LodDistance>16960</LodDistance>
			<IsVisible>true</IsVisible>
			<MaxHealth>1000</MaxHealth>
			<Health>1000</Health>
			<HasGravity>true</HasGravity>
			<IsOnFire>false</IsOnFire>
			<IsInvincible>false</IsInvincible>
			<IsBulletProof>false</IsBulletProof>
			<IsCollisionProof>false</IsCollisionProof>
			<IsExplosionProof>false</IsExplosionProof>
			<IsFireProof>false</IsFireProof>
			<IsMeleeProof>false</IsMeleeProof>
			<IsOnlyDamagedByPlayer>false</IsOnlyDamagedByPlayer>
			<PositionRotation>
				<X>1710.88159</X>
				<Y>3252.625</Y>
				<Z>41.9427795</Z>
				<Pitch>0.188565642</Pitch>
				<Roll>14.7289352</Roll>
				<Yaw>-156.347443</Yaw>
			</PositionRotation>
			<Attachment isAttached="true">
				<AttachedTo>724738</AttachedTo>
				<BoneIndex>46</BoneIndex>
				<X>0.449999988</X>
				<Y>0.190000027</Y>
				<Z>0.189999998</Z>
				<Pitch>0</Pitch>
				<Roll>13.999999</Roll>
				<Yaw>100.000015</Yaw>
			</Attachment>
		</Attachment>
		<Attachment>
			<ModelHash>0x0c437502</ModelHash>
			<Type>3</Type>
			<Dynamic>false</Dynamic>
			<FrozenPos>true</FrozenPos>
			<HashName>imp_prop_impexp_exhaust_04</HashName>
			<InitialHandle>592199</InitialHandle>
			<ObjectProperties>
				<TextureVariation>0</TextureVariation>
			</ObjectProperties>
			<OpacityLevel>255</OpacityLevel>
			<LodDistance>16960</LodDistance>
			<IsVisible>true</IsVisible>
			<MaxHealth>1000</MaxHealth>
			<Health>1000</Health>
			<HasGravity>true</HasGravity>
			<IsOnFire>false</IsOnFire>
			<IsInvincible>false</IsInvincible>
			<IsBulletProof>false</IsBulletProof>
			<IsCollisionProof>false</IsCollisionProof>
			<IsExplosionProof>false</IsExplosionProof>
			<IsFireProof>false</IsFireProof>
			<IsMeleeProof>false</IsMeleeProof>
			<IsOnlyDamagedByPlayer>false</IsOnlyDamagedByPlayer>
			<PositionRotation>
				<X>1714.34802</X>
				<Y>3252.82275</Y>
				<Z>41.0027695</Z>
				<Pitch>9.73550797</Pitch>
				<Roll>-0.715531349</Roll>
				<Yaw>29.7763557</Yaw>
			</PositionRotation>
			<Attachment isAttached="true">
				<AttachedTo>724738</AttachedTo>
				<BoneIndex>45</BoneIndex>
				<X>-0.0399999991</X>
				<Y>0.859999478</Y>
				<Z>0.120000005</Z>
				<Pitch>9.99999905</Pitch>
				<Roll>0</Roll>
				<Yaw>0</Yaw>
			</Attachment>
		</Attachment>
		<Attachment>
			<ModelHash>0x7f7927ac</ModelHash>
			<Type>3</Type>
			<Dynamic>false</Dynamic>
			<FrozenPos>true</FrozenPos>
			<HashName>prop_gascyl_02a</HashName>
			<InitialHandle>509260</InitialHandle>
			<ObjectProperties>
				<TextureVariation>0</TextureVariation>
			</ObjectProperties>
			<OpacityLevel>255</OpacityLevel>
			<LodDistance>16960</LodDistance>
			<IsVisible>true</IsVisible>
			<MaxHealth>1000</MaxHealth>
			<Health>1000</Health>
			<HasGravity>true</HasGravity>
			<IsOnFire>false</IsOnFire>
			<IsInvincible>false</IsInvincible>
			<IsBulletProof>false</IsBulletProof>
			<IsCollisionProof>false</IsCollisionProof>
			<IsExplosionProof>false</IsExplosionProof>
			<IsFireProof>false</IsFireProof>
			<IsMeleeProof>false</IsMeleeProof>
			<IsOnlyDamagedByPlayer>false</IsOnlyDamagedByPlayer>
			<PositionRotation>
				<X>1713.84229</X>
				<Y>3252.05786</Y>
				<Z>42.1242752</Z>
				<Pitch>-0.750605166</Pitch>
				<Roll>90.0591202</Roll>
				<Yaw>103.654129</Yaw>
			</PositionRotation>
			<Attachment isAttached="true">
				<AttachedTo>724738</AttachedTo>
				<BoneIndex>55</BoneIndex>
				<X>-0.799999952</X>
				<Y>-0.49999997</Y>
				<Z>1.27999997</Z>
				<Pitch>0</Pitch>
				<Roll>89.9999924</Roll>
				<Yaw>0</Yaw>
			</Attachment>
		</Attachment>
		<Attachment>
			<ModelHash>0x7f7927ac</ModelHash>
			<Type>3</Type>
			<Dynamic>false</Dynamic>
			<FrozenPos>true</FrozenPos>
			<HashName>prop_gascyl_02a</HashName>
			<InitialHandle>81230</InitialHandle>
			<ObjectProperties>
				<TextureVariation>0</TextureVariation>
			</ObjectProperties>
			<OpacityLevel>255</OpacityLevel>
			<LodDistance>16960</LodDistance>
			<IsVisible>true</IsVisible>
			<MaxHealth>1000</MaxHealth>
			<Health>1000</Health>
			<HasGravity>true</HasGravity>
			<IsOnFire>false</IsOnFire>
			<IsInvincible>false</IsInvincible>
			<IsBulletProof>false</IsBulletProof>
			<IsCollisionProof>false</IsCollisionProof>
			<IsExplosionProof>false</IsExplosionProof>
			<IsFireProof>false</IsFireProof>
			<IsMeleeProof>false</IsMeleeProof>
			<IsOnlyDamagedByPlayer>false</IsOnlyDamagedByPlayer>
			<PositionRotation>
				<X>1714.23096</X>
				<Y>3252.15234</Y>
				<Z>42.1295128</Z>
				<Pitch>-0.750605166</Pitch>
				<Roll>90.0591202</Roll>
				<Yaw>103.654129</Yaw>
			</PositionRotation>
			<Attachment isAttached="true">
				<AttachedTo>724738</AttachedTo>
				<BoneIndex>55</BoneIndex>
				<X>-0.799999952</X>
				<Y>-0.899999976</Y>
				<Z>1.27999997</Z>
				<Pitch>0</Pitch>
				<Roll>89.9999924</Roll>
				<Yaw>0</Yaw>
			</Attachment>
		</Attachment>
		<Attachment>
			<ModelHash>0xfac39426</ModelHash>
			<Type>3</Type>
			<Dynamic>false</Dynamic>
			<FrozenPos>true</FrozenPos>
			<HashName>prop_trevor_rope_01</HashName>
			<InitialHandle>293685</InitialHandle>
			<ObjectProperties>
				<TextureVariation>0</TextureVariation>
			</ObjectProperties>
			<OpacityLevel>255</OpacityLevel>
			<LodDistance>16960</LodDistance>
			<IsVisible>true</IsVisible>
			<MaxHealth>1000</MaxHealth>
			<Health>1000</Health>
			<HasGravity>true</HasGravity>
			<IsOnFire>false</IsOnFire>
			<IsInvincible>false</IsInvincible>
			<IsBulletProof>false</IsBulletProof>
			<IsCollisionProof>false</IsCollisionProof>
			<IsExplosionProof>false</IsExplosionProof>
			<IsFireProof>false</IsFireProof>
			<IsMeleeProof>false</IsMeleeProof>
			<IsOnlyDamagedByPlayer>false</IsOnlyDamagedByPlayer>
			<PositionRotation>
				<X>1713.8446</X>
				<Y>3252.77856</Y>
				<Z>41.9457932</Z>
				<Pitch>-0.750605822</Pitch>
				<Roll>-79.9408569</Roll>
				<Yaw>103.654129</Yaw>
			</PositionRotation>
			<Attachment isAttached="true">
				<AttachedTo>724738</AttachedTo>
				<BoneIndex>0</BoneIndex>
				<X>-0.099999994</X>
				<Y>-0.670000076</Y>
				<Z>1.10000014</Z>
				<Pitch>0</Pitch>
				<Roll>-79.9999924</Roll>
				<Yaw>0</Yaw>
			</Attachment>
		</Attachment>
		<Attachment>
			<ModelHash>0xfac39426</ModelHash>
			<Type>3</Type>
			<Dynamic>false</Dynamic>
			<FrozenPos>true</FrozenPos>
			<HashName>prop_trevor_rope_01</HashName>
			<InitialHandle>371792</InitialHandle>
			<ObjectProperties>
				<TextureVariation>0</TextureVariation>
			</ObjectProperties>
			<OpacityLevel>255</OpacityLevel>
			<LodDistance>16960</LodDistance>
			<IsVisible>true</IsVisible>
			<MaxHealth>1000</MaxHealth>
			<Health>1000</Health>
			<HasGravity>true</HasGravity>
			<IsOnFire>false</IsOnFire>
			<IsInvincible>false</IsInvincible>
			<IsBulletProof>false</IsBulletProof>
			<IsCollisionProof>false</IsCollisionProof>
			<IsExplosionProof>false</IsExplosionProof>
			<IsFireProof>false</IsFireProof>
			<IsMeleeProof>false</IsMeleeProof>
			<IsOnlyDamagedByPlayer>false</IsOnlyDamagedByPlayer>
			<PositionRotation>
				<X>1713.69824</X>
				<Y>3253.3811</Y>
				<Z>41.9451561</Z>
				<Pitch>-0.750605822</Pitch>
				<Roll>-79.9408569</Roll>
				<Yaw>103.654129</Yaw>
			</PositionRotation>
			<Attachment isAttached="true">
				<AttachedTo>724738</AttachedTo>
				<BoneIndex>0</BoneIndex>
				<X>0.519999802</X>
				<Y>-0.670000076</Y>
				<Z>1.10000014</Z>
				<Pitch>0</Pitch>
				<Roll>-79.9999924</Roll>
				<Yaw>0</Yaw>
			</Attachment>
		</Attachment>
	</SpoonerAttachments>
</Vehicle>
