<?xml version="1.0" encoding="ISO-8859-1"?>
<Vehicle menyoo_ver="0.9998744b">
	<ModelHash>0x3412ae2d</ModelHash>
	<InitialHandle>688913</InitialHandle>
	<VehicleProperties>
		<Colours>
			<Primary>1</Primary>
			<Secondary>1</Secondary>
			<Pearl>5</Pearl>
			<Rim>156</Rim>
			<Mod1_a>6</Mod1_a>
			<Mod1_b>-1</Mod1_b>
			<Mod1_c>-1</Mod1_c>
			<Mod2_a>6</Mod2_a>
			<Mod2_b>-1</Mod2_b>
			<IsPrimaryColourCustom>false</IsPrimaryColourCustom>
			<IsSecondaryColourCustom>false</IsSecondaryColourCustom>
			<tyreSmoke_R>255</tyreSmoke_R>
			<tyreSmoke_G>255</tyreSmoke_G>
			<tyreSmoke_B>255</tyreSmoke_B>
			<LrInterior>0</LrInterior>
			<LrDashboard>0</LrDashboard>
		</Colours>
		<Livery>-1</Livery>
		<NumberPlateText> MENYOO </NumberPlateText>
		<NumberPlateIndex>5</NumberPlateIndex>
		<WheelType>4</WheelType>
		<WheelsInvisible>false</WheelsInvisible>
		<EngineSoundName></EngineSoundName>
		<WindowTint>-1</WindowTint>
		<BulletProofTyres>true</BulletProofTyres>
		<DirtLevel>0.0305404495</DirtLevel>
		<PaintFade>0.298039228</PaintFade>
		<RoofState>0</RoofState>
		<SirenActive>false</SirenActive>
		<EngineOn>true</EngineOn>
		<EngineHealth>1000</EngineHealth>
		<LightsOn>false</LightsOn>
		<IsRadioLoud>0</IsRadioLoud>
		<LockStatus>1</LockStatus>
		<Neons>
			<Left>true</Left>
			<Right>true</Right>
			<Front>true</Front>
			<Back>true</Back>
			<R>15</R>
			<G>3</G>
			<B>255</B>
		</Neons>
		<ModExtras>
			<_1>true</_1>
			<_11>false</_11>
		</ModExtras>
		<Mods>
			<_0>2,0</_0>
			<_1>0,0</_1>
			<_2>-1,0</_2>
			<_3>-1,0</_3>
			<_4>2,0</_4>
			<_5>-1,0</_5>
			<_6>-1,0</_6>
			<_7>-1,0</_7>
			<_8>-1,0</_8>
			<_9>-1,0</_9>
			<_10>-1,0</_10>
			<_11>3,0</_11>
			<_12>2,0</_12>
			<_13>2,0</_13>
			<_14>0,0</_14>
			<_15>-1,0</_15>
			<_16>4,0</_16>
			<_17>false</_17>
			<_18>true</_18>
			<_19>false</_19>
			<_20>false</_20>
			<_21>false</_21>
			<_22>true</_22>
			<_23>1,1</_23>
			<_24>-1,0</_24>
			<_25>-1,0</_25>
			<_26>-1,0</_26>
			<_27>-1,0</_27>
			<_28>-1,0</_28>
			<_29>-1,0</_29>
			<_30>-1,0</_30>
			<_31>-1,0</_31>
			<_32>-1,0</_32>
			<_33>-1,0</_33>
			<_34>-1,0</_34>
			<_35>-1,0</_35>
			<_36>-1,0</_36>
			<_37>-1,0</_37>
			<_38>-1,0</_38>
			<_39>-1,0</_39>
			<_40>-1,0</_40>
			<_41>-1,0</_41>
			<_42>-1,0</_42>
			<_43>-1,0</_43>
			<_44>-1,0</_44>
			<_45>-1,0</_45>
			<_46>-1,0</_46>
			<_47>-1,0</_47>
			<_48>-1,0</_48>
		</Mods>
		<DoorsOpen>
			<BackLeftDoor>false</BackLeftDoor>
			<BackRightDoor>false</BackRightDoor>
			<FrontLeftDoor>true</FrontLeftDoor>
			<FrontRightDoor>true</FrontRightDoor>
			<Hood>true</Hood>
			<Trunk>false</Trunk>
			<Trunk2>false</Trunk2>
		</DoorsOpen>
		<DoorsBroken>
			<BackLeftDoor>false</BackLeftDoor>
			<BackRightDoor>false</BackRightDoor>
			<FrontLeftDoor>true</FrontLeftDoor>
			<FrontRightDoor>true</FrontRightDoor>
			<Hood>true</Hood>
			<Trunk>false</Trunk>
			<Trunk2>false</Trunk2>
		</DoorsBroken>
		<TyresBursted>
			<FrontLeft>false</FrontLeft>
			<FrontRight>false</FrontRight>
			<_2>false</_2>
			<_3>false</_3>
			<BackLeft>false</BackLeft>
			<BackRight>false</BackRight>
			<_6>false</_6>
			<_7>false</_7>
			<_8>false</_8>
		</TyresBursted>
		<RpmMultiplier>1</RpmMultiplier>
		<TorqueMultiplier>1</TorqueMultiplier>
		<HeadlightIntensity>1</HeadlightIntensity>
	</VehicleProperties>
	<OpacityLevel>255</OpacityLevel>
	<LodDistance>500</LodDistance>
	<IsVisible>true</IsVisible>
	<IsDriverVisible>true</IsDriverVisible>
	<MaxHealth>1000</MaxHealth>
	<Health>1000</Health>
	<HasGravity>true</HasGravity>
	<IsOnFire>false</IsOnFire>
	<IsInvincible>true</IsInvincible>
	<IsBulletProof>true</IsBulletProof>
	<IsExplosionProof>true</IsExplosionProof>
	<IsFireProof>false</IsFireProof>
	<IsMeleeProof>true</IsMeleeProof>
	<IsOnlyDamagedByPlayer>false</IsOnlyDamagedByPlayer>
	<SpoonerAttachments SetAttachmentsPersistentAndAddToSpoonerDatabase="false" StartTaskSequencesOnLoad="true">
		<Attachment>
			<ModelHash>0xb7dd5fd1</ModelHash>
			<Type>3</Type>
			<Dynamic>false</Dynamic>
			<FrozenPos>true</FrozenPos>
			<HashName>p_rcss_folded</HashName>
			<InitialHandle>378905</InitialHandle>
			<ObjectProperties>
				<TextureVariation>0</TextureVariation>
			</ObjectProperties>
			<OpacityLevel>255</OpacityLevel>
			<LodDistance>16960</LodDistance>
			<IsVisible>true</IsVisible>
			<MaxHealth>1000</MaxHealth>
			<Health>1000</Health>
			<HasGravity>true</HasGravity>
			<IsOnFire>false</IsOnFire>
			<IsInvincible>false</IsInvincible>
			<IsBulletProof>false</IsBulletProof>
			<IsCollisionProof>false</IsCollisionProof>
			<IsExplosionProof>false</IsExplosionProof>
			<IsFireProof>false</IsFireProof>
			<IsMeleeProof>false</IsMeleeProof>
			<IsOnlyDamagedByPlayer>false</IsOnlyDamagedByPlayer>
			<PositionRotation>
				<X>150.329239</X>
				<Y>6584.45166</Y>
				<Z>32.0792618</Z>
				<Pitch>0.246645719</Pitch>
				<Roll>-0.192524239</Roll>
				<Yaw>98.3190842</Yaw>
			</PositionRotation>
			<Attachment isAttached="true">
				<AttachedTo>688913</AttachedTo>
				<BoneIndex>0</BoneIndex>
				<X>0.0996093377</X>
				<Y>-0.405947894</Y>
				<Z>0.851022959</Z>
				<Pitch>0.157798186</Pitch>
				<Roll>-0.121281825</Roll>
				<Yaw>179.205475</Yaw>
			</Attachment>
		</Attachment>
		<Attachment>
			<ModelHash>0x491b8ffa</ModelHash>
			<Type>3</Type>
			<Dynamic>false</Dynamic>
			<FrozenPos>true</FrozenPos>
			<HashName>prop_water_ramp_02</HashName>
			<InitialHandle>294938</InitialHandle>
			<ObjectProperties>
				<TextureVariation>0</TextureVariation>
			</ObjectProperties>
			<OpacityLevel>255</OpacityLevel>
			<LodDistance>16960</LodDistance>
			<IsVisible>true</IsVisible>
			<MaxHealth>1000</MaxHealth>
			<Health>1000</Health>
			<HasGravity>true</HasGravity>
			<IsOnFire>false</IsOnFire>
			<IsInvincible>false</IsInvincible>
			<IsBulletProof>false</IsBulletProof>
			<IsCollisionProof>false</IsCollisionProof>
			<IsExplosionProof>false</IsExplosionProof>
			<IsFireProof>false</IsFireProof>
			<IsMeleeProof>false</IsMeleeProof>
			<IsOnlyDamagedByPlayer>false</IsOnlyDamagedByPlayer>
			<PositionRotation>
				<X>152.490219</X>
				<Y>6585.35254</Y>
				<Z>31.4035416</Z>
				<Pitch>0.244450957</Pitch>
				<Roll>-0.195178196</Roll>
				<Yaw>100.051811</Yaw>
			</PositionRotation>
			<Attachment isAttached="true">
				<AttachedTo>688913</AttachedTo>
				<BoneIndex>0</BoneIndex>
				<X>-0.446777195</X>
				<Y>1.87146997</Y>
				<Z>0.178100631</Z>
				<Pitch>0.157798186</Pitch>
				<Roll>-0.121281825</Roll>
				<Yaw>180.938187</Yaw>
			</Attachment>
		</Attachment>
		<Attachment>
			<ModelHash>0x1fad22fb</ModelHash>
			<Type>3</Type>
			<Dynamic>false</Dynamic>
			<FrozenPos>true</FrozenPos>
			<HashName>prop_flattruck_01a</HashName>
			<InitialHandle>93210</InitialHandle>
			<ObjectProperties>
				<TextureVariation>0</TextureVariation>
			</ObjectProperties>
			<OpacityLevel>255</OpacityLevel>
			<LodDistance>16960</LodDistance>
			<IsVisible>true</IsVisible>
			<MaxHealth>1000</MaxHealth>
			<Health>1000</Health>
			<HasGravity>true</HasGravity>
			<IsOnFire>false</IsOnFire>
			<IsInvincible>false</IsInvincible>
			<IsBulletProof>false</IsBulletProof>
			<IsCollisionProof>false</IsCollisionProof>
			<IsExplosionProof>false</IsExplosionProof>
			<IsFireProof>false</IsFireProof>
			<IsMeleeProof>false</IsMeleeProof>
			<IsOnlyDamagedByPlayer>false</IsOnlyDamagedByPlayer>
			<PositionRotation>
				<X>147.969467</X>
				<Y>6584.16064</Y>
				<Z>31.4552174</Z>
				<Pitch>0.0876013413</Pitch>
				<Roll>-90.2109222</Roll>
				<Yaw>-172.3508</Yaw>
			</PositionRotation>
			<Attachment isAttached="true">
				<AttachedTo>688913</AttachedTo>
				<BoneIndex>0</BoneIndex>
				<X>0.0141647821</X>
				<Y>-2.7810998</Y>
				<Z>0.223225981</Z>
				<Pitch>0.157798186</Pitch>
				<Roll>-90.121254</Roll>
				<Yaw>268.535645</Yaw>
			</Attachment>
		</Attachment>
		<Attachment>
			<ModelHash>0x1fad22fb</ModelHash>
			<Type>3</Type>
			<Dynamic>false</Dynamic>
			<FrozenPos>true</FrozenPos>
			<HashName>prop_flattruck_01a</HashName>
			<InitialHandle>474652</InitialHandle>
			<ObjectProperties>
				<TextureVariation>0</TextureVariation>
			</ObjectProperties>
			<OpacityLevel>255</OpacityLevel>
			<LodDistance>16960</LodDistance>
			<IsVisible>true</IsVisible>
			<MaxHealth>1000</MaxHealth>
			<Health>1000</Health>
			<HasGravity>true</HasGravity>
			<IsOnFire>false</IsOnFire>
			<IsInvincible>false</IsInvincible>
			<IsBulletProof>false</IsBulletProof>
			<IsCollisionProof>false</IsCollisionProof>
			<IsExplosionProof>false</IsExplosionProof>
			<IsFireProof>false</IsFireProof>
			<IsMeleeProof>false</IsMeleeProof>
			<IsOnlyDamagedByPlayer>false</IsOnlyDamagedByPlayer>
			<PositionRotation>
				<X>147.937088</X>
				<Y>6584.24268</Y>
				<Z>31.4568977</Z>
				<Pitch>0.225691348</Pitch>
				<Roll>89.9701004</Roll>
				<Yaw>6.1925559</Yaw>
			</PositionRotation>
			<Attachment isAttached="true">
				<AttachedTo>688913</AttachedTo>
				<BoneIndex>0</BoneIndex>
				<X>-0.0722319782</X>
				<Y>-2.80002952</Y>
				<Z>0.224768609</Z>
				<Pitch>0.157799035</Pitch>
				<Roll>89.8786774</Roll>
				<Yaw>87.0794983</Yaw>
			</Attachment>
		</Attachment>
		<Attachment>
			<ModelHash>0x306e29b4</ModelHash>
			<Type>3</Type>
			<Dynamic>false</Dynamic>
			<FrozenPos>true</FrozenPos>
			<HashName>prop_ballistic_shield_lod1</HashName>
			<InitialHandle>52253</InitialHandle>
			<ObjectProperties>
				<TextureVariation>0</TextureVariation>
			</ObjectProperties>
			<OpacityLevel>255</OpacityLevel>
			<LodDistance>16960</LodDistance>
			<IsVisible>true</IsVisible>
			<MaxHealth>1000</MaxHealth>
			<Health>1000</Health>
			<HasGravity>true</HasGravity>
			<IsOnFire>false</IsOnFire>
			<IsInvincible>false</IsInvincible>
			<IsBulletProof>false</IsBulletProof>
			<IsCollisionProof>false</IsCollisionProof>
			<IsExplosionProof>false</IsExplosionProof>
			<IsFireProof>false</IsFireProof>
			<IsMeleeProof>false</IsMeleeProof>
			<IsOnlyDamagedByPlayer>false</IsOnlyDamagedByPlayer>
			<PositionRotation>
				<X>150.451279</X>
				<Y>6583.7583</Y>
				<Z>31.5244484</Z>
				<Pitch>0.237806678</Pitch>
				<Roll>-0.0691188797</Roll>
				<Yaw>10.6073551</Yaw>
			</PositionRotation>
			<Attachment isAttached="true">
				<AttachedTo>688913</AttachedTo>
				<BoneIndex>0</BoneIndex>
				<X>0.804343581</X>
				<Y>-0.394436061</Y>
				<Z>0.297116905</Z>
				<Pitch>0.163073674</Pitch>
				<Roll>-0.155051336</Roll>
				<Yaw>91.4942932</Yaw>
			</Attachment>
		</Attachment>
		<Attachment>
			<ModelHash>0x306e29b4</ModelHash>
			<Type>3</Type>
			<Dynamic>false</Dynamic>
			<FrozenPos>true</FrozenPos>
			<HashName>prop_ballistic_shield_lod1</HashName>
			<InitialHandle>445982</InitialHandle>
			<ObjectProperties>
				<TextureVariation>0</TextureVariation>
			</ObjectProperties>
			<OpacityLevel>255</OpacityLevel>
			<LodDistance>16960</LodDistance>
			<IsVisible>true</IsVisible>
			<MaxHealth>1000</MaxHealth>
			<Health>1000</Health>
			<HasGravity>true</HasGravity>
			<IsOnFire>false</IsOnFire>
			<IsInvincible>false</IsInvincible>
			<IsBulletProof>false</IsBulletProof>
			<IsCollisionProof>false</IsCollisionProof>
			<IsExplosionProof>false</IsExplosionProof>
			<IsFireProof>false</IsFireProof>
			<IsMeleeProof>false</IsMeleeProof>
			<IsOnlyDamagedByPlayer>false</IsOnlyDamagedByPlayer>
			<PositionRotation>
				<X>150.911026</X>
				<Y>6583.81738</Y>
				<Z>31.5489979</Z>
				<Pitch>0.229436606</Pitch>
				<Roll>-0.0625019073</Roll>
				<Yaw>5.23728609</Yaw>
			</PositionRotation>
			<Attachment isAttached="true">
				<AttachedTo>688913</AttachedTo>
				<BoneIndex>0</BoneIndex>
				<X>0.818801343</X>
				<Y>0.0688320175</Y>
				<Z>0.322394788</Z>
				<Pitch>0.163073674</Pitch>
				<Roll>-0.155051336</Roll>
				<Yaw>86.1242447</Yaw>
			</Attachment>
		</Attachment>
		<Attachment>
			<ModelHash>0x306e29b4</ModelHash>
			<Type>3</Type>
			<Dynamic>false</Dynamic>
			<FrozenPos>true</FrozenPos>
			<HashName>prop_ballistic_shield_lod1</HashName>
			<InitialHandle>290846</InitialHandle>
			<ObjectProperties>
				<TextureVariation>0</TextureVariation>
			</ObjectProperties>
			<OpacityLevel>255</OpacityLevel>
			<LodDistance>16960</LodDistance>
			<IsVisible>true</IsVisible>
			<MaxHealth>1000</MaxHealth>
			<Health>1000</Health>
			<HasGravity>true</HasGravity>
			<IsOnFire>false</IsOnFire>
			<IsInvincible>false</IsInvincible>
			<IsBulletProof>false</IsBulletProof>
			<IsCollisionProof>false</IsCollisionProof>
			<IsExplosionProof>false</IsExplosionProof>
			<IsFireProof>false</IsFireProof>
			<IsMeleeProof>false</IsMeleeProof>
			<IsOnlyDamagedByPlayer>false</IsOnlyDamagedByPlayer>
			<PositionRotation>
				<X>151.382706</X>
				<Y>6583.87305</Y>
				<Z>31.5434399</Z>
				<Pitch>0.216152579</Pitch>
				<Roll>-0.0770113915</Roll>
				<Yaw>8.72502613</Yaw>
			</PositionRotation>
			<Attachment isAttached="true">
				<AttachedTo>688913</AttachedTo>
				<BoneIndex>0</BoneIndex>
				<X>0.838538289</X>
				<Y>0.543379545</Y>
				<Z>0.317589521</Z>
				<Pitch>0.14428246</Pitch>
				<Roll>-0.165352076</Roll>
				<Yaw>89.6119385</Yaw>
			</Attachment>
		</Attachment>
		<Attachment>
			<ModelHash>0x306e29b4</ModelHash>
			<Type>3</Type>
			<Dynamic>false</Dynamic>
			<FrozenPos>true</FrozenPos>
			<HashName>prop_ballistic_shield_lod1</HashName>
			<InitialHandle>106271</InitialHandle>
			<ObjectProperties>
				<TextureVariation>0</TextureVariation>
			</ObjectProperties>
			<OpacityLevel>255</OpacityLevel>
			<LodDistance>16960</LodDistance>
			<IsVisible>true</IsVisible>
			<MaxHealth>1000</MaxHealth>
			<Health>1000</Health>
			<HasGravity>true</HasGravity>
			<IsOnFire>false</IsOnFire>
			<IsInvincible>false</IsInvincible>
			<IsBulletProof>false</IsBulletProof>
			<IsCollisionProof>false</IsCollisionProof>
			<IsExplosionProof>false</IsExplosionProof>
			<IsFireProof>false</IsFireProof>
			<IsMeleeProof>false</IsMeleeProof>
			<IsOnlyDamagedByPlayer>false</IsOnlyDamagedByPlayer>
			<PositionRotation>
				<X>151.147751</X>
				<Y>6585.5459</Y>
				<Z>31.5051746</Z>
				<Pitch>0.0881050825</Pitch>
				<Roll>-0.240777999</Roll>
				<Yaw>-169.23526</Yaw>
			</PositionRotation>
			<Attachment isAttached="true">
				<AttachedTo>688913</AttachedTo>
				<BoneIndex>0</BoneIndex>
				<X>-0.850338519</X>
				<Y>0.576411128</Y>
				<Z>0.277238429</Z>
				<Pitch>0.163073674</Pitch>
				<Roll>-0.155051336</Roll>
				<Yaw>271.651184</Yaw>
			</Attachment>
		</Attachment>
		<Attachment>
			<ModelHash>0x306e29b4</ModelHash>
			<Type>3</Type>
			<Dynamic>false</Dynamic>
			<FrozenPos>true</FrozenPos>
			<HashName>prop_ballistic_shield_lod1</HashName>
			<InitialHandle>776222</InitialHandle>
			<ObjectProperties>
				<TextureVariation>0</TextureVariation>
			</ObjectProperties>
			<OpacityLevel>255</OpacityLevel>
			<LodDistance>16960</LodDistance>
			<IsVisible>true</IsVisible>
			<MaxHealth>1000</MaxHealth>
			<Health>1000</Health>
			<HasGravity>true</HasGravity>
			<IsOnFire>false</IsOnFire>
			<IsInvincible>false</IsInvincible>
			<IsBulletProof>false</IsBulletProof>
			<IsCollisionProof>false</IsCollisionProof>
			<IsExplosionProof>false</IsExplosionProof>
			<IsFireProof>false</IsFireProof>
			<IsMeleeProof>false</IsMeleeProof>
			<IsOnlyDamagedByPlayer>false</IsOnlyDamagedByPlayer>
			<PositionRotation>
				<X>150.828903</X>
				<Y>6585.48486</Y>
				<Z>31.5060635</Z>
				<Pitch>0.0878463164</Pitch>
				<Roll>-0.240551025</Roll>
				<Yaw>-169.062073</Yaw>
			</PositionRotation>
			<Attachment isAttached="true">
				<AttachedTo>688913</AttachedTo>
				<BoneIndex>0</BoneIndex>
				<X>-0.840683579</X>
				<Y>0.251928657</Y>
				<Z>0.277641863</Z>
				<Pitch>0.163073674</Pitch>
				<Roll>-0.155051336</Roll>
				<Yaw>271.824371</Yaw>
			</Attachment>
		</Attachment>
		<Attachment>
			<ModelHash>0x306e29b4</ModelHash>
			<Type>3</Type>
			<Dynamic>false</Dynamic>
			<FrozenPos>true</FrozenPos>
			<HashName>prop_ballistic_shield_lod1</HashName>
			<InitialHandle>413983</InitialHandle>
			<ObjectProperties>
				<TextureVariation>0</TextureVariation>
			</ObjectProperties>
			<OpacityLevel>255</OpacityLevel>
			<LodDistance>16960</LodDistance>
			<IsVisible>true</IsVisible>
			<MaxHealth>1000</MaxHealth>
			<Health>1000</Health>
			<HasGravity>true</HasGravity>
			<IsOnFire>false</IsOnFire>
			<IsInvincible>false</IsInvincible>
			<IsBulletProof>false</IsBulletProof>
			<IsCollisionProof>false</IsCollisionProof>
			<IsExplosionProof>false</IsExplosionProof>
			<IsFireProof>false</IsFireProof>
			<IsMeleeProof>false</IsMeleeProof>
			<IsOnlyDamagedByPlayer>false</IsOnlyDamagedByPlayer>
			<PositionRotation>
				<X>150.18074</X>
				<Y>6585.36182</Y>
				<Z>31.5078716</Z>
				<Pitch>0.0878463164</Pitch>
				<Roll>-0.240551025</Roll>
				<Yaw>-169.062073</Yaw>
			</PositionRotation>
			<Attachment isAttached="true">
				<AttachedTo>688913</AttachedTo>
				<BoneIndex>0</BoneIndex>
				<X>-0.821570039</X>
				<Y>-0.407581359</Y>
				<Z>0.2784639</Z>
				<Pitch>0.163073674</Pitch>
				<Roll>-0.155051336</Roll>
				<Yaw>271.824371</Yaw>
			</Attachment>
		</Attachment>
		<Attachment>
			<ModelHash>0x306e29b4</ModelHash>
			<Type>3</Type>
			<Dynamic>false</Dynamic>
			<FrozenPos>true</FrozenPos>
			<HashName>prop_ballistic_shield_lod1</HashName>
			<InitialHandle>510239</InitialHandle>
			<ObjectProperties>
				<TextureVariation>0</TextureVariation>
			</ObjectProperties>
			<OpacityLevel>255</OpacityLevel>
			<LodDistance>16960</LodDistance>
			<IsVisible>true</IsVisible>
			<MaxHealth>1000</MaxHealth>
			<Health>1000</Health>
			<HasGravity>true</HasGravity>
			<IsOnFire>false</IsOnFire>
			<IsInvincible>false</IsInvincible>
			<IsBulletProof>false</IsBulletProof>
			<IsCollisionProof>false</IsCollisionProof>
			<IsExplosionProof>false</IsExplosionProof>
			<IsFireProof>false</IsFireProof>
			<IsMeleeProof>false</IsMeleeProof>
			<IsOnlyDamagedByPlayer>false</IsOnlyDamagedByPlayer>
			<PositionRotation>
				<X>150.561096</X>
				<Y>6585.39795</Y>
				<Z>31.5068588</Z>
				<Pitch>0.0878473446</Pitch>
				<Roll>-0.240551963</Roll>
				<Yaw>-169.062775</Yaw>
			</PositionRotation>
			<Attachment isAttached="true">
				<AttachedTo>688913</AttachedTo>
				<BoneIndex>0</BoneIndex>
				<X>-0.797003984</X>
				<Y>-0.0263117477</Y>
				<Z>0.278066784</Z>
				<Pitch>0.163073674</Pitch>
				<Roll>-0.155051336</Roll>
				<Yaw>271.823669</Yaw>
			</Attachment>
		</Attachment>
		<Attachment>
			<ModelHash>0xc17c1428</ModelHash>
			<Type>3</Type>
			<Dynamic>false</Dynamic>
			<FrozenPos>true</FrozenPos>
			<HashName>prop_rub_tyre_01</HashName>
			<InitialHandle>312866</InitialHandle>
			<ObjectProperties>
				<TextureVariation>0</TextureVariation>
			</ObjectProperties>
			<OpacityLevel>255</OpacityLevel>
			<LodDistance>16960</LodDistance>
			<IsVisible>true</IsVisible>
			<MaxHealth>1000</MaxHealth>
			<Health>1000</Health>
			<HasGravity>true</HasGravity>
			<IsOnFire>false</IsOnFire>
			<IsInvincible>false</IsInvincible>
			<IsBulletProof>false</IsBulletProof>
			<IsCollisionProof>false</IsCollisionProof>
			<IsExplosionProof>false</IsExplosionProof>
			<IsFireProof>false</IsFireProof>
			<IsMeleeProof>false</IsMeleeProof>
			<IsOnlyDamagedByPlayer>false</IsOnlyDamagedByPlayer>
			<PositionRotation>
				<X>149.905014</X>
				<Y>6583.64209</Y>
				<Z>31.9669628</Z>
				<Pitch>0.233021334</Pitch>
				<Roll>-0.0651806816</Roll>
				<Yaw>7.48893595</Yaw>
			</PositionRotation>
			<Attachment isAttached="true">
				<AttachedTo>688913</AttachedTo>
				<BoneIndex>0</BoneIndex>
				<X>0.831921101</X>
				<Y>-0.952878356</Y>
				<Z>0.73881042</Z>
				<Pitch>0.163073674</Pitch>
				<Roll>-0.155051336</Roll>
				<Yaw>88.3758698</Yaw>
			</Attachment>
		</Attachment>
		<Attachment>
			<ModelHash>0xc17c1428</ModelHash>
			<Type>3</Type>
			<Dynamic>false</Dynamic>
			<FrozenPos>true</FrozenPos>
			<HashName>prop_rub_tyre_01</HashName>
			<InitialHandle>405283</InitialHandle>
			<ObjectProperties>
				<TextureVariation>0</TextureVariation>
			</ObjectProperties>
			<OpacityLevel>255</OpacityLevel>
			<LodDistance>16960</LodDistance>
			<IsVisible>true</IsVisible>
			<MaxHealth>1000</MaxHealth>
			<Health>1000</Health>
			<HasGravity>true</HasGravity>
			<IsOnFire>false</IsOnFire>
			<IsInvincible>false</IsInvincible>
			<IsBulletProof>false</IsBulletProof>
			<IsCollisionProof>false</IsCollisionProof>
			<IsExplosionProof>false</IsExplosionProof>
			<IsFireProof>false</IsFireProof>
			<IsMeleeProof>false</IsMeleeProof>
			<IsOnlyDamagedByPlayer>false</IsOnlyDamagedByPlayer>
			<PositionRotation>
				<X>149.522797</X>
				<Y>6585.22656</Y>
				<Z>32.089592</Z>
				<Pitch>0.0879285187</Pitch>
				<Roll>-0.24062331</Roll>
				<Yaw>-169.117142</Yaw>
			</PositionRotation>
			<Attachment isAttached="true">
				<AttachedTo>688913</AttachedTo>
				<BoneIndex>0</BoneIndex>
				<X>-0.793219149</X>
				<Y>-1.07949054</Y>
				<Z>0.859190404</Z>
				<Pitch>0.163073674</Pitch>
				<Roll>-0.155051336</Roll>
				<Yaw>271.769287</Yaw>
			</Attachment>
		</Attachment>
		<Attachment>
			<ModelHash>0xd7f1d89c</ModelHash>
			<Type>3</Type>
			<Dynamic>false</Dynamic>
			<FrozenPos>true</FrozenPos>
			<HashName>prop_gascyl_02b</HashName>
			<InitialHandle>668963</InitialHandle>
			<ObjectProperties>
				<TextureVariation>0</TextureVariation>
			</ObjectProperties>
			<OpacityLevel>255</OpacityLevel>
			<LodDistance>16960</LodDistance>
			<IsVisible>true</IsVisible>
			<MaxHealth>1000</MaxHealth>
			<Health>1000</Health>
			<HasGravity>true</HasGravity>
			<IsOnFire>false</IsOnFire>
			<IsInvincible>false</IsInvincible>
			<IsBulletProof>false</IsBulletProof>
			<IsCollisionProof>false</IsCollisionProof>
			<IsExplosionProof>false</IsExplosionProof>
			<IsFireProof>false</IsFireProof>
			<IsMeleeProof>false</IsMeleeProof>
			<IsOnlyDamagedByPlayer>false</IsOnlyDamagedByPlayer>
			<PositionRotation>
				<X>148.609909</X>
				<Y>6584.54639</Y>
				<Z>31.8368397</Z>
				<Pitch>-69.9240875</Pitch>
				<Roll>0.0581168309</Roll>
				<Yaw>-80.2240067</Yaw>
			</PositionRotation>
			<Attachment isAttached="true">
				<AttachedTo>688913</AttachedTo>
				<BoneIndex>0</BoneIndex>
				<X>-0.265868634</X>
				<Y>-2.08821082</Y>
				<Z>0.605556846</Z>
				<Pitch>-69.8369446</Pitch>
				<Roll>-0.155053839</Roll>
				<Yaw>0.46245575</Yaw>
			</Attachment>
		</Attachment>
		<Attachment>
			<ModelHash>0xd7f1d89c</ModelHash>
			<Type>3</Type>
			<Dynamic>false</Dynamic>
			<FrozenPos>true</FrozenPos>
			<HashName>prop_gascyl_02b</HashName>
			<InitialHandle>126756</InitialHandle>
			<ObjectProperties>
				<TextureVariation>0</TextureVariation>
			</ObjectProperties>
			<OpacityLevel>255</OpacityLevel>
			<LodDistance>16960</LodDistance>
			<IsVisible>true</IsVisible>
			<MaxHealth>1000</MaxHealth>
			<Health>1000</Health>
			<HasGravity>true</HasGravity>
			<IsOnFire>false</IsOnFire>
			<IsInvincible>false</IsInvincible>
			<IsBulletProof>false</IsBulletProof>
			<IsCollisionProof>false</IsCollisionProof>
			<IsExplosionProof>false</IsExplosionProof>
			<IsFireProof>false</IsFireProof>
			<IsMeleeProof>false</IsMeleeProof>
			<IsOnlyDamagedByPlayer>false</IsOnlyDamagedByPlayer>
			<PositionRotation>
				<X>148.667435</X>
				<Y>6584.06641</Y>
				<Z>31.8388557</Z>
				<Pitch>-69.927681</Pitch>
				<Roll>0.0470822938</Roll>
				<Yaw>-82.6848068</Yaw>
			</PositionRotation>
			<Attachment isAttached="true">
				<AttachedTo>688913</AttachedTo>
				<BoneIndex>0</BoneIndex>
				<X>0.217253938</X>
				<Y>-2.10744929</Y>
				<Z>0.608156085</Z>
				<Pitch>-69.8374634</Pitch>
				<Roll>-0.155058831</Roll>
				<Yaw>-1.9879837</Yaw>
			</Attachment>
		</Attachment>
		<Attachment>
			<ModelHash>0x0dd75614</ModelHash>
			<Type>3</Type>
			<Dynamic>false</Dynamic>
			<FrozenPos>true</FrozenPos>
			<HashName>prop_car_engine_01</HashName>
			<InitialHandle>532261</InitialHandle>
			<ObjectProperties>
				<TextureVariation>0</TextureVariation>
			</ObjectProperties>
			<OpacityLevel>255</OpacityLevel>
			<LodDistance>16960</LodDistance>
			<IsVisible>true</IsVisible>
			<MaxHealth>1000</MaxHealth>
			<Health>1000</Health>
			<HasGravity>true</HasGravity>
			<IsOnFire>false</IsOnFire>
			<IsInvincible>false</IsInvincible>
			<IsBulletProof>false</IsBulletProof>
			<IsCollisionProof>false</IsCollisionProof>
			<IsExplosionProof>false</IsExplosionProof>
			<IsFireProof>false</IsFireProof>
			<IsMeleeProof>false</IsMeleeProof>
			<IsOnlyDamagedByPlayer>false</IsOnlyDamagedByPlayer>
			<PositionRotation>
				<X>151.998901</X>
				<Y>6584.72754</Y>
				<Z>31.417635</Z>
				<Pitch>0.249760717</Pitch>
				<Roll>-0.228907421</Roll>
				<Yaw>100.025192</Yaw>
			</PositionRotation>
			<Attachment isAttached="true">
				<AttachedTo>688913</AttachedTo>
				<BoneIndex>0</BoneIndex>
				<X>0.0923400894</X>
				<Y>1.28737593</Y>
				<Z>0.191980034</Z>
				<Pitch>0.163073674</Pitch>
				<Roll>-0.155051336</Roll>
				<Yaw>180.91156</Yaw>
			</Attachment>
		</Attachment>
		<Attachment>
			<ModelHash>0x451054d8</ModelHash>
			<Type>3</Type>
			<Dynamic>false</Dynamic>
			<FrozenPos>true</FrozenPos>
			<HashName>prop_car_battery_01</HashName>
			<InitialHandle>182567</InitialHandle>
			<ObjectProperties>
				<TextureVariation>0</TextureVariation>
			</ObjectProperties>
			<OpacityLevel>255</OpacityLevel>
			<LodDistance>16960</LodDistance>
			<IsVisible>true</IsVisible>
			<MaxHealth>1000</MaxHealth>
			<Health>1000</Health>
			<HasGravity>true</HasGravity>
			<IsOnFire>false</IsOnFire>
			<IsInvincible>false</IsInvincible>
			<IsBulletProof>false</IsBulletProof>
			<IsCollisionProof>false</IsCollisionProof>
			<IsExplosionProof>false</IsExplosionProof>
			<IsFireProof>false</IsFireProof>
			<IsMeleeProof>false</IsMeleeProof>
			<IsOnlyDamagedByPlayer>false</IsOnlyDamagedByPlayer>
			<PositionRotation>
				<X>152.023605</X>
				<Y>6584.15723</Y>
				<Z>31.6389465</Z>
				<Pitch>0.19285056</Pitch>
				<Roll>-0.0512376167</Roll>
				<Yaw>7.08911419</Yaw>
			</PositionRotation>
			<Attachment isAttached="true">
				<AttachedTo>688913</AttachedTo>
				<BoneIndex>0</BoneIndex>
				<X>0.659498751</X>
				<Y>1.22102606</Y>
				<Z>0.413907737</Z>
				<Pitch>0.123531714</Pitch>
				<Roll>-0.141594037</Roll>
				<Yaw>87.9759979</Yaw>
			</Attachment>
		</Attachment>
		<Attachment>
			<ModelHash>0x1f5a3957</ModelHash>
			<Type>3</Type>
			<Dynamic>false</Dynamic>
			<FrozenPos>true</FrozenPos>
			<HashName>prop_fnclink_01gate1</HashName>
			<InitialHandle>596776</InitialHandle>
			<ObjectProperties>
				<TextureVariation>0</TextureVariation>
			</ObjectProperties>
			<OpacityLevel>255</OpacityLevel>
			<LodDistance>16960</LodDistance>
			<IsVisible>true</IsVisible>
			<MaxHealth>1000</MaxHealth>
			<Health>1000</Health>
			<HasGravity>true</HasGravity>
			<IsOnFire>false</IsOnFire>
			<IsInvincible>false</IsInvincible>
			<IsBulletProof>false</IsBulletProof>
			<IsCollisionProof>false</IsCollisionProof>
			<IsExplosionProof>false</IsExplosionProof>
			<IsFireProof>false</IsFireProof>
			<IsMeleeProof>false</IsMeleeProof>
			<IsOnlyDamagedByPlayer>false</IsOnlyDamagedByPlayer>
			<PositionRotation>
				<X>151.332748</X>
				<Y>6584.98975</Y>
				<Z>31.7941055</Z>
				<Pitch>-59.7760239</Pitch>
				<Roll>-0.248402596</Roll>
				<Yaw>87.673912</Yaw>
			</PositionRotation>
			<Attachment isAttached="true">
				<AttachedTo>688913</AttachedTo>
				<BoneIndex>0</BoneIndex>
				<X>-0.272371352</X>
				<Y>0.670553684</Y>
				<Z>0.567044497</Z>
				<Pitch>-59.8764648</Pitch>
				<Roll>-0.141593933</Roll>
				<Yaw>168.652893</Yaw>
			</Attachment>
		</Attachment>
	</SpoonerAttachments>
</Vehicle>
