<?xml version="1.0" encoding="ISO-8859-1"?>
<Vehicle menyoo_ver="0.9998744b">
	<ModelHash>0x2dff622f</ModelHash>
	<InitialHandle>640285</InitialHandle>
	<VehicleProperties>
		<Colours>
			<Primary>132</Primary>
			<Secondary>0</Secondary>
			<Pearl>122</Pearl>
			<Rim>156</Rim>
			<Mod1_a>0</Mod1_a>
			<Mod1_b>1</Mod1_b>
			<Mod1_c>7602259</Mod1_c>
			<Mod2_a>7209057</Mod2_a>
			<Mod2_b>6357092</Mod2_b>
			<IsPrimaryColourCustom>false</IsPrimaryColourCustom>
			<IsSecondaryColourCustom>false</IsSecondaryColourCustom>
			<tyreSmoke_R>255</tyreSmoke_R>
			<tyreSmoke_G>255</tyreSmoke_G>
			<tyreSmoke_B>255</tyreSmoke_B>
			<LrInterior>0</LrInterior>
			<LrDashboard>0</LrDashboard>
		</Colours>
		<Livery>-1</Livery>
		<NumberPlateText>25GZW866</NumberPlateText>
		<NumberPlateIndex>4</NumberPlateIndex>
		<WheelType>0</WheelType>
		<WheelsInvisible>false</WheelsInvisible>
		<EngineSoundName></EngineSoundName>
		<WindowTint>-1</WindowTint>
		<BulletProofTyres>false</BulletProofTyres>
		<DirtLevel>0</DirtLevel>
		<PaintFade>0.298039228</PaintFade>
		<RoofState>0</RoofState>
		<SirenActive>false</SirenActive>
		<EngineOn>true</EngineOn>
		<EngineHealth>1000</EngineHealth>
		<LightsOn>true</LightsOn>
		<IsRadioLoud>0</IsRadioLoud>
		<LockStatus>1</LockStatus>
		<Neons>
			<Left>false</Left>
			<Right>false</Right>
			<Front>false</Front>
			<Back>false</Back>
			<R>255</R>
			<G>0</G>
			<B>255</B>
		</Neons>
		<ModExtras />
		<Mods>
			<_0>-1,0</_0>
			<_1>-1,0</_1>
			<_2>-1,0</_2>
			<_3>-1,0</_3>
			<_4>-1,0</_4>
			<_5>-1,0</_5>
			<_6>-1,0</_6>
			<_7>-1,0</_7>
			<_8>-1,0</_8>
			<_9>-1,0</_9>
			<_10>-1,0</_10>
			<_11>-1,0</_11>
			<_12>-1,0</_12>
			<_13>-1,0</_13>
			<_14>-1,0</_14>
			<_15>-1,0</_15>
			<_16>-1,0</_16>
			<_17>false</_17>
			<_18>false</_18>
			<_19>false</_19>
			<_20>false</_20>
			<_21>false</_21>
			<_22>false</_22>
			<_23>-1,0</_23>
			<_24>-1,0</_24>
			<_25>-1,0</_25>
			<_26>-1,0</_26>
			<_27>-1,0</_27>
			<_28>-1,0</_28>
			<_29>-1,0</_29>
			<_30>-1,0</_30>
			<_31>-1,0</_31>
			<_32>-1,0</_32>
			<_33>-1,0</_33>
			<_34>-1,0</_34>
			<_35>-1,0</_35>
			<_36>-1,0</_36>
			<_37>-1,0</_37>
			<_38>-1,0</_38>
			<_39>-1,0</_39>
			<_40>-1,0</_40>
			<_41>-1,0</_41>
			<_42>-1,0</_42>
			<_43>-1,0</_43>
			<_44>-1,0</_44>
			<_45>-1,0</_45>
			<_46>-1,0</_46>
			<_47>-1,0</_47>
			<_48>-1,0</_48>
		</Mods>
		<DoorsOpen>
			<BackLeftDoor>false</BackLeftDoor>
			<BackRightDoor>false</BackRightDoor>
			<FrontLeftDoor>false</FrontLeftDoor>
			<FrontRightDoor>false</FrontRightDoor>
			<Hood>false</Hood>
			<Trunk>false</Trunk>
			<Trunk2>false</Trunk2>
		</DoorsOpen>
		<DoorsBroken>
			<BackLeftDoor>false</BackLeftDoor>
			<BackRightDoor>false</BackRightDoor>
			<FrontLeftDoor>false</FrontLeftDoor>
			<FrontRightDoor>false</FrontRightDoor>
			<Hood>false</Hood>
			<Trunk>false</Trunk>
			<Trunk2>false</Trunk2>
		</DoorsBroken>
		<TyresBursted>
			<FrontLeft>false</FrontLeft>
			<FrontRight>false</FrontRight>
			<_2>false</_2>
			<_3>false</_3>
			<BackLeft>false</BackLeft>
			<BackRight>false</BackRight>
			<_6>false</_6>
			<_7>false</_7>
			<_8>false</_8>
		</TyresBursted>
	</VehicleProperties>
	<OpacityLevel>255</OpacityLevel>
	<LodDistance>16960</LodDistance>
	<IsVisible>true</IsVisible>
	<IsDriverVisible>true</IsDriverVisible>
	<MaxHealth>1000</MaxHealth>
	<Health>1000</Health>
	<HasGravity>true</HasGravity>
	<IsOnFire>false</IsOnFire>
	<IsInvincible>false</IsInvincible>
	<IsBulletProof>false</IsBulletProof>
	<IsExplosionProof>false</IsExplosionProof>
	<IsFireProof>false</IsFireProof>
	<IsMeleeProof>false</IsMeleeProof>
	<IsOnlyDamagedByPlayer>false</IsOnlyDamagedByPlayer>
	<SpoonerAttachments SetAttachmentsPersistentAndAddToSpoonerDatabase="false" StartTaskSequencesOnLoad="true">
		<Attachment>
			<ModelHash>0xc4cd1a66</ModelHash>
			<Type>3</Type>
			<Dynamic>false</Dynamic>
			<FrozenPos>true</FrozenPos>
			<HashName>prop_byard_machine03</HashName>
			<InitialHandle>685600</InitialHandle>
			<ObjectProperties>
				<TextureVariation>0</TextureVariation>
			</ObjectProperties>
			<OpacityLevel>255</OpacityLevel>
			<LodDistance>16960</LodDistance>
			<IsVisible>true</IsVisible>
			<MaxHealth>1000</MaxHealth>
			<Health>1000</Health>
			<HasGravity>true</HasGravity>
			<IsOnFire>false</IsOnFire>
			<IsInvincible>false</IsInvincible>
			<IsBulletProof>false</IsBulletProof>
			<IsCollisionProof>false</IsCollisionProof>
			<IsExplosionProof>false</IsExplosionProof>
			<IsFireProof>false</IsFireProof>
			<IsMeleeProof>false</IsMeleeProof>
			<IsOnlyDamagedByPlayer>false</IsOnlyDamagedByPlayer>
			<PositionRotation>
				<X>3192.46899</X>
				<Y>2011.57446</Y>
				<Z>-0.558103919</Z>
				<Pitch>-1.24533951</Pitch>
				<Roll>1.61531305</Roll>
				<Yaw>26.7639561</Yaw>
			</PositionRotation>
			<Attachment isAttached="true">
				<AttachedTo>640285</AttachedTo>
				<BoneIndex>0</BoneIndex>
				<X>0.783171296</X>
				<Y>-3.27559566</Y>
				<Z>0.917575836</Z>
				<Pitch>-0.000607913127</Pitch>
				<Roll>0.00119428092</Roll>
				<Yaw>90.6183167</Yaw>
			</Attachment>
		</Attachment>
		<Attachment>
			<ModelHash>0xb11eb1ed</ModelHash>
			<Type>3</Type>
			<Dynamic>false</Dynamic>
			<FrozenPos>true</FrozenPos>
			<HashName>prop_byard_pipe_01</HashName>
			<InitialHandle>544801</InitialHandle>
			<ObjectProperties>
				<TextureVariation>0</TextureVariation>
			</ObjectProperties>
			<OpacityLevel>255</OpacityLevel>
			<LodDistance>16960</LodDistance>
			<IsVisible>true</IsVisible>
			<MaxHealth>1000</MaxHealth>
			<Health>1000</Health>
			<HasGravity>true</HasGravity>
			<IsOnFire>false</IsOnFire>
			<IsInvincible>false</IsInvincible>
			<IsBulletProof>false</IsBulletProof>
			<IsCollisionProof>false</IsCollisionProof>
			<IsExplosionProof>false</IsExplosionProof>
			<IsFireProof>false</IsFireProof>
			<IsMeleeProof>false</IsMeleeProof>
			<IsOnlyDamagedByPlayer>false</IsOnlyDamagedByPlayer>
			<PositionRotation>
				<X>3195.28833</X>
				<Y>2012.99792</Y>
				<Z>0.052780509</Z>
				<Pitch>1.60803688</Pitch>
				<Roll>1.25299251</Roll>
				<Yaw>116.495102</Yaw>
			</PositionRotation>
			<Attachment isAttached="true">
				<AttachedTo>640285</AttachedTo>
				<BoneIndex>0</BoneIndex>
				<X>0.761158049</X>
				<Y>-0.135838404</Y>
				<Z>1.61706626</Z>
				<Pitch>-0.000607913127</Pitch>
				<Roll>0.00119428092</Roll>
				<Yaw>180.384583</Yaw>
			</Attachment>
		</Attachment>
		<Attachment>
			<ModelHash>0xb2274905</ModelHash>
			<Type>3</Type>
			<Dynamic>false</Dynamic>
			<FrozenPos>true</FrozenPos>
			<HashName>prop_ld_bomb_01</HashName>
			<InitialHandle>259362</InitialHandle>
			<ObjectProperties>
				<TextureVariation>0</TextureVariation>
			</ObjectProperties>
			<OpacityLevel>255</OpacityLevel>
			<LodDistance>16960</LodDistance>
			<IsVisible>true</IsVisible>
			<MaxHealth>1000</MaxHealth>
			<Health>1000</Health>
			<HasGravity>true</HasGravity>
			<IsOnFire>false</IsOnFire>
			<IsInvincible>false</IsInvincible>
			<IsBulletProof>false</IsBulletProof>
			<IsCollisionProof>false</IsCollisionProof>
			<IsExplosionProof>false</IsExplosionProof>
			<IsFireProof>false</IsFireProof>
			<IsMeleeProof>false</IsMeleeProof>
			<IsOnlyDamagedByPlayer>false</IsOnlyDamagedByPlayer>
			<PositionRotation>
				<X>3194.78687</X>
				<Y>2012.74878</Y>
				<Z>0.0746699572</Z>
				<Pitch>1.6230129</Pitch>
				<Roll>1.23350358</Roll>
				<Yaw>117.186111</Yaw>
			</PositionRotation>
			<Attachment isAttached="true">
				<AttachedTo>640285</AttachedTo>
				<BoneIndex>0</BoneIndex>
				<X>0.764369965</X>
				<Y>-0.696241677</Y>
				<Z>1.62323952</Z>
				<Pitch>-0.000607913127</Pitch>
				<Roll>0.00119428092</Roll>
				<Yaw>181.07547</Yaw>
			</Attachment>
		</Attachment>
		<Attachment>
			<ModelHash>0xb2274905</ModelHash>
			<Type>3</Type>
			<Dynamic>false</Dynamic>
			<FrozenPos>true</FrozenPos>
			<HashName>prop_ld_bomb_01</HashName>
			<InitialHandle>639780</InitialHandle>
			<ObjectProperties>
				<TextureVariation>0</TextureVariation>
			</ObjectProperties>
			<OpacityLevel>255</OpacityLevel>
			<LodDistance>16960</LodDistance>
			<IsVisible>true</IsVisible>
			<MaxHealth>1000</MaxHealth>
			<Health>1000</Health>
			<HasGravity>true</HasGravity>
			<IsOnFire>false</IsOnFire>
			<IsInvincible>false</IsInvincible>
			<IsBulletProof>false</IsBulletProof>
			<IsCollisionProof>false</IsCollisionProof>
			<IsExplosionProof>false</IsExplosionProof>
			<IsFireProof>false</IsFireProof>
			<IsMeleeProof>false</IsMeleeProof>
			<IsOnlyDamagedByPlayer>false</IsOnlyDamagedByPlayer>
			<PositionRotation>
				<X>3192.49854</X>
				<Y>2012.93726</Y>
				<Z>-0.14001286</Z>
				<Pitch>1.60417438</Pitch>
				<Roll>1.25794065</Roll>
				<Yaw>116.318619</Yaw>
			</PositionRotation>
			<Attachment isAttached="true">
				<AttachedTo>640285</AttachedTo>
				<BoneIndex>0</BoneIndex>
				<X>-0.417588979</X>
				<Y>-2.66122317</Y>
				<Z>1.37956309</Z>
				<Pitch>-0.000607913127</Pitch>
				<Roll>0.00119428092</Roll>
				<Yaw>180.20813</Yaw>
			</Attachment>
		</Attachment>
		<Attachment>
			<ModelHash>0xb2274905</ModelHash>
			<Type>3</Type>
			<Dynamic>false</Dynamic>
			<FrozenPos>true</FrozenPos>
			<HashName>prop_ld_bomb_01</HashName>
			<InitialHandle>55827</InitialHandle>
			<ObjectProperties>
				<TextureVariation>0</TextureVariation>
			</ObjectProperties>
			<OpacityLevel>255</OpacityLevel>
			<LodDistance>16960</LodDistance>
			<IsVisible>true</IsVisible>
			<MaxHealth>1000</MaxHealth>
			<Health>1000</Health>
			<HasGravity>true</HasGravity>
			<IsOnFire>false</IsOnFire>
			<IsInvincible>false</IsInvincible>
			<IsBulletProof>false</IsBulletProof>
			<IsCollisionProof>false</IsCollisionProof>
			<IsExplosionProof>false</IsExplosionProof>
			<IsFireProof>false</IsFireProof>
			<IsMeleeProof>false</IsMeleeProof>
			<IsOnlyDamagedByPlayer>false</IsOnlyDamagedByPlayer>
			<PositionRotation>
				<X>3192.3999</X>
				<Y>2013.12634</Y>
				<Z>-0.144218087</Z>
				<Pitch>1.57331109</Pitch>
				<Roll>1.29638755</Roll>
				<Yaw>114.932518</Yaw>
			</PositionRotation>
			<Attachment isAttached="true">
				<AttachedTo>640285</AttachedTo>
				<BoneIndex>0</BoneIndex>
				<X>-0.630894184</X>
				<Y>-2.6665988</Y>
				<Z>1.37990618</Z>
				<Pitch>-0.000607913127</Pitch>
				<Roll>0.00119428092</Roll>
				<Yaw>178.822205</Yaw>
			</Attachment>
		</Attachment>
		<Attachment>
			<ModelHash>0xb2274905</ModelHash>
			<Type>3</Type>
			<Dynamic>false</Dynamic>
			<FrozenPos>true</FrozenPos>
			<HashName>prop_ld_bomb_01</HashName>
			<InitialHandle>95510</InitialHandle>
			<ObjectProperties>
				<TextureVariation>0</TextureVariation>
			</ObjectProperties>
			<OpacityLevel>255</OpacityLevel>
			<LodDistance>16960</LodDistance>
			<IsVisible>true</IsVisible>
			<MaxHealth>1000</MaxHealth>
			<Health>1000</Health>
			<HasGravity>true</HasGravity>
			<IsOnFire>false</IsOnFire>
			<IsInvincible>false</IsInvincible>
			<IsBulletProof>false</IsBulletProof>
			<IsCollisionProof>false</IsCollisionProof>
			<IsExplosionProof>false</IsExplosionProof>
			<IsFireProof>false</IsFireProof>
			<IsMeleeProof>false</IsMeleeProof>
			<IsOnlyDamagedByPlayer>false</IsOnlyDamagedByPlayer>
			<PositionRotation>
				<X>3192.30005</X>
				<Y>2013.38867</Y>
				<Z>-0.150713563</Z>
				<Pitch>1.64869463</Pitch>
				<Roll>1.19890928</Roll>
				<Yaw>118.397446</Yaw>
			</PositionRotation>
			<Attachment isAttached="true">
				<AttachedTo>640285</AttachedTo>
				<BoneIndex>0</BoneIndex>
				<X>-0.910468578</X>
				<Y>-2.64064169</Y>
				<Z>1.38029361</Z>
				<Pitch>-0.000607913127</Pitch>
				<Roll>0.00119428092</Roll>
				<Yaw>182.286591</Yaw>
			</Attachment>
		</Attachment>
		<Attachment>
			<ModelHash>0xb2274905</ModelHash>
			<Type>3</Type>
			<Dynamic>false</Dynamic>
			<FrozenPos>true</FrozenPos>
			<HashName>prop_ld_bomb_01</HashName>
			<InitialHandle>373541</InitialHandle>
			<ObjectProperties>
				<TextureVariation>0</TextureVariation>
			</ObjectProperties>
			<OpacityLevel>255</OpacityLevel>
			<LodDistance>16960</LodDistance>
			<IsVisible>true</IsVisible>
			<MaxHealth>1000</MaxHealth>
			<Health>1000</Health>
			<HasGravity>true</HasGravity>
			<IsOnFire>false</IsOnFire>
			<IsInvincible>false</IsInvincible>
			<IsBulletProof>false</IsBulletProof>
			<IsCollisionProof>false</IsCollisionProof>
			<IsExplosionProof>false</IsExplosionProof>
			<IsFireProof>false</IsFireProof>
			<IsMeleeProof>false</IsMeleeProof>
			<IsOnlyDamagedByPlayer>false</IsOnlyDamagedByPlayer>
			<PositionRotation>
				<X>3192.50488</X>
				<Y>2013.01489</Y>
				<Z>0.0340536833</Z>
				<Pitch>1.60035467</Pitch>
				<Roll>1.26280367</Roll>
				<Yaw>116.144775</Yaw>
			</PositionRotation>
			<Attachment isAttached="true">
				<AttachedTo>640285</AttachedTo>
				<BoneIndex>0</BoneIndex>
				<X>-0.480677485</X>
				<Y>-2.6262784</Y>
				<Z>1.55610681</Z>
				<Pitch>-0.000607913127</Pitch>
				<Roll>0.00119428092</Roll>
				<Yaw>180.034302</Yaw>
			</Attachment>
		</Attachment>
		<Attachment>
			<ModelHash>0xb2274905</ModelHash>
			<Type>3</Type>
			<Dynamic>false</Dynamic>
			<FrozenPos>true</FrozenPos>
			<HashName>prop_ld_bomb_01</HashName>
			<InitialHandle>638244</InitialHandle>
			<ObjectProperties>
				<TextureVariation>0</TextureVariation>
			</ObjectProperties>
			<OpacityLevel>255</OpacityLevel>
			<LodDistance>16960</LodDistance>
			<IsVisible>true</IsVisible>
			<MaxHealth>1000</MaxHealth>
			<Health>1000</Health>
			<HasGravity>true</HasGravity>
			<IsOnFire>false</IsOnFire>
			<IsInvincible>false</IsInvincible>
			<IsBulletProof>false</IsBulletProof>
			<IsCollisionProof>false</IsCollisionProof>
			<IsExplosionProof>false</IsExplosionProof>
			<IsFireProof>false</IsFireProof>
			<IsMeleeProof>false</IsMeleeProof>
			<IsOnlyDamagedByPlayer>false</IsOnlyDamagedByPlayer>
			<PositionRotation>
				<X>3192.24194</X>
				<Y>2013.28149</Y>
				<Z>0.0302741528</Z>
				<Pitch>1.56937253</Pitch>
				<Roll>1.30115914</Roll>
				<Yaw>114.758568</Yaw>
			</PositionRotation>
			<Attachment isAttached="true">
				<AttachedTo>640285</AttachedTo>
				<BoneIndex>0</BoneIndex>
				<X>-0.835876167</X>
				<Y>-2.74499869</Y>
				<Z>1.55683589</Z>
				<Pitch>-0.000607913127</Pitch>
				<Roll>0.00119428092</Roll>
				<Yaw>178.648285</Yaw>
			</Attachment>
		</Attachment>
		<Attachment>
			<ModelHash>0xb2274905</ModelHash>
			<Type>3</Type>
			<Dynamic>false</Dynamic>
			<FrozenPos>true</FrozenPos>
			<HashName>prop_ld_bomb_01</HashName>
			<InitialHandle>299557</InitialHandle>
			<ObjectProperties>
				<TextureVariation>0</TextureVariation>
			</ObjectProperties>
			<OpacityLevel>255</OpacityLevel>
			<LodDistance>16960</LodDistance>
			<IsVisible>true</IsVisible>
			<MaxHealth>1000</MaxHealth>
			<Health>1000</Health>
			<HasGravity>true</HasGravity>
			<IsOnFire>false</IsOnFire>
			<IsInvincible>false</IsInvincible>
			<IsBulletProof>false</IsBulletProof>
			<IsCollisionProof>false</IsCollisionProof>
			<IsExplosionProof>false</IsExplosionProof>
			<IsFireProof>false</IsFireProof>
			<IsMeleeProof>false</IsMeleeProof>
			<IsOnlyDamagedByPlayer>false</IsOnlyDamagedByPlayer>
			<PositionRotation>
				<X>3192.34692</X>
				<Y>2013.10986</Y>
				<Z>0.0337769985</Z>
				<Pitch>1.67013133</Pitch>
				<Roll>1.16881669</Roll>
				<Yaw>119.436218</Yaw>
			</PositionRotation>
			<Attachment isAttached="true">
				<AttachedTo>640285</AttachedTo>
				<BoneIndex>0</BoneIndex>
				<X>-0.635459781</X>
				<Y>-2.72620225</Y>
				<Z>1.55644917</Z>
				<Pitch>-0.000607913127</Pitch>
				<Roll>0.00119428092</Roll>
				<Yaw>183.32515</Yaw>
			</Attachment>
		</Attachment>
		<Attachment>
			<ModelHash>0xb2274905</ModelHash>
			<Type>3</Type>
			<Dynamic>false</Dynamic>
			<FrozenPos>true</FrozenPos>
			<HashName>prop_ld_bomb_01</HashName>
			<InitialHandle>489509</InitialHandle>
			<ObjectProperties>
				<TextureVariation>0</TextureVariation>
			</ObjectProperties>
			<OpacityLevel>255</OpacityLevel>
			<LodDistance>16960</LodDistance>
			<IsVisible>true</IsVisible>
			<MaxHealth>1000</MaxHealth>
			<Health>1000</Health>
			<HasGravity>true</HasGravity>
			<IsOnFire>false</IsOnFire>
			<IsInvincible>false</IsInvincible>
			<IsBulletProof>false</IsBulletProof>
			<IsCollisionProof>false</IsCollisionProof>
			<IsExplosionProof>false</IsExplosionProof>
			<IsFireProof>false</IsFireProof>
			<IsMeleeProof>false</IsMeleeProof>
			<IsOnlyDamagedByPlayer>false</IsOnlyDamagedByPlayer>
			<PositionRotation>
				<X>3192.34741</X>
				<Y>2013.17566</Y>
				<Z>0.208314896</Z>
				<Pitch>1.56418025</Pitch>
				<Roll>1.30828071</Roll>
				<Yaw>114.584999</Yaw>
			</PositionRotation>
			<Attachment isAttached="true">
				<AttachedTo>640285</AttachedTo>
				<BoneIndex>0</BoneIndex>
				<X>-0.690480888</X>
				<Y>-2.70178986</Y>
				<Z>1.73299229</Z>
				<Pitch>-0.00185531331</Pitch>
				<Roll>0.0035662381</Roll>
				<Yaw>178.474701</Yaw>
			</Attachment>
		</Attachment>
		<Attachment>
			<ModelHash>0xb2274905</ModelHash>
			<Type>3</Type>
			<Dynamic>false</Dynamic>
			<FrozenPos>true</FrozenPos>
			<HashName>prop_ld_bomb_01</HashName>
			<InitialHandle>460583</InitialHandle>
			<ObjectProperties>
				<TextureVariation>0</TextureVariation>
			</ObjectProperties>
			<OpacityLevel>255</OpacityLevel>
			<LodDistance>16960</LodDistance>
			<IsVisible>true</IsVisible>
			<MaxHealth>1000</MaxHealth>
			<Health>1000</Health>
			<HasGravity>true</HasGravity>
			<IsOnFire>false</IsOnFire>
			<IsInvincible>false</IsInvincible>
			<IsBulletProof>false</IsBulletProof>
			<IsCollisionProof>false</IsCollisionProof>
			<IsExplosionProof>false</IsExplosionProof>
			<IsFireProof>false</IsFireProof>
			<IsMeleeProof>false</IsMeleeProof>
			<IsOnlyDamagedByPlayer>false</IsOnlyDamagedByPlayer>
			<PositionRotation>
				<X>3191.80078</X>
				<Y>2011.91748</Y>
				<Z>0.00320255756</Z>
				<Pitch>1.6303153</Pitch>
				<Roll>1.22382188</Roll>
				<Yaw>117.527046</Yaw>
			</PositionRotation>
			<Attachment isAttached="true">
				<AttachedTo>640285</AttachedTo>
				<BoneIndex>0</BoneIndex>
				<X>0.193321779</X>
				<Y>-3.74027491</Y>
				<Z>1.47925317</Z>
				<Pitch>-0.000607913127</Pitch>
				<Roll>0.00119428092</Roll>
				<Yaw>181.416351</Yaw>
			</Attachment>
		</Attachment>
		<Attachment>
			<ModelHash>0xb2274905</ModelHash>
			<Type>3</Type>
			<Dynamic>false</Dynamic>
			<FrozenPos>true</FrozenPos>
			<HashName>prop_ld_bomb_01</HashName>
			<InitialHandle>426791</InitialHandle>
			<ObjectProperties>
				<TextureVariation>0</TextureVariation>
			</ObjectProperties>
			<OpacityLevel>255</OpacityLevel>
			<LodDistance>16960</LodDistance>
			<IsVisible>true</IsVisible>
			<MaxHealth>1000</MaxHealth>
			<Health>1000</Health>
			<HasGravity>true</HasGravity>
			<IsOnFire>false</IsOnFire>
			<IsInvincible>false</IsInvincible>
			<IsBulletProof>false</IsBulletProof>
			<IsCollisionProof>false</IsCollisionProof>
			<IsExplosionProof>false</IsExplosionProof>
			<IsFireProof>false</IsFireProof>
			<IsMeleeProof>false</IsMeleeProof>
			<IsOnlyDamagedByPlayer>false</IsOnlyDamagedByPlayer>
			<PositionRotation>
				<X>3191.81763</X>
				<Y>2011.83398</Y>
				<Z>0.165716648</Z>
				<Pitch>1.6116451</Pitch>
				<Roll>1.24834132</Roll>
				<Yaw>116.660591</Yaw>
			</PositionRotation>
			<Attachment isAttached="true">
				<AttachedTo>640285</AttachedTo>
				<BoneIndex>0</BoneIndex>
				<X>0.279210865</X>
				<Y>-3.76634741</Y>
				<Z>1.63924861</Z>
				<Pitch>-0.000607913127</Pitch>
				<Roll>0.00119428092</Roll>
				<Yaw>180.550049</Yaw>
			</Attachment>
		</Attachment>
		<Attachment>
			<ModelHash>0xb2274905</ModelHash>
			<Type>3</Type>
			<Dynamic>false</Dynamic>
			<FrozenPos>true</FrozenPos>
			<HashName>prop_ld_bomb_01</HashName>
			<InitialHandle>584999</InitialHandle>
			<ObjectProperties>
				<TextureVariation>0</TextureVariation>
			</ObjectProperties>
			<OpacityLevel>255</OpacityLevel>
			<LodDistance>16960</LodDistance>
			<IsVisible>true</IsVisible>
			<MaxHealth>1000</MaxHealth>
			<Health>1000</Health>
			<HasGravity>true</HasGravity>
			<IsOnFire>false</IsOnFire>
			<IsInvincible>false</IsInvincible>
			<IsBulletProof>false</IsBulletProof>
			<IsCollisionProof>false</IsCollisionProof>
			<IsExplosionProof>false</IsExplosionProof>
			<IsFireProof>false</IsFireProof>
			<IsMeleeProof>false</IsMeleeProof>
			<IsOnlyDamagedByPlayer>false</IsOnlyDamagedByPlayer>
			<PositionRotation>
				<X>3191.86646</X>
				<Y>2011.70044</Y>
				<Z>0.295871615</Z>
				<Pitch>1.6339922</Pitch>
				<Roll>1.21890116</Roll>
				<Yaw>117.699738</Yaw>
			</PositionRotation>
			<Attachment isAttached="true">
				<AttachedTo>640285</AttachedTo>
				<BoneIndex>0</BoneIndex>
				<X>0.423460215</X>
				<Y>-3.78493237</Y>
				<Z>1.76578748</Z>
				<Pitch>-0.000607913127</Pitch>
				<Roll>0.00119428092</Roll>
				<Yaw>181.58902</Yaw>
			</Attachment>
		</Attachment>
		<Attachment>
			<ModelHash>0xb2274905</ModelHash>
			<Type>3</Type>
			<Dynamic>false</Dynamic>
			<FrozenPos>true</FrozenPos>
			<HashName>prop_ld_bomb_01</HashName>
			<InitialHandle>238120</InitialHandle>
			<ObjectProperties>
				<TextureVariation>0</TextureVariation>
			</ObjectProperties>
			<OpacityLevel>255</OpacityLevel>
			<LodDistance>16960</LodDistance>
			<IsVisible>true</IsVisible>
			<MaxHealth>1000</MaxHealth>
			<Health>1000</Health>
			<HasGravity>true</HasGravity>
			<IsOnFire>false</IsOnFire>
			<IsInvincible>false</IsInvincible>
			<IsBulletProof>false</IsBulletProof>
			<IsCollisionProof>false</IsCollisionProof>
			<IsExplosionProof>false</IsExplosionProof>
			<IsFireProof>false</IsFireProof>
			<IsMeleeProof>false</IsMeleeProof>
			<IsOnlyDamagedByPlayer>false</IsOnlyDamagedByPlayer>
			<PositionRotation>
				<X>3191.90674</X>
				<Y>2011.65796</Y>
				<Z>0.453260541</Z>
				<Pitch>1.63765419</Pitch>
				<Roll>1.21396899</Roll>
				<Yaw>117.872459</Yaw>
			</PositionRotation>
			<Attachment isAttached="true">
				<AttachedTo>640285</AttachedTo>
				<BoneIndex>0</BoneIndex>
				<X>0.482770205</X>
				<Y>-3.77190232</Y>
				<Z>1.92233312</Z>
				<Pitch>-0.000607913127</Pitch>
				<Roll>0.00119428092</Roll>
				<Yaw>181.761703</Yaw>
			</Attachment>
		</Attachment>
		<Attachment>
			<ModelHash>0xa3791328</ModelHash>
			<Type>3</Type>
			<Dynamic>false</Dynamic>
			<FrozenPos>true</FrozenPos>
			<HashName>prop_fireescape_02b</HashName>
			<InitialHandle>438062</InitialHandle>
			<ObjectProperties>
				<TextureVariation>0</TextureVariation>
			</ObjectProperties>
			<OpacityLevel>255</OpacityLevel>
			<LodDistance>16960</LodDistance>
			<IsVisible>true</IsVisible>
			<MaxHealth>1000</MaxHealth>
			<Health>1000</Health>
			<HasGravity>true</HasGravity>
			<IsOnFire>false</IsOnFire>
			<IsInvincible>false</IsInvincible>
			<IsBulletProof>false</IsBulletProof>
			<IsCollisionProof>false</IsCollisionProof>
			<IsExplosionProof>false</IsExplosionProof>
			<IsFireProof>false</IsFireProof>
			<IsMeleeProof>false</IsMeleeProof>
			<IsOnlyDamagedByPlayer>false</IsOnlyDamagedByPlayer>
			<PositionRotation>
				<X>3192.62036</X>
				<Y>2013.75891</Y>
				<Z>-0.281466603</Z>
				<Pitch>1.24406445</Pitch>
				<Roll>-1.61296952</Roll>
				<Yaw>-153.233963</Yaw>
			</PositionRotation>
			<Attachment isAttached="true">
				<AttachedTo>640285</AttachedTo>
				<BoneIndex>0</BoneIndex>
				<X>-1.10450387</X>
				<Y>-2.18652368</Y>
				<Z>1.2664237</Z>
				<Pitch>-0.000607913127</Pitch>
				<Roll>0.00119428092</Roll>
				<Yaw>270.620422</Yaw>
			</Attachment>
		</Attachment>
		<Attachment>
			<ModelHash>0xa3791328</ModelHash>
			<Type>3</Type>
			<Dynamic>false</Dynamic>
			<FrozenPos>true</FrozenPos>
			<HashName>prop_fireescape_02b</HashName>
			<InitialHandle>588333</InitialHandle>
			<ObjectProperties>
				<TextureVariation>0</TextureVariation>
			</ObjectProperties>
			<OpacityLevel>255</OpacityLevel>
			<LodDistance>16960</LodDistance>
			<IsVisible>true</IsVisible>
			<MaxHealth>1000</MaxHealth>
			<Health>1000</Health>
			<HasGravity>true</HasGravity>
			<IsOnFire>false</IsOnFire>
			<IsInvincible>false</IsInvincible>
			<IsBulletProof>false</IsBulletProof>
			<IsCollisionProof>false</IsCollisionProof>
			<IsExplosionProof>false</IsExplosionProof>
			<IsFireProof>false</IsFireProof>
			<IsMeleeProof>false</IsMeleeProof>
			<IsOnlyDamagedByPlayer>false</IsOnlyDamagedByPlayer>
			<PositionRotation>
				<X>3193.95605</X>
				<Y>2011.75098</Y>
				<Z>-0.293196559</Z>
				<Pitch>-1.22656262</Pitch>
				<Roll>1.62961864</Roll>
				<Yaw>27.4274979</Yaw>
			</PositionRotation>
			<Attachment isAttached="true">
				<AttachedTo>640285</AttachedTo>
				<BoneIndex>0</BoneIndex>
				<X>1.28575087</X>
				<Y>-1.87047279</Y>
				<Z>1.2108376</Z>
				<Pitch>-0.000607913127</Pitch>
				<Roll>0.00119428092</Roll>
				<Yaw>91.2819748</Yaw>
			</Attachment>
		</Attachment>
		<Attachment>
			<ModelHash>0x0f8662dc</ModelHash>
			<Type>3</Type>
			<Dynamic>false</Dynamic>
			<FrozenPos>true</FrozenPos>
			<HashName>hei_prop_carrier_liferafts</HashName>
			<InitialHandle>657712</InitialHandle>
			<ObjectProperties>
				<TextureVariation>0</TextureVariation>
			</ObjectProperties>
			<OpacityLevel>255</OpacityLevel>
			<LodDistance>16960</LodDistance>
			<IsVisible>true</IsVisible>
			<MaxHealth>1000</MaxHealth>
			<Health>1000</Health>
			<HasGravity>true</HasGravity>
			<IsOnFire>false</IsOnFire>
			<IsInvincible>false</IsInvincible>
			<IsBulletProof>false</IsBulletProof>
			<IsCollisionProof>false</IsCollisionProof>
			<IsExplosionProof>false</IsExplosionProof>
			<IsFireProof>false</IsFireProof>
			<IsMeleeProof>false</IsMeleeProof>
			<IsOnlyDamagedByPlayer>false</IsOnlyDamagedByPlayer>
			<PositionRotation>
				<X>3193.00195</X>
				<Y>2014.09167</Y>
				<Z>-1.22261858</Z>
				<Pitch>1.29275584</Pitch>
				<Roll>-1.57422817</Roll>
				<Yaw>-154.983124</Yaw>
			</PositionRotation>
			<Attachment isAttached="true">
				<AttachedTo>640285</AttachedTo>
				<BoneIndex>0</BoneIndex>
				<X>-1.25570405</X>
				<Y>-1.67132831</Y>
				<Z>0.342404395</Z>
				<Pitch>-0.000607913127</Pitch>
				<Roll>0.00119428092</Roll>
				<Yaw>268.871033</Yaw>
			</Attachment>
		</Attachment>
		<Attachment>
			<ModelHash>0x81d03d08</ModelHash>
			<Type>3</Type>
			<Dynamic>false</Dynamic>
			<FrozenPos>true</FrozenPos>
			<HashName>p_planning_board_04</HashName>
			<InitialHandle>431667</InitialHandle>
			<ObjectProperties>
				<TextureVariation>0</TextureVariation>
			</ObjectProperties>
			<OpacityLevel>255</OpacityLevel>
			<LodDistance>16960</LodDistance>
			<IsVisible>true</IsVisible>
			<MaxHealth>1000</MaxHealth>
			<Health>1000</Health>
			<HasGravity>true</HasGravity>
			<IsOnFire>false</IsOnFire>
			<IsInvincible>false</IsInvincible>
			<IsBulletProof>false</IsBulletProof>
			<IsCollisionProof>false</IsCollisionProof>
			<IsExplosionProof>false</IsExplosionProof>
			<IsFireProof>false</IsFireProof>
			<IsMeleeProof>false</IsMeleeProof>
			<IsOnlyDamagedByPlayer>false</IsOnlyDamagedByPlayer>
			<PositionRotation>
				<X>3193.91699</X>
				<Y>2013.69897</Y>
				<Z>-1.47096539</Z>
				<Pitch>-1.13278306</Pitch>
				<Roll>1.69615138</Roll>
				<Yaw>30.6599693</Yaw>
			</PositionRotation>
			<Attachment isAttached="true">
				<AttachedTo>640285</AttachedTo>
				<BoneIndex>0</BoneIndex>
				<X>-0.505653679</X>
				<Y>-1.0158087</Y>
				<Z>0.095686771</Z>
				<Pitch>-0.000607913127</Pitch>
				<Roll>0.00119428092</Roll>
				<Yaw>94.5151062</Yaw>
			</Attachment>
		</Attachment>
		<Attachment>
			<ModelHash>0x35329677</ModelHash>
			<Type>3</Type>
			<Dynamic>false</Dynamic>
			<FrozenPos>true</FrozenPos>
			<HashName>apa_mp_apa_yacht_launcher_01a</HashName>
			<InitialHandle>202550</InitialHandle>
			<ObjectProperties>
				<TextureVariation>0</TextureVariation>
			</ObjectProperties>
			<OpacityLevel>255</OpacityLevel>
			<LodDistance>16960</LodDistance>
			<IsVisible>true</IsVisible>
			<MaxHealth>1000</MaxHealth>
			<Health>1000</Health>
			<HasGravity>true</HasGravity>
			<IsOnFire>false</IsOnFire>
			<IsInvincible>false</IsInvincible>
			<IsBulletProof>false</IsBulletProof>
			<IsCollisionProof>false</IsCollisionProof>
			<IsExplosionProof>false</IsExplosionProof>
			<IsFireProof>false</IsFireProof>
			<IsMeleeProof>false</IsMeleeProof>
			<IsOnlyDamagedByPlayer>false</IsOnlyDamagedByPlayer>
			<PositionRotation>
				<X>3196.03394</X>
				<Y>2012.60522</Y>
				<Z>-2.90941858</Z>
				<Pitch>1.58231413</Pitch>
				<Roll>1.28536797</Roll>
				<Yaw>115.332558</Yaw>
			</PositionRotation>
			<Attachment isAttached="true">
				<AttachedTo>640285</AttachedTo>
				<BoneIndex>0</BoneIndex>
				<X>1.37691617</X>
				<Y>0.443417728</Y>
				<Z>-1.34439301</Z>
				<Pitch>-0.000607913127</Pitch>
				<Roll>0.00119428092</Roll>
				<Yaw>179.222214</Yaw>
			</Attachment>
		</Attachment>
		<Attachment>
			<ModelHash>0x35329677</ModelHash>
			<Type>3</Type>
			<Dynamic>false</Dynamic>
			<FrozenPos>true</FrozenPos>
			<HashName>apa_mp_apa_yacht_launcher_01a</HashName>
			<InitialHandle>227126</InitialHandle>
			<ObjectProperties>
				<TextureVariation>0</TextureVariation>
			</ObjectProperties>
			<OpacityLevel>255</OpacityLevel>
			<LodDistance>16960</LodDistance>
			<IsVisible>true</IsVisible>
			<MaxHealth>1000</MaxHealth>
			<Health>1000</Health>
			<HasGravity>true</HasGravity>
			<IsOnFire>false</IsOnFire>
			<IsInvincible>false</IsInvincible>
			<IsBulletProof>false</IsBulletProof>
			<IsCollisionProof>false</IsCollisionProof>
			<IsExplosionProof>false</IsExplosionProof>
			<IsFireProof>false</IsFireProof>
			<IsMeleeProof>false</IsMeleeProof>
			<IsOnlyDamagedByPlayer>false</IsOnlyDamagedByPlayer>
			<PositionRotation>
				<X>3194.88892</X>
				<Y>2015.10901</Y>
				<Z>-3.0390892</Z>
				<Pitch>1.6204046</Pitch>
				<Roll>1.23693311</Roll>
				<Yaw>117.064972</Yaw>
			</PositionRotation>
			<Attachment isAttached="true">
				<AttachedTo>640285</AttachedTo>
				<BoneIndex>0</BoneIndex>
				<X>-1.37748098</X>
				<Y>0.520732939</Y>
				<Z>-1.41127956</Z>
				<Pitch>-0.000607913127</Pitch>
				<Roll>0.00119428092</Roll>
				<Yaw>180.954361</Yaw>
			</Attachment>
		</Attachment>
	</SpoonerAttachments>
</Vehicle>
