<?xml version="1.0" encoding="ISO-8859-1"?>
<Vehicle menyoo_ver="0.9998744b">
	<ModelHash>0xe62b361b</ModelHash>
	<InitialHandle>255042</InitialHandle>
	<VehicleProperties>
		<Colours>
			<Primary>31</Primary>
			<Secondary>0</Secondary>
			<Pearl>30</Pearl>
			<Rim>156</Rim>
			<Mod1_a>6</Mod1_a>
			<Mod1_b>-1</Mod1_b>
			<Mod1_c>-1</Mod1_c>
			<Mod2_a>6</Mod2_a>
			<Mod2_b>-1</Mod2_b>
			<IsPrimaryColourCustom>false</IsPrimaryColourCustom>
			<IsSecondaryColourCustom>false</IsSecondaryColourCustom>
			<tyreSmoke_R>255</tyreSmoke_R>
			<tyreSmoke_G>255</tyreSmoke_G>
			<tyreSmoke_B>255</tyreSmoke_B>
			<LrInterior>0</LrInterior>
			<LrDashboard>0</LrDashboard>
		</Colours>
		<Livery>-1</Livery>
		<NumberPlateText>21RQA751</NumberPlateText>
		<NumberPlateIndex>3</NumberPlateIndex>
		<WheelType>2</WheelType>
		<WheelsInvisible>false</WheelsInvisible>
		<EngineSoundName></EngineSoundName>
		<WindowTint>-1</WindowTint>
		<BulletProofTyres>false</BulletProofTyres>
		<DirtLevel>0.000401936908</DirtLevel>
		<PaintFade>0.298039228</PaintFade>
		<RoofState>0</RoofState>
		<SirenActive>false</SirenActive>
		<EngineOn>true</EngineOn>
		<EngineHealth>1000</EngineHealth>
		<LightsOn>false</LightsOn>
		<IsRadioLoud>0</IsRadioLoud>
		<LockStatus>1</LockStatus>
		<Neons>
			<Left>false</Left>
			<Right>false</Right>
			<Front>false</Front>
			<Back>false</Back>
			<R>255</R>
			<G>0</G>
			<B>255</B>
		</Neons>
		<ModExtras>
			<_11>false</_11>
		</ModExtras>
		<Mods>
			<_0>-1,0</_0>
			<_1>-1,0</_1>
			<_2>-1,0</_2>
			<_3>-1,0</_3>
			<_4>-1,0</_4>
			<_5>-1,0</_5>
			<_6>-1,0</_6>
			<_7>-1,0</_7>
			<_8>-1,0</_8>
			<_9>-1,0</_9>
			<_10>-1,0</_10>
			<_11>3,0</_11>
			<_12>2,0</_12>
			<_13>2,0</_13>
			<_14>-1,0</_14>
			<_15>-1,0</_15>
			<_16>-1,0</_16>
			<_17>false</_17>
			<_18>true</_18>
			<_19>false</_19>
			<_20>false</_20>
			<_21>false</_21>
			<_22>true</_22>
			<_23>-1,0</_23>
			<_24>-1,0</_24>
			<_25>-1,0</_25>
			<_26>-1,0</_26>
			<_27>-1,0</_27>
			<_28>-1,0</_28>
			<_29>-1,0</_29>
			<_30>-1,0</_30>
			<_31>-1,0</_31>
			<_32>-1,0</_32>
			<_33>-1,0</_33>
			<_34>-1,0</_34>
			<_35>-1,0</_35>
			<_36>-1,0</_36>
			<_37>-1,0</_37>
			<_38>-1,0</_38>
			<_39>-1,0</_39>
			<_40>-1,0</_40>
			<_41>-1,0</_41>
			<_42>-1,0</_42>
			<_43>-1,0</_43>
			<_44>-1,0</_44>
			<_45>-1,0</_45>
			<_46>-1,0</_46>
			<_47>-1,0</_47>
			<_48>-1,0</_48>
		</Mods>
		<DoorsOpen>
			<BackLeftDoor>false</BackLeftDoor>
			<BackRightDoor>false</BackRightDoor>
			<FrontLeftDoor>false</FrontLeftDoor>
			<FrontRightDoor>false</FrontRightDoor>
			<Hood>false</Hood>
			<Trunk>false</Trunk>
			<Trunk2>false</Trunk2>
		</DoorsOpen>
		<DoorsBroken>
			<BackLeftDoor>false</BackLeftDoor>
			<BackRightDoor>false</BackRightDoor>
			<FrontLeftDoor>false</FrontLeftDoor>
			<FrontRightDoor>false</FrontRightDoor>
			<Hood>false</Hood>
			<Trunk>false</Trunk>
			<Trunk2>false</Trunk2>
		</DoorsBroken>
		<TyresBursted>
			<FrontLeft>false</FrontLeft>
			<FrontRight>false</FrontRight>
			<_2>false</_2>
			<_3>false</_3>
			<BackLeft>false</BackLeft>
			<BackRight>false</BackRight>
			<_6>false</_6>
			<_7>false</_7>
			<_8>false</_8>
		</TyresBursted>
	</VehicleProperties>
	<OpacityLevel>255</OpacityLevel>
	<LodDistance>16960</LodDistance>
	<IsVisible>true</IsVisible>
	<IsDriverVisible>true</IsDriverVisible>
	<MaxHealth>1000</MaxHealth>
	<Health>1000</Health>
	<HasGravity>true</HasGravity>
	<IsOnFire>false</IsOnFire>
	<IsInvincible>false</IsInvincible>
	<IsBulletProof>false</IsBulletProof>
	<IsExplosionProof>false</IsExplosionProof>
	<IsFireProof>false</IsFireProof>
	<IsMeleeProof>false</IsMeleeProof>
	<IsOnlyDamagedByPlayer>false</IsOnlyDamagedByPlayer>
	<SpoonerAttachments SetAttachmentsPersistentAndAddToSpoonerDatabase="false" StartTaskSequencesOnLoad="true">
		<Attachment>
			<ModelHash>0xe2ba016f</ModelHash>
			<Type>3</Type>
			<Dynamic>false</Dynamic>
			<FrozenPos>true</FrozenPos>
			<HashName>prop_cs_katana_01</HashName>
			<InitialHandle>381764</InitialHandle>
			<ObjectProperties>
				<TextureVariation>0</TextureVariation>
			</ObjectProperties>
			<OpacityLevel>255</OpacityLevel>
			<LodDistance>16960</LodDistance>
			<IsVisible>true</IsVisible>
			<MaxHealth>1000</MaxHealth>
			<Health>1000</Health>
			<HasGravity>true</HasGravity>
			<IsOnFire>false</IsOnFire>
			<IsInvincible>false</IsInvincible>
			<IsBulletProof>false</IsBulletProof>
			<IsCollisionProof>false</IsCollisionProof>
			<IsExplosionProof>false</IsExplosionProof>
			<IsFireProof>false</IsFireProof>
			<IsMeleeProof>false</IsMeleeProof>
			<IsOnlyDamagedByPlayer>false</IsOnlyDamagedByPlayer>
			<PositionRotation>
				<X>2825.59155</X>
				<Y>4976.84766</Y>
				<Z>33.0818787</Z>
				<Pitch>-1.40338159</Pitch>
				<Roll>89.5940247</Roll>
				<Yaw>-130.316757</Yaw>
			</PositionRotation>
			<Attachment isAttached="true">
				<AttachedTo>255042</AttachedTo>
				<BoneIndex>0</BoneIndex>
				<X>0.379683614</X>
				<Y>1.94747412</Y>
				<Z>0.171265811</Z>
				<Pitch>-0.940578341</Pitch>
				<Roll>89.9811707</Roll>
				<Yaw>91.3246994</Yaw>
			</Attachment>
		</Attachment>
		<Attachment>
			<ModelHash>0xe2ba016f</ModelHash>
			<Type>3</Type>
			<Dynamic>false</Dynamic>
			<FrozenPos>true</FrozenPos>
			<HashName>prop_cs_katana_01</HashName>
			<InitialHandle>170795</InitialHandle>
			<ObjectProperties>
				<TextureVariation>0</TextureVariation>
			</ObjectProperties>
			<OpacityLevel>255</OpacityLevel>
			<LodDistance>16960</LodDistance>
			<IsVisible>true</IsVisible>
			<MaxHealth>1000</MaxHealth>
			<Health>1000</Health>
			<HasGravity>true</HasGravity>
			<IsOnFire>false</IsOnFire>
			<IsInvincible>false</IsInvincible>
			<IsBulletProof>false</IsBulletProof>
			<IsCollisionProof>false</IsCollisionProof>
			<IsExplosionProof>false</IsExplosionProof>
			<IsFireProof>false</IsFireProof>
			<IsMeleeProof>false</IsMeleeProof>
			<IsOnlyDamagedByPlayer>false</IsOnlyDamagedByPlayer>
			<PositionRotation>
				<X>2826.09644</X>
				<Y>4976.40723</Y>
				<Z>33.0825882</Z>
				<Pitch>-1.3974824</Pitch>
				<Roll>89.5870132</Roll>
				<Yaw>-131.183289</Yaw>
			</PositionRotation>
			<Attachment isAttached="true">
				<AttachedTo>255042</AttachedTo>
				<BoneIndex>0</BoneIndex>
				<X>-0.290231824</X>
				<Y>1.94123042</Y>
				<Z>0.177325413</Z>
				<Pitch>-0.940579236</Pitch>
				<Roll>89.9811325</Roll>
				<Yaw>90.4582901</Yaw>
			</Attachment>
		</Attachment>
		<Attachment>
			<ModelHash>0xe2ba016f</ModelHash>
			<Type>3</Type>
			<Dynamic>false</Dynamic>
			<FrozenPos>true</FrozenPos>
			<HashName>prop_cs_katana_01</HashName>
			<InitialHandle>772928</InitialHandle>
			<ObjectProperties>
				<TextureVariation>0</TextureVariation>
			</ObjectProperties>
			<OpacityLevel>255</OpacityLevel>
			<LodDistance>16960</LodDistance>
			<IsVisible>true</IsVisible>
			<MaxHealth>1000</MaxHealth>
			<Health>1000</Health>
			<HasGravity>true</HasGravity>
			<IsOnFire>false</IsOnFire>
			<IsInvincible>false</IsInvincible>
			<IsBulletProof>false</IsBulletProof>
			<IsCollisionProof>false</IsCollisionProof>
			<IsExplosionProof>false</IsExplosionProof>
			<IsFireProof>false</IsFireProof>
			<IsMeleeProof>false</IsMeleeProof>
			<IsOnlyDamagedByPlayer>false</IsOnlyDamagedByPlayer>
			<PositionRotation>
				<X>2825.72925</X>
				<Y>4976.86328</Y>
				<Z>33.1079788</Z>
				<Pitch>-1.39328218</Pitch>
				<Roll>89.5822449</Roll>
				<Yaw>-131.789871</Yaw>
			</PositionRotation>
			<Attachment isAttached="true">
				<AttachedTo>255042</AttachedTo>
				<BoneIndex>0</BoneIndex>
				<X>0.287662178</X>
				<Y>1.8442632</Y>
				<Z>0.1988125</Z>
				<Pitch>-0.940578282</Pitch>
				<Roll>89.9811554</Roll>
				<Yaw>89.8517761</Yaw>
			</Attachment>
		</Attachment>
		<Attachment>
			<ModelHash>0xe2ba016f</ModelHash>
			<Type>3</Type>
			<Dynamic>false</Dynamic>
			<FrozenPos>true</FrozenPos>
			<HashName>prop_cs_katana_01</HashName>
			<InitialHandle>484933</InitialHandle>
			<ObjectProperties>
				<TextureVariation>0</TextureVariation>
			</ObjectProperties>
			<OpacityLevel>255</OpacityLevel>
			<LodDistance>16960</LodDistance>
			<IsVisible>true</IsVisible>
			<MaxHealth>1000</MaxHealth>
			<Health>1000</Health>
			<HasGravity>true</HasGravity>
			<IsOnFire>false</IsOnFire>
			<IsInvincible>false</IsInvincible>
			<IsBulletProof>false</IsBulletProof>
			<IsCollisionProof>false</IsCollisionProof>
			<IsExplosionProof>false</IsExplosionProof>
			<IsFireProof>false</IsFireProof>
			<IsMeleeProof>false</IsMeleeProof>
			<IsOnlyDamagedByPlayer>false</IsOnlyDamagedByPlayer>
			<PositionRotation>
				<X>2826.04126</X>
				<Y>4976.62549</Y>
				<Z>33.1206818</Z>
				<Pitch>-1.40161896</Pitch>
				<Roll>89.5919266</Roll>
				<Yaw>-130.577194</Yaw>
			</PositionRotation>
			<Attachment isAttached="true">
				<AttachedTo>255042</AttachedTo>
				<BoneIndex>0</BoneIndex>
				<X>-0.103535436</X>
				<Y>1.81465805</Y>
				<Z>0.214820251</Z>
				<Pitch>-0.940578222</Pitch>
				<Roll>89.9811707</Roll>
				<Yaw>91.0642853</Yaw>
			</Attachment>
		</Attachment>
		<Attachment>
			<ModelHash>0xe2ba016f</ModelHash>
			<Type>3</Type>
			<Dynamic>false</Dynamic>
			<FrozenPos>true</FrozenPos>
			<HashName>prop_cs_katana_01</HashName>
			<InitialHandle>101446</InitialHandle>
			<ObjectProperties>
				<TextureVariation>0</TextureVariation>
			</ObjectProperties>
			<OpacityLevel>255</OpacityLevel>
			<LodDistance>16960</LodDistance>
			<IsVisible>true</IsVisible>
			<MaxHealth>1000</MaxHealth>
			<Health>1000</Health>
			<HasGravity>true</HasGravity>
			<IsOnFire>false</IsOnFire>
			<IsInvincible>false</IsInvincible>
			<IsBulletProof>false</IsBulletProof>
			<IsCollisionProof>false</IsCollisionProof>
			<IsExplosionProof>false</IsExplosionProof>
			<IsFireProof>false</IsFireProof>
			<IsMeleeProof>false</IsMeleeProof>
			<IsOnlyDamagedByPlayer>false</IsOnlyDamagedByPlayer>
			<PositionRotation>
				<X>2825.89966</X>
				<Y>4976.73486</Y>
				<Z>33.1209946</Z>
				<Pitch>-1.39687812</Pitch>
				<Roll>89.5863724</Roll>
				<Yaw>-131.270325</Yaw>
			</PositionRotation>
			<Attachment isAttached="true">
				<AttachedTo>255042</AttachedTo>
				<BoneIndex>0</BoneIndex>
				<X>0.0750358924</X>
				<Y>1.82710612</Y>
				<Z>0.213632882</Z>
				<Pitch>-0.940578282</Pitch>
				<Roll>89.9811707</Roll>
				<Yaw>90.3712463</Yaw>
			</Attachment>
		</Attachment>
		<Attachment>
			<ModelHash>0xe2ba016f</ModelHash>
			<Type>3</Type>
			<Dynamic>false</Dynamic>
			<FrozenPos>true</FrozenPos>
			<HashName>prop_cs_katana_01</HashName>
			<InitialHandle>216646</InitialHandle>
			<ObjectProperties>
				<TextureVariation>0</TextureVariation>
			</ObjectProperties>
			<OpacityLevel>255</OpacityLevel>
			<LodDistance>16960</LodDistance>
			<IsVisible>true</IsVisible>
			<MaxHealth>1000</MaxHealth>
			<Health>1000</Health>
			<HasGravity>true</HasGravity>
			<IsOnFire>false</IsOnFire>
			<IsInvincible>false</IsInvincible>
			<IsBulletProof>false</IsBulletProof>
			<IsCollisionProof>false</IsCollisionProof>
			<IsExplosionProof>false</IsExplosionProof>
			<IsFireProof>false</IsFireProof>
			<IsMeleeProof>false</IsMeleeProof>
			<IsOnlyDamagedByPlayer>false</IsOnlyDamagedByPlayer>
			<PositionRotation>
				<X>2825.45288</X>
				<Y>4977.09033</Y>
				<Z>33.0992393</Z>
				<Pitch>-1.40975082</Pitch>
				<Roll>89.6017532</Roll>
				<Yaw>-129.365189</Yaw>
			</PositionRotation>
			<Attachment isAttached="true">
				<AttachedTo>255042</AttachedTo>
				<BoneIndex>0</BoneIndex>
				<X>0.644701481</X>
				<Y>1.85826302</Y>
				<Z>0.187147304</Z>
				<Pitch>-0.940578163</Pitch>
				<Roll>89.9811554</Roll>
				<Yaw>92.2761383</Yaw>
			</Attachment>
		</Attachment>
		<Attachment>
			<ModelHash>0xe2ba016f</ModelHash>
			<Type>3</Type>
			<Dynamic>false</Dynamic>
			<FrozenPos>true</FrozenPos>
			<HashName>prop_cs_katana_01</HashName>
			<InitialHandle>353860</InitialHandle>
			<ObjectProperties>
				<TextureVariation>0</TextureVariation>
			</ObjectProperties>
			<OpacityLevel>255</OpacityLevel>
			<LodDistance>16960</LodDistance>
			<IsVisible>true</IsVisible>
			<MaxHealth>1000</MaxHealth>
			<Health>1000</Health>
			<HasGravity>true</HasGravity>
			<IsOnFire>false</IsOnFire>
			<IsInvincible>false</IsInvincible>
			<IsBulletProof>false</IsBulletProof>
			<IsCollisionProof>false</IsCollisionProof>
			<IsExplosionProof>false</IsExplosionProof>
			<IsFireProof>false</IsFireProof>
			<IsMeleeProof>false</IsMeleeProof>
			<IsOnlyDamagedByPlayer>false</IsOnlyDamagedByPlayer>
			<PositionRotation>
				<X>2825.54053</X>
				<Y>4976.97217</Y>
				<Z>33.0891609</Z>
				<Pitch>-1.41542685</Pitch>
				<Roll>89.608902</Roll>
				<Yaw>-128.4991</Yaw>
			</PositionRotation>
			<Attachment isAttached="true">
				<AttachedTo>255042</AttachedTo>
				<BoneIndex>0</BoneIndex>
				<X>0.500739634</X>
				<Y>1.88818181</Y>
				<Z>0.178001761</Z>
				<Pitch>-0.940578461</Pitch>
				<Roll>89.9811707</Roll>
				<Yaw>93.1420898</Yaw>
			</Attachment>
		</Attachment>
		<Attachment>
			<ModelHash>0xe2ba016f</ModelHash>
			<Type>3</Type>
			<Dynamic>false</Dynamic>
			<FrozenPos>true</FrozenPos>
			<HashName>prop_cs_katana_01</HashName>
			<InitialHandle>366406</InitialHandle>
			<ObjectProperties>
				<TextureVariation>0</TextureVariation>
			</ObjectProperties>
			<OpacityLevel>255</OpacityLevel>
			<LodDistance>16960</LodDistance>
			<IsVisible>true</IsVisible>
			<MaxHealth>1000</MaxHealth>
			<Health>1000</Health>
			<HasGravity>true</HasGravity>
			<IsOnFire>false</IsOnFire>
			<IsInvincible>false</IsInvincible>
			<IsBulletProof>false</IsBulletProof>
			<IsCollisionProof>false</IsCollisionProof>
			<IsExplosionProof>false</IsExplosionProof>
			<IsFireProof>false</IsFireProof>
			<IsMeleeProof>false</IsMeleeProof>
			<IsOnlyDamagedByPlayer>false</IsOnlyDamagedByPlayer>
			<PositionRotation>
				<X>2826.1853</X>
				<Y>4976.42383</Y>
				<Z>33.0944824</Z>
				<Pitch>-1.53151369</Pitch>
				<Roll>89.5841827</Roll>
				<Yaw>-131.263107</Yaw>
			</PositionRotation>
			<Attachment isAttached="true">
				<AttachedTo>255042</AttachedTo>
				<BoneIndex>0</BoneIndex>
				<X>-0.34530732</X>
				<Y>1.86957419</Y>
				<Z>0.190154523</Z>
				<Pitch>-1.0751574</Pitch>
				<Roll>89.9789429</Roll>
				<Yaw>90.3793945</Yaw>
			</Attachment>
		</Attachment>
		<Attachment>
			<ModelHash>0xe2ba016f</ModelHash>
			<Type>3</Type>
			<Dynamic>false</Dynamic>
			<FrozenPos>true</FrozenPos>
			<HashName>prop_cs_katana_01</HashName>
			<InitialHandle>52550</InitialHandle>
			<ObjectProperties>
				<TextureVariation>0</TextureVariation>
			</ObjectProperties>
			<OpacityLevel>255</OpacityLevel>
			<LodDistance>16960</LodDistance>
			<IsVisible>true</IsVisible>
			<MaxHealth>1000</MaxHealth>
			<Health>1000</Health>
			<HasGravity>true</HasGravity>
			<IsOnFire>false</IsOnFire>
			<IsInvincible>false</IsInvincible>
			<IsBulletProof>false</IsBulletProof>
			<IsCollisionProof>false</IsCollisionProof>
			<IsExplosionProof>false</IsExplosionProof>
			<IsFireProof>false</IsFireProof>
			<IsMeleeProof>false</IsMeleeProof>
			<IsOnlyDamagedByPlayer>false</IsOnlyDamagedByPlayer>
			<PositionRotation>
				<X>2826.37866</X>
				<Y>4976.30371</Y>
				<Z>33.0932426</Z>
				<Pitch>-1.41989148</Pitch>
				<Roll>89.6146622</Roll>
				<Yaw>-127.806427</Yaw>
			</PositionRotation>
			<Attachment isAttached="true">
				<AttachedTo>255042</AttachedTo>
				<BoneIndex>0</BoneIndex>
				<X>-0.569861352</X>
				<Y>1.83117068</Y>
				<Z>0.190959349</Z>
				<Pitch>-0.940578163</Pitch>
				<Roll>89.9811707</Roll>
				<Yaw>93.8346634</Yaw>
			</Attachment>
		</Attachment>
		<Attachment>
			<ModelHash>0xe2ba016f</ModelHash>
			<Type>3</Type>
			<Dynamic>false</Dynamic>
			<FrozenPos>true</FrozenPos>
			<HashName>prop_cs_katana_01</HashName>
			<InitialHandle>475721</InitialHandle>
			<ObjectProperties>
				<TextureVariation>0</TextureVariation>
			</ObjectProperties>
			<OpacityLevel>255</OpacityLevel>
			<LodDistance>16960</LodDistance>
			<IsVisible>true</IsVisible>
			<MaxHealth>1000</MaxHealth>
			<Health>1000</Health>
			<HasGravity>true</HasGravity>
			<IsOnFire>false</IsOnFire>
			<IsInvincible>false</IsInvincible>
			<IsBulletProof>false</IsBulletProof>
			<IsCollisionProof>false</IsCollisionProof>
			<IsExplosionProof>false</IsExplosionProof>
			<IsFireProof>false</IsFireProof>
			<IsMeleeProof>false</IsMeleeProof>
			<IsOnlyDamagedByPlayer>false</IsOnlyDamagedByPlayer>
			<PositionRotation>
				<X>2826.19287</X>
				<Y>4976.30029</Y>
				<Z>33.0705452</Z>
				<Pitch>-1.40159547</Pitch>
				<Roll>89.5918884</Roll>
				<Yaw>-130.581238</Yaw>
			</PositionRotation>
			<Attachment isAttached="true">
				<AttachedTo>255042</AttachedTo>
				<BoneIndex>0</BoneIndex>
				<X>-0.43331793</X>
				<Y>1.95695758</Y>
				<Z>0.166303352</Z>
				<Pitch>-0.94058013</Pitch>
				<Roll>89.9811707</Roll>
				<Yaw>91.0602417</Yaw>
			</Attachment>
		</Attachment>
		<Attachment>
			<ModelHash>0xe2ba016f</ModelHash>
			<Type>3</Type>
			<Dynamic>false</Dynamic>
			<FrozenPos>true</FrozenPos>
			<HashName>prop_cs_katana_01</HashName>
			<InitialHandle>53578</InitialHandle>
			<ObjectProperties>
				<TextureVariation>0</TextureVariation>
			</ObjectProperties>
			<OpacityLevel>255</OpacityLevel>
			<LodDistance>16960</LodDistance>
			<IsVisible>true</IsVisible>
			<MaxHealth>1000</MaxHealth>
			<Health>1000</Health>
			<HasGravity>true</HasGravity>
			<IsOnFire>false</IsOnFire>
			<IsInvincible>false</IsInvincible>
			<IsBulletProof>false</IsBulletProof>
			<IsCollisionProof>false</IsCollisionProof>
			<IsExplosionProof>false</IsExplosionProof>
			<IsFireProof>false</IsFireProof>
			<IsMeleeProof>false</IsMeleeProof>
			<IsOnlyDamagedByPlayer>false</IsOnlyDamagedByPlayer>
			<PositionRotation>
				<X>2825.71411</X>
				<Y>4976.69043</Y>
				<Z>33.0828552</Z>
				<Pitch>-1.40158451</Pitch>
				<Roll>89.5918961</Roll>
				<Yaw>-130.582291</Yaw>
			</PositionRotation>
			<Attachment isAttached="true">
				<AttachedTo>255042</AttachedTo>
				<BoneIndex>0</BoneIndex>
				<X>0.18382968</X>
				<Y>1.9833653</Y>
				<Z>0.173546225</Z>
				<Pitch>-0.940578222</Pitch>
				<Roll>89.9811707</Roll>
				<Yaw>91.0591965</Yaw>
			</Attachment>
		</Attachment>
		<Attachment>
			<ModelHash>0x4b6e534b</ModelHash>
			<Type>3</Type>
			<Dynamic>false</Dynamic>
			<FrozenPos>true</FrozenPos>
			<HashName>prop_keg_01</HashName>
			<InitialHandle>702539</InitialHandle>
			<ObjectProperties>
				<TextureVariation>0</TextureVariation>
			</ObjectProperties>
			<OpacityLevel>255</OpacityLevel>
			<LodDistance>16960</LodDistance>
			<IsVisible>true</IsVisible>
			<MaxHealth>1000</MaxHealth>
			<Health>1000</Health>
			<HasGravity>true</HasGravity>
			<IsOnFire>false</IsOnFire>
			<IsInvincible>false</IsInvincible>
			<IsBulletProof>false</IsBulletProof>
			<IsCollisionProof>false</IsCollisionProof>
			<IsExplosionProof>false</IsExplosionProof>
			<IsFireProof>false</IsFireProof>
			<IsMeleeProof>false</IsMeleeProof>
			<IsOnlyDamagedByPlayer>false</IsOnlyDamagedByPlayer>
			<PositionRotation>
				<X>2828.70874</X>
				<Y>4978.80371</Y>
				<Z>33.6465302</Z>
				<Pitch>-70.5600204</Pitch>
				<Roll>-1.43900478</Roll>
				<Yaw>139.824402</Yaw>
			</PositionRotation>
			<Attachment isAttached="true">
				<AttachedTo>255042</AttachedTo>
				<BoneIndex>0</BoneIndex>
				<X>-0.645760477</X>
				<Y>-1.58179593</Y>
				<Z>0.768564045</Z>
				<Pitch>-70.940567</Pitch>
				<Roll>-0.0187925883</Roll>
				<Yaw>2.79877901</Yaw>
			</Attachment>
		</Attachment>
		<Attachment>
			<ModelHash>0x4b6e534b</ModelHash>
			<Type>3</Type>
			<Dynamic>false</Dynamic>
			<FrozenPos>true</FrozenPos>
			<HashName>prop_keg_01</HashName>
			<InitialHandle>372296</InitialHandle>
			<ObjectProperties>
				<TextureVariation>0</TextureVariation>
			</ObjectProperties>
			<OpacityLevel>255</OpacityLevel>
			<LodDistance>16960</LodDistance>
			<IsVisible>true</IsVisible>
			<MaxHealth>1000</MaxHealth>
			<Health>1000</Health>
			<HasGravity>true</HasGravity>
			<IsOnFire>false</IsOnFire>
			<IsInvincible>false</IsInvincible>
			<IsBulletProof>false</IsBulletProof>
			<IsCollisionProof>false</IsCollisionProof>
			<IsExplosionProof>false</IsExplosionProof>
			<IsFireProof>false</IsFireProof>
			<IsMeleeProof>false</IsMeleeProof>
			<IsOnlyDamagedByPlayer>false</IsOnlyDamagedByPlayer>
			<PositionRotation>
				<X>2827.75659</X>
				<Y>4979.65771</Y>
				<Z>33.6605682</Z>
				<Pitch>-70.5713806</Pitch>
				<Roll>-1.46665537</Roll>
				<Yaw>141.184082</Yaw>
			</PositionRotation>
			<Attachment isAttached="true">
				<AttachedTo>255042</AttachedTo>
				<BoneIndex>0</BoneIndex>
				<X>0.633300424</X>
				<Y>-1.58720207</Y>
				<Z>0.772509873</Z>
				<Pitch>-70.9405823</Pitch>
				<Roll>-0.0187932122</Roll>
				<Yaw>4.1846056</Yaw>
			</Attachment>
		</Attachment>
		<Attachment>
			<ModelHash>0xc89630b8</ModelHash>
			<Type>3</Type>
			<Dynamic>false</Dynamic>
			<FrozenPos>true</FrozenPos>
			<HashName>prop_minigun_01</HashName>
			<InitialHandle>552013</InitialHandle>
			<ObjectProperties>
				<TextureVariation>0</TextureVariation>
			</ObjectProperties>
			<OpacityLevel>255</OpacityLevel>
			<LodDistance>16960</LodDistance>
			<IsVisible>true</IsVisible>
			<MaxHealth>1000</MaxHealth>
			<Health>1000</Health>
			<HasGravity>true</HasGravity>
			<IsOnFire>false</IsOnFire>
			<IsInvincible>false</IsInvincible>
			<IsBulletProof>false</IsBulletProof>
			<IsCollisionProof>false</IsCollisionProof>
			<IsExplosionProof>false</IsExplosionProof>
			<IsFireProof>false</IsFireProof>
			<IsMeleeProof>false</IsMeleeProof>
			<IsOnlyDamagedByPlayer>false</IsOnlyDamagedByPlayer>
			<PositionRotation>
				<X>2827.11841</X>
				<Y>4978.54785</Y>
				<Z>33.7485085</Z>
				<Pitch>-0.486271232</Pitch>
				<Roll>179.663437</Roll>
				<Yaw>48.4548454</Yaw>
			</PositionRotation>
			<Attachment isAttached="true">
				<AttachedTo>255042</AttachedTo>
				<BoneIndex>0</BoneIndex>
				<X>0.373638511</X>
				<Y>-0.33314383</Y>
				<Z>0.853808939</Z>
				<Pitch>-0.940627873</Pitch>
				<Roll>179.266464</Roll>
				<Yaw>-89.9165573</Yaw>
			</Attachment>
		</Attachment>
		<Attachment>
			<ModelHash>0xc89630b8</ModelHash>
			<Type>3</Type>
			<Dynamic>false</Dynamic>
			<FrozenPos>true</FrozenPos>
			<HashName>prop_minigun_01</HashName>
			<InitialHandle>117326</InitialHandle>
			<ObjectProperties>
				<TextureVariation>0</TextureVariation>
			</ObjectProperties>
			<OpacityLevel>255</OpacityLevel>
			<LodDistance>16960</LodDistance>
			<IsVisible>true</IsVisible>
			<MaxHealth>1000</MaxHealth>
			<Health>1000</Health>
			<HasGravity>true</HasGravity>
			<IsOnFire>false</IsOnFire>
			<IsInvincible>false</IsInvincible>
			<IsBulletProof>false</IsBulletProof>
			<IsCollisionProof>false</IsCollisionProof>
			<IsExplosionProof>false</IsExplosionProof>
			<IsFireProof>false</IsFireProof>
			<IsMeleeProof>false</IsMeleeProof>
			<IsOnlyDamagedByPlayer>false</IsOnlyDamagedByPlayer>
			<PositionRotation>
				<X>2827.38452</X>
				<Y>4978.32764</Y>
				<Z>33.7675476</Z>
				<Pitch>-0.486274749</Pitch>
				<Roll>-179.816635</Roll>
				<Yaw>48.4547958</Yaw>
			</PositionRotation>
			<Attachment isAttached="true">
				<AttachedTo>255042</AttachedTo>
				<BoneIndex>0</BoneIndex>
				<X>0.0284338836</X>
				<Y>-0.34500584</Y>
				<Z>0.875663936</Z>
				<Pitch>-0.940630734</Pitch>
				<Roll>179.786392</Roll>
				<Yaw>-89.9166107</Yaw>
			</Attachment>
		</Attachment>
	</SpoonerAttachments>
</Vehicle>
