<?xml version="1.0" encoding="ISO-8859-1"?>
<Vehicle menyoo_ver="0.999876778b">
	<ModelHash>0x6827cf72</ModelHash>
	<InitialHandle>678915</InitialHandle>
	<VehicleProperties>
		<Colours>
			<Primary>111</Primary>
			<Secondary>125</Secondary>
			<Pearl>0</Pearl>
			<Rim>156</Rim>
			<Mod1_a>-466288640</Mod1_a>
			<Mod1_b>32762</Mod1_b>
			<Mod1_c>-1064960000</Mod1_c>
			<Mod2_a>714</Mod2_a>
			<Mod2_b>514</Mod2_b>
			<IsPrimaryColourCustom>false</IsPrimaryColourCustom>
			<IsSecondaryColourCustom>false</IsSecondaryColourCustom>
			<tyreSmoke_R>255</tyreSmoke_R>
			<tyreSmoke_G>255</tyreSmoke_G>
			<tyreSmoke_B>255</tyreSmoke_B>
			<LrInterior>0</LrInterior>
			<LrDashboard>0</LrDashboard>
		</Colours>
		<Livery>-1</Livery>
		<NumberPlateText>46DZZ364</NumberPlateText>
		<NumberPlateIndex>0</NumberPlateIndex>
		<WheelType>0</WheelType>
		<WheelsInvisible>false</WheelsInvisible>
		<EngineSoundName></EngineSoundName>
		<WindowTint>-1</WindowTint>
		<BulletProofTyres>false</BulletProofTyres>
		<DirtLevel>0.769965291</DirtLevel>
		<PaintFade>0.298039228</PaintFade>
		<RoofState>0</RoofState>
		<SirenActive>false</SirenActive>
		<EngineOn>true</EngineOn>
		<EngineHealth>1000</EngineHealth>
		<LightsOn>true</LightsOn>
		<IsRadioLoud>0</IsRadioLoud>
		<LockStatus>1</LockStatus>
		<Neons>
			<Left>false</Left>
			<Right>false</Right>
			<Front>false</Front>
			<Back>false</Back>
			<R>255</R>
			<G>0</G>
			<B>255</B>
		</Neons>
		<ModExtras>
			<_1>true</_1>
		</ModExtras>
		<Mods>
			<_0>-1,0</_0>
			<_1>-1,0</_1>
			<_2>-1,0</_2>
			<_3>-1,0</_3>
			<_4>-1,0</_4>
			<_5>-1,0</_5>
			<_6>-1,0</_6>
			<_7>-1,0</_7>
			<_8>-1,0</_8>
			<_9>-1,0</_9>
			<_10>-1,0</_10>
			<_11>-1,0</_11>
			<_12>-1,0</_12>
			<_13>-1,0</_13>
			<_14>-1,0</_14>
			<_15>-1,0</_15>
			<_16>-1,0</_16>
			<_17>false</_17>
			<_18>true</_18>
			<_19>false</_19>
			<_20>false</_20>
			<_21>false</_21>
			<_22>false</_22>
			<_23>-1,0</_23>
			<_24>-1,0</_24>
			<_25>-1,0</_25>
			<_26>-1,0</_26>
			<_27>-1,0</_27>
			<_28>-1,0</_28>
			<_29>-1,0</_29>
			<_30>-1,0</_30>
			<_31>-1,0</_31>
			<_32>-1,0</_32>
			<_33>-1,0</_33>
			<_34>-1,0</_34>
			<_35>-1,0</_35>
			<_36>-1,0</_36>
			<_37>-1,0</_37>
			<_38>-1,0</_38>
			<_39>-1,0</_39>
			<_40>-1,0</_40>
			<_41>-1,0</_41>
			<_42>-1,0</_42>
			<_43>-1,0</_43>
			<_44>-1,0</_44>
			<_45>-1,0</_45>
			<_46>-1,0</_46>
			<_47>-1,0</_47>
			<_48>-1,0</_48>
		</Mods>
		<DoorsOpen>
			<BackLeftDoor>false</BackLeftDoor>
			<BackRightDoor>false</BackRightDoor>
			<FrontLeftDoor>false</FrontLeftDoor>
			<FrontRightDoor>false</FrontRightDoor>
			<Hood>false</Hood>
			<Trunk>false</Trunk>
			<Trunk2>false</Trunk2>
		</DoorsOpen>
		<DoorsBroken>
			<BackLeftDoor>false</BackLeftDoor>
			<BackRightDoor>false</BackRightDoor>
			<FrontLeftDoor>false</FrontLeftDoor>
			<FrontRightDoor>false</FrontRightDoor>
			<Hood>false</Hood>
			<Trunk>false</Trunk>
			<Trunk2>false</Trunk2>
		</DoorsBroken>
		<TyresBursted>
			<FrontLeft>false</FrontLeft>
			<FrontRight>false</FrontRight>
			<_2>false</_2>
			<_3>false</_3>
			<BackLeft>false</BackLeft>
			<BackRight>false</BackRight>
			<_6>false</_6>
			<_7>false</_7>
			<_8>false</_8>
		</TyresBursted>
		<RpmMultiplier>1</RpmMultiplier>
		<TorqueMultiplier>1</TorqueMultiplier>
		<HeadlightIntensity>1</HeadlightIntensity>
	</VehicleProperties>
	<OpacityLevel>255</OpacityLevel>
	<LodDistance>16960</LodDistance>
	<IsVisible>true</IsVisible>
	<IsDriverVisible>true</IsDriverVisible>
	<MaxHealth>1000</MaxHealth>
	<Health>1000</Health>
	<HasGravity>true</HasGravity>
	<IsOnFire>false</IsOnFire>
	<IsInvincible>false</IsInvincible>
	<IsBulletProof>false</IsBulletProof>
	<IsExplosionProof>false</IsExplosionProof>
	<IsFireProof>false</IsFireProof>
	<IsMeleeProof>false</IsMeleeProof>
	<IsOnlyDamagedByPlayer>false</IsOnlyDamagedByPlayer>
	<SpoonerAttachments SetAttachmentsPersistentAndAddToSpoonerDatabase="false" StartTaskSequencesOnLoad="true">
		<Attachment>
			<ModelHash>0xfca454b2</ModelHash>
			<Type>3</Type>
			<Dynamic>false</Dynamic>
			<FrozenPos>true</FrozenPos>
			<HashName>imp_prop_impexp_front_bars_01a</HashName>
			<InitialHandle>65033</InitialHandle>
			<ObjectProperties>
				<TextureVariation>0</TextureVariation>
			</ObjectProperties>
			<OpacityLevel>255</OpacityLevel>
			<LodDistance>16960</LodDistance>
			<IsVisible>true</IsVisible>
			<MaxHealth>1000</MaxHealth>
			<Health>1000</Health>
			<HasGravity>true</HasGravity>
			<IsOnFire>false</IsOnFire>
			<IsInvincible>false</IsInvincible>
			<IsBulletProof>false</IsBulletProof>
			<IsCollisionProof>false</IsCollisionProof>
			<IsExplosionProof>false</IsExplosionProof>
			<IsFireProof>false</IsFireProof>
			<IsMeleeProof>false</IsMeleeProof>
			<IsOnlyDamagedByPlayer>false</IsOnlyDamagedByPlayer>
			<PositionRotation>
				<X>1636.10522</X>
				<Y>3126.17578</Y>
				<Z>42.7918053</Z>
				<Pitch>21.590517</Pitch>
				<Roll>6.89245129</Roll>
				<Yaw>-82.3833237</Yaw>
			</PositionRotation>
			<Attachment isAttached="true">
				<AttachedTo>678915</AttachedTo>
				<BoneIndex>0</BoneIndex>
				<X>-0.014676515</X>
				<Y>3.21636987</Y>
				<Z>0.825628459</Z>
				<Pitch>19.9659653</Pitch>
				<Roll>0.00522199413</Roll>
				<Yaw>0.809005737</Yaw>
			</Attachment>
		</Attachment>
		<Attachment>
			<ModelHash>0xfca454b2</ModelHash>
			<Type>3</Type>
			<Dynamic>false</Dynamic>
			<FrozenPos>true</FrozenPos>
			<HashName>imp_prop_impexp_front_bars_01a</HashName>
			<InitialHandle>15113</InitialHandle>
			<ObjectProperties>
				<TextureVariation>0</TextureVariation>
			</ObjectProperties>
			<OpacityLevel>255</OpacityLevel>
			<LodDistance>16960</LodDistance>
			<IsVisible>true</IsVisible>
			<MaxHealth>1000</MaxHealth>
			<Health>1000</Health>
			<HasGravity>true</HasGravity>
			<IsOnFire>false</IsOnFire>
			<IsInvincible>false</IsInvincible>
			<IsBulletProof>false</IsBulletProof>
			<IsCollisionProof>false</IsCollisionProof>
			<IsExplosionProof>false</IsExplosionProof>
			<IsFireProof>false</IsFireProof>
			<IsMeleeProof>false</IsMeleeProof>
			<IsOnlyDamagedByPlayer>false</IsOnlyDamagedByPlayer>
			<PositionRotation>
				<X>1636.25537</X>
				<Y>3126.26807</Y>
				<Z>42.2078209</Z>
				<Pitch>16.6266804</Pitch>
				<Roll>-173.3013</Roll>
				<Yaw>-81.747467</Yaw>
			</PositionRotation>
			<Attachment isAttached="true">
				<AttachedTo>678915</AttachedTo>
				<BoneIndex>0</BoneIndex>
				<X>-0.0154792238</X>
				<Y>3.36224174</Y>
				<Z>0.233340532</Z>
				<Pitch>14.9659424</Pitch>
				<Roll>-179.983459</Roll>
				<Yaw>0.819889069</Yaw>
			</Attachment>
		</Attachment>
		<Attachment>
			<ModelHash>0x282d6851</ModelHash>
			<Type>3</Type>
			<Dynamic>false</Dynamic>
			<FrozenPos>true</FrozenPos>
			<HashName>prop_byard_dingy</HashName>
			<InitialHandle>281356</InitialHandle>
			<ObjectProperties>
				<TextureVariation>0</TextureVariation>
			</ObjectProperties>
			<OpacityLevel>255</OpacityLevel>
			<LodDistance>16960</LodDistance>
			<IsVisible>true</IsVisible>
			<MaxHealth>1000</MaxHealth>
			<Health>1000</Health>
			<HasGravity>true</HasGravity>
			<IsOnFire>false</IsOnFire>
			<IsInvincible>false</IsInvincible>
			<IsBulletProof>false</IsBulletProof>
			<IsCollisionProof>false</IsCollisionProof>
			<IsExplosionProof>false</IsExplosionProof>
			<IsFireProof>false</IsFireProof>
			<IsMeleeProof>false</IsMeleeProof>
			<IsOnlyDamagedByPlayer>false</IsOnlyDamagedByPlayer>
			<PositionRotation>
				<X>1631.43652</X>
				<Y>3125.23706</Y>
				<Z>44.0588951</Z>
				<Pitch>0.603620529</Pitch>
				<Roll>6.44065332</Roll>
				<Yaw>-81.0283966</Yaw>
			</PositionRotation>
			<Attachment isAttached="true">
				<AttachedTo>678915</AttachedTo>
				<BoneIndex>0</BoneIndex>
				<X>0.0103224069</X>
				<Y>-1.50337517</Y>
				<Z>2.24218965</Z>
				<Pitch>-1.03403473</Pitch>
				<Roll>0.00522017479</Roll>
				<Yaw>-0.306343079</Yaw>
			</Attachment>
		</Attachment>
		<Attachment>
			<ModelHash>0x45c35f6a</ModelHash>
			<Type>3</Type>
			<Dynamic>false</Dynamic>
			<FrozenPos>true</FrozenPos>
			<HashName>prop_dock_shippad</HashName>
			<InitialHandle>367375</InitialHandle>
			<ObjectProperties>
				<TextureVariation>0</TextureVariation>
			</ObjectProperties>
			<OpacityLevel>255</OpacityLevel>
			<LodDistance>16960</LodDistance>
			<IsVisible>true</IsVisible>
			<MaxHealth>1000</MaxHealth>
			<Health>1000</Health>
			<HasGravity>true</HasGravity>
			<IsOnFire>false</IsOnFire>
			<IsInvincible>false</IsInvincible>
			<IsBulletProof>false</IsBulletProof>
			<IsCollisionProof>false</IsCollisionProof>
			<IsExplosionProof>false</IsExplosionProof>
			<IsFireProof>false</IsFireProof>
			<IsMeleeProof>false</IsMeleeProof>
			<IsOnlyDamagedByPlayer>false</IsOnlyDamagedByPlayer>
			<PositionRotation>
				<X>1630.61121</X>
				<Y>3126.35498</Y>
				<Z>41.5574188</Z>
				<Pitch>-6.47863579</Pitch>
				<Roll>1.6087935</Roll>
				<Yaw>-171.298309</Yaw>
			</PositionRotation>
			<Attachment isAttached="true">
				<AttachedTo>678915</AttachedTo>
				<BoneIndex>0</BoneIndex>
				<X>-0.939039826</X>
				<Y>-2.21268082</Y>
				<Z>-0.362400234</Z>
				<Pitch>-0.0340347402</Pitch>
				<Roll>0.00522017712</Roll>
				<Yaw>-90.6432953</Yaw>
			</Attachment>
		</Attachment>
		<Attachment>
			<ModelHash>0x45c35f6a</ModelHash>
			<Type>3</Type>
			<Dynamic>false</Dynamic>
			<FrozenPos>true</FrozenPos>
			<HashName>prop_dock_shippad</HashName>
			<InitialHandle>37904</InitialHandle>
			<ObjectProperties>
				<TextureVariation>0</TextureVariation>
			</ObjectProperties>
			<OpacityLevel>255</OpacityLevel>
			<LodDistance>16960</LodDistance>
			<IsVisible>true</IsVisible>
			<MaxHealth>1000</MaxHealth>
			<Health>1000</Health>
			<HasGravity>true</HasGravity>
			<IsOnFire>false</IsOnFire>
			<IsInvincible>false</IsInvincible>
			<IsBulletProof>false</IsBulletProof>
			<IsCollisionProof>false</IsCollisionProof>
			<IsExplosionProof>false</IsExplosionProof>
			<IsFireProof>false</IsFireProof>
			<IsMeleeProof>false</IsMeleeProof>
			<IsOnlyDamagedByPlayer>false</IsOnlyDamagedByPlayer>
			<PositionRotation>
				<X>1630.95081</X>
				<Y>3124.44556</Y>
				<Z>41.3354073</Z>
				<Pitch>6.37306118</Pitch>
				<Roll>-1.74263287</Roll>
				<Yaw>9.9907999</Yaw>
			</PositionRotation>
			<Attachment isAttached="true">
				<AttachedTo>678915</AttachedTo>
				<BoneIndex>0</BoneIndex>
				<X>1.01275575</X>
				<Y>-2.18783021</Y>
				<Z>-0.366708875</Z>
				<Pitch>-0.0340347402</Pitch>
				<Roll>0.00522017712</Roll>
				<Yaw>90.6402664</Yaw>
			</Attachment>
		</Attachment>
		<Attachment>
			<ModelHash>0xcaec9bd1</ModelHash>
			<Type>3</Type>
			<Dynamic>false</Dynamic>
			<FrozenPos>true</FrozenPos>
			<HashName>prop_stockade_wheel</HashName>
			<InitialHandle>60946</InitialHandle>
			<ObjectProperties>
				<TextureVariation>0</TextureVariation>
			</ObjectProperties>
			<OpacityLevel>255</OpacityLevel>
			<LodDistance>16960</LodDistance>
			<IsVisible>true</IsVisible>
			<MaxHealth>1000</MaxHealth>
			<Health>1000</Health>
			<HasGravity>true</HasGravity>
			<IsOnFire>false</IsOnFire>
			<IsInvincible>false</IsInvincible>
			<IsBulletProof>false</IsBulletProof>
			<IsCollisionProof>false</IsCollisionProof>
			<IsExplosionProof>false</IsExplosionProof>
			<IsFireProof>false</IsFireProof>
			<IsMeleeProof>false</IsMeleeProof>
			<IsOnlyDamagedByPlayer>false</IsOnlyDamagedByPlayer>
			<PositionRotation>
				<X>1633.77039</X>
				<Y>3125.41577</Y>
				<Z>44.1570435</Z>
				<Pitch>4.34293365</Pitch>
				<Roll>95.0034332</Roll>
				<Yaw>-54.193531</Yaw>
			</PositionRotation>
			<Attachment isAttached="true">
				<AttachedTo>678915</AttachedTo>
				<BoneIndex>0</BoneIndex>
				<X>0.200914562</X>
				<Y>0.831017017</Y>
				<Z>2.29417396</Z>
				<Pitch>-0.0340351686</Pitch>
				<Roll>90.0051575</Roll>
				<Yaw>26.7408714</Yaw>
			</Attachment>
		</Attachment>
		<Attachment>
			<ModelHash>0xcaec9bd1</ModelHash>
			<Type>3</Type>
			<Dynamic>false</Dynamic>
			<FrozenPos>true</FrozenPos>
			<HashName>prop_stockade_wheel</HashName>
			<InitialHandle>100626</InitialHandle>
			<ObjectProperties>
				<TextureVariation>0</TextureVariation>
			</ObjectProperties>
			<OpacityLevel>255</OpacityLevel>
			<LodDistance>16960</LodDistance>
			<IsVisible>true</IsVisible>
			<MaxHealth>1000</MaxHealth>
			<Health>1000</Health>
			<HasGravity>true</HasGravity>
			<IsOnFire>false</IsOnFire>
			<IsInvincible>false</IsInvincible>
			<IsBulletProof>false</IsBulletProof>
			<IsCollisionProof>false</IsCollisionProof>
			<IsExplosionProof>false</IsExplosionProof>
			<IsFireProof>false</IsFireProof>
			<IsMeleeProof>false</IsMeleeProof>
			<IsOnlyDamagedByPlayer>false</IsOnlyDamagedByPlayer>
			<PositionRotation>
				<X>1630.51636</X>
				<Y>3126.55688</Y>
				<Z>43.2968216</Z>
				<Pitch>1.52297175</Pitch>
				<Roll>6.46112156</Roll>
				<Yaw>-81.7987061</Yaw>
			</PositionRotation>
			<Attachment isAttached="true">
				<AttachedTo>678915</AttachedTo>
				<BoneIndex>0</BoneIndex>
				<X>-1.34702933</X>
				<Y>-2.22350526</Y>
				<Z>1.34309578</Z>
				<Pitch>-0.0340347402</Pitch>
				<Roll>0.00522017712</Roll>
				<Yaw>-0.968482971</Yaw>
			</Attachment>
		</Attachment>
		<Attachment>
			<ModelHash>0xcaec9bd1</ModelHash>
			<Type>3</Type>
			<Dynamic>false</Dynamic>
			<FrozenPos>true</FrozenPos>
			<HashName>prop_stockade_wheel</HashName>
			<InitialHandle>785681</InitialHandle>
			<ObjectProperties>
				<TextureVariation>0</TextureVariation>
			</ObjectProperties>
			<OpacityLevel>255</OpacityLevel>
			<LodDistance>16960</LodDistance>
			<IsVisible>true</IsVisible>
			<MaxHealth>1000</MaxHealth>
			<Health>1000</Health>
			<HasGravity>true</HasGravity>
			<IsOnFire>false</IsOnFire>
			<IsInvincible>false</IsInvincible>
			<IsBulletProof>false</IsBulletProof>
			<IsCollisionProof>false</IsCollisionProof>
			<IsExplosionProof>false</IsExplosionProof>
			<IsFireProof>false</IsFireProof>
			<IsMeleeProof>false</IsMeleeProof>
			<IsOnlyDamagedByPlayer>false</IsOnlyDamagedByPlayer>
			<PositionRotation>
				<X>1631.70996</X>
				<Y>3126.73633</Y>
				<Z>43.5310822</Z>
				<Pitch>1.70821011</Pitch>
				<Roll>6.41379547</Roll>
				<Yaw>-80.1550827</Yaw>
			</PositionRotation>
			<Attachment isAttached="true">
				<AttachedTo>678915</AttachedTo>
				<BoneIndex>0</BoneIndex>
				<X>-1.35649109</X>
				<Y>-1.01025534</Y>
				<Z>1.54237282</Z>
				<Pitch>-0.0340347402</Pitch>
				<Roll>0.00522017712</Roll>
				<Yaw>0.684902191</Yaw>
			</Attachment>
		</Attachment>
		<Attachment>
			<ModelHash>0xcaec9bd1</ModelHash>
			<Type>3</Type>
			<Dynamic>false</Dynamic>
			<FrozenPos>true</FrozenPos>
			<HashName>prop_stockade_wheel</HashName>
			<InitialHandle>204818</InitialHandle>
			<ObjectProperties>
				<TextureVariation>0</TextureVariation>
			</ObjectProperties>
			<OpacityLevel>255</OpacityLevel>
			<LodDistance>16960</LodDistance>
			<IsVisible>true</IsVisible>
			<MaxHealth>1000</MaxHealth>
			<Health>1000</Health>
			<HasGravity>true</HasGravity>
			<IsOnFire>false</IsOnFire>
			<IsInvincible>false</IsInvincible>
			<IsBulletProof>false</IsBulletProof>
			<IsCollisionProof>false</IsCollisionProof>
			<IsExplosionProof>false</IsExplosionProof>
			<IsFireProof>false</IsFireProof>
			<IsMeleeProof>false</IsMeleeProof>
			<IsOnlyDamagedByPlayer>false</IsOnlyDamagedByPlayer>
			<PositionRotation>
				<X>1630.63538</X>
				<Y>3123.88013</Y>
				<Z>42.7873497</Z>
				<Pitch>-1.67718506</Pitch>
				<Roll>-6.4294858</Roll>
				<Yaw>98.9602737</Yaw>
			</PositionRotation>
			<Attachment isAttached="true">
				<AttachedTo>678915</AttachedTo>
				<BoneIndex>0</BoneIndex>
				<X>1.35383713</X>
				<Y>-2.54682469</Y>
				<Z>1.14397562</Z>
				<Pitch>-0.0340347402</Pitch>
				<Roll>0.00522017712</Roll>
				<Yaw>179.802734</Yaw>
			</Attachment>
		</Attachment>
		<Attachment>
			<ModelHash>0xbca2a815</ModelHash>
			<Type>3</Type>
			<Dynamic>false</Dynamic>
			<FrozenPos>true</FrozenPos>
			<HashName>v_ret_gc_trays</HashName>
			<InitialHandle>770584</InitialHandle>
			<ObjectProperties>
				<TextureVariation>0</TextureVariation>
			</ObjectProperties>
			<OpacityLevel>255</OpacityLevel>
			<LodDistance>16960</LodDistance>
			<IsVisible>true</IsVisible>
			<MaxHealth>1000</MaxHealth>
			<Health>1000</Health>
			<HasGravity>true</HasGravity>
			<IsOnFire>false</IsOnFire>
			<IsInvincible>false</IsInvincible>
			<IsBulletProof>false</IsBulletProof>
			<IsCollisionProof>false</IsCollisionProof>
			<IsExplosionProof>false</IsExplosionProof>
			<IsFireProof>false</IsFireProof>
			<IsMeleeProof>false</IsMeleeProof>
			<IsOnlyDamagedByPlayer>false</IsOnlyDamagedByPlayer>
			<PositionRotation>
				<X>1630.79761</X>
				<Y>3124.36353</Y>
				<Z>42.5880775</Z>
				<Pitch>0.205217302</Pitch>
				<Roll>6.64120054</Roll>
				<Yaw>-93.2454529</Yaw>
			</PositionRotation>
			<Attachment isAttached="true">
				<AttachedTo>678915</AttachedTo>
				<BoneIndex>0</BoneIndex>
				<X>0.928479195</X>
				<Y>-2.31569076</Y>
				<Z>0.888666034</Z>
				<Pitch>-0.0340347402</Pitch>
				<Roll>0.00522017712</Roll>
				<Yaw>-12.4892769</Yaw>
			</Attachment>
		</Attachment>
		<Attachment>
			<ModelHash>0x55c701bb</ModelHash>
			<Type>3</Type>
			<Dynamic>false</Dynamic>
			<FrozenPos>true</FrozenPos>
			<HashName>bkr_prop_biker_gcase_s</HashName>
			<InitialHandle>457753</InitialHandle>
			<ObjectProperties>
				<TextureVariation>0</TextureVariation>
			</ObjectProperties>
			<OpacityLevel>255</OpacityLevel>
			<LodDistance>16960</LodDistance>
			<IsVisible>true</IsVisible>
			<MaxHealth>1000</MaxHealth>
			<Health>1000</Health>
			<HasGravity>true</HasGravity>
			<IsOnFire>false</IsOnFire>
			<IsInvincible>false</IsInvincible>
			<IsBulletProof>false</IsBulletProof>
			<IsCollisionProof>false</IsCollisionProof>
			<IsExplosionProof>false</IsExplosionProof>
			<IsFireProof>false</IsFireProof>
			<IsMeleeProof>false</IsMeleeProof>
			<IsOnlyDamagedByPlayer>false</IsOnlyDamagedByPlayer>
			<PositionRotation>
				<X>1631.13428</X>
				<Y>3126.20776</Y>
				<Z>42.7509689</Z>
				<Pitch>6.36687899</Pitch>
				<Roll>-1.76521719</Roll>
				<Yaw>10.1932783</Yaw>
			</PositionRotation>
			<Attachment isAttached="true">
				<AttachedTo>678915</AttachedTo>
				<BoneIndex>0</BoneIndex>
				<X>-0.843875229</X>
				<Y>-1.68521404</Y>
				<Z>0.834502637</Z>
				<Pitch>-0.0340347402</Pitch>
				<Roll>0.00522017712</Roll>
				<Yaw>90.8415833</Yaw>
			</Attachment>
		</Attachment>
		<Attachment>
			<ModelHash>0x9637ba84</ModelHash>
			<Type>3</Type>
			<Dynamic>false</Dynamic>
			<FrozenPos>true</FrozenPos>
			<HashName>bkr_prop_gunlocker_ammo_01a</HashName>
			<InitialHandle>747802</InitialHandle>
			<ObjectProperties>
				<TextureVariation>0</TextureVariation>
			</ObjectProperties>
			<OpacityLevel>255</OpacityLevel>
			<LodDistance>16960</LodDistance>
			<IsVisible>true</IsVisible>
			<MaxHealth>1000</MaxHealth>
			<Health>1000</Health>
			<HasGravity>true</HasGravity>
			<IsOnFire>false</IsOnFire>
			<IsInvincible>false</IsInvincible>
			<IsBulletProof>false</IsBulletProof>
			<IsCollisionProof>false</IsCollisionProof>
			<IsExplosionProof>false</IsExplosionProof>
			<IsFireProof>false</IsFireProof>
			<IsMeleeProof>false</IsMeleeProof>
			<IsOnlyDamagedByPlayer>false</IsOnlyDamagedByPlayer>
			<PositionRotation>
				<X>1631.5885</X>
				<Y>3124.5498</Y>
				<Z>42.6565437</Z>
				<Pitch>-6.49216938</Pitch>
				<Roll>1.55316639</Roll>
				<Yaw>-171.793365</Yaw>
			</PositionRotation>
			<Attachment isAttached="true">
				<AttachedTo>678915</AttachedTo>
				<BoneIndex>0</BoneIndex>
				<X>0.865693271</X>
				<Y>-1.50348485</Y>
				<Z>0.926755905</Z>
				<Pitch>-0.0340347402</Pitch>
				<Roll>0.00522017712</Roll>
				<Yaw>-91.1353912</Yaw>
			</Attachment>
		</Attachment>
		<Attachment>
			<ModelHash>0xd6a8e9bd</ModelHash>
			<Type>3</Type>
			<Dynamic>false</Dynamic>
			<FrozenPos>true</FrozenPos>
			<HashName>hei_prop_hei_ammo_pile</HashName>
			<InitialHandle>401179</InitialHandle>
			<ObjectProperties>
				<TextureVariation>0</TextureVariation>
			</ObjectProperties>
			<OpacityLevel>255</OpacityLevel>
			<LodDistance>16960</LodDistance>
			<IsVisible>true</IsVisible>
			<MaxHealth>1000</MaxHealth>
			<Health>1000</Health>
			<HasGravity>true</HasGravity>
			<IsOnFire>false</IsOnFire>
			<IsInvincible>false</IsInvincible>
			<IsBulletProof>false</IsBulletProof>
			<IsCollisionProof>false</IsCollisionProof>
			<IsExplosionProof>false</IsExplosionProof>
			<IsFireProof>false</IsFireProof>
			<IsMeleeProof>false</IsMeleeProof>
			<IsOnlyDamagedByPlayer>false</IsOnlyDamagedByPlayer>
			<PositionRotation>
				<X>1631.81067</X>
				<Y>3125.75049</Y>
				<Z>42.4940643</Z>
				<Pitch>1.47447288</Pitch>
				<Roll>6.47344065</Roll>
				<Yaw>-82.2281189</Yaw>
			</PositionRotation>
			<Attachment isAttached="true">
				<AttachedTo>678915</AttachedTo>
				<BoneIndex>0</BoneIndex>
				<X>-0.257599056</X>
				<Y>-1.09789586</Y>
				<Z>0.624737382</Z>
				<Pitch>-0.033917319</Pitch>
				<Roll>0.00605355762</Roll>
				<Yaw>-1.40047455</Yaw>
			</Attachment>
		</Attachment>
		<Attachment>
			<ModelHash>0xd6a8e9bd</ModelHash>
			<Type>3</Type>
			<Dynamic>false</Dynamic>
			<FrozenPos>true</FrozenPos>
			<HashName>hei_prop_hei_ammo_pile</HashName>
			<InitialHandle>650012</InitialHandle>
			<ObjectProperties>
				<TextureVariation>0</TextureVariation>
			</ObjectProperties>
			<OpacityLevel>255</OpacityLevel>
			<LodDistance>16960</LodDistance>
			<IsVisible>true</IsVisible>
			<MaxHealth>1000</MaxHealth>
			<Health>1000</Health>
			<HasGravity>true</HasGravity>
			<IsOnFire>false</IsOnFire>
			<IsInvincible>false</IsInvincible>
			<IsBulletProof>false</IsBulletProof>
			<IsCollisionProof>false</IsCollisionProof>
			<IsExplosionProof>false</IsExplosionProof>
			<IsFireProof>false</IsFireProof>
			<IsMeleeProof>false</IsMeleeProof>
			<IsOnlyDamagedByPlayer>false</IsOnlyDamagedByPlayer>
			<PositionRotation>
				<X>1631.4718</X>
				<Y>3124.94629</Y>
				<Z>42.3971901</Z>
				<Pitch>-6.49441385</Pitch>
				<Roll>1.54373181</Roll>
				<Yaw>-171.877243</Yaw>
			</PositionRotation>
			<Attachment isAttached="true">
				<AttachedTo>678915</AttachedTo>
				<BoneIndex>0</BoneIndex>
				<X>0.487150639</X>
				<Y>-1.56315553</Y>
				<Z>0.624739945</Z>
				<Pitch>-0.0340347402</Pitch>
				<Roll>0.00522017712</Roll>
				<Yaw>-91.21875</Yaw>
			</Attachment>
		</Attachment>
		<Attachment>
			<ModelHash>0xa53de4d1</ModelHash>
			<Type>3</Type>
			<Dynamic>false</Dynamic>
			<FrozenPos>true</FrozenPos>
			<HashName>prop_box_ammo02a</HashName>
			<InitialHandle>390941</InitialHandle>
			<ObjectProperties>
				<TextureVariation>0</TextureVariation>
			</ObjectProperties>
			<OpacityLevel>255</OpacityLevel>
			<LodDistance>16960</LodDistance>
			<IsVisible>true</IsVisible>
			<MaxHealth>1000</MaxHealth>
			<Health>1000</Health>
			<HasGravity>true</HasGravity>
			<IsOnFire>false</IsOnFire>
			<IsInvincible>false</IsInvincible>
			<IsBulletProof>false</IsBulletProof>
			<IsCollisionProof>false</IsCollisionProof>
			<IsExplosionProof>false</IsExplosionProof>
			<IsFireProof>false</IsFireProof>
			<IsMeleeProof>false</IsMeleeProof>
			<IsOnlyDamagedByPlayer>false</IsOnlyDamagedByPlayer>
			<PositionRotation>
				<X>1631.35889</X>
				<Y>3125.32593</Y>
				<Z>42.2485771</Z>
				<Pitch>1.63988185</Pitch>
				<Roll>6.43191195</Roll>
				<Yaw>-80.7628098</Yaw>
			</PositionRotation>
			<Attachment isAttached="true">
				<AttachedTo>678915</AttachedTo>
				<BoneIndex>0</BoneIndex>
				<X>0.113292746</X>
				<Y>-1.61845863</Y>
				<Z>0.4346174</Z>
				<Pitch>-0.0340347402</Pitch>
				<Roll>0.00522017712</Roll>
				<Yaw>0.0736045837</Yaw>
			</Attachment>
		</Attachment>
		<Attachment>
			<ModelHash>0xa53de4d1</ModelHash>
			<Type>3</Type>
			<Dynamic>false</Dynamic>
			<FrozenPos>true</FrozenPos>
			<HashName>prop_box_ammo02a</HashName>
			<InitialHandle>440605</InitialHandle>
			<ObjectProperties>
				<TextureVariation>0</TextureVariation>
			</ObjectProperties>
			<OpacityLevel>255</OpacityLevel>
			<LodDistance>16960</LodDistance>
			<IsVisible>true</IsVisible>
			<MaxHealth>1000</MaxHealth>
			<Health>1000</Health>
			<HasGravity>true</HasGravity>
			<IsOnFire>false</IsOnFire>
			<IsInvincible>false</IsInvincible>
			<IsBulletProof>false</IsBulletProof>
			<IsCollisionProof>false</IsCollisionProof>
			<IsExplosionProof>false</IsExplosionProof>
			<IsFireProof>false</IsFireProof>
			<IsMeleeProof>false</IsMeleeProof>
			<IsOnlyDamagedByPlayer>false</IsOnlyDamagedByPlayer>
			<PositionRotation>
				<X>1631.35632</X>
				<Y>3125.31616</Y>
				<Z>42.5014801</Z>
				<Pitch>1.81376433</Pitch>
				<Roll>6.3842721</Roll>
				<Yaw>-79.2126999</Yaw>
			</PositionRotation>
			<Attachment isAttached="true">
				<AttachedTo>678915</AttachedTo>
				<BoneIndex>0</BoneIndex>
				<X>0.0942511111</X>
				<Y>-1.6152159</Y>
				<Z>0.686986685</Z>
				<Pitch>-0.0340347402</Pitch>
				<Roll>0.00522017712</Roll>
				<Yaw>1.63273621</Yaw>
			</Attachment>
		</Attachment>
		<Attachment>
			<ModelHash>0xa53de4d1</ModelHash>
			<Type>3</Type>
			<Dynamic>false</Dynamic>
			<FrozenPos>true</FrozenPos>
			<HashName>prop_box_ammo02a</HashName>
			<InitialHandle>508189</InitialHandle>
			<ObjectProperties>
				<TextureVariation>0</TextureVariation>
			</ObjectProperties>
			<OpacityLevel>255</OpacityLevel>
			<LodDistance>16960</LodDistance>
			<IsVisible>true</IsVisible>
			<MaxHealth>1000</MaxHealth>
			<Health>1000</Health>
			<HasGravity>true</HasGravity>
			<IsOnFire>false</IsOnFire>
			<IsInvincible>false</IsInvincible>
			<IsBulletProof>false</IsBulletProof>
			<IsCollisionProof>false</IsCollisionProof>
			<IsExplosionProof>false</IsExplosionProof>
			<IsFireProof>false</IsFireProof>
			<IsMeleeProof>false</IsMeleeProof>
			<IsOnlyDamagedByPlayer>false</IsOnlyDamagedByPlayer>
			<PositionRotation>
				<X>1631.36194</X>
				<Y>3125.54102</Y>
				<Z>42.2735519</Z>
				<Pitch>1.67861342</Pitch>
				<Roll>6.42147779</Roll>
				<Yaw>-80.4181824</Yaw>
			</PositionRotation>
			<Attachment isAttached="true">
				<AttachedTo>678915</AttachedTo>
				<BoneIndex>0</BoneIndex>
				<X>-0.0999640301</X>
				<Y>-1.58049953</Y>
				<Z>0.434618086</Z>
				<Pitch>-0.0340739377</Pitch>
				<Roll>0.00497067859</Roll>
				<Yaw>0.420257568</Yaw>
			</Attachment>
		</Attachment>
		<Attachment>
			<ModelHash>0xa53de4d1</ModelHash>
			<Type>3</Type>
			<Dynamic>false</Dynamic>
			<FrozenPos>true</FrozenPos>
			<HashName>prop_box_ammo02a</HashName>
			<InitialHandle>546845</InitialHandle>
			<ObjectProperties>
				<TextureVariation>0</TextureVariation>
			</ObjectProperties>
			<OpacityLevel>255</OpacityLevel>
			<LodDistance>16960</LodDistance>
			<IsVisible>true</IsVisible>
			<MaxHealth>1000</MaxHealth>
			<Health>1000</Health>
			<HasGravity>true</HasGravity>
			<IsOnFire>false</IsOnFire>
			<IsInvincible>false</IsInvincible>
			<IsBulletProof>false</IsBulletProof>
			<IsCollisionProof>false</IsCollisionProof>
			<IsExplosionProof>false</IsExplosionProof>
			<IsFireProof>false</IsFireProof>
			<IsMeleeProof>false</IsMeleeProof>
			<IsOnlyDamagedByPlayer>false</IsOnlyDamagedByPlayer>
			<PositionRotation>
				<X>1631.34058</X>
				<Y>3125.51099</Y>
				<Z>42.5138474</Z>
				<Pitch>1.69800937</Pitch>
				<Roll>6.41654873</Roll>
				<Yaw>-80.2459106</Yaw>
			</PositionRotation>
			<Attachment isAttached="true">
				<AttachedTo>678915</AttachedTo>
				<BoneIndex>0</BoneIndex>
				<X>-0.100776002</X>
				<Y>-1.59941113</Y>
				<Z>0.676998913</Z>
				<Pitch>-0.0340347402</Pitch>
				<Roll>0.00522017712</Roll>
				<Yaw>0.593536377</Yaw>
			</Attachment>
		</Attachment>
		<Attachment>
			<ModelHash>0xa53de4d1</ModelHash>
			<Type>3</Type>
			<Dynamic>false</Dynamic>
			<FrozenPos>true</FrozenPos>
			<HashName>prop_box_ammo02a</HashName>
			<InitialHandle>123164</InitialHandle>
			<ObjectProperties>
				<TextureVariation>0</TextureVariation>
			</ObjectProperties>
			<OpacityLevel>255</OpacityLevel>
			<LodDistance>16960</LodDistance>
			<IsVisible>true</IsVisible>
			<MaxHealth>1000</MaxHealth>
			<Health>1000</Health>
			<HasGravity>true</HasGravity>
			<IsOnFire>false</IsOnFire>
			<IsInvincible>false</IsInvincible>
			<IsBulletProof>false</IsBulletProof>
			<IsCollisionProof>false</IsCollisionProof>
			<IsExplosionProof>false</IsExplosionProof>
			<IsFireProof>false</IsFireProof>
			<IsMeleeProof>false</IsMeleeProof>
			<IsOnlyDamagedByPlayer>false</IsOnlyDamagedByPlayer>
			<PositionRotation>
				<X>1631.32288</X>
				<Y>3125.48657</Y>
				<Z>42.7649002</Z>
				<Pitch>1.75597775</Pitch>
				<Roll>6.40066624</Roll>
				<Yaw>-79.7291718</Yaw>
			</PositionRotation>
			<Attachment isAttached="true">
				<AttachedTo>678915</AttachedTo>
				<BoneIndex>0</BoneIndex>
				<X>-0.107700974</X>
				<Y>-1.61338353</Y>
				<Z>0.929377258</Z>
				<Pitch>-0.0340347402</Pitch>
				<Roll>0.00522017712</Roll>
				<Yaw>1.11329651</Yaw>
			</Attachment>
		</Attachment>
		<Attachment>
			<ModelHash>0xa53de4d1</ModelHash>
			<Type>3</Type>
			<Dynamic>false</Dynamic>
			<FrozenPos>true</FrozenPos>
			<HashName>prop_box_ammo02a</HashName>
			<InitialHandle>659741</InitialHandle>
			<ObjectProperties>
				<TextureVariation>0</TextureVariation>
			</ObjectProperties>
			<OpacityLevel>255</OpacityLevel>
			<LodDistance>16960</LodDistance>
			<IsVisible>true</IsVisible>
			<MaxHealth>1000</MaxHealth>
			<Health>1000</Health>
			<HasGravity>true</HasGravity>
			<IsOnFire>false</IsOnFire>
			<IsInvincible>false</IsInvincible>
			<IsBulletProof>false</IsBulletProof>
			<IsCollisionProof>false</IsCollisionProof>
			<IsExplosionProof>false</IsExplosionProof>
			<IsFireProof>false</IsFireProof>
			<IsMeleeProof>false</IsMeleeProof>
			<IsOnlyDamagedByPlayer>false</IsOnlyDamagedByPlayer>
			<PositionRotation>
				<X>1631.3291</X>
				<Y>3125.74243</Y>
				<Z>42.2965431</Z>
				<Pitch>1.3474865</Pitch>
				<Roll>6.50078011</Roll>
				<Yaw>-83.3451385</Yaw>
			</PositionRotation>
			<Attachment isAttached="true">
				<AttachedTo>678915</AttachedTo>
				<BoneIndex>0</BoneIndex>
				<X>-0.305311322</X>
				<Y>-1.58011293</Y>
				<Z>0.43461749</Z>
				<Pitch>-0.0340347402</Pitch>
				<Roll>0.00522017712</Roll>
				<Yaw>-2.52435303</Yaw>
			</Attachment>
		</Attachment>
		<Attachment>
			<ModelHash>0xa53de4d1</ModelHash>
			<Type>3</Type>
			<Dynamic>false</Dynamic>
			<FrozenPos>true</FrozenPos>
			<HashName>prop_box_ammo02a</HashName>
			<InitialHandle>702237</InitialHandle>
			<ObjectProperties>
				<TextureVariation>0</TextureVariation>
			</ObjectProperties>
			<OpacityLevel>255</OpacityLevel>
			<LodDistance>16960</LodDistance>
			<IsVisible>true</IsVisible>
			<MaxHealth>1000</MaxHealth>
			<Health>1000</Health>
			<HasGravity>true</HasGravity>
			<IsOnFire>false</IsOnFire>
			<IsInvincible>false</IsInvincible>
			<IsBulletProof>false</IsBulletProof>
			<IsCollisionProof>false</IsCollisionProof>
			<IsExplosionProof>false</IsExplosionProof>
			<IsFireProof>false</IsFireProof>
			<IsMeleeProof>false</IsMeleeProof>
			<IsOnlyDamagedByPlayer>false</IsOnlyDamagedByPlayer>
			<PositionRotation>
				<X>1631.32922</X>
				<Y>3125.72144</Y>
				<Z>42.5481796</Z>
				<Pitch>1.40622687</Pitch>
				<Roll>6.48805904</Roll>
				<Yaw>-82.8285751</Yaw>
			</PositionRotation>
			<Attachment isAttached="true">
				<AttachedTo>678915</AttachedTo>
				<BoneIndex>0</BoneIndex>
				<X>-0.312870502</X>
				<Y>-1.57612944</Y>
				<Z>0.686985314</Z>
				<Pitch>-0.0340347402</Pitch>
				<Roll>0.00522017712</Roll>
				<Yaw>-2.00460434</Yaw>
			</Attachment>
		</Attachment>
		<Attachment>
			<ModelHash>0xa53de4d1</ModelHash>
			<Type>3</Type>
			<Dynamic>false</Dynamic>
			<FrozenPos>true</FrozenPos>
			<HashName>prop_box_ammo02a</HashName>
			<InitialHandle>775965</InitialHandle>
			<ObjectProperties>
				<TextureVariation>0</TextureVariation>
			</ObjectProperties>
			<OpacityLevel>255</OpacityLevel>
			<LodDistance>16960</LodDistance>
			<IsVisible>true</IsVisible>
			<MaxHealth>1000</MaxHealth>
			<Health>1000</Health>
			<HasGravity>true</HasGravity>
			<IsOnFire>false</IsOnFire>
			<IsInvincible>false</IsInvincible>
			<IsBulletProof>false</IsBulletProof>
			<IsCollisionProof>false</IsCollisionProof>
			<IsExplosionProof>false</IsExplosionProof>
			<IsFireProof>false</IsFireProof>
			<IsMeleeProof>false</IsMeleeProof>
			<IsOnlyDamagedByPlayer>false</IsOnlyDamagedByPlayer>
			<PositionRotation>
				<X>1631.28723</X>
				<Y>3125.9939</Y>
				<Z>42.3252411</Z>
				<Pitch>0.615404069</Pitch>
				<Roll>6.61378527</Roll>
				<Yaw>-89.7133789</Yaw>
			</PositionRotation>
			<Attachment isAttached="true">
				<AttachedTo>678915</AttachedTo>
				<BoneIndex>0</BoneIndex>
				<X>-0.561847806</X>
				<Y>-1.58068788</Y>
				<Z>0.434618324</Z>
				<Pitch>-0.0340347402</Pitch>
				<Roll>0.00522017712</Roll>
				<Yaw>-8.93355942</Yaw>
			</Attachment>
		</Attachment>
		<Attachment>
			<ModelHash>0xffe8d0be</ModelHash>
			<Type>3</Type>
			<Dynamic>false</Dynamic>
			<FrozenPos>true</FrozenPos>
			<HashName>bkr_prop_gunlocker_01a</HashName>
			<InitialHandle>214304</InitialHandle>
			<ObjectProperties>
				<TextureVariation>0</TextureVariation>
			</ObjectProperties>
			<OpacityLevel>255</OpacityLevel>
			<LodDistance>16960</LodDistance>
			<IsVisible>true</IsVisible>
			<MaxHealth>1000</MaxHealth>
			<Health>1000</Health>
			<HasGravity>true</HasGravity>
			<IsOnFire>false</IsOnFire>
			<IsInvincible>false</IsInvincible>
			<IsBulletProof>false</IsBulletProof>
			<IsCollisionProof>false</IsCollisionProof>
			<IsExplosionProof>false</IsExplosionProof>
			<IsFireProof>false</IsFireProof>
			<IsMeleeProof>false</IsMeleeProof>
			<IsOnlyDamagedByPlayer>false</IsOnlyDamagedByPlayer>
			<PositionRotation>
				<X>1630.16223</X>
				<Y>3126.03735</Y>
				<Z>42.3186722</Z>
				<Pitch>6.42201138</Pitch>
				<Roll>-1.55134296</Roll>
				<Yaw>8.2832365</Yaw>
			</PositionRotation>
			<Attachment isAttached="true">
				<AttachedTo>678915</AttachedTo>
				<BoneIndex>0</BoneIndex>
				<X>-0.785165608</X>
				<Y>-2.68406868</Y>
				<Z>0.435126245</Z>
				<Pitch>-0.0340347402</Pitch>
				<Roll>0.00522017712</Roll>
				<Yaw>88.9426193</Yaw>
			</Attachment>
		</Attachment>
	</SpoonerAttachments>
</Vehicle>
