<?xml version="1.0" encoding="ISO-8859-1"?>
<Vehicle menyoo_ver="0.9998744b">
	<ModelHash>0x39da2754</ModelHash>
	<InitialHandle>577282</InitialHandle>
	<VehicleProperties>
		<Colours>
			<Primary>84</Primary>
			<Secondary>154</Secondary>
			<Pearl>0</Pearl>
			<Rim>70</Rim>
			<Mod1_a>6</Mod1_a>
			<Mod1_b>-1</Mod1_b>
			<Mod1_c>-1</Mod1_c>
			<Mod2_a>6</Mod2_a>
			<Mod2_b>-1</Mod2_b>
			<IsPrimaryColourCustom>false</IsPrimaryColourCustom>
			<IsSecondaryColourCustom>false</IsSecondaryColourCustom>
			<tyreSmoke_R>255</tyreSmoke_R>
			<tyreSmoke_G>255</tyreSmoke_G>
			<tyreSmoke_B>255</tyreSmoke_B>
			<LrInterior>0</LrInterior>
			<LrDashboard>0</LrDashboard>
		</Colours>
		<Livery>-1</Livery>
		<NumberPlateText>07MGM000</NumberPlateText>
		<NumberPlateIndex>3</NumberPlateIndex>
		<WheelType>4</WheelType>
		<WheelsInvisible>false</WheelsInvisible>
		<EngineSoundName></EngineSoundName>
		<WindowTint>1</WindowTint>
		<BulletProofTyres>false</BulletProofTyres>
		<DirtLevel>0.588194132</DirtLevel>
		<PaintFade>0.298039228</PaintFade>
		<RoofState>0</RoofState>
		<SirenActive>false</SirenActive>
		<EngineOn>true</EngineOn>
		<EngineHealth>1000</EngineHealth>
		<LightsOn>false</LightsOn>
		<IsRadioLoud>0</IsRadioLoud>
		<LockStatus>1</LockStatus>
		<Neons>
			<Left>false</Left>
			<Right>false</Right>
			<Front>false</Front>
			<Back>false</Back>
			<R>255</R>
			<G>0</G>
			<B>255</B>
		</Neons>
		<ModExtras>
			<_10>true</_10>
			<_12>true</_12>
		</ModExtras>
		<Mods>
			<_0>-1,0</_0>
			<_1>-1,0</_1>
			<_2>0,0</_2>
			<_3>0,0</_3>
			<_4>0,0</_4>
			<_5>0,0</_5>
			<_6>-1,0</_6>
			<_7>-1,0</_7>
			<_8>-1,0</_8>
			<_9>-1,0</_9>
			<_10>-1,0</_10>
			<_11>3,0</_11>
			<_12>2,0</_12>
			<_13>2,0</_13>
			<_14>44,0</_14>
			<_15>-1,0</_15>
			<_16>4,0</_16>
			<_17>false</_17>
			<_18>true</_18>
			<_19>false</_19>
			<_20>true</_20>
			<_21>false</_21>
			<_22>true</_22>
			<_23>2,0</_23>
			<_24>-1,0</_24>
			<_25>-1,0</_25>
			<_26>-1,0</_26>
			<_27>-1,0</_27>
			<_28>-1,0</_28>
			<_29>-1,0</_29>
			<_30>-1,0</_30>
			<_31>-1,0</_31>
			<_32>-1,0</_32>
			<_33>-1,0</_33>
			<_34>-1,0</_34>
			<_35>-1,0</_35>
			<_36>-1,0</_36>
			<_37>-1,0</_37>
			<_38>-1,0</_38>
			<_39>-1,0</_39>
			<_40>-1,0</_40>
			<_41>-1,0</_41>
			<_42>-1,0</_42>
			<_43>-1,0</_43>
			<_44>-1,0</_44>
			<_45>-1,0</_45>
			<_46>-1,0</_46>
			<_47>-1,0</_47>
			<_48>-1,0</_48>
		</Mods>
		<DoorsOpen>
			<BackLeftDoor>false</BackLeftDoor>
			<BackRightDoor>false</BackRightDoor>
			<FrontLeftDoor>false</FrontLeftDoor>
			<FrontRightDoor>false</FrontRightDoor>
			<Hood>false</Hood>
			<Trunk>false</Trunk>
			<Trunk2>false</Trunk2>
		</DoorsOpen>
		<DoorsBroken>
			<BackLeftDoor>false</BackLeftDoor>
			<BackRightDoor>false</BackRightDoor>
			<FrontLeftDoor>false</FrontLeftDoor>
			<FrontRightDoor>false</FrontRightDoor>
			<Hood>false</Hood>
			<Trunk>false</Trunk>
			<Trunk2>false</Trunk2>
		</DoorsBroken>
		<TyresBursted>
			<FrontLeft>false</FrontLeft>
			<FrontRight>false</FrontRight>
			<_2>false</_2>
			<_3>false</_3>
			<BackLeft>false</BackLeft>
			<BackRight>false</BackRight>
			<_6>false</_6>
			<_7>false</_7>
			<_8>false</_8>
		</TyresBursted>
		<RpmMultiplier>1</RpmMultiplier>
		<TorqueMultiplier>1</TorqueMultiplier>
		<HeadlightIntensity>1</HeadlightIntensity>
	</VehicleProperties>
	<OpacityLevel>255</OpacityLevel>
	<LodDistance>16960</LodDistance>
	<IsVisible>true</IsVisible>
	<IsDriverVisible>true</IsDriverVisible>
	<MaxHealth>1000</MaxHealth>
	<Health>1000</Health>
	<HasGravity>true</HasGravity>
	<IsOnFire>false</IsOnFire>
	<IsInvincible>false</IsInvincible>
	<IsBulletProof>false</IsBulletProof>
	<IsExplosionProof>false</IsExplosionProof>
	<IsFireProof>false</IsFireProof>
	<IsMeleeProof>false</IsMeleeProof>
	<IsOnlyDamagedByPlayer>false</IsOnlyDamagedByPlayer>
	<SpoonerAttachments SetAttachmentsPersistentAndAddToSpoonerDatabase="false" StartTaskSequencesOnLoad="true">
		<Attachment>
			<ModelHash>0x45c35f6a</ModelHash>
			<Type>3</Type>
			<Dynamic>false</Dynamic>
			<FrozenPos>true</FrozenPos>
			<HashName>prop_dock_shippad</HashName>
			<InitialHandle>602372</InitialHandle>
			<ObjectProperties>
				<TextureVariation>0</TextureVariation>
			</ObjectProperties>
			<OpacityLevel>255</OpacityLevel>
			<LodDistance>16960</LodDistance>
			<IsVisible>true</IsVisible>
			<MaxHealth>1000</MaxHealth>
			<Health>1000</Health>
			<HasGravity>true</HasGravity>
			<IsOnFire>false</IsOnFire>
			<IsInvincible>false</IsInvincible>
			<IsBulletProof>false</IsBulletProof>
			<IsCollisionProof>false</IsCollisionProof>
			<IsExplosionProof>false</IsExplosionProof>
			<IsFireProof>false</IsFireProof>
			<IsMeleeProof>false</IsMeleeProof>
			<IsOnlyDamagedByPlayer>false</IsOnlyDamagedByPlayer>
			<PositionRotation>
				<X>-226.429199</X>
				<Y>2879.1062</Y>
				<Z>45.7699432</Z>
				<Pitch>-38.9403381</Pitch>
				<Roll>-0.717181146</Roll>
				<Yaw>72.3000259</Yaw>
			</PositionRotation>
			<Attachment isAttached="true">
				<AttachedTo>577282</AttachedTo>
				<BoneIndex>0</BoneIndex>
				<X>-0.0121168029</X>
				<Y>2.26306295</Y>
				<Z>-0.386974216</Z>
				<Pitch>-37.8128052</Pitch>
				<Roll>-0.332202494</Roll>
				<Yaw>179.075104</Yaw>
			</Attachment>
		</Attachment>
		<Attachment>
			<ModelHash>0x45c35f6a</ModelHash>
			<Type>3</Type>
			<Dynamic>false</Dynamic>
			<FrozenPos>true</FrozenPos>
			<HashName>prop_dock_shippad</HashName>
			<InitialHandle>639492</InitialHandle>
			<ObjectProperties>
				<TextureVariation>0</TextureVariation>
			</ObjectProperties>
			<OpacityLevel>255</OpacityLevel>
			<LodDistance>16960</LodDistance>
			<IsVisible>true</IsVisible>
			<MaxHealth>1000</MaxHealth>
			<Health>1000</Health>
			<HasGravity>true</HasGravity>
			<IsOnFire>false</IsOnFire>
			<IsInvincible>false</IsInvincible>
			<IsBulletProof>false</IsBulletProof>
			<IsCollisionProof>false</IsCollisionProof>
			<IsExplosionProof>false</IsExplosionProof>
			<IsFireProof>false</IsFireProof>
			<IsMeleeProof>false</IsMeleeProof>
			<IsOnlyDamagedByPlayer>false</IsOnlyDamagedByPlayer>
			<PositionRotation>
				<X>-226.812607</X>
				<Y>2879.23193</Y>
				<Z>46.0386009</Z>
				<Pitch>-8.94351768</Pitch>
				<Roll>-0.62495333</Roll>
				<Yaw>73.0160522</Yaw>
			</PositionRotation>
			<Attachment isAttached="true">
				<AttachedTo>577282</AttachedTo>
				<BoneIndex>0</BoneIndex>
				<X>-0.0249351561</X>
				<Y>1.86508477</Y>
				<Z>-0.110454626</Z>
				<Pitch>-7.81280565</Pitch>
				<Roll>-0.332201421</Roll>
				<Yaw>179.594772</Yaw>
			</Attachment>
		</Attachment>
		<Attachment>
			<ModelHash>0x45c35f6a</ModelHash>
			<Type>3</Type>
			<Dynamic>false</Dynamic>
			<FrozenPos>true</FrozenPos>
			<HashName>prop_dock_shippad</HashName>
			<InitialHandle>478726</InitialHandle>
			<ObjectProperties>
				<TextureVariation>0</TextureVariation>
			</ObjectProperties>
			<OpacityLevel>255</OpacityLevel>
			<LodDistance>16960</LodDistance>
			<IsVisible>true</IsVisible>
			<MaxHealth>1000</MaxHealth>
			<Health>1000</Health>
			<HasGravity>true</HasGravity>
			<IsOnFire>false</IsOnFire>
			<IsInvincible>false</IsInvincible>
			<IsBulletProof>false</IsBulletProof>
			<IsCollisionProof>false</IsCollisionProof>
			<IsExplosionProof>false</IsExplosionProof>
			<IsFireProof>false</IsFireProof>
			<IsMeleeProof>false</IsMeleeProof>
			<IsOnlyDamagedByPlayer>false</IsOnlyDamagedByPlayer>
			<PositionRotation>
				<X>-230.539795</X>
				<Y>2880.70947</Y>
				<Z>45.6986694</Z>
				<Pitch>3.31674051</Pitch>
				<Roll>-0.0377087034</Roll>
				<Yaw>-107.199219</Yaw>
			</PositionRotation>
			<Attachment isAttached="true">
				<AttachedTo>577282</AttachedTo>
				<BoneIndex>0</BoneIndex>
				<X>-0.378884315</X>
				<Y>-2.13438439</Y>
				<Z>-0.373108</Z>
				<Pitch>2.18719816</Pitch>
				<Roll>-0.332203597</Roll>
				<Yaw>-0.649024963</Yaw>
			</Attachment>
		</Attachment>
		<Attachment>
			<ModelHash>0x45c35f6a</ModelHash>
			<Type>3</Type>
			<Dynamic>false</Dynamic>
			<FrozenPos>true</FrozenPos>
			<HashName>prop_dock_shippad</HashName>
			<InitialHandle>594950</InitialHandle>
			<ObjectProperties>
				<TextureVariation>0</TextureVariation>
			</ObjectProperties>
			<OpacityLevel>255</OpacityLevel>
			<LodDistance>16960</LodDistance>
			<IsVisible>true</IsVisible>
			<MaxHealth>1000</MaxHealth>
			<Health>1000</Health>
			<HasGravity>true</HasGravity>
			<IsOnFire>false</IsOnFire>
			<IsInvincible>false</IsInvincible>
			<IsBulletProof>false</IsBulletProof>
			<IsCollisionProof>false</IsCollisionProof>
			<IsExplosionProof>false</IsExplosionProof>
			<IsFireProof>false</IsFireProof>
			<IsMeleeProof>false</IsMeleeProof>
			<IsOnlyDamagedByPlayer>false</IsOnlyDamagedByPlayer>
			<PositionRotation>
				<X>-230.751602</X>
				<Y>2879.95239</Y>
				<Z>45.6747932</Z>
				<Pitch>3.32352781</Pitch>
				<Roll>-0.0651594102</Roll>
				<Yaw>-105.81192</Yaw>
			</PositionRotation>
			<Attachment isAttached="true">
				<AttachedTo>577282</AttachedTo>
				<BoneIndex>0</BoneIndex>
				<X>0.40716368</X>
				<Y>-2.12242508</Y>
				<Z>-0.3933658</Z>
				<Pitch>2.18719816</Pitch>
				<Roll>-0.332203597</Roll>
				<Yaw>0.736965179</Yaw>
			</Attachment>
		</Attachment>
		<Attachment>
			<ModelHash>0x710841e5</ModelHash>
			<Type>3</Type>
			<Dynamic>false</Dynamic>
			<FrozenPos>true</FrozenPos>
			<HashName>prop_scaffold_pole</HashName>
			<InitialHandle>776967</InitialHandle>
			<ObjectProperties>
				<TextureVariation>0</TextureVariation>
			</ObjectProperties>
			<OpacityLevel>255</OpacityLevel>
			<LodDistance>16960</LodDistance>
			<IsVisible>true</IsVisible>
			<MaxHealth>1000</MaxHealth>
			<Health>1000</Health>
			<HasGravity>true</HasGravity>
			<IsOnFire>false</IsOnFire>
			<IsInvincible>false</IsInvincible>
			<IsBulletProof>false</IsBulletProof>
			<IsCollisionProof>false</IsCollisionProof>
			<IsExplosionProof>false</IsExplosionProof>
			<IsFireProof>false</IsFireProof>
			<IsMeleeProof>false</IsMeleeProof>
			<IsOnlyDamagedByPlayer>false</IsOnlyDamagedByPlayer>
			<PositionRotation>
				<X>-230.471313</X>
				<Y>2879.44116</Y>
				<Z>46.5764732</Z>
				<Pitch>2.54699278</Pitch>
				<Roll>-1.44353044</Roll>
				<Yaw>-20.5254154</Yaw>
			</PositionRotation>
			<Attachment isAttached="true">
				<AttachedTo>577282</AttachedTo>
				<BoneIndex>0</BoneIndex>
				<X>0.813026071</X>
				<Y>-1.69046021</Y>
				<Z>0.501951277</Z>
				<Pitch>2.18719816</Pitch>
				<Roll>-0.332203597</Roll>
				<Yaw>85.9647522</Yaw>
			</Attachment>
		</Attachment>
		<Attachment>
			<ModelHash>0x710841e5</ModelHash>
			<Type>3</Type>
			<Dynamic>false</Dynamic>
			<FrozenPos>true</FrozenPos>
			<HashName>prop_scaffold_pole</HashName>
			<InitialHandle>54024</InitialHandle>
			<ObjectProperties>
				<TextureVariation>0</TextureVariation>
			</ObjectProperties>
			<OpacityLevel>255</OpacityLevel>
			<LodDistance>16960</LodDistance>
			<IsVisible>true</IsVisible>
			<MaxHealth>1000</MaxHealth>
			<Health>1000</Health>
			<HasGravity>true</HasGravity>
			<IsOnFire>false</IsOnFire>
			<IsInvincible>false</IsInvincible>
			<IsBulletProof>false</IsBulletProof>
			<IsCollisionProof>false</IsCollisionProof>
			<IsExplosionProof>false</IsExplosionProof>
			<IsFireProof>false</IsFireProof>
			<IsMeleeProof>false</IsMeleeProof>
			<IsOnlyDamagedByPlayer>false</IsOnlyDamagedByPlayer>
			<PositionRotation>
				<X>-230.053741</X>
				<Y>2879.29321</Y>
				<Z>46.6011238</Z>
				<Pitch>2.74143505</Pitch>
				<Roll>-1.36039329</Roll>
				<Yaw>-30.9209232</Yaw>
			</PositionRotation>
			<Attachment isAttached="true">
				<AttachedTo>577282</AttachedTo>
				<BoneIndex>0</BoneIndex>
				<X>0.835855186</X>
				<Y>-1.24766815</Y>
				<Z>0.517960966</Z>
				<Pitch>2.18719816</Pitch>
				<Roll>-0.332203597</Roll>
				<Yaw>75.5709381</Yaw>
			</Attachment>
		</Attachment>
		<Attachment>
			<ModelHash>0x715c7e1f</ModelHash>
			<Type>3</Type>
			<Dynamic>false</Dynamic>
			<FrozenPos>true</FrozenPos>
			<HashName>w_lr_homing</HashName>
			<InitialHandle>461832</InitialHandle>
			<ObjectProperties>
				<TextureVariation>0</TextureVariation>
			</ObjectProperties>
			<OpacityLevel>255</OpacityLevel>
			<LodDistance>16960</LodDistance>
			<IsVisible>true</IsVisible>
			<MaxHealth>1000</MaxHealth>
			<Health>1000</Health>
			<HasGravity>true</HasGravity>
			<IsOnFire>false</IsOnFire>
			<IsInvincible>false</IsInvincible>
			<IsBulletProof>false</IsBulletProof>
			<IsCollisionProof>false</IsCollisionProof>
			<IsExplosionProof>false</IsExplosionProof>
			<IsFireProof>false</IsFireProof>
			<IsMeleeProof>false</IsMeleeProof>
			<IsOnlyDamagedByPlayer>false</IsOnlyDamagedByPlayer>
			<PositionRotation>
				<X>-230.065018</X>
				<Y>2879.28076</Y>
				<Z>46.6344566</Z>
				<Pitch>86.6874237</Pitch>
				<Roll>-124.433838</Roll>
				<Yaw>99.812706</Yaw>
			</PositionRotation>
			<Attachment isAttached="true">
				<AttachedTo>577282</AttachedTo>
				<BoneIndex>0</BoneIndex>
				<X>0.85096246</X>
				<Y>-1.25424337</Y>
				<Z>0.551506042</Z>
				<Pitch>92.1871948</Pitch>
				<Roll>48.9803696</Roll>
				<Yaw>32.9273071</Yaw>
			</Attachment>
		</Attachment>
		<Attachment>
			<ModelHash>0x715c7e1f</ModelHash>
			<Type>3</Type>
			<Dynamic>false</Dynamic>
			<FrozenPos>true</FrozenPos>
			<HashName>w_lr_homing</HashName>
			<InitialHandle>521224</InitialHandle>
			<ObjectProperties>
				<TextureVariation>0</TextureVariation>
			</ObjectProperties>
			<OpacityLevel>255</OpacityLevel>
			<LodDistance>16960</LodDistance>
			<IsVisible>true</IsVisible>
			<MaxHealth>1000</MaxHealth>
			<Health>1000</Health>
			<HasGravity>true</HasGravity>
			<IsOnFire>false</IsOnFire>
			<IsInvincible>false</IsInvincible>
			<IsBulletProof>false</IsBulletProof>
			<IsCollisionProof>false</IsCollisionProof>
			<IsExplosionProof>false</IsExplosionProof>
			<IsFireProof>false</IsFireProof>
			<IsMeleeProof>false</IsMeleeProof>
			<IsOnlyDamagedByPlayer>false</IsOnlyDamagedByPlayer>
			<PositionRotation>
				<X>-230.068848</X>
				<Y>2879.27002</Y>
				<Z>46.9407845</Z>
				<Pitch>86.6872482</Pitch>
				<Roll>-125.127037</Roll>
				<Yaw>99.8128891</Yaw>
			</PositionRotation>
			<Attachment isAttached="true">
				<AttachedTo>577282</AttachedTo>
				<BoneIndex>0</BoneIndex>
				<X>0.860816717</X>
				<Y>-1.24879789</Y>
				<Z>0.857838809</Z>
				<Pitch>92.1871948</Pitch>
				<Roll>48.2873611</Roll>
				<Yaw>32.9273071</Yaw>
			</Attachment>
		</Attachment>
		<Attachment>
			<ModelHash>0x715c7e1f</ModelHash>
			<Type>3</Type>
			<Dynamic>false</Dynamic>
			<FrozenPos>true</FrozenPos>
			<HashName>w_lr_homing</HashName>
			<InitialHandle>598024</InitialHandle>
			<ObjectProperties>
				<TextureVariation>0</TextureVariation>
			</ObjectProperties>
			<OpacityLevel>255</OpacityLevel>
			<LodDistance>16960</LodDistance>
			<IsVisible>true</IsVisible>
			<MaxHealth>1000</MaxHealth>
			<Health>1000</Health>
			<HasGravity>true</HasGravity>
			<IsOnFire>false</IsOnFire>
			<IsInvincible>false</IsInvincible>
			<IsBulletProof>false</IsBulletProof>
			<IsCollisionProof>false</IsCollisionProof>
			<IsExplosionProof>false</IsExplosionProof>
			<IsFireProof>false</IsFireProof>
			<IsMeleeProof>false</IsMeleeProof>
			<IsOnlyDamagedByPlayer>false</IsOnlyDamagedByPlayer>
			<PositionRotation>
				<X>-230.090134</X>
				<Y>2879.26318</Y>
				<Z>47.2223167</Z>
				<Pitch>86.6873627</Pitch>
				<Roll>-125.126984</Roll>
				<Yaw>99.8128128</Yaw>
			</PositionRotation>
			<Attachment isAttached="true">
				<AttachedTo>577282</AttachedTo>
				<BoneIndex>0</BoneIndex>
				<X>0.872080028</X>
				<Y>-1.26168168</Y>
				<Z>1.13973844</Z>
				<Pitch>92.1871948</Pitch>
				<Roll>48.2873383</Roll>
				<Yaw>32.9273071</Yaw>
			</Attachment>
		</Attachment>
		<Attachment>
			<ModelHash>0x856e5e8e</ModelHash>
			<Type>3</Type>
			<Dynamic>false</Dynamic>
			<FrozenPos>true</FrozenPos>
			<HashName>w_mg_mg</HashName>
			<InitialHandle>123147</InitialHandle>
			<ObjectProperties>
				<TextureVariation>0</TextureVariation>
			</ObjectProperties>
			<OpacityLevel>255</OpacityLevel>
			<LodDistance>16960</LodDistance>
			<IsVisible>true</IsVisible>
			<MaxHealth>1000</MaxHealth>
			<Health>1000</Health>
			<HasGravity>true</HasGravity>
			<IsOnFire>false</IsOnFire>
			<IsInvincible>false</IsInvincible>
			<IsBulletProof>false</IsBulletProof>
			<IsCollisionProof>false</IsCollisionProof>
			<IsExplosionProof>false</IsExplosionProof>
			<IsFireProof>false</IsFireProof>
			<IsMeleeProof>false</IsMeleeProof>
			<IsOnlyDamagedByPlayer>false</IsOnlyDamagedByPlayer>
			<PositionRotation>
				<X>-227.385025</X>
				<Y>2878.56543</Y>
				<Z>46.4736252</Z>
				<Pitch>22.5464153</Pitch>
				<Roll>-1.53312194</Roll>
				<Yaw>-20.2898712</Yaw>
			</PositionRotation>
			<Attachment isAttached="true">
				<AttachedTo>577282</AttachedTo>
				<BoneIndex>0</BoneIndex>
				<X>0.774870932</X>
				<Y>1.5147953</Y>
				<Z>0.335511655</Z>
				<Pitch>22.1871986</Pitch>
				<Roll>-0.332204491</Roll>
				<Yaw>85.7891846</Yaw>
			</Attachment>
		</Attachment>
		<Attachment>
			<ModelHash>0x856e5e8e</ModelHash>
			<Type>3</Type>
			<Dynamic>false</Dynamic>
			<FrozenPos>true</FrozenPos>
			<HashName>w_mg_mg</HashName>
			<InitialHandle>223755</InitialHandle>
			<ObjectProperties>
				<TextureVariation>0</TextureVariation>
			</ObjectProperties>
			<OpacityLevel>255</OpacityLevel>
			<LodDistance>16960</LodDistance>
			<IsVisible>true</IsVisible>
			<MaxHealth>1000</MaxHealth>
			<Health>1000</Health>
			<HasGravity>true</HasGravity>
			<IsOnFire>false</IsOnFire>
			<IsInvincible>false</IsInvincible>
			<IsBulletProof>false</IsBulletProof>
			<IsCollisionProof>false</IsCollisionProof>
			<IsExplosionProof>false</IsExplosionProof>
			<IsFireProof>false</IsFireProof>
			<IsMeleeProof>false</IsMeleeProof>
			<IsOnlyDamagedByPlayer>false</IsOnlyDamagedByPlayer>
			<PositionRotation>
				<X>-227.020096</X>
				<Y>2880.04297</Y>
				<Z>46.5542145</Z>
				<Pitch>-17.5269604</Pitch>
				<Roll>-1.51991391</Roll>
				<Yaw>-16.9501419</Yaw>
			</PositionRotation>
			<Attachment isAttached="true">
				<AttachedTo>577282</AttachedTo>
				<BoneIndex>0</BoneIndex>
				<X>-0.745778143</X>
				<Y>1.44563222</Y>
				<Z>0.410020471</Z>
				<Pitch>-17.8127975</Pitch>
				<Roll>-0.332202703</Roll>
				<Yaw>89.9464417</Yaw>
			</Attachment>
		</Attachment>
		<Attachment>
			<ModelHash>0xe2ba016f</ModelHash>
			<Type>3</Type>
			<Dynamic>false</Dynamic>
			<FrozenPos>true</FrozenPos>
			<HashName>prop_cs_katana_01</HashName>
			<InitialHandle>183052</InitialHandle>
			<ObjectProperties>
				<TextureVariation>0</TextureVariation>
			</ObjectProperties>
			<OpacityLevel>255</OpacityLevel>
			<LodDistance>16960</LodDistance>
			<IsVisible>true</IsVisible>
			<MaxHealth>1000</MaxHealth>
			<Health>1000</Health>
			<HasGravity>true</HasGravity>
			<IsOnFire>false</IsOnFire>
			<IsInvincible>false</IsInvincible>
			<IsBulletProof>false</IsBulletProof>
			<IsCollisionProof>false</IsCollisionProof>
			<IsExplosionProof>false</IsExplosionProof>
			<IsFireProof>false</IsFireProof>
			<IsMeleeProof>false</IsMeleeProof>
			<IsOnlyDamagedByPlayer>false</IsOnlyDamagedByPlayer>
			<PositionRotation>
				<X>-226.998596</X>
				<Y>2878.74536</Y>
				<Z>46.3489914</Z>
				<Pitch>2.5604589</Pitch>
				<Roll>88.5608673</Roll>
				<Yaw>-21.2216587</Yaw>
			</PositionRotation>
			<Attachment isAttached="true">
				<AttachedTo>577282</AttachedTo>
				<BoneIndex>0</BoneIndex>
				<X>0.493085831</X>
				<Y>1.83150411</Y>
				<Z>0.203205422</Z>
				<Pitch>2.18719816</Pitch>
				<Roll>89.6677551</Roll>
				<Yaw>85.2685547</Yaw>
			</Attachment>
		</Attachment>
		<Attachment>
			<ModelHash>0xe2ba016f</ModelHash>
			<Type>3</Type>
			<Dynamic>false</Dynamic>
			<FrozenPos>true</FrozenPos>
			<HashName>prop_cs_katana_01</HashName>
			<InitialHandle>570889</InitialHandle>
			<ObjectProperties>
				<TextureVariation>0</TextureVariation>
			</ObjectProperties>
			<OpacityLevel>255</OpacityLevel>
			<LodDistance>16960</LodDistance>
			<IsVisible>true</IsVisible>
			<MaxHealth>1000</MaxHealth>
			<Health>1000</Health>
			<HasGravity>true</HasGravity>
			<IsOnFire>false</IsOnFire>
			<IsInvincible>false</IsInvincible>
			<IsBulletProof>false</IsBulletProof>
			<IsCollisionProof>false</IsCollisionProof>
			<IsExplosionProof>false</IsExplosionProof>
			<IsFireProof>false</IsFireProof>
			<IsMeleeProof>false</IsMeleeProof>
			<IsOnlyDamagedByPlayer>false</IsOnlyDamagedByPlayer>
			<PositionRotation>
				<X>-226.918015</X>
				<Y>2879.00928</Y>
				<Z>46.3507004</Z>
				<Pitch>2.49635172</Pitch>
				<Roll>88.5412903</Roll>
				<Yaw>-17.9303989</Yaw>
			</PositionRotation>
			<Attachment isAttached="true">
				<AttachedTo>577282</AttachedTo>
				<BoneIndex>0</BoneIndex>
				<X>0.217139393</X>
				<Y>1.83365047</Y>
				<Z>0.203519851</Z>
				<Pitch>2.18719935</Pitch>
				<Roll>89.6677628</Roll>
				<Yaw>88.5596313</Yaw>
			</Attachment>
		</Attachment>
		<Attachment>
			<ModelHash>0xe2ba016f</ModelHash>
			<Type>3</Type>
			<Dynamic>false</Dynamic>
			<FrozenPos>true</FrozenPos>
			<HashName>prop_cs_katana_01</HashName>
			<InitialHandle>696075</InitialHandle>
			<ObjectProperties>
				<TextureVariation>0</TextureVariation>
			</ObjectProperties>
			<OpacityLevel>255</OpacityLevel>
			<LodDistance>16960</LodDistance>
			<IsVisible>true</IsVisible>
			<MaxHealth>1000</MaxHealth>
			<Health>1000</Health>
			<HasGravity>true</HasGravity>
			<IsOnFire>false</IsOnFire>
			<IsInvincible>false</IsInvincible>
			<IsBulletProof>false</IsBulletProof>
			<IsCollisionProof>false</IsCollisionProof>
			<IsExplosionProof>false</IsExplosionProof>
			<IsFireProof>false</IsFireProof>
			<IsMeleeProof>false</IsMeleeProof>
			<IsOnlyDamagedByPlayer>false</IsOnlyDamagedByPlayer>
			<PositionRotation>
				<X>-226.798111</X>
				<Y>2879.3999</Y>
				<Z>46.3567238</Z>
				<Pitch>2.45875573</Pitch>
				<Roll>88.5316162</Roll>
				<Yaw>-16.0249424</Yaw>
			</PositionRotation>
			<Attachment isAttached="true">
				<AttachedTo>577282</AttachedTo>
				<BoneIndex>0</BoneIndex>
				<X>-0.191635564</X>
				<Y>1.83746588</Y>
				<Z>0.207460776</Z>
				<Pitch>2.18719697</Pitch>
				<Roll>89.6677551</Roll>
				<Yaw>90.4650574</Yaw>
			</Attachment>
		</Attachment>
		<Attachment>
			<ModelHash>0xe2ba016f</ModelHash>
			<Type>3</Type>
			<Dynamic>false</Dynamic>
			<FrozenPos>true</FrozenPos>
			<HashName>prop_cs_katana_01</HashName>
			<InitialHandle>716554</InitialHandle>
			<ObjectProperties>
				<TextureVariation>0</TextureVariation>
			</ObjectProperties>
			<OpacityLevel>255</OpacityLevel>
			<LodDistance>16960</LodDistance>
			<IsVisible>true</IsVisible>
			<MaxHealth>1000</MaxHealth>
			<Health>1000</Health>
			<HasGravity>true</HasGravity>
			<IsOnFire>false</IsOnFire>
			<IsInvincible>false</IsInvincible>
			<IsBulletProof>false</IsBulletProof>
			<IsCollisionProof>false</IsCollisionProof>
			<IsExplosionProof>false</IsExplosionProof>
			<IsFireProof>false</IsFireProof>
			<IsMeleeProof>false</IsMeleeProof>
			<IsOnlyDamagedByPlayer>false</IsOnlyDamagedByPlayer>
			<PositionRotation>
				<X>-226.694672</X>
				<Y>2879.80371</Y>
				<Z>46.3447876</Z>
				<Pitch>2.42776585</Pitch>
				<Roll>88.5246658</Roll>
				<Yaw>-14.4659424</Yaw>
			</PositionRotation>
			<Attachment isAttached="true">
				<AttachedTo>577282</AttachedTo>
				<BoneIndex>0</BoneIndex>
				<X>-0.608157456</X>
				<Y>1.82143831</Y>
				<Z>0.193794101</Z>
				<Pitch>2.18719816</Pitch>
				<Roll>89.6677551</Roll>
				<Yaw>92.0240936</Yaw>
			</Attachment>
		</Attachment>
		<Attachment>
			<ModelHash>0x9271a41a</ModelHash>
			<Type>3</Type>
			<Dynamic>false</Dynamic>
			<FrozenPos>true</FrozenPos>
			<HashName>prop_muscle_bench_01</HashName>
			<InitialHandle>419599</InitialHandle>
			<ObjectProperties>
				<TextureVariation>0</TextureVariation>
			</ObjectProperties>
			<OpacityLevel>255</OpacityLevel>
			<LodDistance>16960</LodDistance>
			<IsVisible>true</IsVisible>
			<MaxHealth>1000</MaxHealth>
			<Health>1000</Health>
			<HasGravity>true</HasGravity>
			<IsOnFire>false</IsOnFire>
			<IsInvincible>false</IsInvincible>
			<IsBulletProof>false</IsBulletProof>
			<IsCollisionProof>false</IsCollisionProof>
			<IsExplosionProof>false</IsExplosionProof>
			<IsFireProof>false</IsFireProof>
			<IsMeleeProof>false</IsMeleeProof>
			<IsOnlyDamagedByPlayer>false</IsOnlyDamagedByPlayer>
			<PositionRotation>
				<X>-227.998856</X>
				<Y>2879.54883</Y>
				<Z>46.5918045</Z>
				<Pitch>2.49743056</Pitch>
				<Roll>38.5416107</Roll>
				<Yaw>-17.9855385</Yaw>
			</PositionRotation>
			<Attachment isAttached="true">
				<AttachedTo>577282</AttachedTo>
				<BoneIndex>0</BoneIndex>
				<X>0.00625170767</X>
				<Y>0.64892441</Y>
				<Z>0.467063397</Z>
				<Pitch>2.18719816</Pitch>
				<Roll>39.6677818</Roll>
				<Yaw>88.5044937</Yaw>
			</Attachment>
		</Attachment>
		<Attachment>
			<ModelHash>0x9271a41a</ModelHash>
			<Type>3</Type>
			<Dynamic>false</Dynamic>
			<FrozenPos>true</FrozenPos>
			<HashName>prop_muscle_bench_01</HashName>
			<InitialHandle>569871</InitialHandle>
			<ObjectProperties>
				<TextureVariation>0</TextureVariation>
			</ObjectProperties>
			<OpacityLevel>255</OpacityLevel>
			<LodDistance>16960</LodDistance>
			<IsVisible>true</IsVisible>
			<MaxHealth>1000</MaxHealth>
			<Health>1000</Health>
			<HasGravity>true</HasGravity>
			<IsOnFire>false</IsOnFire>
			<IsInvincible>false</IsInvincible>
			<IsBulletProof>false</IsBulletProof>
			<IsCollisionProof>false</IsCollisionProof>
			<IsExplosionProof>false</IsExplosionProof>
			<IsFireProof>false</IsFireProof>
			<IsMeleeProof>false</IsMeleeProof>
			<IsOnlyDamagedByPlayer>false</IsOnlyDamagedByPlayer>
			<PositionRotation>
				<X>-228.484802</X>
				<Y>2879.72314</Y>
				<Z>46.8874855</Z>
				<Pitch>2.487221</Pitch>
				<Roll>38.5388489</Roll>
				<Yaw>-17.4662266</Yaw>
			</PositionRotation>
			<Attachment isAttached="true">
				<AttachedTo>577282</AttachedTo>
				<BoneIndex>0</BoneIndex>
				<X>-0.0241236929</X>
				<Y>0.139384478</Y>
				<Z>0.772735</Z>
				<Pitch>2.18719912</Pitch>
				<Roll>39.6677818</Roll>
				<Yaw>89.0237885</Yaw>
			</Attachment>
		</Attachment>
		<Attachment>
			<ModelHash>0x9271a41a</ModelHash>
			<Type>3</Type>
			<Dynamic>false</Dynamic>
			<FrozenPos>true</FrozenPos>
			<HashName>prop_muscle_bench_01</HashName>
			<InitialHandle>777999</InitialHandle>
			<ObjectProperties>
				<TextureVariation>0</TextureVariation>
			</ObjectProperties>
			<OpacityLevel>255</OpacityLevel>
			<LodDistance>16960</LodDistance>
			<IsVisible>true</IsVisible>
			<MaxHealth>1000</MaxHealth>
			<Health>1000</Health>
			<HasGravity>true</HasGravity>
			<IsOnFire>false</IsOnFire>
			<IsInvincible>false</IsInvincible>
			<IsBulletProof>false</IsBulletProof>
			<IsCollisionProof>false</IsCollisionProof>
			<IsExplosionProof>false</IsExplosionProof>
			<IsFireProof>false</IsFireProof>
			<IsMeleeProof>false</IsMeleeProof>
			<IsOnlyDamagedByPlayer>false</IsOnlyDamagedByPlayer>
			<PositionRotation>
				<X>-229.975021</X>
				<Y>2880.17603</Y>
				<Z>46.7737961</Z>
				<Pitch>2.48382616</Pitch>
				<Roll>-41.4620247</Roll>
				<Yaw>-17.2932968</Yaw>
			</PositionRotation>
			<Attachment isAttached="true">
				<AttachedTo>577282</AttachedTo>
				<BoneIndex>0</BoneIndex>
				<X>-0.0336897373</X>
				<Y>-1.4200592</Y>
				<Z>0.68980974</Z>
				<Pitch>2.18719912</Pitch>
				<Roll>-40.3321915</Roll>
				<Yaw>89.1967239</Yaw>
			</Attachment>
		</Attachment>
		<Attachment>
			<ModelHash>0x9271a41a</ModelHash>
			<Type>3</Type>
			<Dynamic>false</Dynamic>
			<FrozenPos>true</FrozenPos>
			<HashName>prop_muscle_bench_01</HashName>
			<InitialHandle>579087</InitialHandle>
			<ObjectProperties>
				<TextureVariation>0</TextureVariation>
			</ObjectProperties>
			<OpacityLevel>255</OpacityLevel>
			<LodDistance>16960</LodDistance>
			<IsVisible>true</IsVisible>
			<MaxHealth>1000</MaxHealth>
			<Health>1000</Health>
			<HasGravity>true</HasGravity>
			<IsOnFire>false</IsOnFire>
			<IsInvincible>false</IsInvincible>
			<IsBulletProof>false</IsBulletProof>
			<IsCollisionProof>false</IsCollisionProof>
			<IsExplosionProof>false</IsExplosionProof>
			<IsFireProof>false</IsFireProof>
			<IsMeleeProof>false</IsMeleeProof>
			<IsOnlyDamagedByPlayer>false</IsOnlyDamagedByPlayer>
			<PositionRotation>
				<X>-229.790619</X>
				<Y>2880.06104</Y>
				<Z>46.9442177</Z>
				<Pitch>2.47015262</Pitch>
				<Roll>-41.4655228</Roll>
				<Yaw>-16.6006165</Yaw>
			</PositionRotation>
			<Attachment isAttached="true">
				<AttachedTo>577282</AttachedTo>
				<BoneIndex>0</BoneIndex>
				<X>0.0233169515</X>
				<Y>-1.2072047</Y>
				<Z>0.856338978</Z>
				<Pitch>2.18720078</Pitch>
				<Roll>-40.3321877</Roll>
				<Yaw>89.8893967</Yaw>
			</Attachment>
		</Attachment>
		<Attachment>
			<ModelHash>0xdf0c8f3e</ModelHash>
			<Type>3</Type>
			<Dynamic>false</Dynamic>
			<FrozenPos>true</FrozenPos>
			<HashName>prop_fragtest_cnst_09b</HashName>
			<InitialHandle>257299</InitialHandle>
			<ObjectProperties>
				<TextureVariation>0</TextureVariation>
			</ObjectProperties>
			<OpacityLevel>255</OpacityLevel>
			<LodDistance>16960</LodDistance>
			<IsVisible>true</IsVisible>
			<MaxHealth>1000</MaxHealth>
			<Health>1000</Health>
			<HasGravity>true</HasGravity>
			<IsOnFire>false</IsOnFire>
			<IsInvincible>false</IsInvincible>
			<IsBulletProof>false</IsBulletProof>
			<IsCollisionProof>false</IsCollisionProof>
			<IsExplosionProof>false</IsExplosionProof>
			<IsFireProof>false</IsFireProof>
			<IsMeleeProof>false</IsMeleeProof>
			<IsOnlyDamagedByPlayer>false</IsOnlyDamagedByPlayer>
			<PositionRotation>
				<X>-229.217392</X>
				<Y>2880.15747</Y>
				<Z>47.7409744</Z>
				<Pitch>2.47016954</Pitch>
				<Roll>178.534637</Roll>
				<Yaw>-16.6017246</Yaw>
			</PositionRotation>
			<Attachment isAttached="true">
				<AttachedTo>577282</AttachedTo>
				<BoneIndex>0</BoneIndex>
				<X>-0.236068815</X>
				<Y>-0.669460952</Y>
				<Z>1.6413554</Z>
				<Pitch>2.18719935</Pitch>
				<Roll>-180.332016</Roll>
				<Yaw>89.8882904</Yaw>
			</Attachment>
		</Attachment>
		<Attachment>
			<ModelHash>0xc89630b8</ModelHash>
			<Type>3</Type>
			<Dynamic>false</Dynamic>
			<FrozenPos>true</FrozenPos>
			<HashName>prop_minigun_01</HashName>
			<InitialHandle>247316</InitialHandle>
			<ObjectProperties>
				<TextureVariation>0</TextureVariation>
			</ObjectProperties>
			<OpacityLevel>255</OpacityLevel>
			<LodDistance>16960</LodDistance>
			<IsVisible>true</IsVisible>
			<MaxHealth>1000</MaxHealth>
			<Health>1000</Health>
			<HasGravity>true</HasGravity>
			<IsOnFire>false</IsOnFire>
			<IsInvincible>false</IsInvincible>
			<IsBulletProof>false</IsBulletProof>
			<IsCollisionProof>false</IsCollisionProof>
			<IsExplosionProof>false</IsExplosionProof>
			<IsFireProof>false</IsFireProof>
			<IsMeleeProof>false</IsMeleeProof>
			<IsOnlyDamagedByPlayer>false</IsOnlyDamagedByPlayer>
			<PositionRotation>
				<X>-229.180222</X>
				<Y>2880.16431</Y>
				<Z>47.7979965</Z>
				<Pitch>1.88379276</Pitch>
				<Roll>-176.165039</Roll>
				<Yaw>162.321411</Yaw>
			</PositionRotation>
			<Attachment isAttached="true">
				<AttachedTo>577282</AttachedTo>
				<BoneIndex>0</BoneIndex>
				<X>-0.25347656</X>
				<Y>-0.634655654</Y>
				<Z>1.69761372</Z>
				<Pitch>2.1871469</Pitch>
				<Roll>-177.292862</Roll>
				<Yaw>-91.1024628</Yaw>
			</Attachment>
		</Attachment>
		<Attachment>
			<ModelHash>0xe19a6ca0</ModelHash>
			<Type>3</Type>
			<Dynamic>false</Dynamic>
			<FrozenPos>true</FrozenPos>
			<HashName>prop_medstation_01</HashName>
			<InitialHandle>36887</InitialHandle>
			<ObjectProperties>
				<TextureVariation>0</TextureVariation>
			</ObjectProperties>
			<OpacityLevel>255</OpacityLevel>
			<LodDistance>16960</LodDistance>
			<IsVisible>true</IsVisible>
			<MaxHealth>1000</MaxHealth>
			<Health>1000</Health>
			<HasGravity>true</HasGravity>
			<IsOnFire>false</IsOnFire>
			<IsInvincible>false</IsInvincible>
			<IsBulletProof>false</IsBulletProof>
			<IsCollisionProof>false</IsCollisionProof>
			<IsExplosionProof>false</IsExplosionProof>
			<IsFireProof>false</IsFireProof>
			<IsMeleeProof>false</IsMeleeProof>
			<IsOnlyDamagedByPlayer>false</IsOnlyDamagedByPlayer>
			<PositionRotation>
				<X>-228.924774</X>
				<Y>2879.55469</Y>
				<Z>47.0014153</Z>
				<Pitch>-86.6873093</Pitch>
				<Roll>-144.214172</Roll>
				<Yaw>-80.1871033</Yaw>
			</PositionRotation>
			<Attachment isAttached="true">
				<AttachedTo>577282</AttachedTo>
				<BoneIndex>0</BoneIndex>
				<X>0.261994541</X>
				<Y>-0.232108876</Y>
				<Z>0.895438075</Z>
				<Pitch>-87.8128052</Pitch>
				<Roll>-137.628571</Roll>
				<Yaw>32.9273071</Yaw>
			</Attachment>
		</Attachment>
	</SpoonerAttachments>
</Vehicle>
