<?xml version="1.0" encoding="ISO-8859-1"?>
<Vehicle menyoo_ver="0.9998744b">
	<ModelHash>0xee6024bc</ModelHash>
	<InitialHandle>112898</InitialHandle>
	<VehicleProperties>
		<Colours>
			<Primary>12</Primary>
			<Secondary>12</Secondary>
			<Pearl>0</Pearl>
			<Rim>91</Rim>
			<Mod1_a>0</Mod1_a>
			<Mod1_b>0</Mod1_b>
			<Mod1_c>0</Mod1_c>
			<Mod2_a>0</Mod2_a>
			<Mod2_b>0</Mod2_b>
			<IsPrimaryColourCustom>false</IsPrimaryColourCustom>
			<IsSecondaryColourCustom>false</IsSecondaryColourCustom>
			<tyreSmoke_R>255</tyreSmoke_R>
			<tyreSmoke_G>255</tyreSmoke_G>
			<tyreSmoke_B>255</tyreSmoke_B>
			<LrInterior>31</LrInterior>
			<LrDashboard>134</LrDashboard>
		</Colours>
		<Livery>-1</Livery>
		<NumberPlateText>46EEK572</NumberPlateText>
		<NumberPlateIndex>5</NumberPlateIndex>
		<WheelType>4</WheelType>
		<WheelsInvisible>false</WheelsInvisible>
		<EngineSoundName></EngineSoundName>
		<WindowTint>4</WindowTint>
		<BulletProofTyres>true</BulletProofTyres>
		<DirtLevel>0.73576194</DirtLevel>
		<PaintFade>0.478431404</PaintFade>
		<RoofState>0</RoofState>
		<SirenActive>false</SirenActive>
		<EngineOn>true</EngineOn>
		<EngineHealth>1000</EngineHealth>
		<LightsOn>false</LightsOn>
		<IsRadioLoud>0</IsRadioLoud>
		<LockStatus>1</LockStatus>
		<Neons>
			<Left>false</Left>
			<Right>false</Right>
			<Front>false</Front>
			<Back>false</Back>
			<R>255</R>
			<G>0</G>
			<B>255</B>
		</Neons>
		<ModExtras />
		<Mods>
			<_0>0,0</_0>
			<_1>3,0</_1>
			<_2>3,0</_2>
			<_3>-1,0</_3>
			<_4>3,0</_4>
			<_5>4,0</_5>
			<_6>3,0</_6>
			<_7>5,0</_7>
			<_8>3,0</_8>
			<_9>-1,0</_9>
			<_10>1,0</_10>
			<_11>4,0</_11>
			<_12>2,0</_12>
			<_13>3,0</_13>
			<_14>0,0</_14>
			<_15>3,0</_15>
			<_16>4,0</_16>
			<_17>false</_17>
			<_18>true</_18>
			<_19>false</_19>
			<_20>true</_20>
			<_21>false</_21>
			<_22>true</_22>
			<_23>1,0</_23>
			<_24>-1,0</_24>
			<_25>-1,0</_25>
			<_26>-1,0</_26>
			<_27>0,0</_27>
			<_28>15,0</_28>
			<_29>4,0</_29>
			<_30>4,0</_30>
			<_31>1,0</_31>
			<_32>13,0</_32>
			<_33>11,0</_33>
			<_34>-1,0</_34>
			<_35>-1,0</_35>
			<_36>-1,0</_36>
			<_37>-1,0</_37>
			<_38>-1,0</_38>
			<_39>3,0</_39>
			<_40>7,0</_40>
			<_41>11,0</_41>
			<_42>0,0</_42>
			<_43>0,0</_43>
			<_44>0,0</_44>
			<_45>-1,0</_45>
			<_46>2,0</_46>
			<_47>-1,0</_47>
			<_48>2,0</_48>
		</Mods>
		<DoorsOpen>
			<BackLeftDoor>false</BackLeftDoor>
			<BackRightDoor>false</BackRightDoor>
			<FrontLeftDoor>false</FrontLeftDoor>
			<FrontRightDoor>false</FrontRightDoor>
			<Hood>false</Hood>
			<Trunk>false</Trunk>
			<Trunk2>false</Trunk2>
		</DoorsOpen>
		<DoorsBroken>
			<BackLeftDoor>false</BackLeftDoor>
			<BackRightDoor>false</BackRightDoor>
			<FrontLeftDoor>false</FrontLeftDoor>
			<FrontRightDoor>false</FrontRightDoor>
			<Hood>false</Hood>
			<Trunk>false</Trunk>
			<Trunk2>false</Trunk2>
		</DoorsBroken>
		<TyresBursted>
			<FrontLeft>false</FrontLeft>
			<FrontRight>false</FrontRight>
			<_2>false</_2>
			<_3>false</_3>
			<BackLeft>false</BackLeft>
			<BackRight>false</BackRight>
			<_6>false</_6>
			<_7>false</_7>
			<_8>false</_8>
		</TyresBursted>
	</VehicleProperties>
	<OpacityLevel>255</OpacityLevel>
	<LodDistance>500</LodDistance>
	<IsVisible>true</IsVisible>
	<IsDriverVisible>true</IsDriverVisible>
	<MaxHealth>1000</MaxHealth>
	<Health>1000</Health>
	<HasGravity>true</HasGravity>
	<IsOnFire>false</IsOnFire>
	<IsInvincible>false</IsInvincible>
	<IsBulletProof>false</IsBulletProof>
	<IsExplosionProof>false</IsExplosionProof>
	<IsFireProof>false</IsFireProof>
	<IsMeleeProof>false</IsMeleeProof>
	<IsOnlyDamagedByPlayer>false</IsOnlyDamagedByPlayer>
	<SpoonerAttachments SetAttachmentsPersistentAndAddToSpoonerDatabase="false" StartTaskSequencesOnLoad="true">
		<Attachment>
			<ModelHash>0xe19a6ca0</ModelHash>
			<Type>3</Type>
			<Dynamic>false</Dynamic>
			<FrozenPos>true</FrozenPos>
			<HashName>prop_medstation_01</HashName>
			<InitialHandle>618247</InitialHandle>
			<ObjectProperties>
				<TextureVariation>0</TextureVariation>
			</ObjectProperties>
			<OpacityLevel>255</OpacityLevel>
			<LodDistance>16960</LodDistance>
			<IsVisible>true</IsVisible>
			<MaxHealth>1000</MaxHealth>
			<Health>1000</Health>
			<HasGravity>true</HasGravity>
			<IsOnFire>false</IsOnFire>
			<IsInvincible>false</IsInvincible>
			<IsBulletProof>false</IsBulletProof>
			<IsCollisionProof>false</IsCollisionProof>
			<IsExplosionProof>false</IsExplosionProof>
			<IsFireProof>false</IsFireProof>
			<IsMeleeProof>false</IsMeleeProof>
			<IsOnlyDamagedByPlayer>false</IsOnlyDamagedByPlayer>
			<PositionRotation>
				<X>-175.495438</X>
				<Y>-1135.80139</Y>
				<Z>22.7763004</Z>
				<Pitch>1.61637783</Pitch>
				<Roll>-0.248630643</Roll>
				<Yaw>-85.425148</Yaw>
			</PositionRotation>
			<Attachment isAttached="true">
				<AttachedTo>112898</AttachedTo>
				<BoneIndex>0</BoneIndex>
				<X>-0.318998307</X>
				<Y>-2.23882484</Y>
				<Z>0.259327203</Z>
				<Pitch>-0.0265034679</Pitch>
				<Roll>0.0216344111</Roll>
				<Yaw>0.298469543</Yaw>
			</Attachment>
		</Attachment>
		<Attachment>
			<ModelHash>0xbb55760a</ModelHash>
			<Type>3</Type>
			<Dynamic>false</Dynamic>
			<FrozenPos>true</FrozenPos>
			<HashName>prop_tool_fireaxe</HashName>
			<InitialHandle>266248</InitialHandle>
			<ObjectProperties>
				<TextureVariation>0</TextureVariation>
			</ObjectProperties>
			<OpacityLevel>255</OpacityLevel>
			<LodDistance>16960</LodDistance>
			<IsVisible>true</IsVisible>
			<MaxHealth>1000</MaxHealth>
			<Health>1000</Health>
			<HasGravity>true</HasGravity>
			<IsOnFire>false</IsOnFire>
			<IsInvincible>false</IsInvincible>
			<IsBulletProof>false</IsBulletProof>
			<IsCollisionProof>false</IsCollisionProof>
			<IsExplosionProof>false</IsExplosionProof>
			<IsFireProof>false</IsFireProof>
			<IsMeleeProof>false</IsMeleeProof>
			<IsOnlyDamagedByPlayer>false</IsOnlyDamagedByPlayer>
			<PositionRotation>
				<X>-174.21225</X>
				<Y>-1136.37781</Y>
				<Z>23.5325089</Z>
				<Pitch>-88.3428192</Pitch>
				<Roll>-11.2325487</Roll>
				<Yaw>-95.643959</Yaw>
			</PositionRotation>
			<Attachment isAttached="true">
				<AttachedTo>112898</AttachedTo>
				<BoneIndex>0</BoneIndex>
				<X>0.354786962</X>
				<Y>-0.980997205</Y>
				<Z>0.976670802</Z>
				<Pitch>-90.0265045</Pitch>
				<Roll>62.5011826</Roll>
				<Yaw>63.8175125</Yaw>
			</Attachment>
		</Attachment>
		<Attachment>
			<ModelHash>0x7621baaf</ModelHash>
			<Type>3</Type>
			<Dynamic>false</Dynamic>
			<FrozenPos>true</FrozenPos>
			<HashName>prop_conslift_brace</HashName>
			<InitialHandle>741896</InitialHandle>
			<ObjectProperties>
				<TextureVariation>0</TextureVariation>
			</ObjectProperties>
			<OpacityLevel>255</OpacityLevel>
			<LodDistance>16960</LodDistance>
			<IsVisible>true</IsVisible>
			<MaxHealth>1000</MaxHealth>
			<Health>1000</Health>
			<HasGravity>true</HasGravity>
			<IsOnFire>false</IsOnFire>
			<IsInvincible>false</IsInvincible>
			<IsBulletProof>false</IsBulletProof>
			<IsCollisionProof>false</IsCollisionProof>
			<IsExplosionProof>false</IsExplosionProof>
			<IsFireProof>false</IsFireProof>
			<IsMeleeProof>false</IsMeleeProof>
			<IsOnlyDamagedByPlayer>false</IsOnlyDamagedByPlayer>
			<PositionRotation>
				<X>-172.956467</X>
				<Y>-1136.00696</Y>
				<Z>22.9347363</Z>
				<Pitch>0.194134906</Pitch>
				<Roll>1.67191029</Roll>
				<Yaw>-177.154892</Yaw>
			</PositionRotation>
			<Attachment isAttached="true">
				<AttachedTo>112898</AttachedTo>
				<BoneIndex>0</BoneIndex>
				<X>0.0757710412</X>
				<Y>0.281263858</Y>
				<Z>0.343686759</Z>
				<Pitch>-0.0265034679</Pitch>
				<Roll>0.0216344111</Roll>
				<Yaw>-91.4251175</Yaw>
			</Attachment>
		</Attachment>
		<Attachment>
			<ModelHash>0x0ec688eb</ModelHash>
			<Type>3</Type>
			<Dynamic>false</Dynamic>
			<FrozenPos>true</FrozenPos>
			<HashName>prop_drop_crate_01</HashName>
			<InitialHandle>171529</InitialHandle>
			<ObjectProperties>
				<TextureVariation>0</TextureVariation>
			</ObjectProperties>
			<OpacityLevel>255</OpacityLevel>
			<LodDistance>16960</LodDistance>
			<IsVisible>true</IsVisible>
			<MaxHealth>1000</MaxHealth>
			<Health>1000</Health>
			<HasGravity>true</HasGravity>
			<IsOnFire>false</IsOnFire>
			<IsInvincible>false</IsInvincible>
			<IsBulletProof>false</IsBulletProof>
			<IsCollisionProof>false</IsCollisionProof>
			<IsExplosionProof>false</IsExplosionProof>
			<IsFireProof>false</IsFireProof>
			<IsMeleeProof>false</IsMeleeProof>
			<IsOnlyDamagedByPlayer>false</IsOnlyDamagedByPlayer>
			<PositionRotation>
				<X>-173.563477</X>
				<Y>-1135.65796</Y>
				<Z>23.814949</Z>
				<Pitch>0.248897657</Pitch>
				<Roll>1.66366088</Roll>
				<Yaw>-175.249512</Yaw>
			</PositionRotation>
			<Attachment isAttached="true">
				<AttachedTo>112898</AttachedTo>
				<BoneIndex>0</BoneIndex>
				<X>-0.313505918</X>
				<Y>-0.272533983</Y>
				<Z>1.24194586</Z>
				<Pitch>-0.0265034679</Pitch>
				<Roll>0.0216344111</Roll>
				<Yaw>-89.518959</Yaw>
			</Attachment>
		</Attachment>
		<Attachment>
			<ModelHash>0xbdc1dc1d</ModelHash>
			<Type>3</Type>
			<Dynamic>false</Dynamic>
			<FrozenPos>true</FrozenPos>
			<HashName>prop_cs_dumpster_lidl</HashName>
			<InitialHandle>770569</InitialHandle>
			<ObjectProperties>
				<TextureVariation>0</TextureVariation>
			</ObjectProperties>
			<OpacityLevel>255</OpacityLevel>
			<LodDistance>16960</LodDistance>
			<IsVisible>true</IsVisible>
			<MaxHealth>1000</MaxHealth>
			<Health>1000</Health>
			<HasGravity>true</HasGravity>
			<IsOnFire>false</IsOnFire>
			<IsInvincible>false</IsInvincible>
			<IsBulletProof>false</IsBulletProof>
			<IsCollisionProof>false</IsCollisionProof>
			<IsExplosionProof>false</IsExplosionProof>
			<IsFireProof>false</IsFireProof>
			<IsMeleeProof>false</IsMeleeProof>
			<IsOnlyDamagedByPlayer>false</IsOnlyDamagedByPlayer>
			<PositionRotation>
				<X>-173.097229</X>
				<Y>-1136.12939</Y>
				<Z>23.3033161</Z>
				<Pitch>8.34447956</Pitch>
				<Roll>0.37016499</Roll>
				<Yaw>97.1312561</Yaw>
			</PositionRotation>
			<Attachment isAttached="true">
				<AttachedTo>112898</AttachedTo>
				<BoneIndex>0</BoneIndex>
				<X>0.189010948</X>
				<Y>0.142399713</Y>
				<Z>0.715891182</Z>
				<Pitch>9.97349548</Pitch>
				<Roll>0.0216339771</Roll>
				<Yaw>182.914124</Yaw>
			</Attachment>
		</Attachment>
		<Attachment>
			<ModelHash>0x49996225</ModelHash>
			<Type>3</Type>
			<Dynamic>false</Dynamic>
			<FrozenPos>true</FrozenPos>
			<HashName>prop_big_bag_01</HashName>
			<InitialHandle>523</InitialHandle>
			<ObjectProperties>
				<TextureVariation>0</TextureVariation>
			</ObjectProperties>
			<OpacityLevel>255</OpacityLevel>
			<LodDistance>16960</LodDistance>
			<IsVisible>true</IsVisible>
			<MaxHealth>1000</MaxHealth>
			<Health>1000</Health>
			<HasGravity>true</HasGravity>
			<IsOnFire>false</IsOnFire>
			<IsInvincible>false</IsInvincible>
			<IsBulletProof>false</IsBulletProof>
			<IsCollisionProof>false</IsCollisionProof>
			<IsExplosionProof>false</IsExplosionProof>
			<IsFireProof>false</IsFireProof>
			<IsMeleeProof>false</IsMeleeProof>
			<IsOnlyDamagedByPlayer>false</IsOnlyDamagedByPlayer>
			<PositionRotation>
				<X>-174.191345</X>
				<Y>-1135.84412</Y>
				<Z>23.6987057</Z>
				<Pitch>1.62800193</Pitch>
				<Roll>0.207925022</Roll>
				<Yaw>-101.193466</Yaw>
			</PositionRotation>
			<Attachment isAttached="true">
				<AttachedTo>112898</AttachedTo>
				<BoneIndex>0</BoneIndex>
				<X>-0.175108239</X>
				<Y>-0.915617347</Y>
				<Z>1.14348197</Z>
				<Pitch>-0.0265034679</Pitch>
				<Roll>0.0216344111</Roll>
				<Yaw>-15.4634933</Yaw>
			</Attachment>
		</Attachment>
		<Attachment>
			<ModelHash>0x26a28712</ModelHash>
			<Type>3</Type>
			<Dynamic>false</Dynamic>
			<FrozenPos>true</FrozenPos>
			<HashName>prop_tool_box_02</HashName>
			<InitialHandle>87056</InitialHandle>
			<ObjectProperties>
				<TextureVariation>0</TextureVariation>
			</ObjectProperties>
			<OpacityLevel>255</OpacityLevel>
			<LodDistance>16960</LodDistance>
			<IsVisible>true</IsVisible>
			<MaxHealth>1000</MaxHealth>
			<Health>1000</Health>
			<HasGravity>true</HasGravity>
			<IsOnFire>false</IsOnFire>
			<IsInvincible>false</IsInvincible>
			<IsBulletProof>false</IsBulletProof>
			<IsCollisionProof>false</IsCollisionProof>
			<IsExplosionProof>false</IsExplosionProof>
			<IsFireProof>false</IsFireProof>
			<IsMeleeProof>false</IsMeleeProof>
			<IsOnlyDamagedByPlayer>false</IsOnlyDamagedByPlayer>
			<PositionRotation>
				<X>-173.457764</X>
				<Y>-1136.05505</Y>
				<Z>23.5439739</Z>
				<Pitch>-0.441712618</Pitch>
				<Roll>-1.59073591</Roll>
				<Yaw>9.66828251</Yaw>
			</PositionRotation>
			<Attachment isAttached="true">
				<AttachedTo>112898</AttachedTo>
				<BoneIndex>0</BoneIndex>
				<X>0.0891982839</X>
				<Y>-0.204542071</Y>
				<Z>0.96706593</Z>
				<Pitch>-0.0265034679</Pitch>
				<Roll>0.0216344111</Roll>
				<Yaw>95.4022293</Yaw>
			</Attachment>
		</Attachment>
		<Attachment>
			<ModelHash>0x371e6eda</ModelHash>
			<Type>3</Type>
			<Dynamic>false</Dynamic>
			<FrozenPos>true</FrozenPos>
			<HashName>hei_prop_heist_thermite_case</HashName>
			<InitialHandle>325904</InitialHandle>
			<ObjectProperties>
				<TextureVariation>0</TextureVariation>
			</ObjectProperties>
			<OpacityLevel>255</OpacityLevel>
			<LodDistance>16960</LodDistance>
			<IsVisible>true</IsVisible>
			<MaxHealth>1000</MaxHealth>
			<Health>1000</Health>
			<HasGravity>true</HasGravity>
			<IsOnFire>false</IsOnFire>
			<IsInvincible>false</IsInvincible>
			<IsBulletProof>false</IsBulletProof>
			<IsCollisionProof>false</IsCollisionProof>
			<IsExplosionProof>false</IsExplosionProof>
			<IsFireProof>false</IsFireProof>
			<IsMeleeProof>false</IsMeleeProof>
			<IsOnlyDamagedByPlayer>false</IsOnlyDamagedByPlayer>
			<PositionRotation>
				<X>-173.630737</X>
				<Y>-1135.63843</Y>
				<Z>24.0905304</Z>
				<Pitch>-0.229196027</Pitch>
				<Roll>-1.63094389</Roll>
				<Yaw>2.22187471</Yaw>
			</PositionRotation>
			<Attachment isAttached="true">
				<AttachedTo>112898</AttachedTo>
				<BoneIndex>0</BoneIndex>
				<X>-0.336660564</X>
				<Y>-0.330224484</Y>
				<Z>1.51940513</Z>
				<Pitch>-0.0265034679</Pitch>
				<Roll>0.0216344111</Roll>
				<Yaw>87.9529343</Yaw>
			</Attachment>
		</Attachment>
		<Attachment>
			<ModelHash>0x45c35f6a</ModelHash>
			<Type>3</Type>
			<Dynamic>false</Dynamic>
			<FrozenPos>true</FrozenPos>
			<HashName>prop_dock_shippad</HashName>
			<InitialHandle>711440</InitialHandle>
			<ObjectProperties>
				<TextureVariation>0</TextureVariation>
			</ObjectProperties>
			<OpacityLevel>255</OpacityLevel>
			<LodDistance>16960</LodDistance>
			<IsVisible>true</IsVisible>
			<MaxHealth>1000</MaxHealth>
			<Health>1000</Health>
			<HasGravity>true</HasGravity>
			<IsOnFire>false</IsOnFire>
			<IsInvincible>false</IsInvincible>
			<IsBulletProof>false</IsBulletProof>
			<IsCollisionProof>false</IsCollisionProof>
			<IsExplosionProof>false</IsExplosionProof>
			<IsFireProof>false</IsFireProof>
			<IsMeleeProof>false</IsMeleeProof>
			<IsOnlyDamagedByPlayer>false</IsOnlyDamagedByPlayer>
			<PositionRotation>
				<X>-171.00444</X>
				<Y>-1136.17029</Y>
				<Z>22.1781578</Z>
				<Pitch>-31.6712303</Pitch>
				<Roll>-0.279797018</Roll>
				<Yaw>76.2123032</Yaw>
			</PositionRotation>
			<Attachment isAttached="true">
				<AttachedTo>112898</AttachedTo>
				<BoneIndex>0</BoneIndex>
				<X>0.380459696</X>
				<Y>2.19316292</Y>
				<Z>-0.469486356</Z>
				<Pitch>-30.0265007</Pitch>
				<Roll>0.0216344111</Roll>
				<Yaw>162.094269</Yaw>
			</Attachment>
		</Attachment>
		<Attachment>
			<ModelHash>0x45c35f6a</ModelHash>
			<Type>3</Type>
			<Dynamic>false</Dynamic>
			<FrozenPos>true</FrozenPos>
			<HashName>prop_dock_shippad</HashName>
			<InitialHandle>756495</InitialHandle>
			<ObjectProperties>
				<TextureVariation>0</TextureVariation>
			</ObjectProperties>
			<OpacityLevel>255</OpacityLevel>
			<LodDistance>16960</LodDistance>
			<IsVisible>true</IsVisible>
			<MaxHealth>1000</MaxHealth>
			<Health>1000</Health>
			<HasGravity>true</HasGravity>
			<IsOnFire>false</IsOnFire>
			<IsInvincible>false</IsInvincible>
			<IsBulletProof>false</IsBulletProof>
			<IsCollisionProof>false</IsCollisionProof>
			<IsExplosionProof>false</IsExplosionProof>
			<IsFireProof>false</IsFireProof>
			<IsMeleeProof>false</IsMeleeProof>
			<IsOnlyDamagedByPlayer>false</IsOnlyDamagedByPlayer>
			<PositionRotation>
				<X>-171.073929</X>
				<Y>-1135.33582</Y>
				<Z>22.174448</Z>
				<Pitch>-31.3949928</Pitch>
				<Roll>1.1247046</Roll>
				<Yaw>120.236992</Yaw>
			</PositionRotation>
			<Attachment isAttached="true">
				<AttachedTo>112898</AttachedTo>
				<BoneIndex>0</BoneIndex>
				<X>-0.456914037</X>
				<Y>2.18599534</Y>
				<Z>-0.469166845</Z>
				<Pitch>-30.0265007</Pitch>
				<Roll>0.0216344111</Roll>
				<Yaw>205.40097</Yaw>
			</Attachment>
		</Attachment>
	</SpoonerAttachments>
</Vehicle>
