<?xml version="1.0" encoding="ISO-8859-1"?>
<Vehicle menyoo_ver="0.9998744b">
	<ModelHash>0x39f9c898</ModelHash>
	<InitialHandle>583714</InitialHandle>
	<VehicleProperties>
		<Colours>
			<Primary>128</Primary>
			<Secondary>0</Secondary>
			<Pearl>0</Pearl>
			<Rim>99</Rim>
			<Mod1_a>6</Mod1_a>
			<Mod1_b>-1</Mod1_b>
			<Mod1_c>-1</Mod1_c>
			<Mod2_a>6</Mod2_a>
			<Mod2_b>-1</Mod2_b>
			<IsPrimaryColourCustom>false</IsPrimaryColourCustom>
			<IsSecondaryColourCustom>false</IsSecondaryColourCustom>
			<tyreSmoke_R>255</tyreSmoke_R>
			<tyreSmoke_G>255</tyreSmoke_G>
			<tyreSmoke_B>255</tyreSmoke_B>
			<LrInterior>0</LrInterior>
			<LrDashboard>0</LrDashboard>
		</Colours>
		<Livery>-1</Livery>
		<NumberPlateText>20KTX441</NumberPlateText>
		<NumberPlateIndex>0</NumberPlateIndex>
		<WheelType>4</WheelType>
		<WheelsInvisible>false</WheelsInvisible>
		<EngineSoundName></EngineSoundName>
		<WindowTint>1</WindowTint>
		<BulletProofTyres>false</BulletProofTyres>
		<DirtLevel>0.0233685877</DirtLevel>
		<PaintFade>0.298039228</PaintFade>
		<RoofState>0</RoofState>
		<SirenActive>false</SirenActive>
		<EngineOn>true</EngineOn>
		<EngineHealth>1000</EngineHealth>
		<LightsOn>false</LightsOn>
		<IsRadioLoud>0</IsRadioLoud>
		<LockStatus>1</LockStatus>
		<Neons>
			<Left>false</Left>
			<Right>false</Right>
			<Front>false</Front>
			<Back>false</Back>
			<R>255</R>
			<G>0</G>
			<B>255</B>
		</Neons>
		<ModExtras />
		<Mods>
			<_0>-1,0</_0>
			<_1>-1,0</_1>
			<_2>-1,0</_2>
			<_3>-1,0</_3>
			<_4>-1,0</_4>
			<_5>0,0</_5>
			<_6>-1,0</_6>
			<_7>-1,0</_7>
			<_8>-1,0</_8>
			<_9>-1,0</_9>
			<_10>0,0</_10>
			<_11>3,0</_11>
			<_12>2,0</_12>
			<_13>2,0</_13>
			<_14>44,0</_14>
			<_15>-1,0</_15>
			<_16>4,0</_16>
			<_17>false</_17>
			<_18>true</_18>
			<_19>false</_19>
			<_20>true</_20>
			<_21>false</_21>
			<_22>true</_22>
			<_23>2,0</_23>
			<_24>-1,0</_24>
			<_25>-1,0</_25>
			<_26>-1,0</_26>
			<_27>-1,0</_27>
			<_28>-1,0</_28>
			<_29>-1,0</_29>
			<_30>-1,0</_30>
			<_31>-1,0</_31>
			<_32>-1,0</_32>
			<_33>-1,0</_33>
			<_34>-1,0</_34>
			<_35>-1,0</_35>
			<_36>-1,0</_36>
			<_37>-1,0</_37>
			<_38>-1,0</_38>
			<_39>-1,0</_39>
			<_40>-1,0</_40>
			<_41>-1,0</_41>
			<_42>-1,0</_42>
			<_43>-1,0</_43>
			<_44>-1,0</_44>
			<_45>-1,0</_45>
			<_46>-1,0</_46>
			<_47>-1,0</_47>
			<_48>-1,0</_48>
		</Mods>
		<DoorsOpen>
			<BackLeftDoor>false</BackLeftDoor>
			<BackRightDoor>false</BackRightDoor>
			<FrontLeftDoor>false</FrontLeftDoor>
			<FrontRightDoor>false</FrontRightDoor>
			<Hood>false</Hood>
			<Trunk>false</Trunk>
			<Trunk2>false</Trunk2>
		</DoorsOpen>
		<DoorsBroken>
			<BackLeftDoor>false</BackLeftDoor>
			<BackRightDoor>false</BackRightDoor>
			<FrontLeftDoor>false</FrontLeftDoor>
			<FrontRightDoor>false</FrontRightDoor>
			<Hood>false</Hood>
			<Trunk>false</Trunk>
			<Trunk2>false</Trunk2>
		</DoorsBroken>
		<TyresBursted>
			<FrontLeft>false</FrontLeft>
			<FrontRight>false</FrontRight>
			<_2>false</_2>
			<_3>false</_3>
			<BackLeft>false</BackLeft>
			<BackRight>false</BackRight>
			<_6>false</_6>
			<_7>false</_7>
			<_8>false</_8>
		</TyresBursted>
		<RpmMultiplier>1</RpmMultiplier>
		<TorqueMultiplier>1</TorqueMultiplier>
		<HeadlightIntensity>1</HeadlightIntensity>
	</VehicleProperties>
	<OpacityLevel>255</OpacityLevel>
	<LodDistance>16960</LodDistance>
	<IsVisible>true</IsVisible>
	<IsDriverVisible>true</IsDriverVisible>
	<MaxHealth>1000</MaxHealth>
	<Health>1000</Health>
	<HasGravity>true</HasGravity>
	<IsOnFire>false</IsOnFire>
	<IsInvincible>false</IsInvincible>
	<IsBulletProof>false</IsBulletProof>
	<IsExplosionProof>false</IsExplosionProof>
	<IsFireProof>false</IsFireProof>
	<IsMeleeProof>false</IsMeleeProof>
	<IsOnlyDamagedByPlayer>false</IsOnlyDamagedByPlayer>
	<SpoonerAttachments SetAttachmentsPersistentAndAddToSpoonerDatabase="false" StartTaskSequencesOnLoad="true">
		<Attachment>
			<ModelHash>0xe2ba016f</ModelHash>
			<Type>3</Type>
			<Dynamic>false</Dynamic>
			<FrozenPos>true</FrozenPos>
			<HashName>prop_cs_katana_01</HashName>
			<InitialHandle>560417</InitialHandle>
			<ObjectProperties>
				<TextureVariation>0</TextureVariation>
			</ObjectProperties>
			<OpacityLevel>255</OpacityLevel>
			<LodDistance>16960</LodDistance>
			<IsVisible>true</IsVisible>
			<MaxHealth>1000</MaxHealth>
			<Health>1000</Health>
			<HasGravity>true</HasGravity>
			<IsOnFire>false</IsOnFire>
			<IsInvincible>false</IsInvincible>
			<IsBulletProof>false</IsBulletProof>
			<IsCollisionProof>false</IsCollisionProof>
			<IsExplosionProof>false</IsExplosionProof>
			<IsFireProof>false</IsFireProof>
			<IsMeleeProof>false</IsMeleeProof>
			<IsOnlyDamagedByPlayer>false</IsOnlyDamagedByPlayer>
			<PositionRotation>
				<X>1537.6499</X>
				<Y>-2075.68921</Y>
				<Z>76.9107666</Z>
				<Pitch>-1.0326575</Pitch>
				<Roll>0.485218704</Roll>
				<Yaw>-76.2530365</Yaw>
			</PositionRotation>
			<Attachment isAttached="true">
				<AttachedTo>583714</AttachedTo>
				<BoneIndex>0</BoneIndex>
				<X>0.00283688121</X>
				<Y>2.1827178</Y>
				<Z>0.227756932</Z>
				<Pitch>-0.804439545</Pitch>
				<Roll>0.124900326</Roll>
				<Yaw>89.3332443</Yaw>
			</Attachment>
		</Attachment>
		<Attachment>
			<ModelHash>0xe2ba016f</ModelHash>
			<Type>3</Type>
			<Dynamic>false</Dynamic>
			<FrozenPos>true</FrozenPos>
			<HashName>prop_cs_katana_01</HashName>
			<InitialHandle>334086</InitialHandle>
			<ObjectProperties>
				<TextureVariation>0</TextureVariation>
			</ObjectProperties>
			<OpacityLevel>255</OpacityLevel>
			<LodDistance>16960</LodDistance>
			<IsVisible>true</IsVisible>
			<MaxHealth>1000</MaxHealth>
			<Health>1000</Health>
			<HasGravity>true</HasGravity>
			<IsOnFire>false</IsOnFire>
			<IsInvincible>false</IsInvincible>
			<IsBulletProof>false</IsBulletProof>
			<IsCollisionProof>false</IsCollisionProof>
			<IsExplosionProof>false</IsExplosionProof>
			<IsFireProof>false</IsFireProof>
			<IsMeleeProof>false</IsMeleeProof>
			<IsOnlyDamagedByPlayer>false</IsOnlyDamagedByPlayer>
			<PositionRotation>
				<X>1537.6283</X>
				<Y>-2075.58203</Y>
				<Z>76.9230118</Z>
				<Pitch>-1.0369972</Pitch>
				<Roll>0.482432336</Roll>
				<Yaw>-76.9459076</Yaw>
			</PositionRotation>
			<Attachment isAttached="true">
				<AttachedTo>583714</AttachedTo>
				<BoneIndex>0</BoneIndex>
				<X>-0.00283595454</X>
				<Y>2.0734899</Y>
				<Z>0.23932901</Z>
				<Pitch>-0.804439545</Pitch>
				<Roll>0.124900326</Roll>
				<Yaw>88.6404114</Yaw>
			</Attachment>
		</Attachment>
		<Attachment>
			<ModelHash>0xe2ba016f</ModelHash>
			<Type>3</Type>
			<Dynamic>false</Dynamic>
			<FrozenPos>true</FrozenPos>
			<HashName>prop_cs_katana_01</HashName>
			<InitialHandle>455458</InitialHandle>
			<ObjectProperties>
				<TextureVariation>0</TextureVariation>
			</ObjectProperties>
			<OpacityLevel>255</OpacityLevel>
			<LodDistance>16960</LodDistance>
			<IsVisible>true</IsVisible>
			<MaxHealth>1000</MaxHealth>
			<Health>1000</Health>
			<HasGravity>true</HasGravity>
			<IsOnFire>false</IsOnFire>
			<IsInvincible>false</IsInvincible>
			<IsBulletProof>false</IsBulletProof>
			<IsCollisionProof>false</IsCollisionProof>
			<IsExplosionProof>false</IsExplosionProof>
			<IsFireProof>false</IsFireProof>
			<IsMeleeProof>false</IsMeleeProof>
			<IsOnlyDamagedByPlayer>false</IsOnlyDamagedByPlayer>
			<PositionRotation>
				<X>1537.6073</X>
				<Y>-2075.43945</Y>
				<Z>76.9389038</Z>
				<Pitch>-1.05191612</Pitch>
				<Roll>0.472270787</Roll>
				<Yaw>-79.3711472</Yaw>
			</PositionRotation>
			<Attachment isAttached="true">
				<AttachedTo>583714</AttachedTo>
				<BoneIndex>0</BoneIndex>
				<X>-0.0178355575</X>
				<Y>1.93004453</Y>
				<Z>0.254377633</Z>
				<Pitch>-0.804439545</Pitch>
				<Roll>0.124900326</Roll>
				<Yaw>86.2152863</Yaw>
			</Attachment>
		</Attachment>
		<Attachment>
			<ModelHash>0xe2ba016f</ModelHash>
			<Type>3</Type>
			<Dynamic>false</Dynamic>
			<FrozenPos>true</FrozenPos>
			<HashName>prop_cs_katana_01</HashName>
			<InitialHandle>382725</InitialHandle>
			<ObjectProperties>
				<TextureVariation>0</TextureVariation>
			</ObjectProperties>
			<OpacityLevel>255</OpacityLevel>
			<LodDistance>16960</LodDistance>
			<IsVisible>true</IsVisible>
			<MaxHealth>1000</MaxHealth>
			<Health>1000</Health>
			<HasGravity>true</HasGravity>
			<IsOnFire>false</IsOnFire>
			<IsInvincible>false</IsInvincible>
			<IsBulletProof>false</IsBulletProof>
			<IsCollisionProof>false</IsCollisionProof>
			<IsExplosionProof>false</IsExplosionProof>
			<IsFireProof>false</IsFireProof>
			<IsMeleeProof>false</IsMeleeProof>
			<IsOnlyDamagedByPlayer>false</IsOnlyDamagedByPlayer>
			<PositionRotation>
				<X>1537.58533</X>
				<Y>-2075.30054</Y>
				<Z>76.9544373</Z>
				<Pitch>-1.04557443</Pitch>
				<Roll>0.476703465</Roll>
				<Yaw>-78.331665</Yaw>
			</PositionRotation>
			<Attachment isAttached="true">
				<AttachedTo>583714</AttachedTo>
				<BoneIndex>0</BoneIndex>
				<X>-0.0310562532</X>
				<Y>1.79003978</Y>
				<Z>0.269076496</Z>
				<Pitch>-0.804439545</Pitch>
				<Roll>0.124900326</Roll>
				<Yaw>87.254715</Yaw>
			</Attachment>
		</Attachment>
		<Attachment>
			<ModelHash>0xe2ba016f</ModelHash>
			<Type>3</Type>
			<Dynamic>false</Dynamic>
			<FrozenPos>true</FrozenPos>
			<HashName>prop_cs_katana_01</HashName>
			<InitialHandle>638755</InitialHandle>
			<ObjectProperties>
				<TextureVariation>0</TextureVariation>
			</ObjectProperties>
			<OpacityLevel>255</OpacityLevel>
			<LodDistance>16960</LodDistance>
			<IsVisible>true</IsVisible>
			<MaxHealth>1000</MaxHealth>
			<Health>1000</Health>
			<HasGravity>true</HasGravity>
			<IsOnFire>false</IsOnFire>
			<IsInvincible>false</IsInvincible>
			<IsBulletProof>false</IsBulletProof>
			<IsCollisionProof>false</IsCollisionProof>
			<IsExplosionProof>false</IsExplosionProof>
			<IsFireProof>false</IsFireProof>
			<IsMeleeProof>false</IsMeleeProof>
			<IsOnlyDamagedByPlayer>false</IsOnlyDamagedByPlayer>
			<PositionRotation>
				<X>1537.53149</X>
				<Y>-2075.09326</Y>
				<Z>76.978508</Z>
				<Pitch>-1.02937806</Pitch>
				<Roll>0.487275004</Roll>
				<Yaw>-75.7329865</Yaw>
			</PositionRotation>
			<Attachment isAttached="true">
				<AttachedTo>583714</AttachedTo>
				<BoneIndex>0</BoneIndex>
				<X>-0.0304067172</X>
				<Y>1.57567608</Y>
				<Z>0.291786075</Z>
				<Pitch>-0.804439545</Pitch>
				<Roll>0.124900326</Roll>
				<Yaw>89.8532867</Yaw>
			</Attachment>
		</Attachment>
		<Attachment>
			<ModelHash>0xe2ba016f</ModelHash>
			<Type>3</Type>
			<Dynamic>false</Dynamic>
			<FrozenPos>true</FrozenPos>
			<HashName>prop_cs_katana_01</HashName>
			<InitialHandle>347939</InitialHandle>
			<ObjectProperties>
				<TextureVariation>0</TextureVariation>
			</ObjectProperties>
			<OpacityLevel>255</OpacityLevel>
			<LodDistance>16960</LodDistance>
			<IsVisible>true</IsVisible>
			<MaxHealth>1000</MaxHealth>
			<Health>1000</Health>
			<HasGravity>true</HasGravity>
			<IsOnFire>false</IsOnFire>
			<IsInvincible>false</IsInvincible>
			<IsBulletProof>false</IsBulletProof>
			<IsCollisionProof>false</IsCollisionProof>
			<IsExplosionProof>false</IsExplosionProof>
			<IsFireProof>false</IsFireProof>
			<IsMeleeProof>false</IsMeleeProof>
			<IsOnlyDamagedByPlayer>false</IsOnlyDamagedByPlayer>
			<PositionRotation>
				<X>1537.54907</X>
				<Y>-2075.19263</Y>
				<Z>76.9671783</Z>
				<Pitch>-0.993324041</Pitch>
				<Roll>0.507310808</Roll>
				<Yaw>-70.1893005</Yaw>
			</PositionRotation>
			<Attachment isAttached="true">
				<AttachedTo>583714</AttachedTo>
				<BoneIndex>0</BoneIndex>
				<X>-0.0227505863</X>
				<Y>1.67643166</Y>
				<Z>0.281060189</Z>
				<Pitch>-0.804439545</Pitch>
				<Roll>0.124900326</Roll>
				<Yaw>95.396759</Yaw>
			</Attachment>
		</Attachment>
		<Attachment>
			<ModelHash>0xe2ba016f</ModelHash>
			<Type>3</Type>
			<Dynamic>false</Dynamic>
			<FrozenPos>true</FrozenPos>
			<HashName>prop_cs_katana_01</HashName>
			<InitialHandle>703779</InitialHandle>
			<ObjectProperties>
				<TextureVariation>0</TextureVariation>
			</ObjectProperties>
			<OpacityLevel>255</OpacityLevel>
			<LodDistance>16960</LodDistance>
			<IsVisible>true</IsVisible>
			<MaxHealth>1000</MaxHealth>
			<Health>1000</Health>
			<HasGravity>true</HasGravity>
			<IsOnFire>false</IsOnFire>
			<IsInvincible>false</IsInvincible>
			<IsBulletProof>false</IsBulletProof>
			<IsCollisionProof>false</IsCollisionProof>
			<IsExplosionProof>false</IsExplosionProof>
			<IsFireProof>false</IsFireProof>
			<IsMeleeProof>false</IsMeleeProof>
			<IsOnlyDamagedByPlayer>false</IsOnlyDamagedByPlayer>
			<PositionRotation>
				<X>1537.5127</X>
				<Y>-2074.96069</Y>
				<Z>76.9932327</Z>
				<Pitch>-1.02110314</Pitch>
				<Roll>0.492283523</Roll>
				<Yaw>-74.4334717</Yaw>
			</PositionRotation>
			<Attachment isAttached="true">
				<AttachedTo>583714</AttachedTo>
				<BoneIndex>0</BoneIndex>
				<X>-0.0451495536</X>
				<Y>1.44261479</Y>
				<Z>0.305726916</Z>
				<Pitch>-0.804439545</Pitch>
				<Roll>0.124900326</Roll>
				<Yaw>91.1527252</Yaw>
			</Attachment>
		</Attachment>
		<Attachment>
			<ModelHash>0xe2ba016f</ModelHash>
			<Type>3</Type>
			<Dynamic>false</Dynamic>
			<FrozenPos>true</FrozenPos>
			<HashName>prop_cs_katana_01</HashName>
			<InitialHandle>204068</InitialHandle>
			<ObjectProperties>
				<TextureVariation>0</TextureVariation>
			</ObjectProperties>
			<OpacityLevel>255</OpacityLevel>
			<LodDistance>16960</LodDistance>
			<IsVisible>true</IsVisible>
			<MaxHealth>1000</MaxHealth>
			<Health>1000</Health>
			<HasGravity>true</HasGravity>
			<IsOnFire>false</IsOnFire>
			<IsInvincible>false</IsInvincible>
			<IsBulletProof>false</IsBulletProof>
			<IsCollisionProof>false</IsCollisionProof>
			<IsExplosionProof>false</IsExplosionProof>
			<IsFireProof>false</IsFireProof>
			<IsMeleeProof>false</IsMeleeProof>
			<IsOnlyDamagedByPlayer>false</IsOnlyDamagedByPlayer>
			<PositionRotation>
				<X>1537.48157</X>
				<Y>-2074.82397</Y>
				<Z>76.9087372</Z>
				<Pitch>-1.03753388</Pitch>
				<Roll>0.482082725</Roll>
				<Yaw>-77.0319519</Yaw>
			</PositionRotation>
			<Attachment isAttached="true">
				<AttachedTo>583714</AttachedTo>
				<BoneIndex>0</BoneIndex>
				<X>-0.0493338443</X>
				<Y>1.30282605</Y>
				<Z>0.22035633</Z>
				<Pitch>-0.804439545</Pitch>
				<Roll>0.124900326</Roll>
				<Yaw>88.5543671</Yaw>
			</Attachment>
		</Attachment>
		<Attachment>
			<ModelHash>0xe2ba016f</ModelHash>
			<Type>3</Type>
			<Dynamic>false</Dynamic>
			<FrozenPos>true</FrozenPos>
			<HashName>prop_cs_katana_01</HashName>
			<InitialHandle>325156</InitialHandle>
			<ObjectProperties>
				<TextureVariation>0</TextureVariation>
			</ObjectProperties>
			<OpacityLevel>255</OpacityLevel>
			<LodDistance>16960</LodDistance>
			<IsVisible>true</IsVisible>
			<MaxHealth>1000</MaxHealth>
			<Health>1000</Health>
			<HasGravity>true</HasGravity>
			<IsOnFire>false</IsOnFire>
			<IsInvincible>false</IsInvincible>
			<IsBulletProof>false</IsBulletProof>
			<IsCollisionProof>false</IsCollisionProof>
			<IsExplosionProof>false</IsExplosionProof>
			<IsFireProof>false</IsFireProof>
			<IsMeleeProof>false</IsMeleeProof>
			<IsOnlyDamagedByPlayer>false</IsOnlyDamagedByPlayer>
			<PositionRotation>
				<X>1537.44238</X>
				<Y>-2074.6875</Y>
				<Z>76.9247208</Z>
				<Pitch>-1.02552915</Pitch>
				<Roll>0.48963654</Roll>
				<Yaw>-75.126297</Yaw>
			</PositionRotation>
			<Attachment isAttached="true">
				<AttachedTo>583714</AttachedTo>
				<BoneIndex>0</BoneIndex>
				<X>-0.0452585854</X>
				<Y>1.16093838</Y>
				<Z>0.235425442</Z>
				<Pitch>-0.804439545</Pitch>
				<Roll>0.124900326</Roll>
				<Yaw>90.4599457</Yaw>
			</Attachment>
		</Attachment>
		<Attachment>
			<ModelHash>0xe2ba016f</ModelHash>
			<Type>3</Type>
			<Dynamic>false</Dynamic>
			<FrozenPos>true</FrozenPos>
			<HashName>prop_cs_katana_01</HashName>
			<InitialHandle>348196</InitialHandle>
			<ObjectProperties>
				<TextureVariation>0</TextureVariation>
			</ObjectProperties>
			<OpacityLevel>255</OpacityLevel>
			<LodDistance>16960</LodDistance>
			<IsVisible>true</IsVisible>
			<MaxHealth>1000</MaxHealth>
			<Health>1000</Health>
			<HasGravity>true</HasGravity>
			<IsOnFire>false</IsOnFire>
			<IsInvincible>false</IsInvincible>
			<IsBulletProof>false</IsBulletProof>
			<IsCollisionProof>false</IsCollisionProof>
			<IsExplosionProof>false</IsExplosionProof>
			<IsFireProof>false</IsFireProof>
			<IsMeleeProof>false</IsMeleeProof>
			<IsOnlyDamagedByPlayer>false</IsOnlyDamagedByPlayer>
			<PositionRotation>
				<X>1537.38953</X>
				<Y>-2074.51001</Y>
				<Z>76.9456024</Z>
				<Pitch>-1.0087676</Pitch>
				<Roll>0.499285638</Roll>
				<Yaw>-72.5277023</Yaw>
			</PositionRotation>
			<Attachment isAttached="true">
				<AttachedTo>583714</AttachedTo>
				<BoneIndex>0</BoneIndex>
				<X>-0.0382555909</X>
				<Y>0.975642979</Y>
				<Z>0.255111128</Z>
				<Pitch>-0.804439545</Pitch>
				<Roll>0.124900326</Roll>
				<Yaw>93.0584412</Yaw>
			</Attachment>
		</Attachment>
		<Attachment>
			<ModelHash>0xe2ba016f</ModelHash>
			<Type>3</Type>
			<Dynamic>false</Dynamic>
			<FrozenPos>true</FrozenPos>
			<HashName>prop_cs_katana_01</HashName>
			<InitialHandle>664868</InitialHandle>
			<ObjectProperties>
				<TextureVariation>0</TextureVariation>
			</ObjectProperties>
			<OpacityLevel>255</OpacityLevel>
			<LodDistance>16960</LodDistance>
			<IsVisible>true</IsVisible>
			<MaxHealth>1000</MaxHealth>
			<Health>1000</Health>
			<HasGravity>true</HasGravity>
			<IsOnFire>false</IsOnFire>
			<IsInvincible>false</IsInvincible>
			<IsBulletProof>false</IsBulletProof>
			<IsCollisionProof>false</IsCollisionProof>
			<IsExplosionProof>false</IsExplosionProof>
			<IsFireProof>false</IsFireProof>
			<IsMeleeProof>false</IsMeleeProof>
			<IsOnlyDamagedByPlayer>false</IsOnlyDamagedByPlayer>
			<PositionRotation>
				<X>1537.35913</X>
				<Y>-2074.36694</Y>
				<Z>76.9619217</Z>
				<Pitch>-1.0503335</Pitch>
				<Roll>0.473392874</Roll>
				<Yaw>-79.1105499</Yaw>
			</PositionRotation>
			<Attachment isAttached="true">
				<AttachedTo>583714</AttachedTo>
				<BoneIndex>0</BoneIndex>
				<X>-0.0442770049</X>
				<Y>0.829485536</Y>
				<Z>0.270521611</Z>
				<Pitch>-0.804439545</Pitch>
				<Roll>0.124900326</Roll>
				<Yaw>86.4758682</Yaw>
			</Attachment>
		</Attachment>
		<Attachment>
			<ModelHash>0xe2ba016f</ModelHash>
			<Type>3</Type>
			<Dynamic>false</Dynamic>
			<FrozenPos>true</FrozenPos>
			<HashName>prop_cs_katana_01</HashName>
			<InitialHandle>726820</InitialHandle>
			<ObjectProperties>
				<TextureVariation>0</TextureVariation>
			</ObjectProperties>
			<OpacityLevel>255</OpacityLevel>
			<LodDistance>16960</LodDistance>
			<IsVisible>true</IsVisible>
			<MaxHealth>1000</MaxHealth>
			<Health>1000</Health>
			<HasGravity>true</HasGravity>
			<IsOnFire>false</IsOnFire>
			<IsInvincible>false</IsInvincible>
			<IsBulletProof>false</IsBulletProof>
			<IsCollisionProof>false</IsCollisionProof>
			<IsExplosionProof>false</IsExplosionProof>
			<IsFireProof>false</IsFireProof>
			<IsMeleeProof>false</IsMeleeProof>
			<IsOnlyDamagedByPlayer>false</IsOnlyDamagedByPlayer>
			<PositionRotation>
				<X>1536.50159</X>
				<Y>-2073.78589</Y>
				<Z>77.325798</Z>
				<Pitch>18.9862823</Pitch>
				<Roll>0.518123507</Roll>
				<Yaw>-73.3548355</Yaw>
			</PositionRotation>
			<Attachment isAttached="true">
				<AttachedTo>583714</AttachedTo>
				<BoneIndex>0</BoneIndex>
				<X>0.643087864</X>
				<Y>0.0509872846</Y>
				<Z>0.626790941</Z>
				<Pitch>19.1955624</Pitch>
				<Roll>0.124898911</Roll>
				<Yaw>92.3658447</Yaw>
			</Attachment>
		</Attachment>
		<Attachment>
			<ModelHash>0xe2ba016f</ModelHash>
			<Type>3</Type>
			<Dynamic>false</Dynamic>
			<FrozenPos>true</FrozenPos>
			<HashName>prop_cs_katana_01</HashName>
			<InitialHandle>764196</InitialHandle>
			<ObjectProperties>
				<TextureVariation>0</TextureVariation>
			</ObjectProperties>
			<OpacityLevel>255</OpacityLevel>
			<LodDistance>16960</LodDistance>
			<IsVisible>true</IsVisible>
			<MaxHealth>1000</MaxHealth>
			<Health>1000</Health>
			<HasGravity>true</HasGravity>
			<IsOnFire>false</IsOnFire>
			<IsInvincible>false</IsInvincible>
			<IsBulletProof>false</IsBulletProof>
			<IsCollisionProof>false</IsCollisionProof>
			<IsExplosionProof>false</IsExplosionProof>
			<IsFireProof>false</IsFireProof>
			<IsMeleeProof>false</IsMeleeProof>
			<IsOnlyDamagedByPlayer>false</IsOnlyDamagedByPlayer>
			<PositionRotation>
				<X>1536.49524</X>
				<Y>-2073.61792</Y>
				<Z>77.336937</Z>
				<Pitch>28.9738083</Pitch>
				<Roll>0.541762888</Roll>
				<Yaw>-75.3342667</Yaw>
			</PositionRotation>
			<Attachment isAttached="true">
				<AttachedTo>583714</AttachedTo>
				<BoneIndex>0</BoneIndex>
				<X>0.607516706</X>
				<Y>-0.113473691</Y>
				<Z>0.637029171</Z>
				<Pitch>29.1955643</Pitch>
				<Roll>0.124900326</Roll>
				<Yaw>90.4604568</Yaw>
			</Attachment>
		</Attachment>
		<Attachment>
			<ModelHash>0xe2ba016f</ModelHash>
			<Type>3</Type>
			<Dynamic>false</Dynamic>
			<FrozenPos>true</FrozenPos>
			<HashName>prop_cs_katana_01</HashName>
			<InitialHandle>233765</InitialHandle>
			<ObjectProperties>
				<TextureVariation>0</TextureVariation>
			</ObjectProperties>
			<OpacityLevel>255</OpacityLevel>
			<LodDistance>16960</LodDistance>
			<IsVisible>true</IsVisible>
			<MaxHealth>1000</MaxHealth>
			<Health>1000</Health>
			<HasGravity>true</HasGravity>
			<IsOnFire>false</IsOnFire>
			<IsInvincible>false</IsInvincible>
			<IsBulletProof>false</IsBulletProof>
			<IsCollisionProof>false</IsCollisionProof>
			<IsExplosionProof>false</IsExplosionProof>
			<IsFireProof>false</IsFireProof>
			<IsMeleeProof>false</IsMeleeProof>
			<IsOnlyDamagedByPlayer>false</IsOnlyDamagedByPlayer>
			<PositionRotation>
				<X>1536.43652</X>
				<Y>-2073.46851</Y>
				<Z>77.3432388</Z>
				<Pitch>28.9760208</Pitch>
				<Roll>0.543292582</Roll>
				<Yaw>-74.9883881</Yaw>
			</PositionRotation>
			<Attachment isAttached="true">
				<AttachedTo>583714</AttachedTo>
				<BoneIndex>0</BoneIndex>
				<X>0.627254128</X>
				<Y>-0.272716701</Y>
				<Z>0.642243624</Z>
				<Pitch>29.1955643</Pitch>
				<Roll>0.124900326</Roll>
				<Yaw>90.8070755</Yaw>
			</Attachment>
		</Attachment>
		<Attachment>
			<ModelHash>0xe2ba016f</ModelHash>
			<Type>3</Type>
			<Dynamic>false</Dynamic>
			<FrozenPos>true</FrozenPos>
			<HashName>prop_cs_katana_01</HashName>
			<InitialHandle>176421</InitialHandle>
			<ObjectProperties>
				<TextureVariation>0</TextureVariation>
			</ObjectProperties>
			<OpacityLevel>255</OpacityLevel>
			<LodDistance>16960</LodDistance>
			<IsVisible>true</IsVisible>
			<MaxHealth>1000</MaxHealth>
			<Health>1000</Health>
			<HasGravity>true</HasGravity>
			<IsOnFire>false</IsOnFire>
			<IsInvincible>false</IsInvincible>
			<IsBulletProof>false</IsBulletProof>
			<IsCollisionProof>false</IsCollisionProof>
			<IsExplosionProof>false</IsExplosionProof>
			<IsFireProof>false</IsFireProof>
			<IsMeleeProof>false</IsMeleeProof>
			<IsOnlyDamagedByPlayer>false</IsOnlyDamagedByPlayer>
			<PositionRotation>
				<X>1536.41016</X>
				<Y>-2073.25098</Y>
				<Z>77.3564606</Z>
				<Pitch>38.9768257</Pitch>
				<Roll>0.596569657</Roll>
				<Yaw>-74.9090805</Yaw>
			</PositionRotation>
			<Attachment isAttached="true">
				<AttachedTo>583714</AttachedTo>
				<BoneIndex>0</BoneIndex>
				<X>0.598664403</X>
				<Y>-0.489982188</Y>
				<Z>0.654207587</Z>
				<Pitch>39.1955643</Pitch>
				<Roll>0.124899864</Roll>
				<Yaw>90.9803772</Yaw>
			</Attachment>
		</Attachment>
		<Attachment>
			<ModelHash>0xe2ba016f</ModelHash>
			<Type>3</Type>
			<Dynamic>false</Dynamic>
			<FrozenPos>true</FrozenPos>
			<HashName>prop_cs_katana_01</HashName>
			<InitialHandle>404261</InitialHandle>
			<ObjectProperties>
				<TextureVariation>0</TextureVariation>
			</ObjectProperties>
			<OpacityLevel>255</OpacityLevel>
			<LodDistance>16960</LodDistance>
			<IsVisible>true</IsVisible>
			<MaxHealth>1000</MaxHealth>
			<Health>1000</Health>
			<HasGravity>true</HasGravity>
			<IsOnFire>false</IsOnFire>
			<IsInvincible>false</IsInvincible>
			<IsBulletProof>false</IsBulletProof>
			<IsCollisionProof>false</IsCollisionProof>
			<IsExplosionProof>false</IsExplosionProof>
			<IsFireProof>false</IsFireProof>
			<IsMeleeProof>false</IsMeleeProof>
			<IsOnlyDamagedByPlayer>false</IsOnlyDamagedByPlayer>
			<PositionRotation>
				<X>1537.73169</X>
				<Y>-2073.48511</Y>
				<Z>77.3217926</Z>
				<Pitch>-31.0188484</Pitch>
				<Roll>0.554594219</Roll>
				<Yaw>-73.9743042</Yaw>
			</PositionRotation>
			<Attachment isAttached="true">
				<AttachedTo>583714</AttachedTo>
				<BoneIndex>0</BoneIndex>
				<X>-0.623201489</X>
				<Y>0.0658198223</Y>
				<Z>0.627832353</Z>
				<Pitch>-30.8044434</Pitch>
				<Roll>0.124900758</Roll>
				<Yaw>91.3970184</Yaw>
			</Attachment>
		</Attachment>
		<Attachment>
			<ModelHash>0xe2ba016f</ModelHash>
			<Type>3</Type>
			<Dynamic>false</Dynamic>
			<FrozenPos>true</FrozenPos>
			<HashName>prop_cs_katana_01</HashName>
			<InitialHandle>468261</InitialHandle>
			<ObjectProperties>
				<TextureVariation>0</TextureVariation>
			</ObjectProperties>
			<OpacityLevel>255</OpacityLevel>
			<LodDistance>16960</LodDistance>
			<IsVisible>true</IsVisible>
			<MaxHealth>1000</MaxHealth>
			<Health>1000</Health>
			<HasGravity>true</HasGravity>
			<IsOnFire>false</IsOnFire>
			<IsInvincible>false</IsInvincible>
			<IsBulletProof>false</IsBulletProof>
			<IsCollisionProof>false</IsCollisionProof>
			<IsExplosionProof>false</IsExplosionProof>
			<IsFireProof>false</IsFireProof>
			<IsMeleeProof>false</IsMeleeProof>
			<IsOnlyDamagedByPlayer>false</IsOnlyDamagedByPlayer>
			<PositionRotation>
				<X>1537.67908</X>
				<Y>-2073.3313</Y>
				<Z>77.3310318</Z>
				<Pitch>-31.075716</Pitch>
				<Roll>0.508563578</Roll>
				<Yaw>-83.3052368</Yaw>
			</PositionRotation>
			<Attachment isAttached="true">
				<AttachedTo>583714</AttachedTo>
				<BoneIndex>0</BoneIndex>
				<X>-0.610524535</X>
				<Y>-0.096461989</Y>
				<Z>0.635996699</Z>
				<Pitch>-30.8044434</Pitch>
				<Roll>0.124900326</Roll>
				<Yaw>82.0895691</Yaw>
			</Attachment>
		</Attachment>
		<Attachment>
			<ModelHash>0xe2ba016f</ModelHash>
			<Type>3</Type>
			<Dynamic>false</Dynamic>
			<FrozenPos>true</FrozenPos>
			<HashName>prop_cs_katana_01</HashName>
			<InitialHandle>298789</InitialHandle>
			<ObjectProperties>
				<TextureVariation>0</TextureVariation>
			</ObjectProperties>
			<OpacityLevel>255</OpacityLevel>
			<LodDistance>16960</LodDistance>
			<IsVisible>true</IsVisible>
			<MaxHealth>1000</MaxHealth>
			<Health>1000</Health>
			<HasGravity>true</HasGravity>
			<IsOnFire>false</IsOnFire>
			<IsInvincible>false</IsInvincible>
			<IsBulletProof>false</IsBulletProof>
			<IsCollisionProof>false</IsCollisionProof>
			<IsExplosionProof>false</IsExplosionProof>
			<IsFireProof>false</IsFireProof>
			<IsMeleeProof>false</IsMeleeProof>
			<IsOnlyDamagedByPlayer>false</IsOnlyDamagedByPlayer>
			<PositionRotation>
				<X>1537.63171</X>
				<Y>-2073.15771</Y>
				<Z>77.3402481</Z>
				<Pitch>-41.012928</Pitch>
				<Roll>0.617173612</Roll>
				<Yaw>-73.00811</Yaw>
			</PositionRotation>
			<Attachment isAttached="true">
				<AttachedTo>583714</AttachedTo>
				<BoneIndex>0</BoneIndex>
				<X>-0.607758403</X>
				<Y>-0.27622357</Y>
				<Z>0.644061804</Z>
				<Pitch>-40.8044434</Pitch>
				<Roll>0.124900326</Roll>
				<Yaw>92.2615814</Yaw>
			</Attachment>
		</Attachment>
		<Attachment>
			<ModelHash>0xe2ba016f</ModelHash>
			<Type>3</Type>
			<Dynamic>false</Dynamic>
			<FrozenPos>true</FrozenPos>
			<HashName>prop_cs_katana_01</HashName>
			<InitialHandle>438565</InitialHandle>
			<ObjectProperties>
				<TextureVariation>0</TextureVariation>
			</ObjectProperties>
			<OpacityLevel>255</OpacityLevel>
			<LodDistance>16960</LodDistance>
			<IsVisible>true</IsVisible>
			<MaxHealth>1000</MaxHealth>
			<Health>1000</Health>
			<HasGravity>true</HasGravity>
			<IsOnFire>false</IsOnFire>
			<IsInvincible>false</IsInvincible>
			<IsBulletProof>false</IsBulletProof>
			<IsCollisionProof>false</IsCollisionProof>
			<IsExplosionProof>false</IsExplosionProof>
			<IsFireProof>false</IsFireProof>
			<IsMeleeProof>false</IsMeleeProof>
			<IsOnlyDamagedByPlayer>false</IsOnlyDamagedByPlayer>
			<PositionRotation>
				<X>1537.59753</X>
				<Y>-2072.95776</Y>
				<Z>77.3488312</Z>
				<Pitch>-41.0117989</Pitch>
				<Roll>0.618001461</Roll>
				<Yaw>-72.8349152</Yaw>
			</PositionRotation>
			<Attachment isAttached="true">
				<AttachedTo>583714</AttachedTo>
				<BoneIndex>0</BoneIndex>
				<X>-0.624379516</X>
				<Y>-0.478653342</Y>
				<Z>0.651426971</Z>
				<Pitch>-40.8044434</Pitch>
				<Roll>0.124902233</Roll>
				<Yaw>92.4342499</Yaw>
			</Attachment>
		</Attachment>
		<Attachment>
			<ModelHash>0xe2ba016f</ModelHash>
			<Type>3</Type>
			<Dynamic>false</Dynamic>
			<FrozenPos>true</FrozenPos>
			<HashName>prop_cs_katana_01</HashName>
			<InitialHandle>93222</InitialHandle>
			<ObjectProperties>
				<TextureVariation>0</TextureVariation>
			</ObjectProperties>
			<OpacityLevel>255</OpacityLevel>
			<LodDistance>16960</LodDistance>
			<IsVisible>true</IsVisible>
			<MaxHealth>1000</MaxHealth>
			<Health>1000</Health>
			<HasGravity>true</HasGravity>
			<IsOnFire>false</IsOnFire>
			<IsInvincible>false</IsInvincible>
			<IsBulletProof>false</IsBulletProof>
			<IsCollisionProof>false</IsCollisionProof>
			<IsExplosionProof>false</IsExplosionProof>
			<IsFireProof>false</IsFireProof>
			<IsMeleeProof>false</IsMeleeProof>
			<IsOnlyDamagedByPlayer>false</IsOnlyDamagedByPlayer>
			<PositionRotation>
				<X>1537.32031</X>
				<Y>-2073.27197</Y>
				<Z>77.3683548</Z>
				<Pitch>-1.01833379</Pitch>
				<Roll>0.493903011</Roll>
				<Yaw>-74.0024338</Yaw>
			</PositionRotation>
			<Attachment isAttached="true">
				<AttachedTo>583714</AttachedTo>
				<BoneIndex>0</BoneIndex>
				<X>-0.277554452</X>
				<Y>-0.243258178</Y>
				<Z>0.671087861</Z>
				<Pitch>-0.804439545</Pitch>
				<Roll>0.124900326</Roll>
				<Yaw>91.5837555</Yaw>
			</Attachment>
		</Attachment>
		<Attachment>
			<ModelHash>0xe2ba016f</ModelHash>
			<Type>3</Type>
			<Dynamic>false</Dynamic>
			<FrozenPos>true</FrozenPos>
			<HashName>prop_cs_katana_01</HashName>
			<InitialHandle>777765</InitialHandle>
			<ObjectProperties>
				<TextureVariation>0</TextureVariation>
			</ObjectProperties>
			<OpacityLevel>255</OpacityLevel>
			<LodDistance>16960</LodDistance>
			<IsVisible>true</IsVisible>
			<MaxHealth>1000</MaxHealth>
			<Health>1000</Health>
			<HasGravity>true</HasGravity>
			<IsOnFire>false</IsOnFire>
			<IsInvincible>false</IsInvincible>
			<IsBulletProof>false</IsBulletProof>
			<IsCollisionProof>false</IsCollisionProof>
			<IsExplosionProof>false</IsExplosionProof>
			<IsFireProof>false</IsFireProof>
			<IsMeleeProof>false</IsMeleeProof>
			<IsOnlyDamagedByPlayer>false</IsOnlyDamagedByPlayer>
			<PositionRotation>
				<X>1536.79065</X>
				<Y>-2073.42725</Y>
				<Z>77.3698273</Z>
				<Pitch>-1.02056074</Pitch>
				<Roll>0.492602617</Roll>
				<Yaw>-74.3489227</Yaw>
			</PositionRotation>
			<Attachment isAttached="true">
				<AttachedTo>583714</AttachedTo>
				<BoneIndex>0</BoneIndex>
				<X>0.274095744</X>
				<Y>-0.224774554</Y>
				<Z>0.670518517</Z>
				<Pitch>-0.804439545</Pitch>
				<Roll>0.124900326</Roll>
				<Yaw>91.2372894</Yaw>
			</Attachment>
		</Attachment>
		<Attachment>
			<ModelHash>0xe2ba016f</ModelHash>
			<Type>3</Type>
			<Dynamic>false</Dynamic>
			<FrozenPos>true</FrozenPos>
			<HashName>prop_cs_katana_01</HashName>
			<InitialHandle>250662</InitialHandle>
			<ObjectProperties>
				<TextureVariation>0</TextureVariation>
			</ObjectProperties>
			<OpacityLevel>255</OpacityLevel>
			<LodDistance>16960</LodDistance>
			<IsVisible>true</IsVisible>
			<MaxHealth>1000</MaxHealth>
			<Health>1000</Health>
			<HasGravity>true</HasGravity>
			<IsOnFire>false</IsOnFire>
			<IsInvincible>false</IsInvincible>
			<IsBulletProof>false</IsBulletProof>
			<IsCollisionProof>false</IsCollisionProof>
			<IsExplosionProof>false</IsExplosionProof>
			<IsFireProof>false</IsFireProof>
			<IsMeleeProof>false</IsMeleeProof>
			<IsOnlyDamagedByPlayer>false</IsOnlyDamagedByPlayer>
			<PositionRotation>
				<X>1536.94641</X>
				<Y>-2073.08154</Y>
				<Z>77.4041901</Z>
				<Pitch>-1.03157568</Pitch>
				<Roll>0.485901386</Roll>
				<Yaw>-76.0811615</Yaw>
			</PositionRotation>
			<Attachment isAttached="true">
				<AttachedTo>583714</AttachedTo>
				<BoneIndex>0</BoneIndex>
				<X>0.037286751</X>
				<Y>-0.52105397</Y>
				<Z>0.70393002</Z>
				<Pitch>-0.804439545</Pitch>
				<Roll>0.124900326</Roll>
				<Yaw>89.505127</Yaw>
			</Attachment>
		</Attachment>
		<Attachment>
			<ModelHash>0x45c35f6a</ModelHash>
			<Type>3</Type>
			<Dynamic>false</Dynamic>
			<FrozenPos>true</FrozenPos>
			<HashName>prop_dock_shippad</HashName>
			<InitialHandle>569127</InitialHandle>
			<ObjectProperties>
				<TextureVariation>0</TextureVariation>
			</ObjectProperties>
			<OpacityLevel>255</OpacityLevel>
			<LodDistance>16960</LodDistance>
			<IsVisible>true</IsVisible>
			<MaxHealth>1000</MaxHealth>
			<Health>1000</Health>
			<HasGravity>true</HasGravity>
			<IsOnFire>false</IsOnFire>
			<IsInvincible>false</IsInvincible>
			<IsBulletProof>false</IsBulletProof>
			<IsCollisionProof>false</IsCollisionProof>
			<IsExplosionProof>false</IsExplosionProof>
			<IsFireProof>false</IsFireProof>
			<IsMeleeProof>false</IsMeleeProof>
			<IsOnlyDamagedByPlayer>false</IsOnlyDamagedByPlayer>
			<PositionRotation>
				<X>1537.29248</X>
				<Y>-2076.14917</Y>
				<Z>76.1156616</Z>
				<Pitch>-40.4787598</Pitch>
				<Roll>0.487787902</Roll>
				<Yaw>5.99951124</Yaw>
			</PositionRotation>
			<Attachment isAttached="true">
				<AttachedTo>583714</AttachedTo>
				<BoneIndex>0</BoneIndex>
				<X>0.460378021</X>
				<Y>2.54430532</Y>
				<Z>-0.56687212</Z>
				<Pitch>-40.8044395</Pitch>
				<Roll>0.124901444</Roll>
				<Yaw>171.355225</Yaw>
			</Attachment>
		</Attachment>
		<Attachment>
			<ModelHash>0x45c35f6a</ModelHash>
			<Type>3</Type>
			<Dynamic>false</Dynamic>
			<FrozenPos>true</FrozenPos>
			<HashName>prop_dock_shippad</HashName>
			<InitialHandle>150824</InitialHandle>
			<ObjectProperties>
				<TextureVariation>0</TextureVariation>
			</ObjectProperties>
			<OpacityLevel>255</OpacityLevel>
			<LodDistance>16960</LodDistance>
			<IsVisible>true</IsVisible>
			<MaxHealth>1000</MaxHealth>
			<Health>1000</Health>
			<HasGravity>true</HasGravity>
			<IsOnFire>false</IsOnFire>
			<IsInvincible>false</IsInvincible>
			<IsBulletProof>false</IsBulletProof>
			<IsCollisionProof>false</IsCollisionProof>
			<IsExplosionProof>false</IsExplosionProof>
			<IsFireProof>false</IsFireProof>
			<IsMeleeProof>false</IsMeleeProof>
			<IsOnlyDamagedByPlayer>false</IsOnlyDamagedByPlayer>
			<PositionRotation>
				<X>1538.19006</X>
				<Y>-2075.88843</Y>
				<Z>76.112793</Z>
				<Pitch>-40.3994675</Pitch>
				<Roll>0.301050395</Roll>
				<Yaw>27.8775501</Yaw>
			</PositionRotation>
			<Attachment isAttached="true">
				<AttachedTo>583714</AttachedTo>
				<BoneIndex>0</BoneIndex>
				<X>-0.473837107</X>
				<Y>2.51519346</Y>
				<Z>-0.566272378</Z>
				<Pitch>-40.8044395</Pitch>
				<Roll>0.124900326</Roll>
				<Yaw>-166.64502</Yaw>
			</Attachment>
		</Attachment>
		<Attachment>
			<ModelHash>0xe2ba016f</ModelHash>
			<Type>3</Type>
			<Dynamic>false</Dynamic>
			<FrozenPos>true</FrozenPos>
			<HashName>prop_cs_katana_01</HashName>
			<InitialHandle>136750</InitialHandle>
			<ObjectProperties>
				<TextureVariation>0</TextureVariation>
			</ObjectProperties>
			<OpacityLevel>255</OpacityLevel>
			<LodDistance>16960</LodDistance>
			<IsVisible>true</IsVisible>
			<MaxHealth>1000</MaxHealth>
			<Health>1000</Health>
			<HasGravity>true</HasGravity>
			<IsOnFire>false</IsOnFire>
			<IsInvincible>false</IsInvincible>
			<IsBulletProof>false</IsBulletProof>
			<IsCollisionProof>false</IsCollisionProof>
			<IsExplosionProof>false</IsExplosionProof>
			<IsFireProof>false</IsFireProof>
			<IsMeleeProof>false</IsMeleeProof>
			<IsOnlyDamagedByPlayer>false</IsOnlyDamagedByPlayer>
			<PositionRotation>
				<X>1537.76196</X>
				<Y>-2075.5127</Y>
				<Z>76.9372864</Z>
				<Pitch>-1.05298817</Pitch>
				<Roll>100.471466</Roll>
				<Yaw>-79.5473328</Yaw>
			</PositionRotation>
			<Attachment isAttached="true">
				<AttachedTo>583714</AttachedTo>
				<BoneIndex>0</BoneIndex>
				<X>-0.149407879</X>
				<Y>2.03958178</Y>
				<Z>0.253965765</Z>
				<Pitch>-0.804439962</Pitch>
				<Roll>100.124863</Roll>
				<Yaw>86.0391159</Yaw>
			</Attachment>
		</Attachment>
		<Attachment>
			<ModelHash>0xe2ba016f</ModelHash>
			<Type>3</Type>
			<Dynamic>false</Dynamic>
			<FrozenPos>true</FrozenPos>
			<HashName>prop_cs_katana_01</HashName>
			<InitialHandle>127534</InitialHandle>
			<ObjectProperties>
				<TextureVariation>0</TextureVariation>
			</ObjectProperties>
			<OpacityLevel>255</OpacityLevel>
			<LodDistance>16960</LodDistance>
			<IsVisible>true</IsVisible>
			<MaxHealth>1000</MaxHealth>
			<Health>1000</Health>
			<HasGravity>true</HasGravity>
			<IsOnFire>false</IsOnFire>
			<IsInvincible>false</IsInvincible>
			<IsBulletProof>false</IsBulletProof>
			<IsCollisionProof>false</IsCollisionProof>
			<IsExplosionProof>false</IsExplosionProof>
			<IsFireProof>false</IsFireProof>
			<IsMeleeProof>false</IsMeleeProof>
			<IsOnlyDamagedByPlayer>false</IsOnlyDamagedByPlayer>
			<PositionRotation>
				<X>1537.87671</X>
				<Y>-2075.48413</Y>
				<Z>76.9355774</Z>
				<Pitch>-1.03158581</Pitch>
				<Roll>100.48584</Roll>
				<Yaw>-76.0825577</Yaw>
			</PositionRotation>
			<Attachment isAttached="true">
				<AttachedTo>583714</AttachedTo>
				<BoneIndex>0</BoneIndex>
				<X>-0.26766178</X>
				<Y>2.04049444</Y>
				<Z>0.25272283</Z>
				<Pitch>-0.804437399</Pitch>
				<Roll>100.124847</Roll>
				<Yaw>89.5037231</Yaw>
			</Attachment>
		</Attachment>
		<Attachment>
			<ModelHash>0xe2ba016f</ModelHash>
			<Type>3</Type>
			<Dynamic>false</Dynamic>
			<FrozenPos>true</FrozenPos>
			<HashName>prop_cs_katana_01</HashName>
			<InitialHandle>380206</InitialHandle>
			<ObjectProperties>
				<TextureVariation>0</TextureVariation>
			</ObjectProperties>
			<OpacityLevel>255</OpacityLevel>
			<LodDistance>16960</LodDistance>
			<IsVisible>true</IsVisible>
			<MaxHealth>1000</MaxHealth>
			<Health>1000</Health>
			<HasGravity>true</HasGravity>
			<IsOnFire>false</IsOnFire>
			<IsInvincible>false</IsInvincible>
			<IsBulletProof>false</IsBulletProof>
			<IsCollisionProof>false</IsCollisionProof>
			<IsExplosionProof>false</IsExplosionProof>
			<IsFireProof>false</IsFireProof>
			<IsMeleeProof>false</IsMeleeProof>
			<IsOnlyDamagedByPlayer>false</IsOnlyDamagedByPlayer>
			<PositionRotation>
				<X>1538.01135</X>
				<Y>-2075.30981</Y>
				<Z>76.935936</Z>
				<Pitch>-1.03484666</Pitch>
				<Roll>100.483788</Roll>
				<Yaw>-76.6022186</Yaw>
			</PositionRotation>
			<Attachment isAttached="true">
				<AttachedTo>583714</AttachedTo>
				<BoneIndex>0</BoneIndex>
				<X>-0.441476077</X>
				<Y>1.90501785</Y>
				<Z>0.252905667</Z>
				<Pitch>-0.804437816</Pitch>
				<Roll>100.12487</Roll>
				<Yaw>88.9840775</Yaw>
			</Attachment>
		</Attachment>
		<Attachment>
			<ModelHash>0xe2ba016f</ModelHash>
			<Type>3</Type>
			<Dynamic>false</Dynamic>
			<FrozenPos>true</FrozenPos>
			<HashName>prop_cs_katana_01</HashName>
			<InitialHandle>14894</InitialHandle>
			<ObjectProperties>
				<TextureVariation>0</TextureVariation>
			</ObjectProperties>
			<OpacityLevel>255</OpacityLevel>
			<LodDistance>16960</LodDistance>
			<IsVisible>true</IsVisible>
			<MaxHealth>1000</MaxHealth>
			<Health>1000</Health>
			<HasGravity>true</HasGravity>
			<IsOnFire>false</IsOnFire>
			<IsInvincible>false</IsInvincible>
			<IsBulletProof>false</IsBulletProof>
			<IsCollisionProof>false</IsCollisionProof>
			<IsExplosionProof>false</IsExplosionProof>
			<IsFireProof>false</IsFireProof>
			<IsMeleeProof>false</IsMeleeProof>
			<IsOnlyDamagedByPlayer>false</IsOnlyDamagedByPlayer>
			<PositionRotation>
				<X>1538.14355</X>
				<Y>-2075.2749</Y>
				<Z>76.8339539</Z>
				<Pitch>-1.03376508</Pitch>
				<Roll>90.4844818</Roll>
				<Yaw>-76.4289627</Yaw>
			</PositionRotation>
			<Attachment isAttached="true">
				<AttachedTo>583714</AttachedTo>
				<BoneIndex>0</BoneIndex>
				<X>-0.578576684</X>
				<Y>1.90490258</Y>
				<Z>0.151457921</Z>
				<Pitch>-0.804441273</Pitch>
				<Roll>90.1248627</Roll>
				<Yaw>89.1573334</Yaw>
			</Attachment>
		</Attachment>
		<Attachment>
			<ModelHash>0xe2ba016f</ModelHash>
			<Type>3</Type>
			<Dynamic>false</Dynamic>
			<FrozenPos>true</FrozenPos>
			<HashName>prop_cs_katana_01</HashName>
			<InitialHandle>750637</InitialHandle>
			<ObjectProperties>
				<TextureVariation>0</TextureVariation>
			</ObjectProperties>
			<OpacityLevel>255</OpacityLevel>
			<LodDistance>16960</LodDistance>
			<IsVisible>true</IsVisible>
			<MaxHealth>1000</MaxHealth>
			<Health>1000</Health>
			<HasGravity>true</HasGravity>
			<IsOnFire>false</IsOnFire>
			<IsInvincible>false</IsInvincible>
			<IsBulletProof>false</IsBulletProof>
			<IsCollisionProof>false</IsCollisionProof>
			<IsExplosionProof>false</IsExplosionProof>
			<IsFireProof>false</IsFireProof>
			<IsMeleeProof>false</IsMeleeProof>
			<IsOnlyDamagedByPlayer>false</IsOnlyDamagedByPlayer>
			<PositionRotation>
				<X>1538.27405</X>
				<Y>-2075.24512</Y>
				<Z>76.8282852</Z>
				<Pitch>-1.03484595</Pitch>
				<Roll>90.4837875</Roll>
				<Yaw>-76.6021957</Yaw>
			</PositionRotation>
			<Attachment isAttached="true">
				<AttachedTo>583714</AttachedTo>
				<BoneIndex>0</BoneIndex>
				<X>-0.71238631</X>
				<Y>1.9085542</Y>
				<Z>0.146334335</Z>
				<Pitch>-0.804436982</Pitch>
				<Roll>90.1248627</Roll>
				<Yaw>88.9841156</Yaw>
			</Attachment>
		</Attachment>
		<Attachment>
			<ModelHash>0xe2ba016f</ModelHash>
			<Type>3</Type>
			<Dynamic>false</Dynamic>
			<FrozenPos>true</FrozenPos>
			<HashName>prop_cs_katana_01</HashName>
			<InitialHandle>301357</InitialHandle>
			<ObjectProperties>
				<TextureVariation>0</TextureVariation>
			</ObjectProperties>
			<OpacityLevel>255</OpacityLevel>
			<LodDistance>16960</LodDistance>
			<IsVisible>true</IsVisible>
			<MaxHealth>1000</MaxHealth>
			<Health>1000</Health>
			<HasGravity>true</HasGravity>
			<IsOnFire>false</IsOnFire>
			<IsInvincible>false</IsInvincible>
			<IsBulletProof>false</IsBulletProof>
			<IsCollisionProof>false</IsCollisionProof>
			<IsExplosionProof>false</IsExplosionProof>
			<IsFireProof>false</IsFireProof>
			<IsMeleeProof>false</IsMeleeProof>
			<IsOnlyDamagedByPlayer>false</IsOnlyDamagedByPlayer>
			<PositionRotation>
				<X>1536.77539</X>
				<Y>-2075.5</Y>
				<Z>76.8381195</Z>
				<Pitch>-1.05193067</Pitch>
				<Roll>90.472229</Roll>
				<Yaw>-79.3736877</Yaw>
			</PositionRotation>
			<Attachment isAttached="true">
				<AttachedTo>583714</AttachedTo>
				<BoneIndex>0</BoneIndex>
				<X>0.802527487</X>
				<Y>1.78247714</Y>
				<Z>0.149441317</Z>
				<Pitch>-0.804440379</Pitch>
				<Roll>90.1248779</Roll>
				<Yaw>86.2127533</Yaw>
			</Attachment>
		</Attachment>
		<Attachment>
			<ModelHash>0xe2ba016f</ModelHash>
			<Type>3</Type>
			<Dynamic>false</Dynamic>
			<FrozenPos>true</FrozenPos>
			<HashName>prop_cs_katana_01</HashName>
			<InitialHandle>29998</InitialHandle>
			<ObjectProperties>
				<TextureVariation>0</TextureVariation>
			</ObjectProperties>
			<OpacityLevel>255</OpacityLevel>
			<LodDistance>16960</LodDistance>
			<IsVisible>true</IsVisible>
			<MaxHealth>1000</MaxHealth>
			<Health>1000</Health>
			<HasGravity>true</HasGravity>
			<IsOnFire>false</IsOnFire>
			<IsInvincible>false</IsInvincible>
			<IsBulletProof>false</IsBulletProof>
			<IsCollisionProof>false</IsCollisionProof>
			<IsExplosionProof>false</IsExplosionProof>
			<IsFireProof>false</IsFireProof>
			<IsMeleeProof>false</IsMeleeProof>
			<IsOnlyDamagedByPlayer>false</IsOnlyDamagedByPlayer>
			<PositionRotation>
				<X>1536.93542</X>
				<Y>-2075.47388</Y>
				<Z>76.8473206</Z>
				<Pitch>-1.05402231</Pitch>
				<Roll>90.4707184</Roll>
				<Yaw>-79.7201157</Yaw>
			</PositionRotation>
			<Attachment isAttached="true">
				<AttachedTo>583714</AttachedTo>
				<BoneIndex>0</BoneIndex>
				<X>0.641039073</X>
				<Y>1.79691851</Y>
				<Z>0.159372449</Z>
				<Pitch>-0.80443871</Pitch>
				<Roll>90.1248627</Roll>
				<Yaw>85.8663483</Yaw>
			</Attachment>
		</Attachment>
		<Attachment>
			<ModelHash>0xe2ba016f</ModelHash>
			<Type>3</Type>
			<Dynamic>false</Dynamic>
			<FrozenPos>true</FrozenPos>
			<HashName>prop_cs_katana_01</HashName>
			<InitialHandle>285968</InitialHandle>
			<ObjectProperties>
				<TextureVariation>0</TextureVariation>
			</ObjectProperties>
			<OpacityLevel>255</OpacityLevel>
			<LodDistance>16960</LodDistance>
			<IsVisible>true</IsVisible>
			<MaxHealth>1000</MaxHealth>
			<Health>1000</Health>
			<HasGravity>true</HasGravity>
			<IsOnFire>false</IsOnFire>
			<IsInvincible>false</IsInvincible>
			<IsBulletProof>false</IsBulletProof>
			<IsCollisionProof>false</IsCollisionProof>
			<IsExplosionProof>false</IsExplosionProof>
			<IsFireProof>false</IsFireProof>
			<IsMeleeProof>false</IsMeleeProof>
			<IsOnlyDamagedByPlayer>false</IsOnlyDamagedByPlayer>
			<PositionRotation>
				<X>1537.09021</X>
				<Y>-2075.4502</Y>
				<Z>76.9496002</Z>
				<Pitch>-1.05506968</Pitch>
				<Roll>100.469963</Roll>
				<Yaw>-79.8933716</Yaw>
			</PositionRotation>
			<Attachment isAttached="true">
				<AttachedTo>583714</AttachedTo>
				<BoneIndex>0</BoneIndex>
				<X>0.485656917</X>
				<Y>1.81183577</Y>
				<Z>0.262356371</Z>
				<Pitch>-0.804440796</Pitch>
				<Roll>100.12487</Roll>
				<Yaw>85.6931</Yaw>
			</Attachment>
		</Attachment>
		<Attachment>
			<ModelHash>0xe2ba016f</ModelHash>
			<Type>3</Type>
			<Dynamic>false</Dynamic>
			<FrozenPos>true</FrozenPos>
			<HashName>prop_cs_katana_01</HashName>
			<InitialHandle>624430</InitialHandle>
			<ObjectProperties>
				<TextureVariation>0</TextureVariation>
			</ObjectProperties>
			<OpacityLevel>255</OpacityLevel>
			<LodDistance>16960</LodDistance>
			<IsVisible>true</IsVisible>
			<MaxHealth>1000</MaxHealth>
			<Health>1000</Health>
			<HasGravity>true</HasGravity>
			<IsOnFire>false</IsOnFire>
			<IsInvincible>false</IsInvincible>
			<IsBulletProof>false</IsBulletProof>
			<IsCollisionProof>false</IsCollisionProof>
			<IsExplosionProof>false</IsExplosionProof>
			<IsFireProof>false</IsFireProof>
			<IsMeleeProof>false</IsMeleeProof>
			<IsOnlyDamagedByPlayer>false</IsOnlyDamagedByPlayer>
			<PositionRotation>
				<X>1537.26953</X>
				<Y>-2075.58228</Y>
				<Z>76.9440155</Z>
				<Pitch>-1.05402482</Pitch>
				<Roll>100.470703</Roll>
				<Yaw>-79.7200623</Yaw>
			</PositionRotation>
			<Attachment isAttached="true">
				<AttachedTo>583714</AttachedTo>
				<BoneIndex>0</BoneIndex>
				<X>0.344856143</X>
				<Y>1.98431289</Y>
				<Z>0.258410275</Z>
				<Pitch>-0.804437399</Pitch>
				<Roll>100.124855</Roll>
				<Yaw>85.866394</Yaw>
			</Attachment>
		</Attachment>
		<Attachment>
			<ModelHash>0xe2ba016f</ModelHash>
			<Type>3</Type>
			<Dynamic>false</Dynamic>
			<FrozenPos>true</FrozenPos>
			<HashName>prop_cs_katana_01</HashName>
			<InitialHandle>620590</InitialHandle>
			<ObjectProperties>
				<TextureVariation>0</TextureVariation>
			</ObjectProperties>
			<OpacityLevel>255</OpacityLevel>
			<LodDistance>16960</LodDistance>
			<IsVisible>true</IsVisible>
			<MaxHealth>1000</MaxHealth>
			<Health>1000</Health>
			<HasGravity>true</HasGravity>
			<IsOnFire>false</IsOnFire>
			<IsInvincible>false</IsInvincible>
			<IsBulletProof>false</IsBulletProof>
			<IsCollisionProof>false</IsCollisionProof>
			<IsExplosionProof>false</IsExplosionProof>
			<IsFireProof>false</IsFireProof>
			<IsMeleeProof>false</IsMeleeProof>
			<IsOnlyDamagedByPlayer>false</IsOnlyDamagedByPlayer>
			<PositionRotation>
				<X>1537.4762</X>
				<Y>-2075.54517</Y>
				<Z>76.9434814</Z>
				<Pitch>-1.04982889</Pitch>
				<Roll>100.473717</Roll>
				<Yaw>-79.0270233</Yaw>
			</PositionRotation>
			<Attachment isAttached="true">
				<AttachedTo>583714</AttachedTo>
				<BoneIndex>0</BoneIndex>
				<X>0.135453075</X>
				<Y>1.99976957</Y>
				<Z>0.258794695</Z>
				<Pitch>-0.804439545</Pitch>
				<Roll>100.12487</Roll>
				<Yaw>86.5593948</Yaw>
			</Attachment>
		</Attachment>
	</SpoonerAttachments>
</Vehicle>
