<?xml version="1.0" encoding="ISO-8859-1"?>
<Vehicle menyoo_ver="0.9998744b">
	<ModelHash>0x7de35e7d</ModelHash>
	<InitialHandle>702723</InitialHandle>
	<VehicleProperties>
		<Colours>
			<Primary>43</Primary>
			<Secondary>43</Secondary>
			<Pearl>0</Pearl>
			<Rim>156</Rim>
			<Mod1_a>0</Mod1_a>
			<Mod1_b>1</Mod1_b>
			<Mod1_c>7602259</Mod1_c>
			<Mod2_a>7209057</Mod2_a>
			<Mod2_b>6357092</Mod2_b>
			<IsPrimaryColourCustom>false</IsPrimaryColourCustom>
			<IsSecondaryColourCustom>false</IsSecondaryColourCustom>
			<tyreSmoke_R>255</tyreSmoke_R>
			<tyreSmoke_G>255</tyreSmoke_G>
			<tyreSmoke_B>255</tyreSmoke_B>
			<LrInterior>0</LrInterior>
			<LrDashboard>0</LrDashboard>
		</Colours>
		<Livery>-1</Livery>
		<NumberPlateText>46YKJ432</NumberPlateText>
		<NumberPlateIndex>3</NumberPlateIndex>
		<WheelType>0</WheelType>
		<WheelsInvisible>false</WheelsInvisible>
		<EngineSoundName></EngineSoundName>
		<WindowTint>-1</WindowTint>
		<BulletProofTyres>false</BulletProofTyres>
		<DirtLevel>0.769457102</DirtLevel>
		<PaintFade>0.298039228</PaintFade>
		<RoofState>0</RoofState>
		<SirenActive>false</SirenActive>
		<EngineOn>true</EngineOn>
		<EngineHealth>1000</EngineHealth>
		<LightsOn>false</LightsOn>
		<IsRadioLoud>1</IsRadioLoud>
		<LockStatus>1</LockStatus>
		<Neons>
			<Left>false</Left>
			<Right>false</Right>
			<Front>false</Front>
			<Back>false</Back>
			<R>255</R>
			<G>0</G>
			<B>255</B>
		</Neons>
		<ModExtras>
			<_1>false</_1>
			<_2>true</_2>
		</ModExtras>
		<Mods>
			<_0>-1,0</_0>
			<_1>-1,0</_1>
			<_2>-1,0</_2>
			<_3>-1,0</_3>
			<_4>-1,0</_4>
			<_5>-1,0</_5>
			<_6>-1,0</_6>
			<_7>-1,0</_7>
			<_8>-1,0</_8>
			<_9>-1,0</_9>
			<_10>-1,0</_10>
			<_11>-1,0</_11>
			<_12>-1,0</_12>
			<_13>-1,0</_13>
			<_14>-1,0</_14>
			<_15>-1,0</_15>
			<_16>-1,0</_16>
			<_17>false</_17>
			<_18>false</_18>
			<_19>false</_19>
			<_20>false</_20>
			<_21>false</_21>
			<_22>false</_22>
			<_23>-1,0</_23>
			<_24>-1,0</_24>
			<_25>-1,0</_25>
			<_26>-1,0</_26>
			<_27>-1,0</_27>
			<_28>-1,0</_28>
			<_29>-1,0</_29>
			<_30>-1,0</_30>
			<_31>-1,0</_31>
			<_32>-1,0</_32>
			<_33>-1,0</_33>
			<_34>-1,0</_34>
			<_35>-1,0</_35>
			<_36>-1,0</_36>
			<_37>-1,0</_37>
			<_38>-1,0</_38>
			<_39>-1,0</_39>
			<_40>-1,0</_40>
			<_41>-1,0</_41>
			<_42>-1,0</_42>
			<_43>-1,0</_43>
			<_44>-1,0</_44>
			<_45>-1,0</_45>
			<_46>-1,0</_46>
			<_47>-1,0</_47>
			<_48>-1,0</_48>
		</Mods>
		<DoorsOpen>
			<BackLeftDoor>false</BackLeftDoor>
			<BackRightDoor>false</BackRightDoor>
			<FrontLeftDoor>false</FrontLeftDoor>
			<FrontRightDoor>false</FrontRightDoor>
			<Hood>false</Hood>
			<Trunk>false</Trunk>
			<Trunk2>false</Trunk2>
		</DoorsOpen>
		<DoorsBroken>
			<BackLeftDoor>false</BackLeftDoor>
			<BackRightDoor>false</BackRightDoor>
			<FrontLeftDoor>false</FrontLeftDoor>
			<FrontRightDoor>false</FrontRightDoor>
			<Hood>false</Hood>
			<Trunk>false</Trunk>
			<Trunk2>false</Trunk2>
		</DoorsBroken>
		<TyresBursted>
			<FrontLeft>false</FrontLeft>
			<FrontRight>false</FrontRight>
			<_2>false</_2>
			<_3>false</_3>
			<BackLeft>false</BackLeft>
			<BackRight>false</BackRight>
			<_6>false</_6>
			<_7>false</_7>
			<_8>false</_8>
		</TyresBursted>
		<RpmMultiplier>1</RpmMultiplier>
		<TorqueMultiplier>1</TorqueMultiplier>
		<HeadlightIntensity>1</HeadlightIntensity>
	</VehicleProperties>
	<OpacityLevel>255</OpacityLevel>
	<LodDistance>16960</LodDistance>
	<IsVisible>true</IsVisible>
	<IsDriverVisible>true</IsDriverVisible>
	<MaxHealth>1000</MaxHealth>
	<Health>1000</Health>
	<HasGravity>true</HasGravity>
	<IsOnFire>false</IsOnFire>
	<IsInvincible>false</IsInvincible>
	<IsBulletProof>false</IsBulletProof>
	<IsExplosionProof>false</IsExplosionProof>
	<IsFireProof>false</IsFireProof>
	<IsMeleeProof>false</IsMeleeProof>
	<IsOnlyDamagedByPlayer>false</IsOnlyDamagedByPlayer>
	<SpoonerAttachments SetAttachmentsPersistentAndAddToSpoonerDatabase="false" StartTaskSequencesOnLoad="true">
		<Attachment>
			<ModelHash>0x8860882b</ModelHash>
			<Type>3</Type>
			<Dynamic>false</Dynamic>
			<FrozenPos>true</FrozenPos>
			<HashName>0x8860882b</HashName>
			<InitialHandle>437764</InitialHandle>
			<ObjectProperties>
				<TextureVariation>0</TextureVariation>
			</ObjectProperties>
			<OpacityLevel>255</OpacityLevel>
			<LodDistance>16960</LodDistance>
			<IsVisible>true</IsVisible>
			<MaxHealth>1000</MaxHealth>
			<Health>968</Health>
			<HasGravity>true</HasGravity>
			<IsOnFire>false</IsOnFire>
			<IsInvincible>false</IsInvincible>
			<IsBulletProof>false</IsBulletProof>
			<IsCollisionProof>false</IsCollisionProof>
			<IsExplosionProof>false</IsExplosionProof>
			<IsFireProof>false</IsFireProof>
			<IsMeleeProof>false</IsMeleeProof>
			<IsOnlyDamagedByPlayer>false</IsOnlyDamagedByPlayer>
			<PositionRotation>
				<X>2321.13232</X>
				<Y>2864.271</Y>
				<Z>44.0287132</Z>
				<Pitch>1.1776706</Pitch>
				<Roll>0.563998342</Roll>
				<Yaw>130.857132</Yaw>
			</PositionRotation>
			<Attachment isAttached="true">
				<AttachedTo>702723</AttachedTo>
				<BoneIndex>0</BoneIndex>
				<X>0.115655355</X>
				<Y>-5.27555084</Y>
				<Z>3.0988009</Z>
				<Pitch>0.429017037</Pitch>
				<Roll>-0.0732753426</Roll>
				<Yaw>0.433303833</Yaw>
			</Attachment>
		</Attachment>
		<Attachment>
			<ModelHash>0xaf23cb13</ModelHash>
			<Type>3</Type>
			<Dynamic>false</Dynamic>
			<FrozenPos>true</FrozenPos>
			<HashName>prop_skid_sleepbag_1</HashName>
			<InitialHandle>469766</InitialHandle>
			<ObjectProperties>
				<TextureVariation>0</TextureVariation>
			</ObjectProperties>
			<OpacityLevel>255</OpacityLevel>
			<LodDistance>16960</LodDistance>
			<IsVisible>true</IsVisible>
			<MaxHealth>1000</MaxHealth>
			<Health>1000</Health>
			<HasGravity>true</HasGravity>
			<IsOnFire>false</IsOnFire>
			<IsInvincible>false</IsInvincible>
			<IsBulletProof>false</IsBulletProof>
			<IsCollisionProof>false</IsCollisionProof>
			<IsExplosionProof>false</IsExplosionProof>
			<IsFireProof>false</IsFireProof>
			<IsMeleeProof>false</IsMeleeProof>
			<IsOnlyDamagedByPlayer>false</IsOnlyDamagedByPlayer>
			<PositionRotation>
				<X>2317.08838</X>
				<Y>2861.43042</Y>
				<Z>41.352726</Z>
				<Pitch>-0.254288971</Pitch>
				<Roll>0.633558989</Roll>
				<Yaw>37.2342377</Yaw>
			</PositionRotation>
			<Attachment isAttached="true">
				<AttachedTo>702723</AttachedTo>
				<BoneIndex>0</BoneIndex>
				<X>0.606725633</X>
				<Y>-0.390229642</Y>
				<Z>0.364498883</Z>
				<Pitch>0.429017037</Pitch>
				<Roll>-0.0732753426</Roll>
				<Yaw>266.802551</Yaw>
			</Attachment>
		</Attachment>
		<Attachment>
			<ModelHash>0xb2a7a56c</ModelHash>
			<Type>3</Type>
			<Dynamic>false</Dynamic>
			<FrozenPos>true</FrozenPos>
			<HashName>prop_chem_grill_bit</HashName>
			<InitialHandle>16647</InitialHandle>
			<ObjectProperties>
				<TextureVariation>0</TextureVariation>
			</ObjectProperties>
			<OpacityLevel>255</OpacityLevel>
			<LodDistance>16960</LodDistance>
			<IsVisible>true</IsVisible>
			<MaxHealth>1000</MaxHealth>
			<Health>1000</Health>
			<HasGravity>true</HasGravity>
			<IsOnFire>false</IsOnFire>
			<IsInvincible>false</IsInvincible>
			<IsBulletProof>false</IsBulletProof>
			<IsCollisionProof>false</IsCollisionProof>
			<IsExplosionProof>false</IsExplosionProof>
			<IsFireProof>false</IsFireProof>
			<IsMeleeProof>false</IsMeleeProof>
			<IsOnlyDamagedByPlayer>false</IsOnlyDamagedByPlayer>
			<PositionRotation>
				<X>2315.04297</X>
				<Y>2859.35376</Y>
				<Z>42.0523987</Z>
				<Pitch>-0.267518371</Pitch>
				<Roll>-0.767076552</Roll>
				<Yaw>-53.6227074</Yaw>
			</PositionRotation>
			<Attachment isAttached="true">
				<AttachedTo>702723</AttachedTo>
				<BoneIndex>0</BoneIndex>
				<X>0.344840527</X>
				<Y>2.522264</Y>
				<Z>1.02352214</Z>
				<Pitch>0.429017037</Pitch>
				<Roll>-0.0732753426</Roll>
				<Yaw>175.943542</Yaw>
			</Attachment>
		</Attachment>
		<Attachment>
			<ModelHash>0xb2a7a56c</ModelHash>
			<Type>3</Type>
			<Dynamic>false</Dynamic>
			<FrozenPos>true</FrozenPos>
			<HashName>prop_chem_grill_bit</HashName>
			<InitialHandle>171015</InitialHandle>
			<ObjectProperties>
				<TextureVariation>0</TextureVariation>
			</ObjectProperties>
			<OpacityLevel>255</OpacityLevel>
			<LodDistance>16960</LodDistance>
			<IsVisible>true</IsVisible>
			<MaxHealth>1000</MaxHealth>
			<Health>1000</Health>
			<HasGravity>true</HasGravity>
			<IsOnFire>false</IsOnFire>
			<IsInvincible>false</IsInvincible>
			<IsBulletProof>false</IsBulletProof>
			<IsCollisionProof>false</IsCollisionProof>
			<IsExplosionProof>false</IsExplosionProof>
			<IsFireProof>false</IsFireProof>
			<IsMeleeProof>false</IsMeleeProof>
			<IsOnlyDamagedByPlayer>false</IsOnlyDamagedByPlayer>
			<PositionRotation>
				<X>2315.49438</X>
				<Y>2858.83472</Y>
				<Z>42.0614395</Z>
				<Pitch>0.491583347</Pitch>
				<Roll>-0.844817698</Roll>
				<Yaw>-45.4721947</Yaw>
			</PositionRotation>
			<Attachment isAttached="true">
				<AttachedTo>702723</AttachedTo>
				<BoneIndex>0</BoneIndex>
				<X>-0.343077034</X>
				<Y>2.51546621</Y>
				<Z>1.0249337</Z>
				<Pitch>1.27940345</Pitch>
				<Roll>-0.256649137</Roll>
				<Yaw>184.085953</Yaw>
			</Attachment>
		</Attachment>
		<Attachment>
			<ModelHash>0x9f1a46ac</ModelHash>
			<Type>3</Type>
			<Dynamic>false</Dynamic>
			<FrozenPos>true</FrozenPos>
			<HashName>prop_aircon_m_06</HashName>
			<InitialHandle>777736</InitialHandle>
			<ObjectProperties>
				<TextureVariation>0</TextureVariation>
			</ObjectProperties>
			<OpacityLevel>255</OpacityLevel>
			<LodDistance>16960</LodDistance>
			<IsVisible>true</IsVisible>
			<MaxHealth>1000</MaxHealth>
			<Health>1000</Health>
			<HasGravity>true</HasGravity>
			<IsOnFire>false</IsOnFire>
			<IsInvincible>false</IsInvincible>
			<IsBulletProof>false</IsBulletProof>
			<IsCollisionProof>false</IsCollisionProof>
			<IsExplosionProof>false</IsExplosionProof>
			<IsFireProof>false</IsFireProof>
			<IsMeleeProof>false</IsMeleeProof>
			<IsOnlyDamagedByPlayer>false</IsOnlyDamagedByPlayer>
			<PositionRotation>
				<X>2317.78809</X>
				<Y>2860.45557</Y>
				<Z>44.087265</Z>
				<Pitch>1.0658462</Pitch>
				<Roll>-0.822317779</Roll>
				<Yaw>-139.10321</Yaw>
			</PositionRotation>
			<Attachment isAttached="true">
				<AttachedTo>702723</AttachedTo>
				<BoneIndex>0</BoneIndex>
				<X>-0.619792461</X>
				<Y>-0.255305141</Y>
				<Z>3.08392882</Z>
				<Pitch>0.429017037</Pitch>
				<Roll>-0.0732753426</Roll>
				<Yaw>90.4542313</Yaw>
			</Attachment>
		</Attachment>
		<Attachment>
			<ModelHash>0x0bfbdc9d</ModelHash>
			<Type>3</Type>
			<Dynamic>false</Dynamic>
			<FrozenPos>true</FrozenPos>
			<HashName>prop_aerial_01c</HashName>
			<InitialHandle>37129</InitialHandle>
			<ObjectProperties>
				<TextureVariation>0</TextureVariation>
			</ObjectProperties>
			<OpacityLevel>255</OpacityLevel>
			<LodDistance>16960</LodDistance>
			<IsVisible>true</IsVisible>
			<MaxHealth>1000</MaxHealth>
			<Health>1000</Health>
			<HasGravity>true</HasGravity>
			<IsOnFire>false</IsOnFire>
			<IsInvincible>false</IsInvincible>
			<IsBulletProof>false</IsBulletProof>
			<IsCollisionProof>false</IsCollisionProof>
			<IsExplosionProof>false</IsExplosionProof>
			<IsFireProof>false</IsFireProof>
			<IsMeleeProof>false</IsMeleeProof>
			<IsOnlyDamagedByPlayer>false</IsOnlyDamagedByPlayer>
			<PositionRotation>
				<X>2318.23535</X>
				<Y>2862.26147</Y>
				<Z>44.0334587</Z>
				<Pitch>0.696285963</Pitch>
				<Roll>-1.0194093</Roll>
				<Yaw>-114.505295</Yaw>
			</PositionRotation>
			<Attachment isAttached="true">
				<AttachedTo>702723</AttachedTo>
				<BoneIndex>0</BoneIndex>
				<X>0.465156525</X>
				<Y>-1.7674098</Y>
				<Z>3.06191993</Z>
				<Pitch>0.429017037</Pitch>
				<Roll>-0.0732753426</Roll>
				<Yaw>115.052643</Yaw>
			</Attachment>
		</Attachment>
		<Attachment>
			<ModelHash>0x01e52097</ModelHash>
			<Type>3</Type>
			<Dynamic>false</Dynamic>
			<FrozenPos>true</FrozenPos>
			<HashName>hei_prop_carrier_lightset_1</HashName>
			<InitialHandle>276233</InitialHandle>
			<ObjectProperties>
				<TextureVariation>0</TextureVariation>
			</ObjectProperties>
			<OpacityLevel>255</OpacityLevel>
			<LodDistance>16960</LodDistance>
			<IsVisible>true</IsVisible>
			<MaxHealth>1000</MaxHealth>
			<Health>1000</Health>
			<HasGravity>true</HasGravity>
			<IsOnFire>false</IsOnFire>
			<IsInvincible>false</IsInvincible>
			<IsBulletProof>false</IsBulletProof>
			<IsCollisionProof>false</IsCollisionProof>
			<IsExplosionProof>false</IsExplosionProof>
			<IsFireProof>false</IsFireProof>
			<IsMeleeProof>false</IsMeleeProof>
			<IsOnlyDamagedByPlayer>false</IsOnlyDamagedByPlayer>
			<PositionRotation>
				<X>2317.54028</X>
				<Y>2862.73584</Y>
				<Z>44.0364799</Z>
				<Pitch>1.07261693</Pitch>
				<Roll>-0.816507578</Roll>
				<Yaw>-139.62323</Yaw>
			</PositionRotation>
			<Attachment isAttached="true">
				<AttachedTo>702723</AttachedTo>
				<BoneIndex>0</BoneIndex>
				<X>1.27701342</X>
				<Y>-1.54576731</Y>
				<Z>3.07117152</Z>
				<Pitch>0.429017037</Pitch>
				<Roll>-0.0732753426</Roll>
				<Yaw>89.9342651</Yaw>
			</Attachment>
		</Attachment>
		<Attachment>
			<ModelHash>0x01e52097</ModelHash>
			<Type>3</Type>
			<Dynamic>false</Dynamic>
			<FrozenPos>true</FrozenPos>
			<HashName>hei_prop_carrier_lightset_1</HashName>
			<InitialHandle>360713</InitialHandle>
			<ObjectProperties>
				<TextureVariation>0</TextureVariation>
			</ObjectProperties>
			<OpacityLevel>255</OpacityLevel>
			<LodDistance>16960</LodDistance>
			<IsVisible>true</IsVisible>
			<MaxHealth>1000</MaxHealth>
			<Health>1000</Health>
			<HasGravity>true</HasGravity>
			<IsOnFire>false</IsOnFire>
			<IsInvincible>false</IsInvincible>
			<IsBulletProof>false</IsBulletProof>
			<IsCollisionProof>false</IsCollisionProof>
			<IsExplosionProof>false</IsExplosionProof>
			<IsFireProof>false</IsFireProof>
			<IsMeleeProof>false</IsMeleeProof>
			<IsOnlyDamagedByPlayer>false</IsOnlyDamagedByPlayer>
			<PositionRotation>
				<X>2320.84155</X>
				<Y>2862.11084</Y>
				<Z>44.0384903</Z>
				<Pitch>-0.1805197</Pitch>
				<Roll>0.698079348</Roll>
				<Yaw>42.947937</Yaw>
			</PositionRotation>
			<Attachment isAttached="true">
				<AttachedTo>702723</AttachedTo>
				<BoneIndex>0</BoneIndex>
				<X>-1.33992171</X>
				<Y>-3.6534164</Y>
				<Z>3.07118583</Z>
				<Pitch>0.429017037</Pitch>
				<Roll>-0.0732753426</Roll>
				<Yaw>-87.4831696</Yaw>
			</Attachment>
		</Attachment>
		<Attachment>
			<ModelHash>0x5d9377d3</ModelHash>
			<Type>3</Type>
			<Dynamic>false</Dynamic>
			<FrozenPos>true</FrozenPos>
			<HashName>p_s_scuba_tank_s</HashName>
			<InitialHandle>758024</InitialHandle>
			<ObjectProperties>
				<TextureVariation>0</TextureVariation>
			</ObjectProperties>
			<OpacityLevel>255</OpacityLevel>
			<LodDistance>16960</LodDistance>
			<IsVisible>true</IsVisible>
			<MaxHealth>1000</MaxHealth>
			<Health>1000</Health>
			<HasGravity>true</HasGravity>
			<IsOnFire>false</IsOnFire>
			<IsInvincible>false</IsInvincible>
			<IsBulletProof>false</IsBulletProof>
			<IsCollisionProof>false</IsCollisionProof>
			<IsExplosionProof>false</IsExplosionProof>
			<IsFireProof>false</IsFireProof>
			<IsMeleeProof>false</IsMeleeProof>
			<IsOnlyDamagedByPlayer>false</IsOnlyDamagedByPlayer>
			<PositionRotation>
				<X>2318.09082</X>
				<Y>2862.9104</Y>
				<Z>41.2949371</Z>
				<Pitch>-0.445592761</Pitch>
				<Roll>0.375697106</Roll>
				<Yaw>18.4382648</Yaw>
			</PositionRotation>
			<Attachment isAttached="true">
				<AttachedTo>702723</AttachedTo>
				<BoneIndex>0</BoneIndex>
				<X>1.08355486</X>
				<Y>-2.11379838</Y>
				<Z>0.334429592</Z>
				<Pitch>0.429017037</Pitch>
				<Roll>-0.0732753426</Roll>
				<Yaw>248.005432</Yaw>
			</Attachment>
		</Attachment>
		<Attachment>
			<ModelHash>0x0f8662dc</ModelHash>
			<Type>3</Type>
			<Dynamic>false</Dynamic>
			<FrozenPos>true</FrozenPos>
			<HashName>hei_prop_carrier_liferafts</HashName>
			<InitialHandle>164618</InitialHandle>
			<ObjectProperties>
				<TextureVariation>0</TextureVariation>
			</ObjectProperties>
			<OpacityLevel>255</OpacityLevel>
			<LodDistance>16960</LodDistance>
			<IsVisible>true</IsVisible>
			<MaxHealth>1000</MaxHealth>
			<Health>1000</Health>
			<HasGravity>true</HasGravity>
			<IsOnFire>false</IsOnFire>
			<IsInvincible>false</IsInvincible>
			<IsBulletProof>false</IsBulletProof>
			<IsCollisionProof>false</IsCollisionProof>
			<IsExplosionProof>false</IsExplosionProof>
			<IsFireProof>false</IsFireProof>
			<IsMeleeProof>false</IsMeleeProof>
			<IsOnlyDamagedByPlayer>false</IsOnlyDamagedByPlayer>
			<PositionRotation>
				<X>2318.82349</X>
				<Y>2863.98682</Y>
				<Z>42.73983</Z>
				<Pitch>1.09259737</Pitch>
				<Roll>-0.798722982</Roll>
				<Yaw>-141.182236</Yaw>
			</PositionRotation>
			<Attachment isAttached="true">
				<AttachedTo>702723</AttachedTo>
				<BoneIndex>0</BoneIndex>
				<X>1.41144824</X>
				<Y>-3.3505466</Y>
				<Z>1.79927504</Z>
				<Pitch>0.429017037</Pitch>
				<Roll>-0.0732753426</Roll>
				<Yaw>88.3753433</Yaw>
			</Attachment>
		</Attachment>
		<Attachment>
			<ModelHash>0x0f8662dc</ModelHash>
			<Type>3</Type>
			<Dynamic>false</Dynamic>
			<FrozenPos>true</FrozenPos>
			<HashName>hei_prop_carrier_liferafts</HashName>
			<InitialHandle>210954</InitialHandle>
			<ObjectProperties>
				<TextureVariation>0</TextureVariation>
			</ObjectProperties>
			<OpacityLevel>255</OpacityLevel>
			<LodDistance>16960</LodDistance>
			<IsVisible>true</IsVisible>
			<MaxHealth>1000</MaxHealth>
			<Health>1000</Health>
			<HasGravity>true</HasGravity>
			<IsOnFire>false</IsOnFire>
			<IsInvincible>false</IsInvincible>
			<IsBulletProof>false</IsBulletProof>
			<IsCollisionProof>false</IsCollisionProof>
			<IsExplosionProof>false</IsExplosionProof>
			<IsFireProof>false</IsFireProof>
			<IsMeleeProof>false</IsMeleeProof>
			<IsOnlyDamagedByPlayer>false</IsOnlyDamagedByPlayer>
			<PositionRotation>
				<X>2317.31543</X>
				<Y>2862.70239</Y>
				<Z>42.7494736</Z>
				<Pitch>1.09259737</Pitch>
				<Roll>-0.798722982</Roll>
				<Yaw>-141.182236</Yaw>
			</PositionRotation>
			<Attachment isAttached="true">
				<AttachedTo>702723</AttachedTo>
				<BoneIndex>0</BoneIndex>
				<X>1.4117986</X>
				<Y>-1.36972785</Y>
				<Z>1.78320384</Z>
				<Pitch>0.429017037</Pitch>
				<Roll>-0.0732753426</Roll>
				<Yaw>88.3753433</Yaw>
			</Attachment>
		</Attachment>
		<Attachment>
			<ModelHash>0x26a28712</ModelHash>
			<Type>3</Type>
			<Dynamic>false</Dynamic>
			<FrozenPos>true</FrozenPos>
			<HashName>prop_tool_box_02</HashName>
			<InitialHandle>448778</InitialHandle>
			<ObjectProperties>
				<TextureVariation>0</TextureVariation>
			</ObjectProperties>
			<OpacityLevel>255</OpacityLevel>
			<LodDistance>16960</LodDistance>
			<IsVisible>true</IsVisible>
			<MaxHealth>1000</MaxHealth>
			<Health>1000</Health>
			<HasGravity>true</HasGravity>
			<IsOnFire>false</IsOnFire>
			<IsInvincible>false</IsInvincible>
			<IsBulletProof>false</IsBulletProof>
			<IsCollisionProof>false</IsCollisionProof>
			<IsExplosionProof>false</IsExplosionProof>
			<IsFireProof>false</IsFireProof>
			<IsMeleeProof>false</IsMeleeProof>
			<IsOnlyDamagedByPlayer>false</IsOnlyDamagedByPlayer>
			<PositionRotation>
				<X>2317.16968</X>
				<Y>2860.61353</Y>
				<Z>41.1861801</Z>
				<Pitch>0.482443601</Pitch>
				<Roll>0.908417642</Roll>
				<Yaw>84.3758774</Yaw>
			</PositionRotation>
			<Attachment isAttached="true">
				<AttachedTo>702723</AttachedTo>
				<BoneIndex>0</BoneIndex>
				<X>-0.0658961684</X>
				<Y>0.0753213987</Y>
				<Z>0.184338182</Z>
				<Pitch>0.429017037</Pitch>
				<Roll>-0.0732753426</Roll>
				<Yaw>-46.0490875</Yaw>
			</Attachment>
		</Attachment>
		<Attachment>
			<ModelHash>0x659b9569</ModelHash>
			<Type>3</Type>
			<Dynamic>false</Dynamic>
			<FrozenPos>true</FrozenPos>
			<HashName>prop_rope_hook_01</HashName>
			<InitialHandle>728330</InitialHandle>
			<ObjectProperties>
				<TextureVariation>0</TextureVariation>
			</ObjectProperties>
			<OpacityLevel>255</OpacityLevel>
			<LodDistance>16960</LodDistance>
			<IsVisible>true</IsVisible>
			<MaxHealth>1000</MaxHealth>
			<Health>1000</Health>
			<HasGravity>true</HasGravity>
			<IsOnFire>false</IsOnFire>
			<IsInvincible>false</IsInvincible>
			<IsBulletProof>false</IsBulletProof>
			<IsCollisionProof>false</IsCollisionProof>
			<IsExplosionProof>false</IsExplosionProof>
			<IsFireProof>false</IsFireProof>
			<IsMeleeProof>false</IsMeleeProof>
			<IsOnlyDamagedByPlayer>false</IsOnlyDamagedByPlayer>
			<PositionRotation>
				<X>2323.41235</X>
				<Y>2865.97949</Y>
				<Z>40.4356918</Z>
				<Pitch>1.10267305</Pitch>
				<Roll>86.463768</Roll>
				<Yaw>-141.983276</Yaw>
			</PositionRotation>
			<Attachment isAttached="true">
				<AttachedTo>702723</AttachedTo>
				<BoneIndex>0</BoneIndex>
				<X>-0.0223939009</X>
				<Y>-8.1653738</Y>
				<Z>-0.458776116</Z>
				<Pitch>0.429024667</Pitch>
				<Roll>87.1798859</Roll>
				<Yaw>87.5743713</Yaw>
			</Attachment>
		</Attachment>
		<Attachment>
			<ModelHash>0x371e6eda</ModelHash>
			<Type>3</Type>
			<Dynamic>false</Dynamic>
			<FrozenPos>true</FrozenPos>
			<HashName>hei_prop_heist_thermite_case</HashName>
			<InitialHandle>180237</InitialHandle>
			<ObjectProperties>
				<TextureVariation>0</TextureVariation>
			</ObjectProperties>
			<OpacityLevel>255</OpacityLevel>
			<LodDistance>16960</LodDistance>
			<IsVisible>true</IsVisible>
			<MaxHealth>1000</MaxHealth>
			<Health>1000</Health>
			<HasGravity>true</HasGravity>
			<IsOnFire>false</IsOnFire>
			<IsInvincible>false</IsInvincible>
			<IsBulletProof>false</IsBulletProof>
			<IsCollisionProof>false</IsCollisionProof>
			<IsExplosionProof>false</IsExplosionProof>
			<IsFireProof>false</IsFireProof>
			<IsMeleeProof>false</IsMeleeProof>
			<IsOnlyDamagedByPlayer>false</IsOnlyDamagedByPlayer>
			<PositionRotation>
				<X>2318.3645</X>
				<Y>2862.37695</Y>
				<Z>41.4257813</Z>
				<Pitch>-0.222956941</Pitch>
				<Roll>0.662559032</Roll>
				<Yaw>39.7224503</Yaw>
			</PositionRotation>
			<Attachment isAttached="true">
				<AttachedTo>702723</AttachedTo>
				<BoneIndex>0</BoneIndex>
				<X>0.49848187</X>
				<Y>-1.97435808</Y>
				<Z>0.456921369</Z>
				<Pitch>0.429017037</Pitch>
				<Roll>-0.0732753426</Roll>
				<Yaw>-90.7089996</Yaw>
			</Attachment>
		</Attachment>
		<Attachment>
			<ModelHash>0x45c35f6a</ModelHash>
			<Type>3</Type>
			<Dynamic>false</Dynamic>
			<FrozenPos>true</FrozenPos>
			<HashName>prop_dock_shippad</HashName>
			<InitialHandle>293902</InitialHandle>
			<ObjectProperties>
				<TextureVariation>0</TextureVariation>
			</ObjectProperties>
			<OpacityLevel>255</OpacityLevel>
			<LodDistance>16960</LodDistance>
			<IsVisible>true</IsVisible>
			<MaxHealth>1000</MaxHealth>
			<Health>1000</Health>
			<HasGravity>true</HasGravity>
			<IsOnFire>false</IsOnFire>
			<IsInvincible>false</IsInvincible>
			<IsBulletProof>false</IsBulletProof>
			<IsCollisionProof>false</IsCollisionProof>
			<IsExplosionProof>false</IsExplosionProof>
			<IsFireProof>false</IsFireProof>
			<IsMeleeProof>false</IsMeleeProof>
			<IsOnlyDamagedByPlayer>false</IsOnlyDamagedByPlayer>
			<PositionRotation>
				<X>2314.11963</X>
				<Y>2858.10229</Y>
				<Z>40.9261208</Z>
				<Pitch>-0.292628884</Pitch>
				<Roll>-0.740919232</Roll>
				<Yaw>-51.509491</Yaw>
			</PositionRotation>
			<Attachment isAttached="true">
				<AttachedTo>702723</AttachedTo>
				<BoneIndex>0</BoneIndex>
				<X>0.00383514678</X>
				<Y>4.02196217</Y>
				<Z>-0.126221269</Z>
				<Pitch>0.429017037</Pitch>
				<Roll>-0.0732753426</Roll>
				<Yaw>178.056946</Yaw>
			</Attachment>
		</Attachment>
		<Attachment>
			<ModelHash>0x28be7556</ModelHash>
			<Type>3</Type>
			<Dynamic>false</Dynamic>
			<FrozenPos>true</FrozenPos>
			<HashName>prop_amb_beer_bottle</HashName>
			<InitialHandle>542991</InitialHandle>
			<ObjectProperties>
				<TextureVariation>0</TextureVariation>
			</ObjectProperties>
			<OpacityLevel>255</OpacityLevel>
			<LodDistance>16960</LodDistance>
			<IsVisible>true</IsVisible>
			<MaxHealth>1000</MaxHealth>
			<Health>1000</Health>
			<HasGravity>true</HasGravity>
			<IsOnFire>false</IsOnFire>
			<IsInvincible>false</IsInvincible>
			<IsBulletProof>false</IsBulletProof>
			<IsCollisionProof>false</IsCollisionProof>
			<IsExplosionProof>false</IsExplosionProof>
			<IsFireProof>false</IsFireProof>
			<IsMeleeProof>false</IsMeleeProof>
			<IsOnlyDamagedByPlayer>false</IsOnlyDamagedByPlayer>
			<PositionRotation>
				<X>2317.21045</X>
				<Y>2860.12451</Y>
				<Z>41.4310532</Z>
				<Pitch>1.14572418</Pitch>
				<Roll>0.599730611</Roll>
				<Yaw>128.063324</Yaw>
			</PositionRotation>
			<Attachment isAttached="true">
				<AttachedTo>702723</AttachedTo>
				<BoneIndex>0</BoneIndex>
				<X>-0.467326969</X>
				<Y>0.364594966</Y>
				<Z>0.420986801</Z>
				<Pitch>0.429017037</Pitch>
				<Roll>-0.0732753426</Roll>
				<Yaw>-2.36019135</Yaw>
			</Attachment>
		</Attachment>
		<Attachment>
			<ModelHash>0xbb55760a</ModelHash>
			<Type>3</Type>
			<Dynamic>false</Dynamic>
			<FrozenPos>true</FrozenPos>
			<HashName>prop_tool_fireaxe</HashName>
			<InitialHandle>766480</InitialHandle>
			<ObjectProperties>
				<TextureVariation>0</TextureVariation>
			</ObjectProperties>
			<OpacityLevel>255</OpacityLevel>
			<LodDistance>16960</LodDistance>
			<IsVisible>true</IsVisible>
			<MaxHealth>1000</MaxHealth>
			<Health>1000</Health>
			<HasGravity>true</HasGravity>
			<IsOnFire>false</IsOnFire>
			<IsInvincible>false</IsInvincible>
			<IsBulletProof>false</IsBulletProof>
			<IsCollisionProof>false</IsCollisionProof>
			<IsExplosionProof>false</IsExplosionProof>
			<IsFireProof>false</IsFireProof>
			<IsMeleeProof>false</IsMeleeProof>
			<IsOnlyDamagedByPlayer>false</IsOnlyDamagedByPlayer>
			<PositionRotation>
				<X>2319.84399</X>
				<Y>2864.84253</Y>
				<Z>41.6377945</Z>
				<Pitch>1.05623591</Pitch>
				<Roll>-0.830383658</Roll>
				<Yaw>-138.371994</Yaw>
			</PositionRotation>
			<Attachment isAttached="true">
				<AttachedTo>702723</AttachedTo>
				<BoneIndex>0</BoneIndex>
				<X>1.41314292</X>
				<Y>-4.69659424</Y>
				<Z>0.714570761</Z>
				<Pitch>0.429017037</Pitch>
				<Roll>-0.0732753426</Roll>
				<Yaw>91.1854248</Yaw>
			</Attachment>
		</Attachment>
		<Attachment>
			<ModelHash>0xbb55760a</ModelHash>
			<Type>3</Type>
			<Dynamic>false</Dynamic>
			<FrozenPos>true</FrozenPos>
			<HashName>prop_tool_fireaxe</HashName>
			<InitialHandle>509199</InitialHandle>
			<ObjectProperties>
				<TextureVariation>0</TextureVariation>
			</ObjectProperties>
			<OpacityLevel>255</OpacityLevel>
			<LodDistance>16960</LodDistance>
			<IsVisible>true</IsVisible>
			<MaxHealth>1000</MaxHealth>
			<Health>1000</Health>
			<HasGravity>true</HasGravity>
			<IsOnFire>false</IsOnFire>
			<IsInvincible>false</IsInvincible>
			<IsBulletProof>false</IsBulletProof>
			<IsCollisionProof>false</IsCollisionProof>
			<IsExplosionProof>false</IsExplosionProof>
			<IsFireProof>false</IsFireProof>
			<IsMeleeProof>false</IsMeleeProof>
			<IsOnlyDamagedByPlayer>false</IsOnlyDamagedByPlayer>
			<PositionRotation>
				<X>2320.34644</X>
				<Y>2865.27026</Y>
				<Z>41.6148949</Z>
				<Pitch>1.05623591</Pitch>
				<Roll>-0.830383658</Roll>
				<Yaw>-138.371994</Yaw>
			</PositionRotation>
			<Attachment isAttached="true">
				<AttachedTo>702723</AttachedTo>
				<BoneIndex>0</BoneIndex>
				<X>1.4130547</X>
				<Y>-5.35663843</Y>
				<Z>0.700240076</Z>
				<Pitch>0.429017037</Pitch>
				<Roll>-0.0732753426</Roll>
				<Yaw>91.1854248</Yaw>
			</Attachment>
		</Attachment>
		<Attachment>
			<ModelHash>0xe19a6ca0</ModelHash>
			<Type>3</Type>
			<Dynamic>false</Dynamic>
			<FrozenPos>true</FrozenPos>
			<HashName>prop_medstation_01</HashName>
			<InitialHandle>163857</InitialHandle>
			<ObjectProperties>
				<TextureVariation>0</TextureVariation>
			</ObjectProperties>
			<OpacityLevel>255</OpacityLevel>
			<LodDistance>16960</LodDistance>
			<IsVisible>true</IsVisible>
			<MaxHealth>1000</MaxHealth>
			<Health>1000</Health>
			<HasGravity>true</HasGravity>
			<IsOnFire>false</IsOnFire>
			<IsInvincible>false</IsInvincible>
			<IsBulletProof>false</IsBulletProof>
			<IsCollisionProof>false</IsCollisionProof>
			<IsExplosionProof>false</IsExplosionProof>
			<IsFireProof>false</IsFireProof>
			<IsMeleeProof>false</IsMeleeProof>
			<IsOnlyDamagedByPlayer>false</IsOnlyDamagedByPlayer>
			<PositionRotation>
				<X>2320.96899</X>
				<Y>2865.80591</Y>
				<Z>41.9800758</Z>
				<Pitch>1.07883489</Pitch>
				<Roll>-0.81107676</Roll>
				<Yaw>-140.10437</Yaw>
			</PositionRotation>
			<Attachment isAttached="true">
				<AttachedTo>702723</AttachedTo>
				<BoneIndex>0</BoneIndex>
				<X>1.41281366</X>
				<Y>-6.17295885</Y>
				<Z>1.07606959</Z>
				<Pitch>0.429017037</Pitch>
				<Roll>-0.0732753426</Roll>
				<Yaw>89.4531479</Yaw>
			</Attachment>
		</Attachment>
		<Attachment>
			<ModelHash>0xe19a6ca0</ModelHash>
			<Type>3</Type>
			<Dynamic>false</Dynamic>
			<FrozenPos>true</FrozenPos>
			<HashName>prop_medstation_01</HashName>
			<InitialHandle>187921</InitialHandle>
			<ObjectProperties>
				<TextureVariation>0</TextureVariation>
			</ObjectProperties>
			<OpacityLevel>255</OpacityLevel>
			<LodDistance>16960</LodDistance>
			<IsVisible>true</IsVisible>
			<MaxHealth>1000</MaxHealth>
			<Health>1000</Health>
			<HasGravity>true</HasGravity>
			<IsOnFire>false</IsOnFire>
			<IsInvincible>false</IsInvincible>
			<IsBulletProof>false</IsBulletProof>
			<IsCollisionProof>false</IsCollisionProof>
			<IsExplosionProof>false</IsExplosionProof>
			<IsFireProof>false</IsFireProof>
			<IsMeleeProof>false</IsMeleeProof>
			<IsOnlyDamagedByPlayer>false</IsOnlyDamagedByPlayer>
			<PositionRotation>
				<X>2321.72241</X>
				<Y>2866.448</Y>
				<Z>41.9685516</Z>
				<Pitch>1.07883489</Pitch>
				<Roll>-0.81107676</Roll>
				<Yaw>-140.10437</Yaw>
			</PositionRotation>
			<Attachment isAttached="true">
				<AttachedTo>702723</AttachedTo>
				<BoneIndex>0</BoneIndex>
				<X>1.41289878</X>
				<Y>-7.16314602</Y>
				<Z>1.07740259</Z>
				<Pitch>0.429017037</Pitch>
				<Roll>-0.0732753426</Roll>
				<Yaw>89.4531479</Yaw>
			</Attachment>
		</Attachment>
		<Attachment>
			<ModelHash>0x038289fe</ModelHash>
			<Type>3</Type>
			<Dynamic>false</Dynamic>
			<FrozenPos>true</FrozenPos>
			<HashName>prop_tool_sledgeham</HashName>
			<InitialHandle>326161</InitialHandle>
			<ObjectProperties>
				<TextureVariation>0</TextureVariation>
			</ObjectProperties>
			<OpacityLevel>255</OpacityLevel>
			<LodDistance>16960</LodDistance>
			<IsVisible>true</IsVisible>
			<MaxHealth>1000</MaxHealth>
			<Health>1000</Health>
			<HasGravity>true</HasGravity>
			<IsOnFire>false</IsOnFire>
			<IsInvincible>false</IsInvincible>
			<IsBulletProof>false</IsBulletProof>
			<IsCollisionProof>false</IsCollisionProof>
			<IsExplosionProof>false</IsExplosionProof>
			<IsFireProof>false</IsFireProof>
			<IsMeleeProof>false</IsMeleeProof>
			<IsOnlyDamagedByPlayer>false</IsOnlyDamagedByPlayer>
			<PositionRotation>
				<X>2320.14966</X>
				<Y>2865.10498</Y>
				<Z>41.7542381</Z>
				<Pitch>1.07436192</Pitch>
				<Roll>-0.814992905</Roll>
				<Yaw>-139.757889</Yaw>
			</PositionRotation>
			<Attachment isAttached="true">
				<AttachedTo>702723</AttachedTo>
				<BoneIndex>0</BoneIndex>
				<X>1.41313183</X>
				<Y>-5.09790611</Y>
				<Z>0.83624512</Z>
				<Pitch>0.429017037</Pitch>
				<Roll>-0.0732753426</Roll>
				<Yaw>89.7996063</Yaw>
			</Attachment>
		</Attachment>
		<Attachment>
			<ModelHash>0x038289fe</ModelHash>
			<Type>3</Type>
			<Dynamic>false</Dynamic>
			<FrozenPos>true</FrozenPos>
			<HashName>prop_tool_sledgeham</HashName>
			<InitialHandle>414225</InitialHandle>
			<ObjectProperties>
				<TextureVariation>0</TextureVariation>
			</ObjectProperties>
			<OpacityLevel>255</OpacityLevel>
			<LodDistance>16960</LodDistance>
			<IsVisible>true</IsVisible>
			<MaxHealth>1000</MaxHealth>
			<Health>1000</Health>
			<HasGravity>true</HasGravity>
			<IsOnFire>false</IsOnFire>
			<IsInvincible>false</IsInvincible>
			<IsBulletProof>false</IsBulletProof>
			<IsCollisionProof>false</IsCollisionProof>
			<IsExplosionProof>false</IsExplosionProof>
			<IsFireProof>false</IsFireProof>
			<IsMeleeProof>false</IsMeleeProof>
			<IsOnlyDamagedByPlayer>false</IsOnlyDamagedByPlayer>
			<PositionRotation>
				<X>2319.63208</X>
				<Y>2864.66309</Y>
				<Z>41.7035103</Z>
				<Pitch>1.07883489</Pitch>
				<Roll>-0.81107676</Roll>
				<Yaw>-140.10437</Yaw>
			</PositionRotation>
			<Attachment isAttached="true">
				<AttachedTo>702723</AttachedTo>
				<BoneIndex>0</BoneIndex>
				<X>1.41314995</X>
				<Y>-4.41811895</Y>
				<Z>0.77668196</Z>
				<Pitch>0.429017037</Pitch>
				<Roll>-0.0732753426</Roll>
				<Yaw>89.4531479</Yaw>
			</Attachment>
		</Attachment>
		<Attachment>
			<ModelHash>0x0f8c9ecb</ModelHash>
			<Type>3</Type>
			<Dynamic>false</Dynamic>
			<FrozenPos>true</FrozenPos>
			<HashName>prop_tool_pickaxe</HashName>
			<InitialHandle>511505</InitialHandle>
			<ObjectProperties>
				<TextureVariation>0</TextureVariation>
			</ObjectProperties>
			<OpacityLevel>255</OpacityLevel>
			<LodDistance>16960</LodDistance>
			<IsVisible>true</IsVisible>
			<MaxHealth>1000</MaxHealth>
			<Health>1000</Health>
			<HasGravity>true</HasGravity>
			<IsOnFire>false</IsOnFire>
			<IsInvincible>false</IsInvincible>
			<IsBulletProof>false</IsBulletProof>
			<IsCollisionProof>false</IsCollisionProof>
			<IsExplosionProof>false</IsExplosionProof>
			<IsFireProof>false</IsFireProof>
			<IsMeleeProof>false</IsMeleeProof>
			<IsOnlyDamagedByPlayer>false</IsOnlyDamagedByPlayer>
			<PositionRotation>
				<X>2321.32031</X>
				<Y>2866.10156</Y>
				<Z>41.7113495</Z>
				<Pitch>1.04356039</Pitch>
				<Roll>-0.840708494</Roll>
				<Yaw>-137.419144</Yaw>
			</PositionRotation>
			<Attachment isAttached="true">
				<AttachedTo>702723</AttachedTo>
				<BoneIndex>0</BoneIndex>
				<X>1.41301608</X>
				<Y>-6.6356492</Y>
				<Z>0.813312769</Z>
				<Pitch>0.429017037</Pitch>
				<Roll>-0.0732753426</Roll>
				<Yaw>92.1381989</Yaw>
			</Attachment>
		</Attachment>
		<Attachment>
			<ModelHash>0x0f8c9ecb</ModelHash>
			<Type>3</Type>
			<Dynamic>false</Dynamic>
			<FrozenPos>true</FrozenPos>
			<HashName>prop_tool_pickaxe</HashName>
			<InitialHandle>607505</InitialHandle>
			<ObjectProperties>
				<TextureVariation>0</TextureVariation>
			</ObjectProperties>
			<OpacityLevel>255</OpacityLevel>
			<LodDistance>16960</LodDistance>
			<IsVisible>true</IsVisible>
			<MaxHealth>1000</MaxHealth>
			<Health>1000</Health>
			<HasGravity>true</HasGravity>
			<IsOnFire>false</IsOnFire>
			<IsInvincible>false</IsInvincible>
			<IsBulletProof>false</IsBulletProof>
			<IsCollisionProof>false</IsCollisionProof>
			<IsExplosionProof>false</IsExplosionProof>
			<IsFireProof>false</IsFireProof>
			<IsMeleeProof>false</IsMeleeProof>
			<IsOnlyDamagedByPlayer>false</IsOnlyDamagedByPlayer>
			<PositionRotation>
				<X>2322.0166</X>
				<Y>2866.69458</Y>
				<Z>41.6887932</Z>
				<Pitch>1.06647742</Pitch>
				<Roll>-0.821780503</Roll>
				<Yaw>-139.151535</Yaw>
			</PositionRotation>
			<Attachment isAttached="true">
				<AttachedTo>702723</AttachedTo>
				<BoneIndex>0</BoneIndex>
				<X>1.41287887</X>
				<Y>-7.5505929</Y>
				<Z>0.802631497</Z>
				<Pitch>0.429017037</Pitch>
				<Roll>-0.0732753426</Roll>
				<Yaw>90.4059143</Yaw>
			</Attachment>
		</Attachment>
		<Attachment>
			<ModelHash>0x8ae99900</ModelHash>
			<Type>3</Type>
			<Dynamic>false</Dynamic>
			<FrozenPos>true</FrozenPos>
			<HashName>prop_cs_hand_radio</HashName>
			<InitialHandle>764689</InitialHandle>
			<ObjectProperties>
				<TextureVariation>0</TextureVariation>
			</ObjectProperties>
			<OpacityLevel>255</OpacityLevel>
			<LodDistance>16960</LodDistance>
			<IsVisible>true</IsVisible>
			<MaxHealth>1000</MaxHealth>
			<Health>1000</Health>
			<HasGravity>true</HasGravity>
			<IsOnFire>false</IsOnFire>
			<IsInvincible>false</IsInvincible>
			<IsBulletProof>false</IsBulletProof>
			<IsCollisionProof>false</IsCollisionProof>
			<IsExplosionProof>false</IsExplosionProof>
			<IsFireProof>false</IsFireProof>
			<IsMeleeProof>false</IsMeleeProof>
			<IsOnlyDamagedByPlayer>false</IsOnlyDamagedByPlayer>
			<PositionRotation>
				<X>2317.78442</X>
				<Y>2860.41968</Y>
				<Z>41.4135361</Z>
				<Pitch>1.26200402</Pitch>
				<Roll>-0.595493138</Roll>
				<Yaw>-156.649414</Yaw>
			</PositionRotation>
			<Attachment isAttached="true">
				<AttachedTo>702723</AttachedTo>
				<BoneIndex>0</BoneIndex>
				<X>-0.614654601</X>
				<Y>-0.263946503</Y>
				<Z>0.409976751</Z>
				<Pitch>0.429017037</Pitch>
				<Roll>-0.0732753426</Roll>
				<Yaw>72.9100952</Yaw>
			</Attachment>
		</Attachment>
		<Attachment>
			<ModelHash>0x3d66cd4d</ModelHash>
			<Type>3</Type>
			<Dynamic>false</Dynamic>
			<FrozenPos>true</FrozenPos>
			<HashName>hei_prop_mini_sever_01</HashName>
			<InitialHandle>296466</InitialHandle>
			<ObjectProperties>
				<TextureVariation>0</TextureVariation>
			</ObjectProperties>
			<OpacityLevel>255</OpacityLevel>
			<LodDistance>16960</LodDistance>
			<IsVisible>true</IsVisible>
			<MaxHealth>1000</MaxHealth>
			<Health>1000</Health>
			<HasGravity>true</HasGravity>
			<IsOnFire>false</IsOnFire>
			<IsInvincible>false</IsInvincible>
			<IsBulletProof>false</IsBulletProof>
			<IsCollisionProof>false</IsCollisionProof>
			<IsExplosionProof>false</IsExplosionProof>
			<IsFireProof>false</IsFireProof>
			<IsMeleeProof>false</IsMeleeProof>
			<IsOnlyDamagedByPlayer>false</IsOnlyDamagedByPlayer>
			<PositionRotation>
				<X>2319.05908</X>
				<Y>2863.13696</Y>
				<Z>41.7519875</Z>
				<Pitch>-0.196911663</Pitch>
				<Roll>0.684837997</Roll>
				<Yaw>41.7199211</Yaw>
			</PositionRotation>
			<Attachment isAttached="true">
				<AttachedTo>702723</AttachedTo>
				<BoneIndex>0</BoneIndex>
				<X>0.622692466</X>
				<Y>-2.99166703</Y>
				<Z>0.797777474</Z>
				<Pitch>0.429017037</Pitch>
				<Roll>-0.0732753426</Roll>
				<Yaw>-88.711319</Yaw>
			</Attachment>
		</Attachment>
		<Attachment>
			<ModelHash>0x8b02bba6</ModelHash>
			<Type>3</Type>
			<Dynamic>false</Dynamic>
			<FrozenPos>true</FrozenPos>
			<HashName>hei_prop_hei_ammo_single</HashName>
			<InitialHandle>54803</InitialHandle>
			<ObjectProperties>
				<TextureVariation>0</TextureVariation>
			</ObjectProperties>
			<OpacityLevel>255</OpacityLevel>
			<LodDistance>16960</LodDistance>
			<IsVisible>true</IsVisible>
			<MaxHealth>1000</MaxHealth>
			<Health>1000</Health>
			<HasGravity>true</HasGravity>
			<IsOnFire>false</IsOnFire>
			<IsInvincible>false</IsInvincible>
			<IsBulletProof>false</IsBulletProof>
			<IsCollisionProof>false</IsCollisionProof>
			<IsExplosionProof>false</IsExplosionProof>
			<IsFireProof>false</IsFireProof>
			<IsMeleeProof>false</IsMeleeProof>
			<IsOnlyDamagedByPlayer>false</IsOnlyDamagedByPlayer>
			<PositionRotation>
				<X>2319.88013</X>
				<Y>2863.68311</Y>
				<Z>41.5165405</Z>
				<Pitch>-0.212808043</Pitch>
				<Roll>0.671427906</Roll>
				<Yaw>40.5079155</Yaw>
			</PositionRotation>
			<Attachment isAttached="true">
				<AttachedTo>702723</AttachedTo>
				<BoneIndex>0</BoneIndex>
				<X>0.508484304</X>
				<Y>-3.97384763</Y>
				<Z>0.573767543</Z>
				<Pitch>0.429017037</Pitch>
				<Roll>-0.0732753426</Roll>
				<Yaw>-89.9234619</Yaw>
			</Attachment>
		</Attachment>
		<Attachment>
			<ModelHash>0x8b02bba6</ModelHash>
			<Type>3</Type>
			<Dynamic>false</Dynamic>
			<FrozenPos>true</FrozenPos>
			<HashName>hei_prop_hei_ammo_single</HashName>
			<InitialHandle>138771</InitialHandle>
			<ObjectProperties>
				<TextureVariation>0</TextureVariation>
			</ObjectProperties>
			<OpacityLevel>255</OpacityLevel>
			<LodDistance>16960</LodDistance>
			<IsVisible>true</IsVisible>
			<MaxHealth>1000</MaxHealth>
			<Health>1000</Health>
			<HasGravity>true</HasGravity>
			<IsOnFire>false</IsOnFire>
			<IsInvincible>false</IsInvincible>
			<IsBulletProof>false</IsBulletProof>
			<IsCollisionProof>false</IsCollisionProof>
			<IsExplosionProof>false</IsExplosionProof>
			<IsFireProof>false</IsFireProof>
			<IsMeleeProof>false</IsMeleeProof>
			<IsOnlyDamagedByPlayer>false</IsOnlyDamagedByPlayer>
			<PositionRotation>
				<X>2320.71191</X>
				<Y>2864.34326</Y>
				<Z>41.5031815</Z>
				<Pitch>-0.299749047</Pitch>
				<Roll>0.586589158</Roll>
				<Yaw>33.4241486</Yaw>
			</PositionRotation>
			<Attachment isAttached="true">
				<AttachedTo>702723</AttachedTo>
				<BoneIndex>0</BoneIndex>
				<X>0.471806407</X>
				<Y>-5.03527594</Y>
				<Z>0.573773205</Z>
				<Pitch>0.429017037</Pitch>
				<Roll>-0.0732753426</Roll>
				<Yaw>-97.0078735</Yaw>
			</Attachment>
		</Attachment>
		<Attachment>
			<ModelHash>0xe6b2872f</ModelHash>
			<Type>3</Type>
			<Dynamic>false</Dynamic>
			<FrozenPos>true</FrozenPos>
			<HashName>prop_tool_box_05</HashName>
			<InitialHandle>4884</InitialHandle>
			<ObjectProperties>
				<TextureVariation>0</TextureVariation>
			</ObjectProperties>
			<OpacityLevel>255</OpacityLevel>
			<LodDistance>16960</LodDistance>
			<IsVisible>true</IsVisible>
			<MaxHealth>1000</MaxHealth>
			<Health>1000</Health>
			<HasGravity>true</HasGravity>
			<IsOnFire>false</IsOnFire>
			<IsInvincible>false</IsInvincible>
			<IsBulletProof>false</IsBulletProof>
			<IsCollisionProof>false</IsCollisionProof>
			<IsExplosionProof>false</IsExplosionProof>
			<IsFireProof>false</IsFireProof>
			<IsMeleeProof>false</IsMeleeProof>
			<IsOnlyDamagedByPlayer>false</IsOnlyDamagedByPlayer>
			<PositionRotation>
				<X>2319.43677</X>
				<Y>2861.44922</Y>
				<Z>41.3030624</Z>
				<Pitch>1.08547759</Pitch>
				<Roll>-0.805172205</Roll>
				<Yaw>-140.622375</Yaw>
			</PositionRotation>
			<Attachment isAttached="true">
				<AttachedTo>702723</AttachedTo>
				<BoneIndex>0</BoneIndex>
				<X>-0.90144068</X>
				<Y>-2.19054604</Y>
				<Z>0.32128337</Z>
				<Pitch>0.429017037</Pitch>
				<Roll>-0.0732753426</Roll>
				<Yaw>88.9351883</Yaw>
			</Attachment>
		</Attachment>
		<Attachment>
			<ModelHash>0x0ec688eb</ModelHash>
			<Type>3</Type>
			<Dynamic>false</Dynamic>
			<FrozenPos>true</FrozenPos>
			<HashName>prop_drop_crate_01</HashName>
			<InitialHandle>619540</InitialHandle>
			<ObjectProperties>
				<TextureVariation>0</TextureVariation>
			</ObjectProperties>
			<OpacityLevel>255</OpacityLevel>
			<LodDistance>16960</LodDistance>
			<IsVisible>true</IsVisible>
			<MaxHealth>1000</MaxHealth>
			<Health>1000</Health>
			<HasGravity>true</HasGravity>
			<IsOnFire>false</IsOnFire>
			<IsInvincible>false</IsInvincible>
			<IsBulletProof>false</IsBulletProof>
			<IsCollisionProof>false</IsCollisionProof>
			<IsExplosionProof>false</IsExplosionProof>
			<IsFireProof>false</IsFireProof>
			<IsMeleeProof>false</IsMeleeProof>
			<IsOnlyDamagedByPlayer>false</IsOnlyDamagedByPlayer>
			<PositionRotation>
				<X>2320.11865</X>
				<Y>2862.04102</Y>
				<Z>41.5621033</Z>
				<Pitch>1.19756556</Pitch>
				<Roll>-0.686405718</Roll>
				<Yaw>-150.151291</Yaw>
			</PositionRotation>
			<Attachment isAttached="true">
				<AttachedTo>702723</AttachedTo>
				<BoneIndex>0</BoneIndex>
				<X>-0.896305144</X>
				<Y>-3.08999753</Y>
				<Z>0.592097461</Z>
				<Pitch>0.429017037</Pitch>
				<Roll>-0.0732753426</Roll>
				<Yaw>79.4072342</Yaw>
			</Attachment>
		</Attachment>
		<Attachment>
			<ModelHash>0x34e9239f</ModelHash>
			<Type>3</Type>
			<Dynamic>false</Dynamic>
			<FrozenPos>true</FrozenPos>
			<HashName>prop_tool_box_01</HashName>
			<InitialHandle>236565</InitialHandle>
			<ObjectProperties>
				<TextureVariation>0</TextureVariation>
			</ObjectProperties>
			<OpacityLevel>255</OpacityLevel>
			<LodDistance>16960</LodDistance>
			<IsVisible>true</IsVisible>
			<MaxHealth>1000</MaxHealth>
			<Health>1000</Health>
			<HasGravity>true</HasGravity>
			<IsOnFire>false</IsOnFire>
			<IsInvincible>false</IsInvincible>
			<IsBulletProof>false</IsBulletProof>
			<IsCollisionProof>false</IsCollisionProof>
			<IsExplosionProof>false</IsExplosionProof>
			<IsFireProof>false</IsFireProof>
			<IsMeleeProof>false</IsMeleeProof>
			<IsOnlyDamagedByPlayer>false</IsOnlyDamagedByPlayer>
			<PositionRotation>
				<X>2321.62744</X>
				<Y>2865.16577</Y>
				<Z>41.2847939</Z>
				<Pitch>-0.20189476</Pitch>
				<Roll>0.68069607</Roll>
				<Yaw>41.3423004</Yaw>
			</PositionRotation>
			<Attachment isAttached="true">
				<AttachedTo>702723</AttachedTo>
				<BoneIndex>0</BoneIndex>
				<X>0.506304204</X>
				<Y>-6.26817656</Y>
				<Z>0.371750027</Z>
				<Pitch>0.429017037</Pitch>
				<Roll>-0.0732753426</Roll>
				<Yaw>-89.088974</Yaw>
			</Attachment>
		</Attachment>
		<Attachment>
			<ModelHash>0xcaec9bd1</ModelHash>
			<Type>3</Type>
			<Dynamic>false</Dynamic>
			<FrozenPos>true</FrozenPos>
			<HashName>prop_stockade_wheel</HashName>
			<InitialHandle>525845</InitialHandle>
			<ObjectProperties>
				<TextureVariation>0</TextureVariation>
			</ObjectProperties>
			<OpacityLevel>255</OpacityLevel>
			<LodDistance>16960</LodDistance>
			<IsVisible>true</IsVisible>
			<MaxHealth>1000</MaxHealth>
			<Health>1000</Health>
			<HasGravity>true</HasGravity>
			<IsOnFire>false</IsOnFire>
			<IsInvincible>false</IsInvincible>
			<IsBulletProof>false</IsBulletProof>
			<IsCollisionProof>false</IsCollisionProof>
			<IsExplosionProof>false</IsExplosionProof>
			<IsFireProof>false</IsFireProof>
			<IsMeleeProof>false</IsMeleeProof>
			<IsOnlyDamagedByPlayer>false</IsOnlyDamagedByPlayer>
			<PositionRotation>
				<X>2315.14722</X>
				<Y>2857.58789</Y>
				<Z>42.0359459</Z>
				<Pitch>1.07943428</Pitch>
				<Roll>0.663997829</Roll>
				<Yaw>122.680206</Yaw>
			</PositionRotation>
			<Attachment isAttached="true">
				<AttachedTo>702723</AttachedTo>
				<BoneIndex>0</BoneIndex>
				<X>-1.06636262</X>
				<Y>3.58782506</Y>
				<Z>0.977395117</Z>
				<Pitch>0.429017037</Pitch>
				<Roll>-0.0732753426</Roll>
				<Yaw>-7.74286652</Yaw>
			</Attachment>
		</Attachment>
		<Attachment>
			<ModelHash>0xcaec9bd1</ModelHash>
			<Type>3</Type>
			<Dynamic>false</Dynamic>
			<FrozenPos>true</FrozenPos>
			<HashName>prop_stockade_wheel</HashName>
			<InitialHandle>31510</InitialHandle>
			<ObjectProperties>
				<TextureVariation>0</TextureVariation>
			</ObjectProperties>
			<OpacityLevel>255</OpacityLevel>
			<LodDistance>16960</LodDistance>
			<IsVisible>true</IsVisible>
			<MaxHealth>1000</MaxHealth>
			<Health>1000</Health>
			<HasGravity>true</HasGravity>
			<IsOnFire>false</IsOnFire>
			<IsInvincible>false</IsInvincible>
			<IsBulletProof>false</IsBulletProof>
			<IsCollisionProof>false</IsCollisionProof>
			<IsExplosionProof>false</IsExplosionProof>
			<IsFireProof>false</IsFireProof>
			<IsMeleeProof>false</IsMeleeProof>
			<IsOnlyDamagedByPlayer>false</IsOnlyDamagedByPlayer>
			<PositionRotation>
				<X>2313.79028</X>
				<Y>2859.24854</Y>
				<Z>42.0102921</Z>
				<Pitch>-0.417552799</Pitch>
				<Roll>-0.573114097</Roll>
				<Yaw>-39.2945328</Yaw>
			</PositionRotation>
			<Attachment isAttached="true">
				<AttachedTo>702723</AttachedTo>
				<BoneIndex>0</BoneIndex>
				<X>1.07772577</X>
				<Y>3.54345608</Y>
				<Z>0.976371646</Z>
				<Pitch>0.429017037</Pitch>
				<Roll>-0.0732753426</Roll>
				<Yaw>190.272644</Yaw>
			</Attachment>
		</Attachment>
		<Attachment>
			<ModelHash>0x62b71cbf</ModelHash>
			<Type>3</Type>
			<Dynamic>false</Dynamic>
			<FrozenPos>true</FrozenPos>
			<HashName>prop_rail_sigbox01</HashName>
			<InitialHandle>596246</InitialHandle>
			<ObjectProperties>
				<TextureVariation>0</TextureVariation>
			</ObjectProperties>
			<OpacityLevel>255</OpacityLevel>
			<LodDistance>16960</LodDistance>
			<IsVisible>true</IsVisible>
			<MaxHealth>1000</MaxHealth>
			<Health>1000</Health>
			<HasGravity>true</HasGravity>
			<IsOnFire>false</IsOnFire>
			<IsInvincible>false</IsInvincible>
			<IsBulletProof>false</IsBulletProof>
			<IsCollisionProof>false</IsCollisionProof>
			<IsExplosionProof>false</IsExplosionProof>
			<IsFireProof>false</IsFireProof>
			<IsMeleeProof>false</IsMeleeProof>
			<IsOnlyDamagedByPlayer>false</IsOnlyDamagedByPlayer>
			<PositionRotation>
				<X>2314.67139</X>
				<Y>2858.23267</Y>
				<Z>42.0998726</Z>
				<Pitch>13.6954107</Pitch>
				<Roll>-0.747972965</Roll>
				<Yaw>-50.3912735</Yaw>
			</PositionRotation>
			<Attachment isAttached="true">
				<AttachedTo>702723</AttachedTo>
				<BoneIndex>0</BoneIndex>
				<X>-0.267758399</X>
				<Y>3.53267622</Y>
				<Z>1.05100751</Z>
				<Pitch>14.429018</Pitch>
				<Roll>-0.0732753947</Roll>
				<Yaw>179.012024</Yaw>
			</Attachment>
		</Attachment>
		<Attachment>
			<ModelHash>0x4b6e534b</ModelHash>
			<Type>3</Type>
			<Dynamic>false</Dynamic>
			<FrozenPos>true</FrozenPos>
			<HashName>prop_keg_01</HashName>
			<InitialHandle>444951</InitialHandle>
			<ObjectProperties>
				<TextureVariation>0</TextureVariation>
			</ObjectProperties>
			<OpacityLevel>255</OpacityLevel>
			<LodDistance>16960</LodDistance>
			<IsVisible>true</IsVisible>
			<MaxHealth>1000</MaxHealth>
			<Health>1000</Health>
			<HasGravity>true</HasGravity>
			<IsOnFire>false</IsOnFire>
			<IsInvincible>false</IsInvincible>
			<IsBulletProof>false</IsBulletProof>
			<IsCollisionProof>false</IsCollisionProof>
			<IsExplosionProof>false</IsExplosionProof>
			<IsFireProof>false</IsFireProof>
			<IsMeleeProof>false</IsMeleeProof>
			<IsOnlyDamagedByPlayer>false</IsOnlyDamagedByPlayer>
			<PositionRotation>
				<X>2318.09814</X>
				<Y>2860.27661</Y>
				<Z>41.6944504</Z>
				<Pitch>1.32495618</Pitch>
				<Roll>0.331507385</Roll>
				<Yaw>146.950424</Yaw>
			</PositionRotation>
			<Attachment isAttached="true">
				<AttachedTo>702723</AttachedTo>
				<BoneIndex>0</BoneIndex>
				<X>-0.930311143</X>
				<Y>-0.406268358</Y>
				<Z>0.68923521</Z>
				<Pitch>0.429017037</Pitch>
				<Roll>-0.0732753426</Roll>
				<Yaw>16.5238571</Yaw>
			</Attachment>
		</Attachment>
		<Attachment>
			<ModelHash>0x49996225</ModelHash>
			<Type>3</Type>
			<Dynamic>false</Dynamic>
			<FrozenPos>true</FrozenPos>
			<HashName>prop_big_bag_01</HashName>
			<InitialHandle>499480</InitialHandle>
			<ObjectProperties>
				<TextureVariation>0</TextureVariation>
			</ObjectProperties>
			<OpacityLevel>255</OpacityLevel>
			<LodDistance>16960</LodDistance>
			<IsVisible>true</IsVisible>
			<MaxHealth>1000</MaxHealth>
			<Health>1000</Health>
			<HasGravity>true</HasGravity>
			<IsOnFire>false</IsOnFire>
			<IsInvincible>false</IsInvincible>
			<IsBulletProof>false</IsBulletProof>
			<IsCollisionProof>false</IsCollisionProof>
			<IsExplosionProof>false</IsExplosionProof>
			<IsFireProof>false</IsFireProof>
			<IsMeleeProof>false</IsMeleeProof>
			<IsOnlyDamagedByPlayer>false</IsOnlyDamagedByPlayer>
			<PositionRotation>
				<X>2318.81616</X>
				<Y>2860.89233</Y>
				<Z>41.5286179</Z>
				<Pitch>1.08327293</Pitch>
				<Roll>-0.807143748</Roll>
				<Yaw>-140.449997</Yaw>
			</PositionRotation>
			<Attachment isAttached="true">
				<AttachedTo>702723</AttachedTo>
				<BoneIndex>0</BoneIndex>
				<X>-0.925349593</X>
				<Y>-1.35407376</Y>
				<Z>0.535743654</Z>
				<Pitch>0.429017007</Pitch>
				<Roll>-0.0732753426</Roll>
				<Yaw>89.1075516</Yaw>
			</Attachment>
		</Attachment>
		<Attachment>
			<ModelHash>0x1255fdfb</ModelHash>
			<Type>3</Type>
			<Dynamic>false</Dynamic>
			<FrozenPos>true</FrozenPos>
			<HashName>prop_air_bench_02</HashName>
			<InitialHandle>556312</InitialHandle>
			<ObjectProperties>
				<TextureVariation>0</TextureVariation>
			</ObjectProperties>
			<OpacityLevel>255</OpacityLevel>
			<LodDistance>16960</LodDistance>
			<IsVisible>true</IsVisible>
			<MaxHealth>1000</MaxHealth>
			<Health>1000</Health>
			<HasGravity>true</HasGravity>
			<IsOnFire>false</IsOnFire>
			<IsInvincible>false</IsInvincible>
			<IsBulletProof>false</IsBulletProof>
			<IsCollisionProof>false</IsCollisionProof>
			<IsExplosionProof>false</IsExplosionProof>
			<IsFireProof>false</IsFireProof>
			<IsMeleeProof>false</IsMeleeProof>
			<IsOnlyDamagedByPlayer>false</IsOnlyDamagedByPlayer>
			<PositionRotation>
				<X>2323.48853</X>
				<Y>2866.0708</Y>
				<Z>40.6673775</Z>
				<Pitch>1.16969991</Pitch>
				<Roll>0.573246479</Roll>
				<Yaw>130.145554</Yaw>
			</PositionRotation>
			<Attachment isAttached="true">
				<AttachedTo>702723</AttachedTo>
				<BoneIndex>0</BoneIndex>
				<X>-0.00498728687</X>
				<Y>-8.27968597</Y>
				<Z>-0.22537598</Z>
				<Pitch>0.429017037</Pitch>
				<Roll>-0.0732753426</Roll>
				<Yaw>-0.278190613</Yaw>
			</Attachment>
		</Attachment>
		<Attachment>
			<ModelHash>0x158c9081</ModelHash>
			<Type>3</Type>
			<Dynamic>false</Dynamic>
			<FrozenPos>true</FrozenPos>
			<HashName>prop_biotech_store</HashName>
			<InitialHandle>240666</InitialHandle>
			<ObjectProperties>
				<TextureVariation>0</TextureVariation>
			</ObjectProperties>
			<OpacityLevel>255</OpacityLevel>
			<LodDistance>16960</LodDistance>
			<IsVisible>true</IsVisible>
			<MaxHealth>1000</MaxHealth>
			<Health>1000</Health>
			<HasGravity>true</HasGravity>
			<IsOnFire>false</IsOnFire>
			<IsInvincible>false</IsInvincible>
			<IsBulletProof>false</IsBulletProof>
			<IsCollisionProof>false</IsCollisionProof>
			<IsExplosionProof>false</IsExplosionProof>
			<IsFireProof>false</IsFireProof>
			<IsMeleeProof>false</IsMeleeProof>
			<IsOnlyDamagedByPlayer>false</IsOnlyDamagedByPlayer>
			<PositionRotation>
				<X>2319.05298</X>
				<Y>2861.70117</Y>
				<Z>44.6568909</Z>
				<Pitch>-0.167816728</Pitch>
				<Roll>0.707949817</Roll>
				<Yaw>43.8854294</Yaw>
			</PositionRotation>
			<Attachment isAttached="true">
				<AttachedTo>702723</AttachedTo>
				<BoneIndex>0</BoneIndex>
				<X>-0.4985753</X>
				<Y>-2.01824808</Y>
				<Z>3.67788744</Z>
				<Pitch>0.429017037</Pitch>
				<Roll>-0.0732753426</Roll>
				<Yaw>-86.5455627</Yaw>
			</Attachment>
		</Attachment>
		<Attachment>
			<ModelHash>0x95f357db</ModelHash>
			<Type>3</Type>
			<Dynamic>false</Dynamic>
			<FrozenPos>true</FrozenPos>
			<HashName>prop_bodyarmour_03</HashName>
			<InitialHandle>686618</InitialHandle>
			<ObjectProperties>
				<TextureVariation>0</TextureVariation>
			</ObjectProperties>
			<OpacityLevel>255</OpacityLevel>
			<LodDistance>16960</LodDistance>
			<IsVisible>true</IsVisible>
			<MaxHealth>1000</MaxHealth>
			<Health>1000</Health>
			<HasGravity>true</HasGravity>
			<IsOnFire>false</IsOnFire>
			<IsInvincible>false</IsInvincible>
			<IsBulletProof>false</IsBulletProof>
			<IsCollisionProof>false</IsCollisionProof>
			<IsExplosionProof>false</IsExplosionProof>
			<IsFireProof>false</IsFireProof>
			<IsMeleeProof>false</IsMeleeProof>
			<IsOnlyDamagedByPlayer>false</IsOnlyDamagedByPlayer>
			<PositionRotation>
				<X>2322.1377</X>
				<Y>2865.61353</Y>
				<Z>41.5186272</Z>
				<Pitch>-0.324354917</Pitch>
				<Roll>0.558350563</Roll>
				<Yaw>31.2412395</Yaw>
			</PositionRotation>
			<Attachment isAttached="true">
				<AttachedTo>702723</AttachedTo>
				<BoneIndex>0</BoneIndex>
				<X>0.513607204</X>
				<Y>-6.94403505</Y>
				<Z>0.614474177</Z>
				<Pitch>0.429017037</Pitch>
				<Roll>-0.0732753426</Roll>
				<Yaw>260.809052</Yaw>
			</Attachment>
		</Attachment>
		<Attachment>
			<ModelHash>0x61d7f0a0</ModelHash>
			<Type>3</Type>
			<Dynamic>false</Dynamic>
			<FrozenPos>true</FrozenPos>
			<HashName>prop_bison_winch</HashName>
			<InitialHandle>248603</InitialHandle>
			<ObjectProperties>
				<TextureVariation>0</TextureVariation>
			</ObjectProperties>
			<OpacityLevel>255</OpacityLevel>
			<LodDistance>16960</LodDistance>
			<IsVisible>true</IsVisible>
			<MaxHealth>1000</MaxHealth>
			<Health>1000</Health>
			<HasGravity>true</HasGravity>
			<IsOnFire>false</IsOnFire>
			<IsInvincible>false</IsInvincible>
			<IsBulletProof>false</IsBulletProof>
			<IsCollisionProof>false</IsCollisionProof>
			<IsExplosionProof>false</IsExplosionProof>
			<IsFireProof>false</IsFireProof>
			<IsMeleeProof>false</IsMeleeProof>
			<IsOnlyDamagedByPlayer>false</IsOnlyDamagedByPlayer>
			<PositionRotation>
				<X>2313.66455</X>
				<Y>2857.79077</Y>
				<Z>40.8702927</Z>
				<Pitch>-0.288995743</Pitch>
				<Roll>-0.744824946</Roll>
				<Yaw>-51.8203506</Yaw>
			</PositionRotation>
			<Attachment isAttached="true">
				<AttachedTo>702723</AttachedTo>
				<BoneIndex>0</BoneIndex>
				<X>0.0627706796</X>
				<Y>4.56963825</Y>
				<Z>-0.188506529</Z>
				<Pitch>0.429017037</Pitch>
				<Roll>-0.0732753426</Roll>
				<Yaw>177.746063</Yaw>
			</Attachment>
		</Attachment>
		<Attachment>
			<ModelHash>0xae0f2f34</ModelHash>
			<Type>3</Type>
			<Dynamic>false</Dynamic>
			<FrozenPos>true</FrozenPos>
			<HashName>hei_prop_carrier_crate_01a_s</HashName>
			<InitialHandle>548379</InitialHandle>
			<ObjectProperties>
				<TextureVariation>0</TextureVariation>
			</ObjectProperties>
			<OpacityLevel>255</OpacityLevel>
			<LodDistance>16960</LodDistance>
			<IsVisible>true</IsVisible>
			<MaxHealth>1000</MaxHealth>
			<Health>1000</Health>
			<HasGravity>true</HasGravity>
			<IsOnFire>false</IsOnFire>
			<IsInvincible>false</IsInvincible>
			<IsBulletProof>false</IsBulletProof>
			<IsCollisionProof>false</IsCollisionProof>
			<IsExplosionProof>false</IsExplosionProof>
			<IsFireProof>false</IsFireProof>
			<IsMeleeProof>false</IsMeleeProof>
			<IsOnlyDamagedByPlayer>false</IsOnlyDamagedByPlayer>
			<PositionRotation>
				<X>2321.61084</X>
				<Y>2863.24829</Y>
				<Z>41.2071915</Z>
				<Pitch>1.07281542</Pitch>
				<Roll>-0.816335976</Roll>
				<Yaw>-139.638504</Yaw>
			</PositionRotation>
			<Attachment isAttached="true">
				<AttachedTo>702723</AttachedTo>
				<BoneIndex>0</BoneIndex>
				<X>-0.941290975</X>
				<Y>-5.01328516</Y>
				<Z>0.261600763</Z>
				<Pitch>0.429017037</Pitch>
				<Roll>-0.0732753426</Roll>
				<Yaw>89.9189606</Yaw>
			</Attachment>
		</Attachment>
		<Attachment>
			<ModelHash>0x2d820ae5</ModelHash>
			<Type>3</Type>
			<Dynamic>false</Dynamic>
			<FrozenPos>true</FrozenPos>
			<HashName>prop_v_15_cars_clock</HashName>
			<InitialHandle>710171</InitialHandle>
			<ObjectProperties>
				<TextureVariation>0</TextureVariation>
			</ObjectProperties>
			<OpacityLevel>255</OpacityLevel>
			<LodDistance>16960</LodDistance>
			<IsVisible>true</IsVisible>
			<MaxHealth>1000</MaxHealth>
			<Health>1000</Health>
			<HasGravity>true</HasGravity>
			<IsOnFire>false</IsOnFire>
			<IsInvincible>false</IsInvincible>
			<IsBulletProof>false</IsBulletProof>
			<IsCollisionProof>false</IsCollisionProof>
			<IsExplosionProof>false</IsExplosionProof>
			<IsFireProof>false</IsFireProof>
			<IsMeleeProof>false</IsMeleeProof>
			<IsOnlyDamagedByPlayer>false</IsOnlyDamagedByPlayer>
			<PositionRotation>
				<X>2318.35571</X>
				<Y>2860.06421</Y>
				<Z>42.8005104</Z>
				<Pitch>1.09716499</Pitch>
				<Roll>-0.794517815</Roll>
				<Yaw>-141.544113</Yaw>
			</PositionRotation>
			<Attachment isAttached="true">
				<AttachedTo>702723</AttachedTo>
				<BoneIndex>0</BoneIndex>
				<X>-1.2714231</X>
				<Y>-0.450113177</Y>
				<Z>1.79220128</Z>
				<Pitch>0.429017037</Pitch>
				<Roll>-0.0732753426</Roll>
				<Yaw>88.0135193</Yaw>
			</Attachment>
		</Attachment>
		<Attachment>
			<ModelHash>0xb87e6de1</ModelHash>
			<Type>3</Type>
			<Dynamic>false</Dynamic>
			<FrozenPos>true</FrozenPos>
			<HashName>prop_plas_barier_01a</HashName>
			<InitialHandle>639772</InitialHandle>
			<ObjectProperties>
				<TextureVariation>0</TextureVariation>
			</ObjectProperties>
			<OpacityLevel>255</OpacityLevel>
			<LodDistance>16960</LodDistance>
			<IsVisible>true</IsVisible>
			<MaxHealth>1000</MaxHealth>
			<Health>1000</Health>
			<HasGravity>true</HasGravity>
			<IsOnFire>false</IsOnFire>
			<IsInvincible>false</IsInvincible>
			<IsBulletProof>false</IsBulletProof>
			<IsCollisionProof>false</IsCollisionProof>
			<IsExplosionProof>false</IsExplosionProof>
			<IsFireProof>false</IsFireProof>
			<IsMeleeProof>false</IsMeleeProof>
			<IsOnlyDamagedByPlayer>false</IsOnlyDamagedByPlayer>
			<PositionRotation>
				<X>2321.40015</X>
				<Y>2862.47803</Y>
				<Z>40.1643906</Z>
				<Pitch>-0.201051846</Pitch>
				<Roll>0.681400537</Roll>
				<Yaw>41.4063148</Yaw>
			</PositionRotation>
			<Attachment isAttached="true">
				<AttachedTo>702723</AttachedTo>
				<BoneIndex>0</BoneIndex>
				<X>-1.37913477</X>
				<Y>-4.36693907</Y>
				<Z>-0.79465872</Z>
				<Pitch>0.429017037</Pitch>
				<Roll>-0.0732753426</Roll>
				<Yaw>-89.0249481</Yaw>
			</Attachment>
		</Attachment>
		<Attachment>
			<ModelHash>0xb87e6de1</ModelHash>
			<Type>3</Type>
			<Dynamic>false</Dynamic>
			<FrozenPos>true</FrozenPos>
			<HashName>prop_plas_barier_01a</HashName>
			<InitialHandle>763676</InitialHandle>
			<ObjectProperties>
				<TextureVariation>0</TextureVariation>
			</ObjectProperties>
			<OpacityLevel>255</OpacityLevel>
			<LodDistance>16960</LodDistance>
			<IsVisible>true</IsVisible>
			<MaxHealth>1000</MaxHealth>
			<Health>1000</Health>
			<HasGravity>true</HasGravity>
			<IsOnFire>false</IsOnFire>
			<IsInvincible>false</IsInvincible>
			<IsBulletProof>false</IsBulletProof>
			<IsCollisionProof>false</IsCollisionProof>
			<IsExplosionProof>false</IsExplosionProof>
			<IsFireProof>false</IsFireProof>
			<IsMeleeProof>false</IsMeleeProof>
			<IsOnlyDamagedByPlayer>false</IsOnlyDamagedByPlayer>
			<PositionRotation>
				<X>2322.65039</X>
				<Y>2863.55542</Y>
				<Z>40.1541252</Z>
				<Pitch>-0.201051846</Pitch>
				<Roll>0.681400537</Roll>
				<Yaw>41.4063148</Yaw>
			</PositionRotation>
			<Attachment isAttached="true">
				<AttachedTo>702723</AttachedTo>
				<BoneIndex>0</BoneIndex>
				<X>-1.36987913</X>
				<Y>-6.01725674</Y>
				<Z>-0.783394516</Z>
				<Pitch>0.429017037</Pitch>
				<Roll>-0.0732753426</Roll>
				<Yaw>-89.0249481</Yaw>
			</Attachment>
		</Attachment>
		<Attachment>
			<ModelHash>0xb87e6de1</ModelHash>
			<Type>3</Type>
			<Dynamic>false</Dynamic>
			<FrozenPos>true</FrozenPos>
			<HashName>prop_plas_barier_01a</HashName>
			<InitialHandle>60189</InitialHandle>
			<ObjectProperties>
				<TextureVariation>0</TextureVariation>
			</ObjectProperties>
			<OpacityLevel>255</OpacityLevel>
			<LodDistance>16960</LodDistance>
			<IsVisible>true</IsVisible>
			<MaxHealth>1000</MaxHealth>
			<Health>1000</Health>
			<HasGravity>true</HasGravity>
			<IsOnFire>false</IsOnFire>
			<IsInvincible>false</IsInvincible>
			<IsBulletProof>false</IsBulletProof>
			<IsCollisionProof>false</IsCollisionProof>
			<IsExplosionProof>false</IsExplosionProof>
			<IsFireProof>false</IsFireProof>
			<IsMeleeProof>false</IsMeleeProof>
			<IsOnlyDamagedByPlayer>false</IsOnlyDamagedByPlayer>
			<PositionRotation>
				<X>2320.60938</X>
				<Y>2865.41553</Y>
				<Z>40.1273766</Z>
				<Pitch>1.0687083</Pitch>
				<Roll>-0.825964868</Roll>
				<Yaw>-139.117599</Yaw>
			</PositionRotation>
			<Attachment isAttached="true">
				<AttachedTo>702723</AttachedTo>
				<BoneIndex>0</BoneIndex>
				<X>1.36972737</X>
				<Y>-5.67024803</Y>
				<Z>-0.783912182</Z>
				<Pitch>0.43169111</Pitch>
				<Roll>-0.0770821273</Roll>
				<Yaw>90.439827</Yaw>
			</Attachment>
		</Attachment>
		<Attachment>
			<ModelHash>0xb87e6de1</ModelHash>
			<Type>3</Type>
			<Dynamic>false</Dynamic>
			<FrozenPos>true</FrozenPos>
			<HashName>prop_plas_barier_01a</HashName>
			<InitialHandle>113180</InitialHandle>
			<ObjectProperties>
				<TextureVariation>0</TextureVariation>
			</ObjectProperties>
			<OpacityLevel>255</OpacityLevel>
			<LodDistance>16960</LodDistance>
			<IsVisible>true</IsVisible>
			<MaxHealth>1000</MaxHealth>
			<Health>1000</Health>
			<HasGravity>true</HasGravity>
			<IsOnFire>false</IsOnFire>
			<IsInvincible>false</IsInvincible>
			<IsBulletProof>false</IsBulletProof>
			<IsCollisionProof>false</IsCollisionProof>
			<IsExplosionProof>false</IsExplosionProof>
			<IsFireProof>false</IsFireProof>
			<IsMeleeProof>false</IsMeleeProof>
			<IsOnlyDamagedByPlayer>false</IsOnlyDamagedByPlayer>
			<PositionRotation>
				<X>2319.60498</X>
				<Y>2864.55957</Y>
				<Z>40.1679993</Z>
				<Pitch>1.06603456</Pitch>
				<Roll>-0.822157562</Roll>
				<Yaw>-139.11763</Yaw>
			</PositionRotation>
			<Attachment isAttached="true">
				<AttachedTo>702723</AttachedTo>
				<BoneIndex>0</BoneIndex>
				<X>1.36941731</X>
				<Y>-4.35022211</Y>
				<Z>-0.760428667</Z>
				<Pitch>0.429017037</Pitch>
				<Roll>-0.0732753426</Roll>
				<Yaw>90.4398346</Yaw>
			</Attachment>
		</Attachment>
	</SpoonerAttachments>
</Vehicle>
