<?xml version="1.0" encoding="ISO-8859-1"?>
<Vehicle menyoo_ver="0.9998744b">
	<ModelHash>0x809aa4cb</ModelHash>
	<InitialHandle>440376</InitialHandle>
	<VehicleProperties>
		<Colours>
			<Primary>12</Primary>
			<Secondary>12</Secondary>
			<Pearl>0</Pearl>
			<Rim>156</Rim>
			<Mod1_a>0</Mod1_a>
			<Mod1_b>1</Mod1_b>
			<Mod1_c>7602259</Mod1_c>
			<Mod2_a>7209057</Mod2_a>
			<Mod2_b>6357092</Mod2_b>
			<IsPrimaryColourCustom>false</IsPrimaryColourCustom>
			<IsSecondaryColourCustom>false</IsSecondaryColourCustom>
			<tyreSmoke_R>255</tyreSmoke_R>
			<tyreSmoke_G>255</tyreSmoke_G>
			<tyreSmoke_B>255</tyreSmoke_B>
			<LrInterior>0</LrInterior>
			<LrDashboard>0</LrDashboard>
		</Colours>
		<Livery>-1</Livery>
		<NumberPlateText>07VTF015</NumberPlateText>
		<NumberPlateIndex>0</NumberPlateIndex>
		<WheelType>0</WheelType>
		<WheelsInvisible>false</WheelsInvisible>
		<EngineSoundName></EngineSoundName>
		<WindowTint>-1</WindowTint>
		<BulletProofTyres>false</BulletProofTyres>
		<DirtLevel>14.9250822</DirtLevel>
		<PaintFade>1</PaintFade>
		<RoofState>0</RoofState>
		<SirenActive>false</SirenActive>
		<EngineOn>true</EngineOn>
		<EngineHealth>1000</EngineHealth>
		<LightsOn>false</LightsOn>
		<IsRadioLoud>0</IsRadioLoud>
		<LockStatus>1</LockStatus>
		<Neons>
			<Left>false</Left>
			<Right>false</Right>
			<Front>false</Front>
			<Back>false</Back>
			<R>255</R>
			<G>0</G>
			<B>255</B>
		</Neons>
		<ModExtras />
		<Mods>
			<_0>-1,0</_0>
			<_1>-1,0</_1>
			<_2>-1,0</_2>
			<_3>-1,0</_3>
			<_4>-1,0</_4>
			<_5>-1,0</_5>
			<_6>-1,0</_6>
			<_7>-1,0</_7>
			<_8>-1,0</_8>
			<_9>-1,0</_9>
			<_10>-1,0</_10>
			<_11>-1,0</_11>
			<_12>-1,0</_12>
			<_13>-1,0</_13>
			<_14>-1,0</_14>
			<_15>-1,0</_15>
			<_16>-1,0</_16>
			<_17>false</_17>
			<_18>false</_18>
			<_19>false</_19>
			<_20>false</_20>
			<_21>false</_21>
			<_22>false</_22>
			<_23>-1,0</_23>
			<_24>-1,0</_24>
			<_25>-1,0</_25>
			<_26>-1,0</_26>
			<_27>-1,0</_27>
			<_28>-1,0</_28>
			<_29>-1,0</_29>
			<_30>-1,0</_30>
			<_31>-1,0</_31>
			<_32>-1,0</_32>
			<_33>-1,0</_33>
			<_34>-1,0</_34>
			<_35>-1,0</_35>
			<_36>-1,0</_36>
			<_37>-1,0</_37>
			<_38>-1,0</_38>
			<_39>-1,0</_39>
			<_40>-1,0</_40>
			<_41>-1,0</_41>
			<_42>-1,0</_42>
			<_43>-1,0</_43>
			<_44>-1,0</_44>
			<_45>-1,0</_45>
			<_46>-1,0</_46>
			<_47>-1,0</_47>
			<_48>-1,0</_48>
		</Mods>
		<DoorsOpen>
			<BackLeftDoor>false</BackLeftDoor>
			<BackRightDoor>false</BackRightDoor>
			<FrontLeftDoor>false</FrontLeftDoor>
			<FrontRightDoor>false</FrontRightDoor>
			<Hood>false</Hood>
			<Trunk>false</Trunk>
			<Trunk2>false</Trunk2>
		</DoorsOpen>
		<DoorsBroken>
			<BackLeftDoor>false</BackLeftDoor>
			<BackRightDoor>false</BackRightDoor>
			<FrontLeftDoor>false</FrontLeftDoor>
			<FrontRightDoor>false</FrontRightDoor>
			<Hood>false</Hood>
			<Trunk>false</Trunk>
			<Trunk2>false</Trunk2>
		</DoorsBroken>
		<TyresBursted>
			<FrontLeft>false</FrontLeft>
			<FrontRight>false</FrontRight>
			<_2>false</_2>
			<_3>false</_3>
			<BackLeft>false</BackLeft>
			<BackRight>false</BackRight>
			<_6>false</_6>
			<_7>false</_7>
			<_8>false</_8>
		</TyresBursted>
		<RpmMultiplier>1</RpmMultiplier>
		<TorqueMultiplier>1</TorqueMultiplier>
		<HeadlightIntensity>1</HeadlightIntensity>
	</VehicleProperties>
	<OpacityLevel>255</OpacityLevel>
	<LodDistance>16960</LodDistance>
	<IsVisible>true</IsVisible>
	<IsDriverVisible>true</IsDriverVisible>
	<MaxHealth>1000</MaxHealth>
	<Health>1000</Health>
	<HasGravity>true</HasGravity>
	<IsOnFire>false</IsOnFire>
	<IsInvincible>false</IsInvincible>
	<IsBulletProof>false</IsBulletProof>
	<IsExplosionProof>false</IsExplosionProof>
	<IsFireProof>false</IsFireProof>
	<IsMeleeProof>false</IsMeleeProof>
	<IsOnlyDamagedByPlayer>false</IsOnlyDamagedByPlayer>
	<SpoonerAttachments SetAttachmentsPersistentAndAddToSpoonerDatabase="false" StartTaskSequencesOnLoad="true">
		<Attachment>
			<ModelHash>0xb7dd5fd1</ModelHash>
			<Type>3</Type>
			<Dynamic>false</Dynamic>
			<FrozenPos>true</FrozenPos>
			<HashName>p_rcss_folded</HashName>
			<InitialHandle>296761</InitialHandle>
			<ObjectProperties>
				<TextureVariation>0</TextureVariation>
			</ObjectProperties>
			<OpacityLevel>255</OpacityLevel>
			<LodDistance>16960</LodDistance>
			<IsVisible>true</IsVisible>
			<MaxHealth>1000</MaxHealth>
			<Health>1000</Health>
			<HasGravity>true</HasGravity>
			<IsOnFire>false</IsOnFire>
			<IsInvincible>false</IsInvincible>
			<IsBulletProof>false</IsBulletProof>
			<IsCollisionProof>false</IsCollisionProof>
			<IsExplosionProof>false</IsExplosionProof>
			<IsFireProof>false</IsFireProof>
			<IsMeleeProof>false</IsMeleeProof>
			<IsOnlyDamagedByPlayer>false</IsOnlyDamagedByPlayer>
			<PositionRotation>
				<X>-236.242798</X>
				<Y>-1422.45691</Y>
				<Z>32.4220123</Z>
				<Pitch>-0.599547327</Pitch>
				<Roll>0.173476383</Roll>
				<Yaw>-97.6886978</Yaw>
			</PositionRotation>
			<Attachment isAttached="true">
				<AttachedTo>440376</AttachedTo>
				<BoneIndex>0</BoneIndex>
				<X>-0.293655455</X>
				<Y>3.85256553</Y>
				<Z>1.00984478</Z>
				<Pitch>-0.410922736</Pitch>
				<Roll>0.426235229</Roll>
				<Yaw>-178.442184</Yaw>
			</Attachment>
		</Attachment>
		<Attachment>
			<ModelHash>0x68c79f57</ModelHash>
			<Type>3</Type>
			<Dynamic>false</Dynamic>
			<FrozenPos>true</FrozenPos>
			<HashName>prop_metal_plates02</HashName>
			<InitialHandle>297275</InitialHandle>
			<ObjectProperties>
				<TextureVariation>0</TextureVariation>
			</ObjectProperties>
			<OpacityLevel>255</OpacityLevel>
			<LodDistance>16960</LodDistance>
			<IsVisible>true</IsVisible>
			<MaxHealth>1000</MaxHealth>
			<Health>1000</Health>
			<HasGravity>true</HasGravity>
			<IsOnFire>false</IsOnFire>
			<IsInvincible>false</IsInvincible>
			<IsBulletProof>false</IsBulletProof>
			<IsCollisionProof>false</IsCollisionProof>
			<IsExplosionProof>false</IsExplosionProof>
			<IsFireProof>false</IsFireProof>
			<IsMeleeProof>false</IsMeleeProof>
			<IsOnlyDamagedByPlayer>false</IsOnlyDamagedByPlayer>
			<PositionRotation>
				<X>-229.144485</X>
				<Y>-1423.27258</Y>
				<Z>31.6426754</Z>
				<Pitch>-0.226906881</Pitch>
				<Roll>0.682358503</Roll>
				<Yaw>81.2752228</Yaw>
			</PositionRotation>
			<Attachment isAttached="true">
				<AttachedTo>440376</AttachedTo>
				<BoneIndex>0</BoneIndex>
				<X>0.0449503772</X>
				<Y>-3.28702354</Y>
				<Z>0.254658669</Z>
				<Pitch>-0.410922319</Pitch>
				<Roll>0.42623046</Roll>
				<Yaw>0.518096924</Yaw>
			</Attachment>
		</Attachment>
		<Attachment>
			<ModelHash>0x306e29b4</ModelHash>
			<Type>3</Type>
			<Dynamic>false</Dynamic>
			<FrozenPos>true</FrozenPos>
			<HashName>prop_ballistic_shield_lod1</HashName>
			<InitialHandle>200506</InitialHandle>
			<ObjectProperties>
				<TextureVariation>0</TextureVariation>
			</ObjectProperties>
			<OpacityLevel>255</OpacityLevel>
			<LodDistance>16960</LodDistance>
			<IsVisible>true</IsVisible>
			<MaxHealth>1000</MaxHealth>
			<Health>1000</Health>
			<HasGravity>true</HasGravity>
			<IsOnFire>false</IsOnFire>
			<IsInvincible>false</IsInvincible>
			<IsBulletProof>false</IsBulletProof>
			<IsCollisionProof>false</IsCollisionProof>
			<IsExplosionProof>false</IsExplosionProof>
			<IsFireProof>false</IsFireProof>
			<IsMeleeProof>false</IsMeleeProof>
			<IsOnlyDamagedByPlayer>false</IsOnlyDamagedByPlayer>
			<PositionRotation>
				<X>-235.112122</X>
				<Y>-1423.07458</Y>
				<Z>32.8677216</Z>
				<Pitch>-0.647228539</Pitch>
				<Roll>0.217365846</Roll>
				<Yaw>-85.8936234</Yaw>
			</PositionRotation>
			<Attachment isAttached="true">
				<AttachedTo>440376</AttachedTo>
				<BoneIndex>0</BoneIndex>
				<X>-0.723667443</X>
				<Y>2.63876939</Y>
				<Z>1.45747602</Z>
				<Pitch>-0.410922319</Pitch>
				<Roll>0.42623046</Roll>
				<Yaw>-166.647415</Yaw>
			</Attachment>
		</Attachment>
		<Attachment>
			<ModelHash>0x306e29b4</ModelHash>
			<Type>3</Type>
			<Dynamic>false</Dynamic>
			<FrozenPos>true</FrozenPos>
			<HashName>prop_ballistic_shield_lod1</HashName>
			<InitialHandle>86074</InitialHandle>
			<ObjectProperties>
				<TextureVariation>0</TextureVariation>
			</ObjectProperties>
			<OpacityLevel>255</OpacityLevel>
			<LodDistance>16960</LodDistance>
			<IsVisible>true</IsVisible>
			<MaxHealth>1000</MaxHealth>
			<Health>1000</Health>
			<HasGravity>true</HasGravity>
			<IsOnFire>false</IsOnFire>
			<IsInvincible>false</IsInvincible>
			<IsBulletProof>false</IsBulletProof>
			<IsCollisionProof>false</IsCollisionProof>
			<IsExplosionProof>false</IsExplosionProof>
			<IsFireProof>false</IsFireProof>
			<IsMeleeProof>false</IsMeleeProof>
			<IsOnlyDamagedByPlayer>false</IsOnlyDamagedByPlayer>
			<PositionRotation>
				<X>-235.125031</X>
				<Y>-1422.58606</Y>
				<Z>32.929985</Z>
				<Pitch>-0.62941134</Pitch>
				<Roll>0.198792234</Roll>
				<Yaw>-90.5708466</Yaw>
			</PositionRotation>
			<Attachment isAttached="true">
				<AttachedTo>440376</AttachedTo>
				<BoneIndex>0</BoneIndex>
				<X>-0.243889883</X>
				<Y>2.73018765</Y>
				<Z>1.52160656</Z>
				<Pitch>-0.410922319</Pitch>
				<Roll>0.42623046</Roll>
				<Yaw>-171.324493</Yaw>
			</Attachment>
		</Attachment>
		<Attachment>
			<ModelHash>0x306e29b4</ModelHash>
			<Type>3</Type>
			<Dynamic>false</Dynamic>
			<FrozenPos>true</FrozenPos>
			<HashName>prop_ballistic_shield_lod1</HashName>
			<InitialHandle>763195</InitialHandle>
			<ObjectProperties>
				<TextureVariation>0</TextureVariation>
			</ObjectProperties>
			<OpacityLevel>255</OpacityLevel>
			<LodDistance>16960</LodDistance>
			<IsVisible>true</IsVisible>
			<MaxHealth>1000</MaxHealth>
			<Health>1000</Health>
			<HasGravity>true</HasGravity>
			<IsOnFire>false</IsOnFire>
			<IsInvincible>false</IsInvincible>
			<IsBulletProof>false</IsBulletProof>
			<IsCollisionProof>false</IsCollisionProof>
			<IsExplosionProof>false</IsExplosionProof>
			<IsFireProof>false</IsFireProof>
			<IsMeleeProof>false</IsMeleeProof>
			<IsOnlyDamagedByPlayer>false</IsOnlyDamagedByPlayer>
			<PositionRotation>
				<X>-235.069382</X>
				<Y>-1422.13318</Y>
				<Z>33.0098953</Z>
				<Pitch>-0.561924994</Pitch>
				<Roll>0.149345919</Roll>
				<Yaw>-105.815155</Yaw>
			</PositionRotation>
			<Attachment isAttached="true">
				<AttachedTo>440376</AttachedTo>
				<BoneIndex>0</BoneIndex>
				<X>0.211727768</X>
				<Y>2.74827623</Y>
				<Z>1.60351062</Z>
				<Pitch>-0.410922319</Pitch>
				<Roll>0.42623046</Roll>
				<Yaw>-186.568512</Yaw>
			</Attachment>
		</Attachment>
		<Attachment>
			<ModelHash>0x306e29b4</ModelHash>
			<Type>3</Type>
			<Dynamic>false</Dynamic>
			<FrozenPos>true</FrozenPos>
			<HashName>prop_ballistic_shield_lod1</HashName>
			<InitialHandle>76091</InitialHandle>
			<ObjectProperties>
				<TextureVariation>0</TextureVariation>
			</ObjectProperties>
			<OpacityLevel>255</OpacityLevel>
			<LodDistance>16960</LodDistance>
			<IsVisible>true</IsVisible>
			<MaxHealth>1000</MaxHealth>
			<Health>1000</Health>
			<HasGravity>true</HasGravity>
			<IsOnFire>false</IsOnFire>
			<IsInvincible>false</IsInvincible>
			<IsBulletProof>false</IsBulletProof>
			<IsCollisionProof>false</IsCollisionProof>
			<IsExplosionProof>false</IsExplosionProof>
			<IsFireProof>false</IsFireProof>
			<IsMeleeProof>false</IsMeleeProof>
			<IsOnlyDamagedByPlayer>false</IsOnlyDamagedByPlayer>
			<PositionRotation>
				<X>-234.88623</X>
				<Y>-1421.62439</Y>
				<Z>32.955761</Z>
				<Pitch>-0.496731728</Pitch>
				<Roll>0.122744307</Roll>
				<Yaw>-118.633987</Yaw>
			</PositionRotation>
			<Attachment isAttached="true">
				<AttachedTo>440376</AttachedTo>
				<BoneIndex>0</BoneIndex>
				<X>0.743524015</X>
				<Y>2.64906144</Y>
				<Z>1.55208385</Z>
				<Pitch>-0.410922319</Pitch>
				<Roll>0.42623046</Roll>
				<Yaw>-199.387299</Yaw>
			</Attachment>
		</Attachment>
		<Attachment>
			<ModelHash>0x2edd9003</ModelHash>
			<Type>3</Type>
			<Dynamic>false</Dynamic>
			<FrozenPos>true</FrozenPos>
			<HashName>prop_jerrycan_01a</HashName>
			<InitialHandle>135741</InitialHandle>
			<ObjectProperties>
				<TextureVariation>0</TextureVariation>
			</ObjectProperties>
			<OpacityLevel>255</OpacityLevel>
			<LodDistance>16960</LodDistance>
			<IsVisible>true</IsVisible>
			<MaxHealth>1000</MaxHealth>
			<Health>1000</Health>
			<HasGravity>true</HasGravity>
			<IsOnFire>false</IsOnFire>
			<IsInvincible>false</IsInvincible>
			<IsBulletProof>false</IsBulletProof>
			<IsCollisionProof>false</IsCollisionProof>
			<IsExplosionProof>false</IsExplosionProof>
			<IsFireProof>false</IsFireProof>
			<IsMeleeProof>false</IsMeleeProof>
			<IsOnlyDamagedByPlayer>false</IsOnlyDamagedByPlayer>
			<PositionRotation>
				<X>-231.754761</X>
				<Y>-1422.01807</Y>
				<Z>32.0303726</Z>
				<Pitch>-0.593676209</Pitch>
				<Roll>0.683266044</Roll>
				<Yaw>10.1658421</Yaw>
			</PositionRotation>
			<Attachment isAttached="true">
				<AttachedTo>440376</AttachedTo>
				<BoneIndex>0</BoneIndex>
				<X>0.862107456</X>
				<Y>-0.507909298</Y>
				<Z>0.63722688</Z>
				<Pitch>-0.410922319</Pitch>
				<Roll>0.42623046</Roll>
				<Yaw>-70.5921173</Yaw>
			</Attachment>
		</Attachment>
		<Attachment>
			<ModelHash>0x2edd9003</ModelHash>
			<Type>3</Type>
			<Dynamic>false</Dynamic>
			<FrozenPos>true</FrozenPos>
			<HashName>prop_jerrycan_01a</HashName>
			<InitialHandle>244284</InitialHandle>
			<ObjectProperties>
				<TextureVariation>0</TextureVariation>
			</ObjectProperties>
			<OpacityLevel>255</OpacityLevel>
			<LodDistance>16960</LodDistance>
			<IsVisible>true</IsVisible>
			<MaxHealth>1000</MaxHealth>
			<Health>1000</Health>
			<HasGravity>true</HasGravity>
			<IsOnFire>false</IsOnFire>
			<IsInvincible>false</IsInvincible>
			<IsBulletProof>false</IsBulletProof>
			<IsCollisionProof>false</IsCollisionProof>
			<IsExplosionProof>false</IsExplosionProof>
			<IsFireProof>false</IsFireProof>
			<IsMeleeProof>false</IsMeleeProof>
			<IsOnlyDamagedByPlayer>false</IsOnlyDamagedByPlayer>
			<PositionRotation>
				<X>-231.709045</X>
				<Y>-1422.27332</Y>
				<Z>32.0336266</Z>
				<Pitch>-0.593676329</Pitch>
				<Roll>0.683265984</Roll>
				<Yaw>10.165822</Yaw>
			</PositionRotation>
			<Attachment isAttached="true">
				<AttachedTo>440376</AttachedTo>
				<BoneIndex>0</BoneIndex>
				<X>0.617587805</X>
				<Y>-0.593999028</Y>
				<Z>0.639653862</Z>
				<Pitch>-0.410922319</Pitch>
				<Roll>0.42623046</Roll>
				<Yaw>-70.5921326</Yaw>
			</Attachment>
		</Attachment>
		<Attachment>
			<ModelHash>0x07e253d2</ModelHash>
			<Type>3</Type>
			<Dynamic>false</Dynamic>
			<FrozenPos>true</FrozenPos>
			<HashName>prop_gun_frame</HashName>
			<InitialHandle>286783</InitialHandle>
			<ObjectProperties>
				<TextureVariation>0</TextureVariation>
			</ObjectProperties>
			<OpacityLevel>255</OpacityLevel>
			<LodDistance>16960</LodDistance>
			<IsVisible>true</IsVisible>
			<MaxHealth>1000</MaxHealth>
			<Health>1000</Health>
			<HasGravity>true</HasGravity>
			<IsOnFire>false</IsOnFire>
			<IsInvincible>false</IsInvincible>
			<IsBulletProof>false</IsBulletProof>
			<IsCollisionProof>false</IsCollisionProof>
			<IsExplosionProof>false</IsExplosionProof>
			<IsFireProof>false</IsFireProof>
			<IsMeleeProof>false</IsMeleeProof>
			<IsOnlyDamagedByPlayer>false</IsOnlyDamagedByPlayer>
			<PositionRotation>
				<X>-230.539307</X>
				<Y>-1422.74756</Y>
				<Z>32.6171875</Z>
				<Pitch>-0.609943449</Pitch>
				<Roll>1.43096972</Roll>
				<Yaw>-4.99328375</Yaw>
			</PositionRotation>
			<Attachment isAttached="true">
				<AttachedTo>440376</AttachedTo>
				<BoneIndex>0</BoneIndex>
				<X>0.334680736</X>
				<Y>-1.82290006</Y>
				<Z>1.22584808</Z>
				<Pitch>-0.366337419</Pitch>
				<Roll>1.23066938</Roll>
				<Yaw>-85.7507019</Yaw>
			</Attachment>
		</Attachment>
		<Attachment>
			<ModelHash>0xea9af105</ModelHash>
			<Type>3</Type>
			<Dynamic>false</Dynamic>
			<FrozenPos>true</FrozenPos>
			<HashName>prop_tool_sawhorse</HashName>
			<InitialHandle>765757</InitialHandle>
			<ObjectProperties>
				<TextureVariation>0</TextureVariation>
			</ObjectProperties>
			<OpacityLevel>255</OpacityLevel>
			<LodDistance>16960</LodDistance>
			<IsVisible>true</IsVisible>
			<MaxHealth>1000</MaxHealth>
			<Health>1000</Health>
			<HasGravity>true</HasGravity>
			<IsOnFire>false</IsOnFire>
			<IsInvincible>false</IsInvincible>
			<IsBulletProof>false</IsBulletProof>
			<IsCollisionProof>false</IsCollisionProof>
			<IsExplosionProof>false</IsExplosionProof>
			<IsFireProof>false</IsFireProof>
			<IsMeleeProof>false</IsMeleeProof>
			<IsOnlyDamagedByPlayer>false</IsOnlyDamagedByPlayer>
			<PositionRotation>
				<X>-236.702255</X>
				<Y>-1421.40625</Y>
				<Z>30.6525211</Z>
				<Pitch>89.2755661</Pitch>
				<Roll>-59.1615257</Roll>
				<Yaw>-40.682003</Yaw>
			</PositionRotation>
			<Attachment isAttached="true">
				<AttachedTo>440376</AttachedTo>
				<BoneIndex>0</BoneIndex>
				<X>0.677492023</X>
				<Y>4.46924114</Y>
				<Z>-0.757260323</Z>
				<Pitch>89.5890808</Pitch>
				<Roll>-62.029583</Roll>
				<Yaw>-118.569786</Yaw>
			</Attachment>
		</Attachment>
		<Attachment>
			<ModelHash>0xea9af105</ModelHash>
			<Type>3</Type>
			<Dynamic>false</Dynamic>
			<FrozenPos>true</FrozenPos>
			<HashName>prop_tool_sawhorse</HashName>
			<InitialHandle>576</InitialHandle>
			<ObjectProperties>
				<TextureVariation>0</TextureVariation>
			</ObjectProperties>
			<OpacityLevel>255</OpacityLevel>
			<LodDistance>16960</LodDistance>
			<IsVisible>true</IsVisible>
			<MaxHealth>1000</MaxHealth>
			<Health>1000</Health>
			<HasGravity>true</HasGravity>
			<IsOnFire>false</IsOnFire>
			<IsInvincible>false</IsInvincible>
			<IsBulletProof>false</IsBulletProof>
			<IsCollisionProof>false</IsCollisionProof>
			<IsExplosionProof>false</IsExplosionProof>
			<IsFireProof>false</IsFireProof>
			<IsMeleeProof>false</IsMeleeProof>
			<IsOnlyDamagedByPlayer>false</IsOnlyDamagedByPlayer>
			<PositionRotation>
				<X>-236.919556</X>
				<Y>-1422.7417</Y>
				<Z>30.6819305</Z>
				<Pitch>89.2752914</Pitch>
				<Roll>-53.9642601</Roll>
				<Yaw>-40.6823196</Yaw>
			</PositionRotation>
			<Attachment isAttached="true">
				<AttachedTo>440376</AttachedTo>
				<BoneIndex>0</BoneIndex>
				<X>-0.675666928</X>
				<Y>4.46926451</Y>
				<Z>-0.733937204</Z>
				<Pitch>89.5890808</Pitch>
				<Roll>-56.832634</Roll>
				<Yaw>-118.569786</Yaw>
			</Attachment>
		</Attachment>
		<Attachment>
			<ModelHash>0x040c3a75</ModelHash>
			<Type>3</Type>
			<Dynamic>false</Dynamic>
			<FrozenPos>true</FrozenPos>
			<HashName>prop_cs4_10_tr_gd_01</HashName>
			<InitialHandle>228163</InitialHandle>
			<ObjectProperties>
				<TextureVariation>0</TextureVariation>
			</ObjectProperties>
			<OpacityLevel>255</OpacityLevel>
			<LodDistance>16960</LodDistance>
			<IsVisible>true</IsVisible>
			<MaxHealth>1000</MaxHealth>
			<Health>1000</Health>
			<HasGravity>true</HasGravity>
			<IsOnFire>false</IsOnFire>
			<IsInvincible>false</IsInvincible>
			<IsBulletProof>false</IsBulletProof>
			<IsCollisionProof>false</IsCollisionProof>
			<IsExplosionProof>false</IsExplosionProof>
			<IsFireProof>false</IsFireProof>
			<IsMeleeProof>false</IsMeleeProof>
			<IsOnlyDamagedByPlayer>false</IsOnlyDamagedByPlayer>
			<PositionRotation>
				<X>-230.558701</X>
				<Y>-1422.64832</Y>
				<Z>34.3741989</Z>
				<Pitch>-87.5322418</Pitch>
				<Roll>-4.0585289</Roll>
				<Yaw>168.810257</Yaw>
			</PositionRotation>
			<Attachment isAttached="true">
				<AttachedTo>440376</AttachedTo>
				<BoneIndex>0</BoneIndex>
				<X>0.42166701</X>
				<Y>-1.78222823</Y>
				<Z>2.98314738</Z>
				<Pitch>-92.2109222</Pitch>
				<Roll>180.426224</Roll>
				<Yaw>-87.4644165</Yaw>
			</Attachment>
		</Attachment>
		<Attachment>
			<ModelHash>0x040c3a75</ModelHash>
			<Type>3</Type>
			<Dynamic>false</Dynamic>
			<FrozenPos>true</FrozenPos>
			<HashName>prop_cs4_10_tr_gd_01</HashName>
			<InitialHandle>273473</InitialHandle>
			<ObjectProperties>
				<TextureVariation>0</TextureVariation>
			</ObjectProperties>
			<OpacityLevel>255</OpacityLevel>
			<LodDistance>16960</LodDistance>
			<IsVisible>true</IsVisible>
			<MaxHealth>1000</MaxHealth>
			<Health>1000</Health>
			<HasGravity>true</HasGravity>
			<IsOnFire>false</IsOnFire>
			<IsInvincible>false</IsInvincible>
			<IsBulletProof>false</IsBulletProof>
			<IsCollisionProof>false</IsCollisionProof>
			<IsExplosionProof>false</IsExplosionProof>
			<IsFireProof>false</IsFireProof>
			<IsMeleeProof>false</IsMeleeProof>
			<IsOnlyDamagedByPlayer>false</IsOnlyDamagedByPlayer>
			<PositionRotation>
				<X>-230.637833</X>
				<Y>-1423.37036</Y>
				<Z>34.4687386</Z>
				<Pitch>-89.8011856</Pitch>
				<Roll>101.195038</Roll>
				<Yaw>94.5030136</Yaw>
			</PositionRotation>
			<Attachment isAttached="true">
				<AttachedTo>440376</AttachedTo>
				<BoneIndex>0</BoneIndex>
				<X>-0.304148018</X>
				<Y>-1.81982827</Y>
				<Z>3.07454157</Z>
				<Pitch>-90.2109299</Pitch>
				<Roll>-179.573761</Roll>
				<Yaw>-267.021149</Yaw>
			</Attachment>
		</Attachment>
		<Attachment>
			<ModelHash>0x040c3a75</ModelHash>
			<Type>3</Type>
			<Dynamic>false</Dynamic>
			<FrozenPos>true</FrozenPos>
			<HashName>prop_cs4_10_tr_gd_01</HashName>
			<InitialHandle>266306</InitialHandle>
			<ObjectProperties>
				<TextureVariation>0</TextureVariation>
			</ObjectProperties>
			<OpacityLevel>255</OpacityLevel>
			<LodDistance>16960</LodDistance>
			<IsVisible>true</IsVisible>
			<MaxHealth>1000</MaxHealth>
			<Health>1000</Health>
			<HasGravity>true</HasGravity>
			<IsOnFire>false</IsOnFire>
			<IsInvincible>false</IsInvincible>
			<IsBulletProof>false</IsBulletProof>
			<IsCollisionProof>false</IsCollisionProof>
			<IsExplosionProof>false</IsExplosionProof>
			<IsFireProof>false</IsFireProof>
			<IsMeleeProof>false</IsMeleeProof>
			<IsOnlyDamagedByPlayer>false</IsOnlyDamagedByPlayer>
			<PositionRotation>
				<X>-228.240082</X>
				<Y>-1423.76196</Y>
				<Z>34.3793221</Z>
				<Pitch>88.0321732</Pitch>
				<Roll>174.897354</Roll>
				<Yaw>178.052383</Yaw>
			</PositionRotation>
			<Attachment isAttached="true">
				<AttachedTo>440376</AttachedTo>
				<BoneIndex>0</BoneIndex>
				<X>-0.305019468</X>
				<Y>-4.24960518</Y>
				<Z>2.99282503</Z>
				<Pitch>87.7890854</Pitch>
				<Roll>-179.573776</Roll>
				<Yaw>-268.228516</Yaw>
			</Attachment>
		</Attachment>
		<Attachment>
			<ModelHash>0x040c3a75</ModelHash>
			<Type>3</Type>
			<Dynamic>false</Dynamic>
			<FrozenPos>true</FrozenPos>
			<HashName>prop_cs4_10_tr_gd_01</HashName>
			<InitialHandle>668227</InitialHandle>
			<ObjectProperties>
				<TextureVariation>0</TextureVariation>
			</ObjectProperties>
			<OpacityLevel>255</OpacityLevel>
			<LodDistance>16960</LodDistance>
			<IsVisible>true</IsVisible>
			<MaxHealth>1000</MaxHealth>
			<Health>1000</Health>
			<HasGravity>true</HasGravity>
			<IsOnFire>false</IsOnFire>
			<IsInvincible>false</IsInvincible>
			<IsBulletProof>false</IsBulletProof>
			<IsCollisionProof>false</IsCollisionProof>
			<IsExplosionProof>false</IsExplosionProof>
			<IsFireProof>false</IsFireProof>
			<IsMeleeProof>false</IsMeleeProof>
			<IsOnlyDamagedByPlayer>false</IsOnlyDamagedByPlayer>
			<PositionRotation>
				<X>-228.015533</X>
				<Y>-1422.995</Y>
				<Z>34.3838577</Z>
				<Pitch>-87.5269318</Pitch>
				<Roll>-3.87186718</Roll>
				<Yaw>167.264435</Yaw>
			</PositionRotation>
			<Attachment isAttached="true">
				<AttachedTo>440376</AttachedTo>
				<BoneIndex>0</BoneIndex>
				<X>0.487943232</X>
				<Y>-4.34802485</Y>
				<Z>3.00124002</Z>
				<Pitch>-92.2109299</Pitch>
				<Roll>180.426224</Roll>
				<Yaw>-89.1967468</Yaw>
			</Attachment>
		</Attachment>
		<Attachment>
			<ModelHash>0x040c3a75</ModelHash>
			<Type>3</Type>
			<Dynamic>false</Dynamic>
			<FrozenPos>true</FrozenPos>
			<HashName>prop_cs4_10_tr_gd_01</HashName>
			<InitialHandle>371011</InitialHandle>
			<ObjectProperties>
				<TextureVariation>0</TextureVariation>
			</ObjectProperties>
			<OpacityLevel>255</OpacityLevel>
			<LodDistance>16960</LodDistance>
			<IsVisible>true</IsVisible>
			<MaxHealth>1000</MaxHealth>
			<Health>1000</Health>
			<HasGravity>true</HasGravity>
			<IsOnFire>false</IsOnFire>
			<IsInvincible>false</IsInvincible>
			<IsBulletProof>false</IsBulletProof>
			<IsCollisionProof>false</IsCollisionProof>
			<IsExplosionProof>false</IsExplosionProof>
			<IsFireProof>false</IsFireProof>
			<IsMeleeProof>false</IsMeleeProof>
			<IsOnlyDamagedByPlayer>false</IsOnlyDamagedByPlayer>
			<PositionRotation>
				<X>-226.020996</X>
				<Y>-1423.73047</Y>
				<Z>33.202301</Z>
				<Pitch>-0.224445984</Pitch>
				<Roll>0.680572152</Roll>
				<Yaw>81.8276596</Yaw>
			</PositionRotation>
			<Attachment isAttached="true">
				<AttachedTo>440376</AttachedTo>
				<BoneIndex>0</BoneIndex>
				<X>0.0877166688</X>
				<Y>-6.43854189</Y>
				<Z>1.8244952</Z>
				<Pitch>-0.410922319</Pitch>
				<Roll>0.42623046</Roll>
				<Yaw>1.07054901</Yaw>
			</Attachment>
		</Attachment>
		<Attachment>
			<ModelHash>0x040c3a75</ModelHash>
			<Type>3</Type>
			<Dynamic>false</Dynamic>
			<FrozenPos>true</FrozenPos>
			<HashName>prop_cs4_10_tr_gd_01</HashName>
			<InitialHandle>476228</InitialHandle>
			<ObjectProperties>
				<TextureVariation>0</TextureVariation>
			</ObjectProperties>
			<OpacityLevel>255</OpacityLevel>
			<LodDistance>16960</LodDistance>
			<IsVisible>true</IsVisible>
			<MaxHealth>1000</MaxHealth>
			<Health>1000</Health>
			<HasGravity>true</HasGravity>
			<IsOnFire>false</IsOnFire>
			<IsInvincible>false</IsInvincible>
			<IsBulletProof>false</IsBulletProof>
			<IsCollisionProof>false</IsCollisionProof>
			<IsExplosionProof>false</IsExplosionProof>
			<IsFireProof>false</IsFireProof>
			<IsMeleeProof>false</IsMeleeProof>
			<IsOnlyDamagedByPlayer>false</IsOnlyDamagedByPlayer>
			<PositionRotation>
				<X>-226.308517</X>
				<Y>-1423.29236</Y>
				<Z>34.2963104</Z>
				<Pitch>-88.9640961</Pitch>
				<Roll>-61.9012642</Roll>
				<Yaw>20.4922218</Yaw>
			</PositionRotation>
			<Attachment isAttached="true">
				<AttachedTo>440376</AttachedTo>
				<BoneIndex>0</BoneIndex>
				<X>0.469109029</X>
				<Y>-6.08089399</Y>
				<Z>2.91910434</Z>
				<Pitch>-88.7959671</Pitch>
				<Roll>-75.6246185</Roll>
				<Yaw>-73.9842529</Yaw>
			</Attachment>
		</Attachment>
		<Attachment>
			<ModelHash>0x040c3a75</ModelHash>
			<Type>3</Type>
			<Dynamic>false</Dynamic>
			<FrozenPos>true</FrozenPos>
			<HashName>prop_cs4_10_tr_gd_01</HashName>
			<InitialHandle>48198</InitialHandle>
			<ObjectProperties>
				<TextureVariation>0</TextureVariation>
			</ObjectProperties>
			<OpacityLevel>255</OpacityLevel>
			<LodDistance>16960</LodDistance>
			<IsVisible>true</IsVisible>
			<MaxHealth>1000</MaxHealth>
			<Health>1000</Health>
			<HasGravity>true</HasGravity>
			<IsOnFire>false</IsOnFire>
			<IsInvincible>false</IsInvincible>
			<IsBulletProof>false</IsBulletProof>
			<IsCollisionProof>false</IsCollisionProof>
			<IsExplosionProof>false</IsExplosionProof>
			<IsFireProof>false</IsFireProof>
			<IsMeleeProof>false</IsMeleeProof>
			<IsOnlyDamagedByPlayer>false</IsOnlyDamagedByPlayer>
			<PositionRotation>
				<X>-226.341995</X>
				<Y>-1423.63647</Y>
				<Z>34.3004913</Z>
				<Pitch>-89.2752914</Pitch>
				<Roll>-121.953827</Roll>
				<Yaw>139.316666</Yaw>
			</PositionRotation>
			<Attachment isAttached="true">
				<AttachedTo>440376</AttachedTo>
				<BoneIndex>0</BoneIndex>
				<X>0.123978354</X>
				<Y>-6.10313082</Y>
				<Z>2.92180061</Z>
				<Pitch>-90.4109192</Pitch>
				<Roll>60.9155312</Roll>
				<Yaw>-118.569786</Yaw>
			</Attachment>
		</Attachment>
		<Attachment>
			<ModelHash>0x7da33acb</ModelHash>
			<Type>3</Type>
			<Dynamic>false</Dynamic>
			<FrozenPos>true</FrozenPos>
			<HashName>prop_box_ammo03a_set2</HashName>
			<InitialHandle>473156</InitialHandle>
			<ObjectProperties>
				<TextureVariation>0</TextureVariation>
			</ObjectProperties>
			<OpacityLevel>255</OpacityLevel>
			<LodDistance>16960</LodDistance>
			<IsVisible>true</IsVisible>
			<MaxHealth>1000</MaxHealth>
			<Health>1000</Health>
			<HasGravity>true</HasGravity>
			<IsOnFire>false</IsOnFire>
			<IsInvincible>false</IsInvincible>
			<IsBulletProof>false</IsBulletProof>
			<IsCollisionProof>false</IsCollisionProof>
			<IsExplosionProof>false</IsExplosionProof>
			<IsFireProof>false</IsFireProof>
			<IsMeleeProof>false</IsMeleeProof>
			<IsOnlyDamagedByPlayer>false</IsOnlyDamagedByPlayer>
			<PositionRotation>
				<X>-226.856796</X>
				<Y>-1423.52332</Y>
				<Z>32.4919128</Z>
				<Pitch>-0.669758856</Pitch>
				<Roll>0.606418669</Roll>
				<Yaw>-9.57795048</Yaw>
			</PositionRotation>
			<Attachment isAttached="true">
				<AttachedTo>440376</AttachedTo>
				<BoneIndex>0</BoneIndex>
				<X>0.16112417</X>
				<Y>-5.58258486</Y>
				<Z>1.11171353</Z>
				<Pitch>-0.410922319</Pitch>
				<Roll>0.42623046</Roll>
				<Yaw>-90.3353577</Yaw>
			</Attachment>
		</Attachment>
		<Attachment>
			<ModelHash>0x7da33acb</ModelHash>
			<Type>3</Type>
			<Dynamic>false</Dynamic>
			<FrozenPos>true</FrozenPos>
			<HashName>prop_box_ammo03a_set2</HashName>
			<InitialHandle>140616</InitialHandle>
			<ObjectProperties>
				<TextureVariation>0</TextureVariation>
			</ObjectProperties>
			<OpacityLevel>255</OpacityLevel>
			<LodDistance>16960</LodDistance>
			<IsVisible>true</IsVisible>
			<MaxHealth>1000</MaxHealth>
			<Health>1000</Health>
			<HasGravity>true</HasGravity>
			<IsOnFire>false</IsOnFire>
			<IsInvincible>false</IsInvincible>
			<IsBulletProof>false</IsBulletProof>
			<IsCollisionProof>false</IsCollisionProof>
			<IsExplosionProof>false</IsExplosionProof>
			<IsFireProof>false</IsFireProof>
			<IsMeleeProof>false</IsMeleeProof>
			<IsOnlyDamagedByPlayer>false</IsOnlyDamagedByPlayer>
			<PositionRotation>
				<X>-226.860519</X>
				<Y>-1423.5238</Y>
				<Z>33.379982</Z>
				<Pitch>-0.669758976</Pitch>
				<Roll>0.606418371</Roll>
				<Yaw>-9.57800579</Yaw>
			</PositionRotation>
			<Attachment isAttached="true">
				<AttachedTo>440376</AttachedTo>
				<BoneIndex>0</BoneIndex>
				<X>0.156083375</X>
				<Y>-5.57616329</Y>
				<Z>1.999753</Z>
				<Pitch>-0.410922319</Pitch>
				<Roll>0.42623046</Roll>
				<Yaw>-90.3354111</Yaw>
			</Attachment>
		</Attachment>
		<Attachment>
			<ModelHash>0xd6a8e9bd</ModelHash>
			<Type>3</Type>
			<Dynamic>false</Dynamic>
			<FrozenPos>true</FrozenPos>
			<HashName>hei_prop_hei_ammo_pile</HashName>
			<InitialHandle>27720</InitialHandle>
			<ObjectProperties>
				<TextureVariation>0</TextureVariation>
			</ObjectProperties>
			<OpacityLevel>255</OpacityLevel>
			<LodDistance>16960</LodDistance>
			<IsVisible>true</IsVisible>
			<MaxHealth>1000</MaxHealth>
			<Health>1000</Health>
			<HasGravity>true</HasGravity>
			<IsOnFire>false</IsOnFire>
			<IsInvincible>false</IsInvincible>
			<IsBulletProof>false</IsBulletProof>
			<IsCollisionProof>false</IsCollisionProof>
			<IsExplosionProof>false</IsExplosionProof>
			<IsFireProof>false</IsFireProof>
			<IsMeleeProof>false</IsMeleeProof>
			<IsOnlyDamagedByPlayer>false</IsOnlyDamagedByPlayer>
			<PositionRotation>
				<X>-227.783157</X>
				<Y>-1423.73022</Y>
				<Z>32.2386246</Z>
				<Pitch>-0.58521533</Pitch>
				<Roll>0.163383543</Roll>
				<Yaw>-100.873215</Yaw>
			</PositionRotation>
			<Attachment isAttached="true">
				<AttachedTo>440376</AttachedTo>
				<BoneIndex>0</BoneIndex>
				<X>-0.190659881</X>
				<Y>-4.70228052</Y>
				<Z>0.854043543</Z>
				<Pitch>-0.410922319</Pitch>
				<Roll>0.42623046</Roll>
				<Yaw>-181.626648</Yaw>
			</Attachment>
		</Attachment>
		<Attachment>
			<ModelHash>0xd6a8e9bd</ModelHash>
			<Type>3</Type>
			<Dynamic>false</Dynamic>
			<FrozenPos>true</FrozenPos>
			<HashName>hei_prop_hei_ammo_pile</HashName>
			<InitialHandle>424517</InitialHandle>
			<ObjectProperties>
				<TextureVariation>0</TextureVariation>
			</ObjectProperties>
			<OpacityLevel>255</OpacityLevel>
			<LodDistance>16960</LodDistance>
			<IsVisible>true</IsVisible>
			<MaxHealth>1000</MaxHealth>
			<Health>1000</Health>
			<HasGravity>true</HasGravity>
			<IsOnFire>false</IsOnFire>
			<IsInvincible>false</IsInvincible>
			<IsBulletProof>false</IsBulletProof>
			<IsCollisionProof>false</IsCollisionProof>
			<IsExplosionProof>false</IsExplosionProof>
			<IsFireProof>false</IsFireProof>
			<IsMeleeProof>false</IsMeleeProof>
			<IsOnlyDamagedByPlayer>false</IsOnlyDamagedByPlayer>
			<PositionRotation>
				<X>-227.896774</X>
				<Y>-1423.70447</Y>
				<Z>32.9948387</Z>
				<Pitch>-0.584419966</Pitch>
				<Roll>0.16285798</Roll>
				<Yaw>-101.046387</Yaw>
			</PositionRotation>
			<Attachment isAttached="true">
				<AttachedTo>440376</AttachedTo>
				<BoneIndex>0</BoneIndex>
				<X>-0.186890393</X>
				<Y>-4.58360863</Y>
				<Z>1.6099112</Z>
				<Pitch>-0.410922319</Pitch>
				<Roll>0.42623046</Roll>
				<Yaw>-181.79982</Yaw>
			</Attachment>
		</Attachment>
		<Attachment>
			<ModelHash>0xfcbd0d4e</ModelHash>
			<Type>3</Type>
			<Dynamic>false</Dynamic>
			<FrozenPos>true</FrozenPos>
			<HashName>v_ret_247shelves01</HashName>
			<InitialHandle>37962</InitialHandle>
			<ObjectProperties>
				<TextureVariation>0</TextureVariation>
			</ObjectProperties>
			<OpacityLevel>255</OpacityLevel>
			<LodDistance>16960</LodDistance>
			<IsVisible>true</IsVisible>
			<MaxHealth>1000</MaxHealth>
			<Health>1000</Health>
			<HasGravity>true</HasGravity>
			<IsOnFire>false</IsOnFire>
			<IsInvincible>false</IsInvincible>
			<IsBulletProof>false</IsBulletProof>
			<IsCollisionProof>false</IsCollisionProof>
			<IsExplosionProof>false</IsExplosionProof>
			<IsFireProof>false</IsFireProof>
			<IsMeleeProof>false</IsMeleeProof>
			<IsOnlyDamagedByPlayer>false</IsOnlyDamagedByPlayer>
			<PositionRotation>
				<X>-229.353622</X>
				<Y>-1424.63574</Y>
				<Z>32.7819481</Z>
				<Pitch>-0.592159867</Pitch>
				<Roll>0.168123201</Roll>
				<Yaw>-99.3456573</Yaw>
			</PositionRotation>
			<Attachment isAttached="true">
				<AttachedTo>440376</AttachedTo>
				<BoneIndex>0</BoneIndex>
				<X>-1.33920062</X>
				<Y>-3.29598236</Y>
				<Z>1.38775122</Z>
				<Pitch>-0.410922319</Pitch>
				<Roll>0.42623046</Roll>
				<Yaw>-180.099106</Yaw>
			</Attachment>
		</Attachment>
		<Attachment>
			<ModelHash>0xe0495463</ModelHash>
			<Type>3</Type>
			<Dynamic>false</Dynamic>
			<FrozenPos>true</FrozenPos>
			<HashName>v_ret_247shelves03</HashName>
			<InitialHandle>744009</InitialHandle>
			<ObjectProperties>
				<TextureVariation>0</TextureVariation>
			</ObjectProperties>
			<OpacityLevel>255</OpacityLevel>
			<LodDistance>16960</LodDistance>
			<IsVisible>true</IsVisible>
			<MaxHealth>1000</MaxHealth>
			<Health>1000</Health>
			<HasGravity>true</HasGravity>
			<IsOnFire>false</IsOnFire>
			<IsInvincible>false</IsInvincible>
			<IsBulletProof>false</IsBulletProof>
			<IsCollisionProof>false</IsCollisionProof>
			<IsExplosionProof>false</IsExplosionProof>
			<IsFireProof>false</IsFireProof>
			<IsMeleeProof>false</IsMeleeProof>
			<IsOnlyDamagedByPlayer>false</IsOnlyDamagedByPlayer>
			<PositionRotation>
				<X>-231.323975</X>
				<Y>-1424.18005</Y>
				<Z>32.7721596</Z>
				<Pitch>-0.155623212</Pitch>
				<Roll>0.241069704</Roll>
				<Yaw>171.530258</Yaw>
			</PositionRotation>
			<Attachment isAttached="true">
				<AttachedTo>440376</AttachedTo>
				<BoneIndex>0</BoneIndex>
				<X>-1.20591938</X>
				<Y>-1.27806556</Y>
				<Z>1.37216067</Z>
				<Pitch>-0.410922319</Pitch>
				<Roll>0.42623046</Roll>
				<Yaw>-269.224518</Yaw>
			</Attachment>
		</Attachment>
		<Attachment>
			<ModelHash>0xf2df798f</ModelHash>
			<Type>3</Type>
			<Dynamic>false</Dynamic>
			<FrozenPos>true</FrozenPos>
			<HashName>v_ret_247shelves02</HashName>
			<InitialHandle>370760</InitialHandle>
			<ObjectProperties>
				<TextureVariation>0</TextureVariation>
			</ObjectProperties>
			<OpacityLevel>255</OpacityLevel>
			<LodDistance>16960</LodDistance>
			<IsVisible>true</IsVisible>
			<MaxHealth>1000</MaxHealth>
			<Health>1000</Health>
			<HasGravity>true</HasGravity>
			<IsOnFire>false</IsOnFire>
			<IsInvincible>false</IsInvincible>
			<IsBulletProof>false</IsBulletProof>
			<IsCollisionProof>false</IsCollisionProof>
			<IsExplosionProof>false</IsExplosionProof>
			<IsFireProof>false</IsFireProof>
			<IsMeleeProof>false</IsMeleeProof>
			<IsOnlyDamagedByPlayer>false</IsOnlyDamagedByPlayer>
			<PositionRotation>
				<X>-227.285187</X>
				<Y>-1424.90942</Y>
				<Z>32.7896843</Z>
				<Pitch>-0.595663905</Pitch>
				<Roll>0.170619652</Roll>
				<Yaw>-98.5639954</Yaw>
			</PositionRotation>
			<Attachment isAttached="true">
				<AttachedTo>440376</AttachedTo>
				<BoneIndex>0</BoneIndex>
				<X>-1.27702487</X>
				<Y>-5.38148165</Y>
				<Z>1.40237999</Z>
				<Pitch>-0.410922319</Pitch>
				<Roll>0.42623046</Roll>
				<Yaw>-179.317459</Yaw>
			</Attachment>
		</Attachment>
		<Attachment>
			<ModelHash>0xa006d3b4</ModelHash>
			<Type>3</Type>
			<Dynamic>false</Dynamic>
			<FrozenPos>true</FrozenPos>
			<HashName>prop_fire_exting_2a</HashName>
			<InitialHandle>69951</InitialHandle>
			<ObjectProperties>
				<TextureVariation>0</TextureVariation>
			</ObjectProperties>
			<OpacityLevel>255</OpacityLevel>
			<LodDistance>16960</LodDistance>
			<IsVisible>true</IsVisible>
			<MaxHealth>1000</MaxHealth>
			<Health>1000</Health>
			<HasGravity>true</HasGravity>
			<IsOnFire>false</IsOnFire>
			<IsInvincible>false</IsInvincible>
			<IsBulletProof>false</IsBulletProof>
			<IsCollisionProof>false</IsCollisionProof>
			<IsExplosionProof>false</IsExplosionProof>
			<IsFireProof>false</IsFireProof>
			<IsMeleeProof>false</IsMeleeProof>
			<IsOnlyDamagedByPlayer>false</IsOnlyDamagedByPlayer>
			<PositionRotation>
				<X>-232.08374</X>
				<Y>-1423.34973</Y>
				<Z>32.5830383</Z>
				<Pitch>1.32854354</Pitch>
				<Roll>-1.13214254</Roll>
				<Yaw>85.3682327</Yaw>
			</PositionRotation>
			<Attachment isAttached="true">
				<AttachedTo>440376</AttachedTo>
				<BoneIndex>0</BoneIndex>
				<X>-0.507588804</X>
				<Y>-0.395384729</Y>
				<Z>1.18337941</Z>
				<Pitch>1.12670231</Pitch>
				<Roll>-1.3745234</Roll>
				<Yaw>4.61772156</Yaw>
			</Attachment>
		</Attachment>
		<Attachment>
			<ModelHash>0x0119735d</ModelHash>
			<Type>3</Type>
			<Dynamic>false</Dynamic>
			<FrozenPos>true</FrozenPos>
			<HashName>prop_barrachneon</HashName>
			<InitialHandle>263495</InitialHandle>
			<ObjectProperties>
				<TextureVariation>0</TextureVariation>
			</ObjectProperties>
			<OpacityLevel>255</OpacityLevel>
			<LodDistance>16960</LodDistance>
			<IsVisible>true</IsVisible>
			<MaxHealth>1000</MaxHealth>
			<Health>1000</Health>
			<HasGravity>true</HasGravity>
			<IsOnFire>false</IsOnFire>
			<IsInvincible>false</IsInvincible>
			<IsBulletProof>false</IsBulletProof>
			<IsCollisionProof>false</IsCollisionProof>
			<IsExplosionProof>false</IsExplosionProof>
			<IsFireProof>false</IsFireProof>
			<IsMeleeProof>false</IsMeleeProof>
			<IsOnlyDamagedByPlayer>false</IsOnlyDamagedByPlayer>
			<PositionRotation>
				<X>-226.010239</X>
				<Y>-1423.91418</Y>
				<Z>33.409359</Z>
				<Pitch>-0.233517587</Pitch>
				<Roll>0.686981022</Roll>
				<Yaw>79.8097153</Yaw>
			</PositionRotation>
			<Attachment isAttached="true">
				<AttachedTo>440376</AttachedTo>
				<BoneIndex>0</BoneIndex>
				<X>-0.0927487835</X>
				<Y>-6.47800684</Y>
				<Z>2.0308702</Z>
				<Pitch>-0.410922319</Pitch>
				<Roll>0.42623046</Roll>
				<Yaw>-0.94745636</Yaw>
			</Attachment>
		</Attachment>
		<Attachment>
			<ModelHash>0x6adc3709</ModelHash>
			<Type>3</Type>
			<Dynamic>false</Dynamic>
			<FrozenPos>true</FrozenPos>
			<HashName>prop_kino_light_02</HashName>
			<InitialHandle>599371</InitialHandle>
			<ObjectProperties>
				<TextureVariation>0</TextureVariation>
			</ObjectProperties>
			<OpacityLevel>255</OpacityLevel>
			<LodDistance>16960</LodDistance>
			<IsVisible>true</IsVisible>
			<MaxHealth>1000</MaxHealth>
			<Health>1000</Health>
			<HasGravity>true</HasGravity>
			<IsOnFire>false</IsOnFire>
			<IsInvincible>false</IsInvincible>
			<IsBulletProof>false</IsBulletProof>
			<IsCollisionProof>false</IsCollisionProof>
			<IsExplosionProof>false</IsExplosionProof>
			<IsFireProof>false</IsFireProof>
			<IsMeleeProof>false</IsMeleeProof>
			<IsOnlyDamagedByPlayer>false</IsOnlyDamagedByPlayer>
			<PositionRotation>
				<X>-231.185013</X>
				<Y>-1423.505</Y>
				<Z>33.0090485</Z>
				<Pitch>-0.227653235</Pitch>
				<Roll>0.682893038</Roll>
				<Yaw>81.1084213</Yaw>
			</PositionRotation>
			<Attachment isAttached="true">
				<AttachedTo>440376</AttachedTo>
				<BoneIndex>0</BoneIndex>
				<X>-0.518368602</X>
				<Y>-1.30601978</Y>
				<Z>1.61223555</Z>
				<Pitch>-0.410922319</Pitch>
				<Roll>0.42623046</Roll>
				<Yaw>0.351287842</Yaw>
			</Attachment>
		</Attachment>
		<Attachment>
			<ModelHash>0x13a6747a</ModelHash>
			<Type>3</Type>
			<Dynamic>false</Dynamic>
			<FrozenPos>true</FrozenPos>
			<HashName>prop_breadbin_01</HashName>
			<InitialHandle>335182</InitialHandle>
			<ObjectProperties>
				<TextureVariation>0</TextureVariation>
			</ObjectProperties>
			<OpacityLevel>255</OpacityLevel>
			<LodDistance>16960</LodDistance>
			<IsVisible>true</IsVisible>
			<MaxHealth>1000</MaxHealth>
			<Health>1000</Health>
			<HasGravity>true</HasGravity>
			<IsOnFire>false</IsOnFire>
			<IsInvincible>false</IsInvincible>
			<IsBulletProof>false</IsBulletProof>
			<IsCollisionProof>false</IsCollisionProof>
			<IsExplosionProof>false</IsExplosionProof>
			<IsFireProof>false</IsFireProof>
			<IsMeleeProof>false</IsMeleeProof>
			<IsOnlyDamagedByPlayer>false</IsOnlyDamagedByPlayer>
			<PositionRotation>
				<X>-231.096573</X>
				<Y>-1421.85339</Y>
				<Z>32.1852112</Z>
				<Pitch>-0.411305428</Pitch>
				<Roll>0.741612911</Roll>
				<Yaw>45.5102806</Yaw>
			</PositionRotation>
			<Attachment isAttached="true">
				<AttachedTo>440376</AttachedTo>
				<BoneIndex>0</BoneIndex>
				<X>1.12976539</X>
				<Y>-1.13058138</Y>
				<Z>0.795244753</Z>
				<Pitch>-0.410922319</Pitch>
				<Roll>0.42623046</Roll>
				<Yaw>-35.2476883</Yaw>
			</Attachment>
		</Attachment>
		<Attachment>
			<ModelHash>0x2351f1b1</ModelHash>
			<Type>3</Type>
			<Dynamic>false</Dynamic>
			<FrozenPos>true</FrozenPos>
			<HashName>prop_display_unit_02</HashName>
			<InitialHandle>358478</InitialHandle>
			<ObjectProperties>
				<TextureVariation>0</TextureVariation>
			</ObjectProperties>
			<OpacityLevel>255</OpacityLevel>
			<LodDistance>16960</LodDistance>
			<IsVisible>true</IsVisible>
			<MaxHealth>1000</MaxHealth>
			<Health>1000</Health>
			<HasGravity>true</HasGravity>
			<IsOnFire>false</IsOnFire>
			<IsInvincible>false</IsInvincible>
			<IsBulletProof>false</IsBulletProof>
			<IsCollisionProof>false</IsCollisionProof>
			<IsExplosionProof>false</IsExplosionProof>
			<IsFireProof>false</IsFireProof>
			<IsMeleeProof>false</IsMeleeProof>
			<IsOnlyDamagedByPlayer>false</IsOnlyDamagedByPlayer>
			<PositionRotation>
				<X>-228.20195</X>
				<Y>-1422.5575</Y>
				<Z>32.5292435</Z>
				<Pitch>-0.172306955</Pitch>
				<Roll>0.220014453</Roll>
				<Yaw>176.412109</Yaw>
			</PositionRotation>
			<Attachment isAttached="true">
				<AttachedTo>440376</AttachedTo>
				<BoneIndex>0</BoneIndex>
				<X>0.898142219</X>
				<Y>-4.09962463</Y>
				<Z>1.14765644</Z>
				<Pitch>-0.410922319</Pitch>
				<Roll>0.42623046</Roll>
				<Yaw>-264.342529</Yaw>
			</Attachment>
		</Attachment>
		<Attachment>
			<ModelHash>0xa4045ef5</ModelHash>
			<Type>3</Type>
			<Dynamic>false</Dynamic>
			<FrozenPos>true</FrozenPos>
			<HashName>prop_rub_scrap_05</HashName>
			<InitialHandle>721487</InitialHandle>
			<ObjectProperties>
				<TextureVariation>0</TextureVariation>
			</ObjectProperties>
			<OpacityLevel>255</OpacityLevel>
			<LodDistance>16960</LodDistance>
			<IsVisible>true</IsVisible>
			<MaxHealth>1000</MaxHealth>
			<Health>1000</Health>
			<HasGravity>true</HasGravity>
			<IsOnFire>false</IsOnFire>
			<IsInvincible>false</IsInvincible>
			<IsBulletProof>false</IsBulletProof>
			<IsCollisionProof>false</IsCollisionProof>
			<IsExplosionProof>false</IsExplosionProof>
			<IsFireProof>false</IsFireProof>
			<IsMeleeProof>false</IsMeleeProof>
			<IsOnlyDamagedByPlayer>false</IsOnlyDamagedByPlayer>
			<PositionRotation>
				<X>-226.837677</X>
				<Y>-1422.06348</Y>
				<Z>33.3946877</Z>
				<Pitch>-0.144738048</Pitch>
				<Roll>0.25709191</Roll>
				<Yaw>168.010712</Yaw>
			</PositionRotation>
			<Attachment isAttached="true">
				<AttachedTo>440376</AttachedTo>
				<BoneIndex>0</BoneIndex>
				<X>1.60099041</X>
				<Y>-5.36407232</Y>
				<Z>2.02028728</Z>
				<Pitch>-0.410922319</Pitch>
				<Roll>0.42623046</Roll>
				<Yaw>-272.744141</Yaw>
			</Attachment>
		</Attachment>
		<Attachment>
			<ModelHash>0xa4045ef5</ModelHash>
			<Type>3</Type>
			<Dynamic>false</Dynamic>
			<FrozenPos>true</FrozenPos>
			<HashName>prop_rub_scrap_05</HashName>
			<InitialHandle>216400</InitialHandle>
			<ObjectProperties>
				<TextureVariation>0</TextureVariation>
			</ObjectProperties>
			<OpacityLevel>255</OpacityLevel>
			<LodDistance>16960</LodDistance>
			<IsVisible>true</IsVisible>
			<MaxHealth>1000</MaxHealth>
			<Health>1000</Health>
			<HasGravity>true</HasGravity>
			<IsOnFire>false</IsOnFire>
			<IsInvincible>false</IsInvincible>
			<IsBulletProof>false</IsBulletProof>
			<IsCollisionProof>false</IsCollisionProof>
			<IsExplosionProof>false</IsExplosionProof>
			<IsFireProof>false</IsFireProof>
			<IsMeleeProof>false</IsMeleeProof>
			<IsOnlyDamagedByPlayer>false</IsOnlyDamagedByPlayer>
			<PositionRotation>
				<X>-230.622131</X>
				<Y>-1421.47864</Y>
				<Z>33.3794785</Z>
				<Pitch>-0.154332578</Pitch>
				<Roll>0.242862597</Roll>
				<Yaw>171.128922</Yaw>
			</PositionRotation>
			<Attachment isAttached="true">
				<AttachedTo>440376</AttachedTo>
				<BoneIndex>0</BoneIndex>
				<X>1.57047212</X>
				<Y>-1.53485906</Y>
				<Z>1.99279439</Z>
				<Pitch>-0.410922319</Pitch>
				<Roll>0.42623046</Roll>
				<Yaw>-269.625885</Yaw>
			</Attachment>
		</Attachment>
		<Attachment>
			<ModelHash>0xa4045ef5</ModelHash>
			<Type>3</Type>
			<Dynamic>false</Dynamic>
			<FrozenPos>true</FrozenPos>
			<HashName>prop_rub_scrap_05</HashName>
			<InitialHandle>151376</InitialHandle>
			<ObjectProperties>
				<TextureVariation>0</TextureVariation>
			</ObjectProperties>
			<OpacityLevel>255</OpacityLevel>
			<LodDistance>16960</LodDistance>
			<IsVisible>true</IsVisible>
			<MaxHealth>1000</MaxHealth>
			<Health>1000</Health>
			<HasGravity>true</HasGravity>
			<IsOnFire>false</IsOnFire>
			<IsInvincible>false</IsInvincible>
			<IsBulletProof>false</IsBulletProof>
			<IsCollisionProof>false</IsCollisionProof>
			<IsExplosionProof>false</IsExplosionProof>
			<IsFireProof>false</IsFireProof>
			<IsMeleeProof>false</IsMeleeProof>
			<IsOnlyDamagedByPlayer>false</IsOnlyDamagedByPlayer>
			<PositionRotation>
				<X>-227.341919</X>
				<Y>-1421.85681</Y>
				<Z>33.5156364</Z>
				<Pitch>-0.154332578</Pitch>
				<Roll>0.242862597</Roll>
				<Yaw>171.128922</Yaw>
			</PositionRotation>
			<Attachment isAttached="true">
				<AttachedTo>440376</AttachedTo>
				<BoneIndex>0</BoneIndex>
				<X>1.72350168</X>
				<Y>-4.83278084</Y>
				<Z>2.14010262</Z>
				<Pitch>-0.410922319</Pitch>
				<Roll>0.42623046</Roll>
				<Yaw>-269.625885</Yaw>
			</Attachment>
		</Attachment>
		<Attachment>
			<ModelHash>0xa4045ef5</ModelHash>
			<Type>3</Type>
			<Dynamic>false</Dynamic>
			<FrozenPos>true</FrozenPos>
			<HashName>prop_rub_scrap_05</HashName>
			<InitialHandle>169298</InitialHandle>
			<ObjectProperties>
				<TextureVariation>0</TextureVariation>
			</ObjectProperties>
			<OpacityLevel>255</OpacityLevel>
			<LodDistance>16960</LodDistance>
			<IsVisible>true</IsVisible>
			<MaxHealth>1000</MaxHealth>
			<Health>1000</Health>
			<HasGravity>true</HasGravity>
			<IsOnFire>false</IsOnFire>
			<IsInvincible>false</IsInvincible>
			<IsBulletProof>false</IsBulletProof>
			<IsCollisionProof>false</IsCollisionProof>
			<IsExplosionProof>false</IsExplosionProof>
			<IsFireProof>false</IsFireProof>
			<IsMeleeProof>false</IsMeleeProof>
			<IsOnlyDamagedByPlayer>false</IsOnlyDamagedByPlayer>
			<PositionRotation>
				<X>-227.17598</X>
				<Y>-1425.04236</Y>
				<Z>33.3807907</Z>
				<Pitch>-0.64522177</Pitch>
				<Roll>1.44269836</Roll>
				<Yaw>-8.45118141</Yaw>
			</PositionRotation>
			<Attachment isAttached="true">
				<AttachedTo>440376</AttachedTo>
				<BoneIndex>0</BoneIndex>
				<X>-1.39344978</X>
				<Y>-5.50876665</Y>
				<Z>1.99337435</Z>
				<Pitch>-0.389978468</Pitch>
				<Roll>1.25745547</Roll>
				<Yaw>-89.2085648</Yaw>
			</Attachment>
		</Attachment>
		<Attachment>
			<ModelHash>0xa4045ef5</ModelHash>
			<Type>3</Type>
			<Dynamic>false</Dynamic>
			<FrozenPos>true</FrozenPos>
			<HashName>prop_rub_scrap_05</HashName>
			<InitialHandle>713809</InitialHandle>
			<ObjectProperties>
				<TextureVariation>0</TextureVariation>
			</ObjectProperties>
			<OpacityLevel>255</OpacityLevel>
			<LodDistance>16960</LodDistance>
			<IsVisible>true</IsVisible>
			<MaxHealth>1000</MaxHealth>
			<Health>1000</Health>
			<HasGravity>true</HasGravity>
			<IsOnFire>false</IsOnFire>
			<IsInvincible>false</IsInvincible>
			<IsBulletProof>false</IsBulletProof>
			<IsCollisionProof>false</IsCollisionProof>
			<IsExplosionProof>false</IsExplosionProof>
			<IsFireProof>false</IsFireProof>
			<IsMeleeProof>false</IsMeleeProof>
			<IsOnlyDamagedByPlayer>false</IsOnlyDamagedByPlayer>
			<PositionRotation>
				<X>-229.133209</X>
				<Y>-1424.74207</Y>
				<Z>33.3625984</Z>
				<Pitch>-0.666165054</Pitch>
				<Roll>0.611474752</Roll>
				<Yaw>-8.45096779</Yaw>
			</PositionRotation>
			<Attachment isAttached="true">
				<AttachedTo>440376</AttachedTo>
				<BoneIndex>0</BoneIndex>
				<X>-1.41136646</X>
				<Y>-3.52877355</Y>
				<Z>1.96882331</Z>
				<Pitch>-0.410922319</Pitch>
				<Roll>0.42623046</Roll>
				<Yaw>-89.2084198</Yaw>
			</Attachment>
		</Attachment>
		<Attachment>
			<ModelHash>0xa4045ef5</ModelHash>
			<Type>3</Type>
			<Dynamic>false</Dynamic>
			<FrozenPos>true</FrozenPos>
			<HashName>prop_rub_scrap_05</HashName>
			<InitialHandle>51281</InitialHandle>
			<ObjectProperties>
				<TextureVariation>0</TextureVariation>
			</ObjectProperties>
			<OpacityLevel>255</OpacityLevel>
			<LodDistance>16960</LodDistance>
			<IsVisible>true</IsVisible>
			<MaxHealth>1000</MaxHealth>
			<Health>1000</Health>
			<HasGravity>true</HasGravity>
			<IsOnFire>false</IsOnFire>
			<IsInvincible>false</IsInvincible>
			<IsBulletProof>false</IsBulletProof>
			<IsCollisionProof>false</IsCollisionProof>
			<IsExplosionProof>false</IsExplosionProof>
			<IsFireProof>false</IsFireProof>
			<IsMeleeProof>false</IsMeleeProof>
			<IsOnlyDamagedByPlayer>false</IsOnlyDamagedByPlayer>
			<PositionRotation>
				<X>-230.315948</X>
				<Y>-1424.57898</Y>
				<Z>33.3423767</Z>
				<Pitch>-0.652764738</Pitch>
				<Roll>0.427885622</Roll>
				<Yaw>-8.42811775</Yaw>
			</PositionRotation>
			<Attachment isAttached="true">
				<AttachedTo>440376</AttachedTo>
				<BoneIndex>0</BoneIndex>
				<X>-1.44027591</X>
				<Y>-2.33526039</Y>
				<Z>1.94468558</Z>
				<Pitch>-0.397596061</Pitch>
				<Roll>0.242539793</Roll>
				<Yaw>-89.1855316</Yaw>
			</Attachment>
		</Attachment>
		<Attachment>
			<ModelHash>0xa4045ef5</ModelHash>
			<Type>3</Type>
			<Dynamic>false</Dynamic>
			<FrozenPos>true</FrozenPos>
			<HashName>prop_rub_scrap_05</HashName>
			<InitialHandle>676683</InitialHandle>
			<ObjectProperties>
				<TextureVariation>0</TextureVariation>
			</ObjectProperties>
			<OpacityLevel>255</OpacityLevel>
			<LodDistance>16960</LodDistance>
			<IsVisible>true</IsVisible>
			<MaxHealth>1000</MaxHealth>
			<Health>1000</Health>
			<HasGravity>true</HasGravity>
			<IsOnFire>false</IsOnFire>
			<IsInvincible>false</IsInvincible>
			<IsBulletProof>false</IsBulletProof>
			<IsCollisionProof>false</IsCollisionProof>
			<IsExplosionProof>false</IsExplosionProof>
			<IsFireProof>false</IsFireProof>
			<IsMeleeProof>false</IsMeleeProof>
			<IsOnlyDamagedByPlayer>false</IsOnlyDamagedByPlayer>
			<PositionRotation>
				<X>-232.087143</X>
				<Y>-1424.40991</Y>
				<Z>33.4650536</Z>
				<Pitch>-0.666165054</Pitch>
				<Roll>0.611474752</Roll>
				<Yaw>-8.45096779</Yaw>
			</PositionRotation>
			<Attachment isAttached="true">
				<AttachedTo>440376</AttachedTo>
				<BoneIndex>0</BoneIndex>
				<X>-1.55849338</X>
				<Y>-0.559533656</Y>
				<Z>2.061203</Z>
				<Pitch>-0.410922319</Pitch>
				<Roll>0.42623046</Roll>
				<Yaw>-89.2084198</Yaw>
			</Attachment>
		</Attachment>
		<Attachment>
			<ModelHash>0xa4045ef5</ModelHash>
			<Type>3</Type>
			<Dynamic>false</Dynamic>
			<FrozenPos>true</FrozenPos>
			<HashName>prop_rub_scrap_05</HashName>
			<InitialHandle>477776</InitialHandle>
			<ObjectProperties>
				<TextureVariation>0</TextureVariation>
			</ObjectProperties>
			<OpacityLevel>255</OpacityLevel>
			<LodDistance>16960</LodDistance>
			<IsVisible>true</IsVisible>
			<MaxHealth>1000</MaxHealth>
			<Health>1000</Health>
			<HasGravity>true</HasGravity>
			<IsOnFire>false</IsOnFire>
			<IsInvincible>false</IsInvincible>
			<IsBulletProof>false</IsBulletProof>
			<IsCollisionProof>false</IsCollisionProof>
			<IsExplosionProof>false</IsExplosionProof>
			<IsFireProof>false</IsFireProof>
			<IsMeleeProof>false</IsMeleeProof>
			<IsOnlyDamagedByPlayer>false</IsOnlyDamagedByPlayer>
			<PositionRotation>
				<X>-232.29158</X>
				<Y>-1422.17188</Y>
				<Z>33.0764809</Z>
				<Pitch>-0.594251692</Pitch>
				<Roll>0.169604808</Roll>
				<Yaw>-98.8799515</Yaw>
			</PositionRotation>
			<Attachment isAttached="true">
				<AttachedTo>440376</AttachedTo>
				<BoneIndex>0</BoneIndex>
				<X>0.619340062</X>
				<Y>0.000541133806</Y>
				<Z>1.68064439</Z>
				<Pitch>-0.410922319</Pitch>
				<Roll>0.42623046</Roll>
				<Yaw>-179.633423</Yaw>
			</Attachment>
		</Attachment>
		<Attachment>
			<ModelHash>0xa4045ef5</ModelHash>
			<Type>3</Type>
			<Dynamic>false</Dynamic>
			<FrozenPos>true</FrozenPos>
			<HashName>prop_rub_scrap_05</HashName>
			<InitialHandle>742993</InitialHandle>
			<ObjectProperties>
				<TextureVariation>0</TextureVariation>
			</ObjectProperties>
			<OpacityLevel>255</OpacityLevel>
			<LodDistance>16960</LodDistance>
			<IsVisible>true</IsVisible>
			<MaxHealth>1000</MaxHealth>
			<Health>1000</Health>
			<HasGravity>true</HasGravity>
			<IsOnFire>false</IsOnFire>
			<IsInvincible>false</IsInvincible>
			<IsBulletProof>false</IsBulletProof>
			<IsCollisionProof>false</IsCollisionProof>
			<IsExplosionProof>false</IsExplosionProof>
			<IsFireProof>false</IsFireProof>
			<IsMeleeProof>false</IsMeleeProof>
			<IsOnlyDamagedByPlayer>false</IsOnlyDamagedByPlayer>
			<PositionRotation>
				<X>-232.543457</X>
				<Y>-1423.13452</Y>
				<Z>33.0968781</Z>
				<Pitch>-0.594251692</Pitch>
				<Roll>0.169604808</Roll>
				<Yaw>-98.8799515</Yaw>
			</PositionRotation>
			<Attachment isAttached="true">
				<AttachedTo>440376</AttachedTo>
				<BoneIndex>0</BoneIndex>
				<X>-0.371312737</X>
				<Y>0.0945641622</Y>
				<Z>1.69628954</Z>
				<Pitch>-0.410922319</Pitch>
				<Roll>0.42623046</Roll>
				<Yaw>-179.633423</Yaw>
			</Attachment>
		</Attachment>
		<Attachment>
			<ModelHash>0x4085a501</ModelHash>
			<Type>3</Type>
			<Dynamic>false</Dynamic>
			<FrozenPos>true</FrozenPos>
			<HashName>apa_mp_h_acc_dec_head_01</HashName>
			<InitialHandle>656475</InitialHandle>
			<ObjectProperties>
				<TextureVariation>0</TextureVariation>
			</ObjectProperties>
			<OpacityLevel>255</OpacityLevel>
			<LodDistance>16960</LodDistance>
			<IsVisible>true</IsVisible>
			<MaxHealth>1000</MaxHealth>
			<Health>1000</Health>
			<HasGravity>true</HasGravity>
			<IsOnFire>false</IsOnFire>
			<IsInvincible>false</IsInvincible>
			<IsBulletProof>false</IsBulletProof>
			<IsCollisionProof>false</IsCollisionProof>
			<IsExplosionProof>false</IsExplosionProof>
			<IsFireProof>false</IsFireProof>
			<IsMeleeProof>false</IsMeleeProof>
			<IsOnlyDamagedByPlayer>false</IsOnlyDamagedByPlayer>
			<PositionRotation>
				<X>-236.959702</X>
				<Y>-1422.03796</Y>
				<Z>32.1424904</Z>
				<Pitch>-0.599895</Pitch>
				<Roll>0.173731789</Roll>
				<Yaw>-97.6097565</Yaw>
			</PositionRotation>
			<Attachment isAttached="true">
				<AttachedTo>440376</AttachedTo>
				<BoneIndex>0</BoneIndex>
				<X>0.00589059945</X>
				<Y>4.62657547</Y>
				<Z>0.729211688</Z>
				<Pitch>-0.410922319</Pitch>
				<Roll>0.42623046</Roll>
				<Yaw>-178.363251</Yaw>
			</Attachment>
		</Attachment>
		<Attachment>
			<ModelHash>0x099388b6</ModelHash>
			<Type>3</Type>
			<Dynamic>false</Dynamic>
			<FrozenPos>true</FrozenPos>
			<HashName>prop_worklight_02a</HashName>
			<InitialHandle>139613</InitialHandle>
			<ObjectProperties>
				<TextureVariation>0</TextureVariation>
			</ObjectProperties>
			<OpacityLevel>255</OpacityLevel>
			<LodDistance>16960</LodDistance>
			<IsVisible>true</IsVisible>
			<MaxHealth>1000</MaxHealth>
			<Health>1000</Health>
			<HasGravity>true</HasGravity>
			<IsOnFire>false</IsOnFire>
			<IsInvincible>false</IsInvincible>
			<IsBulletProof>false</IsBulletProof>
			<IsCollisionProof>false</IsCollisionProof>
			<IsExplosionProof>false</IsExplosionProof>
			<IsFireProof>false</IsFireProof>
			<IsMeleeProof>false</IsMeleeProof>
			<IsOnlyDamagedByPlayer>false</IsOnlyDamagedByPlayer>
			<PositionRotation>
				<X>-230.181305</X>
				<Y>-1421.90686</Y>
				<Z>32.0304756</Z>
				<Pitch>-0.206601039</Pitch>
				<Roll>0.666471303</Roll>
				<Yaw>85.9604111</Yaw>
			</PositionRotation>
			<Attachment isAttached="true">
				<AttachedTo>440376</AttachedTo>
				<BoneIndex>0</BoneIndex>
				<X>1.22463131</X>
				<Y>-2.04304886</Y>
				<Z>0.643827498</Z>
				<Pitch>-0.410922319</Pitch>
				<Roll>0.42623046</Roll>
				<Yaw>5.20341492</Yaw>
			</Attachment>
		</Attachment>
		<Attachment>
			<ModelHash>0x4afa2d34</ModelHash>
			<Type>3</Type>
			<Dynamic>false</Dynamic>
			<FrozenPos>true</FrozenPos>
			<HashName>prop_wall_light_15a</HashName>
			<InitialHandle>561758</InitialHandle>
			<ObjectProperties>
				<TextureVariation>0</TextureVariation>
			</ObjectProperties>
			<OpacityLevel>255</OpacityLevel>
			<LodDistance>16960</LodDistance>
			<IsVisible>true</IsVisible>
			<MaxHealth>1000</MaxHealth>
			<Health>1000</Health>
			<HasGravity>true</HasGravity>
			<IsOnFire>false</IsOnFire>
			<IsInvincible>false</IsInvincible>
			<IsBulletProof>false</IsBulletProof>
			<IsCollisionProof>false</IsCollisionProof>
			<IsExplosionProof>false</IsExplosionProof>
			<IsFireProof>false</IsFireProof>
			<IsMeleeProof>false</IsMeleeProof>
			<IsOnlyDamagedByPlayer>false</IsOnlyDamagedByPlayer>
			<PositionRotation>
				<X>-229.073685</X>
				<Y>-1421.82202</Y>
				<Z>34.3820534</Z>
				<Pitch>-0.169115156</Pitch>
				<Roll>0.223766476</Roll>
				<Yaw>175.517181</Yaw>
			</PositionRotation>
			<Attachment isAttached="true">
				<AttachedTo>440376</AttachedTo>
				<BoneIndex>0</BoneIndex>
				<X>1.47576475</X>
				<Y>-3.11517859</Y>
				<Z>2.99996972</Z>
				<Pitch>-0.410922319</Pitch>
				<Roll>0.42623046</Roll>
				<Yaw>-265.237488</Yaw>
			</Attachment>
		</Attachment>
		<Attachment>
			<ModelHash>0xf40dfbd1</ModelHash>
			<Type>3</Type>
			<Dynamic>false</Dynamic>
			<FrozenPos>true</FrozenPos>
			<HashName>prop_wall_light_12a</HashName>
			<InitialHandle>500061</InitialHandle>
			<ObjectProperties>
				<TextureVariation>0</TextureVariation>
			</ObjectProperties>
			<OpacityLevel>255</OpacityLevel>
			<LodDistance>16960</LodDistance>
			<IsVisible>true</IsVisible>
			<MaxHealth>1000</MaxHealth>
			<Health>1000</Health>
			<HasGravity>true</HasGravity>
			<IsOnFire>false</IsOnFire>
			<IsInvincible>false</IsInvincible>
			<IsBulletProof>false</IsBulletProof>
			<IsCollisionProof>false</IsCollisionProof>
			<IsExplosionProof>false</IsExplosionProof>
			<IsFireProof>false</IsFireProof>
			<IsMeleeProof>false</IsMeleeProof>
			<IsOnlyDamagedByPlayer>false</IsOnlyDamagedByPlayer>
			<PositionRotation>
				<X>-236.964401</X>
				<Y>-1422.0365</Y>
				<Z>31.5573559</Z>
				<Pitch>-0.586673737</Pitch>
				<Roll>0.16435656</Roll>
				<Yaw>-100.554672</Yaw>
			</PositionRotation>
			<Attachment isAttached="true">
				<AttachedTo>440376</AttachedTo>
				<BoneIndex>0</BoneIndex>
				<X>0.00921942852</X>
				<Y>4.62959385</Y>
				<Z>0.144073874</Z>
				<Pitch>-0.410922319</Pitch>
				<Roll>0.42623046</Roll>
				<Yaw>-181.308105</Yaw>
			</Attachment>
		</Attachment>
		<Attachment>
			<ModelHash>0x3728c8a4</ModelHash>
			<Type>3</Type>
			<Dynamic>false</Dynamic>
			<FrozenPos>true</FrozenPos>
			<HashName>prop_skylight_06b</HashName>
			<InitialHandle>406880</InitialHandle>
			<ObjectProperties>
				<TextureVariation>0</TextureVariation>
			</ObjectProperties>
			<OpacityLevel>255</OpacityLevel>
			<LodDistance>16960</LodDistance>
			<IsVisible>true</IsVisible>
			<MaxHealth>1000</MaxHealth>
			<Health>1000</Health>
			<HasGravity>true</HasGravity>
			<IsOnFire>false</IsOnFire>
			<IsInvincible>false</IsInvincible>
			<IsBulletProof>false</IsBulletProof>
			<IsCollisionProof>false</IsCollisionProof>
			<IsExplosionProof>false</IsExplosionProof>
			<IsFireProof>false</IsFireProof>
			<IsMeleeProof>false</IsMeleeProof>
			<IsOnlyDamagedByPlayer>false</IsOnlyDamagedByPlayer>
			<PositionRotation>
				<X>-229.107193</X>
				<Y>-1423.25574</Y>
				<Z>34.4009399</Z>
				<Pitch>-0.227259144</Pitch>
				<Roll>0.682611227</Roll>
				<Yaw>81.1964493</Yaw>
			</PositionRotation>
			<Attachment isAttached="true">
				<AttachedTo>440376</AttachedTo>
				<BoneIndex>0</BoneIndex>
				<X>0.0552124158</X>
				<Y>-3.31237078</Y>
				<Z>3.01309252</Z>
				<Pitch>-0.410922319</Pitch>
				<Roll>0.42623046</Roll>
				<Yaw>0.439315796</Yaw>
			</Attachment>
		</Attachment>
		<Attachment>
			<ModelHash>0x9303e1a6</ModelHash>
			<Type>3</Type>
			<Dynamic>false</Dynamic>
			<FrozenPos>true</FrozenPos>
			<HashName>prop_conc_sacks_02a</HashName>
			<InitialHandle>730717</InitialHandle>
			<ObjectProperties>
				<TextureVariation>0</TextureVariation>
			</ObjectProperties>
			<OpacityLevel>255</OpacityLevel>
			<LodDistance>16960</LodDistance>
			<IsVisible>true</IsVisible>
			<MaxHealth>1000</MaxHealth>
			<Health>1000</Health>
			<HasGravity>true</HasGravity>
			<IsOnFire>false</IsOnFire>
			<IsInvincible>false</IsInvincible>
			<IsBulletProof>false</IsBulletProof>
			<IsCollisionProof>false</IsCollisionProof>
			<IsExplosionProof>false</IsExplosionProof>
			<IsFireProof>false</IsFireProof>
			<IsMeleeProof>false</IsMeleeProof>
			<IsOnlyDamagedByPlayer>false</IsOnlyDamagedByPlayer>
			<PositionRotation>
				<X>-235.549469</X>
				<Y>-1421.02576</Y>
				<Z>30.7467155</Z>
				<Pitch>-0.154517546</Pitch>
				<Roll>0.242603987</Roll>
				<Yaw>171.186676</Yaw>
			</PositionRotation>
			<Attachment isAttached="true">
				<AttachedTo>440376</AttachedTo>
				<BoneIndex>0</BoneIndex>
				<X>1.23773658</X>
				<Y>3.39283872</Y>
				<Z>-0.657129824</Z>
				<Pitch>-0.410922319</Pitch>
				<Roll>0.42623046</Roll>
				<Yaw>-269.568115</Yaw>
			</Attachment>
		</Attachment>
		<Attachment>
			<ModelHash>0x9303e1a6</ModelHash>
			<Type>3</Type>
			<Dynamic>false</Dynamic>
			<FrozenPos>true</FrozenPos>
			<HashName>prop_conc_sacks_02a</HashName>
			<InitialHandle>1891</InitialHandle>
			<ObjectProperties>
				<TextureVariation>0</TextureVariation>
			</ObjectProperties>
			<OpacityLevel>255</OpacityLevel>
			<LodDistance>16960</LodDistance>
			<IsVisible>true</IsVisible>
			<MaxHealth>1000</MaxHealth>
			<Health>1000</Health>
			<HasGravity>true</HasGravity>
			<IsOnFire>false</IsOnFire>
			<IsInvincible>false</IsInvincible>
			<IsBulletProof>false</IsBulletProof>
			<IsCollisionProof>false</IsCollisionProof>
			<IsExplosionProof>false</IsExplosionProof>
			<IsFireProof>false</IsFireProof>
			<IsMeleeProof>false</IsMeleeProof>
			<IsOnlyDamagedByPlayer>false</IsOnlyDamagedByPlayer>
			<PositionRotation>
				<X>-235.964294</X>
				<Y>-1423.4762</Y>
				<Z>30.7749157</Z>
				<Pitch>-0.672538877</Pitch>
				<Roll>0.602357686</Roll>
				<Yaw>-10.4720564</Yaw>
			</PositionRotation>
			<Attachment isAttached="true">
				<AttachedTo>440376</AttachedTo>
				<BoneIndex>0</BoneIndex>
				<X>-1.24754298</X>
				<Y>3.40871596</Y>
				<Z>-0.640160859</Z>
				<Pitch>-0.410922319</Pitch>
				<Roll>0.42623046</Roll>
				<Yaw>-91.2294312</Yaw>
			</Attachment>
		</Attachment>
	</SpoonerAttachments>
</Vehicle>
