<?xml version="1.0" encoding="ISO-8859-1"?>
<Vehicle menyoo_ver="0.999876776b">
	<ModelHash>0xc575df11</ModelHash>
	<InitialHandle>370286</InitialHandle>
	<VehicleProperties>
		<Colours>
			<Primary>112</Primary>
			<Secondary>29</Secondary>
			<Pearl>18</Pearl>
			<Rim>112</Rim>
			<Mod1_a>6</Mod1_a>
			<Mod1_b>-1</Mod1_b>
			<Mod1_c>-1</Mod1_c>
			<Mod2_a>6</Mod2_a>
			<Mod2_b>-1</Mod2_b>
			<IsPrimaryColourCustom>false</IsPrimaryColourCustom>
			<IsSecondaryColourCustom>false</IsSecondaryColourCustom>
			<tyreSmoke_R>255</tyreSmoke_R>
			<tyreSmoke_G>255</tyreSmoke_G>
			<tyreSmoke_B>255</tyreSmoke_B>
			<LrInterior>43</LrInterior>
			<LrDashboard>93</LrDashboard>
		</Colours>
		<Livery>-1</Livery>
		<NumberPlateText>07UUJ622</NumberPlateText>
		<NumberPlateIndex>0</NumberPlateIndex>
		<WheelType>7</WheelType>
		<WheelsInvisible>false</WheelsInvisible>
		<EngineSoundName></EngineSoundName>
		<WindowTint>1</WindowTint>
		<BulletProofTyres>true</BulletProofTyres>
		<DirtLevel>0.64900732</DirtLevel>
		<PaintFade>0.298039228</PaintFade>
		<RoofState>0</RoofState>
		<SirenActive>false</SirenActive>
		<EngineOn>true</EngineOn>
		<EngineHealth>1000</EngineHealth>
		<LightsOn>false</LightsOn>
		<IsRadioLoud>0</IsRadioLoud>
		<LockStatus>1</LockStatus>
		<Neons>
			<Left>false</Left>
			<Right>false</Right>
			<Front>false</Front>
			<Back>false</Back>
			<R>255</R>
			<G>0</G>
			<B>255</B>
		</Neons>
		<ModExtras />
		<Mods>
			<_0>10,0</_0>
			<_1>5,0</_1>
			<_2>-1,0</_2>
			<_3>1,0</_3>
			<_4>3,0</_4>
			<_5>-1,0</_5>
			<_6>-1,0</_6>
			<_7>6,0</_7>
			<_8>1,0</_8>
			<_9>-1,0</_9>
			<_10>2,0</_10>
			<_11>3,0</_11>
			<_12>2,0</_12>
			<_13>2,0</_13>
			<_14>44,0</_14>
			<_15>-1,0</_15>
			<_16>4,0</_16>
			<_17>false</_17>
			<_18>true</_18>
			<_19>false</_19>
			<_20>true</_20>
			<_21>false</_21>
			<_22>true</_22>
			<_23>-1,0</_23>
			<_24>-1,0</_24>
			<_25>-1,0</_25>
			<_26>-1,0</_26>
			<_27>-1,0</_27>
			<_28>-1,0</_28>
			<_29>-1,0</_29>
			<_30>-1,0</_30>
			<_31>-1,0</_31>
			<_32>-1,0</_32>
			<_33>-1,0</_33>
			<_34>-1,0</_34>
			<_35>-1,0</_35>
			<_36>-1,0</_36>
			<_37>-1,0</_37>
			<_38>-1,0</_38>
			<_39>-1,0</_39>
			<_40>-1,0</_40>
			<_41>-1,0</_41>
			<_42>-1,0</_42>
			<_43>-1,0</_43>
			<_44>-1,0</_44>
			<_45>-1,0</_45>
			<_46>-1,0</_46>
			<_47>-1,0</_47>
			<_48>-1,0</_48>
		</Mods>
		<DoorsOpen>
			<BackLeftDoor>false</BackLeftDoor>
			<BackRightDoor>false</BackRightDoor>
			<FrontLeftDoor>false</FrontLeftDoor>
			<FrontRightDoor>false</FrontRightDoor>
			<Hood>false</Hood>
			<Trunk>false</Trunk>
			<Trunk2>false</Trunk2>
		</DoorsOpen>
		<DoorsBroken>
			<BackLeftDoor>false</BackLeftDoor>
			<BackRightDoor>false</BackRightDoor>
			<FrontLeftDoor>false</FrontLeftDoor>
			<FrontRightDoor>false</FrontRightDoor>
			<Hood>false</Hood>
			<Trunk>false</Trunk>
			<Trunk2>false</Trunk2>
		</DoorsBroken>
		<TyresBursted>
			<FrontLeft>false</FrontLeft>
			<FrontRight>false</FrontRight>
			<_2>false</_2>
			<_3>false</_3>
			<BackLeft>false</BackLeft>
			<BackRight>false</BackRight>
			<_6>false</_6>
			<_7>false</_7>
			<_8>false</_8>
		</TyresBursted>
		<RpmMultiplier>1</RpmMultiplier>
		<TorqueMultiplier>1</TorqueMultiplier>
		<HeadlightIntensity>1</HeadlightIntensity>
	</VehicleProperties>
	<OpacityLevel>255</OpacityLevel>
	<LodDistance>16960</LodDistance>
	<IsVisible>true</IsVisible>
	<IsDriverVisible>true</IsDriverVisible>
	<MaxHealth>1000</MaxHealth>
	<Health>1000</Health>
	<HasGravity>true</HasGravity>
	<IsOnFire>false</IsOnFire>
	<IsInvincible>false</IsInvincible>
	<IsBulletProof>false</IsBulletProof>
	<IsExplosionProof>false</IsExplosionProof>
	<IsFireProof>false</IsFireProof>
	<IsMeleeProof>false</IsMeleeProof>
	<IsOnlyDamagedByPlayer>false</IsOnlyDamagedByPlayer>
	<SpoonerAttachments SetAttachmentsPersistentAndAddToSpoonerDatabase="false" StartTaskSequencesOnLoad="true">
		<Attachment>
			<ModelHash>0xc89630b8</ModelHash>
			<Type>3</Type>
			<Dynamic>false</Dynamic>
			<FrozenPos>true</FrozenPos>
			<HashName>prop_minigun_01</HashName>
			<InitialHandle>420222</InitialHandle>
			<ObjectProperties>
				<TextureVariation>0</TextureVariation>
			</ObjectProperties>
			<OpacityLevel>255</OpacityLevel>
			<LodDistance>16960</LodDistance>
			<IsVisible>true</IsVisible>
			<MaxHealth>1000</MaxHealth>
			<Health>1000</Health>
			<HasGravity>true</HasGravity>
			<IsOnFire>false</IsOnFire>
			<IsInvincible>false</IsInvincible>
			<IsBulletProof>false</IsBulletProof>
			<IsCollisionProof>false</IsCollisionProof>
			<IsExplosionProof>false</IsExplosionProof>
			<IsFireProof>false</IsFireProof>
			<IsMeleeProof>false</IsMeleeProof>
			<IsOnlyDamagedByPlayer>false</IsOnlyDamagedByPlayer>
			<PositionRotation>
				<X>1340.11499</X>
				<Y>3159.18628</Y>
				<Z>40.3347054</Z>
				<Pitch>0.190808147</Pitch>
				<Roll>-178.87558</Roll>
				<Yaw>14.8553104</Yaw>
			</PositionRotation>
			<Attachment isAttached="true">
				<AttachedTo>370286</AttachedTo>
				<BoneIndex>0</BoneIndex>
				<X>0.757673621</X>
				<Y>-1.14573002</Y>
				<Z>0.277645469</Z>
				<Pitch>-0.162850872</Pitch>
				<Roll>-178.902756</Roll>
				<Yaw>269.801849</Yaw>
			</Attachment>
		</Attachment>
		<Attachment>
			<ModelHash>0xc89630b8</ModelHash>
			<Type>3</Type>
			<Dynamic>false</Dynamic>
			<FrozenPos>true</FrozenPos>
			<HashName>prop_minigun_01</HashName>
			<InitialHandle>161292</InitialHandle>
			<ObjectProperties>
				<TextureVariation>0</TextureVariation>
			</ObjectProperties>
			<OpacityLevel>255</OpacityLevel>
			<LodDistance>16960</LodDistance>
			<IsVisible>true</IsVisible>
			<MaxHealth>1000</MaxHealth>
			<Health>1000</Health>
			<HasGravity>true</HasGravity>
			<IsOnFire>false</IsOnFire>
			<IsInvincible>false</IsInvincible>
			<IsBulletProof>false</IsBulletProof>
			<IsCollisionProof>false</IsCollisionProof>
			<IsExplosionProof>false</IsExplosionProof>
			<IsFireProof>false</IsFireProof>
			<IsMeleeProof>false</IsMeleeProof>
			<IsOnlyDamagedByPlayer>false</IsOnlyDamagedByPlayer>
			<PositionRotation>
				<X>1340.46228</X>
				<Y>3157.65405</Y>
				<Z>40.3154831</Z>
				<Pitch>3.09089398</Pitch>
				<Roll>-179.520157</Roll>
				<Yaw>14.8538628</Yaw>
			</PositionRotation>
			<Attachment isAttached="true">
				<AttachedTo>370286</AttachedTo>
				<BoneIndex>0</BoneIndex>
				<X>-0.812289298</X>
				<Y>-1.08308589</Y>
				<Z>0.268088549</Z>
				<Pitch>2.7372365</Pitch>
				<Roll>-179.547363</Roll>
				<Yaw>269.801788</Yaw>
			</Attachment>
		</Attachment>
		<Attachment>
			<ModelHash>0xfca454b2</ModelHash>
			<Type>3</Type>
			<Dynamic>false</Dynamic>
			<FrozenPos>true</FrozenPos>
			<HashName>imp_prop_impexp_front_bars_01a</HashName>
			<InitialHandle>190732</InitialHandle>
			<ObjectProperties>
				<TextureVariation>0</TextureVariation>
			</ObjectProperties>
			<OpacityLevel>255</OpacityLevel>
			<LodDistance>16960</LodDistance>
			<IsVisible>true</IsVisible>
			<MaxHealth>1000</MaxHealth>
			<Health>1000</Health>
			<HasGravity>true</HasGravity>
			<IsOnFire>false</IsOnFire>
			<IsInvincible>false</IsInvincible>
			<IsBulletProof>false</IsBulletProof>
			<IsCollisionProof>false</IsCollisionProof>
			<IsExplosionProof>false</IsExplosionProof>
			<IsFireProof>false</IsFireProof>
			<IsMeleeProof>false</IsMeleeProof>
			<IsOnlyDamagedByPlayer>false</IsOnlyDamagedByPlayer>
			<PositionRotation>
				<X>1337.2699</X>
				<Y>3157.6499</Y>
				<Z>39.7706642</Z>
				<Pitch>49.8634796</Pitch>
				<Roll>179.442627</Roll>
				<Yaw>105.359795</Yaw>
			</PositionRotation>
			<Attachment isAttached="true">
				<AttachedTo>370286</AttachedTo>
				<BoneIndex>1</BoneIndex>
				<X>-0.934594393</X>
				<Y>0.397088528</Y>
				<Z>-0.0222504325</Z>
				<Pitch>49.8371696</Pitch>
				<Roll>-180.008606</Roll>
				<Yaw>-0.113290526</Yaw>
			</Attachment>
		</Attachment>
		<Attachment>
			<ModelHash>0xd6cc0902</ModelHash>
			<Type>3</Type>
			<Dynamic>false</Dynamic>
			<FrozenPos>true</FrozenPos>
			<HashName>imp_prop_impexp_front_bars_01b</HashName>
			<InitialHandle>558612</InitialHandle>
			<ObjectProperties>
				<TextureVariation>0</TextureVariation>
			</ObjectProperties>
			<OpacityLevel>255</OpacityLevel>
			<LodDistance>16960</LodDistance>
			<IsVisible>true</IsVisible>
			<MaxHealth>1000</MaxHealth>
			<Health>1000</Health>
			<HasGravity>true</HasGravity>
			<IsOnFire>false</IsOnFire>
			<IsInvincible>false</IsInvincible>
			<IsBulletProof>false</IsBulletProof>
			<IsCollisionProof>false</IsCollisionProof>
			<IsExplosionProof>false</IsExplosionProof>
			<IsFireProof>false</IsFireProof>
			<IsMeleeProof>false</IsMeleeProof>
			<IsOnlyDamagedByPlayer>false</IsOnlyDamagedByPlayer>
			<PositionRotation>
				<X>1341.25464</X>
				<Y>3158.11353</Y>
				<Z>39.9135475</Z>
				<Pitch>-0.186973944</Pitch>
				<Roll>0.345162898</Roll>
				<Yaw>-74.6563263</Yaw>
			</PositionRotation>
			<Attachment isAttached="true">
				<AttachedTo>370286</AttachedTo>
				<BoneIndex>0</BoneIndex>
				<X>-0.576870441</X>
				<Y>-1.96780741</Y>
				<Z>-0.134907335</Z>
				<Pitch>-0.162830889</Pitch>
				<Roll>-0.00871584471</Roll>
				<Yaw>180.289124</Yaw>
			</Attachment>
		</Attachment>
		<Attachment>
			<ModelHash>0xb7dd5fd1</ModelHash>
			<Type>3</Type>
			<Dynamic>false</Dynamic>
			<FrozenPos>true</FrozenPos>
			<HashName>p_rcss_folded</HashName>
			<InitialHandle>226076</InitialHandle>
			<ObjectProperties>
				<TextureVariation>0</TextureVariation>
			</ObjectProperties>
			<OpacityLevel>255</OpacityLevel>
			<LodDistance>16960</LodDistance>
			<IsVisible>true</IsVisible>
			<MaxHealth>1000</MaxHealth>
			<Health>1000</Health>
			<HasGravity>true</HasGravity>
			<IsOnFire>false</IsOnFire>
			<IsInvincible>false</IsInvincible>
			<IsBulletProof>false</IsBulletProof>
			<IsCollisionProof>false</IsCollisionProof>
			<IsExplosionProof>false</IsExplosionProof>
			<IsFireProof>false</IsFireProof>
			<IsMeleeProof>false</IsMeleeProof>
			<IsOnlyDamagedByPlayer>false</IsOnlyDamagedByPlayer>
			<PositionRotation>
				<X>1339.35022</X>
				<Y>3158.15601</Y>
				<Z>40.4459877</Z>
				<Pitch>-0.185860261</Pitch>
				<Roll>0.345237106</Roll>
				<Yaw>-74.4760361</Yaw>
			</PositionRotation>
			<Attachment isAttached="true">
				<AttachedTo>370286</AttachedTo>
				<BoneIndex>0</BoneIndex>
				<X>-0.0379693247</X>
				<Y>-0.139460579</Y>
				<Z>0.393386185</Z>
				<Pitch>-0.162830889</Pitch>
				<Roll>-0.00871584471</Roll>
				<Yaw>180.469421</Yaw>
			</Attachment>
		</Attachment>
	</SpoonerAttachments>
</Vehicle>
