<?xml version="1.0" encoding="ISO-8859-1"?>
<Vehicle menyoo_ver="0.9998744b">
	<ModelHash>0x73b1c3cb</ModelHash>
	<InitialHandle>761627</InitialHandle>
	<VehicleProperties>
		<Colours>
			<Primary>111</Primary>
			<Secondary>111</Secondary>
			<Pearl>111</Pearl>
			<Rim>156</Rim>
			<Mod1_a>0</Mod1_a>
			<Mod1_b>1</Mod1_b>
			<Mod1_c>7602259</Mod1_c>
			<Mod2_a>7209057</Mod2_a>
			<Mod2_b>6357092</Mod2_b>
			<IsPrimaryColourCustom>false</IsPrimaryColourCustom>
			<IsSecondaryColourCustom>false</IsSecondaryColourCustom>
			<tyreSmoke_R>255</tyreSmoke_R>
			<tyreSmoke_G>255</tyreSmoke_G>
			<tyreSmoke_B>255</tyreSmoke_B>
			<LrInterior>0</LrInterior>
			<LrDashboard>0</LrDashboard>
		</Colours>
		<Livery>-1</Livery>
		<NumberPlateText>21PRM875</NumberPlateText>
		<NumberPlateIndex>0</NumberPlateIndex>
		<WheelType>0</WheelType>
		<WheelsInvisible>false</WheelsInvisible>
		<EngineSoundName></EngineSoundName>
		<WindowTint>-1</WindowTint>
		<BulletProofTyres>false</BulletProofTyres>
		<DirtLevel>0.18564795</DirtLevel>
		<PaintFade>0.298039228</PaintFade>
		<RoofState>0</RoofState>
		<SirenActive>false</SirenActive>
		<EngineOn>true</EngineOn>
		<EngineHealth>998.178223</EngineHealth>
		<LightsOn>false</LightsOn>
		<IsRadioLoud>0</IsRadioLoud>
		<LockStatus>1</LockStatus>
		<Neons>
			<Left>false</Left>
			<Right>false</Right>
			<Front>false</Front>
			<Back>false</Back>
			<R>255</R>
			<G>0</G>
			<B>255</B>
		</Neons>
		<ModExtras>
			<_2>false</_2>
		</ModExtras>
		<Mods>
			<_0>-1,0</_0>
			<_1>-1,0</_1>
			<_2>-1,0</_2>
			<_3>-1,0</_3>
			<_4>-1,0</_4>
			<_5>-1,0</_5>
			<_6>-1,0</_6>
			<_7>-1,0</_7>
			<_8>-1,0</_8>
			<_9>-1,0</_9>
			<_10>-1,0</_10>
			<_11>-1,0</_11>
			<_12>-1,0</_12>
			<_13>-1,0</_13>
			<_14>-1,0</_14>
			<_15>-1,0</_15>
			<_16>-1,0</_16>
			<_17>false</_17>
			<_18>false</_18>
			<_19>false</_19>
			<_20>false</_20>
			<_21>false</_21>
			<_22>false</_22>
			<_23>-1,0</_23>
			<_24>-1,0</_24>
			<_25>-1,0</_25>
			<_26>-1,0</_26>
			<_27>-1,0</_27>
			<_28>-1,0</_28>
			<_29>-1,0</_29>
			<_30>-1,0</_30>
			<_31>-1,0</_31>
			<_32>-1,0</_32>
			<_33>-1,0</_33>
			<_34>-1,0</_34>
			<_35>-1,0</_35>
			<_36>-1,0</_36>
			<_37>-1,0</_37>
			<_38>-1,0</_38>
			<_39>-1,0</_39>
			<_40>-1,0</_40>
			<_41>-1,0</_41>
			<_42>-1,0</_42>
			<_43>-1,0</_43>
			<_44>-1,0</_44>
			<_45>-1,0</_45>
			<_46>-1,0</_46>
			<_47>-1,0</_47>
			<_48>-1,0</_48>
		</Mods>
		<DoorsOpen>
			<BackLeftDoor>false</BackLeftDoor>
			<BackRightDoor>false</BackRightDoor>
			<FrontLeftDoor>false</FrontLeftDoor>
			<FrontRightDoor>false</FrontRightDoor>
			<Hood>false</Hood>
			<Trunk>false</Trunk>
			<Trunk2>false</Trunk2>
		</DoorsOpen>
		<DoorsBroken>
			<BackLeftDoor>false</BackLeftDoor>
			<BackRightDoor>false</BackRightDoor>
			<FrontLeftDoor>false</FrontLeftDoor>
			<FrontRightDoor>false</FrontRightDoor>
			<Hood>false</Hood>
			<Trunk>false</Trunk>
			<Trunk2>false</Trunk2>
		</DoorsBroken>
		<TyresBursted>
			<FrontLeft>false</FrontLeft>
			<FrontRight>false</FrontRight>
			<_2>false</_2>
			<_3>false</_3>
			<BackLeft>false</BackLeft>
			<BackRight>false</BackRight>
			<_6>false</_6>
			<_7>false</_7>
			<_8>false</_8>
		</TyresBursted>
		<RpmMultiplier>1</RpmMultiplier>
		<TorqueMultiplier>1</TorqueMultiplier>
		<HeadlightIntensity>1</HeadlightIntensity>
	</VehicleProperties>
	<OpacityLevel>255</OpacityLevel>
	<LodDistance>16960</LodDistance>
	<IsVisible>true</IsVisible>
	<IsDriverVisible>true</IsDriverVisible>
	<MaxHealth>1000</MaxHealth>
	<Health>1000</Health>
	<HasGravity>true</HasGravity>
	<IsOnFire>false</IsOnFire>
	<IsInvincible>false</IsInvincible>
	<IsBulletProof>false</IsBulletProof>
	<IsExplosionProof>false</IsExplosionProof>
	<IsFireProof>false</IsFireProof>
	<IsMeleeProof>false</IsMeleeProof>
	<IsOnlyDamagedByPlayer>false</IsOnlyDamagedByPlayer>
	<SpoonerAttachments SetAttachmentsPersistentAndAddToSpoonerDatabase="false" StartTaskSequencesOnLoad="true">
		<Attachment>
			<ModelHash>0x45c35f6a</ModelHash>
			<Type>3</Type>
			<Dynamic>false</Dynamic>
			<FrozenPos>true</FrozenPos>
			<HashName>prop_dock_shippad</HashName>
			<InitialHandle>625436</InitialHandle>
			<ObjectProperties>
				<TextureVariation>0</TextureVariation>
			</ObjectProperties>
			<OpacityLevel>255</OpacityLevel>
			<LodDistance>16960</LodDistance>
			<IsVisible>true</IsVisible>
			<MaxHealth>1000</MaxHealth>
			<Health>1000</Health>
			<HasGravity>true</HasGravity>
			<IsOnFire>false</IsOnFire>
			<IsInvincible>false</IsInvincible>
			<IsBulletProof>false</IsBulletProof>
			<IsCollisionProof>false</IsCollisionProof>
			<IsExplosionProof>false</IsExplosionProof>
			<IsFireProof>false</IsFireProof>
			<IsMeleeProof>false</IsMeleeProof>
			<IsOnlyDamagedByPlayer>false</IsOnlyDamagedByPlayer>
			<PositionRotation>
				<X>2044.20581</X>
				<Y>3174.46362</Y>
				<Z>44.0284462</Z>
				<Pitch>-0.0928069875</Pitch>
				<Roll>-0.416744798</Roll>
				<Yaw>53.1740723</Yaw>
			</PositionRotation>
			<Attachment isAttached="true">
				<AttachedTo>761627</AttachedTo>
				<BoneIndex>0</BoneIndex>
				<X>-1.13351381</X>
				<Y>-4.0593524</Y>
				<Z>-0.797400713</Z>
				<Pitch>1.86135793</Pitch>
				<Roll>-0.0636768267</Roll>
				<Yaw>-89.3877869</Yaw>
			</Attachment>
		</Attachment>
		<Attachment>
			<ModelHash>0x45c35f6a</ModelHash>
			<Type>3</Type>
			<Dynamic>false</Dynamic>
			<FrozenPos>true</FrozenPos>
			<HashName>prop_dock_shippad</HashName>
			<InitialHandle>588572</InitialHandle>
			<ObjectProperties>
				<TextureVariation>0</TextureVariation>
			</ObjectProperties>
			<OpacityLevel>255</OpacityLevel>
			<LodDistance>16960</LodDistance>
			<IsVisible>true</IsVisible>
			<MaxHealth>1000</MaxHealth>
			<Health>1000</Health>
			<HasGravity>true</HasGravity>
			<IsOnFire>false</IsOnFire>
			<IsInvincible>false</IsInvincible>
			<IsBulletProof>false</IsBulletProof>
			<IsCollisionProof>false</IsCollisionProof>
			<IsExplosionProof>false</IsExplosionProof>
			<IsFireProof>false</IsFireProof>
			<IsMeleeProof>false</IsMeleeProof>
			<IsOnlyDamagedByPlayer>false</IsOnlyDamagedByPlayer>
			<PositionRotation>
				<X>2043.65369</X>
				<Y>3173.64258</Y>
				<Z>44.1136894</Z>
				<Pitch>-0.0928069875</Pitch>
				<Roll>-0.416744798</Roll>
				<Yaw>53.1740723</Yaw>
			</PositionRotation>
			<Attachment isAttached="true">
				<AttachedTo>761627</AttachedTo>
				<BoneIndex>0</BoneIndex>
				<X>-1.19716108</X>
				<Y>-3.07244921</Y>
				<Z>-0.707827508</Z>
				<Pitch>1.86135793</Pitch>
				<Roll>-0.0636768267</Roll>
				<Yaw>-89.3877869</Yaw>
			</Attachment>
		</Attachment>
		<Attachment>
			<ModelHash>0x45c35f6a</ModelHash>
			<Type>3</Type>
			<Dynamic>false</Dynamic>
			<FrozenPos>true</FrozenPos>
			<HashName>prop_dock_shippad</HashName>
			<InitialHandle>638492</InitialHandle>
			<ObjectProperties>
				<TextureVariation>0</TextureVariation>
			</ObjectProperties>
			<OpacityLevel>255</OpacityLevel>
			<LodDistance>16960</LodDistance>
			<IsVisible>true</IsVisible>
			<MaxHealth>1000</MaxHealth>
			<Health>1000</Health>
			<HasGravity>true</HasGravity>
			<IsOnFire>false</IsOnFire>
			<IsInvincible>false</IsInvincible>
			<IsBulletProof>false</IsBulletProof>
			<IsCollisionProof>false</IsCollisionProof>
			<IsExplosionProof>false</IsExplosionProof>
			<IsFireProof>false</IsFireProof>
			<IsMeleeProof>false</IsMeleeProof>
			<IsOnlyDamagedByPlayer>false</IsOnlyDamagedByPlayer>
			<PositionRotation>
				<X>2042.60107</X>
				<Y>3172.36719</Y>
				<Z>44.0698433</Z>
				<Pitch>-0.0928069875</Pitch>
				<Roll>-0.416744798</Roll>
				<Yaw>53.1740723</Yaw>
			</PositionRotation>
			<Attachment isAttached="true">
				<AttachedTo>761627</AttachedTo>
				<BoneIndex>0</BoneIndex>
				<X>-1.1357069</X>
				<Y>-1.41947138</Y>
				<Z>-0.738813281</Z>
				<Pitch>1.86135793</Pitch>
				<Roll>-0.0636768267</Roll>
				<Yaw>-89.3877869</Yaw>
			</Attachment>
		</Attachment>
		<Attachment>
			<ModelHash>0x45c35f6a</ModelHash>
			<Type>3</Type>
			<Dynamic>false</Dynamic>
			<FrozenPos>true</FrozenPos>
			<HashName>prop_dock_shippad</HashName>
			<InitialHandle>553756</InitialHandle>
			<ObjectProperties>
				<TextureVariation>0</TextureVariation>
			</ObjectProperties>
			<OpacityLevel>255</OpacityLevel>
			<LodDistance>16960</LodDistance>
			<IsVisible>true</IsVisible>
			<MaxHealth>1000</MaxHealth>
			<Health>1000</Health>
			<HasGravity>true</HasGravity>
			<IsOnFire>false</IsOnFire>
			<IsInvincible>false</IsInvincible>
			<IsBulletProof>false</IsBulletProof>
			<IsCollisionProof>false</IsCollisionProof>
			<IsExplosionProof>false</IsExplosionProof>
			<IsFireProof>false</IsFireProof>
			<IsMeleeProof>false</IsMeleeProof>
			<IsOnlyDamagedByPlayer>false</IsOnlyDamagedByPlayer>
			<PositionRotation>
				<X>2043.2019</X>
				<Y>3173.15405</Y>
				<Z>44.0530052</Z>
				<Pitch>-0.0928069875</Pitch>
				<Roll>-0.416744798</Roll>
				<Yaw>53.1740723</Yaw>
			</PositionRotation>
			<Attachment isAttached="true">
				<AttachedTo>761627</AttachedTo>
				<BoneIndex>0</BoneIndex>
				<X>-1.13351297</X>
				<Y>-2.40954304</Y>
				<Z>-0.762051582</Z>
				<Pitch>1.86135793</Pitch>
				<Roll>-0.0636768267</Roll>
				<Yaw>-89.3877869</Yaw>
			</Attachment>
		</Attachment>
		<Attachment>
			<ModelHash>0x45c35f6a</ModelHash>
			<Type>3</Type>
			<Dynamic>false</Dynamic>
			<FrozenPos>true</FrozenPos>
			<HashName>prop_dock_shippad</HashName>
			<InitialHandle>566812</InitialHandle>
			<ObjectProperties>
				<TextureVariation>0</TextureVariation>
			</ObjectProperties>
			<OpacityLevel>255</OpacityLevel>
			<LodDistance>16960</LodDistance>
			<IsVisible>true</IsVisible>
			<MaxHealth>1000</MaxHealth>
			<Health>1000</Health>
			<HasGravity>true</HasGravity>
			<IsOnFire>false</IsOnFire>
			<IsInvincible>false</IsInvincible>
			<IsBulletProof>false</IsBulletProof>
			<IsCollisionProof>false</IsCollisionProof>
			<IsExplosionProof>false</IsExplosionProof>
			<IsFireProof>false</IsFireProof>
			<IsMeleeProof>false</IsMeleeProof>
			<IsOnlyDamagedByPlayer>false</IsOnlyDamagedByPlayer>
			<PositionRotation>
				<X>2042.22058</X>
				<Y>3171.82813</Y>
				<Z>44.1093712</Z>
				<Pitch>-0.0928069875</Pitch>
				<Roll>-0.416744798</Roll>
				<Yaw>53.1740723</Yaw>
			</PositionRotation>
			<Attachment isAttached="true">
				<AttachedTo>761627</AttachedTo>
				<BoneIndex>0</BoneIndex>
				<X>-1.16265225</X>
				<Y>-0.76058948</Y>
				<Z>-0.695877731</Z>
				<Pitch>1.86135793</Pitch>
				<Roll>-0.0636768267</Roll>
				<Yaw>-89.3877869</Yaw>
			</Attachment>
		</Attachment>
		<Attachment>
			<ModelHash>0x45c35f6a</ModelHash>
			<Type>3</Type>
			<Dynamic>false</Dynamic>
			<FrozenPos>true</FrozenPos>
			<HashName>prop_dock_shippad</HashName>
			<InitialHandle>685340</InitialHandle>
			<ObjectProperties>
				<TextureVariation>0</TextureVariation>
			</ObjectProperties>
			<OpacityLevel>255</OpacityLevel>
			<LodDistance>16960</LodDistance>
			<IsVisible>true</IsVisible>
			<MaxHealth>1000</MaxHealth>
			<Health>1000</Health>
			<HasGravity>true</HasGravity>
			<IsOnFire>false</IsOnFire>
			<IsInvincible>false</IsInvincible>
			<IsBulletProof>false</IsBulletProof>
			<IsCollisionProof>false</IsCollisionProof>
			<IsExplosionProof>false</IsExplosionProof>
			<IsFireProof>false</IsFireProof>
			<IsMeleeProof>false</IsMeleeProof>
			<IsOnlyDamagedByPlayer>false</IsOnlyDamagedByPlayer>
			<PositionRotation>
				<X>2042.38733</X>
				<Y>3175.86353</Y>
				<Z>43.9526978</Z>
				<Pitch>3.8148129</Pitch>
				<Roll>0.293693841</Roll>
				<Yaw>-126.952049</Yaw>
			</PositionRotation>
			<Attachment isAttached="true">
				<AttachedTo>761627</AttachedTo>
				<BoneIndex>0</BoneIndex>
				<X>1.16283476</X>
				<Y>-4.06503916</Y>
				<Z>-0.795033455</Z>
				<Pitch>1.86135793</Pitch>
				<Roll>-0.0636768267</Roll>
				<Yaw>90.5092316</Yaw>
			</Attachment>
		</Attachment>
		<Attachment>
			<ModelHash>0x45c35f6a</ModelHash>
			<Type>3</Type>
			<Dynamic>false</Dynamic>
			<FrozenPos>true</FrozenPos>
			<HashName>prop_dock_shippad</HashName>
			<InitialHandle>48669</InitialHandle>
			<ObjectProperties>
				<TextureVariation>0</TextureVariation>
			</ObjectProperties>
			<OpacityLevel>255</OpacityLevel>
			<LodDistance>16960</LodDistance>
			<IsVisible>true</IsVisible>
			<MaxHealth>1000</MaxHealth>
			<Health>1000</Health>
			<HasGravity>true</HasGravity>
			<IsOnFire>false</IsOnFire>
			<IsInvincible>false</IsInvincible>
			<IsBulletProof>false</IsBulletProof>
			<IsCollisionProof>false</IsCollisionProof>
			<IsExplosionProof>false</IsExplosionProof>
			<IsFireProof>false</IsFireProof>
			<IsMeleeProof>false</IsMeleeProof>
			<IsOnlyDamagedByPlayer>false</IsOnlyDamagedByPlayer>
			<PositionRotation>
				<X>2041.67737</X>
				<Y>3174.85864</Y>
				<Z>43.9830666</Z>
				<Pitch>3.8148129</Pitch>
				<Roll>0.293693841</Roll>
				<Yaw>-126.952049</Yaw>
			</PositionRotation>
			<Attachment isAttached="true">
				<AttachedTo>761627</AttachedTo>
				<BoneIndex>0</BoneIndex>
				<X>1.11423349</X>
				<Y>-2.83572054</Y>
				<Z>-0.75827539</Z>
				<Pitch>1.86135793</Pitch>
				<Roll>-0.0636768267</Roll>
				<Yaw>90.5092316</Yaw>
			</Attachment>
		</Attachment>
		<Attachment>
			<ModelHash>0x45c35f6a</ModelHash>
			<Type>3</Type>
			<Dynamic>false</Dynamic>
			<FrozenPos>true</FrozenPos>
			<HashName>prop_dock_shippad</HashName>
			<InitialHandle>252694</InitialHandle>
			<ObjectProperties>
				<TextureVariation>0</TextureVariation>
			</ObjectProperties>
			<OpacityLevel>255</OpacityLevel>
			<LodDistance>16960</LodDistance>
			<IsVisible>true</IsVisible>
			<MaxHealth>1000</MaxHealth>
			<Health>1000</Health>
			<HasGravity>true</HasGravity>
			<IsOnFire>false</IsOnFire>
			<IsInvincible>false</IsInvincible>
			<IsBulletProof>false</IsBulletProof>
			<IsCollisionProof>false</IsCollisionProof>
			<IsExplosionProof>false</IsExplosionProof>
			<IsFireProof>false</IsFireProof>
			<IsMeleeProof>false</IsMeleeProof>
			<IsOnlyDamagedByPlayer>false</IsOnlyDamagedByPlayer>
			<PositionRotation>
				<X>2040.86487</X>
				<Y>3173.94482</Y>
				<Z>44.0149384</Z>
				<Pitch>3.8148129</Pitch>
				<Roll>0.293693841</Roll>
				<Yaw>-126.952049</Yaw>
			</PositionRotation>
			<Attachment isAttached="true">
				<AttachedTo>761627</AttachedTo>
				<BoneIndex>0</BoneIndex>
				<X>1.20254421</X>
				<Y>-1.61650455</Y>
				<Z>-0.715416133</Z>
				<Pitch>1.86135793</Pitch>
				<Roll>-0.0636768267</Roll>
				<Yaw>90.5092316</Yaw>
			</Attachment>
		</Attachment>
		<Attachment>
			<ModelHash>0x45c35f6a</ModelHash>
			<Type>3</Type>
			<Dynamic>false</Dynamic>
			<FrozenPos>true</FrozenPos>
			<HashName>prop_dock_shippad</HashName>
			<InitialHandle>111645</InitialHandle>
			<ObjectProperties>
				<TextureVariation>0</TextureVariation>
			</ObjectProperties>
			<OpacityLevel>255</OpacityLevel>
			<LodDistance>16960</LodDistance>
			<IsVisible>true</IsVisible>
			<MaxHealth>1000</MaxHealth>
			<Health>1000</Health>
			<HasGravity>true</HasGravity>
			<IsOnFire>false</IsOnFire>
			<IsInvincible>false</IsInvincible>
			<IsBulletProof>false</IsBulletProof>
			<IsCollisionProof>false</IsCollisionProof>
			<IsExplosionProof>false</IsExplosionProof>
			<IsFireProof>false</IsFireProof>
			<IsMeleeProof>false</IsMeleeProof>
			<IsOnlyDamagedByPlayer>false</IsOnlyDamagedByPlayer>
			<PositionRotation>
				<X>2040.27551</X>
				<Y>3173.14917</Y>
				<Z>44.025013</Z>
				<Pitch>3.8148129</Pitch>
				<Roll>0.293693841</Roll>
				<Yaw>-126.952049</Yaw>
			</PositionRotation>
			<Attachment isAttached="true">
				<AttachedTo>761627</AttachedTo>
				<BoneIndex>0</BoneIndex>
				<X>1.18630648</X>
				<Y>-0.626472592</Y>
				<Z>-0.699423671</Z>
				<Pitch>1.86135793</Pitch>
				<Roll>-0.0636768267</Roll>
				<Yaw>90.5092316</Yaw>
			</Attachment>
		</Attachment>
		<Attachment>
			<ModelHash>0xe19a6ca0</ModelHash>
			<Type>3</Type>
			<Dynamic>false</Dynamic>
			<FrozenPos>true</FrozenPos>
			<HashName>prop_medstation_01</HashName>
			<InitialHandle>95008</InitialHandle>
			<ObjectProperties>
				<TextureVariation>0</TextureVariation>
			</ObjectProperties>
			<OpacityLevel>255</OpacityLevel>
			<LodDistance>16960</LodDistance>
			<IsVisible>true</IsVisible>
			<MaxHealth>1000</MaxHealth>
			<Health>1000</Health>
			<HasGravity>true</HasGravity>
			<IsOnFire>false</IsOnFire>
			<IsInvincible>false</IsInvincible>
			<IsBulletProof>false</IsBulletProof>
			<IsCollisionProof>false</IsCollisionProof>
			<IsExplosionProof>false</IsExplosionProof>
			<IsFireProof>false</IsFireProof>
			<IsMeleeProof>false</IsMeleeProof>
			<IsOnlyDamagedByPlayer>false</IsOnlyDamagedByPlayer>
			<PositionRotation>
				<X>2041.03516</X>
				<Y>3171.62915</Y>
				<Z>46.1267204</Z>
				<Pitch>1.45091796</Pitch>
				<Roll>1.88005304</Roll>
				<Yaw>141.456802</Yaw>
			</PositionRotation>
			<Attachment isAttached="true">
				<AttachedTo>761627</AttachedTo>
				<BoneIndex>0</BoneIndex>
				<X>-0.411718607</X>
				<Y>0.104821905</Y>
				<Z>1.35390556</Z>
				<Pitch>1.86135793</Pitch>
				<Roll>-0.0636768267</Roll>
				<Yaw>-1.04341888</Yaw>
			</Attachment>
		</Attachment>
		<Attachment>
			<ModelHash>0xe19a6ca0</ModelHash>
			<Type>3</Type>
			<Dynamic>false</Dynamic>
			<FrozenPos>true</FrozenPos>
			<HashName>prop_medstation_01</HashName>
			<InitialHandle>723487</InitialHandle>
			<ObjectProperties>
				<TextureVariation>0</TextureVariation>
			</ObjectProperties>
			<OpacityLevel>255</OpacityLevel>
			<LodDistance>16960</LodDistance>
			<IsVisible>true</IsVisible>
			<MaxHealth>1000</MaxHealth>
			<Health>1000</Health>
			<HasGravity>true</HasGravity>
			<IsOnFire>false</IsOnFire>
			<IsInvincible>false</IsInvincible>
			<IsBulletProof>false</IsBulletProof>
			<IsCollisionProof>false</IsCollisionProof>
			<IsExplosionProof>false</IsExplosionProof>
			<IsFireProof>false</IsFireProof>
			<IsMeleeProof>false</IsMeleeProof>
			<IsOnlyDamagedByPlayer>false</IsOnlyDamagedByPlayer>
			<PositionRotation>
				<X>2040.32886</X>
				<Y>3172.05078</Y>
				<Z>46.1014595</Z>
				<Pitch>1.4215982</Pitch>
				<Roll>1.87361133</Roll>
				<Yaw>140.591187</Yaw>
			</PositionRotation>
			<Attachment isAttached="true">
				<AttachedTo>761627</AttachedTo>
				<BoneIndex>0</BoneIndex>
				<X>0.405714244</X>
				<Y>0.199719191</Y>
				<Z>1.35708511</Z>
				<Pitch>1.86135793</Pitch>
				<Roll>-0.0636768267</Roll>
				<Yaw>-1.90971375</Yaw>
			</Attachment>
		</Attachment>
		<Attachment>
			<ModelHash>0x040c3a75</ModelHash>
			<Type>3</Type>
			<Dynamic>false</Dynamic>
			<FrozenPos>true</FrozenPos>
			<HashName>prop_cs4_10_tr_gd_01</HashName>
			<InitialHandle>355105</InitialHandle>
			<ObjectProperties>
				<TextureVariation>0</TextureVariation>
			</ObjectProperties>
			<OpacityLevel>255</OpacityLevel>
			<LodDistance>16960</LodDistance>
			<IsVisible>true</IsVisible>
			<MaxHealth>1000</MaxHealth>
			<Health>1000</Health>
			<HasGravity>true</HasGravity>
			<IsOnFire>false</IsOnFire>
			<IsInvincible>false</IsInvincible>
			<IsBulletProof>false</IsBulletProof>
			<IsCollisionProof>false</IsCollisionProof>
			<IsExplosionProof>false</IsExplosionProof>
			<IsFireProof>false</IsFireProof>
			<IsMeleeProof>false</IsMeleeProof>
			<IsOnlyDamagedByPlayer>false</IsOnlyDamagedByPlayer>
			<PositionRotation>
				<X>2042.82678</X>
				<Y>3174.82007</Y>
				<Z>46.6636238</Z>
				<Pitch>88.0013885</Pitch>
				<Roll>76.9176331</Roll>
				<Yaw>65.1377487</Yaw>
			</PositionRotation>
			<Attachment isAttached="true">
				<AttachedTo>761627</AttachedTo>
				<BoneIndex>0</BoneIndex>
				<X>0.0876095742</X>
				<Y>-3.52122951</Y>
				<Z>1.88445616</Z>
				<Pitch>90.0613556</Pitch>
				<Roll>-180.06366</Roll>
				<Yaw>-180.438416</Yaw>
			</Attachment>
		</Attachment>
		<Attachment>
			<ModelHash>0x040c3a75</ModelHash>
			<Type>3</Type>
			<Dynamic>false</Dynamic>
			<FrozenPos>true</FrozenPos>
			<HashName>prop_cs4_10_tr_gd_01</HashName>
			<InitialHandle>279329</InitialHandle>
			<ObjectProperties>
				<TextureVariation>0</TextureVariation>
			</ObjectProperties>
			<OpacityLevel>255</OpacityLevel>
			<LodDistance>16960</LodDistance>
			<IsVisible>true</IsVisible>
			<MaxHealth>1000</MaxHealth>
			<Health>1000</Health>
			<HasGravity>true</HasGravity>
			<IsOnFire>false</IsOnFire>
			<IsInvincible>false</IsInvincible>
			<IsBulletProof>false</IsBulletProof>
			<IsCollisionProof>false</IsCollisionProof>
			<IsExplosionProof>false</IsExplosionProof>
			<IsFireProof>false</IsFireProof>
			<IsMeleeProof>false</IsMeleeProof>
			<IsOnlyDamagedByPlayer>false</IsOnlyDamagedByPlayer>
			<PositionRotation>
				<X>2041.56885</X>
				<Y>3173.19995</Y>
				<Z>46.6227455</Z>
				<Pitch>-88.0259247</Pitch>
				<Roll>-80.1834106</Roll>
				<Yaw>-118.332764</Yaw>
			</PositionRotation>
			<Attachment isAttached="true">
				<AttachedTo>761627</AttachedTo>
				<BoneIndex>0</BoneIndex>
				<X>0.10248325</X>
				<Y>-1.46991539</Y>
				<Z>1.85745621</Z>
				<Pitch>-89.9386292</Pitch>
				<Roll>179.93631</Roll>
				<Yaw>-0.768415451</Yaw>
			</Attachment>
		</Attachment>
		<Attachment>
			<ModelHash>0xb7dd5fd1</ModelHash>
			<Type>3</Type>
			<Dynamic>false</Dynamic>
			<FrozenPos>true</FrozenPos>
			<HashName>p_rcss_folded</HashName>
			<InitialHandle>356132</InitialHandle>
			<ObjectProperties>
				<TextureVariation>0</TextureVariation>
			</ObjectProperties>
			<OpacityLevel>255</OpacityLevel>
			<LodDistance>16960</LodDistance>
			<IsVisible>true</IsVisible>
			<MaxHealth>1000</MaxHealth>
			<Health>1000</Health>
			<HasGravity>true</HasGravity>
			<IsOnFire>false</IsOnFire>
			<IsInvincible>false</IsInvincible>
			<IsBulletProof>false</IsBulletProof>
			<IsCollisionProof>false</IsCollisionProof>
			<IsExplosionProof>false</IsExplosionProof>
			<IsFireProof>false</IsFireProof>
			<IsMeleeProof>false</IsMeleeProof>
			<IsOnlyDamagedByPlayer>false</IsOnlyDamagedByPlayer>
			<PositionRotation>
				<X>2042.09033</X>
				<Y>3174.88647</Y>
				<Z>44.9751549</Z>
				<Pitch>3.80702209</Pitch>
				<Roll>0.334028751</Roll>
				<Yaw>-128.137039</Yaw>
			</PositionRotation>
			<Attachment isAttached="true">
				<AttachedTo>761627</AttachedTo>
				<BoneIndex>0</BoneIndex>
				<X>0.769791186</X>
				<Y>-3.11526084</Y>
				<Z>0.220856279</Z>
				<Pitch>1.86135793</Pitch>
				<Roll>-0.0636768267</Roll>
				<Yaw>89.3262024</Yaw>
			</Attachment>
		</Attachment>
		<Attachment>
			<ModelHash>0xb7dd5fd1</ModelHash>
			<Type>3</Type>
			<Dynamic>false</Dynamic>
			<FrozenPos>true</FrozenPos>
			<HashName>p_rcss_folded</HashName>
			<InitialHandle>333092</InitialHandle>
			<ObjectProperties>
				<TextureVariation>0</TextureVariation>
			</ObjectProperties>
			<OpacityLevel>255</OpacityLevel>
			<LodDistance>16960</LodDistance>
			<IsVisible>true</IsVisible>
			<MaxHealth>1000</MaxHealth>
			<Health>1000</Health>
			<HasGravity>true</HasGravity>
			<IsOnFire>false</IsOnFire>
			<IsInvincible>false</IsInvincible>
			<IsBulletProof>false</IsBulletProof>
			<IsCollisionProof>false</IsCollisionProof>
			<IsExplosionProof>false</IsExplosionProof>
			<IsFireProof>false</IsFireProof>
			<IsMeleeProof>false</IsMeleeProof>
			<IsOnlyDamagedByPlayer>false</IsOnlyDamagedByPlayer>
			<PositionRotation>
				<X>2041.49316</X>
				<Y>3174.09644</Y>
				<Z>44.9688072</Z>
				<Pitch>3.80702209</Pitch>
				<Roll>0.334028751</Roll>
				<Yaw>-128.137039</Yaw>
			</PositionRotation>
			<Attachment isAttached="true">
				<AttachedTo>761627</AttachedTo>
				<BoneIndex>0</BoneIndex>
				<X>0.763684571</X>
				<Y>-2.12496209</Y>
				<Z>0.220762193</Z>
				<Pitch>1.86135793</Pitch>
				<Roll>-0.0636768267</Roll>
				<Yaw>89.3262024</Yaw>
			</Attachment>
		</Attachment>
		<Attachment>
			<ModelHash>0xb7dd5fd1</ModelHash>
			<Type>3</Type>
			<Dynamic>false</Dynamic>
			<FrozenPos>true</FrozenPos>
			<HashName>p_rcss_folded</HashName>
			<InitialHandle>322340</InitialHandle>
			<ObjectProperties>
				<TextureVariation>0</TextureVariation>
			</ObjectProperties>
			<OpacityLevel>255</OpacityLevel>
			<LodDistance>16960</LodDistance>
			<IsVisible>true</IsVisible>
			<MaxHealth>1000</MaxHealth>
			<Health>1000</Health>
			<HasGravity>true</HasGravity>
			<IsOnFire>false</IsOnFire>
			<IsInvincible>false</IsInvincible>
			<IsBulletProof>false</IsBulletProof>
			<IsCollisionProof>false</IsCollisionProof>
			<IsExplosionProof>false</IsExplosionProof>
			<IsFireProof>false</IsFireProof>
			<IsMeleeProof>false</IsMeleeProof>
			<IsOnlyDamagedByPlayer>false</IsOnlyDamagedByPlayer>
			<PositionRotation>
				<X>2040.9397</X>
				<Y>3173.50708</Y>
				<Z>44.9607124</Z>
				<Pitch>3.80206776</Pitch>
				<Roll>0.35759452</Roll>
				<Yaw>-128.83168</Yaw>
			</PositionRotation>
			<Attachment isAttached="true">
				<AttachedTo>761627</AttachedTo>
				<BoneIndex>0</BoneIndex>
				<X>0.844988585</X>
				<Y>-1.32056844</Y>
				<Z>0.220681548</Z>
				<Pitch>1.86135793</Pitch>
				<Roll>-0.0636768267</Roll>
				<Yaw>88.6327057</Yaw>
			</Attachment>
		</Attachment>
		<Attachment>
			<ModelHash>0xb7dd5fd1</ModelHash>
			<Type>3</Type>
			<Dynamic>false</Dynamic>
			<FrozenPos>true</FrozenPos>
			<HashName>p_rcss_folded</HashName>
			<InitialHandle>351012</InitialHandle>
			<ObjectProperties>
				<TextureVariation>0</TextureVariation>
			</ObjectProperties>
			<OpacityLevel>255</OpacityLevel>
			<LodDistance>16960</LodDistance>
			<IsVisible>true</IsVisible>
			<MaxHealth>1000</MaxHealth>
			<Health>1000</Health>
			<HasGravity>true</HasGravity>
			<IsOnFire>false</IsOnFire>
			<IsInvincible>false</IsInvincible>
			<IsBulletProof>false</IsBulletProof>
			<IsCollisionProof>false</IsCollisionProof>
			<IsExplosionProof>false</IsExplosionProof>
			<IsFireProof>false</IsFireProof>
			<IsMeleeProof>false</IsMeleeProof>
			<IsOnlyDamagedByPlayer>false</IsOnlyDamagedByPlayer>
			<PositionRotation>
				<X>2042.58875</X>
				<Y>3175.54712</Y>
				<Z>44.9804306</Z>
				<Pitch>3.81499171</Pitch>
				<Roll>0.292714477</Roll>
				<Yaw>-126.923332</Yaw>
			</PositionRotation>
			<Attachment isAttached="true">
				<AttachedTo>761627</AttachedTo>
				<BoneIndex>0</BoneIndex>
				<X>0.77559495</X>
				<Y>-3.94280314</Y>
				<Z>0.220926493</Z>
				<Pitch>1.86135793</Pitch>
				<Roll>-0.0636768267</Roll>
				<Yaw>90.5379028</Yaw>
			</Attachment>
		</Attachment>
		<Attachment>
			<ModelHash>0xb7dd5fd1</ModelHash>
			<Type>3</Type>
			<Dynamic>false</Dynamic>
			<FrozenPos>true</FrozenPos>
			<HashName>p_rcss_folded</HashName>
			<InitialHandle>571428</InitialHandle>
			<ObjectProperties>
				<TextureVariation>0</TextureVariation>
			</ObjectProperties>
			<OpacityLevel>255</OpacityLevel>
			<LodDistance>16960</LodDistance>
			<IsVisible>true</IsVisible>
			<MaxHealth>1000</MaxHealth>
			<Health>1000</Health>
			<HasGravity>true</HasGravity>
			<IsOnFire>false</IsOnFire>
			<IsInvincible>false</IsInvincible>
			<IsBulletProof>false</IsBulletProof>
			<IsCollisionProof>false</IsCollisionProof>
			<IsExplosionProof>false</IsExplosionProof>
			<IsFireProof>false</IsFireProof>
			<IsMeleeProof>false</IsMeleeProof>
			<IsOnlyDamagedByPlayer>false</IsOnlyDamagedByPlayer>
			<PositionRotation>
				<X>2043.9126</X>
				<Y>3174.67627</Y>
				<Z>45.0350075</Z>
				<Pitch>-0.0850926712</Pitch>
				<Roll>-0.457069665</Roll>
				<Yaw>51.9898796</Yaw>
			</PositionRotation>
			<Attachment isAttached="true">
				<AttachedTo>761627</AttachedTo>
				<BoneIndex>0</BoneIndex>
				<X>-0.805822909</X>
				<Y>-4.05645943</Y>
				<Z>0.220944658</Z>
				<Pitch>1.86135793</Pitch>
				<Roll>-0.0636768267</Roll>
				<Yaw>-90.5726395</Yaw>
			</Attachment>
		</Attachment>
		<Attachment>
			<ModelHash>0xb7dd5fd1</ModelHash>
			<Type>3</Type>
			<Dynamic>false</Dynamic>
			<FrozenPos>true</FrozenPos>
			<HashName>p_rcss_folded</HashName>
			<InitialHandle>111885</InitialHandle>
			<ObjectProperties>
				<TextureVariation>0</TextureVariation>
			</ObjectProperties>
			<OpacityLevel>255</OpacityLevel>
			<LodDistance>16960</LodDistance>
			<IsVisible>true</IsVisible>
			<MaxHealth>1000</MaxHealth>
			<Health>1000</Health>
			<HasGravity>true</HasGravity>
			<IsOnFire>false</IsOnFire>
			<IsInvincible>false</IsInvincible>
			<IsBulletProof>false</IsBulletProof>
			<IsCollisionProof>false</IsCollisionProof>
			<IsExplosionProof>false</IsExplosionProof>
			<IsFireProof>false</IsFireProof>
			<IsMeleeProof>false</IsMeleeProof>
			<IsOnlyDamagedByPlayer>false</IsOnlyDamagedByPlayer>
			<PositionRotation>
				<X>2043.2832</X>
				<Y>3173.91089</Y>
				<Z>45.0272865</Z>
				<Pitch>-0.0850926712</Pitch>
				<Roll>-0.457069665</Roll>
				<Yaw>51.9898796</Yaw>
			</PositionRotation>
			<Attachment isAttached="true">
				<AttachedTo>761627</AttachedTo>
				<BoneIndex>0</BoneIndex>
				<X>-0.771319926</X>
				<Y>-3.06610298</Y>
				<Z>0.220859408</Z>
				<Pitch>1.86135793</Pitch>
				<Roll>-0.0636768267</Roll>
				<Yaw>-90.5726395</Yaw>
			</Attachment>
		</Attachment>
		<Attachment>
			<ModelHash>0xb7dd5fd1</ModelHash>
			<Type>3</Type>
			<Dynamic>false</Dynamic>
			<FrozenPos>true</FrozenPos>
			<HashName>p_rcss_folded</HashName>
			<InitialHandle>737060</InitialHandle>
			<ObjectProperties>
				<TextureVariation>0</TextureVariation>
			</ObjectProperties>
			<OpacityLevel>255</OpacityLevel>
			<LodDistance>16960</LodDistance>
			<IsVisible>true</IsVisible>
			<MaxHealth>1000</MaxHealth>
			<Health>1000</Health>
			<HasGravity>true</HasGravity>
			<IsOnFire>false</IsOnFire>
			<IsInvincible>false</IsInvincible>
			<IsBulletProof>false</IsBulletProof>
			<IsCollisionProof>false</IsCollisionProof>
			<IsExplosionProof>false</IsExplosionProof>
			<IsFireProof>false</IsFireProof>
			<IsMeleeProof>false</IsMeleeProof>
			<IsOnlyDamagedByPlayer>false</IsOnlyDamagedByPlayer>
			<PositionRotation>
				<X>2042.83948</X>
				<Y>3173.23071</Y>
				<Z>45.0240097</Z>
				<Pitch>-0.0990401581</Pitch>
				<Roll>-0.380295515</Roll>
				<Yaw>54.2406464</Yaw>
			</PositionRotation>
			<Attachment isAttached="true">
				<AttachedTo>761627</AttachedTo>
				<BoneIndex>0</BoneIndex>
				<X>-0.832444847</X>
				<Y>-2.25635028</Y>
				<Z>0.220786989</Z>
				<Pitch>1.86135793</Pitch>
				<Roll>-0.0636768267</Roll>
				<Yaw>-88.3206329</Yaw>
			</Attachment>
		</Attachment>
		<Attachment>
			<ModelHash>0xb7dd5fd1</ModelHash>
			<Type>3</Type>
			<Dynamic>false</Dynamic>
			<FrozenPos>true</FrozenPos>
			<HashName>p_rcss_folded</HashName>
			<InitialHandle>690724</InitialHandle>
			<ObjectProperties>
				<TextureVariation>0</TextureVariation>
			</ObjectProperties>
			<OpacityLevel>255</OpacityLevel>
			<LodDistance>16960</LodDistance>
			<IsVisible>true</IsVisible>
			<MaxHealth>1000</MaxHealth>
			<Health>1000</Health>
			<HasGravity>true</HasGravity>
			<IsOnFire>false</IsOnFire>
			<IsInvincible>false</IsInvincible>
			<IsBulletProof>false</IsBulletProof>
			<IsCollisionProof>false</IsCollisionProof>
			<IsExplosionProof>false</IsExplosionProof>
			<IsFireProof>false</IsFireProof>
			<IsMeleeProof>false</IsMeleeProof>
			<IsOnlyDamagedByPlayer>false</IsOnlyDamagedByPlayer>
			<PositionRotation>
				<X>2042.24292</X>
				<Y>3172.44019</Y>
				<Z>45.0176735</Z>
				<Pitch>-0.0990401581</Pitch>
				<Roll>-0.380295515</Roll>
				<Yaw>54.2406464</Yaw>
			</PositionRotation>
			<Attachment isAttached="true">
				<AttachedTo>761627</AttachedTo>
				<BoneIndex>0</BoneIndex>
				<X>-0.839323401</X>
				<Y>-1.26604903</Y>
				<Z>0.220680669</Z>
				<Pitch>1.86135793</Pitch>
				<Roll>-0.0636768267</Roll>
				<Yaw>-88.3206329</Yaw>
			</Attachment>
		</Attachment>
		<Attachment>
			<ModelHash>0xb0f525be</ModelHash>
			<Type>3</Type>
			<Dynamic>false</Dynamic>
			<FrozenPos>true</FrozenPos>
			<HashName>prop_toolchest_02</HashName>
			<InitialHandle>153125</InitialHandle>
			<ObjectProperties>
				<TextureVariation>0</TextureVariation>
			</ObjectProperties>
			<OpacityLevel>255</OpacityLevel>
			<LodDistance>16960</LodDistance>
			<IsVisible>true</IsVisible>
			<MaxHealth>1000</MaxHealth>
			<Health>1000</Health>
			<HasGravity>true</HasGravity>
			<IsOnFire>false</IsOnFire>
			<IsInvincible>false</IsInvincible>
			<IsBulletProof>false</IsBulletProof>
			<IsCollisionProof>false</IsCollisionProof>
			<IsExplosionProof>false</IsExplosionProof>
			<IsFireProof>false</IsFireProof>
			<IsMeleeProof>false</IsMeleeProof>
			<IsOnlyDamagedByPlayer>false</IsOnlyDamagedByPlayer>
			<PositionRotation>
				<X>2041.13062</X>
				<Y>3172.10791</Y>
				<Z>44.6680374</Z>
				<Pitch>1.07048345</Pitch>
				<Roll>1.75844228</Roll>
				<Yaw>129.921021</Yaw>
			</PositionRotation>
			<Attachment isAttached="true">
				<AttachedTo>761627</AttachedTo>
				<BoneIndex>0</BoneIndex>
				<X>-0.146902278</X>
				<Y>-0.323783696</Y>
				<Z>-0.0994357318</Z>
				<Pitch>1.86135793</Pitch>
				<Roll>-0.0636768267</Roll>
				<Yaw>-12.5887604</Yaw>
			</Attachment>
		</Attachment>
		<Attachment>
			<ModelHash>0x45c35f6a</ModelHash>
			<Type>3</Type>
			<Dynamic>false</Dynamic>
			<FrozenPos>true</FrozenPos>
			<HashName>prop_dock_shippad</HashName>
			<InitialHandle>678950</InitialHandle>
			<ObjectProperties>
				<TextureVariation>0</TextureVariation>
			</ObjectProperties>
			<OpacityLevel>255</OpacityLevel>
			<LodDistance>16960</LodDistance>
			<IsVisible>true</IsVisible>
			<MaxHealth>1000</MaxHealth>
			<Health>1000</Health>
			<HasGravity>true</HasGravity>
			<IsOnFire>false</IsOnFire>
			<IsInvincible>false</IsInvincible>
			<IsBulletProof>false</IsBulletProof>
			<IsCollisionProof>false</IsCollisionProof>
			<IsExplosionProof>false</IsExplosionProof>
			<IsFireProof>false</IsFireProof>
			<IsMeleeProof>false</IsMeleeProof>
			<IsOnlyDamagedByPlayer>false</IsOnlyDamagedByPlayer>
			<PositionRotation>
				<X>2038.75964</X>
				<Y>3170.0979</Y>
				<Z>43.9633675</Z>
				<Pitch>2.23171711</Pitch>
				<Roll>-2.01587653</Roll>
				<Yaw>-37.3008652</Yaw>
			</PositionRotation>
			<Attachment isAttached="true">
				<AttachedTo>761627</AttachedTo>
				<BoneIndex>0</BoneIndex>
				<X>0.536879063</X>
				<Y>2.71800852</Y>
				<Z>-0.761379421</Z>
				<Pitch>1.86135793</Pitch>
				<Roll>-0.0636768267</Roll>
				<Yaw>-179.927002</Yaw>
			</Attachment>
		</Attachment>
		<Attachment>
			<ModelHash>0x45c35f6a</ModelHash>
			<Type>3</Type>
			<Dynamic>false</Dynamic>
			<FrozenPos>true</FrozenPos>
			<HashName>prop_dock_shippad</HashName>
			<InitialHandle>703526</InitialHandle>
			<ObjectProperties>
				<TextureVariation>0</TextureVariation>
			</ObjectProperties>
			<OpacityLevel>255</OpacityLevel>
			<LodDistance>16960</LodDistance>
			<IsVisible>true</IsVisible>
			<MaxHealth>1000</MaxHealth>
			<Health>1000</Health>
			<HasGravity>true</HasGravity>
			<IsOnFire>false</IsOnFire>
			<IsInvincible>false</IsInvincible>
			<IsBulletProof>false</IsBulletProof>
			<IsCollisionProof>false</IsCollisionProof>
			<IsExplosionProof>false</IsExplosionProof>
			<IsFireProof>false</IsFireProof>
			<IsMeleeProof>false</IsMeleeProof>
			<IsOnlyDamagedByPlayer>false</IsOnlyDamagedByPlayer>
			<PositionRotation>
				<X>2039.5448</X>
				<Y>3169.49585</Y>
				<Z>43.9988632</Z>
				<Pitch>2.23171711</Pitch>
				<Roll>-2.01587653</Roll>
				<Yaw>-37.3008652</Yaw>
			</PositionRotation>
			<Attachment isAttached="true">
				<AttachedTo>761627</AttachedTo>
				<BoneIndex>0</BoneIndex>
				<X>-0.453343749</X>
				<Y>2.7186029</Y>
				<Z>-0.759579003</Z>
				<Pitch>1.86135793</Pitch>
				<Roll>-0.0636768267</Roll>
				<Yaw>-179.927002</Yaw>
			</Attachment>
		</Attachment>
		<Attachment>
			<ModelHash>0x45c35f6a</ModelHash>
			<Type>3</Type>
			<Dynamic>false</Dynamic>
			<FrozenPos>true</FrozenPos>
			<HashName>prop_dock_shippad</HashName>
			<InitialHandle>176935</InitialHandle>
			<ObjectProperties>
				<TextureVariation>0</TextureVariation>
			</ObjectProperties>
			<OpacityLevel>255</OpacityLevel>
			<LodDistance>16960</LodDistance>
			<IsVisible>true</IsVisible>
			<MaxHealth>1000</MaxHealth>
			<Health>1000</Health>
			<HasGravity>true</HasGravity>
			<IsOnFire>false</IsOnFire>
			<IsInvincible>false</IsInvincible>
			<IsBulletProof>false</IsBulletProof>
			<IsCollisionProof>false</IsCollisionProof>
			<IsExplosionProof>false</IsExplosionProof>
			<IsFireProof>false</IsFireProof>
			<IsMeleeProof>false</IsMeleeProof>
			<IsOnlyDamagedByPlayer>false</IsOnlyDamagedByPlayer>
			<PositionRotation>
				<X>2040.25977</X>
				<Y>3169.50684</Y>
				<Z>44.1967239</Z>
				<Pitch>-0.058058586</Pitch>
				<Roll>-0.572896957</Roll>
				<Yaw>48.5588341</Yaw>
			</PositionRotation>
			<Attachment isAttached="true">
				<AttachedTo>761627</AttachedTo>
				<BoneIndex>0</BoneIndex>
				<X>-1.02050412</X>
				<Y>2.27394128</Y>
				<Z>-0.583816707</Z>
				<Pitch>1.86135793</Pitch>
				<Roll>-0.0636768267</Roll>
				<Yaw>-94.0056</Yaw>
			</Attachment>
		</Attachment>
		<Attachment>
			<ModelHash>0x45c35f6a</ModelHash>
			<Type>3</Type>
			<Dynamic>false</Dynamic>
			<FrozenPos>true</FrozenPos>
			<HashName>prop_dock_shippad</HashName>
			<InitialHandle>293159</InitialHandle>
			<ObjectProperties>
				<TextureVariation>0</TextureVariation>
			</ObjectProperties>
			<OpacityLevel>255</OpacityLevel>
			<LodDistance>16960</LodDistance>
			<IsVisible>true</IsVisible>
			<MaxHealth>1000</MaxHealth>
			<Health>1000</Health>
			<HasGravity>true</HasGravity>
			<IsOnFire>false</IsOnFire>
			<IsInvincible>false</IsInvincible>
			<IsBulletProof>false</IsBulletProof>
			<IsCollisionProof>false</IsCollisionProof>
			<IsExplosionProof>false</IsExplosionProof>
			<IsFireProof>false</IsFireProof>
			<IsMeleeProof>false</IsMeleeProof>
			<IsOnlyDamagedByPlayer>false</IsOnlyDamagedByPlayer>
			<PositionRotation>
				<X>2038.67334</X>
				<Y>3170.87134</Y>
				<Z>43.9477386</Z>
				<Pitch>3.83174062</Pitch>
				<Roll>0.183557764</Roll>
				<Yaw>-123.737503</Yaw>
			</PositionRotation>
			<Attachment isAttached="true">
				<AttachedTo>761627</AttachedTo>
				<BoneIndex>0</BoneIndex>
				<X>1.07590795</X>
				<Y>2.1564436</Y>
				<Z>-0.762330592</Z>
				<Pitch>1.86135793</Pitch>
				<Roll>-0.0636768267</Roll>
				<Yaw>93.7183685</Yaw>
			</Attachment>
		</Attachment>
		<Attachment>
			<ModelHash>0x856e5e8e</ModelHash>
			<Type>3</Type>
			<Dynamic>false</Dynamic>
			<FrozenPos>true</FrozenPos>
			<HashName>w_mg_mg</HashName>
			<InitialHandle>89640</InitialHandle>
			<ObjectProperties>
				<TextureVariation>0</TextureVariation>
			</ObjectProperties>
			<OpacityLevel>255</OpacityLevel>
			<LodDistance>16960</LodDistance>
			<IsVisible>true</IsVisible>
			<MaxHealth>1000</MaxHealth>
			<Health>1000</Health>
			<HasGravity>true</HasGravity>
			<IsOnFire>false</IsOnFire>
			<IsInvincible>false</IsInvincible>
			<IsBulletProof>false</IsBulletProof>
			<IsCollisionProof>false</IsCollisionProof>
			<IsExplosionProof>false</IsExplosionProof>
			<IsFireProof>false</IsFireProof>
			<IsMeleeProof>false</IsMeleeProof>
			<IsOnlyDamagedByPlayer>false</IsOnlyDamagedByPlayer>
			<PositionRotation>
				<X>2039.50671</X>
				<Y>3169.9707</Y>
				<Z>45.3390656</Z>
				<Pitch>3.80314517</Pitch>
				<Roll>0.352591902</Roll>
				<Yaw>-128.684067</Yaw>
			</PositionRotation>
			<Attachment isAttached="true">
				<AttachedTo>761627</AttachedTo>
				<BoneIndex>0</BoneIndex>
				<X>-0.179990739</X>
				<Y>2.35589457</Y>
				<Z>0.588367105</Z>
				<Pitch>1.86135793</Pitch>
				<Roll>-0.0636768267</Roll>
				<Yaw>88.7800903</Yaw>
			</Attachment>
		</Attachment>
		<Attachment>
			<ModelHash>0x856e5e8e</ModelHash>
			<Type>3</Type>
			<Dynamic>false</Dynamic>
			<FrozenPos>true</FrozenPos>
			<HashName>w_mg_mg</HashName>
			<InitialHandle>473639</InitialHandle>
			<ObjectProperties>
				<TextureVariation>0</TextureVariation>
			</ObjectProperties>
			<OpacityLevel>255</OpacityLevel>
			<LodDistance>16960</LodDistance>
			<IsVisible>true</IsVisible>
			<MaxHealth>1000</MaxHealth>
			<Health>1000</Health>
			<HasGravity>true</HasGravity>
			<IsOnFire>false</IsOnFire>
			<IsInvincible>false</IsInvincible>
			<IsBulletProof>false</IsBulletProof>
			<IsCollisionProof>false</IsCollisionProof>
			<IsExplosionProof>false</IsExplosionProof>
			<IsFireProof>false</IsFireProof>
			<IsMeleeProof>false</IsMeleeProof>
			<IsOnlyDamagedByPlayer>false</IsOnlyDamagedByPlayer>
			<PositionRotation>
				<X>2039.68835</X>
				<Y>3169.83105</Y>
				<Z>45.3343925</Z>
				<Pitch>3.80439305</Pitch>
				<Roll>0.346710533</Roll>
				<Yaw>-128.510635</Yaw>
			</PositionRotation>
			<Attachment isAttached="true">
				<AttachedTo>761627</AttachedTo>
				<BoneIndex>0</BoneIndex>
				<X>-0.408925653</X>
				<Y>2.3565731</Y>
				<Z>0.575902164</Z>
				<Pitch>1.86135793</Pitch>
				<Roll>-0.0636768267</Roll>
				<Yaw>88.9532471</Yaw>
			</Attachment>
		</Attachment>
		<Attachment>
			<ModelHash>0x715c7e1f</ModelHash>
			<Type>3</Type>
			<Dynamic>false</Dynamic>
			<FrozenPos>true</FrozenPos>
			<HashName>w_lr_homing</HashName>
			<InitialHandle>415529</InitialHandle>
			<ObjectProperties>
				<TextureVariation>0</TextureVariation>
			</ObjectProperties>
			<OpacityLevel>255</OpacityLevel>
			<LodDistance>16960</LodDistance>
			<IsVisible>true</IsVisible>
			<MaxHealth>1000</MaxHealth>
			<Health>1000</Health>
			<HasGravity>true</HasGravity>
			<IsOnFire>false</IsOnFire>
			<IsInvincible>false</IsInvincible>
			<IsBulletProof>false</IsBulletProof>
			<IsCollisionProof>false</IsCollisionProof>
			<IsExplosionProof>false</IsExplosionProof>
			<IsFireProof>false</IsFireProof>
			<IsMeleeProof>false</IsMeleeProof>
			<IsOnlyDamagedByPlayer>false</IsOnlyDamagedByPlayer>
			<PositionRotation>
				<X>2039.81311</X>
				<Y>3171.8999</Y>
				<Z>46.6257401</Z>
				<Pitch>3.79662395</Pitch>
				<Roll>0.381994098</Roll>
				<Yaw>-129.552795</Yaw>
			</PositionRotation>
			<Attachment isAttached="true">
				<AttachedTo>761627</AttachedTo>
				<BoneIndex>0</BoneIndex>
				<X>0.705515265</X>
				<Y>0.629478097</Y>
				<Z>1.89469445</Z>
				<Pitch>1.86135793</Pitch>
				<Roll>-0.0636768267</Roll>
				<Yaw>87.9127808</Yaw>
			</Attachment>
		</Attachment>
		<Attachment>
			<ModelHash>0x715c7e1f</ModelHash>
			<Type>3</Type>
			<Dynamic>false</Dynamic>
			<FrozenPos>true</FrozenPos>
			<HashName>w_lr_homing</HashName>
			<InitialHandle>605737</InitialHandle>
			<ObjectProperties>
				<TextureVariation>0</TextureVariation>
			</ObjectProperties>
			<OpacityLevel>255</OpacityLevel>
			<LodDistance>16960</LodDistance>
			<IsVisible>true</IsVisible>
			<MaxHealth>1000</MaxHealth>
			<Health>1000</Health>
			<HasGravity>true</HasGravity>
			<IsOnFire>false</IsOnFire>
			<IsInvincible>false</IsInvincible>
			<IsBulletProof>false</IsBulletProof>
			<IsCollisionProof>false</IsCollisionProof>
			<IsExplosionProof>false</IsExplosionProof>
			<IsFireProof>false</IsFireProof>
			<IsMeleeProof>false</IsMeleeProof>
			<IsOnlyDamagedByPlayer>false</IsOnlyDamagedByPlayer>
			<PositionRotation>
				<X>2040.11499</X>
				<Y>3171.6416</Y>
				<Z>46.6391029</Z>
				<Pitch>3.79526877</Pitch>
				<Roll>0.387854904</Roll>
				<Yaw>-129.726318</Yaw>
			</PositionRotation>
			<Attachment isAttached="true">
				<AttachedTo>761627</AttachedTo>
				<BoneIndex>0</BoneIndex>
				<X>0.308582544</X>
				<Y>0.650968313</Y>
				<Z>1.89469206</Z>
				<Pitch>1.86135793</Pitch>
				<Roll>-0.0636768267</Roll>
				<Yaw>87.7395477</Yaw>
			</Attachment>
		</Attachment>
		<Attachment>
			<ModelHash>0x715c7e1f</ModelHash>
			<Type>3</Type>
			<Dynamic>false</Dynamic>
			<FrozenPos>true</FrozenPos>
			<HashName>w_lr_homing</HashName>
			<InitialHandle>258345</InitialHandle>
			<ObjectProperties>
				<TextureVariation>0</TextureVariation>
			</ObjectProperties>
			<OpacityLevel>255</OpacityLevel>
			<LodDistance>16960</LodDistance>
			<IsVisible>true</IsVisible>
			<MaxHealth>1000</MaxHealth>
			<Health>1000</Health>
			<HasGravity>true</HasGravity>
			<IsOnFire>false</IsOnFire>
			<IsInvincible>false</IsInvincible>
			<IsBulletProof>false</IsBulletProof>
			<IsCollisionProof>false</IsCollisionProof>
			<IsExplosionProof>false</IsExplosionProof>
			<IsFireProof>false</IsFireProof>
			<IsMeleeProof>false</IsMeleeProof>
			<IsOnlyDamagedByPlayer>false</IsOnlyDamagedByPlayer>
			<PositionRotation>
				<X>2040.87598</X>
				<Y>3171.18066</Y>
				<Z>46.6698608</Z>
				<Pitch>3.78527904</Pitch>
				<Roll>0.428780794</Roll>
				<Yaw>-130.941559</Yaw>
			</PositionRotation>
			<Attachment isAttached="true">
				<AttachedTo>761627</AttachedTo>
				<BoneIndex>0</BoneIndex>
				<X>-0.576411843</X>
				<Y>0.554196775</Y>
				<Z>1.894701</Z>
				<Pitch>1.86135793</Pitch>
				<Roll>-0.0636768267</Roll>
				<Yaw>86.5262756</Yaw>
			</Attachment>
		</Attachment>
		<Attachment>
			<ModelHash>0x715c7e1f</ModelHash>
			<Type>3</Type>
			<Dynamic>false</Dynamic>
			<FrozenPos>true</FrozenPos>
			<HashName>w_lr_homing</HashName>
			<InitialHandle>61974</InitialHandle>
			<ObjectProperties>
				<TextureVariation>0</TextureVariation>
			</ObjectProperties>
			<OpacityLevel>255</OpacityLevel>
			<LodDistance>16960</LodDistance>
			<IsVisible>true</IsVisible>
			<MaxHealth>1000</MaxHealth>
			<Health>1000</Health>
			<HasGravity>true</HasGravity>
			<IsOnFire>false</IsOnFire>
			<IsInvincible>false</IsInvincible>
			<IsBulletProof>false</IsBulletProof>
			<IsCollisionProof>false</IsCollisionProof>
			<IsExplosionProof>false</IsExplosionProof>
			<IsFireProof>false</IsFireProof>
			<IsMeleeProof>false</IsMeleeProof>
			<IsOnlyDamagedByPlayer>false</IsOnlyDamagedByPlayer>
			<PositionRotation>
				<X>2040.62964</X>
				<Y>3171.38184</Y>
				<Z>46.659111</Z>
				<Pitch>3.77918434</Pitch>
				<Roll>0.452061236</Roll>
				<Yaw>-131.635742</Yaw>
			</PositionRotation>
			<Attachment isAttached="true">
				<AttachedTo>761627</AttachedTo>
				<BoneIndex>0</BoneIndex>
				<X>-0.258430958</X>
				<Y>0.544403493</Y>
				<Z>1.89470553</Z>
				<Pitch>1.86135793</Pitch>
				<Roll>-0.0636768267</Roll>
				<Yaw>85.8332062</Yaw>
			</Attachment>
		</Attachment>
		<Attachment>
			<ModelHash>0x45c35f6a</ModelHash>
			<Type>3</Type>
			<Dynamic>false</Dynamic>
			<FrozenPos>true</FrozenPos>
			<HashName>prop_dock_shippad</HashName>
			<InitialHandle>594474</InitialHandle>
			<ObjectProperties>
				<TextureVariation>0</TextureVariation>
			</ObjectProperties>
			<OpacityLevel>255</OpacityLevel>
			<LodDistance>16960</LodDistance>
			<IsVisible>true</IsVisible>
			<MaxHealth>1000</MaxHealth>
			<Health>1000</Health>
			<HasGravity>true</HasGravity>
			<IsOnFire>false</IsOnFire>
			<IsInvincible>false</IsInvincible>
			<IsBulletProof>false</IsBulletProof>
			<IsCollisionProof>false</IsCollisionProof>
			<IsExplosionProof>false</IsExplosionProof>
			<IsFireProof>false</IsFireProof>
			<IsMeleeProof>false</IsMeleeProof>
			<IsOnlyDamagedByPlayer>false</IsOnlyDamagedByPlayer>
			<PositionRotation>
				<X>2040.69592</X>
				<Y>3170.61865</Y>
				<Z>45.2370758</Z>
				<Pitch>-0.0810289308</Pitch>
				<Roll>-0.476673335</Roll>
				<Yaw>51.412426</Yaw>
			</PositionRotation>
			<Attachment isAttached="true">
				<AttachedTo>761627</AttachedTo>
				<BoneIndex>0</BoneIndex>
				<X>-0.726355314</X>
				<Y>1.11927617</Y>
				<Z>0.459638625</Z>
				<Pitch>1.86135793</Pitch>
				<Roll>-0.0636768267</Roll>
				<Yaw>-91.1504059</Yaw>
			</Attachment>
		</Attachment>
		<Attachment>
			<ModelHash>0x45c35f6a</ModelHash>
			<Type>3</Type>
			<Dynamic>false</Dynamic>
			<FrozenPos>true</FrozenPos>
			<HashName>prop_dock_shippad</HashName>
			<InitialHandle>670762</InitialHandle>
			<ObjectProperties>
				<TextureVariation>0</TextureVariation>
			</ObjectProperties>
			<OpacityLevel>255</OpacityLevel>
			<LodDistance>16960</LodDistance>
			<IsVisible>true</IsVisible>
			<MaxHealth>1000</MaxHealth>
			<Health>1000</Health>
			<HasGravity>true</HasGravity>
			<IsOnFire>false</IsOnFire>
			<IsInvincible>false</IsInvincible>
			<IsBulletProof>false</IsBulletProof>
			<IsCollisionProof>false</IsCollisionProof>
			<IsExplosionProof>false</IsExplosionProof>
			<IsFireProof>false</IsFireProof>
			<IsMeleeProof>false</IsMeleeProof>
			<IsOnlyDamagedByPlayer>false</IsOnlyDamagedByPlayer>
			<PositionRotation>
				<X>2039.55884</X>
				<Y>3171.46802</Y>
				<Z>45.2739029</Z>
				<Pitch>3.80742431</Pitch>
				<Roll>0.332048327</Roll>
				<Yaw>-128.078751</Yaw>
			</PositionRotation>
			<Attachment isAttached="true">
				<AttachedTo>761627</AttachedTo>
				<BoneIndex>0</BoneIndex>
				<X>0.690720022</X>
				<Y>1.13581181</Y>
				<Z>0.544848382</Z>
				<Pitch>1.86135793</Pitch>
				<Roll>-0.0636768267</Roll>
				<Yaw>89.3844147</Yaw>
			</Attachment>
		</Attachment>
		<Attachment>
			<ModelHash>0x7773ca4a</ModelHash>
			<Type>3</Type>
			<Dynamic>false</Dynamic>
			<FrozenPos>true</FrozenPos>
			<HashName>prop_fncsec_02pole</HashName>
			<InitialHandle>569387</InitialHandle>
			<ObjectProperties>
				<TextureVariation>0</TextureVariation>
			</ObjectProperties>
			<OpacityLevel>255</OpacityLevel>
			<LodDistance>16960</LodDistance>
			<IsVisible>true</IsVisible>
			<MaxHealth>1000</MaxHealth>
			<Health>1000</Health>
			<HasGravity>true</HasGravity>
			<IsOnFire>false</IsOnFire>
			<IsInvincible>false</IsInvincible>
			<IsBulletProof>false</IsBulletProof>
			<IsCollisionProof>false</IsCollisionProof>
			<IsExplosionProof>false</IsExplosionProof>
			<IsFireProof>false</IsFireProof>
			<IsMeleeProof>false</IsMeleeProof>
			<IsOnlyDamagedByPlayer>false</IsOnlyDamagedByPlayer>
			<PositionRotation>
				<X>2040.70862</X>
				<Y>3170.12158</Y>
				<Z>46.0300903</Z>
				<Pitch>2.25829506</Pitch>
				<Roll>-92.0106201</Roll>
				<Yaw>-38.0822449</Yaw>
			</PositionRotation>
			<Attachment isAttached="true">
				<AttachedTo>761627</AttachedTo>
				<BoneIndex>0</BoneIndex>
				<X>-1.06548154</X>
				<Y>1.50105035</Y>
				<Z>1.24407244</Z>
				<Pitch>1.86135745</Pitch>
				<Roll>-90.0636368</Roll>
				<Yaw>-180.708649</Yaw>
			</Attachment>
		</Attachment>
	</SpoonerAttachments>
</Vehicle>
