<?xml version="1.0" encoding="ISO-8859-1"?>
<Vehicle menyoo_ver="0.999876795b">
	<ModelHash>0x0a90ed5c</ModelHash>
	<InitialHandle>29194</InitialHandle>
	<VehicleProperties>
		<Colours>
			<Primary>154</Primary>
			<Secondary>154</Secondary>
			<Pearl>0</Pearl>
			<Rim>156</Rim>
			<Mod1_a>6</Mod1_a>
			<Mod1_b>-1</Mod1_b>
			<Mod1_c>-1</Mod1_c>
			<Mod2_a>6</Mod2_a>
			<Mod2_b>-1</Mod2_b>
			<IsPrimaryColourCustom>false</IsPrimaryColourCustom>
			<IsSecondaryColourCustom>false</IsSecondaryColourCustom>
			<tyreSmoke_R>255</tyreSmoke_R>
			<tyreSmoke_G>255</tyreSmoke_G>
			<tyreSmoke_B>255</tyreSmoke_B>
			<LrInterior>0</LrInterior>
			<LrDashboard>0</LrDashboard>
		</Colours>
		<Livery>-1</Livery>
		<NumberPlateText>85NKA681</NumberPlateText>
		<NumberPlateIndex>0</NumberPlateIndex>
		<WheelType>0</WheelType>
		<WheelsInvisible>false</WheelsInvisible>
		<EngineSoundName></EngineSoundName>
		<WindowTint>1</WindowTint>
		<BulletProofTyres>true</BulletProofTyres>
		<DirtLevel>0.844323754</DirtLevel>
		<PaintFade>0.298039228</PaintFade>
		<RoofState>0</RoofState>
		<SirenActive>false</SirenActive>
		<EngineOn>true</EngineOn>
		<EngineHealth>1000</EngineHealth>
		<LightsOn>false</LightsOn>
		<IsRadioLoud>0</IsRadioLoud>
		<LockStatus>1</LockStatus>
		<Neons>
			<Left>false</Left>
			<Right>false</Right>
			<Front>false</Front>
			<Back>false</Back>
			<R>255</R>
			<G>0</G>
			<B>255</B>
		</Neons>
		<ModExtras />
		<Mods>
			<_0>-1,0</_0>
			<_1>-1,0</_1>
			<_2>-1,0</_2>
			<_3>-1,0</_3>
			<_4>-1,0</_4>
			<_5>-1,0</_5>
			<_6>-1,0</_6>
			<_7>-1,0</_7>
			<_8>-1,0</_8>
			<_9>-1,0</_9>
			<_10>-1,0</_10>
			<_11>3,0</_11>
			<_12>2,0</_12>
			<_13>2,0</_13>
			<_14>44,0</_14>
			<_15>3,0</_15>
			<_16>4,0</_16>
			<_17>false</_17>
			<_18>true</_18>
			<_19>false</_19>
			<_20>true</_20>
			<_21>false</_21>
			<_22>true</_22>
			<_23>-1,0</_23>
			<_24>-1,0</_24>
			<_25>-1,0</_25>
			<_26>-1,0</_26>
			<_27>-1,0</_27>
			<_28>-1,0</_28>
			<_29>-1,0</_29>
			<_30>-1,0</_30>
			<_31>-1,0</_31>
			<_32>-1,0</_32>
			<_33>-1,0</_33>
			<_34>-1,0</_34>
			<_35>-1,0</_35>
			<_36>-1,0</_36>
			<_37>-1,0</_37>
			<_38>-1,0</_38>
			<_39>-1,0</_39>
			<_40>-1,0</_40>
			<_41>-1,0</_41>
			<_42>-1,0</_42>
			<_43>-1,0</_43>
			<_44>-1,0</_44>
			<_45>-1,0</_45>
			<_46>-1,0</_46>
			<_47>-1,0</_47>
			<_48>-1,0</_48>
		</Mods>
		<DoorsOpen>
			<BackLeftDoor>false</BackLeftDoor>
			<BackRightDoor>false</BackRightDoor>
			<FrontLeftDoor>false</FrontLeftDoor>
			<FrontRightDoor>false</FrontRightDoor>
			<Hood>false</Hood>
			<Trunk>false</Trunk>
			<Trunk2>false</Trunk2>
		</DoorsOpen>
		<DoorsBroken>
			<BackLeftDoor>false</BackLeftDoor>
			<BackRightDoor>false</BackRightDoor>
			<FrontLeftDoor>false</FrontLeftDoor>
			<FrontRightDoor>false</FrontRightDoor>
			<Hood>false</Hood>
			<Trunk>false</Trunk>
			<Trunk2>false</Trunk2>
		</DoorsBroken>
		<TyresBursted>
			<FrontLeft>false</FrontLeft>
			<FrontRight>false</FrontRight>
			<_2>false</_2>
			<_3>false</_3>
			<BackLeft>false</BackLeft>
			<BackRight>false</BackRight>
			<_6>false</_6>
			<_7>false</_7>
			<_8>false</_8>
		</TyresBursted>
		<RpmMultiplier>1</RpmMultiplier>
		<TorqueMultiplier>1</TorqueMultiplier>
		<HeadlightIntensity>1</HeadlightIntensity>
	</VehicleProperties>
	<OpacityLevel>255</OpacityLevel>
	<LodDistance>16960</LodDistance>
	<IsVisible>true</IsVisible>
	<IsDriverVisible>true</IsDriverVisible>
	<MaxHealth>1000</MaxHealth>
	<Health>1000</Health>
	<HasGravity>true</HasGravity>
	<IsOnFire>false</IsOnFire>
	<IsInvincible>false</IsInvincible>
	<IsBulletProof>false</IsBulletProof>
	<IsExplosionProof>false</IsExplosionProof>
	<IsFireProof>false</IsFireProof>
	<IsMeleeProof>false</IsMeleeProof>
	<IsOnlyDamagedByPlayer>false</IsOnlyDamagedByPlayer>
	<SpoonerAttachments SetAttachmentsPersistentAndAddToSpoonerDatabase="false" StartTaskSequencesOnLoad="true">
		<Attachment>
			<ModelHash>0x1ef861ce</ModelHash>
			<Type>3</Type>
			<Dynamic>false</Dynamic>
			<FrozenPos>true</FrozenPos>
			<HashName>prop_container_door_mb_r</HashName>
			<InitialHandle>62491</InitialHandle>
			<ObjectProperties>
				<TextureVariation>0</TextureVariation>
			</ObjectProperties>
			<OpacityLevel>255</OpacityLevel>
			<LodDistance>16960</LodDistance>
			<IsVisible>true</IsVisible>
			<MaxHealth>1000</MaxHealth>
			<Health>1000</Health>
			<HasGravity>true</HasGravity>
			<IsOnFire>false</IsOnFire>
			<IsInvincible>false</IsInvincible>
			<IsBulletProof>false</IsBulletProof>
			<IsCollisionProof>false</IsCollisionProof>
			<IsExplosionProof>false</IsExplosionProof>
			<IsFireProof>false</IsFireProof>
			<IsMeleeProof>false</IsMeleeProof>
			<IsOnlyDamagedByPlayer>false</IsOnlyDamagedByPlayer>
			<PositionRotation>
				<X>1447.06885</X>
				<Y>3183.3396</Y>
				<Z>41.0026932</Z>
				<Pitch>88.9383469</Pitch>
				<Roll>177.574753</Roll>
				<Yaw>-72.73172</Yaw>
			</PositionRotation>
			<Attachment isAttached="true">
				<AttachedTo>29194</AttachedTo>
				<BoneIndex>0</BoneIndex>
				<X>0</X>
				<Y>-1.60000002</Y>
				<Z>0.539999962</Z>
				<Pitch>90.9999924</Pitch>
				<Roll>0</Roll>
				<Yaw>0</Yaw>
			</Attachment>
		</Attachment>
		<Attachment>
			<ModelHash>0x1ef861ce</ModelHash>
			<Type>3</Type>
			<Dynamic>false</Dynamic>
			<FrozenPos>true</FrozenPos>
			<HashName>prop_container_door_mb_r</HashName>
			<InitialHandle>131367</InitialHandle>
			<ObjectProperties>
				<TextureVariation>0</TextureVariation>
			</ObjectProperties>
			<OpacityLevel>255</OpacityLevel>
			<LodDistance>16960</LodDistance>
			<IsVisible>true</IsVisible>
			<MaxHealth>1000</MaxHealth>
			<Health>1000</Health>
			<HasGravity>true</HasGravity>
			<IsOnFire>false</IsOnFire>
			<IsInvincible>false</IsInvincible>
			<IsBulletProof>false</IsBulletProof>
			<IsCollisionProof>false</IsCollisionProof>
			<IsExplosionProof>false</IsExplosionProof>
			<IsFireProof>false</IsFireProof>
			<IsMeleeProof>false</IsMeleeProof>
			<IsOnlyDamagedByPlayer>false</IsOnlyDamagedByPlayer>
			<PositionRotation>
				<X>1446.73584</X>
				<Y>3184.59619</Y>
				<Z>41.0016747</Z>
				<Pitch>88.9383469</Pitch>
				<Roll>177.574753</Roll>
				<Yaw>-72.73172</Yaw>
			</PositionRotation>
			<Attachment isAttached="true">
				<AttachedTo>29194</AttachedTo>
				<BoneIndex>0</BoneIndex>
				<X>1.29999983</X>
				<Y>-1.60000002</Y>
				<Z>0.539999962</Z>
				<Pitch>90.9999924</Pitch>
				<Roll>0</Roll>
				<Yaw>0</Yaw>
			</Attachment>
		</Attachment>
		<Attachment>
			<ModelHash>0x1ef861ce</ModelHash>
			<Type>3</Type>
			<Dynamic>false</Dynamic>
			<FrozenPos>true</FrozenPos>
			<HashName>prop_container_door_mb_r</HashName>
			<InitialHandle>101677</InitialHandle>
			<ObjectProperties>
				<TextureVariation>0</TextureVariation>
			</ObjectProperties>
			<OpacityLevel>255</OpacityLevel>
			<LodDistance>16960</LodDistance>
			<IsVisible>true</IsVisible>
			<MaxHealth>1000</MaxHealth>
			<Health>1000</Health>
			<HasGravity>true</HasGravity>
			<IsOnFire>false</IsOnFire>
			<IsInvincible>false</IsInvincible>
			<IsBulletProof>false</IsBulletProof>
			<IsCollisionProof>false</IsCollisionProof>
			<IsExplosionProof>false</IsExplosionProof>
			<IsFireProof>false</IsFireProof>
			<IsMeleeProof>false</IsMeleeProof>
			<IsOnlyDamagedByPlayer>false</IsOnlyDamagedByPlayer>
			<PositionRotation>
				<X>1448.37915</X>
				<Y>3185.03174</Y>
				<Z>40.9698639</Z>
				<Pitch>88.9383469</Pitch>
				<Roll>177.574753</Roll>
				<Yaw>-72.73172</Yaw>
			</PositionRotation>
			<Attachment isAttached="true">
				<AttachedTo>29194</AttachedTo>
				<BoneIndex>0</BoneIndex>
				<X>1.29999983</X>
				<Y>-3.29999876</Y>
				<Z>0.50999999</Z>
				<Pitch>90.9999924</Pitch>
				<Roll>0</Roll>
				<Yaw>0</Yaw>
			</Attachment>
		</Attachment>
		<Attachment>
			<ModelHash>0x1ef861ce</ModelHash>
			<Type>3</Type>
			<Dynamic>false</Dynamic>
			<FrozenPos>true</FrozenPos>
			<HashName>prop_container_door_mb_r</HashName>
			<InitialHandle>132146</InitialHandle>
			<ObjectProperties>
				<TextureVariation>0</TextureVariation>
			</ObjectProperties>
			<OpacityLevel>255</OpacityLevel>
			<LodDistance>16960</LodDistance>
			<IsVisible>true</IsVisible>
			<MaxHealth>1000</MaxHealth>
			<Health>1000</Health>
			<HasGravity>true</HasGravity>
			<IsOnFire>false</IsOnFire>
			<IsInvincible>false</IsInvincible>
			<IsBulletProof>false</IsBulletProof>
			<IsCollisionProof>false</IsCollisionProof>
			<IsExplosionProof>false</IsExplosionProof>
			<IsFireProof>false</IsFireProof>
			<IsMeleeProof>false</IsMeleeProof>
			<IsOnlyDamagedByPlayer>false</IsOnlyDamagedByPlayer>
			<PositionRotation>
				<X>1448.71216</X>
				<Y>3183.77515</Y>
				<Z>40.9708824</Z>
				<Pitch>88.9383469</Pitch>
				<Roll>177.574753</Roll>
				<Yaw>-72.73172</Yaw>
			</PositionRotation>
			<Attachment isAttached="true">
				<AttachedTo>29194</AttachedTo>
				<BoneIndex>0</BoneIndex>
				<X>-2.98023224e-07</X>
				<Y>-3.29999876</Y>
				<Z>0.50999999</Z>
				<Pitch>90.9999924</Pitch>
				<Roll>0</Roll>
				<Yaw>0</Yaw>
			</Attachment>
		</Attachment>
		<Attachment>
			<ModelHash>0x1ef861ce</ModelHash>
			<Type>3</Type>
			<Dynamic>false</Dynamic>
			<FrozenPos>true</FrozenPos>
			<HashName>prop_container_door_mb_r</HashName>
			<InitialHandle>19246</InitialHandle>
			<ObjectProperties>
				<TextureVariation>0</TextureVariation>
			</ObjectProperties>
			<OpacityLevel>255</OpacityLevel>
			<LodDistance>16960</LodDistance>
			<IsVisible>true</IsVisible>
			<MaxHealth>1000</MaxHealth>
			<Health>1000</Health>
			<HasGravity>true</HasGravity>
			<IsOnFire>false</IsOnFire>
			<IsInvincible>false</IsInvincible>
			<IsBulletProof>false</IsBulletProof>
			<IsCollisionProof>false</IsCollisionProof>
			<IsExplosionProof>false</IsExplosionProof>
			<IsFireProof>false</IsFireProof>
			<IsMeleeProof>false</IsMeleeProof>
			<IsOnlyDamagedByPlayer>false</IsOnlyDamagedByPlayer>
			<PositionRotation>
				<X>1447.46094</X>
				<Y>3182.09961</Y>
				<Z>42.263649</Z>
				<Pitch>-0.0449340343</Pitch>
				<Roll>0.0609993674</Roll>
				<Yaw>14.8434839</Yaw>
			</PositionRotation>
			<Attachment isAttached="true">
				<AttachedTo>29194</AttachedTo>
				<BoneIndex>0</BoneIndex>
				<X>-1.29999995</X>
				<Y>-1.66000021</Y>
				<Z>1.79999995</Z>
				<Pitch>0</Pitch>
				<Roll>0</Roll>
				<Yaw>-89.9999924</Yaw>
			</Attachment>
		</Attachment>
		<Attachment>
			<ModelHash>0x1ef861ce</ModelHash>
			<Type>3</Type>
			<Dynamic>false</Dynamic>
			<FrozenPos>true</FrozenPos>
			<HashName>prop_container_door_mb_r</HashName>
			<InitialHandle>158524</InitialHandle>
			<ObjectProperties>
				<TextureVariation>0</TextureVariation>
			</ObjectProperties>
			<OpacityLevel>255</OpacityLevel>
			<LodDistance>16960</LodDistance>
			<IsVisible>true</IsVisible>
			<MaxHealth>1000</MaxHealth>
			<Health>1000</Health>
			<HasGravity>true</HasGravity>
			<IsOnFire>false</IsOnFire>
			<IsInvincible>false</IsInvincible>
			<IsBulletProof>false</IsBulletProof>
			<IsCollisionProof>false</IsCollisionProof>
			<IsExplosionProof>false</IsExplosionProof>
			<IsFireProof>false</IsFireProof>
			<IsMeleeProof>false</IsMeleeProof>
			<IsOnlyDamagedByPlayer>false</IsOnlyDamagedByPlayer>
			<PositionRotation>
				<X>1448.6886</X>
				<Y>3182.42505</Y>
				<Z>42.2622948</Z>
				<Pitch>-0.0449340343</Pitch>
				<Roll>0.0609993674</Roll>
				<Yaw>14.8434839</Yaw>
			</PositionRotation>
			<Attachment isAttached="true">
				<AttachedTo>29194</AttachedTo>
				<BoneIndex>0</BoneIndex>
				<X>-1.29999995</X>
				<Y>-2.92999911</Y>
				<Z>1.79999995</Z>
				<Pitch>0</Pitch>
				<Roll>0</Roll>
				<Yaw>-89.9999924</Yaw>
			</Attachment>
		</Attachment>
		<Attachment>
			<ModelHash>0x1ef861ce</ModelHash>
			<Type>3</Type>
			<Dynamic>false</Dynamic>
			<FrozenPos>true</FrozenPos>
			<HashName>prop_container_door_mb_r</HashName>
			<InitialHandle>112962</InitialHandle>
			<ObjectProperties>
				<TextureVariation>0</TextureVariation>
			</ObjectProperties>
			<OpacityLevel>255</OpacityLevel>
			<LodDistance>16960</LodDistance>
			<IsVisible>true</IsVisible>
			<MaxHealth>1000</MaxHealth>
			<Health>1000</Health>
			<HasGravity>true</HasGravity>
			<IsOnFire>false</IsOnFire>
			<IsInvincible>false</IsInvincible>
			<IsBulletProof>false</IsBulletProof>
			<IsCollisionProof>false</IsCollisionProof>
			<IsExplosionProof>false</IsExplosionProof>
			<IsFireProof>false</IsFireProof>
			<IsMeleeProof>false</IsMeleeProof>
			<IsOnlyDamagedByPlayer>false</IsOnlyDamagedByPlayer>
			<PositionRotation>
				<X>1449.91626</X>
				<Y>3182.75049</Y>
				<Z>42.2609444</Z>
				<Pitch>-0.0449340343</Pitch>
				<Roll>0.0609993674</Roll>
				<Yaw>14.8434839</Yaw>
			</PositionRotation>
			<Attachment isAttached="true">
				<AttachedTo>29194</AttachedTo>
				<BoneIndex>0</BoneIndex>
				<X>-1.29999995</X>
				<Y>-4.1999979</Y>
				<Z>1.79999995</Z>
				<Pitch>0</Pitch>
				<Roll>0</Roll>
				<Yaw>-89.9999924</Yaw>
			</Attachment>
		</Attachment>
		<Attachment>
			<ModelHash>0x1ef861ce</ModelHash>
			<Type>3</Type>
			<Dynamic>false</Dynamic>
			<FrozenPos>true</FrozenPos>
			<HashName>prop_container_door_mb_r</HashName>
			<InitialHandle>14916</InitialHandle>
			<ObjectProperties>
				<TextureVariation>0</TextureVariation>
			</ObjectProperties>
			<OpacityLevel>255</OpacityLevel>
			<LodDistance>16960</LodDistance>
			<IsVisible>true</IsVisible>
			<MaxHealth>1000</MaxHealth>
			<Health>1000</Health>
			<HasGravity>true</HasGravity>
			<IsOnFire>false</IsOnFire>
			<IsInvincible>false</IsInvincible>
			<IsBulletProof>false</IsBulletProof>
			<IsCollisionProof>false</IsCollisionProof>
			<IsExplosionProof>false</IsExplosionProof>
			<IsFireProof>false</IsFireProof>
			<IsMeleeProof>false</IsMeleeProof>
			<IsOnlyDamagedByPlayer>false</IsOnlyDamagedByPlayer>
			<PositionRotation>
				<X>1445.54395</X>
				<Y>3184.21924</Y>
				<Z>42.2630501</Z>
				<Pitch>0.0449340343</Pitch>
				<Roll>-0.0609993674</Roll>
				<Yaw>-165.156509</Yaw>
			</PositionRotation>
			<Attachment isAttached="true">
				<AttachedTo>29194</AttachedTo>
				<BoneIndex>0</BoneIndex>
				<X>1.23999965</X>
				<Y>-0.349999994</Y>
				<Z>1.79999995</Z>
				<Pitch>0</Pitch>
				<Roll>0</Roll>
				<Yaw>90.0000153</Yaw>
			</Attachment>
		</Attachment>
		<Attachment>
			<ModelHash>0x1ef861ce</ModelHash>
			<Type>3</Type>
			<Dynamic>false</Dynamic>
			<FrozenPos>true</FrozenPos>
			<HashName>prop_container_door_mb_r</HashName>
			<InitialHandle>73803</InitialHandle>
			<ObjectProperties>
				<TextureVariation>0</TextureVariation>
			</ObjectProperties>
			<OpacityLevel>255</OpacityLevel>
			<LodDistance>16960</LodDistance>
			<IsVisible>true</IsVisible>
			<MaxHealth>1000</MaxHealth>
			<Health>1000</Health>
			<HasGravity>true</HasGravity>
			<IsOnFire>false</IsOnFire>
			<IsInvincible>false</IsInvincible>
			<IsBulletProof>false</IsBulletProof>
			<IsCollisionProof>false</IsCollisionProof>
			<IsExplosionProof>false</IsExplosionProof>
			<IsFireProof>false</IsFireProof>
			<IsMeleeProof>false</IsMeleeProof>
			<IsOnlyDamagedByPlayer>false</IsOnlyDamagedByPlayer>
			<PositionRotation>
				<X>1446.76196</X>
				<Y>3184.54224</Y>
				<Z>42.2617111</Z>
				<Pitch>0.0449340343</Pitch>
				<Roll>-0.0609993674</Roll>
				<Yaw>-165.156509</Yaw>
			</PositionRotation>
			<Attachment isAttached="true">
				<AttachedTo>29194</AttachedTo>
				<BoneIndex>0</BoneIndex>
				<X>1.23999965</X>
				<Y>-1.61000001</Y>
				<Z>1.79999995</Z>
				<Pitch>0</Pitch>
				<Roll>0</Roll>
				<Yaw>90.0000153</Yaw>
			</Attachment>
		</Attachment>
		<Attachment>
			<ModelHash>0x1ef861ce</ModelHash>
			<Type>3</Type>
			<Dynamic>false</Dynamic>
			<FrozenPos>true</FrozenPos>
			<HashName>prop_container_door_mb_r</HashName>
			<InitialHandle>119369</InitialHandle>
			<ObjectProperties>
				<TextureVariation>0</TextureVariation>
			</ObjectProperties>
			<OpacityLevel>255</OpacityLevel>
			<LodDistance>16960</LodDistance>
			<IsVisible>true</IsVisible>
			<MaxHealth>1000</MaxHealth>
			<Health>1000</Health>
			<HasGravity>true</HasGravity>
			<IsOnFire>false</IsOnFire>
			<IsInvincible>false</IsInvincible>
			<IsBulletProof>false</IsBulletProof>
			<IsCollisionProof>false</IsCollisionProof>
			<IsExplosionProof>false</IsExplosionProof>
			<IsFireProof>false</IsFireProof>
			<IsMeleeProof>false</IsMeleeProof>
			<IsOnlyDamagedByPlayer>false</IsOnlyDamagedByPlayer>
			<PositionRotation>
				<X>1447.92188</X>
				<Y>3184.84961</Y>
				<Z>42.2604332</Z>
				<Pitch>0.0449340343</Pitch>
				<Roll>-0.0609993674</Roll>
				<Yaw>-165.156509</Yaw>
			</PositionRotation>
			<Attachment isAttached="true">
				<AttachedTo>29194</AttachedTo>
				<BoneIndex>0</BoneIndex>
				<X>1.23999965</X>
				<Y>-2.80999923</Y>
				<Z>1.79999995</Z>
				<Pitch>0</Pitch>
				<Roll>0</Roll>
				<Yaw>90.0000153</Yaw>
			</Attachment>
		</Attachment>
		<Attachment>
			<ModelHash>0x1ef861ce</ModelHash>
			<Type>3</Type>
			<Dynamic>false</Dynamic>
			<FrozenPos>true</FrozenPos>
			<HashName>prop_container_door_mb_r</HashName>
			<InitialHandle>120661</InitialHandle>
			<ObjectProperties>
				<TextureVariation>0</TextureVariation>
			</ObjectProperties>
			<OpacityLevel>255</OpacityLevel>
			<LodDistance>16960</LodDistance>
			<IsVisible>true</IsVisible>
			<MaxHealth>1000</MaxHealth>
			<Health>1000</Health>
			<HasGravity>true</HasGravity>
			<IsOnFire>false</IsOnFire>
			<IsInvincible>false</IsInvincible>
			<IsBulletProof>false</IsBulletProof>
			<IsCollisionProof>false</IsCollisionProof>
			<IsExplosionProof>false</IsExplosionProof>
			<IsFireProof>false</IsFireProof>
			<IsMeleeProof>false</IsMeleeProof>
			<IsOnlyDamagedByPlayer>false</IsOnlyDamagedByPlayer>
			<PositionRotation>
				<X>1449.16431</X>
				<Y>3185.1582</Y>
				<Z>42.2590866</Z>
				<Pitch>0.0609993488</Pitch>
				<Roll>0.0449340604</Roll>
				<Yaw>104.843422</Yaw>
			</PositionRotation>
			<Attachment isAttached="true">
				<AttachedTo>29194</AttachedTo>
				<BoneIndex>0</BoneIndex>
				<X>1.21999967</X>
				<Y>-4.09000015</Y>
				<Z>1.79999995</Z>
				<Pitch>0</Pitch>
				<Roll>0</Roll>
				<Yaw>1.71661377e-05</Yaw>
			</Attachment>
		</Attachment>
		<Attachment>
			<ModelHash>0x1ef861ce</ModelHash>
			<Type>3</Type>
			<Dynamic>false</Dynamic>
			<FrozenPos>true</FrozenPos>
			<HashName>prop_container_door_mb_r</HashName>
			<InitialHandle>168276</InitialHandle>
			<ObjectProperties>
				<TextureVariation>0</TextureVariation>
			</ObjectProperties>
			<OpacityLevel>255</OpacityLevel>
			<LodDistance>16960</LodDistance>
			<IsVisible>true</IsVisible>
			<MaxHealth>1000</MaxHealth>
			<Health>1000</Health>
			<HasGravity>true</HasGravity>
			<IsOnFire>false</IsOnFire>
			<IsInvincible>false</IsInvincible>
			<IsBulletProof>false</IsBulletProof>
			<IsCollisionProof>false</IsCollisionProof>
			<IsExplosionProof>false</IsExplosionProof>
			<IsFireProof>false</IsFireProof>
			<IsMeleeProof>false</IsMeleeProof>
			<IsOnlyDamagedByPlayer>false</IsOnlyDamagedByPlayer>
			<PositionRotation>
				<X>1449.16431</X>
				<Y>3185.1582</Y>
				<Z>42.2590866</Z>
				<Pitch>0.0609993488</Pitch>
				<Roll>0.0449340604</Roll>
				<Yaw>104.843422</Yaw>
			</PositionRotation>
			<Attachment isAttached="true">
				<AttachedTo>29194</AttachedTo>
				<BoneIndex>0</BoneIndex>
				<X>1.21999967</X>
				<Y>-4.09000015</Y>
				<Z>1.79999995</Z>
				<Pitch>0</Pitch>
				<Roll>0</Roll>
				<Yaw>1.71661377e-05</Yaw>
			</Attachment>
		</Attachment>
		<Attachment>
			<ModelHash>0x55a8cf2a</ModelHash>
			<Type>3</Type>
			<Dynamic>false</Dynamic>
			<FrozenPos>true</FrozenPos>
			<HashName>prop_container_door_mb_l</HashName>
			<InitialHandle>150619</InitialHandle>
			<ObjectProperties>
				<TextureVariation>0</TextureVariation>
			</ObjectProperties>
			<OpacityLevel>255</OpacityLevel>
			<LodDistance>16960</LodDistance>
			<IsVisible>true</IsVisible>
			<MaxHealth>1000</MaxHealth>
			<Health>1000</Health>
			<HasGravity>true</HasGravity>
			<IsOnFire>false</IsOnFire>
			<IsInvincible>false</IsInvincible>
			<IsBulletProof>false</IsBulletProof>
			<IsCollisionProof>false</IsCollisionProof>
			<IsExplosionProof>false</IsExplosionProof>
			<IsFireProof>false</IsFireProof>
			<IsMeleeProof>false</IsMeleeProof>
			<IsOnlyDamagedByPlayer>false</IsOnlyDamagedByPlayer>
			<PositionRotation>
				<X>1449.85828</X>
				<Y>3182.73511</Y>
				<Z>42.2610092</Z>
				<Pitch>0.0625303537</Pitch>
				<Roll>0.0427778549</Roll>
				<Yaw>106.843414</Yaw>
			</PositionRotation>
			<Attachment isAttached="true">
				<AttachedTo>29194</AttachedTo>
				<BoneIndex>0</BoneIndex>
				<X>-1.29999983</X>
				<Y>-4.13999748</Y>
				<Z>1.79999995</Z>
				<Pitch>0</Pitch>
				<Roll>0</Roll>
				<Yaw>1.99999976</Yaw>
			</Attachment>
		</Attachment>
		<Attachment>
			<ModelHash>0x55a8cf2a</ModelHash>
			<Type>3</Type>
			<Dynamic>false</Dynamic>
			<FrozenPos>true</FrozenPos>
			<HashName>prop_container_door_mb_l</HashName>
			<InitialHandle>66155</InitialHandle>
			<ObjectProperties>
				<TextureVariation>0</TextureVariation>
			</ObjectProperties>
			<OpacityLevel>255</OpacityLevel>
			<LodDistance>16960</LodDistance>
			<IsVisible>true</IsVisible>
			<MaxHealth>1000</MaxHealth>
			<Health>1000</Health>
			<HasGravity>true</HasGravity>
			<IsOnFire>false</IsOnFire>
			<IsInvincible>false</IsInvincible>
			<IsBulletProof>false</IsBulletProof>
			<IsCollisionProof>false</IsCollisionProof>
			<IsExplosionProof>false</IsExplosionProof>
			<IsFireProof>false</IsFireProof>
			<IsMeleeProof>false</IsMeleeProof>
			<IsOnlyDamagedByPlayer>false</IsOnlyDamagedByPlayer>
			<PositionRotation>
				<X>1445.85205</X>
				<Y>3183.01807</Y>
				<Z>42.2640343</Z>
				<Pitch>-0.0625303611</Pitch>
				<Roll>-0.04277784</Roll>
				<Yaw>-73.1565704</Yaw>
			</PositionRotation>
			<Attachment isAttached="true">
				<AttachedTo>29194</AttachedTo>
				<BoneIndex>0</BoneIndex>
				<X>-1.49011612e-08</X>
				<Y>-0.339999437</Y>
				<Z>1.79999995</Z>
				<Pitch>0</Pitch>
				<Roll>0</Roll>
				<Yaw>-177.999985</Yaw>
			</Attachment>
		</Attachment>
		<Attachment>
			<ModelHash>0x1ef861ce</ModelHash>
			<Type>3</Type>
			<Dynamic>false</Dynamic>
			<FrozenPos>true</FrozenPos>
			<HashName>prop_container_door_mb_r</HashName>
			<InitialHandle>49004</InitialHandle>
			<ObjectProperties>
				<TextureVariation>0</TextureVariation>
			</ObjectProperties>
			<OpacityLevel>255</OpacityLevel>
			<LodDistance>16960</LodDistance>
			<IsVisible>true</IsVisible>
			<MaxHealth>1000</MaxHealth>
			<Health>1000</Health>
			<HasGravity>true</HasGravity>
			<IsOnFire>false</IsOnFire>
			<IsInvincible>false</IsInvincible>
			<IsBulletProof>false</IsBulletProof>
			<IsCollisionProof>false</IsCollisionProof>
			<IsExplosionProof>false</IsExplosionProof>
			<IsFireProof>false</IsFireProof>
			<IsMeleeProof>false</IsMeleeProof>
			<IsOnlyDamagedByPlayer>false</IsOnlyDamagedByPlayer>
			<PositionRotation>
				<X>1445.87244</X>
				<Y>3182.94092</Y>
				<Z>42.2640991</Z>
				<Pitch>-0.0609993637</Pitch>
				<Roll>-0.0449340418</Roll>
				<Yaw>-75.1565399</Yaw>
			</PositionRotation>
			<Attachment isAttached="true">
				<AttachedTo>29194</AttachedTo>
				<BoneIndex>0</BoneIndex>
				<X>-0.0800001398</X>
				<Y>-0.34000206</Y>
				<Z>1.79999995</Z>
				<Pitch>0</Pitch>
				<Roll>0</Roll>
				<Yaw>-179.999969</Yaw>
			</Attachment>
		</Attachment>
		<Attachment>
			<ModelHash>0x677fbfad</ModelHash>
			<Type>3</Type>
			<Dynamic>false</Dynamic>
			<FrozenPos>true</FrozenPos>
			<HashName>xm_prop_x17_shovel_01a</HashName>
			<InitialHandle>110718</InitialHandle>
			<ObjectProperties>
				<TextureVariation>0</TextureVariation>
			</ObjectProperties>
			<OpacityLevel>255</OpacityLevel>
			<LodDistance>16960</LodDistance>
			<IsVisible>true</IsVisible>
			<MaxHealth>1000</MaxHealth>
			<Health>1000</Health>
			<HasGravity>true</HasGravity>
			<IsOnFire>false</IsOnFire>
			<IsInvincible>false</IsInvincible>
			<IsBulletProof>false</IsBulletProof>
			<IsCollisionProof>false</IsCollisionProof>
			<IsExplosionProof>false</IsExplosionProof>
			<IsFireProof>false</IsFireProof>
			<IsMeleeProof>false</IsMeleeProof>
			<IsOnlyDamagedByPlayer>false</IsOnlyDamagedByPlayer>
			<PositionRotation>
				<X>1441.55273</X>
				<Y>3181.35303</Y>
				<Z>41.6335793</Z>
				<Pitch>-86.6156845</Pitch>
				<Roll>-0.293798506</Roll>
				<Yaw>-75.9726944</Yaw>
			</PositionRotation>
			<Attachment isAttached="true">
				<AttachedTo>29194</AttachedTo>
				<BoneIndex>0</BoneIndex>
				<X>-0.507653177</X>
				<Y>4.24170351</Y>
				<Z>1.16426694</Z>
				<Pitch>-86.5550537</Pitch>
				<Roll>0.468394279</Roll>
				<Yaw>-180.055298</Yaw>
			</Attachment>
		</Attachment>
		<Attachment>
			<ModelHash>0x677fbfad</ModelHash>
			<Type>3</Type>
			<Dynamic>false</Dynamic>
			<FrozenPos>true</FrozenPos>
			<HashName>xm_prop_x17_shovel_01a</HashName>
			<InitialHandle>99591</InitialHandle>
			<ObjectProperties>
				<TextureVariation>0</TextureVariation>
			</ObjectProperties>
			<OpacityLevel>255</OpacityLevel>
			<LodDistance>16960</LodDistance>
			<IsVisible>true</IsVisible>
			<MaxHealth>1000</MaxHealth>
			<Health>1000</Health>
			<HasGravity>true</HasGravity>
			<IsOnFire>false</IsOnFire>
			<IsInvincible>false</IsInvincible>
			<IsBulletProof>false</IsBulletProof>
			<IsCollisionProof>false</IsCollisionProof>
			<IsExplosionProof>false</IsExplosionProof>
			<IsFireProof>false</IsFireProof>
			<IsMeleeProof>false</IsMeleeProof>
			<IsOnlyDamagedByPlayer>false</IsOnlyDamagedByPlayer>
			<PositionRotation>
				<X>1441.27087</X>
				<Y>3182.41626</Y>
				<Z>41.6327171</Z>
				<Pitch>-86.6156845</Pitch>
				<Roll>-0.293798506</Roll>
				<Yaw>-75.9726944</Yaw>
			</PositionRotation>
			<Attachment isAttached="true">
				<AttachedTo>29194</AttachedTo>
				<BoneIndex>0</BoneIndex>
				<X>0.592346728</X>
				<Y>4.24170351</Y>
				<Z>1.16426694</Z>
				<Pitch>-86.5550537</Pitch>
				<Roll>0.468394279</Roll>
				<Yaw>-180.055298</Yaw>
			</Attachment>
		</Attachment>
		<Attachment>
			<ModelHash>0xd68b444f</ModelHash>
			<Type>3</Type>
			<Dynamic>false</Dynamic>
			<FrozenPos>true</FrozenPos>
			<HashName>xm_int_lev_scuba_gear</HashName>
			<InitialHandle>120854</InitialHandle>
			<ObjectProperties>
				<TextureVariation>0</TextureVariation>
			</ObjectProperties>
			<OpacityLevel>255</OpacityLevel>
			<LodDistance>16960</LodDistance>
			<IsVisible>true</IsVisible>
			<MaxHealth>1000</MaxHealth>
			<Health>1000</Health>
			<HasGravity>true</HasGravity>
			<IsOnFire>false</IsOnFire>
			<IsInvincible>false</IsInvincible>
			<IsBulletProof>false</IsBulletProof>
			<IsCollisionProof>false</IsCollisionProof>
			<IsExplosionProof>false</IsExplosionProof>
			<IsFireProof>false</IsFireProof>
			<IsMeleeProof>false</IsMeleeProof>
			<IsOnlyDamagedByPlayer>false</IsOnlyDamagedByPlayer>
			<PositionRotation>
				<X>1446.56067</X>
				<Y>3184.32007</Y>
				<Z>42.2911148</Z>
				<Pitch>-2.60024214</Pitch>
				<Roll>0.52927053</Roll>
				<Yaw>14.6107645</Yaw>
			</PositionRotation>
			<Attachment isAttached="true">
				<AttachedTo>29194</AttachedTo>
				<BoneIndex>0</BoneIndex>
				<X>1.07679796</X>
				<Y>-1.35851347</Y>
				<Z>1.82900858</Z>
				<Pitch>-2.55505943</Pitch>
				<Roll>0.468393922</Roll>
				<Yaw>-90.2354126</Yaw>
			</Attachment>
		</Attachment>
		<Attachment>
			<ModelHash>0xa91468a8</ModelHash>
			<Type>3</Type>
			<Dynamic>false</Dynamic>
			<FrozenPos>true</FrozenPos>
			<HashName>xm_int_lev_silo_doorlight_01</HashName>
			<InitialHandle>157723</InitialHandle>
			<ObjectProperties>
				<TextureVariation>0</TextureVariation>
			</ObjectProperties>
			<OpacityLevel>255</OpacityLevel>
			<LodDistance>16960</LodDistance>
			<IsVisible>true</IsVisible>
			<MaxHealth>1000</MaxHealth>
			<Health>1000</Health>
			<HasGravity>true</HasGravity>
			<IsOnFire>false</IsOnFire>
			<IsInvincible>false</IsInvincible>
			<IsBulletProof>false</IsBulletProof>
			<IsCollisionProof>false</IsCollisionProof>
			<IsExplosionProof>false</IsExplosionProof>
			<IsFireProof>false</IsFireProof>
			<IsMeleeProof>false</IsMeleeProof>
			<IsOnlyDamagedByPlayer>false</IsOnlyDamagedByPlayer>
			<PositionRotation>
				<X>1449.24731</X>
				<Y>3184.78296</Y>
				<Z>41.300293</Z>
				<Pitch>-0.19466494</Pitch>
				<Roll>0.514137685</Roll>
				<Yaw>104.079582</Yaw>
			</PositionRotation>
			<Attachment isAttached="true">
				<AttachedTo>29194</AttachedTo>
				<BoneIndex>0</BoneIndex>
				<X>0.836874723</X>
				<Y>-4.07509327</Y>
				<Z>0.840891361</Z>
				<Pitch>-0.255059808</Pitch>
				<Roll>0.468393922</Roll>
				<Yaw>-0.764030457</Yaw>
			</Attachment>
		</Attachment>
		<Attachment>
			<ModelHash>0x99a8865c</ModelHash>
			<Type>3</Type>
			<Dynamic>false</Dynamic>
			<FrozenPos>true</FrozenPos>
			<HashName>xm_int_lev_silo_keypad_01</HashName>
			<InitialHandle>64035</InitialHandle>
			<ObjectProperties>
				<TextureVariation>0</TextureVariation>
			</ObjectProperties>
			<OpacityLevel>255</OpacityLevel>
			<LodDistance>16960</LodDistance>
			<IsVisible>true</IsVisible>
			<MaxHealth>1000</MaxHealth>
			<Health>1000</Health>
			<HasGravity>true</HasGravity>
			<IsOnFire>false</IsOnFire>
			<IsInvincible>false</IsInvincible>
			<IsBulletProof>false</IsBulletProof>
			<IsCollisionProof>false</IsCollisionProof>
			<IsExplosionProof>false</IsExplosionProof>
			<IsFireProof>false</IsFireProof>
			<IsMeleeProof>false</IsMeleeProof>
			<IsOnlyDamagedByPlayer>false</IsOnlyDamagedByPlayer>
			<PositionRotation>
				<X>1445.34314</X>
				<Y>3181.45264</Y>
				<Z>41.7470512</Z>
				<Pitch>-0.301340967</Pitch>
				<Roll>0.528378189</Roll>
				<Yaw>13.5675955</Yaw>
			</PositionRotation>
			<Attachment isAttached="true">
				<AttachedTo>29194</AttachedTo>
				<BoneIndex>0</BoneIndex>
				<X>-1.38263345</X>
				<Y>0.552357972</Y>
				<Z>1.28098333</Z>
				<Pitch>-0.255059808</Pitch>
				<Roll>0.468393922</Roll>
				<Yaw>-91.2761459</Yaw>
			</Attachment>
		</Attachment>
		<Attachment>
			<ModelHash>0xf3823266</ModelHash>
			<Type>3</Type>
			<Dynamic>false</Dynamic>
			<FrozenPos>true</FrozenPos>
			<HashName>xm_prop_crates_rifles_04a</HashName>
			<InitialHandle>172631</InitialHandle>
			<ObjectProperties>
				<TextureVariation>0</TextureVariation>
			</ObjectProperties>
			<OpacityLevel>255</OpacityLevel>
			<LodDistance>16960</LodDistance>
			<IsVisible>true</IsVisible>
			<MaxHealth>1000</MaxHealth>
			<Health>1000</Health>
			<HasGravity>true</HasGravity>
			<IsOnFire>false</IsOnFire>
			<IsInvincible>false</IsInvincible>
			<IsBulletProof>false</IsBulletProof>
			<IsCollisionProof>false</IsCollisionProof>
			<IsExplosionProof>false</IsExplosionProof>
			<IsFireProof>false</IsFireProof>
			<IsMeleeProof>false</IsMeleeProof>
			<IsOnlyDamagedByPlayer>false</IsOnlyDamagedByPlayer>
			<PositionRotation>
				<X>1448.54626</X>
				<Y>3183.84277</Y>
				<Z>40.9897385</Z>
				<Pitch>0.489937603</Pitch>
				<Roll>0.407439172</Roll>
				<Yaw>-165.215881</Yaw>
			</PositionRotation>
			<Attachment isAttached="true">
				<AttachedTo>29194</AttachedTo>
				<BoneIndex>0</BoneIndex>
				<X>0.107854828</X>
				<Y>-3.15698195</Y>
				<Z>0.528785765</Z>
				<Pitch>0.44494012</Pitch>
				<Roll>0.468393922</Roll>
				<Yaw>-270.059845</Yaw>
			</Attachment>
		</Attachment>
		<Attachment>
			<ModelHash>0xdb237e5d</ModelHash>
			<Type>3</Type>
			<Dynamic>false</Dynamic>
			<FrozenPos>true</FrozenPos>
			<HashName>xm_prop_crates_rifles_02a</HashName>
			<InitialHandle>147028</InitialHandle>
			<ObjectProperties>
				<TextureVariation>0</TextureVariation>
			</ObjectProperties>
			<OpacityLevel>255</OpacityLevel>
			<LodDistance>16960</LodDistance>
			<IsVisible>true</IsVisible>
			<MaxHealth>1000</MaxHealth>
			<Health>1000</Health>
			<HasGravity>true</HasGravity>
			<IsOnFire>false</IsOnFire>
			<IsInvincible>false</IsInvincible>
			<IsBulletProof>false</IsBulletProof>
			<IsCollisionProof>false</IsCollisionProof>
			<IsExplosionProof>false</IsExplosionProof>
			<IsFireProof>false</IsFireProof>
			<IsMeleeProof>false</IsMeleeProof>
			<IsOnlyDamagedByPlayer>false</IsOnlyDamagedByPlayer>
			<PositionRotation>
				<X>1446.90527</X>
				<Y>3183.29883</Y>
				<Z>41.0221024</Z>
				<Pitch>0.490212798</Pitch>
				<Roll>0.407643437</Roll>
				<Yaw>-165.475021</Yaw>
			</PositionRotation>
			<Attachment isAttached="true">
				<AttachedTo>29194</AttachedTo>
				<BoneIndex>0</BoneIndex>
				<X>0.00234329887</X>
				<Y>-1.43134022</Y>
				<Z>0.559232831</Z>
				<Pitch>0.44494012</Pitch>
				<Roll>0.468393922</Roll>
				<Yaw>-270.31897</Yaw>
			</Attachment>
		</Attachment>
		<Attachment>
			<ModelHash>0x625cdc13</ModelHash>
			<Type>3</Type>
			<Dynamic>false</Dynamic>
			<FrozenPos>true</FrozenPos>
			<HashName>xm_prop_x17_powerbox_01</HashName>
			<InitialHandle>124929</InitialHandle>
			<ObjectProperties>
				<TextureVariation>0</TextureVariation>
			</ObjectProperties>
			<OpacityLevel>255</OpacityLevel>
			<LodDistance>16960</LodDistance>
			<IsVisible>true</IsVisible>
			<MaxHealth>1000</MaxHealth>
			<Health>1000</Health>
			<HasGravity>true</HasGravity>
			<IsOnFire>false</IsOnFire>
			<IsInvincible>false</IsInvincible>
			<IsBulletProof>false</IsBulletProof>
			<IsCollisionProof>false</IsCollisionProof>
			<IsExplosionProof>false</IsExplosionProof>
			<IsFireProof>false</IsFireProof>
			<IsMeleeProof>false</IsMeleeProof>
			<IsOnlyDamagedByPlayer>false</IsOnlyDamagedByPlayer>
			<PositionRotation>
				<X>1444.53271</X>
				<Y>3184.06494</Y>
				<Z>41.626358</Z>
				<Pitch>0.490119934</Pitch>
				<Roll>0.407574117</Roll>
				<Yaw>-165.38739</Yaw>
			</PositionRotation>
			<Attachment isAttached="true">
				<AttachedTo>29194</AttachedTo>
				<BoneIndex>0</BoneIndex>
				<X>1.35038269</X>
				<Y>0.666426778</Y>
				<Z>1.16231167</Z>
				<Pitch>0.44494012</Pitch>
				<Roll>0.468393922</Roll>
				<Yaw>-270.231354</Yaw>
			</Attachment>
		</Attachment>
		<Attachment>
			<ModelHash>0xdff7cc31</ModelHash>
			<Type>3</Type>
			<Dynamic>false</Dynamic>
			<FrozenPos>true</FrozenPos>
			<HashName>xm_prop_x17_cover_01</HashName>
			<InitialHandle>166670</InitialHandle>
			<ObjectProperties>
				<TextureVariation>0</TextureVariation>
			</ObjectProperties>
			<OpacityLevel>255</OpacityLevel>
			<LodDistance>16960</LodDistance>
			<IsVisible>true</IsVisible>
			<MaxHealth>1000</MaxHealth>
			<Health>1000</Health>
			<HasGravity>true</HasGravity>
			<IsOnFire>false</IsOnFire>
			<IsInvincible>false</IsInvincible>
			<IsBulletProof>false</IsBulletProof>
			<IsCollisionProof>false</IsCollisionProof>
			<IsExplosionProof>false</IsExplosionProof>
			<IsFireProof>false</IsFireProof>
			<IsMeleeProof>false</IsMeleeProof>
			<IsOnlyDamagedByPlayer>false</IsOnlyDamagedByPlayer>
			<PositionRotation>
				<X>1440.96765</X>
				<Y>3181.73071</Y>
				<Z>40.7976227</Z>
				<Pitch>0.383730412</Pitch>
				<Roll>0.423745513</Roll>
				<Yaw>-74.8874741</Yaw>
			</PositionRotation>
			<Attachment isAttached="true">
				<AttachedTo>29194</AttachedTo>
				<BoneIndex>2</BoneIndex>
				<X>0.620579183</X>
				<Y>0.154857486</Y>
				<Z>0.78081274</Z>
				<Pitch>0.44494012</Pitch>
				<Roll>0.468393922</Roll>
				<Yaw>-179.731232</Yaw>
			</Attachment>
		</Attachment>
	</SpoonerAttachments>
</Vehicle>
