<?xml version="1.0" encoding="ISO-8859-1"?>
<Vehicle menyoo_ver="0.999876795b">
	<ModelHash>0x171c92c4</ModelHash>
	<InitialHandle>558433</InitialHandle>
	<VehicleProperties>
		<Colours>
			<Primary>128</Primary>
			<Secondary>128</Secondary>
			<Pearl>0</Pearl>
			<Rim>156</Rim>
			<Mod1_a>6</Mod1_a>
			<Mod1_b>-1</Mod1_b>
			<Mod1_c>-1</Mod1_c>
			<Mod2_a>6</Mod2_a>
			<Mod2_b>-1</Mod2_b>
			<IsPrimaryColourCustom>false</IsPrimaryColourCustom>
			<IsSecondaryColourCustom>false</IsSecondaryColourCustom>
			<tyreSmoke_R>255</tyreSmoke_R>
			<tyreSmoke_G>255</tyreSmoke_G>
			<tyreSmoke_B>255</tyreSmoke_B>
			<LrInterior>0</LrInterior>
			<LrDashboard>0</LrDashboard>
		</Colours>
		<Livery>-1</Livery>
		<NumberPlateText>24TXT951</NumberPlateText>
		<NumberPlateIndex>0</NumberPlateIndex>
		<WheelType>0</WheelType>
		<WheelsInvisible>false</WheelsInvisible>
		<EngineSoundName></EngineSoundName>
		<WindowTint>-1</WindowTint>
		<BulletProofTyres>false</BulletProofTyres>
		<DirtLevel>0.355145425</DirtLevel>
		<PaintFade>0.298039228</PaintFade>
		<RoofState>0</RoofState>
		<SirenActive>false</SirenActive>
		<EngineOn>true</EngineOn>
		<EngineHealth>1000</EngineHealth>
		<LightsOn>false</LightsOn>
		<IsRadioLoud>0</IsRadioLoud>
		<LockStatus>1</LockStatus>
		<Neons>
			<Left>false</Left>
			<Right>false</Right>
			<Front>false</Front>
			<Back>false</Back>
			<R>255</R>
			<G>0</G>
			<B>255</B>
		</Neons>
		<ModExtras />
		<Mods>
			<_0>-1,0</_0>
			<_1>-1,0</_1>
			<_2>-1,0</_2>
			<_3>-1,0</_3>
			<_4>-1,0</_4>
			<_5>-1,0</_5>
			<_6>-1,0</_6>
			<_7>-1,0</_7>
			<_8>-1,0</_8>
			<_9>-1,0</_9>
			<_10>-1,0</_10>
			<_11>3,0</_11>
			<_12>2,0</_12>
			<_13>2,0</_13>
			<_14>-1,0</_14>
			<_15>-1,0</_15>
			<_16>4,0</_16>
			<_17>false</_17>
			<_18>true</_18>
			<_19>false</_19>
			<_20>false</_20>
			<_21>false</_21>
			<_22>true</_22>
			<_23>-1,0</_23>
			<_24>-1,0</_24>
			<_25>-1,0</_25>
			<_26>-1,0</_26>
			<_27>-1,0</_27>
			<_28>-1,0</_28>
			<_29>-1,0</_29>
			<_30>-1,0</_30>
			<_31>-1,0</_31>
			<_32>-1,0</_32>
			<_33>-1,0</_33>
			<_34>-1,0</_34>
			<_35>-1,0</_35>
			<_36>-1,0</_36>
			<_37>-1,0</_37>
			<_38>-1,0</_38>
			<_39>-1,0</_39>
			<_40>-1,0</_40>
			<_41>-1,0</_41>
			<_42>-1,0</_42>
			<_43>-1,0</_43>
			<_44>-1,0</_44>
			<_45>-1,0</_45>
			<_46>-1,0</_46>
			<_47>-1,0</_47>
			<_48>-1,0</_48>
		</Mods>
		<DoorsOpen>
			<BackLeftDoor>false</BackLeftDoor>
			<BackRightDoor>false</BackRightDoor>
			<FrontLeftDoor>false</FrontLeftDoor>
			<FrontRightDoor>false</FrontRightDoor>
			<Hood>false</Hood>
			<Trunk>false</Trunk>
			<Trunk2>false</Trunk2>
		</DoorsOpen>
		<DoorsBroken>
			<BackLeftDoor>false</BackLeftDoor>
			<BackRightDoor>false</BackRightDoor>
			<FrontLeftDoor>false</FrontLeftDoor>
			<FrontRightDoor>false</FrontRightDoor>
			<Hood>false</Hood>
			<Trunk>false</Trunk>
			<Trunk2>false</Trunk2>
		</DoorsBroken>
		<TyresBursted>
			<FrontLeft>false</FrontLeft>
			<FrontRight>false</FrontRight>
			<_2>false</_2>
			<_3>false</_3>
			<BackLeft>false</BackLeft>
			<BackRight>false</BackRight>
			<_6>false</_6>
			<_7>false</_7>
			<_8>false</_8>
		</TyresBursted>
		<RpmMultiplier>1</RpmMultiplier>
		<TorqueMultiplier>1</TorqueMultiplier>
		<HeadlightIntensity>1</HeadlightIntensity>
	</VehicleProperties>
	<OpacityLevel>255</OpacityLevel>
	<LodDistance>16960</LodDistance>
	<IsVisible>true</IsVisible>
	<IsDriverVisible>true</IsDriverVisible>
	<MaxHealth>1000</MaxHealth>
	<Health>1000</Health>
	<HasGravity>true</HasGravity>
	<IsOnFire>false</IsOnFire>
	<IsInvincible>false</IsInvincible>
	<IsBulletProof>false</IsBulletProof>
	<IsExplosionProof>false</IsExplosionProof>
	<IsFireProof>false</IsFireProof>
	<IsMeleeProof>false</IsMeleeProof>
	<IsOnlyDamagedByPlayer>false</IsOnlyDamagedByPlayer>
	<SpoonerAttachments SetAttachmentsPersistentAndAddToSpoonerDatabase="false" StartTaskSequencesOnLoad="true">
		<Attachment>
			<ModelHash>0x55a8cf2a</ModelHash>
			<Type>3</Type>
			<Dynamic>false</Dynamic>
			<FrozenPos>true</FrozenPos>
			<HashName>prop_container_door_mb_l</HashName>
			<InitialHandle>98680</InitialHandle>
			<ObjectProperties>
				<TextureVariation>0</TextureVariation>
			</ObjectProperties>
			<OpacityLevel>255</OpacityLevel>
			<LodDistance>16960</LodDistance>
			<IsVisible>true</IsVisible>
			<MaxHealth>1000</MaxHealth>
			<Health>1000</Health>
			<HasGravity>true</HasGravity>
			<IsOnFire>false</IsOnFire>
			<IsInvincible>false</IsInvincible>
			<IsBulletProof>false</IsBulletProof>
			<IsCollisionProof>false</IsCollisionProof>
			<IsExplosionProof>false</IsExplosionProof>
			<IsFireProof>false</IsFireProof>
			<IsMeleeProof>false</IsMeleeProof>
			<IsOnlyDamagedByPlayer>false</IsOnlyDamagedByPlayer>
			<PositionRotation>
				<X>2066.14771</X>
				<Y>4734.80029</Y>
				<Z>41.797451</Z>
				<Pitch>88.7900085</Pitch>
				<Roll>90.1989212</Roll>
				<Yaw>42.7072563</Yaw>
			</PositionRotation>
			<Attachment isAttached="true">
				<AttachedTo>558433</AttachedTo>
				<BoneIndex>0</BoneIndex>
				<X>-0.636467218</X>
				<Y>-0.849871278</Y>
				<Z>0.0785942152</Z>
				<Pitch>90.6240463</Pitch>
				<Roll>-0.000169754028</Roll>
				<Yaw>0.429605484</Yaw>
			</Attachment>
		</Attachment>
		<Attachment>
			<ModelHash>0x55a8cf2a</ModelHash>
			<Type>3</Type>
			<Dynamic>false</Dynamic>
			<FrozenPos>true</FrozenPos>
			<HashName>prop_container_door_mb_l</HashName>
			<InitialHandle>106361</InitialHandle>
			<ObjectProperties>
				<TextureVariation>0</TextureVariation>
			</ObjectProperties>
			<OpacityLevel>255</OpacityLevel>
			<LodDistance>16960</LodDistance>
			<IsVisible>true</IsVisible>
			<MaxHealth>1000</MaxHealth>
			<Health>1000</Health>
			<HasGravity>true</HasGravity>
			<IsOnFire>false</IsOnFire>
			<IsInvincible>false</IsInvincible>
			<IsBulletProof>false</IsBulletProof>
			<IsCollisionProof>false</IsCollisionProof>
			<IsExplosionProof>false</IsExplosionProof>
			<IsFireProof>false</IsFireProof>
			<IsMeleeProof>false</IsMeleeProof>
			<IsOnlyDamagedByPlayer>false</IsOnlyDamagedByPlayer>
			<PositionRotation>
				<X>2067.60864</X>
				<Y>4736.15137</Y>
				<Z>41.7990837</Z>
				<Pitch>88.7900085</Pitch>
				<Roll>90.1989212</Roll>
				<Yaw>42.7072563</Yaw>
			</PositionRotation>
			<Attachment isAttached="true">
				<AttachedTo>558433</AttachedTo>
				<BoneIndex>0</BoneIndex>
				<X>-0.626467228</X>
				<Y>-2.83987069</Y>
				<Z>0.0585942194</Z>
				<Pitch>90.6240463</Pitch>
				<Roll>-0.000169754028</Roll>
				<Yaw>0.429605484</Yaw>
			</Attachment>
		</Attachment>
		<Attachment>
			<ModelHash>0x55a8cf2a</ModelHash>
			<Type>3</Type>
			<Dynamic>false</Dynamic>
			<FrozenPos>true</FrozenPos>
			<HashName>prop_container_door_mb_l</HashName>
			<InitialHandle>95355</InitialHandle>
			<ObjectProperties>
				<TextureVariation>0</TextureVariation>
			</ObjectProperties>
			<OpacityLevel>255</OpacityLevel>
			<LodDistance>16960</LodDistance>
			<IsVisible>true</IsVisible>
			<MaxHealth>1000</MaxHealth>
			<Health>1000</Health>
			<HasGravity>true</HasGravity>
			<IsOnFire>false</IsOnFire>
			<IsInvincible>false</IsInvincible>
			<IsBulletProof>false</IsBulletProof>
			<IsCollisionProof>false</IsCollisionProof>
			<IsExplosionProof>false</IsExplosionProof>
			<IsFireProof>false</IsFireProof>
			<IsMeleeProof>false</IsMeleeProof>
			<IsOnlyDamagedByPlayer>false</IsOnlyDamagedByPlayer>
			<PositionRotation>
				<X>2065.34741</X>
				<Y>4735.62744</Y>
				<Z>41.7757111</Z>
				<Pitch>88.9561844</Pitch>
				<Roll>52.2327957</Roll>
				<Yaw>79.8536987</Yaw>
			</PositionRotation>
			<Attachment isAttached="true">
				<AttachedTo>558433</AttachedTo>
				<BoneIndex>0</BoneIndex>
				<X>0.51447922</X>
				<Y>-0.818437696</Y>
				<Z>0.0814135373</Z>
				<Pitch>89.6241913</Pitch>
				<Roll>-89.6682663</Roll>
				<Yaw>89.2693253</Yaw>
			</Attachment>
		</Attachment>
		<Attachment>
			<ModelHash>0x55a8cf2a</ModelHash>
			<Type>3</Type>
			<Dynamic>false</Dynamic>
			<FrozenPos>true</FrozenPos>
			<HashName>prop_container_door_mb_l</HashName>
			<InitialHandle>386941</InitialHandle>
			<ObjectProperties>
				<TextureVariation>0</TextureVariation>
			</ObjectProperties>
			<OpacityLevel>255</OpacityLevel>
			<LodDistance>16960</LodDistance>
			<IsVisible>true</IsVisible>
			<MaxHealth>1000</MaxHealth>
			<Health>1000</Health>
			<HasGravity>true</HasGravity>
			<IsOnFire>false</IsOnFire>
			<IsInvincible>false</IsInvincible>
			<IsBulletProof>false</IsBulletProof>
			<IsCollisionProof>false</IsCollisionProof>
			<IsExplosionProof>false</IsExplosionProof>
			<IsFireProof>false</IsFireProof>
			<IsMeleeProof>false</IsMeleeProof>
			<IsOnlyDamagedByPlayer>false</IsOnlyDamagedByPlayer>
			<PositionRotation>
				<X>2066.8291</X>
				<Y>4736.97119</Y>
				<Z>41.7878723</Z>
				<Pitch>88.9561844</Pitch>
				<Roll>52.2327957</Roll>
				<Yaw>79.8536987</Yaw>
			</PositionRotation>
			<Attachment isAttached="true">
				<AttachedTo>558433</AttachedTo>
				<BoneIndex>0</BoneIndex>
				<X>0.504479229</X>
				<Y>-2.8184371</Y>
				<Z>0.0714135394</Z>
				<Pitch>89.6241913</Pitch>
				<Roll>-89.6682663</Roll>
				<Yaw>89.2693253</Yaw>
			</Attachment>
		</Attachment>
		<Attachment>
			<ModelHash>0x55a8cf2a</ModelHash>
			<Type>3</Type>
			<Dynamic>false</Dynamic>
			<FrozenPos>true</FrozenPos>
			<HashName>prop_container_door_mb_l</HashName>
			<InitialHandle>465789</InitialHandle>
			<ObjectProperties>
				<TextureVariation>0</TextureVariation>
			</ObjectProperties>
			<OpacityLevel>255</OpacityLevel>
			<LodDistance>16960</LodDistance>
			<IsVisible>true</IsVisible>
			<MaxHealth>1000</MaxHealth>
			<Health>1000</Health>
			<HasGravity>true</HasGravity>
			<IsOnFire>false</IsOnFire>
			<IsInvincible>false</IsInvincible>
			<IsBulletProof>false</IsBulletProof>
			<IsCollisionProof>false</IsCollisionProof>
			<IsExplosionProof>false</IsExplosionProof>
			<IsFireProof>false</IsFireProof>
			<IsMeleeProof>false</IsMeleeProof>
			<IsOnlyDamagedByPlayer>false</IsOnlyDamagedByPlayer>
			<PositionRotation>
				<X>2067.50952</X>
				<Y>4736.19824</Y>
				<Z>41.8193169</Z>
				<Pitch>87.3475952</Pitch>
				<Roll>-103.726128</Roll>
				<Yaw>55.8027725</Yaw>
			</PositionRotation>
			<Attachment isAttached="true">
				<AttachedTo>558433</AttachedTo>
				<BoneIndex>0</BoneIndex>
				<X>-0.525520682</X>
				<Y>-2.79843712</Y>
				<Z>0.0814135373</Z>
				<Pitch>88.6241913</Pitch>
				<Roll>-89.6682663</Roll>
				<Yaw>-90.7306824</Yaw>
			</Attachment>
		</Attachment>
		<Attachment>
			<ModelHash>0x55a8cf2a</ModelHash>
			<Type>3</Type>
			<Dynamic>false</Dynamic>
			<FrozenPos>true</FrozenPos>
			<HashName>prop_container_door_mb_l</HashName>
			<InitialHandle>627474</InitialHandle>
			<ObjectProperties>
				<TextureVariation>0</TextureVariation>
			</ObjectProperties>
			<OpacityLevel>255</OpacityLevel>
			<LodDistance>16960</LodDistance>
			<IsVisible>true</IsVisible>
			<MaxHealth>1000</MaxHealth>
			<Health>1000</Health>
			<HasGravity>true</HasGravity>
			<IsOnFire>false</IsOnFire>
			<IsInvincible>false</IsInvincible>
			<IsBulletProof>false</IsBulletProof>
			<IsCollisionProof>false</IsCollisionProof>
			<IsExplosionProof>false</IsExplosionProof>
			<IsFireProof>false</IsFireProof>
			<IsMeleeProof>false</IsMeleeProof>
			<IsOnlyDamagedByPlayer>false</IsOnlyDamagedByPlayer>
			<PositionRotation>
				<X>2065.93335</X>
				<Y>4734.79492</Y>
				<Z>41.7955322</Z>
				<Pitch>87.3475952</Pitch>
				<Roll>-103.726128</Roll>
				<Yaw>55.8027725</Yaw>
			</PositionRotation>
			<Attachment isAttached="true">
				<AttachedTo>558433</AttachedTo>
				<BoneIndex>0</BoneIndex>
				<X>-0.495520711</X>
				<Y>-0.6884377</Y>
				<Z>0.0814135373</Z>
				<Pitch>88.6241913</Pitch>
				<Roll>-89.6682663</Roll>
				<Yaw>-90.7306824</Yaw>
			</Attachment>
		</Attachment>
		<Attachment>
			<ModelHash>0x55a8cf2a</ModelHash>
			<Type>3</Type>
			<Dynamic>false</Dynamic>
			<FrozenPos>true</FrozenPos>
			<HashName>prop_container_door_mb_l</HashName>
			<InitialHandle>765564</InitialHandle>
			<ObjectProperties>
				<TextureVariation>0</TextureVariation>
			</ObjectProperties>
			<OpacityLevel>255</OpacityLevel>
			<LodDistance>16960</LodDistance>
			<IsVisible>true</IsVisible>
			<MaxHealth>1000</MaxHealth>
			<Health>1000</Health>
			<HasGravity>true</HasGravity>
			<IsOnFire>false</IsOnFire>
			<IsInvincible>false</IsInvincible>
			<IsBulletProof>false</IsBulletProof>
			<IsCollisionProof>false</IsCollisionProof>
			<IsExplosionProof>false</IsExplosionProof>
			<IsFireProof>false</IsFireProof>
			<IsMeleeProof>false</IsMeleeProof>
			<IsOnlyDamagedByPlayer>false</IsOnlyDamagedByPlayer>
			<PositionRotation>
				<X>2066.76929</X>
				<Y>4733.86523</Y>
				<Z>43.1599503</Z>
				<Pitch>-0.578082681</Pitch>
				<Roll>89.3648148</Roll>
				<Yaw>42.1875763</Yaw>
			</PositionRotation>
			<Attachment isAttached="true">
				<AttachedTo>558433</AttachedTo>
				<BoneIndex>0</BoneIndex>
				<X>-1.77411199</X>
				<Y>-0.691852629</Y>
				<Z>1.4192729</Z>
				<Pitch>0.624052644</Pitch>
				<Roll>89.9998245</Roll>
				<Yaw>-90.2960129</Yaw>
			</Attachment>
		</Attachment>
		<Attachment>
			<ModelHash>0x55a8cf2a</ModelHash>
			<Type>3</Type>
			<Dynamic>false</Dynamic>
			<FrozenPos>true</FrozenPos>
			<HashName>prop_container_door_mb_l</HashName>
			<InitialHandle>7958</InitialHandle>
			<ObjectProperties>
				<TextureVariation>0</TextureVariation>
			</ObjectProperties>
			<OpacityLevel>255</OpacityLevel>
			<LodDistance>16960</LodDistance>
			<IsVisible>true</IsVisible>
			<MaxHealth>1000</MaxHealth>
			<Health>1000</Health>
			<HasGravity>true</HasGravity>
			<IsOnFire>false</IsOnFire>
			<IsInvincible>false</IsInvincible>
			<IsBulletProof>false</IsBulletProof>
			<IsCollisionProof>false</IsCollisionProof>
			<IsExplosionProof>false</IsExplosionProof>
			<IsFireProof>false</IsFireProof>
			<IsMeleeProof>false</IsMeleeProof>
			<IsOnlyDamagedByPlayer>false</IsOnlyDamagedByPlayer>
			<PositionRotation>
				<X>2068.3252</X>
				<Y>4735.29053</Y>
				<Z>43.1831017</Z>
				<Pitch>-0.578082681</Pitch>
				<Roll>89.3648148</Roll>
				<Yaw>42.1875763</Yaw>
			</PositionRotation>
			<Attachment isAttached="true">
				<AttachedTo>558433</AttachedTo>
				<BoneIndex>0</BoneIndex>
				<X>-1.77411199</X>
				<Y>-2.8018508</Y>
				<Z>1.4192729</Z>
				<Pitch>0.624052644</Pitch>
				<Roll>89.9998245</Roll>
				<Yaw>-90.2960129</Yaw>
			</Attachment>
		</Attachment>
		<Attachment>
			<ModelHash>0x55a8cf2a</ModelHash>
			<Type>3</Type>
			<Dynamic>false</Dynamic>
			<FrozenPos>true</FrozenPos>
			<HashName>prop_container_door_mb_l</HashName>
			<InitialHandle>21255</InitialHandle>
			<ObjectProperties>
				<TextureVariation>0</TextureVariation>
			</ObjectProperties>
			<OpacityLevel>255</OpacityLevel>
			<LodDistance>16960</LodDistance>
			<IsVisible>true</IsVisible>
			<MaxHealth>1000</MaxHealth>
			<Health>1000</Health>
			<HasGravity>true</HasGravity>
			<IsOnFire>false</IsOnFire>
			<IsInvincible>false</IsInvincible>
			<IsBulletProof>false</IsBulletProof>
			<IsCollisionProof>false</IsCollisionProof>
			<IsExplosionProof>false</IsExplosionProof>
			<IsFireProof>false</IsFireProof>
			<IsMeleeProof>false</IsMeleeProof>
			<IsOnlyDamagedByPlayer>false</IsOnlyDamagedByPlayer>
			<PositionRotation>
				<X>2068.38989</X>
				<Y>4737.08545</Y>
				<Z>43.170002</Z>
				<Pitch>-0.0110473502</Pitch>
				<Roll>91.2018967</Roll>
				<Yaw>132.180893</Yaw>
			</PositionRotation>
			<Attachment isAttached="true">
				<AttachedTo>558433</AttachedTo>
				<BoneIndex>0</BoneIndex>
				<X>-0.494111985</X>
				<Y>-4.06184864</Y>
				<Z>1.4192729</Z>
				<Pitch>0.624052644</Pitch>
				<Roll>89.9998245</Roll>
				<Yaw>-0.296014786</Yaw>
			</Attachment>
		</Attachment>
		<Attachment>
			<ModelHash>0x55a8cf2a</ModelHash>
			<Type>3</Type>
			<Dynamic>false</Dynamic>
			<FrozenPos>true</FrozenPos>
			<HashName>prop_container_door_mb_l</HashName>
			<InitialHandle>754254</InitialHandle>
			<ObjectProperties>
				<TextureVariation>0</TextureVariation>
			</ObjectProperties>
			<OpacityLevel>255</OpacityLevel>
			<LodDistance>16960</LodDistance>
			<IsVisible>true</IsVisible>
			<MaxHealth>1000</MaxHealth>
			<Health>1000</Health>
			<HasGravity>true</HasGravity>
			<IsOnFire>false</IsOnFire>
			<IsInvincible>false</IsInvincible>
			<IsBulletProof>false</IsBulletProof>
			<IsCollisionProof>false</IsCollisionProof>
			<IsExplosionProof>false</IsExplosionProof>
			<IsFireProof>false</IsFireProof>
			<IsMeleeProof>false</IsMeleeProof>
			<IsOnlyDamagedByPlayer>false</IsOnlyDamagedByPlayer>
			<PositionRotation>
				<X>2067.74927</X>
				<Y>4737.80029</Y>
				<Z>43.1499176</Z>
				<Pitch>-0.0110473502</Pitch>
				<Roll>91.2018967</Roll>
				<Yaw>132.180893</Yaw>
			</PositionRotation>
			<Attachment isAttached="true">
				<AttachedTo>558433</AttachedTo>
				<BoneIndex>0</BoneIndex>
				<X>0.465887666</X>
				<Y>-4.07184887</Y>
				<Z>1.4192729</Z>
				<Pitch>0.624052644</Pitch>
				<Roll>89.9998245</Roll>
				<Yaw>-0.296014786</Yaw>
			</Attachment>
		</Attachment>
		<Attachment>
			<ModelHash>0x55a8cf2a</ModelHash>
			<Type>3</Type>
			<Dynamic>false</Dynamic>
			<FrozenPos>true</FrozenPos>
			<HashName>prop_container_door_mb_l</HashName>
			<InitialHandle>734745</InitialHandle>
			<ObjectProperties>
				<TextureVariation>0</TextureVariation>
			</ObjectProperties>
			<OpacityLevel>255</OpacityLevel>
			<LodDistance>16960</LodDistance>
			<IsVisible>true</IsVisible>
			<MaxHealth>1000</MaxHealth>
			<Health>1000</Health>
			<HasGravity>true</HasGravity>
			<IsOnFire>false</IsOnFire>
			<IsInvincible>false</IsInvincible>
			<IsBulletProof>false</IsBulletProof>
			<IsCollisionProof>false</IsCollisionProof>
			<IsExplosionProof>false</IsExplosionProof>
			<IsFireProof>false</IsFireProof>
			<IsMeleeProof>false</IsMeleeProof>
			<IsOnlyDamagedByPlayer>false</IsOnlyDamagedByPlayer>
			<PositionRotation>
				<X>2065.97632</X>
				<Y>4737.87061</Y>
				<Z>43.1097984</Z>
				<Pitch>1.82609725</Pitch>
				<Roll>90.6350937</Roll>
				<Yaw>-137.826248</Yaw>
			</PositionRotation>
			<Attachment isAttached="true">
				<AttachedTo>558433</AttachedTo>
				<BoneIndex>0</BoneIndex>
				<X>1.7158879</X>
				<Y>-2.81185079</Y>
				<Z>1.4192729</Z>
				<Pitch>0.624052644</Pitch>
				<Roll>89.9998245</Roll>
				<Yaw>89.7039948</Yaw>
			</Attachment>
		</Attachment>
		<Attachment>
			<ModelHash>0x55a8cf2a</ModelHash>
			<Type>3</Type>
			<Dynamic>false</Dynamic>
			<FrozenPos>true</FrozenPos>
			<HashName>prop_container_door_mb_l</HashName>
			<InitialHandle>196888</InitialHandle>
			<ObjectProperties>
				<TextureVariation>0</TextureVariation>
			</ObjectProperties>
			<OpacityLevel>255</OpacityLevel>
			<LodDistance>16960</LodDistance>
			<IsVisible>true</IsVisible>
			<MaxHealth>1000</MaxHealth>
			<Health>1000</Health>
			<HasGravity>true</HasGravity>
			<IsOnFire>false</IsOnFire>
			<IsInvincible>false</IsInvincible>
			<IsBulletProof>false</IsBulletProof>
			<IsCollisionProof>false</IsCollisionProof>
			<IsExplosionProof>false</IsExplosionProof>
			<IsFireProof>false</IsFireProof>
			<IsMeleeProof>false</IsMeleeProof>
			<IsOnlyDamagedByPlayer>false</IsOnlyDamagedByPlayer>
			<PositionRotation>
				<X>2064.48828</X>
				<Y>4736.53467</Y>
				<Z>43.0774307</Z>
				<Pitch>1.82609725</Pitch>
				<Roll>90.6350937</Roll>
				<Yaw>-137.826248</Yaw>
			</PositionRotation>
			<Attachment isAttached="true">
				<AttachedTo>558433</AttachedTo>
				<BoneIndex>0</BoneIndex>
				<X>1.73588789</X>
				<Y>-0.811851382</Y>
				<Z>1.40927291</Z>
				<Pitch>0.624052644</Pitch>
				<Roll>89.9998245</Roll>
				<Yaw>89.7039948</Yaw>
			</Attachment>
		</Attachment>
		<Attachment>
			<ModelHash>0xffa422e7</ModelHash>
			<Type>3</Type>
			<Dynamic>false</Dynamic>
			<FrozenPos>true</FrozenPos>
			<HashName>xm_prop_auto_salvage_stromberg</HashName>
			<InitialHandle>427806</InitialHandle>
			<ObjectProperties>
				<TextureVariation>0</TextureVariation>
			</ObjectProperties>
			<OpacityLevel>255</OpacityLevel>
			<LodDistance>16960</LodDistance>
			<IsVisible>true</IsVisible>
			<MaxHealth>1000</MaxHealth>
			<Health>1000</Health>
			<HasGravity>true</HasGravity>
			<IsOnFire>false</IsOnFire>
			<IsInvincible>false</IsInvincible>
			<IsBulletProof>false</IsBulletProof>
			<IsCollisionProof>false</IsCollisionProof>
			<IsExplosionProof>false</IsExplosionProof>
			<IsFireProof>false</IsFireProof>
			<IsMeleeProof>false</IsMeleeProof>
			<IsOnlyDamagedByPlayer>false</IsOnlyDamagedByPlayer>
			<PositionRotation>
				<X>2066.52124</X>
				<Y>4735.81299</Y>
				<Z>41.8160973</Z>
				<Pitch>0.0401934236</Pitch>
				<Roll>2.00662351</Roll>
				<Yaw>131.735397</Yaw>
			</PositionRotation>
			<Attachment isAttached="true">
				<AttachedTo>558433</AttachedTo>
				<BoneIndex>0</BoneIndex>
				<X>-0.142291024</X>
				<Y>-1.80966234</Y>
				<Z>0.0971112028</Z>
				<Pitch>0.684607029</Pitch>
				<Roll>0.809493124</Roll>
				<Yaw>-0.740356445</Yaw>
			</Attachment>
		</Attachment>
	</SpoonerAttachments>
</Vehicle>
