<?xml version="1.0" encoding="ISO-8859-1"?>
<Vehicle menyoo_ver="0.999876795b">
	<ModelHash>0x171c92c4</ModelHash>
	<InitialHandle>558433</InitialHandle>
	<VehicleProperties>
		<Colours>
			<Primary>128</Primary>
			<Secondary>128</Secondary>
			<Pearl>0</Pearl>
			<Rim>156</Rim>
			<Mod1_a>6</Mod1_a>
			<Mod1_b>-1</Mod1_b>
			<Mod1_c>-1</Mod1_c>
			<Mod2_a>6</Mod2_a>
			<Mod2_b>-1</Mod2_b>
			<IsPrimaryColourCustom>false</IsPrimaryColourCustom>
			<IsSecondaryColourCustom>false</IsSecondaryColourCustom>
			<tyreSmoke_R>255</tyreSmoke_R>
			<tyreSmoke_G>255</tyreSmoke_G>
			<tyreSmoke_B>255</tyreSmoke_B>
			<LrInterior>0</LrInterior>
			<LrDashboard>0</LrDashboard>
		</Colours>
		<Livery>-1</Livery>
		<NumberPlateText>24TXT951</NumberPlateText>
		<NumberPlateIndex>0</NumberPlateIndex>
		<WheelType>0</WheelType>
		<WheelsInvisible>false</WheelsInvisible>
		<EngineSoundName></EngineSoundName>
		<WindowTint>-1</WindowTint>
		<BulletProofTyres>false</BulletProofTyres>
		<DirtLevel>1.4041213e-05</DirtLevel>
		<PaintFade>0.298039228</PaintFade>
		<RoofState>0</RoofState>
		<SirenActive>false</SirenActive>
		<EngineOn>true</EngineOn>
		<EngineHealth>1000</EngineHealth>
		<LightsOn>false</LightsOn>
		<IsRadioLoud>0</IsRadioLoud>
		<LockStatus>1</LockStatus>
		<Neons>
			<Left>false</Left>
			<Right>false</Right>
			<Front>false</Front>
			<Back>false</Back>
			<R>255</R>
			<G>0</G>
			<B>255</B>
		</Neons>
		<ModExtras />
		<Mods>
			<_0>-1,0</_0>
			<_1>-1,0</_1>
			<_2>-1,0</_2>
			<_3>-1,0</_3>
			<_4>-1,0</_4>
			<_5>-1,0</_5>
			<_6>-1,0</_6>
			<_7>-1,0</_7>
			<_8>-1,0</_8>
			<_9>-1,0</_9>
			<_10>-1,0</_10>
			<_11>3,0</_11>
			<_12>2,0</_12>
			<_13>2,0</_13>
			<_14>-1,0</_14>
			<_15>-1,0</_15>
			<_16>4,0</_16>
			<_17>false</_17>
			<_18>true</_18>
			<_19>false</_19>
			<_20>false</_20>
			<_21>false</_21>
			<_22>true</_22>
			<_23>-1,0</_23>
			<_24>-1,0</_24>
			<_25>-1,0</_25>
			<_26>-1,0</_26>
			<_27>-1,0</_27>
			<_28>-1,0</_28>
			<_29>-1,0</_29>
			<_30>-1,0</_30>
			<_31>-1,0</_31>
			<_32>-1,0</_32>
			<_33>-1,0</_33>
			<_34>-1,0</_34>
			<_35>-1,0</_35>
			<_36>-1,0</_36>
			<_37>-1,0</_37>
			<_38>-1,0</_38>
			<_39>-1,0</_39>
			<_40>-1,0</_40>
			<_41>-1,0</_41>
			<_42>-1,0</_42>
			<_43>-1,0</_43>
			<_44>-1,0</_44>
			<_45>-1,0</_45>
			<_46>-1,0</_46>
			<_47>-1,0</_47>
			<_48>-1,0</_48>
		</Mods>
		<DoorsOpen>
			<BackLeftDoor>false</BackLeftDoor>
			<BackRightDoor>false</BackRightDoor>
			<FrontLeftDoor>false</FrontLeftDoor>
			<FrontRightDoor>false</FrontRightDoor>
			<Hood>false</Hood>
			<Trunk>false</Trunk>
			<Trunk2>false</Trunk2>
		</DoorsOpen>
		<DoorsBroken>
			<BackLeftDoor>false</BackLeftDoor>
			<BackRightDoor>false</BackRightDoor>
			<FrontLeftDoor>false</FrontLeftDoor>
			<FrontRightDoor>false</FrontRightDoor>
			<Hood>false</Hood>
			<Trunk>false</Trunk>
			<Trunk2>false</Trunk2>
		</DoorsBroken>
		<TyresBursted>
			<FrontLeft>false</FrontLeft>
			<FrontRight>false</FrontRight>
			<_2>false</_2>
			<_3>false</_3>
			<BackLeft>false</BackLeft>
			<BackRight>false</BackRight>
			<_6>false</_6>
			<_7>false</_7>
			<_8>false</_8>
		</TyresBursted>
		<RpmMultiplier>1</RpmMultiplier>
		<TorqueMultiplier>1</TorqueMultiplier>
		<HeadlightIntensity>1</HeadlightIntensity>
	</VehicleProperties>
	<OpacityLevel>255</OpacityLevel>
	<LodDistance>16960</LodDistance>
	<IsVisible>true</IsVisible>
	<IsDriverVisible>true</IsDriverVisible>
	<MaxHealth>1000</MaxHealth>
	<Health>1000</Health>
	<HasGravity>true</HasGravity>
	<IsOnFire>false</IsOnFire>
	<IsInvincible>false</IsInvincible>
	<IsBulletProof>false</IsBulletProof>
	<IsExplosionProof>false</IsExplosionProof>
	<IsFireProof>false</IsFireProof>
	<IsMeleeProof>false</IsMeleeProof>
	<IsOnlyDamagedByPlayer>false</IsOnlyDamagedByPlayer>
	<SpoonerAttachments SetAttachmentsPersistentAndAddToSpoonerDatabase="false" StartTaskSequencesOnLoad="true">
		<Attachment>
			<ModelHash>0x55a8cf2a</ModelHash>
			<Type>3</Type>
			<Dynamic>false</Dynamic>
			<FrozenPos>true</FrozenPos>
			<HashName>prop_container_door_mb_l</HashName>
			<InitialHandle>98680</InitialHandle>
			<ObjectProperties>
				<TextureVariation>0</TextureVariation>
			</ObjectProperties>
			<OpacityLevel>255</OpacityLevel>
			<LodDistance>16960</LodDistance>
			<IsVisible>true</IsVisible>
			<MaxHealth>1000</MaxHealth>
			<Health>1000</Health>
			<HasGravity>true</HasGravity>
			<IsOnFire>false</IsOnFire>
			<IsInvincible>false</IsInvincible>
			<IsBulletProof>false</IsBulletProof>
			<IsCollisionProof>false</IsCollisionProof>
			<IsExplosionProof>false</IsExplosionProof>
			<IsFireProof>false</IsFireProof>
			<IsMeleeProof>false</IsMeleeProof>
			<IsOnlyDamagedByPlayer>false</IsOnlyDamagedByPlayer>
			<PositionRotation>
				<X>2133.12891</X>
				<Y>4782.99463</Y>
				<Z>41.2838326</Z>
				<Pitch>89.9802094</Pitch>
				<Roll>26.1585979</Roll>
				<Yaw>0</Yaw>
			</PositionRotation>
			<Attachment isAttached="true">
				<AttachedTo>558433</AttachedTo>
				<BoneIndex>0</BoneIndex>
				<X>-0.636467218</X>
				<Y>-0.849871278</Y>
				<Z>0.0785942152</Z>
				<Pitch>90.6240463</Pitch>
				<Roll>-0.000169754028</Roll>
				<Yaw>0.429605484</Yaw>
			</Attachment>
		</Attachment>
		<Attachment>
			<ModelHash>0x55a8cf2a</ModelHash>
			<Type>3</Type>
			<Dynamic>false</Dynamic>
			<FrozenPos>true</FrozenPos>
			<HashName>prop_container_door_mb_l</HashName>
			<InitialHandle>106361</InitialHandle>
			<ObjectProperties>
				<TextureVariation>0</TextureVariation>
			</ObjectProperties>
			<OpacityLevel>255</OpacityLevel>
			<LodDistance>16960</LodDistance>
			<IsVisible>true</IsVisible>
			<MaxHealth>1000</MaxHealth>
			<Health>1000</Health>
			<HasGravity>true</HasGravity>
			<IsOnFire>false</IsOnFire>
			<IsInvincible>false</IsInvincible>
			<IsBulletProof>false</IsBulletProof>
			<IsCollisionProof>false</IsCollisionProof>
			<IsExplosionProof>false</IsExplosionProof>
			<IsFireProof>false</IsFireProof>
			<IsMeleeProof>false</IsMeleeProof>
			<IsOnlyDamagedByPlayer>false</IsOnlyDamagedByPlayer>
			<PositionRotation>
				<X>2134.00195</X>
				<Y>4781.20605</Y>
				<Z>41.2851181</Z>
				<Pitch>89.9802094</Pitch>
				<Roll>26.1585979</Roll>
				<Yaw>0</Yaw>
			</PositionRotation>
			<Attachment isAttached="true">
				<AttachedTo>558433</AttachedTo>
				<BoneIndex>0</BoneIndex>
				<X>-0.626467228</X>
				<Y>-2.83987069</Y>
				<Z>0.0585942194</Z>
				<Pitch>90.6240463</Pitch>
				<Roll>-0.000169754028</Roll>
				<Yaw>0.429605484</Yaw>
			</Attachment>
		</Attachment>
		<Attachment>
			<ModelHash>0x55a8cf2a</ModelHash>
			<Type>3</Type>
			<Dynamic>false</Dynamic>
			<FrozenPos>true</FrozenPos>
			<HashName>prop_container_door_mb_l</HashName>
			<InitialHandle>95355</InitialHandle>
			<ObjectProperties>
				<TextureVariation>0</TextureVariation>
			</ObjectProperties>
			<OpacityLevel>255</OpacityLevel>
			<LodDistance>16960</LodDistance>
			<IsVisible>true</IsVisible>
			<MaxHealth>1000</MaxHealth>
			<Health>1000</Health>
			<HasGravity>true</HasGravity>
			<IsOnFire>false</IsOnFire>
			<IsInvincible>false</IsInvincible>
			<IsBulletProof>false</IsBulletProof>
			<IsCollisionProof>false</IsCollisionProof>
			<IsExplosionProof>false</IsExplosionProof>
			<IsFireProof>false</IsFireProof>
			<IsMeleeProof>false</IsMeleeProof>
			<IsOnlyDamagedByPlayer>false</IsOnlyDamagedByPlayer>
			<PositionRotation>
				<X>2134.1521</X>
				<Y>4783.52246</Y>
				<Z>41.2863579</Z>
				<Pitch>89.2766495</Pitch>
				<Roll>-31.8614197</Roll>
				<Yaw>57.1936569</Yaw>
			</PositionRotation>
			<Attachment isAttached="true">
				<AttachedTo>558433</AttachedTo>
				<BoneIndex>0</BoneIndex>
				<X>0.51447922</X>
				<Y>-0.818437696</Y>
				<Z>0.0814135373</Z>
				<Pitch>89.6241913</Pitch>
				<Roll>-89.6682663</Roll>
				<Yaw>89.2693253</Yaw>
			</Attachment>
		</Attachment>
		<Attachment>
			<ModelHash>0x55a8cf2a</ModelHash>
			<Type>3</Type>
			<Dynamic>false</Dynamic>
			<FrozenPos>true</FrozenPos>
			<HashName>prop_container_door_mb_l</HashName>
			<InitialHandle>386941</InitialHandle>
			<ObjectProperties>
				<TextureVariation>0</TextureVariation>
			</ObjectProperties>
			<OpacityLevel>255</OpacityLevel>
			<LodDistance>16960</LodDistance>
			<IsVisible>true</IsVisible>
			<MaxHealth>1000</MaxHealth>
			<Health>1000</Health>
			<HasGravity>true</HasGravity>
			<IsOnFire>false</IsOnFire>
			<IsInvincible>false</IsInvincible>
			<IsBulletProof>false</IsBulletProof>
			<IsCollisionProof>false</IsCollisionProof>
			<IsExplosionProof>false</IsExplosionProof>
			<IsFireProof>false</IsFireProof>
			<IsMeleeProof>false</IsMeleeProof>
			<IsOnlyDamagedByPlayer>false</IsOnlyDamagedByPlayer>
			<PositionRotation>
				<X>2135.01123</X>
				<Y>4781.71631</Y>
				<Z>41.2977486</Z>
				<Pitch>89.2766495</Pitch>
				<Roll>-31.8614197</Roll>
				<Yaw>57.1936569</Yaw>
			</PositionRotation>
			<Attachment isAttached="true">
				<AttachedTo>558433</AttachedTo>
				<BoneIndex>0</BoneIndex>
				<X>0.504479229</X>
				<Y>-2.8184371</Y>
				<Z>0.0714135394</Z>
				<Pitch>89.6241913</Pitch>
				<Roll>-89.6682663</Roll>
				<Yaw>89.2693253</Yaw>
			</Attachment>
		</Attachment>
		<Attachment>
			<ModelHash>0x55a8cf2a</ModelHash>
			<Type>3</Type>
			<Dynamic>false</Dynamic>
			<FrozenPos>true</FrozenPos>
			<HashName>prop_container_door_mb_l</HashName>
			<InitialHandle>465789</InitialHandle>
			<ObjectProperties>
				<TextureVariation>0</TextureVariation>
			</ObjectProperties>
			<OpacityLevel>255</OpacityLevel>
			<LodDistance>16960</LodDistance>
			<IsVisible>true</IsVisible>
			<MaxHealth>1000</MaxHealth>
			<Health>1000</Health>
			<HasGravity>true</HasGravity>
			<IsOnFire>false</IsOnFire>
			<IsInvincible>false</IsInvincible>
			<IsBulletProof>false</IsBulletProof>
			<IsCollisionProof>false</IsCollisionProof>
			<IsExplosionProof>false</IsExplosionProof>
			<IsFireProof>false</IsFireProof>
			<IsMeleeProof>false</IsMeleeProof>
			<IsOnlyDamagedByPlayer>false</IsOnlyDamagedByPlayer>
			<PositionRotation>
				<X>2134.07471</X>
				<Y>4781.2876</Y>
				<Z>41.3074951</Z>
				<Pitch>88.5030212</Pitch>
				<Roll>-113.829803</Roll>
				<Yaw>-40.8473129</Yaw>
			</PositionRotation>
			<Attachment isAttached="true">
				<AttachedTo>558433</AttachedTo>
				<BoneIndex>0</BoneIndex>
				<X>-0.525520682</X>
				<Y>-2.79843712</Y>
				<Z>0.0814135373</Z>
				<Pitch>88.6241913</Pitch>
				<Roll>-89.6682663</Roll>
				<Yaw>-90.7306824</Yaw>
			</Attachment>
		</Attachment>
		<Attachment>
			<ModelHash>0x55a8cf2a</ModelHash>
			<Type>3</Type>
			<Dynamic>false</Dynamic>
			<FrozenPos>true</FrozenPos>
			<HashName>prop_container_door_mb_l</HashName>
			<InitialHandle>627474</InitialHandle>
			<ObjectProperties>
				<TextureVariation>0</TextureVariation>
			</ObjectProperties>
			<OpacityLevel>255</OpacityLevel>
			<LodDistance>16960</LodDistance>
			<IsVisible>true</IsVisible>
			<MaxHealth>1000</MaxHealth>
			<Health>1000</Health>
			<HasGravity>true</HasGravity>
			<IsOnFire>false</IsOnFire>
			<IsInvincible>false</IsInvincible>
			<IsBulletProof>false</IsBulletProof>
			<IsCollisionProof>false</IsCollisionProof>
			<IsExplosionProof>false</IsExplosionProof>
			<IsFireProof>false</IsFireProof>
			<IsMeleeProof>false</IsMeleeProof>
			<IsOnlyDamagedByPlayer>false</IsOnlyDamagedByPlayer>
			<PositionRotation>
				<X>2133.18579</X>
				<Y>4783.20117</Y>
				<Z>41.2849312</Z>
				<Pitch>88.5030212</Pitch>
				<Roll>-113.829803</Roll>
				<Yaw>-40.8473129</Yaw>
			</PositionRotation>
			<Attachment isAttached="true">
				<AttachedTo>558433</AttachedTo>
				<BoneIndex>0</BoneIndex>
				<X>-0.495520711</X>
				<Y>-0.6884377</Y>
				<Z>0.0814135373</Z>
				<Pitch>88.6241913</Pitch>
				<Roll>-89.6682663</Roll>
				<Yaw>-90.7306824</Yaw>
			</Attachment>
		</Attachment>
		<Attachment>
			<ModelHash>0xdb237e5d</ModelHash>
			<Type>3</Type>
			<Dynamic>false</Dynamic>
			<FrozenPos>true</FrozenPos>
			<HashName>xm_prop_crates_rifles_02a</HashName>
			<InitialHandle>337170</InitialHandle>
			<ObjectProperties>
				<TextureVariation>0</TextureVariation>
			</ObjectProperties>
			<OpacityLevel>255</OpacityLevel>
			<LodDistance>16960</LodDistance>
			<IsVisible>true</IsVisible>
			<MaxHealth>1000</MaxHealth>
			<Health>1000</Health>
			<HasGravity>true</HasGravity>
			<IsOnFire>false</IsOnFire>
			<IsInvincible>false</IsInvincible>
			<IsBulletProof>false</IsBulletProof>
			<IsCollisionProof>false</IsCollisionProof>
			<IsExplosionProof>false</IsExplosionProof>
			<IsFireProof>false</IsFireProof>
			<IsMeleeProof>false</IsMeleeProof>
			<IsOnlyDamagedByPlayer>false</IsOnlyDamagedByPlayer>
			<PositionRotation>
				<X>2134.14404</X>
				<Y>4783.41699</Y>
				<Z>41.3200607</Z>
				<Pitch>0.620527208</Pitch>
				<Roll>-0.612943292</Roll>
				<Yaw>-63.7412758</Yaw>
			</PositionRotation>
			<Attachment isAttached="true">
				<AttachedTo>558433</AttachedTo>
				<BoneIndex>0</BoneIndex>
				<X>0.461386323</X>
				<Y>-0.910386443</Y>
				<Z>0.114135131</Z>
				<Pitch>0.624052644</Pitch>
				<Roll>-0.00016937741</Roll>
				<Yaw>-89.4771118</Yaw>
			</Attachment>
		</Attachment>
		<Attachment>
			<ModelHash>0x1411f055</ModelHash>
			<Type>3</Type>
			<Dynamic>false</Dynamic>
			<FrozenPos>true</FrozenPos>
			<HashName>xm_prop_crates_rifles_03a</HashName>
			<InitialHandle>15622</InitialHandle>
			<ObjectProperties>
				<TextureVariation>0</TextureVariation>
			</ObjectProperties>
			<OpacityLevel>255</OpacityLevel>
			<LodDistance>16960</LodDistance>
			<IsVisible>true</IsVisible>
			<MaxHealth>1000</MaxHealth>
			<Health>1000</Health>
			<HasGravity>true</HasGravity>
			<IsOnFire>false</IsOnFire>
			<IsInvincible>false</IsInvincible>
			<IsBulletProof>false</IsBulletProof>
			<IsCollisionProof>false</IsCollisionProof>
			<IsExplosionProof>false</IsExplosionProof>
			<IsFireProof>false</IsFireProof>
			<IsMeleeProof>false</IsMeleeProof>
			<IsOnlyDamagedByPlayer>false</IsOnlyDamagedByPlayer>
			<PositionRotation>
				<X>2134.8877</X>
				<Y>4781.90674</Y>
				<Z>41.3228073</Z>
				<Pitch>0.63534683</Pitch>
				<Roll>-0.612850368</Roll>
				<Yaw>-65.1270142</Yaw>
			</PositionRotation>
			<Attachment isAttached="true">
				<AttachedTo>558433</AttachedTo>
				<BoneIndex>0</BoneIndex>
				<X>0.475660652</X>
				<Y>-2.59367418</Y>
				<Z>0.0988790989</Z>
				<Pitch>0.624052644</Pitch>
				<Roll>-0.00016937741</Roll>
				<Yaw>-90.8629227</Yaw>
			</Attachment>
		</Attachment>
		<Attachment>
			<ModelHash>0xdaba7f76</ModelHash>
			<Type>3</Type>
			<Dynamic>false</Dynamic>
			<FrozenPos>true</FrozenPos>
			<HashName>xm_prop_rsply_crate04b</HashName>
			<InitialHandle>63252</InitialHandle>
			<ObjectProperties>
				<TextureVariation>0</TextureVariation>
			</ObjectProperties>
			<OpacityLevel>255</OpacityLevel>
			<LodDistance>16960</LodDistance>
			<IsVisible>true</IsVisible>
			<MaxHealth>1000</MaxHealth>
			<Health>1000</Health>
			<HasGravity>true</HasGravity>
			<IsOnFire>false</IsOnFire>
			<IsInvincible>false</IsInvincible>
			<IsBulletProof>false</IsBulletProof>
			<IsCollisionProof>false</IsCollisionProof>
			<IsExplosionProof>false</IsExplosionProof>
			<IsFireProof>false</IsFireProof>
			<IsMeleeProof>false</IsMeleeProof>
			<IsOnlyDamagedByPlayer>false</IsOnlyDamagedByPlayer>
			<PositionRotation>
				<X>2132.7063</X>
				<Y>4782.76221</Y>
				<Z>41.3380928</Z>
				<Pitch>0.639046967</Pitch>
				<Roll>-0.612771213</Roll>
				<Yaw>-65.4730682</Yaw>
			</PositionRotation>
			<Attachment isAttached="true">
				<AttachedTo>558433</AttachedTo>
				<BoneIndex>0</BoneIndex>
				<X>-1.11806798</X>
				<Y>-0.876282215</Y>
				<Z>0.132592291</Z>
				<Pitch>0.624052644</Pitch>
				<Roll>-0.00016937741</Roll>
				<Yaw>-91.2090073</Yaw>
			</Attachment>
		</Attachment>
		<Attachment>
			<ModelHash>0xdaba7f76</ModelHash>
			<Type>3</Type>
			<Dynamic>false</Dynamic>
			<FrozenPos>true</FrozenPos>
			<HashName>xm_prop_rsply_crate04b</HashName>
			<InitialHandle>766739</InitialHandle>
			<ObjectProperties>
				<TextureVariation>0</TextureVariation>
			</ObjectProperties>
			<OpacityLevel>255</OpacityLevel>
			<LodDistance>16960</LodDistance>
			<IsVisible>true</IsVisible>
			<MaxHealth>1000</MaxHealth>
			<Health>1000</Health>
			<HasGravity>true</HasGravity>
			<IsOnFire>false</IsOnFire>
			<IsInvincible>false</IsInvincible>
			<IsBulletProof>false</IsBulletProof>
			<IsCollisionProof>false</IsCollisionProof>
			<IsExplosionProof>false</IsExplosionProof>
			<IsFireProof>false</IsFireProof>
			<IsMeleeProof>false</IsMeleeProof>
			<IsOnlyDamagedByPlayer>false</IsOnlyDamagedByPlayer>
			<PositionRotation>
				<X>2133.58081</X>
				<Y>4780.98193</Y>
				<Z>41.3599548</Z>
				<Pitch>0.640898526</Pitch>
				<Roll>-0.612722933</Roll>
				<Yaw>-65.6462555</Yaw>
			</PositionRotation>
			<Attachment isAttached="true">
				<AttachedTo>558433</AttachedTo>
				<BoneIndex>0</BoneIndex>
				<X>-1.10301793</X>
				<Y>-2.85974503</Y>
				<Z>0.133240297</Z>
				<Pitch>0.624052644</Pitch>
				<Roll>-0.00016937741</Roll>
				<Yaw>-91.3821945</Yaw>
			</Attachment>
		</Attachment>
		<Attachment>
			<ModelHash>0x55a8cf2a</ModelHash>
			<Type>3</Type>
			<Dynamic>false</Dynamic>
			<FrozenPos>true</FrozenPos>
			<HashName>prop_container_door_mb_l</HashName>
			<InitialHandle>765564</InitialHandle>
			<ObjectProperties>
				<TextureVariation>0</TextureVariation>
			</ObjectProperties>
			<OpacityLevel>255</OpacityLevel>
			<LodDistance>16960</LodDistance>
			<IsVisible>true</IsVisible>
			<MaxHealth>1000</MaxHealth>
			<Health>1000</Health>
			<HasGravity>true</HasGravity>
			<IsOnFire>false</IsOnFire>
			<IsInvincible>false</IsInvincible>
			<IsBulletProof>false</IsBulletProof>
			<IsCollisionProof>false</IsCollisionProof>
			<IsExplosionProof>false</IsExplosionProof>
			<IsFireProof>false</IsFireProof>
			<IsMeleeProof>false</IsMeleeProof>
			<IsOnlyDamagedByPlayer>false</IsOnlyDamagedByPlayer>
			<PositionRotation>
				<X>2132.0293</X>
				<Y>4782.65576</Y>
				<Z>42.6227036</Z>
				<Pitch>0.629277706</Pitch>
				<Roll>89.3870468</Roll>
				<Yaw>-64.5601196</Yaw>
			</PositionRotation>
			<Attachment isAttached="true">
				<AttachedTo>558433</AttachedTo>
				<BoneIndex>0</BoneIndex>
				<X>-1.77411199</X>
				<Y>-0.691852629</Y>
				<Z>1.4192729</Z>
				<Pitch>0.624052644</Pitch>
				<Roll>89.9998245</Roll>
				<Yaw>-90.2960129</Yaw>
			</Attachment>
		</Attachment>
		<Attachment>
			<ModelHash>0x55a8cf2a</ModelHash>
			<Type>3</Type>
			<Dynamic>false</Dynamic>
			<FrozenPos>true</FrozenPos>
			<HashName>prop_container_door_mb_l</HashName>
			<InitialHandle>7958</InitialHandle>
			<ObjectProperties>
				<TextureVariation>0</TextureVariation>
			</ObjectProperties>
			<OpacityLevel>255</OpacityLevel>
			<LodDistance>16960</LodDistance>
			<IsVisible>true</IsVisible>
			<MaxHealth>1000</MaxHealth>
			<Health>1000</Health>
			<HasGravity>true</HasGravity>
			<IsOnFire>false</IsOnFire>
			<IsInvincible>false</IsInvincible>
			<IsBulletProof>false</IsBulletProof>
			<IsCollisionProof>false</IsCollisionProof>
			<IsExplosionProof>false</IsExplosionProof>
			<IsFireProof>false</IsFireProof>
			<IsMeleeProof>false</IsMeleeProof>
			<IsOnlyDamagedByPlayer>false</IsOnlyDamagedByPlayer>
			<PositionRotation>
				<X>2132.94507</X>
				<Y>4780.75537</Y>
				<Z>42.6452675</Z>
				<Pitch>0.629277706</Pitch>
				<Roll>89.3870468</Roll>
				<Yaw>-64.5601196</Yaw>
			</PositionRotation>
			<Attachment isAttached="true">
				<AttachedTo>558433</AttachedTo>
				<BoneIndex>0</BoneIndex>
				<X>-1.77411199</X>
				<Y>-2.8018508</Y>
				<Z>1.4192729</Z>
				<Pitch>0.624052644</Pitch>
				<Roll>89.9998245</Roll>
				<Yaw>-90.2960129</Yaw>
			</Attachment>
		</Attachment>
		<Attachment>
			<ModelHash>0x55a8cf2a</ModelHash>
			<Type>3</Type>
			<Dynamic>false</Dynamic>
			<FrozenPos>true</FrozenPos>
			<HashName>prop_container_door_mb_l</HashName>
			<InitialHandle>21255</InitialHandle>
			<ObjectProperties>
				<TextureVariation>0</TextureVariation>
			</ObjectProperties>
			<OpacityLevel>255</OpacityLevel>
			<LodDistance>16960</LodDistance>
			<IsVisible>true</IsVisible>
			<MaxHealth>1000</MaxHealth>
			<Health>1000</Health>
			<HasGravity>true</HasGravity>
			<IsOnFire>false</IsOnFire>
			<IsInvincible>false</IsInvincible>
			<IsBulletProof>false</IsBulletProof>
			<IsCollisionProof>false</IsCollisionProof>
			<IsExplosionProof>false</IsExplosionProof>
			<IsFireProof>false</IsFireProof>
			<IsMeleeProof>false</IsMeleeProof>
			<IsOnlyDamagedByPlayer>false</IsOnlyDamagedByPlayer>
			<PositionRotation>
				<X>2134.64526</X>
				<Y>4780.17578</Y>
				<Z>42.6587906</Z>
				<Pitch>0.0113274995</Pitch>
				<Roll>89.9945374</Roll>
				<Yaw>25.4331856</Yaw>
			</PositionRotation>
			<Attachment isAttached="true">
				<AttachedTo>558433</AttachedTo>
				<BoneIndex>0</BoneIndex>
				<X>-0.494111985</X>
				<Y>-4.06184864</Y>
				<Z>1.4192729</Z>
				<Pitch>0.624052644</Pitch>
				<Roll>89.9998245</Roll>
				<Yaw>-0.296014786</Yaw>
			</Attachment>
		</Attachment>
		<Attachment>
			<ModelHash>0x55a8cf2a</ModelHash>
			<Type>3</Type>
			<Dynamic>false</Dynamic>
			<FrozenPos>true</FrozenPos>
			<HashName>prop_container_door_mb_l</HashName>
			<InitialHandle>754254</InitialHandle>
			<ObjectProperties>
				<TextureVariation>0</TextureVariation>
			</ObjectProperties>
			<OpacityLevel>255</OpacityLevel>
			<LodDistance>16960</LodDistance>
			<IsVisible>true</IsVisible>
			<MaxHealth>1000</MaxHealth>
			<Health>1000</Health>
			<HasGravity>true</HasGravity>
			<IsOnFire>false</IsOnFire>
			<IsInvincible>false</IsInvincible>
			<IsBulletProof>false</IsBulletProof>
			<IsCollisionProof>false</IsCollisionProof>
			<IsExplosionProof>false</IsExplosionProof>
			<IsFireProof>false</IsFireProof>
			<IsMeleeProof>false</IsMeleeProof>
			<IsOnlyDamagedByPlayer>false</IsOnlyDamagedByPlayer>
			<PositionRotation>
				<X>2135.5144</X>
				<Y>4780.5835</Y>
				<Z>42.6589317</Z>
				<Pitch>0.0113274995</Pitch>
				<Roll>89.9945374</Roll>
				<Yaw>25.4331856</Yaw>
			</PositionRotation>
			<Attachment isAttached="true">
				<AttachedTo>558433</AttachedTo>
				<BoneIndex>0</BoneIndex>
				<X>0.465887666</X>
				<Y>-4.07184887</Y>
				<Z>1.4192729</Z>
				<Pitch>0.624052644</Pitch>
				<Roll>89.9998245</Roll>
				<Yaw>-0.296014786</Yaw>
			</Attachment>
		</Attachment>
		<Attachment>
			<ModelHash>0x55a8cf2a</ModelHash>
			<Type>3</Type>
			<Dynamic>false</Dynamic>
			<FrozenPos>true</FrozenPos>
			<HashName>prop_container_door_mb_l</HashName>
			<InitialHandle>734745</InitialHandle>
			<ObjectProperties>
				<TextureVariation>0</TextureVariation>
			</ObjectProperties>
			<OpacityLevel>255</OpacityLevel>
			<LodDistance>16960</LodDistance>
			<IsVisible>true</IsVisible>
			<MaxHealth>1000</MaxHealth>
			<Health>1000</Health>
			<HasGravity>true</HasGravity>
			<IsOnFire>false</IsOnFire>
			<IsInvincible>false</IsInvincible>
			<IsBulletProof>false</IsBulletProof>
			<IsCollisionProof>false</IsCollisionProof>
			<IsExplosionProof>false</IsExplosionProof>
			<IsFireProof>false</IsFireProof>
			<IsMeleeProof>false</IsMeleeProof>
			<IsOnlyDamagedByPlayer>false</IsOnlyDamagedByPlayer>
			<PositionRotation>
				<X>2136.09351</X>
				<Y>4782.26123</Y>
				<Z>42.645504</Z>
				<Pitch>0.618742466</Pitch>
				<Roll>90.6125717</Roll>
				<Yaw>115.426529</Yaw>
			</PositionRotation>
			<Attachment isAttached="true">
				<AttachedTo>558433</AttachedTo>
				<BoneIndex>0</BoneIndex>
				<X>1.7158879</X>
				<Y>-2.81185079</Y>
				<Z>1.4192729</Z>
				<Pitch>0.624052644</Pitch>
				<Roll>89.9998245</Roll>
				<Yaw>89.7039948</Yaw>
			</Attachment>
		</Attachment>
		<Attachment>
			<ModelHash>0x55a8cf2a</ModelHash>
			<Type>3</Type>
			<Dynamic>false</Dynamic>
			<FrozenPos>true</FrozenPos>
			<HashName>prop_container_door_mb_l</HashName>
			<InitialHandle>196888</InitialHandle>
			<ObjectProperties>
				<TextureVariation>0</TextureVariation>
			</ObjectProperties>
			<OpacityLevel>255</OpacityLevel>
			<LodDistance>16960</LodDistance>
			<IsVisible>true</IsVisible>
			<MaxHealth>1000</MaxHealth>
			<Health>1000</Health>
			<HasGravity>true</HasGravity>
			<IsOnFire>false</IsOnFire>
			<IsInvincible>false</IsInvincible>
			<IsBulletProof>false</IsBulletProof>
			<IsCollisionProof>false</IsCollisionProof>
			<IsExplosionProof>false</IsExplosionProof>
			<IsFireProof>false</IsFireProof>
			<IsMeleeProof>false</IsMeleeProof>
			<IsOnlyDamagedByPlayer>false</IsOnlyDamagedByPlayer>
			<PositionRotation>
				<X>2135.24341</X>
				<Y>4784.07129</Y>
				<Z>42.6141167</Z>
				<Pitch>0.618742466</Pitch>
				<Roll>90.6125717</Roll>
				<Yaw>115.426529</Yaw>
			</PositionRotation>
			<Attachment isAttached="true">
				<AttachedTo>558433</AttachedTo>
				<BoneIndex>0</BoneIndex>
				<X>1.73588789</X>
				<Y>-0.811851382</Y>
				<Z>1.40927291</Z>
				<Pitch>0.624052644</Pitch>
				<Roll>89.9998245</Roll>
				<Yaw>89.7039948</Yaw>
			</Attachment>
		</Attachment>
	</SpoonerAttachments>
</Vehicle>
