<?xml version="1.0" encoding="ISO-8859-1"?>
<Vehicle menyoo_ver="0.9998744b">
	<ModelHash>0xac5df515</ModelHash>
	<InitialHandle>552462</InitialHandle>
	<VehicleProperties>
		<Colours>
			<Primary>1</Primary>
			<Secondary>41</Secondary>
			<Pearl>7</Pearl>
			<Rim>156</Rim>
			<Mod1_a>6</Mod1_a>
			<Mod1_b>-1</Mod1_b>
			<Mod1_c>-1</Mod1_c>
			<Mod2_a>6</Mod2_a>
			<Mod2_b>-1</Mod2_b>
			<IsPrimaryColourCustom>false</IsPrimaryColourCustom>
			<IsSecondaryColourCustom>false</IsSecondaryColourCustom>
			<tyreSmoke_R>255</tyreSmoke_R>
			<tyreSmoke_G>255</tyreSmoke_G>
			<tyreSmoke_B>255</tyreSmoke_B>
			<LrInterior>0</LrInterior>
			<LrDashboard>0</LrDashboard>
		</Colours>
		<Livery>-1</Livery>
		<NumberPlateText>64GBB828</NumberPlateText>
		<NumberPlateIndex>0</NumberPlateIndex>
		<WheelType>7</WheelType>
		<WheelsInvisible>false</WheelsInvisible>
		<EngineSoundName></EngineSoundName>
		<WindowTint>-1</WindowTint>
		<BulletProofTyres>false</BulletProofTyres>
		<DirtLevel>0.148679018</DirtLevel>
		<PaintFade>0.298039228</PaintFade>
		<RoofState>0</RoofState>
		<SirenActive>false</SirenActive>
		<EngineOn>true</EngineOn>
		<EngineHealth>1250</EngineHealth>
		<LightsOn>false</LightsOn>
		<IsRadioLoud>0</IsRadioLoud>
		<LockStatus>1</LockStatus>
		<Neons>
			<Left>false</Left>
			<Right>false</Right>
			<Front>false</Front>
			<Back>false</Back>
			<R>255</R>
			<G>0</G>
			<B>255</B>
		</Neons>
		<ModExtras />
		<Mods>
			<_0>6,0</_0>
			<_1>-1,0</_1>
			<_2>-1,0</_2>
			<_3>-1,0</_3>
			<_4>-1,0</_4>
			<_5>-1,0</_5>
			<_6>-1,0</_6>
			<_7>-1,0</_7>
			<_8>-1,0</_8>
			<_9>-1,0</_9>
			<_10>-1,0</_10>
			<_11>-1,0</_11>
			<_12>-1,0</_12>
			<_13>-1,0</_13>
			<_14>-1,0</_14>
			<_15>-1,0</_15>
			<_16>-1,0</_16>
			<_17>false</_17>
			<_18>false</_18>
			<_19>false</_19>
			<_20>false</_20>
			<_21>false</_21>
			<_22>false</_22>
			<_23>-1,0</_23>
			<_24>-1,0</_24>
			<_25>-1,0</_25>
			<_26>-1,0</_26>
			<_27>-1,0</_27>
			<_28>-1,0</_28>
			<_29>-1,0</_29>
			<_30>-1,0</_30>
			<_31>-1,0</_31>
			<_32>-1,0</_32>
			<_33>-1,0</_33>
			<_34>-1,0</_34>
			<_35>-1,0</_35>
			<_36>-1,0</_36>
			<_37>-1,0</_37>
			<_38>-1,0</_38>
			<_39>-1,0</_39>
			<_40>-1,0</_40>
			<_41>-1,0</_41>
			<_42>-1,0</_42>
			<_43>-1,0</_43>
			<_44>-1,0</_44>
			<_45>-1,0</_45>
			<_46>-1,0</_46>
			<_47>-1,0</_47>
			<_48>-1,0</_48>
		</Mods>
		<DoorsOpen>
			<BackLeftDoor>false</BackLeftDoor>
			<BackRightDoor>false</BackRightDoor>
			<FrontLeftDoor>false</FrontLeftDoor>
			<FrontRightDoor>false</FrontRightDoor>
			<Hood>false</Hood>
			<Trunk>false</Trunk>
			<Trunk2>false</Trunk2>
		</DoorsOpen>
		<DoorsBroken>
			<BackLeftDoor>false</BackLeftDoor>
			<BackRightDoor>false</BackRightDoor>
			<FrontLeftDoor>false</FrontLeftDoor>
			<FrontRightDoor>false</FrontRightDoor>
			<Hood>false</Hood>
			<Trunk>false</Trunk>
			<Trunk2>false</Trunk2>
		</DoorsBroken>
		<TyresBursted>
			<FrontLeft>false</FrontLeft>
			<FrontRight>false</FrontRight>
			<_2>false</_2>
			<_3>false</_3>
			<BackLeft>false</BackLeft>
			<BackRight>false</BackRight>
			<_6>false</_6>
			<_7>false</_7>
			<_8>false</_8>
		</TyresBursted>
		<RpmMultiplier>1</RpmMultiplier>
		<TorqueMultiplier>1</TorqueMultiplier>
		<HeadlightIntensity>1</HeadlightIntensity>
	</VehicleProperties>
	<OpacityLevel>255</OpacityLevel>
	<LodDistance>16960</LodDistance>
	<IsVisible>true</IsVisible>
	<IsDriverVisible>true</IsDriverVisible>
	<MaxHealth>1000</MaxHealth>
	<Health>1000</Health>
	<HasGravity>true</HasGravity>
	<IsOnFire>false</IsOnFire>
	<IsInvincible>false</IsInvincible>
	<IsBulletProof>false</IsBulletProof>
	<IsExplosionProof>false</IsExplosionProof>
	<IsFireProof>false</IsFireProof>
	<IsMeleeProof>false</IsMeleeProof>
	<IsOnlyDamagedByPlayer>false</IsOnlyDamagedByPlayer>
	<SpoonerAttachments SetAttachmentsPersistentAndAddToSpoonerDatabase="false" StartTaskSequencesOnLoad="true">
		<Attachment>
			<ModelHash>0x7e1240ea</ModelHash>
			<Type>3</Type>
			<Dynamic>false</Dynamic>
			<FrozenPos>true</FrozenPos>
			<HashName>prop_tool_consaw</HashName>
			<InitialHandle>125717</InitialHandle>
			<ObjectProperties>
				<TextureVariation>0</TextureVariation>
			</ObjectProperties>
			<OpacityLevel>255</OpacityLevel>
			<LodDistance>16960</LodDistance>
			<IsVisible>true</IsVisible>
			<MaxHealth>1000</MaxHealth>
			<Health>1000</Health>
			<HasGravity>true</HasGravity>
			<IsOnFire>false</IsOnFire>
			<IsInvincible>true</IsInvincible>
			<IsBulletProof>false</IsBulletProof>
			<IsCollisionProof>false</IsCollisionProof>
			<IsExplosionProof>true</IsExplosionProof>
			<IsFireProof>false</IsFireProof>
			<IsMeleeProof>true</IsMeleeProof>
			<IsOnlyDamagedByPlayer>false</IsOnlyDamagedByPlayer>
			<PositionRotation>
				<X>-1827.14429</X>
				<Y>-761.221436</Y>
				<Z>7.53402472</Z>
				<Pitch>88.823967</Pitch>
				<Roll>-93.4436111</Roll>
				<Yaw>-169.491318</Yaw>
			</PositionRotation>
			<Attachment isAttached="true">
				<AttachedTo>552462</AttachedTo>
				<BoneIndex>0</BoneIndex>
				<X>-0.132369444</X>
				<Y>2.13837695</Y>
				<Z>-0.324193001</Z>
				<Pitch>89.9654465</Pitch>
				<Roll>-37.6032104</Roll>
				<Yaw>-48.4346123</Yaw>
			</Attachment>
		</Attachment>
		<Attachment>
			<ModelHash>0x7e1240ea</ModelHash>
			<Type>3</Type>
			<Dynamic>false</Dynamic>
			<FrozenPos>true</FrozenPos>
			<HashName>prop_tool_consaw</HashName>
			<InitialHandle>243223</InitialHandle>
			<ObjectProperties>
				<TextureVariation>0</TextureVariation>
			</ObjectProperties>
			<OpacityLevel>255</OpacityLevel>
			<LodDistance>16960</LodDistance>
			<IsVisible>true</IsVisible>
			<MaxHealth>1000</MaxHealth>
			<Health>1000</Health>
			<HasGravity>true</HasGravity>
			<IsOnFire>false</IsOnFire>
			<IsInvincible>false</IsInvincible>
			<IsBulletProof>false</IsBulletProof>
			<IsCollisionProof>false</IsCollisionProof>
			<IsExplosionProof>false</IsExplosionProof>
			<IsFireProof>false</IsFireProof>
			<IsMeleeProof>false</IsMeleeProof>
			<IsOnlyDamagedByPlayer>false</IsOnlyDamagedByPlayer>
			<PositionRotation>
				<X>-1827.26672</X>
				<Y>-761.190674</Y>
				<Z>7.50668049</Z>
				<Pitch>1.89006007</Pitch>
				<Roll>46.611702</Roll>
				<Yaw>91.3746719</Yaw>
			</PositionRotation>
			<Attachment isAttached="true">
				<AttachedTo>552462</AttachedTo>
				<BoneIndex>0</BoneIndex>
				<X>-0.0118502155</X>
				<Y>2.1015656</Y>
				<Z>-0.352650911</Z>
				<Pitch>1.67781889</Pitch>
				<Roll>47.7498703</Roll>
				<Yaw>-91.7639236</Yaw>
			</Attachment>
		</Attachment>
		<Attachment>
			<ModelHash>0x7e1240ea</ModelHash>
			<Type>3</Type>
			<Dynamic>false</Dynamic>
			<FrozenPos>true</FrozenPos>
			<HashName>prop_tool_consaw</HashName>
			<InitialHandle>749079</InitialHandle>
			<ObjectProperties>
				<TextureVariation>0</TextureVariation>
			</ObjectProperties>
			<OpacityLevel>255</OpacityLevel>
			<LodDistance>16960</LodDistance>
			<IsVisible>true</IsVisible>
			<MaxHealth>1000</MaxHealth>
			<Health>1000</Health>
			<HasGravity>true</HasGravity>
			<IsOnFire>false</IsOnFire>
			<IsInvincible>false</IsInvincible>
			<IsBulletProof>false</IsBulletProof>
			<IsCollisionProof>false</IsCollisionProof>
			<IsExplosionProof>false</IsExplosionProof>
			<IsFireProof>false</IsFireProof>
			<IsMeleeProof>false</IsMeleeProof>
			<IsOnlyDamagedByPlayer>false</IsOnlyDamagedByPlayer>
			<PositionRotation>
				<X>-1827.30493</X>
				<Y>-760.66748</Y>
				<Z>7.73561811</Z>
				<Pitch>1.89006543</Pitch>
				<Roll>56.611721</Roll>
				<Yaw>91.3744278</Yaw>
			</PositionRotation>
			<Attachment isAttached="true">
				<AttachedTo>552462</AttachedTo>
				<BoneIndex>0</BoneIndex>
				<X>-0.00134017412</X>
				<Y>1.57259679</Y>
				<Z>-0.134258077</Z>
				<Pitch>1.6778214</Pitch>
				<Roll>57.7498817</Roll>
				<Yaw>-91.7641754</Yaw>
			</Attachment>
		</Attachment>
		<Attachment>
			<ModelHash>0x7e1240ea</ModelHash>
			<Type>3</Type>
			<Dynamic>false</Dynamic>
			<FrozenPos>true</FrozenPos>
			<HashName>prop_tool_consaw</HashName>
			<InitialHandle>209179</InitialHandle>
			<ObjectProperties>
				<TextureVariation>0</TextureVariation>
			</ObjectProperties>
			<OpacityLevel>255</OpacityLevel>
			<LodDistance>16960</LodDistance>
			<IsVisible>true</IsVisible>
			<MaxHealth>1000</MaxHealth>
			<Health>1000</Health>
			<HasGravity>true</HasGravity>
			<IsOnFire>false</IsOnFire>
			<IsInvincible>false</IsInvincible>
			<IsBulletProof>false</IsBulletProof>
			<IsCollisionProof>false</IsCollisionProof>
			<IsExplosionProof>false</IsExplosionProof>
			<IsFireProof>false</IsFireProof>
			<IsMeleeProof>false</IsMeleeProof>
			<IsOnlyDamagedByPlayer>false</IsOnlyDamagedByPlayer>
			<PositionRotation>
				<X>-1827.78491</X>
				<Y>-759.229614</Y>
				<Z>8.2573576</Z>
				<Pitch>1.82992411</Pitch>
				<Roll>16.6021652</Roll>
				<Yaw>94.3897705</Yaw>
			</PositionRotation>
			<Attachment isAttached="true">
				<AttachedTo>552462</AttachedTo>
				<BoneIndex>0</BoneIndex>
				<X>0.401729524</X>
				<Y>0.100766376</Y>
				<Z>0.356958985</Z>
				<Pitch>1.67782056</Pitch>
				<Roll>17.7499046</Roll>
				<Yaw>-88.7485275</Yaw>
			</Attachment>
		</Attachment>
		<Attachment>
			<ModelHash>0x7e1240ea</ModelHash>
			<Type>3</Type>
			<Dynamic>false</Dynamic>
			<FrozenPos>true</FrozenPos>
			<HashName>prop_tool_consaw</HashName>
			<InitialHandle>246555</InitialHandle>
			<ObjectProperties>
				<TextureVariation>0</TextureVariation>
			</ObjectProperties>
			<OpacityLevel>255</OpacityLevel>
			<LodDistance>16960</LodDistance>
			<IsVisible>true</IsVisible>
			<MaxHealth>1000</MaxHealth>
			<Health>1000</Health>
			<HasGravity>true</HasGravity>
			<IsOnFire>false</IsOnFire>
			<IsInvincible>false</IsInvincible>
			<IsBulletProof>false</IsBulletProof>
			<IsCollisionProof>false</IsCollisionProof>
			<IsExplosionProof>false</IsExplosionProof>
			<IsFireProof>false</IsFireProof>
			<IsMeleeProof>false</IsMeleeProof>
			<IsOnlyDamagedByPlayer>false</IsOnlyDamagedByPlayer>
			<PositionRotation>
				<X>-1827.04883</X>
				<Y>-759.16864</Y>
				<Z>8.26254559</Z>
				<Pitch>1.84032249</Pitch>
				<Roll>16.6035862</Roll>
				<Yaw>93.8700943</Yaw>
			</PositionRotation>
			<Attachment isAttached="true">
				<AttachedTo>552462</AttachedTo>
				<BoneIndex>0</BoneIndex>
				<X>-0.336597949</X>
				<Y>0.0795669183</Y>
				<Z>0.364012063</Z>
				<Pitch>1.67782009</Pitch>
				<Roll>17.7499046</Roll>
				<Yaw>-89.2682648</Yaw>
			</Attachment>
		</Attachment>
		<Attachment>
			<ModelHash>0x7e1240ea</ModelHash>
			<Type>3</Type>
			<Dynamic>false</Dynamic>
			<FrozenPos>true</FrozenPos>
			<HashName>prop_tool_consaw</HashName>
			<InitialHandle>702746</InitialHandle>
			<ObjectProperties>
				<TextureVariation>0</TextureVariation>
			</ObjectProperties>
			<OpacityLevel>255</OpacityLevel>
			<LodDistance>16960</LodDistance>
			<IsVisible>true</IsVisible>
			<MaxHealth>1000</MaxHealth>
			<Health>1000</Health>
			<HasGravity>true</HasGravity>
			<IsOnFire>false</IsOnFire>
			<IsInvincible>false</IsInvincible>
			<IsBulletProof>false</IsBulletProof>
			<IsCollisionProof>false</IsCollisionProof>
			<IsExplosionProof>false</IsExplosionProof>
			<IsFireProof>false</IsFireProof>
			<IsMeleeProof>false</IsMeleeProof>
			<IsOnlyDamagedByPlayer>false</IsOnlyDamagedByPlayer>
			<PositionRotation>
				<X>-1827.39502</X>
				<Y>-758.556458</Y>
				<Z>8.40193272</Z>
				<Pitch>1.80214024</Pitch>
				<Roll>16.5988235</Roll>
				<Yaw>95.7752151</Yaw>
			</PositionRotation>
			<Attachment isAttached="true">
				<AttachedTo>552462</AttachedTo>
				<BoneIndex>0</BoneIndex>
				<X>-0.0235758405</X>
				<Y>-0.553094506</Y>
				<Z>0.48982951</Z>
				<Pitch>1.67782056</Pitch>
				<Roll>17.7499027</Roll>
				<Yaw>-87.3629074</Yaw>
			</Attachment>
		</Attachment>
		<Attachment>
			<ModelHash>0x1a0bc25b</ModelHash>
			<Type>3</Type>
			<Dynamic>false</Dynamic>
			<FrozenPos>true</FrozenPos>
			<HashName>prop_knife</HashName>
			<InitialHandle>460830</InitialHandle>
			<ObjectProperties>
				<TextureVariation>0</TextureVariation>
			</ObjectProperties>
			<OpacityLevel>255</OpacityLevel>
			<LodDistance>16960</LodDistance>
			<IsVisible>true</IsVisible>
			<MaxHealth>1000</MaxHealth>
			<Health>1000</Health>
			<HasGravity>true</HasGravity>
			<IsOnFire>false</IsOnFire>
			<IsInvincible>false</IsInvincible>
			<IsBulletProof>false</IsBulletProof>
			<IsCollisionProof>false</IsCollisionProof>
			<IsExplosionProof>false</IsExplosionProof>
			<IsFireProof>false</IsFireProof>
			<IsMeleeProof>false</IsMeleeProof>
			<IsOnlyDamagedByPlayer>false</IsOnlyDamagedByPlayer>
			<PositionRotation>
				<X>-1826.54565</X>
				<Y>-757.222778</Y>
				<Z>8.42080307</Z>
				<Pitch>0.538166821</Pitch>
				<Roll>-2.45114398</Roll>
				<Yaw>-178.07692</Yaw>
			</PositionRotation>
			<Attachment isAttached="true">
				<AttachedTo>552462</AttachedTo>
				<BoneIndex>0</BoneIndex>
				<X>-0.943971097</X>
				<Y>-1.8389703</Y>
				<Z>0.485886633</Z>
				<Pitch>1.67782056</Pitch>
				<Roll>-2.25008845</Roll>
				<Yaw>-1.18399048</Yaw>
			</Attachment>
		</Attachment>
		<Attachment>
			<ModelHash>0x1a0bc25b</ModelHash>
			<Type>3</Type>
			<Dynamic>false</Dynamic>
			<FrozenPos>true</FrozenPos>
			<HashName>prop_knife</HashName>
			<InitialHandle>393757</InitialHandle>
			<ObjectProperties>
				<TextureVariation>0</TextureVariation>
			</ObjectProperties>
			<OpacityLevel>255</OpacityLevel>
			<LodDistance>16960</LodDistance>
			<IsVisible>true</IsVisible>
			<MaxHealth>1000</MaxHealth>
			<Health>1000</Health>
			<HasGravity>true</HasGravity>
			<IsOnFire>false</IsOnFire>
			<IsInvincible>false</IsInvincible>
			<IsBulletProof>false</IsBulletProof>
			<IsCollisionProof>false</IsCollisionProof>
			<IsExplosionProof>false</IsExplosionProof>
			<IsFireProof>false</IsFireProof>
			<IsMeleeProof>false</IsMeleeProof>
			<IsOnlyDamagedByPlayer>false</IsOnlyDamagedByPlayer>
			<PositionRotation>
				<X>-1828.45215</X>
				<Y>-757.340393</Y>
				<Z>8.41364002</Z>
				<Pitch>0.536975086</Pitch>
				<Roll>-2.44426394</Roll>
				<Yaw>-177.731323</Yaw>
			</PositionRotation>
			<Attachment isAttached="true">
				<AttachedTo>552462</AttachedTo>
				<BoneIndex>0</BoneIndex>
				<X>0.966068804</X>
				<Y>-1.82454383</Y>
				<Z>0.473093212</Z>
				<Pitch>1.67782056</Pitch>
				<Roll>-2.25008845</Roll>
				<Yaw>-0.838256836</Yaw>
			</Attachment>
		</Attachment>
		<Attachment>
			<ModelHash>0x1a0bc25b</ModelHash>
			<Type>3</Type>
			<Dynamic>false</Dynamic>
			<FrozenPos>true</FrozenPos>
			<HashName>prop_knife</HashName>
			<InitialHandle>344606</InitialHandle>
			<ObjectProperties>
				<TextureVariation>0</TextureVariation>
			</ObjectProperties>
			<OpacityLevel>255</OpacityLevel>
			<LodDistance>16960</LodDistance>
			<IsVisible>true</IsVisible>
			<MaxHealth>1000</MaxHealth>
			<Health>1000</Health>
			<HasGravity>true</HasGravity>
			<IsOnFire>false</IsOnFire>
			<IsInvincible>false</IsInvincible>
			<IsBulletProof>false</IsBulletProof>
			<IsCollisionProof>false</IsCollisionProof>
			<IsExplosionProof>false</IsExplosionProof>
			<IsFireProof>false</IsFireProof>
			<IsMeleeProof>false</IsMeleeProof>
			<IsOnlyDamagedByPlayer>false</IsOnlyDamagedByPlayer>
			<PositionRotation>
				<X>-1826.85925</X>
				<Y>-757.120117</Y>
				<Z>8.43888474</Z>
				<Pitch>0.535263598</Pitch>
				<Roll>-2.43392086</Roll>
				<Yaw>-177.212463</Yaw>
			</PositionRotation>
			<Attachment isAttached="true">
				<AttachedTo>552462</AttachedTo>
				<BoneIndex>0</BoneIndex>
				<X>-0.636357188</X>
				<Y>-1.95881069</Y>
				<Z>0.500626922</Z>
				<Pitch>1.67782056</Pitch>
				<Roll>-2.25008845</Roll>
				<Yaw>-0.319198608</Yaw>
			</Attachment>
		</Attachment>
		<Attachment>
			<ModelHash>0x1a0bc25b</ModelHash>
			<Type>3</Type>
			<Dynamic>false</Dynamic>
			<FrozenPos>true</FrozenPos>
			<HashName>prop_knife</HashName>
			<InitialHandle>185885</InitialHandle>
			<ObjectProperties>
				<TextureVariation>0</TextureVariation>
			</ObjectProperties>
			<OpacityLevel>255</OpacityLevel>
			<LodDistance>16960</LodDistance>
			<IsVisible>true</IsVisible>
			<MaxHealth>1000</MaxHealth>
			<Health>1000</Health>
			<HasGravity>true</HasGravity>
			<IsOnFire>false</IsOnFire>
			<IsInvincible>false</IsInvincible>
			<IsBulletProof>false</IsBulletProof>
			<IsCollisionProof>false</IsCollisionProof>
			<IsExplosionProof>false</IsExplosionProof>
			<IsFireProof>false</IsFireProof>
			<IsMeleeProof>false</IsMeleeProof>
			<IsOnlyDamagedByPlayer>false</IsOnlyDamagedByPlayer>
			<PositionRotation>
				<X>-1828.17761</X>
				<Y>-757.216187</Y>
				<Z>8.431777</Z>
				<Pitch>0.535263598</Pitch>
				<Roll>-2.43392086</Roll>
				<Yaw>-177.212463</Yaw>
			</PositionRotation>
			<Attachment isAttached="true">
				<AttachedTo>552462</AttachedTo>
				<BoneIndex>0</BoneIndex>
				<X>0.68525672</X>
				<Y>-1.93406069</Y>
				<Z>0.489918053</Z>
				<Pitch>1.67782056</Pitch>
				<Roll>-2.25008845</Roll>
				<Yaw>-0.319198608</Yaw>
			</Attachment>
		</Attachment>
		<Attachment>
			<ModelHash>0x2edd9003</ModelHash>
			<Type>3</Type>
			<Dynamic>false</Dynamic>
			<FrozenPos>true</FrozenPos>
			<HashName>prop_jerrycan_01a</HashName>
			<InitialHandle>743457</InitialHandle>
			<ObjectProperties>
				<TextureVariation>0</TextureVariation>
			</ObjectProperties>
			<OpacityLevel>255</OpacityLevel>
			<LodDistance>16960</LodDistance>
			<IsVisible>true</IsVisible>
			<MaxHealth>1000</MaxHealth>
			<Health>1000</Health>
			<HasGravity>true</HasGravity>
			<IsOnFire>false</IsOnFire>
			<IsInvincible>false</IsInvincible>
			<IsBulletProof>false</IsBulletProof>
			<IsCollisionProof>false</IsCollisionProof>
			<IsExplosionProof>false</IsExplosionProof>
			<IsFireProof>false</IsFireProof>
			<IsMeleeProof>false</IsMeleeProof>
			<IsOnlyDamagedByPlayer>false</IsOnlyDamagedByPlayer>
			<PositionRotation>
				<X>-1827.49341</X>
				<Y>-757.391541</Y>
				<Z>8.31650734</Z>
				<Pitch>-77.9295273</Pitch>
				<Roll>-1.80241168</Roll>
				<Yaw>-178.921402</Yaw>
			</PositionRotation>
			<Attachment isAttached="true">
				<AttachedTo>552462</AttachedTo>
				<BoneIndex>0</BoneIndex>
				<X>0.011280803</X>
				<Y>-1.71966517</Y>
				<Z>0.380991757</Z>
				<Pitch>-76.791153</Pitch>
				<Roll>-0.849449456</Roll>
				<Yaw>-1.09466553</Yaw>
			</Attachment>
		</Attachment>
		<Attachment>
			<ModelHash>0x306e29b4</ModelHash>
			<Type>3</Type>
			<Dynamic>true</Dynamic>
			<FrozenPos>true</FrozenPos>
			<HashName>prop_ballistic_shield_lod1</HashName>
			<InitialHandle>276494</InitialHandle>
			<ObjectProperties>
				<TextureVariation>0</TextureVariation>
			</ObjectProperties>
			<OpacityLevel>255</OpacityLevel>
			<LodDistance>16960</LodDistance>
			<IsVisible>true</IsVisible>
			<MaxHealth>1000</MaxHealth>
			<Health>1000</Health>
			<HasGravity>true</HasGravity>
			<IsOnFire>false</IsOnFire>
			<IsInvincible>true</IsInvincible>
			<IsBulletProof>false</IsBulletProof>
			<IsCollisionProof>false</IsCollisionProof>
			<IsExplosionProof>true</IsExplosionProof>
			<IsFireProof>false</IsFireProof>
			<IsMeleeProof>true</IsMeleeProof>
			<IsOnlyDamagedByPlayer>false</IsOnlyDamagedByPlayer>
			<PositionRotation>
				<X>-1827.3844</X>
				<Y>-760.06311</Y>
				<Z>8.23290443</Z>
				<Pitch>-70.7522736</Pitch>
				<Roll>-0.207377627</Roll>
				<Yaw>1.99353766</Yaw>
			</PositionRotation>
			<Attachment isAttached="true">
				<AttachedTo>552462</AttachedTo>
				<BoneIndex>0</BoneIndex>
				<X>0.0468336269</X>
				<Y>0.955039263</Y>
				<Z>0.350652784</Z>
				<Pitch>-71.8911209</Pitch>
				<Roll>-0.849449456</Roll>
				<Yaw>178.282074</Yaw>
			</Attachment>
		</Attachment>
		<Attachment>
			<ModelHash>0x306e29b4</ModelHash>
			<Type>3</Type>
			<Dynamic>false</Dynamic>
			<FrozenPos>true</FrozenPos>
			<HashName>prop_ballistic_shield_lod1</HashName>
			<InitialHandle>644654</InitialHandle>
			<ObjectProperties>
				<TextureVariation>0</TextureVariation>
			</ObjectProperties>
			<OpacityLevel>255</OpacityLevel>
			<LodDistance>16960</LodDistance>
			<IsVisible>true</IsVisible>
			<MaxHealth>1000</MaxHealth>
			<Health>1000</Health>
			<HasGravity>true</HasGravity>
			<IsOnFire>false</IsOnFire>
			<IsInvincible>false</IsInvincible>
			<IsBulletProof>false</IsBulletProof>
			<IsCollisionProof>false</IsCollisionProof>
			<IsExplosionProof>false</IsExplosionProof>
			<IsFireProof>false</IsFireProof>
			<IsMeleeProof>false</IsMeleeProof>
			<IsOnlyDamagedByPlayer>false</IsOnlyDamagedByPlayer>
			<PositionRotation>
				<X>-1827.73328</X>
				<Y>-760.061707</Y>
				<Z>8.2586565</Z>
				<Pitch>-70.728508</Pitch>
				<Roll>0.579676509</Roll>
				<Yaw>-10.7743464</Yaw>
			</PositionRotation>
			<Attachment isAttached="true">
				<AttachedTo>552462</AttachedTo>
				<BoneIndex>0</BoneIndex>
				<X>0.395249069</X>
				<Y>0.934246063</Y>
				<Z>0.374916345</Z>
				<Pitch>-71.7908554</Pitch>
				<Roll>-0.849451542</Roll>
				<Yaw>164.769058</Yaw>
			</Attachment>
		</Attachment>
		<Attachment>
			<ModelHash>0x9e8c3644</ModelHash>
			<Type>3</Type>
			<Dynamic>false</Dynamic>
			<FrozenPos>true</FrozenPos>
			<HashName>w_me_nightstick</HashName>
			<InitialHandle>276785</InitialHandle>
			<ObjectProperties>
				<TextureVariation>0</TextureVariation>
			</ObjectProperties>
			<OpacityLevel>255</OpacityLevel>
			<LodDistance>16960</LodDistance>
			<IsVisible>true</IsVisible>
			<MaxHealth>1000</MaxHealth>
			<Health>1000</Health>
			<HasGravity>true</HasGravity>
			<IsOnFire>false</IsOnFire>
			<IsInvincible>false</IsInvincible>
			<IsBulletProof>false</IsBulletProof>
			<IsCollisionProof>false</IsCollisionProof>
			<IsExplosionProof>false</IsExplosionProof>
			<IsFireProof>false</IsFireProof>
			<IsMeleeProof>false</IsMeleeProof>
			<IsOnlyDamagedByPlayer>false</IsOnlyDamagedByPlayer>
			<PositionRotation>
				<X>-1828.2572</X>
				<Y>-757.847717</Y>
				<Z>8.18411636</Z>
				<Pitch>-1.9623431</Pitch>
				<Roll>0.29563117</Roll>
				<Yaw>-86.5793686</Yaw>
			</PositionRotation>
			<Attachment isAttached="true">
				<AttachedTo>552462</AttachedTo>
				<BoneIndex>0</BoneIndex>
				<X>0.798195481</X>
				<Y>-1.30291414</Y>
				<Z>0.254455358</Z>
				<Pitch>-1.790833</Pitch>
				<Roll>-0.849449039</Roll>
				<Yaw>90.279953</Yaw>
			</Attachment>
		</Attachment>
		<Attachment>
			<ModelHash>0x0a22cea2</ModelHash>
			<Type>3</Type>
			<Dynamic>false</Dynamic>
			<FrozenPos>true</FrozenPos>
			<HashName>prop_cs_bowie_knife</HashName>
			<InitialHandle>578101</InitialHandle>
			<ObjectProperties>
				<TextureVariation>0</TextureVariation>
			</ObjectProperties>
			<OpacityLevel>255</OpacityLevel>
			<LodDistance>16960</LodDistance>
			<IsVisible>true</IsVisible>
			<MaxHealth>1000</MaxHealth>
			<Health>1000</Health>
			<HasGravity>true</HasGravity>
			<IsOnFire>false</IsOnFire>
			<IsInvincible>false</IsInvincible>
			<IsBulletProof>false</IsBulletProof>
			<IsCollisionProof>false</IsCollisionProof>
			<IsExplosionProof>false</IsExplosionProof>
			<IsFireProof>false</IsFireProof>
			<IsMeleeProof>false</IsMeleeProof>
			<IsOnlyDamagedByPlayer>false</IsOnlyDamagedByPlayer>
			<PositionRotation>
				<X>-1826.48486</X>
				<Y>-760.516052</Y>
				<Z>8.02970505</Z>
				<Pitch>-0.575913906</Pitch>
				<Roll>2.62189937</Roll>
				<Yaw>-87.9322586</Yaw>
			</PositionRotation>
			<Attachment isAttached="true">
				<AttachedTo>552462</AttachedTo>
				<BoneIndex>0</BoneIndex>
				<X>-0.827488363</X>
				<Y>1.45990455</Y>
				<Z>0.160199046</Z>
				<Pitch>-0.377708316</Pitch>
				<Roll>1.48171437</Roll>
				<Yaw>88.9550781</Yaw>
			</Attachment>
		</Attachment>
		<Attachment>
			<ModelHash>0x0a22cea2</ModelHash>
			<Type>3</Type>
			<Dynamic>false</Dynamic>
			<FrozenPos>true</FrozenPos>
			<HashName>prop_cs_bowie_knife</HashName>
			<InitialHandle>396336</InitialHandle>
			<ObjectProperties>
				<TextureVariation>0</TextureVariation>
			</ObjectProperties>
			<OpacityLevel>255</OpacityLevel>
			<LodDistance>16960</LodDistance>
			<IsVisible>true</IsVisible>
			<MaxHealth>1000</MaxHealth>
			<Health>1000</Health>
			<HasGravity>true</HasGravity>
			<IsOnFire>false</IsOnFire>
			<IsInvincible>false</IsInvincible>
			<IsBulletProof>false</IsBulletProof>
			<IsCollisionProof>false</IsCollisionProof>
			<IsExplosionProof>false</IsExplosionProof>
			<IsFireProof>false</IsFireProof>
			<IsMeleeProof>false</IsMeleeProof>
			<IsOnlyDamagedByPlayer>false</IsOnlyDamagedByPlayer>
			<PositionRotation>
				<X>-1826.53308</X>
				<Y>-760.527222</Y>
				<Z>8.01093769</Z>
				<Pitch>-0.606861174</Pitch>
				<Roll>2.61608744</Roll>
				<Yaw>-89.4911652</Yaw>
			</PositionRotation>
			<Attachment isAttached="true">
				<AttachedTo>552462</AttachedTo>
				<BoneIndex>0</BoneIndex>
				<X>-0.778736472</X>
				<Y>1.46881735</Y>
				<Z>0.14145416</Z>
				<Pitch>-0.377708316</Pitch>
				<Roll>1.48171437</Roll>
				<Yaw>87.3959198</Yaw>
			</Attachment>
		</Attachment>
		<Attachment>
			<ModelHash>0x0a22cea2</ModelHash>
			<Type>3</Type>
			<Dynamic>false</Dynamic>
			<FrozenPos>true</FrozenPos>
			<HashName>prop_cs_bowie_knife</HashName>
			<InitialHandle>719413</InitialHandle>
			<ObjectProperties>
				<TextureVariation>0</TextureVariation>
			</ObjectProperties>
			<OpacityLevel>255</OpacityLevel>
			<LodDistance>16960</LodDistance>
			<IsVisible>true</IsVisible>
			<MaxHealth>1000</MaxHealth>
			<Health>1000</Health>
			<HasGravity>true</HasGravity>
			<IsOnFire>false</IsOnFire>
			<IsInvincible>false</IsInvincible>
			<IsBulletProof>false</IsBulletProof>
			<IsCollisionProof>false</IsCollisionProof>
			<IsExplosionProof>false</IsExplosionProof>
			<IsFireProof>false</IsFireProof>
			<IsMeleeProof>false</IsMeleeProof>
			<IsOnlyDamagedByPlayer>false</IsOnlyDamagedByPlayer>
			<PositionRotation>
				<X>-1827.9967</X>
				<Y>-760.618103</Y>
				<Z>7.99968815</Z>
				<Pitch>-0.503190815</Pitch>
				<Roll>2.6321702</Roll>
				<Yaw>-84.2957687</Yaw>
			</PositionRotation>
			<Attachment isAttached="true">
				<AttachedTo>552462</AttachedTo>
				<BoneIndex>0</BoneIndex>
				<X>0.687576175</X>
				<Y>1.48058891</Y>
				<Z>0.125895053</Z>
				<Pitch>-0.377708316</Pitch>
				<Roll>1.48171437</Roll>
				<Yaw>92.5922241</Yaw>
			</Attachment>
		</Attachment>
		<Attachment>
			<ModelHash>0x0a22cea2</ModelHash>
			<Type>3</Type>
			<Dynamic>false</Dynamic>
			<FrozenPos>true</FrozenPos>
			<HashName>prop_cs_bowie_knife</HashName>
			<InitialHandle>521013</InitialHandle>
			<ObjectProperties>
				<TextureVariation>0</TextureVariation>
			</ObjectProperties>
			<OpacityLevel>255</OpacityLevel>
			<LodDistance>16960</LodDistance>
			<IsVisible>true</IsVisible>
			<MaxHealth>1000</MaxHealth>
			<Health>1000</Health>
			<HasGravity>true</HasGravity>
			<IsOnFire>false</IsOnFire>
			<IsInvincible>false</IsInvincible>
			<IsBulletProof>false</IsBulletProof>
			<IsCollisionProof>false</IsCollisionProof>
			<IsExplosionProof>false</IsExplosionProof>
			<IsFireProof>false</IsFireProof>
			<IsMeleeProof>false</IsMeleeProof>
			<IsOnlyDamagedByPlayer>false</IsOnlyDamagedByPlayer>
			<PositionRotation>
				<X>-1828.0929</X>
				<Y>-760.629944</Y>
				<Z>8.02559471</Z>
				<Pitch>-0.506667972</Pitch>
				<Roll>2.63178635</Roll>
				<Yaw>-84.468956</Yaw>
			</PositionRotation>
			<Attachment isAttached="true">
				<AttachedTo>552462</AttachedTo>
				<BoneIndex>0</BoneIndex>
				<X>0.784354687</X>
				<Y>1.48672426</Y>
				<Z>0.15162921</Z>
				<Pitch>-0.377708316</Pitch>
				<Roll>1.48171437</Roll>
				<Yaw>92.4189911</Yaw>
			</Attachment>
		</Attachment>
		<Attachment>
			<ModelHash>0x5b41ee9c</ModelHash>
			<Type>3</Type>
			<Dynamic>false</Dynamic>
			<FrozenPos>true</FrozenPos>
			<HashName>prop_turnstyle_bars</HashName>
			<InitialHandle>205863</InitialHandle>
			<ObjectProperties>
				<TextureVariation>0</TextureVariation>
			</ObjectProperties>
			<OpacityLevel>255</OpacityLevel>
			<LodDistance>16960</LodDistance>
			<IsVisible>true</IsVisible>
			<MaxHealth>1000</MaxHealth>
			<Health>1000</Health>
			<HasGravity>true</HasGravity>
			<IsOnFire>false</IsOnFire>
			<IsInvincible>false</IsInvincible>
			<IsBulletProof>false</IsBulletProof>
			<IsCollisionProof>false</IsCollisionProof>
			<IsExplosionProof>false</IsExplosionProof>
			<IsFireProof>false</IsFireProof>
			<IsMeleeProof>false</IsMeleeProof>
			<IsOnlyDamagedByPlayer>false</IsOnlyDamagedByPlayer>
			<PositionRotation>
				<X>-1827.57617</X>
				<Y>-757.585388</Y>
				<Z>8.67435455</Z>
				<Pitch>-1.53217542</Pitch>
				<Roll>1.40155613</Roll>
				<Yaw>-172.047501</Yaw>
			</PositionRotation>
			<Attachment isAttached="true">
				<AttachedTo>552462</AttachedTo>
				<BoneIndex>0</BoneIndex>
				<X>0.105443463</X>
				<Y>-1.5377717</Y>
				<Z>0.742250979</Z>
				<Pitch>-0.377708316</Pitch>
				<Roll>1.48171437</Roll>
				<Yaw>4.85065269</Yaw>
			</Attachment>
		</Attachment>
		<Attachment>
			<ModelHash>0xcbe8be19</ModelHash>
			<Type>3</Type>
			<Dynamic>false</Dynamic>
			<FrozenPos>true</FrozenPos>
			<HashName>hei_heist_acc_sculpture_01</HashName>
			<InitialHandle>672563</InitialHandle>
			<ObjectProperties>
				<TextureVariation>0</TextureVariation>
			</ObjectProperties>
			<OpacityLevel>255</OpacityLevel>
			<LodDistance>16960</LodDistance>
			<IsVisible>true</IsVisible>
			<MaxHealth>1000</MaxHealth>
			<Health>1000</Health>
			<HasGravity>true</HasGravity>
			<IsOnFire>false</IsOnFire>
			<IsInvincible>false</IsInvincible>
			<IsBulletProof>false</IsBulletProof>
			<IsCollisionProof>false</IsCollisionProof>
			<IsExplosionProof>false</IsExplosionProof>
			<IsFireProof>false</IsFireProof>
			<IsMeleeProof>false</IsMeleeProof>
			<IsOnlyDamagedByPlayer>false</IsOnlyDamagedByPlayer>
			<PositionRotation>
				<X>-1826.7655</X>
				<Y>-760.827454</Y>
				<Z>7.88561153</Z>
				<Pitch>-0.248916596</Pitch>
				<Roll>0.331640184</Roll>
				<Yaw>95.5318298</Yaw>
			</PositionRotation>
			<Attachment isAttached="true">
				<AttachedTo>552462</AttachedTo>
				<BoneIndex>0</BoneIndex>
				<X>-0.530809939</X>
				<Y>1.75846791</Y>
				<Z>0.0211164113</Z>
				<Pitch>-0.377708316</Pitch>
				<Roll>1.48171437</Roll>
				<Yaw>-87.5650635</Yaw>
			</Attachment>
		</Attachment>
		<Attachment>
			<ModelHash>0xcbe8be19</ModelHash>
			<Type>3</Type>
			<Dynamic>false</Dynamic>
			<FrozenPos>true</FrozenPos>
			<HashName>hei_heist_acc_sculpture_01</HashName>
			<InitialHandle>109115</InitialHandle>
			<ObjectProperties>
				<TextureVariation>0</TextureVariation>
			</ObjectProperties>
			<OpacityLevel>255</OpacityLevel>
			<LodDistance>16960</LodDistance>
			<IsVisible>true</IsVisible>
			<MaxHealth>1000</MaxHealth>
			<Health>1000</Health>
			<HasGravity>true</HasGravity>
			<IsOnFire>false</IsOnFire>
			<IsInvincible>false</IsInvincible>
			<IsBulletProof>false</IsBulletProof>
			<IsCollisionProof>false</IsCollisionProof>
			<IsExplosionProof>false</IsExplosionProof>
			<IsFireProof>false</IsFireProof>
			<IsMeleeProof>false</IsMeleeProof>
			<IsOnlyDamagedByPlayer>false</IsOnlyDamagedByPlayer>
			<PositionRotation>
				<X>-1827.7605</X>
				<Y>-760.929016</Y>
				<Z>7.85757256</Z>
				<Pitch>-0.235022262</Pitch>
				<Roll>0.333282202</Roll>
				<Yaw>94.8392105</Yaw>
			</PositionRotation>
			<Attachment isAttached="true">
				<AttachedTo>552462</AttachedTo>
				<BoneIndex>0</BoneIndex>
				<X>0.468172729</X>
				<Y>1.80663884</Y>
				<Z>-0.00906124432</Z>
				<Pitch>-0.377708316</Pitch>
				<Roll>1.48171437</Roll>
				<Yaw>-88.2578278</Yaw>
			</Attachment>
		</Attachment>
		<Attachment>
			<ModelHash>0xa53de4d1</ModelHash>
			<Type>3</Type>
			<Dynamic>false</Dynamic>
			<FrozenPos>true</FrozenPos>
			<HashName>prop_box_ammo02a</HashName>
			<InitialHandle>170044</InitialHandle>
			<ObjectProperties>
				<TextureVariation>0</TextureVariation>
			</ObjectProperties>
			<OpacityLevel>255</OpacityLevel>
			<LodDistance>16960</LodDistance>
			<IsVisible>true</IsVisible>
			<MaxHealth>1000</MaxHealth>
			<Health>1000</Health>
			<HasGravity>true</HasGravity>
			<IsOnFire>false</IsOnFire>
			<IsInvincible>false</IsInvincible>
			<IsBulletProof>false</IsBulletProof>
			<IsCollisionProof>false</IsCollisionProof>
			<IsExplosionProof>false</IsExplosionProof>
			<IsFireProof>false</IsFireProof>
			<IsMeleeProof>false</IsMeleeProof>
			<IsOnlyDamagedByPlayer>false</IsOnlyDamagedByPlayer>
			<PositionRotation>
				<X>-1827.36584</X>
				<Y>-758.059509</Y>
				<Z>8.41786861</Z>
				<Pitch>-0.140189141</Pitch>
				<Roll>0.349093467</Roll>
				<Yaw>90.0784912</Yaw>
			</PositionRotation>
			<Attachment isAttached="true">
				<AttachedTo>552462</AttachedTo>
				<BoneIndex>0</BoneIndex>
				<X>-0.0796589032</X>
				<Y>-1.04795158</Y>
				<Z>0.496063709</Z>
				<Pitch>-0.377708316</Pitch>
				<Roll>1.48171437</Roll>
				<Yaw>-93.0195618</Yaw>
			</Attachment>
		</Attachment>
		<Attachment>
			<ModelHash>0xa53de4d1</ModelHash>
			<Type>3</Type>
			<Dynamic>false</Dynamic>
			<FrozenPos>true</FrozenPos>
			<HashName>prop_box_ammo02a</HashName>
			<InitialHandle>426812</InitialHandle>
			<ObjectProperties>
				<TextureVariation>0</TextureVariation>
			</ObjectProperties>
			<OpacityLevel>255</OpacityLevel>
			<LodDistance>16960</LodDistance>
			<IsVisible>true</IsVisible>
			<MaxHealth>1000</MaxHealth>
			<Health>1000</Health>
			<HasGravity>true</HasGravity>
			<IsOnFire>false</IsOnFire>
			<IsInvincible>false</IsInvincible>
			<IsBulletProof>false</IsBulletProof>
			<IsCollisionProof>false</IsCollisionProof>
			<IsExplosionProof>false</IsExplosionProof>
			<IsFireProof>false</IsFireProof>
			<IsMeleeProof>false</IsMeleeProof>
			<IsOnlyDamagedByPlayer>false</IsOnlyDamagedByPlayer>
			<PositionRotation>
				<X>-1827.3468</X>
				<Y>-758.374573</Y>
				<Z>8.43646622</Z>
				<Pitch>-0.140193805</Pitch>
				<Roll>0.349092633</Roll>
				<Yaw>90.078743</Yaw>
			</PositionRotation>
			<Attachment isAttached="true">
				<AttachedTo>552462</AttachedTo>
				<BoneIndex>0</BoneIndex>
				<X>-0.08154127</X>
				<Y>-0.73271507</Y>
				<Z>0.520964384</Z>
				<Pitch>-0.377708316</Pitch>
				<Roll>1.48171437</Roll>
				<Yaw>-93.0193176</Yaw>
			</Attachment>
		</Attachment>
		<Attachment>
			<ModelHash>0x9970602c</ModelHash>
			<Type>3</Type>
			<Dynamic>false</Dynamic>
			<FrozenPos>true</FrozenPos>
			<HashName>prop_bumper_02</HashName>
			<InitialHandle>203581</InitialHandle>
			<ObjectProperties>
				<TextureVariation>0</TextureVariation>
			</ObjectProperties>
			<OpacityLevel>255</OpacityLevel>
			<LodDistance>16960</LodDistance>
			<IsVisible>true</IsVisible>
			<MaxHealth>1000</MaxHealth>
			<Health>1000</Health>
			<HasGravity>true</HasGravity>
			<IsOnFire>false</IsOnFire>
			<IsInvincible>false</IsInvincible>
			<IsBulletProof>false</IsBulletProof>
			<IsCollisionProof>false</IsCollisionProof>
			<IsExplosionProof>false</IsExplosionProof>
			<IsFireProof>false</IsFireProof>
			<IsMeleeProof>false</IsMeleeProof>
			<IsOnlyDamagedByPlayer>false</IsOnlyDamagedByPlayer>
			<PositionRotation>
				<X>-1828.35828</X>
				<Y>-759.321655</Y>
				<Z>7.74558592</Z>
				<Pitch>-0.492078662</Pitch>
				<Roll>2.63332772</Roll>
				<Yaw>-83.7426758</Yaw>
			</PositionRotation>
			<Attachment isAttached="true">
				<AttachedTo>552462</AttachedTo>
				<BoneIndex>0</BoneIndex>
				<X>0.977565229</X>
				<Y>0.171843827</Y>
				<Z>-0.155281991</Z>
				<Pitch>-0.377708316</Pitch>
				<Roll>1.48171437</Roll>
				<Yaw>93.1454163</Yaw>
			</Attachment>
		</Attachment>
		<Attachment>
			<ModelHash>0x9970602c</ModelHash>
			<Type>3</Type>
			<Dynamic>false</Dynamic>
			<FrozenPos>true</FrozenPos>
			<HashName>prop_bumper_02</HashName>
			<InitialHandle>376381</InitialHandle>
			<ObjectProperties>
				<TextureVariation>0</TextureVariation>
			</ObjectProperties>
			<OpacityLevel>255</OpacityLevel>
			<LodDistance>16960</LodDistance>
			<IsVisible>true</IsVisible>
			<MaxHealth>1000</MaxHealth>
			<Health>1000</Health>
			<HasGravity>true</HasGravity>
			<IsOnFire>false</IsOnFire>
			<IsInvincible>false</IsInvincible>
			<IsBulletProof>false</IsBulletProof>
			<IsCollisionProof>false</IsCollisionProof>
			<IsExplosionProof>false</IsExplosionProof>
			<IsFireProof>false</IsFireProof>
			<IsMeleeProof>false</IsMeleeProof>
			<IsOnlyDamagedByPlayer>false</IsOnlyDamagedByPlayer>
			<PositionRotation>
				<X>-1826.43018</X>
				<Y>-759.019714</Y>
				<Z>7.69501925</Z>
				<Pitch>-0.184869915</Pitch>
				<Roll>0.340634495</Roll>
				<Yaw>92.3297653</Yaw>
			</PositionRotation>
			<Attachment isAttached="true">
				<AttachedTo>552462</AttachedTo>
				<BoneIndex>0</BoneIndex>
				<X>-0.964109719</X>
				<Y>-0.024283655</Y>
				<Z>-0.203758687</Z>
				<Pitch>-0.377708316</Pitch>
				<Roll>1.48171437</Roll>
				<Yaw>-90.767807</Yaw>
			</Attachment>
		</Attachment>
		<Attachment>
			<ModelHash>0x8bd5c4f7</ModelHash>
			<Type>3</Type>
			<Dynamic>false</Dynamic>
			<FrozenPos>true</FrozenPos>
			<HashName>prop_bumper_01</HashName>
			<InitialHandle>632382</InitialHandle>
			<ObjectProperties>
				<TextureVariation>0</TextureVariation>
			</ObjectProperties>
			<OpacityLevel>255</OpacityLevel>
			<LodDistance>16960</LodDistance>
			<IsVisible>true</IsVisible>
			<MaxHealth>1000</MaxHealth>
			<Health>1000</Health>
			<HasGravity>true</HasGravity>
			<IsOnFire>false</IsOnFire>
			<IsInvincible>false</IsInvincible>
			<IsBulletProof>false</IsBulletProof>
			<IsCollisionProof>false</IsCollisionProof>
			<IsExplosionProof>false</IsExplosionProof>
			<IsFireProof>false</IsFireProof>
			<IsMeleeProof>false</IsMeleeProof>
			<IsOnlyDamagedByPlayer>false</IsOnlyDamagedByPlayer>
			<PositionRotation>
				<X>-1827.52637</X>
				<Y>-757.043396</Y>
				<Z>7.90384054</Z>
				<Pitch>-1.52703023</Pitch>
				<Roll>1.3465029</Roll>
				<Yaw>-174.785492</Yaw>
			</PositionRotation>
			<Attachment isAttached="true">
				<AttachedTo>552462</AttachedTo>
				<BoneIndex>0</BoneIndex>
				<X>0.0240342841</X>
				<Y>-2.0608058</Y>
				<Z>-0.0386079773</Z>
				<Pitch>-0.377708316</Pitch>
				<Roll>1.48171437</Roll>
				<Yaw>2.11357117</Yaw>
			</Attachment>
		</Attachment>
		<Attachment>
			<ModelHash>0xa53de4d1</ModelHash>
			<Type>3</Type>
			<Dynamic>false</Dynamic>
			<FrozenPos>true</FrozenPos>
			<HashName>prop_box_ammo02a</HashName>
			<InitialHandle>768832</InitialHandle>
			<ObjectProperties>
				<TextureVariation>0</TextureVariation>
			</ObjectProperties>
			<OpacityLevel>255</OpacityLevel>
			<LodDistance>16960</LodDistance>
			<IsVisible>true</IsVisible>
			<MaxHealth>1000</MaxHealth>
			<Health>1000</Health>
			<HasGravity>true</HasGravity>
			<IsOnFire>false</IsOnFire>
			<IsInvincible>false</IsInvincible>
			<IsBulletProof>false</IsBulletProof>
			<IsCollisionProof>false</IsCollisionProof>
			<IsExplosionProof>false</IsExplosionProof>
			<IsFireProof>false</IsFireProof>
			<IsMeleeProof>false</IsMeleeProof>
			<IsOnlyDamagedByPlayer>false</IsOnlyDamagedByPlayer>
			<PositionRotation>
				<X>-1827.21399</X>
				<Y>-756.933228</Y>
				<Z>7.99832964</Z>
				<Pitch>-1.49762797</Pitch>
				<Roll>1.19012785</Roll>
				<Yaw>177.329987</Yaw>
			</PositionRotation>
			<Attachment isAttached="true">
				<AttachedTo>552462</AttachedTo>
				<BoneIndex>0</BoneIndex>
				<X>-0.293588459</X>
				<Y>-2.15578103</Y>
				<Z>0.0549882948</Z>
				<Pitch>-0.377708316</Pitch>
				<Roll>1.48171437</Roll>
				<Yaw>-5.76840782</Yaw>
			</Attachment>
		</Attachment>
		<Attachment>
			<ModelHash>0xa53de4d1</ModelHash>
			<Type>3</Type>
			<Dynamic>false</Dynamic>
			<FrozenPos>true</FrozenPos>
			<HashName>prop_box_ammo02a</HashName>
			<InitialHandle>784704</InitialHandle>
			<ObjectProperties>
				<TextureVariation>0</TextureVariation>
			</ObjectProperties>
			<OpacityLevel>255</OpacityLevel>
			<LodDistance>16960</LodDistance>
			<IsVisible>true</IsVisible>
			<MaxHealth>1000</MaxHealth>
			<Health>1000</Health>
			<HasGravity>true</HasGravity>
			<IsOnFire>false</IsOnFire>
			<IsInvincible>false</IsInvincible>
			<IsBulletProof>false</IsBulletProof>
			<IsCollisionProof>false</IsCollisionProof>
			<IsExplosionProof>false</IsExplosionProof>
			<IsFireProof>false</IsFireProof>
			<IsMeleeProof>false</IsMeleeProof>
			<IsOnlyDamagedByPlayer>false</IsOnlyDamagedByPlayer>
			<PositionRotation>
				<X>-1827.84631</X>
				<Y>-757.006226</Y>
				<Z>7.9825058</Z>
				<Pitch>-1.52682412</Pitch>
				<Roll>1.34476268</Roll>
				<Yaw>-174.872253</Yaw>
			</PositionRotation>
			<Attachment isAttached="true">
				<AttachedTo>552462</AttachedTo>
				<BoneIndex>0</BoneIndex>
				<X>0.341732204</X>
				<Y>-2.11679029</Y>
				<Z>0.0379713327</Z>
				<Pitch>-0.377708316</Pitch>
				<Roll>1.48171437</Roll>
				<Yaw>2.02682781</Yaw>
			</Attachment>
		</Attachment>
		<Attachment>
			<ModelHash>0xb7e2ddaf</ModelHash>
			<Type>3</Type>
			<Dynamic>false</Dynamic>
			<FrozenPos>true</FrozenPos>
			<HashName>w_sg_heavyshotgun</HashName>
			<InitialHandle>204575</InitialHandle>
			<ObjectProperties>
				<TextureVariation>0</TextureVariation>
			</ObjectProperties>
			<OpacityLevel>255</OpacityLevel>
			<LodDistance>16960</LodDistance>
			<IsVisible>true</IsVisible>
			<MaxHealth>1000</MaxHealth>
			<Health>1000</Health>
			<HasGravity>true</HasGravity>
			<IsOnFire>false</IsOnFire>
			<IsInvincible>false</IsInvincible>
			<IsBulletProof>false</IsBulletProof>
			<IsCollisionProof>false</IsCollisionProof>
			<IsExplosionProof>false</IsExplosionProof>
			<IsFireProof>false</IsFireProof>
			<IsMeleeProof>false</IsMeleeProof>
			<IsOnlyDamagedByPlayer>false</IsOnlyDamagedByPlayer>
			<PositionRotation>
				<X>-1828.24414</X>
				<Y>-757.922607</Y>
				<Z>8.71646404</Z>
				<Pitch>-1.02684116</Pitch>
				<Roll>2.82220125</Roll>
				<Yaw>-90.0151901</Yaw>
			</PositionRotation>
			<Attachment isAttached="true">
				<AttachedTo>276785</AttachedTo>
				<BoneIndex>0</BoneIndex>
				<X>0.072763823</X>
				<Y>-0.00967517029</Y>
				<Z>0.532711446</Z>
				<Pitch>0.949679494</Pitch>
				<Roll>2.64465761</Roll>
				<Yaw>-3.43087792</Yaw>
			</Attachment>
		</Attachment>
	</SpoonerAttachments>
</Vehicle>
