<?xml version="1.0" encoding="ISO-8859-1"?>
<Vehicle menyoo_ver="0.999876778b">
	<ModelHash>0x9dae1398</ModelHash>
	<InitialHandle>760579</InitialHandle>
	<VehicleProperties>
		<Colours>
			<Primary>0</Primary>
			<Secondary>0</Secondary>
			<Pearl>18</Pearl>
			<Rim>156</Rim>
			<Mod1_a>6</Mod1_a>
			<Mod1_b>-1</Mod1_b>
			<Mod1_c>-1</Mod1_c>
			<Mod2_a>6</Mod2_a>
			<Mod2_b>-1</Mod2_b>
			<IsPrimaryColourCustom>false</IsPrimaryColourCustom>
			<IsSecondaryColourCustom>false</IsSecondaryColourCustom>
			<tyreSmoke_R>255</tyreSmoke_R>
			<tyreSmoke_G>255</tyreSmoke_G>
			<tyreSmoke_B>255</tyreSmoke_B>
			<LrInterior>0</LrInterior>
			<LrDashboard>0</LrDashboard>
		</Colours>
		<Livery>-1</Livery>
		<NumberPlateText>80ELY993</NumberPlateText>
		<NumberPlateIndex>0</NumberPlateIndex>
		<WheelType>0</WheelType>
		<WheelsInvisible>false</WheelsInvisible>
		<EngineSoundName></EngineSoundName>
		<WindowTint>-1</WindowTint>
		<BulletProofTyres>false</BulletProofTyres>
		<DirtLevel>3.03301215</DirtLevel>
		<PaintFade>0.298039228</PaintFade>
		<RoofState>0</RoofState>
		<SirenActive>false</SirenActive>
		<EngineOn>true</EngineOn>
		<EngineHealth>1000</EngineHealth>
		<LightsOn>false</LightsOn>
		<IsRadioLoud>1</IsRadioLoud>
		<LockStatus>1</LockStatus>
		<Neons>
			<Left>false</Left>
			<Right>false</Right>
			<Front>false</Front>
			<Back>false</Back>
			<R>255</R>
			<G>0</G>
			<B>255</B>
		</Neons>
		<ModExtras />
		<Mods>
			<_0>-1,0</_0>
			<_1>-1,0</_1>
			<_2>-1,0</_2>
			<_3>-1,0</_3>
			<_4>-1,0</_4>
			<_5>-1,0</_5>
			<_6>-1,0</_6>
			<_7>-1,0</_7>
			<_8>-1,0</_8>
			<_9>-1,0</_9>
			<_10>-1,0</_10>
			<_11>-1,0</_11>
			<_12>-1,0</_12>
			<_13>-1,0</_13>
			<_14>-1,0</_14>
			<_15>-1,0</_15>
			<_16>-1,0</_16>
			<_17>false</_17>
			<_18>false</_18>
			<_19>false</_19>
			<_20>false</_20>
			<_21>false</_21>
			<_22>false</_22>
			<_23>-1,0</_23>
			<_24>-1,0</_24>
			<_25>-1,0</_25>
			<_26>-1,0</_26>
			<_27>-1,0</_27>
			<_28>-1,0</_28>
			<_29>-1,0</_29>
			<_30>-1,0</_30>
			<_31>-1,0</_31>
			<_32>-1,0</_32>
			<_33>-1,0</_33>
			<_34>-1,0</_34>
			<_35>-1,0</_35>
			<_36>-1,0</_36>
			<_37>-1,0</_37>
			<_38>-1,0</_38>
			<_39>-1,0</_39>
			<_40>-1,0</_40>
			<_41>-1,0</_41>
			<_42>-1,0</_42>
			<_43>-1,0</_43>
			<_44>-1,0</_44>
			<_45>-1,0</_45>
			<_46>-1,0</_46>
			<_47>-1,0</_47>
			<_48>-1,0</_48>
		</Mods>
		<DoorsOpen>
			<BackLeftDoor>false</BackLeftDoor>
			<BackRightDoor>false</BackRightDoor>
			<FrontLeftDoor>false</FrontLeftDoor>
			<FrontRightDoor>false</FrontRightDoor>
			<Hood>false</Hood>
			<Trunk>false</Trunk>
			<Trunk2>false</Trunk2>
		</DoorsOpen>
		<DoorsBroken>
			<BackLeftDoor>false</BackLeftDoor>
			<BackRightDoor>false</BackRightDoor>
			<FrontLeftDoor>false</FrontLeftDoor>
			<FrontRightDoor>false</FrontRightDoor>
			<Hood>false</Hood>
			<Trunk>false</Trunk>
			<Trunk2>false</Trunk2>
		</DoorsBroken>
		<TyresBursted>
			<FrontLeft>false</FrontLeft>
			<FrontRight>false</FrontRight>
			<_2>false</_2>
			<_3>false</_3>
			<BackLeft>false</BackLeft>
			<BackRight>false</BackRight>
			<_6>false</_6>
			<_7>false</_7>
			<_8>false</_8>
		</TyresBursted>
	</VehicleProperties>
	<OpacityLevel>255</OpacityLevel>
	<LodDistance>16960</LodDistance>
	<IsVisible>true</IsVisible>
	<IsDriverVisible>true</IsDriverVisible>
	<MaxHealth>1000</MaxHealth>
	<Health>1000</Health>
	<HasGravity>true</HasGravity>
	<IsOnFire>false</IsOnFire>
	<IsInvincible>false</IsInvincible>
	<IsBulletProof>false</IsBulletProof>
	<IsExplosionProof>false</IsExplosionProof>
	<IsFireProof>false</IsFireProof>
	<IsMeleeProof>false</IsMeleeProof>
	<IsOnlyDamagedByPlayer>false</IsOnlyDamagedByPlayer>
	<SpoonerAttachments SetAttachmentsPersistentAndAddToSpoonerDatabase="false" StartTaskSequencesOnLoad="true">
		<Attachment>
			<ModelHash>0x7b37c437</ModelHash>
			<Type>3</Type>
			<Dynamic>false</Dynamic>
			<FrozenPos>true</FrozenPos>
			<HashName>prop_metal_plates01</HashName>
			<InitialHandle>494341</InitialHandle>
			<ObjectProperties>
				<TextureVariation>0</TextureVariation>
			</ObjectProperties>
			<OpacityLevel>255</OpacityLevel>
			<LodDistance>16960</LodDistance>
			<IsVisible>true</IsVisible>
			<MaxHealth>1000</MaxHealth>
			<Health>1000</Health>
			<HasGravity>true</HasGravity>
			<IsOnFire>false</IsOnFire>
			<IsInvincible>false</IsInvincible>
			<IsBulletProof>false</IsBulletProof>
			<IsCollisionProof>false</IsCollisionProof>
			<IsExplosionProof>false</IsExplosionProof>
			<IsFireProof>false</IsFireProof>
			<IsMeleeProof>false</IsMeleeProof>
			<IsOnlyDamagedByPlayer>false</IsOnlyDamagedByPlayer>
			<PositionRotation>
				<X>1103.85583</X>
				<Y>3090.44482</Y>
				<Z>40.9933167</Z>
				<Pitch>0.00822768919</Pitch>
				<Roll>-0.12151286</Roll>
				<Yaw>106.04657</Yaw>
			</PositionRotation>
			<Attachment isAttached="true">
				<AttachedTo>760579</AttachedTo>
				<BoneIndex>0</BoneIndex>
				<X>0.0578451566</X>
				<Y>-2.64132333</Y>
				<Z>0.510894358</Z>
				<Pitch>0.01587677</Pitch>
				<Roll>-0.121514499</Roll>
				<Yaw>-0.0857810974</Yaw>
			</Attachment>
		</Attachment>
		<Attachment>
			<ModelHash>0x7b37c437</ModelHash>
			<Type>3</Type>
			<Dynamic>false</Dynamic>
			<FrozenPos>true</FrozenPos>
			<HashName>prop_metal_plates01</HashName>
			<InitialHandle>576774</InitialHandle>
			<ObjectProperties>
				<TextureVariation>0</TextureVariation>
			</ObjectProperties>
			<OpacityLevel>255</OpacityLevel>
			<LodDistance>16960</LodDistance>
			<IsVisible>true</IsVisible>
			<MaxHealth>1000</MaxHealth>
			<Health>1000</Health>
			<HasGravity>true</HasGravity>
			<IsOnFire>false</IsOnFire>
			<IsInvincible>false</IsInvincible>
			<IsBulletProof>false</IsBulletProof>
			<IsCollisionProof>false</IsCollisionProof>
			<IsExplosionProof>false</IsExplosionProof>
			<IsFireProof>false</IsFireProof>
			<IsMeleeProof>false</IsMeleeProof>
			<IsOnlyDamagedByPlayer>false</IsOnlyDamagedByPlayer>
			<PositionRotation>
				<X>1104.24536</X>
				<Y>3089.08936</Y>
				<Z>42.4357681</Z>
				<Pitch>0.00822864007</Pitch>
				<Roll>-90.1214142</Roll>
				<Yaw>106.313934</Yaw>
			</PositionRotation>
			<Attachment isAttached="true">
				<AttachedTo>760579</AttachedTo>
				<BoneIndex>0</BoneIndex>
				<X>-1.35233152</X>
				<Y>-2.63905025</Y>
				<Z>1.95334518</Z>
				<Pitch>0.0158776231</Pitch>
				<Roll>-90.12146</Roll>
				<Yaw>0.18157959</Yaw>
			</Attachment>
		</Attachment>
		<Attachment>
			<ModelHash>0x7b37c437</ModelHash>
			<Type>3</Type>
			<Dynamic>false</Dynamic>
			<FrozenPos>true</FrozenPos>
			<HashName>prop_metal_plates01</HashName>
			<InitialHandle>204808</InitialHandle>
			<ObjectProperties>
				<TextureVariation>0</TextureVariation>
			</ObjectProperties>
			<OpacityLevel>255</OpacityLevel>
			<LodDistance>16960</LodDistance>
			<IsVisible>true</IsVisible>
			<MaxHealth>1000</MaxHealth>
			<Health>1000</Health>
			<HasGravity>true</HasGravity>
			<IsOnFire>false</IsOnFire>
			<IsInvincible>false</IsInvincible>
			<IsBulletProof>false</IsBulletProof>
			<IsCollisionProof>false</IsCollisionProof>
			<IsExplosionProof>false</IsExplosionProof>
			<IsFireProof>false</IsFireProof>
			<IsMeleeProof>false</IsMeleeProof>
			<IsOnlyDamagedByPlayer>false</IsOnlyDamagedByPlayer>
			<PositionRotation>
				<X>1103.4873</X>
				<Y>3091.69287</Y>
				<Z>42.4115868</Z>
				<Pitch>0.0082277162</Pitch>
				<Roll>-90.1214371</Roll>
				<Yaw>106.194572</Yaw>
			</PositionRotation>
			<Attachment isAttached="true">
				<AttachedTo>760579</AttachedTo>
				<BoneIndex>0</BoneIndex>
				<X>1.35932529</X>
				<Y>-2.6342926</Y>
				<Z>1.92916334</Z>
				<Pitch>0.01587677</Pitch>
				<Roll>-90.12146</Roll>
				<Yaw>0.0622215271</Yaw>
			</Attachment>
		</Attachment>
		<Attachment>
			<ModelHash>0x7b37c437</ModelHash>
			<Type>3</Type>
			<Dynamic>false</Dynamic>
			<FrozenPos>true</FrozenPos>
			<HashName>prop_metal_plates01</HashName>
			<InitialHandle>296458</InitialHandle>
			<ObjectProperties>
				<TextureVariation>0</TextureVariation>
			</ObjectProperties>
			<OpacityLevel>255</OpacityLevel>
			<LodDistance>16960</LodDistance>
			<IsVisible>true</IsVisible>
			<MaxHealth>1000</MaxHealth>
			<Health>1000</Health>
			<HasGravity>true</HasGravity>
			<IsOnFire>false</IsOnFire>
			<IsInvincible>false</IsInvincible>
			<IsBulletProof>false</IsBulletProof>
			<IsCollisionProof>false</IsCollisionProof>
			<IsExplosionProof>false</IsExplosionProof>
			<IsFireProof>false</IsFireProof>
			<IsMeleeProof>false</IsMeleeProof>
			<IsOnlyDamagedByPlayer>false</IsOnlyDamagedByPlayer>
			<PositionRotation>
				<X>1103.8291</X>
				<Y>3090.41943</Y>
				<Z>43.6787071</Z>
				<Pitch>0.00822776929</Pitch>
				<Roll>0.378486216</Roll>
				<Yaw>106.041817</Yaw>
			</PositionRotation>
			<Attachment isAttached="true">
				<AttachedTo>760579</AttachedTo>
				<BoneIndex>0</BoneIndex>
				<X>0.0410136469</X>
				<Y>-2.60891104</Y>
				<Z>3.19628644</Z>
				<Pitch>0.0158768501</Pitch>
				<Roll>0.378485352</Roll>
				<Yaw>-0.0905342102</Yaw>
			</Attachment>
		</Attachment>
		<Attachment>
			<ModelHash>0x0f8662dc</ModelHash>
			<Type>3</Type>
			<Dynamic>false</Dynamic>
			<FrozenPos>true</FrozenPos>
			<HashName>hei_prop_carrier_liferafts</HashName>
			<InitialHandle>138509</InitialHandle>
			<ObjectProperties>
				<TextureVariation>0</TextureVariation>
			</ObjectProperties>
			<OpacityLevel>255</OpacityLevel>
			<LodDistance>16960</LodDistance>
			<IsVisible>true</IsVisible>
			<MaxHealth>1000</MaxHealth>
			<Health>1000</Health>
			<HasGravity>true</HasGravity>
			<IsOnFire>false</IsOnFire>
			<IsInvincible>false</IsInvincible>
			<IsBulletProof>false</IsBulletProof>
			<IsCollisionProof>false</IsCollisionProof>
			<IsExplosionProof>false</IsExplosionProof>
			<IsFireProof>false</IsFireProof>
			<IsMeleeProof>false</IsMeleeProof>
			<IsOnlyDamagedByPlayer>false</IsOnlyDamagedByPlayer>
			<PositionRotation>
				<X>1104.28198</X>
				<Y>3089.08228</Y>
				<Z>42.9451599</Z>
				<Pitch>0.0157927647</Pitch>
				<Roll>-0.129163101</Roll>
				<Yaw>16.6638927</Yaw>
			</PositionRotation>
			<Attachment isAttached="true">
				<AttachedTo>760579</AttachedTo>
				<BoneIndex>0</BoneIndex>
				<X>-1.36929488</X>
				<Y>-2.67237568</Y>
				<Z>2.46273112</Z>
				<Pitch>0.01587677</Pitch>
				<Roll>-0.121514499</Roll>
				<Yaw>-89.4684601</Yaw>
			</Attachment>
		</Attachment>
		<Attachment>
			<ModelHash>0xc48d09a2</ModelHash>
			<Type>3</Type>
			<Dynamic>false</Dynamic>
			<FrozenPos>true</FrozenPos>
			<HashName>hei_prop_carrier_panel_2</HashName>
			<InitialHandle>700686</InitialHandle>
			<ObjectProperties>
				<TextureVariation>0</TextureVariation>
			</ObjectProperties>
			<OpacityLevel>255</OpacityLevel>
			<LodDistance>16960</LodDistance>
			<IsVisible>true</IsVisible>
			<MaxHealth>1000</MaxHealth>
			<Health>1000</Health>
			<HasGravity>true</HasGravity>
			<IsOnFire>false</IsOnFire>
			<IsInvincible>false</IsInvincible>
			<IsBulletProof>false</IsBulletProof>
			<IsCollisionProof>false</IsCollisionProof>
			<IsExplosionProof>false</IsExplosionProof>
			<IsFireProof>false</IsFireProof>
			<IsMeleeProof>false</IsMeleeProof>
			<IsOnlyDamagedByPlayer>false</IsOnlyDamagedByPlayer>
			<PositionRotation>
				<X>1100.91052</X>
				<Y>3089.77954</Y>
				<Z>43.2687035</Z>
				<Pitch>0.023524655</Pitch>
				<Roll>-0.121649735</Roll>
				<Yaw>-72.952179</Yaw>
			</PositionRotation>
			<Attachment isAttached="true">
				<AttachedTo>760579</AttachedTo>
				<BoneIndex>0</BoneIndex>
				<X>0.237274989</X>
				<Y>0.372556895</Y>
				<Z>2.78668118</Z>
				<Pitch>0.01587677</Pitch>
				<Roll>-0.121514499</Roll>
				<Yaw>180.915451</Yaw>
			</Attachment>
		</Attachment>
		<Attachment>
			<ModelHash>0xc48d09a2</ModelHash>
			<Type>3</Type>
			<Dynamic>false</Dynamic>
			<FrozenPos>true</FrozenPos>
			<HashName>hei_prop_carrier_panel_2</HashName>
			<InitialHandle>301583</InitialHandle>
			<ObjectProperties>
				<TextureVariation>0</TextureVariation>
			</ObjectProperties>
			<OpacityLevel>255</OpacityLevel>
			<LodDistance>16960</LodDistance>
			<IsVisible>true</IsVisible>
			<MaxHealth>1000</MaxHealth>
			<Health>1000</Health>
			<HasGravity>true</HasGravity>
			<IsOnFire>false</IsOnFire>
			<IsInvincible>false</IsInvincible>
			<IsBulletProof>false</IsBulletProof>
			<IsCollisionProof>false</IsCollisionProof>
			<IsExplosionProof>false</IsExplosionProof>
			<IsFireProof>false</IsFireProof>
			<IsMeleeProof>false</IsMeleeProof>
			<IsOnlyDamagedByPlayer>false</IsOnlyDamagedByPlayer>
			<PositionRotation>
				<X>1101.06287</X>
				<Y>3089.27197</Y>
				<Z>43.2933388</Z>
				<Pitch>0.0235236939</Pitch>
				<Roll>-0.121695846</Roll>
				<Yaw>-72.6066132</Yaw>
			</PositionRotation>
			<Attachment isAttached="true">
				<AttachedTo>760579</AttachedTo>
				<BoneIndex>0</BoneIndex>
				<X>-0.292565018</X>
				<Y>0.367209017</Y>
				<Z>2.81131673</Z>
				<Pitch>0.01587677</Pitch>
				<Roll>-0.121514499</Roll>
				<Yaw>181.261017</Yaw>
			</Attachment>
		</Attachment>
		<Attachment>
			<ModelHash>0x9af9367b</ModelHash>
			<Type>3</Type>
			<Dynamic>false</Dynamic>
			<FrozenPos>true</FrozenPos>
			<HashName>hei_prop_carrier_panel_4</HashName>
			<InitialHandle>472080</InitialHandle>
			<ObjectProperties>
				<TextureVariation>0</TextureVariation>
			</ObjectProperties>
			<OpacityLevel>255</OpacityLevel>
			<LodDistance>16960</LodDistance>
			<IsVisible>true</IsVisible>
			<MaxHealth>1000</MaxHealth>
			<Health>1000</Health>
			<HasGravity>true</HasGravity>
			<IsOnFire>false</IsOnFire>
			<IsInvincible>false</IsInvincible>
			<IsBulletProof>false</IsBulletProof>
			<IsCollisionProof>false</IsCollisionProof>
			<IsExplosionProof>false</IsExplosionProof>
			<IsFireProof>false</IsFireProof>
			<IsMeleeProof>false</IsMeleeProof>
			<IsOnlyDamagedByPlayer>false</IsOnlyDamagedByPlayer>
			<PositionRotation>
				<X>1101.95325</X>
				<Y>3089.25684</Y>
				<Z>41.5897865</Z>
				<Pitch>0.00822818279</Pitch>
				<Roll>-0.1214277</Roll>
				<Yaw>106.684418</Yaw>
			</PositionRotation>
			<Attachment isAttached="true">
				<AttachedTo>760579</AttachedTo>
				<BoneIndex>0</BoneIndex>
				<X>-0.554563701</X>
				<Y>-0.483600557</Y>
				<Z>1.10765171</Z>
				<Pitch>0.01587677</Pitch>
				<Roll>-0.121514499</Roll>
				<Yaw>0.552062988</Yaw>
			</Attachment>
		</Attachment>
		<Attachment>
			<ModelHash>0x9af9367b</ModelHash>
			<Type>3</Type>
			<Dynamic>false</Dynamic>
			<FrozenPos>true</FrozenPos>
			<HashName>hei_prop_carrier_panel_4</HashName>
			<InitialHandle>574992</InitialHandle>
			<ObjectProperties>
				<TextureVariation>0</TextureVariation>
			</ObjectProperties>
			<OpacityLevel>255</OpacityLevel>
			<LodDistance>16960</LodDistance>
			<IsVisible>true</IsVisible>
			<MaxHealth>1000</MaxHealth>
			<Health>1000</Health>
			<HasGravity>true</HasGravity>
			<IsOnFire>false</IsOnFire>
			<IsInvincible>false</IsInvincible>
			<IsBulletProof>false</IsBulletProof>
			<IsCollisionProof>false</IsCollisionProof>
			<IsExplosionProof>false</IsExplosionProof>
			<IsFireProof>false</IsFireProof>
			<IsMeleeProof>false</IsMeleeProof>
			<IsOnlyDamagedByPlayer>false</IsOnlyDamagedByPlayer>
			<PositionRotation>
				<X>1101.94299</X>
				<Y>3089.25146</Y>
				<Z>42.6937981</Z>
				<Pitch>0.00822773948</Pitch>
				<Roll>-0.12154334</Roll>
				<Yaw>105.818428</Yaw>
			</PositionRotation>
			<Attachment isAttached="true">
				<AttachedTo>760579</AttachedTo>
				<BoneIndex>0</BoneIndex>
				<X>-0.556908429</X>
				<Y>-0.472425997</Y>
				<Z>2.21166396</Z>
				<Pitch>0.01587677</Pitch>
				<Roll>-0.121514499</Roll>
				<Yaw>-0.313926697</Yaw>
			</Attachment>
		</Attachment>
		<Attachment>
			<ModelHash>0x9af9367b</ModelHash>
			<Type>3</Type>
			<Dynamic>false</Dynamic>
			<FrozenPos>true</FrozenPos>
			<HashName>hei_prop_carrier_panel_4</HashName>
			<InitialHandle>133137</InitialHandle>
			<ObjectProperties>
				<TextureVariation>0</TextureVariation>
			</ObjectProperties>
			<OpacityLevel>255</OpacityLevel>
			<LodDistance>16960</LodDistance>
			<IsVisible>true</IsVisible>
			<MaxHealth>1000</MaxHealth>
			<Health>1000</Health>
			<HasGravity>true</HasGravity>
			<IsOnFire>false</IsOnFire>
			<IsInvincible>false</IsInvincible>
			<IsBulletProof>false</IsBulletProof>
			<IsCollisionProof>false</IsCollisionProof>
			<IsExplosionProof>false</IsExplosionProof>
			<IsFireProof>false</IsFireProof>
			<IsMeleeProof>false</IsMeleeProof>
			<IsOnlyDamagedByPlayer>false</IsOnlyDamagedByPlayer>
			<PositionRotation>
				<X>1101.65723</X>
				<Y>3090.2749</Y>
				<Z>41.5920372</Z>
				<Pitch>0.00822786987</Pitch>
				<Roll>-0.121566422</Roll>
				<Yaw>105.645653</Yaw>
			</PositionRotation>
			<Attachment isAttached="true">
				<AttachedTo>760579</AttachedTo>
				<BoneIndex>0</BoneIndex>
				<X>0.505596399</X>
				<Y>-0.482064247</Y>
				<Z>1.10990059</Z>
				<Pitch>0.01587677</Pitch>
				<Roll>-0.121514499</Roll>
				<Yaw>-0.486698151</Yaw>
			</Attachment>
		</Attachment>
		<Attachment>
			<ModelHash>0x9af9367b</ModelHash>
			<Type>3</Type>
			<Dynamic>false</Dynamic>
			<FrozenPos>true</FrozenPos>
			<HashName>hei_prop_carrier_panel_4</HashName>
			<InitialHandle>120337</InitialHandle>
			<ObjectProperties>
				<TextureVariation>0</TextureVariation>
			</ObjectProperties>
			<OpacityLevel>255</OpacityLevel>
			<LodDistance>16960</LodDistance>
			<IsVisible>true</IsVisible>
			<MaxHealth>1000</MaxHealth>
			<Health>1000</Health>
			<HasGravity>true</HasGravity>
			<IsOnFire>false</IsOnFire>
			<IsInvincible>false</IsInvincible>
			<IsBulletProof>false</IsBulletProof>
			<IsCollisionProof>false</IsCollisionProof>
			<IsExplosionProof>false</IsExplosionProof>
			<IsFireProof>false</IsFireProof>
			<IsMeleeProof>false</IsMeleeProof>
			<IsOnlyDamagedByPlayer>false</IsOnlyDamagedByPlayer>
			<PositionRotation>
				<X>1101.66064</X>
				<Y>3090.27539</Y>
				<Z>42.6960487</Z>
				<Pitch>0.00823292509</Pitch>
				<Roll>-0.121797569</Roll>
				<Yaw>103.913727</Yaw>
			</PositionRotation>
			<Attachment isAttached="true">
				<AttachedTo>760579</AttachedTo>
				<BoneIndex>0</BoneIndex>
				<X>0.505093753</X>
				<Y>-0.485722303</Y>
				<Z>2.21391273</Z>
				<Pitch>0.01587677</Pitch>
				<Roll>-0.121514499</Roll>
				<Yaw>-2.21862411</Yaw>
			</Attachment>
		</Attachment>
		<Attachment>
			<ModelHash>0xe62ca86d</ModelHash>
			<Type>3</Type>
			<Dynamic>false</Dynamic>
			<FrozenPos>true</FrozenPos>
			<HashName>hei_prop_carrier_phone_02</HashName>
			<InitialHandle>294418</InitialHandle>
			<ObjectProperties>
				<TextureVariation>0</TextureVariation>
			</ObjectProperties>
			<OpacityLevel>255</OpacityLevel>
			<LodDistance>16960</LodDistance>
			<IsVisible>true</IsVisible>
			<MaxHealth>1000</MaxHealth>
			<Health>1000</Health>
			<HasGravity>true</HasGravity>
			<IsOnFire>false</IsOnFire>
			<IsInvincible>false</IsInvincible>
			<IsBulletProof>false</IsBulletProof>
			<IsCollisionProof>false</IsCollisionProof>
			<IsExplosionProof>false</IsExplosionProof>
			<IsFireProof>false</IsFireProof>
			<IsMeleeProof>false</IsMeleeProof>
			<IsOnlyDamagedByPlayer>false</IsOnlyDamagedByPlayer>
			<PositionRotation>
				<X>1105.19958</X>
				<Y>3092.17896</Y>
				<Z>42.7886162</Z>
				<Pitch>0.0158118829</Pitch>
				<Roll>-0.12916328</Roll>
				<Yaw>16.52071</Yaw>
			</PositionRotation>
			<Attachment isAttached="true">
				<AttachedTo>760579</AttachedTo>
				<BoneIndex>0</BoneIndex>
				<X>1.35048378</X>
				<Y>-4.41419172</Y>
				<Z>2.30595636</Z>
				<Pitch>0.01587677</Pitch>
				<Roll>-0.121514499</Roll>
				<Yaw>-89.6116486</Yaw>
			</Attachment>
		</Attachment>
		<Attachment>
			<ModelHash>0xda00c515</ModelHash>
			<Type>3</Type>
			<Dynamic>false</Dynamic>
			<FrozenPos>true</FrozenPos>
			<HashName>hei_prop_hei_carrier_disp_01</HashName>
			<InitialHandle>74259</InitialHandle>
			<ObjectProperties>
				<TextureVariation>0</TextureVariation>
			</ObjectProperties>
			<OpacityLevel>255</OpacityLevel>
			<LodDistance>16960</LodDistance>
			<IsVisible>true</IsVisible>
			<MaxHealth>1000</MaxHealth>
			<Health>1000</Health>
			<HasGravity>true</HasGravity>
			<IsOnFire>false</IsOnFire>
			<IsInvincible>false</IsInvincible>
			<IsBulletProof>false</IsBulletProof>
			<IsCollisionProof>false</IsCollisionProof>
			<IsExplosionProof>false</IsExplosionProof>
			<IsFireProof>false</IsFireProof>
			<IsMeleeProof>false</IsMeleeProof>
			<IsOnlyDamagedByPlayer>false</IsOnlyDamagedByPlayer>
			<PositionRotation>
				<X>1102.52148</X>
				<Y>3091.3103</Y>
				<Z>43.7077713</Z>
				<Pitch>0.0137583949</Pitch>
				<Roll>-0.128864378</Roll>
				<Yaw>32.1125374</Yaw>
			</PositionRotation>
			<Attachment isAttached="true">
				<AttachedTo>760579</AttachedTo>
				<BoneIndex>0</BoneIndex>
				<X>1.26003098</X>
				<Y>-1.60034943</Y>
				<Z>3.22548795</Z>
				<Pitch>0.01587677</Pitch>
				<Roll>-0.121514499</Roll>
				<Yaw>-74.0198212</Yaw>
			</Attachment>
		</Attachment>
		<Attachment>
			<ModelHash>0xd40ba89f</ModelHash>
			<Type>3</Type>
			<Dynamic>false</Dynamic>
			<FrozenPos>true</FrozenPos>
			<HashName>hei_prop_carrier_panel_1</HashName>
			<InitialHandle>782101</InitialHandle>
			<ObjectProperties>
				<TextureVariation>0</TextureVariation>
			</ObjectProperties>
			<OpacityLevel>255</OpacityLevel>
			<LodDistance>16960</LodDistance>
			<IsVisible>true</IsVisible>
			<MaxHealth>1000</MaxHealth>
			<Health>1000</Health>
			<HasGravity>true</HasGravity>
			<IsOnFire>false</IsOnFire>
			<IsInvincible>false</IsInvincible>
			<IsBulletProof>false</IsBulletProof>
			<IsCollisionProof>false</IsCollisionProof>
			<IsExplosionProof>false</IsExplosionProof>
			<IsFireProof>false</IsFireProof>
			<IsMeleeProof>false</IsMeleeProof>
			<IsOnlyDamagedByPlayer>false</IsOnlyDamagedByPlayer>
			<PositionRotation>
				<X>1106.93628</X>
				<Y>3090.59375</Y>
				<Z>41.9780312</Z>
				<Pitch>0.00822768919</Pitch>
				<Roll>-0.121509142</Roll>
				<Yaw>106.074554</Yaw>
			</PositionRotation>
			<Attachment isAttached="true">
				<AttachedTo>760579</AttachedTo>
				<BoneIndex>0</BoneIndex>
				<X>-0.654989183</X>
				<Y>-5.64189339</Y>
				<Z>1.49520862</Z>
				<Pitch>0.01587677</Pitch>
				<Roll>-0.121514499</Roll>
				<Yaw>-0.0577964783</Yaw>
			</Attachment>
		</Attachment>
		<Attachment>
			<ModelHash>0xd40ba89f</ModelHash>
			<Type>3</Type>
			<Dynamic>false</Dynamic>
			<FrozenPos>true</FrozenPos>
			<HashName>hei_prop_carrier_panel_1</HashName>
			<InitialHandle>397846</InitialHandle>
			<ObjectProperties>
				<TextureVariation>0</TextureVariation>
			</ObjectProperties>
			<OpacityLevel>255</OpacityLevel>
			<LodDistance>16960</LodDistance>
			<IsVisible>true</IsVisible>
			<MaxHealth>1000</MaxHealth>
			<Health>1000</Health>
			<HasGravity>true</HasGravity>
			<IsOnFire>false</IsOnFire>
			<IsInvincible>false</IsInvincible>
			<IsBulletProof>false</IsBulletProof>
			<IsCollisionProof>false</IsCollisionProof>
			<IsExplosionProof>false</IsExplosionProof>
			<IsFireProof>false</IsFireProof>
			<IsMeleeProof>false</IsMeleeProof>
			<IsOnlyDamagedByPlayer>false</IsOnlyDamagedByPlayer>
			<PositionRotation>
				<X>1106.9364</X>
				<Y>3090.59229</Y>
				<Z>42.751152</Z>
				<Pitch>0.00822769944</Pitch>
				<Roll>-0.121504575</Roll>
				<Yaw>106.108772</Yaw>
			</PositionRotation>
			<Attachment isAttached="true">
				<AttachedTo>760579</AttachedTo>
				<BoneIndex>0</BoneIndex>
				<X>-0.65628624</X>
				<Y>-5.6417594</Y>
				<Z>2.26832867</Z>
				<Pitch>0.01587677</Pitch>
				<Roll>-0.121514499</Roll>
				<Yaw>-0.0235786438</Yaw>
			</Attachment>
		</Attachment>
		<Attachment>
			<ModelHash>0xc48d09a2</ModelHash>
			<Type>3</Type>
			<Dynamic>false</Dynamic>
			<FrozenPos>true</FrozenPos>
			<HashName>hei_prop_carrier_panel_2</HashName>
			<InitialHandle>189208</InitialHandle>
			<ObjectProperties>
				<TextureVariation>0</TextureVariation>
			</ObjectProperties>
			<OpacityLevel>255</OpacityLevel>
			<LodDistance>16960</LodDistance>
			<IsVisible>true</IsVisible>
			<MaxHealth>1000</MaxHealth>
			<Health>1000</Health>
			<HasGravity>true</HasGravity>
			<IsOnFire>false</IsOnFire>
			<IsInvincible>false</IsInvincible>
			<IsBulletProof>false</IsBulletProof>
			<IsCollisionProof>false</IsCollisionProof>
			<IsExplosionProof>false</IsExplosionProof>
			<IsFireProof>false</IsFireProof>
			<IsMeleeProof>false</IsMeleeProof>
			<IsOnlyDamagedByPlayer>false</IsOnlyDamagedByPlayer>
			<PositionRotation>
				<X>1101.87</X>
				<Y>3089.51294</Y>
				<Z>43.2529182</Z>
				<Pitch>0.00822836347</Pitch>
				<Roll>-0.121616304</Roll>
				<Yaw>105.271797</Yaw>
			</PositionRotation>
			<Attachment isAttached="true">
				<AttachedTo>760579</AttachedTo>
				<BoneIndex>0</BoneIndex>
				<X>-0.285391599</X>
				<Y>-0.475028664</Y>
				<Z>2.77078462</Z>
				<Pitch>0.01587677</Pitch>
				<Roll>-0.121514499</Roll>
				<Yaw>-0.860557556</Yaw>
			</Attachment>
		</Attachment>
		<Attachment>
			<ModelHash>0xc48d09a2</ModelHash>
			<Type>3</Type>
			<Dynamic>false</Dynamic>
			<FrozenPos>true</FrozenPos>
			<HashName>hei_prop_carrier_panel_2</HashName>
			<InitialHandle>371224</InitialHandle>
			<ObjectProperties>
				<TextureVariation>0</TextureVariation>
			</ObjectProperties>
			<OpacityLevel>255</OpacityLevel>
			<LodDistance>16960</LodDistance>
			<IsVisible>true</IsVisible>
			<MaxHealth>1000</MaxHealth>
			<Health>1000</Health>
			<HasGravity>true</HasGravity>
			<IsOnFire>false</IsOnFire>
			<IsInvincible>false</IsInvincible>
			<IsBulletProof>false</IsBulletProof>
			<IsCollisionProof>false</IsCollisionProof>
			<IsExplosionProof>false</IsExplosionProof>
			<IsFireProof>false</IsFireProof>
			<IsMeleeProof>false</IsMeleeProof>
			<IsOnlyDamagedByPlayer>false</IsOnlyDamagedByPlayer>
			<PositionRotation>
				<X>1101.70898</X>
				<Y>3090.02563</Y>
				<Z>43.235733</Z>
				<Pitch>0.00823776983</Pitch>
				<Roll>-0.12190716</Roll>
				<Yaw>103.09182</Yaw>
			</PositionRotation>
			<Attachment isAttached="true">
				<AttachedTo>760579</AttachedTo>
				<BoneIndex>0</BoneIndex>
				<X>0.25175494</X>
				<Y>-0.4627451</Y>
				<Z>2.75360012</Z>
				<Pitch>0.01587677</Pitch>
				<Roll>-0.121514499</Roll>
				<Yaw>-3.04053116</Yaw>
			</Attachment>
		</Attachment>
		<Attachment>
			<ModelHash>0xc48d09a2</ModelHash>
			<Type>3</Type>
			<Dynamic>false</Dynamic>
			<FrozenPos>true</FrozenPos>
			<HashName>hei_prop_carrier_panel_2</HashName>
			<InitialHandle>528667</InitialHandle>
			<ObjectProperties>
				<TextureVariation>0</TextureVariation>
			</ObjectProperties>
			<OpacityLevel>255</OpacityLevel>
			<LodDistance>16960</LodDistance>
			<IsVisible>true</IsVisible>
			<MaxHealth>1000</MaxHealth>
			<Health>1000</Health>
			<HasGravity>true</HasGravity>
			<IsOnFire>false</IsOnFire>
			<IsInvincible>false</IsInvincible>
			<IsBulletProof>false</IsBulletProof>
			<IsCollisionProof>false</IsCollisionProof>
			<IsExplosionProof>false</IsExplosionProof>
			<IsFireProof>false</IsFireProof>
			<IsMeleeProof>false</IsMeleeProof>
			<IsOnlyDamagedByPlayer>false</IsOnlyDamagedByPlayer>
			<PositionRotation>
				<X>1106.68286</X>
				<Y>3091.46387</Y>
				<Z>43.3049927</Z>
				<Pitch>0.00822776277</Pitch>
				<Roll>-0.121549495</Roll>
				<Yaw>105.772369</Yaw>
			</PositionRotation>
			<Attachment isAttached="true">
				<AttachedTo>760579</AttachedTo>
				<BoneIndex>0</BoneIndex>
				<X>0.251277089</X>
				<Y>-5.64042711</Y>
				<Z>2.8221705</Z>
				<Pitch>0.01587677</Pitch>
				<Roll>-0.121514499</Roll>
				<Yaw>-0.359977722</Yaw>
			</Attachment>
		</Attachment>
		<Attachment>
			<ModelHash>0xd40ba89f</ModelHash>
			<Type>3</Type>
			<Dynamic>false</Dynamic>
			<FrozenPos>true</FrozenPos>
			<HashName>hei_prop_carrier_panel_1</HashName>
			<InitialHandle>482845</InitialHandle>
			<ObjectProperties>
				<TextureVariation>0</TextureVariation>
			</ObjectProperties>
			<OpacityLevel>255</OpacityLevel>
			<LodDistance>16960</LodDistance>
			<IsVisible>true</IsVisible>
			<MaxHealth>1000</MaxHealth>
			<Health>1000</Health>
			<HasGravity>true</HasGravity>
			<IsOnFire>false</IsOnFire>
			<IsInvincible>false</IsInvincible>
			<IsBulletProof>false</IsBulletProof>
			<IsCollisionProof>false</IsCollisionProof>
			<IsExplosionProof>false</IsExplosionProof>
			<IsFireProof>false</IsFireProof>
			<IsMeleeProof>false</IsMeleeProof>
			<IsOnlyDamagedByPlayer>false</IsOnlyDamagedByPlayer>
			<PositionRotation>
				<X>1106.94092</X>
				<Y>3090.58472</Y>
				<Z>42.008007</Z>
				<Pitch>0.0235258415</Pitch>
				<Roll>-0.121527418</Roll>
				<Yaw>-73.8685532</Yaw>
			</PositionRotation>
			<Attachment isAttached="true">
				<AttachedTo>760579</AttachedTo>
				<BoneIndex>0</BoneIndex>
				<X>-0.664877772</X>
				<Y>-5.64387703</Y>
				<Z>1.52518213</Z>
				<Pitch>0.01587677</Pitch>
				<Roll>-0.121514499</Roll>
				<Yaw>179.999084</Yaw>
			</Attachment>
		</Attachment>
		<Attachment>
			<ModelHash>0xd40ba89f</ModelHash>
			<Type>3</Type>
			<Dynamic>false</Dynamic>
			<FrozenPos>true</FrozenPos>
			<HashName>hei_prop_carrier_panel_1</HashName>
			<InitialHandle>358174</InitialHandle>
			<ObjectProperties>
				<TextureVariation>0</TextureVariation>
			</ObjectProperties>
			<OpacityLevel>255</OpacityLevel>
			<LodDistance>16960</LodDistance>
			<IsVisible>true</IsVisible>
			<MaxHealth>1000</MaxHealth>
			<Health>1000</Health>
			<HasGravity>true</HasGravity>
			<IsOnFire>false</IsOnFire>
			<IsInvincible>false</IsInvincible>
			<IsBulletProof>false</IsBulletProof>
			<IsCollisionProof>false</IsCollisionProof>
			<IsExplosionProof>false</IsExplosionProof>
			<IsFireProof>false</IsFireProof>
			<IsMeleeProof>false</IsMeleeProof>
			<IsOnlyDamagedByPlayer>false</IsOnlyDamagedByPlayer>
			<PositionRotation>
				<X>1106.94141</X>
				<Y>3090.58472</Y>
				<Z>42.7478828</Z>
				<Pitch>0.0235258155</Pitch>
				<Roll>-0.121492662</Roll>
				<Yaw>-74.1288757</Yaw>
			</PositionRotation>
			<Attachment isAttached="true">
				<AttachedTo>760579</AttachedTo>
				<BoneIndex>0</BoneIndex>
				<X>-0.665063381</X>
				<Y>-5.64441681</Y>
				<Z>2.26505923</Z>
				<Pitch>0.01587677</Pitch>
				<Roll>-0.121514499</Roll>
				<Yaw>179.73877</Yaw>
			</Attachment>
		</Attachment>
		<Attachment>
			<ModelHash>0xc48d09a2</ModelHash>
			<Type>3</Type>
			<Dynamic>false</Dynamic>
			<FrozenPos>true</FrozenPos>
			<HashName>hei_prop_carrier_panel_2</HashName>
			<InitialHandle>626975</InitialHandle>
			<ObjectProperties>
				<TextureVariation>0</TextureVariation>
			</ObjectProperties>
			<OpacityLevel>255</OpacityLevel>
			<LodDistance>16960</LodDistance>
			<IsVisible>true</IsVisible>
			<MaxHealth>1000</MaxHealth>
			<Health>1000</Health>
			<HasGravity>true</HasGravity>
			<IsOnFire>false</IsOnFire>
			<IsInvincible>false</IsInvincible>
			<IsBulletProof>false</IsBulletProof>
			<IsCollisionProof>false</IsCollisionProof>
			<IsExplosionProof>false</IsExplosionProof>
			<IsFireProof>false</IsFireProof>
			<IsMeleeProof>false</IsMeleeProof>
			<IsOnlyDamagedByPlayer>false</IsOnlyDamagedByPlayer>
			<PositionRotation>
				<X>1106.69849</X>
				<Y>3091.46289</Y>
				<Z>43.3104401</Z>
				<Pitch>0.0235258546</Pitch>
				<Roll>-0.121515632</Roll>
				<Yaw>-73.9568558</Yaw>
			</PositionRotation>
			<Attachment isAttached="true">
				<AttachedTo>760579</AttachedTo>
				<BoneIndex>0</BoneIndex>
				<X>0.245965019</X>
				<Y>-5.65515232</Y>
				<Z>2.82761312</Z>
				<Pitch>0.01587677</Pitch>
				<Roll>-0.121514499</Roll>
				<Yaw>179.910797</Yaw>
			</Attachment>
		</Attachment>
		<Attachment>
			<ModelHash>0x893ba3a0</ModelHash>
			<Type>3</Type>
			<Dynamic>false</Dynamic>
			<FrozenPos>true</FrozenPos>
			<HashName>prop_rub_tyre_03</HashName>
			<InitialHandle>514849</InitialHandle>
			<ObjectProperties>
				<TextureVariation>0</TextureVariation>
			</ObjectProperties>
			<OpacityLevel>255</OpacityLevel>
			<LodDistance>16960</LodDistance>
			<IsVisible>true</IsVisible>
			<MaxHealth>1000</MaxHealth>
			<Health>1000</Health>
			<HasGravity>true</HasGravity>
			<IsOnFire>false</IsOnFire>
			<IsInvincible>false</IsInvincible>
			<IsBulletProof>false</IsBulletProof>
			<IsCollisionProof>false</IsCollisionProof>
			<IsExplosionProof>false</IsExplosionProof>
			<IsFireProof>false</IsFireProof>
			<IsMeleeProof>false</IsMeleeProof>
			<IsOnlyDamagedByPlayer>false</IsOnlyDamagedByPlayer>
			<PositionRotation>
				<X>1105.57971</X>
				<Y>3092.43506</Y>
				<Z>41.9499626</Z>
				<Pitch>0.0159068666</Pitch>
				<Roll>-0.113865465</Roll>
				<Yaw>-163.73996</Yaw>
			</PositionRotation>
			<Attachment isAttached="true">
				<AttachedTo>760579</AttachedTo>
				<BoneIndex>0</BoneIndex>
				<X>1.49092972</X>
				<Y>-4.85043049</Y>
				<Z>1.4672451</Z>
				<Pitch>0.01587677</Pitch>
				<Roll>-0.121514499</Roll>
				<Yaw>90.1276703</Yaw>
			</Attachment>
		</Attachment>
		<Attachment>
			<ModelHash>0x809e20d8</ModelHash>
			<Type>3</Type>
			<Dynamic>false</Dynamic>
			<FrozenPos>true</FrozenPos>
			<HashName>prop_luggage_09a</HashName>
			<InitialHandle>628514</InitialHandle>
			<ObjectProperties>
				<TextureVariation>0</TextureVariation>
			</ObjectProperties>
			<OpacityLevel>255</OpacityLevel>
			<LodDistance>16960</LodDistance>
			<IsVisible>true</IsVisible>
			<MaxHealth>1000</MaxHealth>
			<Health>1000</Health>
			<HasGravity>true</HasGravity>
			<IsOnFire>false</IsOnFire>
			<IsInvincible>false</IsInvincible>
			<IsBulletProof>false</IsBulletProof>
			<IsCollisionProof>false</IsCollisionProof>
			<IsExplosionProof>false</IsExplosionProof>
			<IsFireProof>false</IsFireProof>
			<IsMeleeProof>false</IsMeleeProof>
			<IsOnlyDamagedByPlayer>false</IsOnlyDamagedByPlayer>
			<PositionRotation>
				<X>1105.4585</X>
				<Y>3089.92041</Y>
				<Z>41.4832954</Z>
				<Pitch>0.0159646124</Pitch>
				<Roll>-0.113865905</Roll>
				<Yaw>-163.307312</Yaw>
			</PositionRotation>
			<Attachment isAttached="true">
				<AttachedTo>760579</AttachedTo>
				<BoneIndex>0</BoneIndex>
				<X>-0.891161382</X>
				<Y>-4.03521776</Y>
				<Z>1.00068688</Z>
				<Pitch>0.01587677</Pitch>
				<Roll>-0.121514499</Roll>
				<Yaw>90.560318</Yaw>
			</Attachment>
		</Attachment>
		<Attachment>
			<ModelHash>0xe73bd4bb</ModelHash>
			<Type>3</Type>
			<Dynamic>false</Dynamic>
			<FrozenPos>true</FrozenPos>
			<HashName>prop_generator_01a</HashName>
			<InitialHandle>491556</InitialHandle>
			<ObjectProperties>
				<TextureVariation>0</TextureVariation>
			</ObjectProperties>
			<OpacityLevel>255</OpacityLevel>
			<LodDistance>16960</LodDistance>
			<IsVisible>true</IsVisible>
			<MaxHealth>1000</MaxHealth>
			<Health>1000</Health>
			<HasGravity>true</HasGravity>
			<IsOnFire>false</IsOnFire>
			<IsInvincible>false</IsInvincible>
			<IsBulletProof>false</IsBulletProof>
			<IsCollisionProof>false</IsCollisionProof>
			<IsExplosionProof>false</IsExplosionProof>
			<IsFireProof>false</IsFireProof>
			<IsMeleeProof>false</IsMeleeProof>
			<IsOnlyDamagedByPlayer>false</IsOnlyDamagedByPlayer>
			<PositionRotation>
				<X>1106.38037</X>
				<Y>3090.375</Y>
				<Z>41.0370636</Z>
				<Pitch>0.0159415044</Pitch>
				<Roll>-0.113865688</Roll>
				<Yaw>-163.480423</Yaw>
			</PositionRotation>
			<Attachment isAttached="true">
				<AttachedTo>760579</AttachedTo>
				<BoneIndex>0</BoneIndex>
				<X>-0.710632026</X>
				<Y>-5.04699659</Y>
				<Z>0.554319978</Z>
				<Pitch>0.01587677</Pitch>
				<Roll>-0.121514499</Roll>
				<Yaw>90.3872147</Yaw>
			</Attachment>
		</Attachment>
		<Attachment>
			<ModelHash>0x28070c33</ModelHash>
			<Type>3</Type>
			<Dynamic>false</Dynamic>
			<FrozenPos>true</FrozenPos>
			<HashName>apa_mp_h_yacht_side_table_02</HashName>
			<InitialHandle>240421</InitialHandle>
			<ObjectProperties>
				<TextureVariation>0</TextureVariation>
			</ObjectProperties>
			<OpacityLevel>255</OpacityLevel>
			<LodDistance>16960</LodDistance>
			<IsVisible>true</IsVisible>
			<MaxHealth>1000</MaxHealth>
			<Health>1000</Health>
			<HasGravity>true</HasGravity>
			<IsOnFire>false</IsOnFire>
			<IsInvincible>false</IsInvincible>
			<IsBulletProof>false</IsBulletProof>
			<IsCollisionProof>false</IsCollisionProof>
			<IsExplosionProof>false</IsExplosionProof>
			<IsFireProof>false</IsFireProof>
			<IsMeleeProof>false</IsMeleeProof>
			<IsOnlyDamagedByPlayer>false</IsOnlyDamagedByPlayer>
			<PositionRotation>
				<X>1104.66101</X>
				<Y>3089.76147</Y>
				<Z>41.0368271</Z>
				<Pitch>0.0179170556</Pitch>
				<Roll>-0.114142537</Roll>
				<Yaw>-148.4953</Yaw>
			</PositionRotation>
			<Attachment isAttached="true">
				<AttachedTo>760579</AttachedTo>
				<BoneIndex>0</BoneIndex>
				<X>-0.822299361</X>
				<Y>-3.22488904</Y>
				<Z>0.554324806</Z>
				<Pitch>0.01587677</Pitch>
				<Roll>-0.121514499</Roll>
				<Yaw>105.372337</Yaw>
			</Attachment>
		</Attachment>
		<Attachment>
			<ModelHash>0x122d64d2</ModelHash>
			<Type>3</Type>
			<Dynamic>false</Dynamic>
			<FrozenPos>true</FrozenPos>
			<HashName>bkr_prop_weed_table_01b</HashName>
			<InitialHandle>618279</InitialHandle>
			<ObjectProperties>
				<TextureVariation>0</TextureVariation>
			</ObjectProperties>
			<OpacityLevel>255</OpacityLevel>
			<LodDistance>16960</LodDistance>
			<IsVisible>true</IsVisible>
			<MaxHealth>1000</MaxHealth>
			<Health>1000</Health>
			<HasGravity>true</HasGravity>
			<IsOnFire>false</IsOnFire>
			<IsInvincible>false</IsInvincible>
			<IsBulletProof>false</IsBulletProof>
			<IsCollisionProof>false</IsCollisionProof>
			<IsExplosionProof>false</IsExplosionProof>
			<IsFireProof>false</IsFireProof>
			<IsMeleeProof>false</IsMeleeProof>
			<IsOnlyDamagedByPlayer>false</IsOnlyDamagedByPlayer>
			<PositionRotation>
				<X>1102.39111</X>
				<Y>3089.9834</Y>
				<Z>41.0389175</Z>
				<Pitch>0.00823074766</Pitch>
				<Roll>-0.121298216</Roll>
				<Yaw>107.654488</Yaw>
			</PositionRotation>
			<Attachment isAttached="true">
				<AttachedTo>760579</AttachedTo>
				<BoneIndex>0</BoneIndex>
				<X>0.0217745658</X>
				<Y>-1.10607135</Y>
				<Z>0.556698263</Z>
				<Pitch>0.01587677</Pitch>
				<Roll>-0.121514499</Roll>
				<Yaw>1.52213287</Yaw>
			</Attachment>
		</Attachment>
		<Attachment>
			<ModelHash>0xb832d65f</ModelHash>
			<Type>3</Type>
			<Dynamic>false</Dynamic>
			<FrozenPos>true</FrozenPos>
			<HashName>bkr_prop_fakeid_tablet_01a</HashName>
			<InitialHandle>215336</InitialHandle>
			<ObjectProperties>
				<TextureVariation>0</TextureVariation>
			</ObjectProperties>
			<OpacityLevel>255</OpacityLevel>
			<LodDistance>16960</LodDistance>
			<IsVisible>true</IsVisible>
			<MaxHealth>1000</MaxHealth>
			<Health>1000</Health>
			<HasGravity>true</HasGravity>
			<IsOnFire>false</IsOnFire>
			<IsInvincible>false</IsInvincible>
			<IsBulletProof>false</IsBulletProof>
			<IsCollisionProof>false</IsCollisionProof>
			<IsExplosionProof>false</IsExplosionProof>
			<IsFireProof>false</IsFireProof>
			<IsMeleeProof>false</IsMeleeProof>
			<IsOnlyDamagedByPlayer>false</IsOnlyDamagedByPlayer>
			<PositionRotation>
				<X>1102.89587</X>
				<Y>3089.28711</Y>
				<Z>41.8773727</Z>
				<Pitch>0.00994536187</Pitch>
				<Roll>-0.11668472</Roll>
				<Yaw>145.189728</Yaw>
			</PositionRotation>
			<Attachment isAttached="true">
				<AttachedTo>760579</AttachedTo>
				<BoneIndex>0</BoneIndex>
				<X>-0.787516892</X>
				<Y>-1.39754546</Y>
				<Z>1.39511538</Z>
				<Pitch>0.01587677</Pitch>
				<Roll>-0.121514499</Roll>
				<Yaw>39.0573769</Yaw>
			</Attachment>
		</Attachment>
		<Attachment>
			<ModelHash>0xae2bac7c</ModelHash>
			<Type>3</Type>
			<Dynamic>false</Dynamic>
			<FrozenPos>true</FrozenPos>
			<HashName>ex_prop_trailer_monitor_01</HashName>
			<InitialHandle>28714</InitialHandle>
			<ObjectProperties>
				<TextureVariation>0</TextureVariation>
			</ObjectProperties>
			<OpacityLevel>255</OpacityLevel>
			<LodDistance>16960</LodDistance>
			<IsVisible>true</IsVisible>
			<MaxHealth>1000</MaxHealth>
			<Health>1000</Health>
			<HasGravity>true</HasGravity>
			<IsOnFire>false</IsOnFire>
			<IsInvincible>false</IsInvincible>
			<IsBulletProof>false</IsBulletProof>
			<IsCollisionProof>false</IsCollisionProof>
			<IsExplosionProof>false</IsExplosionProof>
			<IsFireProof>false</IsFireProof>
			<IsMeleeProof>false</IsMeleeProof>
			<IsOnlyDamagedByPlayer>false</IsOnlyDamagedByPlayer>
			<PositionRotation>
				<X>1102.2583</X>
				<Y>3090.58789</Y>
				<Z>41.9361954</Z>
				<Pitch>0.00827541202</Pitch>
				<Roll>-0.122367606</Roll>
				<Yaw>99.6308136</Yaw>
			</PositionRotation>
			<Attachment isAttached="true">
				<AttachedTo>760579</AttachedTo>
				<BoneIndex>0</BoneIndex>
				<X>0.639182329</X>
				<Y>-1.14646137</Y>
				<Z>1.45397186</Z>
				<Pitch>0.01587677</Pitch>
				<Roll>-0.121514499</Roll>
				<Yaw>-6.50153351</Yaw>
			</Attachment>
		</Attachment>
		<Attachment>
			<ModelHash>0x7697c900</ModelHash>
			<Type>3</Type>
			<Dynamic>false</Dynamic>
			<FrozenPos>true</FrozenPos>
			<HashName>v_res_monitorwidelarge</HashName>
			<InitialHandle>367146</InitialHandle>
			<ObjectProperties>
				<TextureVariation>0</TextureVariation>
			</ObjectProperties>
			<OpacityLevel>255</OpacityLevel>
			<LodDistance>16960</LodDistance>
			<IsVisible>true</IsVisible>
			<MaxHealth>1000</MaxHealth>
			<Health>1000</Health>
			<HasGravity>true</HasGravity>
			<IsOnFire>false</IsOnFire>
			<IsInvincible>false</IsInvincible>
			<IsBulletProof>false</IsBulletProof>
			<IsCollisionProof>false</IsCollisionProof>
			<IsExplosionProof>false</IsExplosionProof>
			<IsFireProof>false</IsFireProof>
			<IsMeleeProof>false</IsMeleeProof>
			<IsOnlyDamagedByPlayer>false</IsOnlyDamagedByPlayer>
			<PositionRotation>
				<X>1102.42285</X>
				<Y>3089.62476</Y>
				<Z>42.1970749</Z>
				<Pitch>0.00848204363</Pitch>
				<Roll>-0.119558357</Roll>
				<Yaw>120.851448</Yaw>
			</PositionRotation>
			<Attachment isAttached="true">
				<AttachedTo>760579</AttachedTo>
				<BoneIndex>0</BoneIndex>
				<X>-0.331766248</X>
				<Y>-1.0370543</Y>
				<Z>1.71486402</Z>
				<Pitch>0.01587677</Pitch>
				<Roll>-0.121514499</Roll>
				<Yaw>14.7191029</Yaw>
			</Attachment>
		</Attachment>
		<Attachment>
			<ModelHash>0xd1fbb176</ModelHash>
			<Type>3</Type>
			<Dynamic>false</Dynamic>
			<FrozenPos>true</FrozenPos>
			<HashName>prop_air_lights_02b</HashName>
			<InitialHandle>690478</InitialHandle>
			<ObjectProperties>
				<TextureVariation>0</TextureVariation>
			</ObjectProperties>
			<OpacityLevel>255</OpacityLevel>
			<LodDistance>16960</LodDistance>
			<IsVisible>true</IsVisible>
			<MaxHealth>1000</MaxHealth>
			<Health>1000</Health>
			<HasGravity>true</HasGravity>
			<IsOnFire>false</IsOnFire>
			<IsInvincible>false</IsInvincible>
			<IsBulletProof>false</IsBulletProof>
			<IsCollisionProof>false</IsCollisionProof>
			<IsExplosionProof>false</IsExplosionProof>
			<IsFireProof>false</IsFireProof>
			<IsMeleeProof>false</IsMeleeProof>
			<IsOnlyDamagedByPlayer>false</IsOnlyDamagedByPlayer>
			<PositionRotation>
				<X>1106.87268</X>
				<Y>3090.07153</Y>
				<Z>43.7319489</Z>
				<Pitch>0.0105965408</Pitch>
				<Roll>-0.11598026</Roll>
				<Yaw>152.380112</Yaw>
			</PositionRotation>
			<Attachment isAttached="true">
				<AttachedTo>760579</AttachedTo>
				<BoneIndex>0</BoneIndex>
				<X>-1.1389612</X>
				<Y>-5.43593788</Y>
				<Z>3.24915314</Z>
				<Pitch>0.01587677</Pitch>
				<Roll>-0.121514499</Roll>
				<Yaw>46.2477531</Yaw>
			</Attachment>
		</Attachment>
		<Attachment>
			<ModelHash>0xd1fbb176</ModelHash>
			<Type>3</Type>
			<Dynamic>false</Dynamic>
			<FrozenPos>true</FrozenPos>
			<HashName>prop_air_lights_02b</HashName>
			<InitialHandle>695598</InitialHandle>
			<ObjectProperties>
				<TextureVariation>0</TextureVariation>
			</ObjectProperties>
			<OpacityLevel>255</OpacityLevel>
			<LodDistance>16960</LodDistance>
			<IsVisible>true</IsVisible>
			<MaxHealth>1000</MaxHealth>
			<Health>1000</Health>
			<HasGravity>true</HasGravity>
			<IsOnFire>false</IsOnFire>
			<IsInvincible>false</IsInvincible>
			<IsBulletProof>false</IsBulletProof>
			<IsCollisionProof>false</IsCollisionProof>
			<IsExplosionProof>false</IsExplosionProof>
			<IsFireProof>false</IsFireProof>
			<IsMeleeProof>false</IsMeleeProof>
			<IsOnlyDamagedByPlayer>false</IsOnlyDamagedByPlayer>
			<PositionRotation>
				<X>1106.15479</X>
				<Y>3092.01929</Y>
				<Z>43.7182999</Z>
				<Pitch>0.00959111564</Pitch>
				<Roll>-0.117155693</Roll>
				<Yaw>140.773941</Yaw>
			</PositionRotation>
			<Attachment isAttached="true">
				<AttachedTo>760579</AttachedTo>
				<BoneIndex>0</BoneIndex>
				<X>0.931579709</X>
				<Y>-5.28754139</Y>
				<Z>3.23552275</Z>
				<Pitch>0.01587677</Pitch>
				<Roll>-0.121514499</Roll>
				<Yaw>34.6415939</Yaw>
			</Attachment>
		</Attachment>
		<Attachment>
			<ModelHash>0xd1fbb176</ModelHash>
			<Type>3</Type>
			<Dynamic>false</Dynamic>
			<FrozenPos>true</FrozenPos>
			<HashName>prop_air_lights_02b</HashName>
			<InitialHandle>47919</InitialHandle>
			<ObjectProperties>
				<TextureVariation>0</TextureVariation>
			</ObjectProperties>
			<OpacityLevel>255</OpacityLevel>
			<LodDistance>16960</LodDistance>
			<IsVisible>true</IsVisible>
			<MaxHealth>1000</MaxHealth>
			<Health>1000</Health>
			<HasGravity>true</HasGravity>
			<IsOnFire>false</IsOnFire>
			<IsInvincible>false</IsInvincible>
			<IsBulletProof>false</IsBulletProof>
			<IsCollisionProof>false</IsCollisionProof>
			<IsExplosionProof>false</IsExplosionProof>
			<IsFireProof>false</IsFireProof>
			<IsMeleeProof>false</IsMeleeProof>
			<IsOnlyDamagedByPlayer>false</IsOnlyDamagedByPlayer>
			<PositionRotation>
				<X>1100.95581</X>
				<Y>3090.6521</Y>
				<Z>43.7182617</Z>
				<Pitch>0.0162234455</Pitch>
				<Roll>-0.113873251</Roll>
				<Yaw>-161.36792</Yaw>
			</PositionRotation>
			<Attachment isAttached="true">
				<AttachedTo>760579</AttachedTo>
				<BoneIndex>0</BoneIndex>
				<X>1.06290293</X>
				<Y>0.086602807</Y>
				<Z>3.23620343</Z>
				<Pitch>0.01587677</Pitch>
				<Roll>-0.121514499</Roll>
				<Yaw>92.4997253</Yaw>
			</Attachment>
		</Attachment>
		<Attachment>
			<ModelHash>0xd1fbb176</ModelHash>
			<Type>3</Type>
			<Dynamic>false</Dynamic>
			<FrozenPos>true</FrozenPos>
			<HashName>prop_air_lights_02b</HashName>
			<InitialHandle>130607</InitialHandle>
			<ObjectProperties>
				<TextureVariation>0</TextureVariation>
			</ObjectProperties>
			<OpacityLevel>255</OpacityLevel>
			<LodDistance>16960</LodDistance>
			<IsVisible>true</IsVisible>
			<MaxHealth>1000</MaxHealth>
			<Health>1000</Health>
			<HasGravity>true</HasGravity>
			<IsOnFire>false</IsOnFire>
			<IsInvincible>false</IsInvincible>
			<IsBulletProof>false</IsBulletProof>
			<IsCollisionProof>false</IsCollisionProof>
			<IsExplosionProof>false</IsExplosionProof>
			<IsFireProof>false</IsFireProof>
			<IsMeleeProof>false</IsMeleeProof>
			<IsOnlyDamagedByPlayer>false</IsOnlyDamagedByPlayer>
			<PositionRotation>
				<X>1101.47229</X>
				<Y>3088.49707</Y>
				<Z>43.7329025</Z>
				<Pitch>0.0149767967</Pitch>
				<Roll>-0.113918521</Roll>
				<Yaw>-170.722397</Yaw>
			</PositionRotation>
			<Attachment isAttached="true">
				<AttachedTo>760579</AttachedTo>
				<BoneIndex>0</BoneIndex>
				<X>-1.15073061</X>
				<Y>0.189229086</Y>
				<Z>3.25085473</Z>
				<Pitch>0.01587677</Pitch>
				<Roll>-0.121514499</Roll>
				<Yaw>83.1452332</Yaw>
			</Attachment>
		</Attachment>
		<Attachment>
			<ModelHash>0xcb1a9ac1</ModelHash>
			<Type>3</Type>
			<Dynamic>false</Dynamic>
			<FrozenPos>true</FrozenPos>
			<HashName>prop_air_lights_04a</HashName>
			<InitialHandle>276015</InitialHandle>
			<ObjectProperties>
				<TextureVariation>0</TextureVariation>
			</ObjectProperties>
			<OpacityLevel>255</OpacityLevel>
			<LodDistance>16960</LodDistance>
			<IsVisible>true</IsVisible>
			<MaxHealth>1000</MaxHealth>
			<Health>1000</Health>
			<HasGravity>true</HasGravity>
			<IsOnFire>false</IsOnFire>
			<IsInvincible>false</IsInvincible>
			<IsBulletProof>false</IsBulletProof>
			<IsCollisionProof>false</IsCollisionProof>
			<IsExplosionProof>false</IsExplosionProof>
			<IsFireProof>false</IsFireProof>
			<IsMeleeProof>false</IsMeleeProof>
			<IsOnlyDamagedByPlayer>false</IsOnlyDamagedByPlayer>
			<PositionRotation>
				<X>1099.16943</X>
				<Y>3089.3916</Y>
				<Z>42.4733276</Z>
				<Pitch>0.0235211775</Pitch>
				<Roll>-0.12124563</Roll>
				<Yaw>-75.9683228</Yaw>
			</PositionRotation>
			<Attachment isAttached="true">
				<AttachedTo>760579</AttachedTo>
				<BoneIndex>0</BoneIndex>
				<X>0.348426729</X>
				<Y>2.15293193</Y>
				<Z>1.99154425</Z>
				<Pitch>0.01587677</Pitch>
				<Roll>-0.121512987</Roll>
				<Yaw>177.899307</Yaw>
			</Attachment>
		</Attachment>
		<Attachment>
			<ModelHash>0xcb1a9ac1</ModelHash>
			<Type>3</Type>
			<Dynamic>false</Dynamic>
			<FrozenPos>true</FrozenPos>
			<HashName>prop_air_lights_04a</HashName>
			<InitialHandle>761135</InitialHandle>
			<ObjectProperties>
				<TextureVariation>0</TextureVariation>
			</ObjectProperties>
			<OpacityLevel>255</OpacityLevel>
			<LodDistance>16960</LodDistance>
			<IsVisible>true</IsVisible>
			<MaxHealth>1000</MaxHealth>
			<Health>1000</Health>
			<HasGravity>true</HasGravity>
			<IsOnFire>false</IsOnFire>
			<IsInvincible>false</IsInvincible>
			<IsBulletProof>false</IsBulletProof>
			<IsCollisionProof>false</IsCollisionProof>
			<IsExplosionProof>false</IsExplosionProof>
			<IsFireProof>false</IsFireProof>
			<IsMeleeProof>false</IsMeleeProof>
			<IsOnlyDamagedByPlayer>false</IsOnlyDamagedByPlayer>
			<PositionRotation>
				<X>1099.34106</X>
				<Y>3088.68872</Y>
				<Z>42.4703751</Z>
				<Pitch>0.0235219467</Pitch>
				<Roll>-0.121270172</Roll>
				<Yaw>-75.7956696</Yaw>
			</PositionRotation>
			<Attachment isAttached="true">
				<AttachedTo>760579</AttachedTo>
				<BoneIndex>0</BoneIndex>
				<X>-0.374558866</X>
				<Y>2.18346095</Y>
				<Z>1.98859644</Z>
				<Pitch>0.01587677</Pitch>
				<Roll>-0.121514499</Roll>
				<Yaw>178.07196</Yaw>
			</Attachment>
		</Attachment>
		<Attachment>
			<ModelHash>0xf5aaeef9</ModelHash>
			<Type>3</Type>
			<Dynamic>false</Dynamic>
			<FrozenPos>true</FrozenPos>
			<HashName>prop_air_lights_05a</HashName>
			<InitialHandle>329264</InitialHandle>
			<ObjectProperties>
				<TextureVariation>0</TextureVariation>
			</ObjectProperties>
			<OpacityLevel>255</OpacityLevel>
			<LodDistance>16960</LodDistance>
			<IsVisible>true</IsVisible>
			<MaxHealth>1000</MaxHealth>
			<Health>1000</Health>
			<HasGravity>true</HasGravity>
			<IsOnFire>false</IsOnFire>
			<IsInvincible>false</IsInvincible>
			<IsBulletProof>false</IsBulletProof>
			<IsCollisionProof>false</IsCollisionProof>
			<IsExplosionProof>false</IsExplosionProof>
			<IsFireProof>false</IsFireProof>
			<IsMeleeProof>false</IsMeleeProof>
			<IsOnlyDamagedByPlayer>false</IsOnlyDamagedByPlayer>
			<PositionRotation>
				<X>1100.28821</X>
				<Y>3090.45898</Y>
				<Z>42.7855606</Z>
				<Pitch>0.0195662063</Pitch>
				<Roll>-0.114813991</Roll>
				<Yaw>-135.127228</Yaw>
			</PositionRotation>
			<Attachment isAttached="true">
				<AttachedTo>760579</AttachedTo>
				<BoneIndex>0</BoneIndex>
				<X>1.06274104</X>
				<Y>0.781715274</Y>
				<Z>2.30359292</Z>
				<Pitch>0.01587677</Pitch>
				<Roll>-0.121514499</Roll>
				<Yaw>118.740402</Yaw>
			</Attachment>
		</Attachment>
		<Attachment>
			<ModelHash>0xf5aaeef9</ModelHash>
			<Type>3</Type>
			<Dynamic>false</Dynamic>
			<FrozenPos>true</FrozenPos>
			<HashName>prop_air_lights_05a</HashName>
			<InitialHandle>228400</InitialHandle>
			<ObjectProperties>
				<TextureVariation>0</TextureVariation>
			</ObjectProperties>
			<OpacityLevel>255</OpacityLevel>
			<LodDistance>16960</LodDistance>
			<IsVisible>true</IsVisible>
			<MaxHealth>1000</MaxHealth>
			<Health>1000</Health>
			<HasGravity>true</HasGravity>
			<IsOnFire>false</IsOnFire>
			<IsInvincible>false</IsInvincible>
			<IsBulletProof>false</IsBulletProof>
			<IsCollisionProof>false</IsCollisionProof>
			<IsExplosionProof>false</IsExplosionProof>
			<IsFireProof>false</IsFireProof>
			<IsMeleeProof>false</IsMeleeProof>
			<IsOnlyDamagedByPlayer>false</IsOnlyDamagedByPlayer>
			<PositionRotation>
				<X>1100.84314</X>
				<Y>3088.44458</Y>
				<Z>42.7816772</Z>
				<Pitch>0.0212992802</Pitch>
				<Roll>-0.12690936</Roll>
				<Yaw>-29.1118698</Yaw>
			</PositionRotation>
			<Attachment isAttached="true">
				<AttachedTo>760579</AttachedTo>
				<BoneIndex>0</BoneIndex>
				<X>-1.0263052</X>
				<Y>0.808321416</Y>
				<Z>2.29971528</Z>
				<Pitch>0.01587677</Pitch>
				<Roll>-0.121514499</Roll>
				<Yaw>224.755768</Yaw>
			</Attachment>
		</Attachment>
		<Attachment>
			<ModelHash>0x8f085317</ModelHash>
			<Type>3</Type>
			<Dynamic>false</Dynamic>
			<FrozenPos>true</FrozenPos>
			<HashName>prop_oldlight_01b</HashName>
			<InitialHandle>255795</InitialHandle>
			<ObjectProperties>
				<TextureVariation>0</TextureVariation>
			</ObjectProperties>
			<OpacityLevel>255</OpacityLevel>
			<LodDistance>16960</LodDistance>
			<IsVisible>true</IsVisible>
			<MaxHealth>1000</MaxHealth>
			<Health>1000</Health>
			<HasGravity>true</HasGravity>
			<IsOnFire>false</IsOnFire>
			<IsInvincible>false</IsInvincible>
			<IsBulletProof>false</IsBulletProof>
			<IsCollisionProof>false</IsCollisionProof>
			<IsExplosionProof>false</IsExplosionProof>
			<IsFireProof>false</IsFireProof>
			<IsMeleeProof>false</IsMeleeProof>
			<IsOnlyDamagedByPlayer>false</IsOnlyDamagedByPlayer>
			<PositionRotation>
				<X>1102.78821</X>
				<Y>3088.62646</Y>
				<Z>43.3314934</Z>
				<Pitch>0.00822776649</Pitch>
				<Roll>-0.121479698</Roll>
				<Yaw>106.295197</Yaw>
			</PositionRotation>
			<Attachment isAttached="true">
				<AttachedTo>760579</AttachedTo>
				<BoneIndex>0</BoneIndex>
				<X>-1.39213622</X>
				<Y>-1.11079228</Y>
				<Z>2.84927416</Z>
				<Pitch>0.01587677</Pitch>
				<Roll>-0.121514499</Roll>
				<Yaw>0.162845612</Yaw>
			</Attachment>
		</Attachment>
		<Attachment>
			<ModelHash>0x771ef3d3</ModelHash>
			<Type>3</Type>
			<Dynamic>false</Dynamic>
			<FrozenPos>true</FrozenPos>
			<HashName>prop_air_lights_03a</HashName>
			<InitialHandle>327988</InitialHandle>
			<ObjectProperties>
				<TextureVariation>0</TextureVariation>
			</ObjectProperties>
			<OpacityLevel>255</OpacityLevel>
			<LodDistance>16960</LodDistance>
			<IsVisible>true</IsVisible>
			<MaxHealth>1000</MaxHealth>
			<Health>1000</Health>
			<HasGravity>true</HasGravity>
			<IsOnFire>false</IsOnFire>
			<IsInvincible>false</IsInvincible>
			<IsBulletProof>false</IsBulletProof>
			<IsCollisionProof>false</IsCollisionProof>
			<IsExplosionProof>false</IsExplosionProof>
			<IsFireProof>false</IsFireProof>
			<IsMeleeProof>false</IsMeleeProof>
			<IsOnlyDamagedByPlayer>false</IsOnlyDamagedByPlayer>
			<PositionRotation>
				<X>1103.11401</X>
				<Y>3090.16187</Y>
				<Z>41.1075668</Z>
				<Pitch>0.00823778287</Pitch>
				<Roll>-0.121907316</Roll>
				<Yaw>103.090874</Yaw>
			</PositionRotation>
			<Attachment isAttached="true">
				<AttachedTo>760579</AttachedTo>
				<BoneIndex>0</BoneIndex>
				<X>-0.00778628374</X>
				<Y>-1.85004723</Y>
				<Z>0.625250518</Z>
				<Pitch>0.01587677</Pitch>
				<Roll>-0.121514499</Roll>
				<Yaw>-3.04148102</Yaw>
			</Attachment>
		</Attachment>
		<Attachment>
			<ModelHash>0x771ef3d3</ModelHash>
			<Type>3</Type>
			<Dynamic>false</Dynamic>
			<FrozenPos>true</FrozenPos>
			<HashName>prop_air_lights_03a</HashName>
			<InitialHandle>670001</InitialHandle>
			<ObjectProperties>
				<TextureVariation>0</TextureVariation>
			</ObjectProperties>
			<OpacityLevel>255</OpacityLevel>
			<LodDistance>16960</LodDistance>
			<IsVisible>true</IsVisible>
			<MaxHealth>1000</MaxHealth>
			<Health>1000</Health>
			<HasGravity>true</HasGravity>
			<IsOnFire>false</IsOnFire>
			<IsInvincible>false</IsInvincible>
			<IsBulletProof>false</IsBulletProof>
			<IsCollisionProof>false</IsCollisionProof>
			<IsExplosionProof>false</IsExplosionProof>
			<IsFireProof>false</IsFireProof>
			<IsMeleeProof>false</IsMeleeProof>
			<IsOnlyDamagedByPlayer>false</IsOnlyDamagedByPlayer>
			<PositionRotation>
				<X>1104.65149</X>
				<Y>3090.6416</Y>
				<Z>41.1074181</Z>
				<Pitch>0.00834496412</Pitch>
				<Roll>-0.122848779</Roll>
				<Yaw>95.9886169</Yaw>
			</PositionRotation>
			<Attachment isAttached="true">
				<AttachedTo>760579</AttachedTo>
				<BoneIndex>0</BoneIndex>
				<X>0.0260094143</X>
				<Y>-3.46032977</Y>
				<Z>0.624883592</Z>
				<Pitch>0.01587677</Pitch>
				<Roll>-0.121514499</Roll>
				<Yaw>-10.143734</Yaw>
			</Attachment>
		</Attachment>
		<Attachment>
			<ModelHash>0x771ef3d3</ModelHash>
			<Type>3</Type>
			<Dynamic>false</Dynamic>
			<FrozenPos>true</FrozenPos>
			<HashName>prop_air_lights_03a</HashName>
			<InitialHandle>381741</InitialHandle>
			<ObjectProperties>
				<TextureVariation>0</TextureVariation>
			</ObjectProperties>
			<OpacityLevel>255</OpacityLevel>
			<LodDistance>16960</LodDistance>
			<IsVisible>true</IsVisible>
			<MaxHealth>1000</MaxHealth>
			<Health>1000</Health>
			<HasGravity>true</HasGravity>
			<IsOnFire>false</IsOnFire>
			<IsInvincible>false</IsInvincible>
			<IsBulletProof>false</IsBulletProof>
			<IsCollisionProof>false</IsCollisionProof>
			<IsExplosionProof>false</IsExplosionProof>
			<IsFireProof>false</IsFireProof>
			<IsMeleeProof>false</IsMeleeProof>
			<IsOnlyDamagedByPlayer>false</IsOnlyDamagedByPlayer>
			<PositionRotation>
				<X>1106.22083</X>
				<Y>3091.07715</Y>
				<Z>41.1071472</Z>
				<Pitch>0.0233398061</Pitch>
				<Roll>-0.12319123</Roll>
				<Yaw>-61.3028717</Yaw>
			</PositionRotation>
			<Attachment isAttached="true">
				<AttachedTo>760579</AttachedTo>
				<BoneIndex>0</BoneIndex>
				<X>0.00824245438</X>
				<Y>-5.08888292</Y>
				<Z>0.62439847</Z>
				<Pitch>0.01587677</Pitch>
				<Roll>-0.121514499</Roll>
				<Yaw>192.564774</Yaw>
			</Attachment>
		</Attachment>
		<Attachment>
			<ModelHash>0xcaec9bd1</ModelHash>
			<Type>3</Type>
			<Dynamic>false</Dynamic>
			<FrozenPos>true</FrozenPos>
			<HashName>prop_stockade_wheel</HashName>
			<InitialHandle>388663</InitialHandle>
			<ObjectProperties>
				<TextureVariation>0</TextureVariation>
			</ObjectProperties>
			<OpacityLevel>255</OpacityLevel>
			<LodDistance>16960</LodDistance>
			<IsVisible>true</IsVisible>
			<MaxHealth>1000</MaxHealth>
			<Health>1000</Health>
			<HasGravity>true</HasGravity>
			<IsOnFire>false</IsOnFire>
			<IsInvincible>false</IsInvincible>
			<IsBulletProof>false</IsBulletProof>
			<IsCollisionProof>false</IsCollisionProof>
			<IsExplosionProof>false</IsExplosionProof>
			<IsFireProof>false</IsFireProof>
			<IsMeleeProof>false</IsMeleeProof>
			<IsOnlyDamagedByPlayer>false</IsOnlyDamagedByPlayer>
			<PositionRotation>
				<X>1105.6366</X>
				<Y>3091.06934</Y>
				<Z>43.8872452</Z>
				<Pitch>0.0160289221</Pitch>
				<Roll>89.8707123</Roll>
				<Yaw>14.9074936</Yaw>
			</PositionRotation>
			<Attachment isAttached="true">
				<AttachedTo>760579</AttachedTo>
				<BoneIndex>0</BoneIndex>
				<X>0.163077831</X>
				<Y>-4.52585649</Y>
				<Z>3.40457177</Z>
				<Pitch>0.0158776231</Pitch>
				<Roll>89.8783646</Roll>
				<Yaw>-91.2248688</Yaw>
			</Attachment>
		</Attachment>
		<Attachment>
			<ModelHash>0xcaec9bd1</ModelHash>
			<Type>3</Type>
			<Dynamic>false</Dynamic>
			<FrozenPos>true</FrozenPos>
			<HashName>prop_stockade_wheel</HashName>
			<InitialHandle>294967</InitialHandle>
			<ObjectProperties>
				<TextureVariation>0</TextureVariation>
			</ObjectProperties>
			<OpacityLevel>255</OpacityLevel>
			<LodDistance>16960</LodDistance>
			<IsVisible>true</IsVisible>
			<MaxHealth>1000</MaxHealth>
			<Health>1000</Health>
			<HasGravity>true</HasGravity>
			<IsOnFire>false</IsOnFire>
			<IsInvincible>false</IsInvincible>
			<IsBulletProof>false</IsBulletProof>
			<IsCollisionProof>false</IsCollisionProof>
			<IsExplosionProof>false</IsExplosionProof>
			<IsFireProof>false</IsFireProof>
			<IsMeleeProof>false</IsMeleeProof>
			<IsOnlyDamagedByPlayer>false</IsOnlyDamagedByPlayer>
			<PositionRotation>
				<X>1104.54297</X>
				<Y>3090.87769</Y>
				<Z>43.8874855</Z>
				<Pitch>-0.0892379582</Pitch>
				<Roll>89.7307739</Roll>
				<Yaw>14.907444</Yaw>
			</PositionRotation>
			<Attachment isAttached="true">
				<AttachedTo>760579</AttachedTo>
				<BoneIndex>0</BoneIndex>
				<X>0.282911181</X>
				<Y>-3.42210579</Y>
				<Z>3.40495634</Z>
				<Pitch>-0.089390412</Pitch>
				<Roll>89.7384262</Roll>
				<Yaw>-91.2248993</Yaw>
			</Attachment>
		</Attachment>
	</SpoonerAttachments>
</Vehicle>
