<?xml version="1.0"?>
<Database>
	<Entity>
		<Name>Ped -1459778951</Name>
		<Type>0</Type>
		<Hash>1459778951</Hash>
		<EntityID>3203575</EntityID>
		<Info>
			<Invincible>true</Invincible>
			<Invisible>false</Invisible>
			<Bodyguard>false</Bodyguard>
			<Weapon>0</Weapon>
			<DisableTasks>true</DisableTasks>
			<Collision>true</Collision>
			<Attachment>
				<IsAdjustingOffsets>false</IsAdjustingOffsets>
				<IsAttached>true</IsAttached>
				<AttachedEntity>968439403</AttachedEntity>
				<Bone>353</Bone>
				<XOffset>0</XOffset>
				<YOffset>0</YOffset>
				<ZOffset>0.300000012</ZOffset>
				<XRot>0</XRot>
				<YRot>-4.59999752</YRot>
				<ZRot>180.701828</ZRot>
				<RelativeOffsets>true</RelativeOffsets>
			</Attachment>
		</Info>
	</Entity>
</Database>
