<?xml version="1.0"?>
<Database>
	<Entity>
		<Name>Local Ped</Name>
		<Type>0</Type>
		<Hash>-1481695040</Hash>
		<EntityID>968439403</EntityID>
		<Info>
			<Invincible>false</Invincible>
			<Invisible>false</Invisible>
			<Bodyguard>false</Bodyguard>
			<Weapon>0</Weapon>
			<DisableTasks>false</DisableTasks>
			<Collision>true</Collision>
			<Attachment>
				<IsAdjustingOffsets>false</IsAdjustingOffsets>
				<IsAttached>false</IsAttached>
				<AttachedEntity>968439403</AttachedEntity>
				<Bone>0</Bone>
				<XOffset>0</XOffset>
				<YOffset>0</YOffset>
				<ZOffset>0</ZOffset>
				<XRot>0</XRot>
				<YRot>0</YRot>
				<ZRot>0</ZRot>
				<RelativeOffsets>true</RelativeOffsets>
			</Attachment>
			<Animation>
				<IsPlaying>false</IsPlaying>
				<Dict></Dict>
				<AnimName></AnimName>
				<IsFrozen>false</IsFrozen>
				<FrozenTime>0</FrozenTime>
			</Animation>
			<PtfxEffects>
				<Effect>
					<ParticleID>46283581</ParticleID>
					<IsLooped>true</IsLooped>
					<Bone>0</Bone>
					<DisplayName>Eagle Eye Clue Animal Transform</DisplayName>
					<Dict>scr_net_camp</Dict>
					<Name>eagle_eye_clue_animal_transform</Name>
					<Size>0.199999928</Size>
					<Offset>
						<X>0</X>
						<Y>0</Y>
						<Z>0</Z>
					</Offset>
					<Rotation>
						<X>0</X>
						<Y>0</Y>
						<Z>0</Z>
					</Rotation>
					<Delay>24</Delay>
				</Effect>
				<Effect>
					<ParticleID>22008855</ParticleID>
					<IsLooped>true</IsLooped>
					<Bone>0</Bone>
					<DisplayName>Animal Ghost Head</DisplayName>
					<Dict>scr_net_camp</Dict>
					<Name>scr_net_animal_ghost_head</Name>
					<Size>1</Size>
					<Offset>
						<X>0</X>
						<Y>0</Y>
						<Z>-0.400000006</Z>
					</Offset>
					<Rotation>
						<X>0</X>
						<Y>0</Y>
						<Z>0</Z>
					</Rotation>
					<Delay>24</Delay>
				</Effect>
				<Effect>
					<ParticleID>17695343</ParticleID>
					<IsLooped>true</IsLooped>
					<Bone>281</Bone>
					<DisplayName>Spirit Animal Fade</DisplayName>
					<Dict>scr_net_camp</Dict>
					<Name>scr_net_spirit_animal_fade</Name>
					<Size>0.499999911</Size>
					<Offset>
						<X>0</X>
						<Y>0</Y>
						<Z>-0.400000006</Z>
					</Offset>
					<Rotation>
						<X>0</X>
						<Y>0</Y>
						<Z>0</Z>
					</Rotation>
					<Delay>24</Delay>
				</Effect>
				<Effect>
					<ParticleID>20913474</ParticleID>
					<IsLooped>true</IsLooped>
					<Bone>366</Bone>
					<DisplayName>Spirit Animal Fade</DisplayName>
					<Dict>scr_net_camp</Dict>
					<Name>scr_net_spirit_animal_fade</Name>
					<Size>0.499999911</Size>
					<Offset>
						<X>0</X>
						<Y>0</Y>
						<Z>-0.400000006</Z>
					</Offset>
					<Rotation>
						<X>0</X>
						<Y>0</Y>
						<Z>0</Z>
					</Rotation>
					<Delay>24</Delay>
				</Effect>
				<Effect>
					<ParticleID>11193921</ParticleID>
					<IsLooped>true</IsLooped>
					<Bone>463</Bone>
					<DisplayName>Moon2 Still Fire</DisplayName>
					<Dict>scr_net_moon5</Dict>
					<Name>scr_net_moon2_still_fire</Name>
					<Size>0.699999928</Size>
					<Offset>
						<X>0</X>
						<Y>0</Y>
						<Z>0</Z>
					</Offset>
					<Rotation>
						<X>0</X>
						<Y>0</Y>
						<Z>0</Z>
					</Rotation>
					<Delay>1</Delay>
				</Effect>
			</PtfxEffects>
		</Info>
	</Entity>
	<Entity>
		<Name>Object --216449106</Name>
		<Type>2</Type>
		<Hash>-216449106</Hash>
		<EntityID>5900212</EntityID>
		<Info>
			<Invincible>false</Invincible>
			<Invisible>false</Invisible>
			<Collision>true</Collision>
			<Attachment>
				<IsAdjustingOffsets>false</IsAdjustingOffsets>
				<IsAttached>true</IsAttached>
				<AttachedEntity>968439403</AttachedEntity>
				<Bone>571</Bone>
				<XOffset>0</XOffset>
				<YOffset>0</YOffset>
				<ZOffset>0</ZOffset>
				<XRot>7.99999475</XRot>
				<YRot>25.0000591</YRot>
				<ZRot>-104.99897</ZRot>
				<RelativeOffsets>true</RelativeOffsets>
			</Attachment>
			<PtfxEffects />
		</Info>
	</Entity>
	<Entity>
		<Name>Object -669329733</Name>
		<Type>2</Type>
		<Hash>669329733</Hash>
		<EntityID>1030101</EntityID>
		<Info>
			<Invincible>false</Invincible>
			<Invisible>false</Invisible>
			<Collision>true</Collision>
			<Attachment>
				<IsAdjustingOffsets>false</IsAdjustingOffsets>
				<IsAttached>true</IsAttached>
				<AttachedEntity>968439403</AttachedEntity>
				<Bone>572</Bone>
				<XOffset>0</XOffset>
				<YOffset>0</YOffset>
				<ZOffset>0</ZOffset>
				<XRot>7.99999475</XRot>
				<YRot>4.99999762</YRot>
				<ZRot>-104.99897</ZRot>
				<RelativeOffsets>true</RelativeOffsets>
			</Attachment>
			<PtfxEffects />
		</Info>
	</Entity>
</Database>
