<?xml version="1.0"?>
<Database>
	<Entity>
		<Name>Object --422520518</Name>
		<Type>2</Type>
		<Hash>-422520518</Hash>
		<EntityID>9028752</EntityID>
		<Info>
			<Invincible>false</Invincible>
			<Invisible>false</Invisible>
			<Collision>true</Collision>
			<Attachment>
				<IsAdjustingOffsets>false</IsAdjustingOffsets>
				<IsAttached>true</IsAttached>
				<AttachedEntity>968439403</AttachedEntity>
				<Bone>604</Bone>
				<XOffset>0</XOffset>
				<YOffset>0</YOffset>
				<ZOffset>0</ZOffset>
				<XRot>0</XRot>
				<YRot>0</YRot>
				<ZRot>0</ZRot>
				<RelativeOffsets>true</RelativeOffsets>
			</Attachment>
		</Info>
	</Entity>
	<Entity>
		<Name>Object --422520518</Name>
		<Type>2</Type>
		<Hash>-422520518</Hash>
		<EntityID>4000880</EntityID>
		<Info>
			<Invincible>false</Invincible>
			<Invisible>false</Invisible>
			<Collision>true</Collision>
			<Attachment>
				<IsAdjustingOffsets>false</IsAdjustingOffsets>
				<IsAttached>true</IsAttached>
				<AttachedEntity>968439403</AttachedEntity>
				<Bone>867</Bone>
				<XOffset>0</XOffset>
				<YOffset>0</YOffset>
				<ZOffset>0</ZOffset>
				<XRot>-141.999466</XRot>
				<YRot>59.4996643</YRot>
				<ZRot>-45.5998764</ZRot>
				<RelativeOffsets>true</RelativeOffsets>
			</Attachment>
		</Info>
	</Entity>
</Database>
