<?xml version="1.0"?>
<Objects>
  <List>Cheat Rewo,mp001_s_mp_boxsm01x,2</List>
  <List>Cheat,p_steamer_trunk_001,2</List>
  <List>p_moneystack02x,p_moneystack02x,2</List>
  <List>p_moneycoinchanger01x,p_moneycoinchanger01x,2</List>
  <List>p_moneysack01x,p_moneysack01x,2</List>
  <List>p_worm_moneystack01x,p_worm_moneystack01x,2</List>
  <List>s_inv_moneyclip01x,s_inv_moneyclip01x,2</List>
  <List>s_lootablemoneybox_b001,s_lootablemoneybox_b001,2</List>
  <List>s_lootablemoneybox_b,s_lootablemoneybox_b,2</List>
  <List>s_lootablepistolchest,s_lootablepistolchest,2</List>
  <List>s_lootableriflechest,s_lootableriflechest,2</List>
  <List>s_loot01x,s_loot01x,2</List>
  <List>s_moneybox_loot,s_moneybox_loot,2</List>
  <List>s_moneybox_loot_c,s_moneybox_loot_c,2</List>
  <List>s_moonshinesack01x,s_moonshinesack01x,2</List>
  <List>s_miscchest_loot_c,s_miscchest_loot_c,2</List>
  <List>s_miscchest_loot_a,s_miscchest_loot_a,2</List>
  <List>s_meteoriteshard01x,s_meteoriteshard01x,2</List>
  <List>s_lootablebedchest_a,s_lootablebedchest_a,2</List>
  <List>s_maptreasure01x,s_maptreasure01x,2</List>
  <List>s_moonshinesupplies_s02,s_moonshinesupplies_s02,2</List>
  <List>s_necklacegoldring01x,s_necklacegoldring01x,2</List>
  <List>s_pickup_jewelrybag01x,s_pickup_jewelrybag01x,2</List>
  <List>s_pu_coinpurse02x,s_pu_coinpurse02x,2</List>
  <List>p_moneyStack01x,p_moneyStack01x,2</List>
  <List>p_moneystack03x,p_moneystack03x,2</List>
  <List>p_cs_railroadbond01x,p_cs_railroadbond01x,2</List>
  <List>p_blu_rail_plaque,p_blu_rail_plaque,2</List>
  <List>p_railroadtrack_single01x,p_railroadtrack_single01x,2</List>
  <List>p_sword01x,p_sword01x,2</List>
  <List>s_re_dancersword01x,s_re_dancersword01x,2</List>
  <List>w_melee_brokensword01,w_melee_brokensword01,2</List>
  <List>alaskanginseng_p,alaskanginseng_p,2</List>
  <List>alp_rock_scree_sim_01,alp_rock_scree_sim_01,2</List>
  <List>des_tree_fall_neutral,des_tree_fall_neutral,2</List>
  <List>mp001_p_mp_campfire03x,mp001_p_mp_campfire03x,2</List>
  <List>mp001_p_mp_finishline_bonfire01x,mp001_p_mp_finishline_bonfire01x,2</List>
  <List>mp001_p_mp_finishlinefire01x,mp001_p_mp_finishlinefire01x,2</List>
  <List>mp001_p_mp_kettle03_fire01x,mp001_p_mp_kettle03_fire01x,2</List>
  <List>mp001_s_campfire01x_mp,mp001_s_campfire01x_mp,2</List>
  <List>mp001_s_splitfirelog01x,mp001_s_splitfirelog01x,2</List>
  <List>mp001_s_splitfirelog01x_nofire,mp001_s_splitfirelog01x_nofire,2</List>
  <List>mp001_s_splitfirelog02x,mp001_s_splitfirelog02x,2</List>
  <List>mp001_s_splitfirelog02x_nofire,mp001_s_splitfirelog02x_nofire,2</List>
  <List>mp005_p_mp_map_firetower01x,mp005_p_mp_map_firetower01x,2</List>
  <List>p_campfire01x,p_campfire01x,2</List>
  <List>p_campfire01x_nofire,p_campfire01x_nofire,2</List>
  <List>p_campfire02_amb,p_campfire02_amb,2</List>
  <List>p_campfire02x,p_campfire02x,2</List>
  <List>p_campfire02xb,p_campfire02xb,2</List>
  <List>p_campfire02x_combo,p_campfire02x_combo,2</List>
  <List>p_campfire02x_script,p_campfire02x_script,2</List>
  <List>p_campfire03x,p_campfire03x,2</List>
  <List>s_campfireset02x,s_campfireset02x,2</List>
  <List>s_campfireset03x,s_campfireset03x,2</List>
  <List>s_campfireset04x,s_campfireset04x,2</List>
  <List>s_campfire_under01x,s_campfire_under01x,2</List>
  <List>s_firebaton01x,s_firebaton01x,2</List>
  <List>s_firestick01x,s_firestick01x,2</List>
  <List>s_inv_fire_shotgunammo01x,s_inv_fire_shotgunammo01x,2</List>
  <List>s_mil_cookfire01x,s_mil_cookfire01x,2</List>
  <List>s_splitfirelog01x,s_splitfirelog01x,2</List>
  <List>s_splitfirelog02x,s_splitfirelog02x,2</List>
  <List>s_splitfirelog02x_nofire,s_splitfirelog02x_nofire,2</List>
  <List>_test_campfire_interact_log,_test_campfire_interact_log,2</List>
  <List>_test_campfire_interact_log_c,_test_campfire_interact_log_c,2</List>
  <List>_test_campfire_interact_log_b,_test_campfire_interact_log_b,2</List>
  <List>_test_campfire_interact_log_a,_test_campfire_interact_log_a,2</List>
  <List>_test_campfire_interact_base,_test_campfire_interact_base,2</List>
  <List>vfx_fireflies,vfx_fireflies,2</List>
  <List>w_sp_bowarrow_fire,w_sp_bowarrow_fire,2</List>
  <List>mp001_p_mp_finishline_bonfire02x,mp001_p_mp_finishline_bonfire02x,2</List>
  <List>p_bulbs_lights_01,p_bulbs_lights_01,2</List>
  <List>p_bulkheadlight01x,p_bulkheadlight01x,2</List>
  <List>p_bulkheadlight02x,p_bulkheadlight02x,2</List>
  <List>p_bulkheadlight03x,p_bulkheadlight03x,2</List>
  <List>p_hanginglightnbx01x,p_hanginglightnbx01x,2</List>
  <List>p_lightfancy01x,p_lightfancy01x,2</List>
  <List>p_lightpolenbx01x,p_lightpolenbx01x,2</List>
  <List>p_lightpolenbx03x,p_lightpolenbx03x,2</List>
  <List>p_lightpolenbx04x,p_lightpolenbx04x,2</List>
  <List>p_lightpost01x,p_lightpost01x,2</List>
  <List>p_lightwallnbx01x,p_lightwallnbx01x,2</List>
  <List>p_lightwallnbx02x,p_lightwallnbx02x,2</List>
  <List>prop_recycle_light,prop_recycle_light,2</List>
  <List>p_napoleonlight01x,p_napoleonlight01x,2</List>
  <List>p_stageshelllight_red01x,p_stageshelllight_red01x,2</List>
  <List>p_streetlightnbx02x,p_streetlightnbx02x,2</List>
  <List>p_streetlightnbx08x,p_streetlightnbx08x,2</List>
  <List>p_telepolelightnbx01x,p_telepolelightnbx01x,2</List>
  <List>p_veh_norpass_lights01x,p_veh_norpass_lights01x,2</List>
  <List>p_veh_trainrob4_08_lights,p_veh_trainrob4_08_lights,2</List>
  <List>s_pvtsteamlighttemp01x,s_pvtsteamlighttemp01x,2</List>
  <List>s_spotlightdummy01x,s_spotlightdummy01x,2</List>
  <List>p_dblsconcelight01x,p_dblsconcelight01x,2</List>
  <List>p_lightbulb01x,p_lightbulb01x,2</List>
  <List>p_lightcourtnbx01x,p_lightcourtnbx01x,2</List>
  <List>p_beecherswall01,p_beecherswall01,2</List>
  <List>p_beecherswall05,p_beecherswall05,2</List>
  <List>p_doorfortwallacel01x,p_doorfortwallacel01x,2</List>
  <List>p_fence_wall01x_rt_gate,p_fence_wall01x_rt_gate,2</List>
  <List>p_campfire02x_dynamic,p_campfire02x_dynamic,2</List>
  <List>p_campfire03x_nofire,p_campfire03x_nofire,2</List>
  <List>p_campfire04x,p_campfire04x,2</List>
  <List>p_campfire05x,p_campfire05x,2</List>
  <List>p_campfire05x_script,p_campfire05x_script,2</List>
  <List>p_campfirebasin01x,p_campfirebasin01x,2</List>
  <List>p_campfireburnedout05x,p_campfireburnedout05x,2</List>
  <List>p_campfireburntout02x,p_campfireburntout02x,2</List>
  <List>p_campfirechar01x,p_campfirechar01x,2</List>
  <List>p_campfirecharsml01x,p_campfirecharsml01x,2</List>
  <List>p_campfirecombined01x,p_campfirecombined01x,2</List>
  <List>alp_rock_scree_sim_08,alp_rock_scree_sim_08,2</List>
  <List>alp_rock_scree_sim_09,alp_rock_scree_sim_09,2</List>
  <List>alp_rock_scree_sim_10,alp_rock_scree_sim_10,2</List>
  <List>alp_rock_scree_sim_11,alp_rock_scree_sim_11,2</List>
  <List>mp001_armor_ncoalcar01x,mp001_armor_ncoalcar01x,2</List>
  <List>p_armoredcar01x_interior,p_armoredcar01x_interior,2</List>
  <List>p_armoredcar03x_interior,p_armoredcar03x_interior,2</List>
  <List>p_veh_armoredcar03x_low,p_veh_armoredcar03x_low,2</List>
  <List>s_armoredcar02xladder01x,s_armoredcar02xladder01x,2</List>
  <List>s_armoredcarladders02x,s_armoredcarladders02x,2</List>
  <List>mp004_p_cs_jessicapurse01x,mp004_p_cs_jessicapurse01x,2</List>
  <List>mp004_p_cs_jessicapurse02x,mp004_p_cs_jessicapurse02x,2</List>
  <List>p_capicola_meat,p_capicola_meat,2</List>
  <List>p_capicola_meat_a,p_capicola_meat_a,2</List>
  <List>p_capicola_meat_b02x,p_capicola_meat_b02x,2</List>
  <List>p_capicola_meat_b04x,p_capicola_meat_b04x,2</List>
  <List>p_cs_escapeartist_mask,p_cs_escapeartist_mask,2</List>
  <List>p_decapitated_head01x,p_decapitated_head01x,2</List>
  <List>p_decapitated_head02x,p_decapitated_head02x,2</List>
  <List>p_decapitated_head03x,p_decapitated_head03x,2</List>
  <List>p_dis_prisonerescape01,p_dis_prisonerescape01,2</List>
  <List>p_dis_prisonerescape02,p_dis_prisonerescape02,2</List>
  <List>p_studiocameracap01x,p_studiocameracap01x,2</List>
  <List>s_escapeboxpaddock01x,s_escapeboxpaddock01x,2</List>
  <List>s_mocap_stage,s_mocap_stage,2</List>
  <List>s_mocap_stage80ft,s_mocap_stage80ft,2</List>
  <List>s_wrappedcapicola01x,s_wrappedcapicola01x,2</List>
  <List>marstontentfly,marstontentfly,2</List>
  <List>p_cs_flyinggoggle01x,p_cs_flyinggoggle01x,2</List>
  <List>p_dragonfly01x,p_dragonfly01x,2</List>
  <List>p_finishedragonfly01x,p_finishedragonfly01x,2</List>
  <List>p_finishedragonfly01x_hf,p_finishedragonfly01x_hf,2</List>
  <List>p_test_butterfly,p_test_butterfly,2</List>
  <List>s_butterflyweed01x,s_butterflyweed01x,2</List>
  <List>p_finishedragonflylegendary01x,p_finishedragonflylegendary01x,2</List>
  <List>s_flyamush,s_flyamush,2</List>
  <List>s_tentmarstonclothfly01a,s_tentmarstonclothfly01a,2</List>
  <List>s_tentmarstonclothfly01b,s_tentmarstonclothfly01b,2</List>
  <List>vfx_fly_swarm,vfx_fly_swarm,2</List>
  <List>mp001_s_mp_campflagus,mp001_s_mp_campflagus,2</List>
  <List>p_alarmclock01x,p_alarmclock01x,2</List>
  <List>p_clock06x,p_clock06x,2</List>
  <List>p_clocktable02x,p_clocktable02x,2</List>
  <List>p_clocktable04x,p_clocktable04x,2</List>
  <List>p_clocktable07x,p_clocktable07x,2</List>
  <List>p_fancystationclock01x,p_fancystationclock01x,2</List>
  <List>p_mantle_clock_old,p_mantle_clock_old,2</List>
  <List>p_nbmclock01x,p_nbmclock01x,2</List>
  <List>p_regulatorclock02x,p_regulatorclock02x,2</List>
  <List>p_rho_bank_ext_clock01x,p_rho_bank_ext_clock01x,2</List>
  <List>p_trolley_furnclockhands,p_trolley_furnclockhands,2</List>
  <List>s_misclockbox_loot_a,s_misclockbox_loot_a,2</List>
  <List>s_misclockbox_loot_d,s_misclockbox_loot_d,2</List>
  <List>s_misclockbox_loot_e,s_misclockbox_loot_e,2</List>
  <List>s_misclockbox_loot_g,s_misclockbox_loot_g,2</List>
  <List>s_misclockbox_loot_h,s_misclockbox_loot_h,2</List>
  <List>s_misclockbox_loot_j,s_misclockbox_loot_j,2</List>
  <List>val_bank_clock,val_bank_clock,2</List>
  <List>mp001_s_mp_clothesfolded02x,mp001_s_mp_clothesfolded02x,2</List>
  <List>mp005_s_posse_col_cloth01x,mp005_s_posse_col_cloth01x,2</List>
  <List>mp005_s_posse_col_cloth03x,mp005_s_posse_col_cloth03x,2</List>
  <List>p_agu_shuttersclosed_01x,p_agu_shuttersclosed_01x,2</List>
  <List>p_ambclothdrape01x,p_ambclothdrape01x,2</List>
  <List>p_ambclothhang02x,p_ambclothhang02x,2</List>
  <List>p_ambclothseat01x,p_ambclothseat01x,2</List>
  <List>p_basicstationclock01x,p_basicstationclock01x,2</List>
  <List>mp001_s_mp_clothingcorona01x,mp001_s_mp_clothingcorona01x,2</List>
  <List>mp005_s_posse_col_cloth02x,mp005_s_posse_col_cloth02x,2</List>
  <List>p_basketcloth01x,p_basketcloth01x,2</List>
  <List>p_canopycloth,p_canopycloth,2</List>
  <List>p_canopycloth03x,p_canopycloth03x,2</List>
  <List>p_clothbalconya01x,p_clothbalconya01x,2</List>
  <List>p_clothbalconyb01x,p_clothbalconyb01x,2</List>
  <List>p_clothbalconyd01x,p_clothbalconyd01x,2</List>
  <List>p_clothbalconyf01x,p_clothbalconyf01x,2</List>
  <List>p_clothcurtain03x,p_clothcurtain03x,2</List>
  <List>p_clothcurtain05x,p_clothcurtain05x,2</List>
  <List>p_clothcurtain06x,p_clothcurtain06x,2</List>
  <List>p_clothcurtain08x,p_clothcurtain08x,2</List>
  <List>p_clothcurtain09x,p_clothcurtain09x,2</List>
  <List>p_clothdoors01x,p_clothdoors01x,2</List>
  <List>p_clothesfolded01x,p_clothesfolded01x,2</List>
  <List>p_clothesline01x,p_clothesline01x,2</List>
  <List>p_clothespin01x,p_clothespin01x,2</List>
  <List>p_clothhorseonwheels01x,p_clothhorseonwheels01x,2</List>
  <List>p_clothprotest01x,p_clothprotest01x,2</List>
  <List>p_cs_clothstack01x,p_cs_clothstack01x,2</List>
  <List>p_cs_molotov_cloth,p_cs_molotov_cloth,2</List>
  <List>p_merkincloth02x,p_merkincloth02x,2</List>
  <List>p_merkincloth01x,p_merkincloth01x,2</List>
  <List>p_int_clothing01,p_int_clothing01,2</List>
  <List>p_tentgenclothfl,p_tentgenclothfl,2</List>
  <List>p_tentgenclothrf,p_tentgenclothrf,2</List>
  <List>p_tornclothobjets_01x,p_tornclothobjets_01x,2</List>
  <List>p_tornclothobjets_04x,p_tornclothobjets_04x,2</List>
  <List>p_washtubblood02x_cloth,p_washtubblood02x_cloth,2</List>
  <List>s_arthurswagoncloth01x,s_arthurswagoncloth01x,2</List>
  <List>s_balledragcloth01x,s_balledragcloth01x,2</List>
  <List>s_clothesrolled01x,s_clothesrolled01x,2</List>
  <List>s_clothpile01x,s_clothpile01x,2</List>
  <List>s_inv_clothscrap01x,s_inv_clothscrap01x,2</List>
  <List>s_quartmastcloth01x,s_quartmastcloth01x,2</List>
  <List>s_tent02_cloth01a_cs,s_tent02_cloth01a_cs,2</List>
  <List>s_tent02_cloth01a_drty_cs,s_tent02_cloth01a_drty_cs,2</List>
  <List>s_tent02_cloth01b,s_tent02_cloth01b,2</List>
  <List>s_tent02_cloth01b_mid,s_tent02_cloth01b_mid,2</List>
  <List>p_bulkheadlight04x,p_bulkheadlight04x,2</List>
  <List>p_cs_rcridethelightning,p_cs_rcridethelightning,2</List>
  <List>p_gen_avplatform_wood_no_light,p_gen_avplatform_wood_no_light,2</List>
  <List>alp_rock_scree_sim_04,alp_rock_scree_sim_04,2</List>
  <List>alp_rock_scree_sim_06,alp_rock_scree_sim_06,2</List>
  <List>ann_05_rail02x,ann_05_rail02x,2</List>
  <List>armysupplywagon_wheel_lf,armysupplywagon_wheel_lf,2</List>
  <List>vfx_scree_rock_01,vfx_scree_rock_01,2</List>
  <List>tal_rock_scree_sim_10,tal_rock_scree_sim_10,2</List>
  <List>tal_rock_scree_sim_07,tal_rock_scree_sim_07,2</List>
  <List>tal_rock_scree_sim_04,tal_rock_scree_sim_04,2</List>
  <List>tal_rock_scree_sim_01,tal_rock_scree_sim_01,2</List>
  <List>s_rock_beechers_01,s_rock_beechers_01,2</List>
  <List>s_quasifuturisticrock01x,s_quasifuturisticrock01x,2</List>
  <List>s_pic_rockymansion01x,s_pic_rockymansion01x,2</List>
  <List>s_gri_rock_s_03,s_gri_rock_s_03,2</List>
  <List>s_gri_rock_l_03,s_gri_rock_l_03,2</List>
  <List>sca_rock_scree_sim_10,sca_rock_scree_sim_10,2</List>
  <List>sca_rock_scree_sim_09,sca_rock_scree_sim_09,2</List>
  <List>sca_rock_scree_sim_08,sca_rock_scree_sim_08,2</List>
  <List>sca_rock_scree_sim_06,sca_rock_scree_sim_06,2</List>
  <List>sca_rock_scree_sim_04,sca_rock_scree_sim_04,2</List>
  <List>sca_rock_scree_sim_01,sca_rock_scree_sim_01,2</List>
  <List>roa_rock_scree_sim_09,roa_rock_scree_sim_09,2</List>
  <List>roa_rock_scree_sim_04,roa_rock_scree_sim_04,2</List>
  <List>p_rockthrow02x,p_rockthrow02x,2</List>
  <List>p_rockthrow01x,p_rockthrow01x,2</List>
  <List>p_rock_stash01,p_rock_stash01,2</List>
  <List>p_rockingchair02x,p_rockingchair02x,2</List>
  <List>p_rockbag01x_close,p_rockbag01x_close,2</List>
  <List>p_cs_rockcarvings01x,p_cs_rockcarvings01x,2</List>
  <List>p_chairrocking06x,p_chairrocking06x,2</List>
  <List>p_chairrocking04x,p_chairrocking04x,2</List>
  <List>p_campfirerocksml01x,p_campfirerocksml01x,2</List>
  <List>old_hen_rock_scree_sim_10,old_hen_rock_scree_sim_10,2</List>
  <List>old_hen_rock_scree_sim_08,old_hen_rock_scree_sim_08,2</List>
  <List>old_hen_rock_scree_sim_04,old_hen_rock_scree_sim_04,2</List>
  <List>old_hen_rock_scree_sim_02,old_hen_rock_scree_sim_02,2</List>
  <List>mp_sca_rock_grp_l_03,mp_sca_rock_grp_l_03,2</List>
  <List>mp_p_rock_mssgry_lrg_b,mp_p_rock_mssgry_lrg_b,2</List>
  <List>mp_big_rock_scan_02,mp_big_rock_scan_02,2</List>
  <List>mp006_re_rock_01,mp006_re_rock_01,2</List>
  <List>mp006_re_rio_rock_01,mp006_re_rio_rock_01,2</List>
  <List>mp006_re_hea_rock_01,mp006_re_hea_rock_01,2</List>
  <List>mp006_re_gap_rock_01,mp006_re_gap_rock_01,2</List>
  <List>mp004_p_rockpilegoal01x,mp004_p_rockpilegoal01x,2</List>
  <List>mp001_s_mprockline_4m,mp001_s_mprockline_4m,2</List>
  <List>mp001_s_mprockline01x,mp001_s_mprockline01x,2</List>
  <List>mp001_s_mprockcircle_10m,mp001_s_mprockcircle_10m,2</List>
  <List>gua_rock_scree_sim_06,gua_rock_scree_sim_06,2</List>
  <List>gri_rock_scree_sim_04,gri_rock_scree_sim_04,2</List>
  <List>gri_rock_scree_sim_01,gri_rock_scree_sim_01,2</List>
  <List>dak_rock_scree_stg345_sim_09,dak_rock_scree_stg345_sim_09,2</List>
  <List>dak_rock_scree_stg345_sim_05,dak_rock_scree_stg345_sim_05,2</List>
  <List>dak_rock_scree_stg345_sim_02,dak_rock_scree_stg345_sim_02,2</List>
  <List>cumb_rock_scree_sim_11,cumb_rock_scree_sim_11,2</List>
  <List>s_gry_rock01x,s_gry_rock01x,2</List>
  <List>p_campfirerock02x,p_campfirerock02x,2</List>
  <List>p_campfirerock01x,p_campfirerock01x,2</List>
  <List>old_hen_rock_scree_sim_07,old_hen_rock_scree_sim_07,2</List>
  <List>mp_sca_rock_grp_l_02,mp_sca_rock_grp_l_02,2</List>
  <List>hea_rock_scree_sim_11,hea_rock_scree_sim_11,2</List>
  <List>grp_rock_scree_sim_02,grp_rock_scree_sim_02,2</List>
  <List>gri_rock_scree_sim_11,gri_rock_scree_sim_11,2</List>
  <List>gri_rock_scree_sim_10,gri_rock_scree_sim_10,2</List>
  <List>dak_rock_scree_stg345_sim_11,dak_rock_scree_stg345_sim_11,2</List>
  <List>tal_rock_scree_sim_09,tal_rock_scree_sim_09,2</List>
  <List>roa_rock_scree_sim_06,roa_rock_scree_sim_06,2</List>
  <List>p_rockingchair03x,p_rockingchair03x,2</List>
  <List>old_hen_rock_scree_sim_11,old_hen_rock_scree_sim_11,2</List>
  <List>p_chairrocking03x,p_chairrocking03x,2</List>
  <List>p_chairrocking05x,p_chairrocking05x,2</List>
  <List>p_rockbag01x_open,p_rockbag01x_open,2</List>
  <List>roa_rock_scree_sim_11,roa_rock_scree_sim_11,2</List>
  <List>tal_rock_scree_sim_11,tal_rock_scree_sim_11,2</List>
  <List>tal_rock_scree_sim_08,tal_rock_scree_sim_08,2</List>
  <List>hea_rock_scree_sim_07,hea_rock_scree_sim_07,2</List>
  <List>hea_rock_scree_sim_04,hea_rock_scree_sim_04,2</List>
  <List>grp_rock_scree_sim_08,grp_rock_scree_sim_08,2</List>
  <List>grp_rock_scree_sim_07,grp_rock_scree_sim_07,2</List>
  <List>bgv_rock_scree_sim_04,bgv_rock_scree_sim_04,2</List>
  <List>mp_big_rock_scan_07,mp_big_rock_scan_07,2</List>
  <List>bgv_rock_scree_sim_01,bgv_rock_scree_sim_01,2</List>
  <List>bgv_rock_scree_sim_09,bgv_rock_scree_sim_09,2</List>
  <List>cumb_rock_scree_sim_06,cumb_rock_scree_sim_06,2</List>
  <List>cumb_rock_scree_sim_07,cumb_rock_scree_sim_07,2</List>
  <List>dak_rock_scree_stg345_sim_06,dak_rock_scree_stg345_sim_06,2</List>
  <List>grp_rock_scree_sim_01,grp_rock_scree_sim_01,2</List>
  <List>grp_rock_scree_sim_05,grp_rock_scree_sim_05,2</List>
  <List>gua_rock_scree_sim_01,gua_rock_scree_sim_01,2</List>
  <List>mp_sca_rock_grp_l_01,mp_sca_rock_grp_l_01,2</List>
  <List>mp_roa_rock_grp_l_03,mp_roa_rock_grp_l_03,2</List>
  <List>mp005_s_mp_rockpentagram01x,mp005_s_mp_rockpentagram01x,2</List>
  <List>mp001_s_mprockline_18m,mp001_s_mprockline_18m,2</List>
  <List>old_hen_rock_scree_sim_01,old_hen_rock_scree_sim_01,2</List>
  <List>mp005_p_mp_rock_stash01,mp005_p_mp_rock_stash01,2</List>
  <List>mp001_s_mprockline_9m,mp001_s_mprockline_9m,2</List>
  <List>hea_rock_scree_sim_08,hea_rock_scree_sim_08,2</List>
  <List>hea_rock_scree_sim_03,hea_rock_scree_sim_03,2</List>
  <List>gua_rock_scree_sim_04,gua_rock_scree_sim_04,2</List>
  <List>grp_rock_scree_sim_09,grp_rock_scree_sim_09,2</List>
  <List>gri_rock_scree_sim_02,gri_rock_scree_sim_02,2</List>
  <List>dak_rock_scree_stg345_sim_04,dak_rock_scree_stg345_sim_04,2</List>
  <List>dak_rock_scree_stg345_sim_01,dak_rock_scree_stg345_sim_01,2</List>
  <List>cumb_rock_scree_sim_10,cumb_rock_scree_sim_10,2</List>
  <List>cumb_rock_scree_sim_08,cumb_rock_scree_sim_08,2</List>
  <List>cumb_rock_scree_sim_05,cumb_rock_scree_sim_05,2</List>
  <List>cumb_rock_scree_sim_03,cumb_rock_scree_sim_03,2</List>
  <List>cumb_rock_scree_sim_01,cumb_rock_scree_sim_01,2</List>
  <List>bgv_rock_scree_sim_10,bgv_rock_scree_sim_10,2</List>
  <List>alp_rock_scree_sim_05,alp_rock_scree_sim_05,2</List>
  <List>alp_rock_scree_sim_02,alp_rock_scree_sim_02,2</List>
  <List>mp004_p_goatball_02a,mp004_p_goatball_02a,2</List>
  <List>mp005_p_mp_crystalball01x,mp005_p_mp_crystalball01x,2</List>
  <List>mp005_p_mp_crystalball01x_stand,mp005_p_mp_crystalball01x_stand,2</List>
  <List>p_bocceballgreen01x,p_bocceballgreen01x,2</List>
  <List>p_bocceballjack01x,p_bocceballjack01x,2</List>
  <List>p_cannonball01x,p_cannonball01x,2</List>
  <List>p_hotairballoon01x,p_hotairballoon01x,2</List>
  <List>p_jugglingball01x,p_jugglingball01x,2</List>
  <List>s_baseball01x,s_baseball01x,2</List>
  <List>s_crateballoon01x,s_crateballoon01x,2</List>
  <List>s_crateballoon02x,s_crateballoon02x,2</List>
  <List>scriptedball,scriptedball,2</List>
  <List>s_hotairballoon01x,s_hotairballoon01x,2</List>
  <List>s_hotairballoonflame01x,s_hotairballoonflame01x,2</List>
  <List>s_hotairballoon_sandbag,s_hotairballoon_sandbag,2</List>
  <List>w_rifle_carcano01_wrap2,w_rifle_carcano01_wrap2,2</List>
  <List>w_rifle_carcano01_wrap1,w_rifle_carcano01_wrap1,2</List>
  <List>w_rifle_carcano01_sight2,w_rifle_carcano01_sight2,2</List>
  <List>w_rifle_carcano01_sight1,w_rifle_carcano01_sight1,2</List>
  <List>w_rifle_carcano01_grip3,w_rifle_carcano01_grip3,2</List>
  <List>w_rifle_carcano01_grip2,w_rifle_carcano01_grip2,2</List>
  <List>w_rifle_carcano01_grip1,w_rifle_carcano01_grip1,2</List>
  <List>w_rifle_carcano01_clip2,w_rifle_carcano01_clip2,2</List>
  <List>w_repeater_carbine01_wrap2,w_repeater_carbine01_wrap2,2</List>
  <List>w_repeater_carbine01_sight1,w_repeater_carbine01_sight1,2</List>
  <List>w_repeater_carbine01_grip2,w_repeater_carbine01_grip2,2</List>
  <List>w_repeater_carbine01_clip1,w_repeater_carbine01_clip1,2</List>
  <List>wildcarrot_p,wildcarrot_p,2</List>
  <List>w_dis_rep_carbine01_1,w_dis_rep_carbine01_1,2</List>
  <List>p_ambfloorfur01x,p_ambfloorfur01x,2</List>
  <List>p_ambfloorfur02x,p_ambfloorfur02x,2</List>
  <List>p_ambfloorleaves01x,p_ambfloorleaves01x,2</List>
  <List>p_ambfloorleaves02x,p_ambfloorleaves02x,2</List>
  <List>p_ambfloormoss01x,p_ambfloormoss01x,2</List>
  <List>p_ambfloorroll01x,p_ambfloorroll01x,2</List>
  <List>p_ambfloorrug03x,p_ambfloorrug03x,2</List>
  <List>p_ambfloorrug02x,p_ambfloorrug02x,2</List>
  <List>p_ambfloorrug01x,p_ambfloorrug01x,2</List>
  <List>p_ambfloorleaves03x,p_ambfloorleaves03x,2</List>
  <List>p_ambfloorrug04x,p_ambfloorrug04x,2</List>
  <List>p_ambfloorrug06x,p_ambfloorrug06x,2</List>
  <List>p_ambfloorwood01x,p_ambfloorwood01x,2</List>
  <List>p_floorlamp01x,p_floorlamp01x,2</List>
  <List>s_slotharm01_collectable,s_slotharm01_collectable,2</List>
  <List>s_slotharm02_collectable,s_slotharm02_collectable,2</List>
  <List>s_slothhip_collectable,s_slothhip_collectable,2</List>
  <List>s_slothlimb03_collectable,s_slothlimb03_collectable,2</List>
  <List>s_slothribs_collectable,s_slothribs_collectable,2</List>
  <List>s_slothlimb_collectable,s_slothlimb_collectable,2</List>
  <List>s_slothlimb02_collectable,s_slothlimb02_collectable,2</List>
  <List>s_slothlimb01_collectable,s_slothlimb01_collectable,2</List>
  <List>s_slothchest_collectible,s_slothchest_collectible,2</List>
  <List>s_slothchest02_collectible,s_slothchest02_collectible,2</List>
  <List>w_repeater_cloth_strap01,w_repeater_cloth_strap01,2</List>
  <List>s_wagonclothesline01x,s_wagonclothesline01x,2</List>
  <List>s_tentwedgecloth01x,s_tentwedgecloth01x,2</List>
  <List>s_tentmarstonclothfly01x,s_tentmarstonclothfly01x,2</List>
  <List>s_tentmarstoncloth02x,s_tentmarstoncloth02x,2</List>
  <List>s_tentmarstoncloth01x,s_tentmarstoncloth01x,2</List>
  <List>s_tentclothdoors01x,s_tentclothdoors01x,2</List>
  <List>s_tentcaravancloth01x,s_tentcaravancloth01x,2</List>
  <List>s_tentcaravancloth01bx,s_tentcaravancloth01bx,2</List>
  <List>s_tent02_cloth01x_drty,s_tent02_cloth01x_drty,2</List>
  <List>s_tent02_cloth01x,s_tent02_cloth01x,2</List>
  <List>s_tent02_cloth01d_mid,s_tent02_cloth01d_mid,2</List>
  <List>s_tent02_cloth01d_drty,s_tent02_cloth01d_drty,2</List>
  <List>s_tent02_cloth01a_mid,s_tent02_cloth01a_mid,2</List>
  <List>s_tent02_cloth01a_drty,s_tent02_cloth01a_drty,2</List>
  <List>s_parcelranchercloth01x,s_parcelranchercloth01x,2</List>
  <List>s_mastercloth01x,s_mastercloth01x,2</List>
  <List>s_cs_clothforrobot01x,s_cs_clothforrobot01x,2</List>
  <List>s_clothingcasebook01x,s_clothingcasebook01x,2</List>
  <List>s_clotharthurcover01x,s_clotharthurcover01x,2</List>
  <List>s_arthurswagoncloth01b,s_arthurswagoncloth01b,2</List>
  <List>p_veh_flatcarcloth01x,p_veh_flatcarcloth01x,2</List>
  <List>p_tornclothobjets_05x,p_tornclothobjets_05x,2</List>
  <List>p_tornclothobjets_03x,p_tornclothobjets_03x,2</List>
  <List>p_tornclothobjets_02x,p_tornclothobjets_02x,2</List>
  <List>p_tentgenclothsr,p_tentgenclothsr,2</List>
  <List>p_tentgenclothsl,p_tentgenclothsl,2</List>
  <List>p_tentgenclothfr,p_tentgenclothfr,2</List>
  <List>p_tentgenclothbr,p_tentgenclothbr,2</List>
  <List>p_tableclothlace02x,p_tableclothlace02x,2</List>
  <List>p_merkincloth04x,p_merkincloth04x,2</List>
  <List>p_gangwagoncloth01x,p_gangwagoncloth01x,2</List>
  <List>p_clothinghook01x,p_clothinghook01x,2</List>
  <List>p_clothgroup01x,p_clothgroup01x,2</List>
  <List>p_clothesfolded02x,p_clothesfolded02x,2</List>
  <List>p_clothcurtain07x,p_clothcurtain07x,2</List>
  <List>p_clothcurtain04x,p_clothcurtain04x,2</List>
  <List>p_clothcurtain01x,p_clothcurtain01x,2</List>
  <List>p_clothbalconya01x_ren,p_clothbalconya01x_ren,2</List>
  <List>alp_rock_scree_sim_03,alp_rock_scree_sim_03,2</List>
  <List>ann_05_rail01x,ann_05_rail01x,2</List>
  <List>p_bonesskeleton01x,p_bonesskeleton01x,2</List>
  <List>p_bonesskeleton02x,p_bonesskeleton02x,2</List>
  <List>p_bonesskeleton03x,p_bonesskeleton03x,2</List>
  <List>p_bonesskeleton04x,p_bonesskeleton04x,2</List>
  <List>p_bonesskeletonfloat01x,p_bonesskeletonfloat01x,2</List>
  <List>p_humanskeleton02x_footr,p_humanskeleton02x_footr,2</List>
  <List>p_humanskeleton02x_legl,p_humanskeleton02x_legl,2</List>
  <List>p_humanskeleton02x_torso,p_humanskeleton02x_torso,2</List>
  <List>p_skelremalligator01x,p_skelremalligator01x,2</List>
  <List>p_skelremalligator02x,p_skelremalligator02x,2</List>
  <List>p_skelremalligator03x,p_skelremalligator03x,2</List>
  <List>p_skelrembird04x,p_skelrembird04x,2</List>
  <List>p_skelremcaniform02x,p_skelremcaniform02x,2</List>
  <List>p_skelremcervidae01x,p_skelremcervidae01x,2</List>
  <List>p_skelremdog02x,p_skelremdog02x,2</List>
  <List>p_skelremrodent03x,p_skelremrodent03x,2</List>
  <List>p_skelremsuidae02x,p_skelremsuidae02x,2</List>
  <List>s_male_skeleton01,s_male_skeleton01,2</List>
  <List>s_male_skeleton02,s_male_skeleton02,2</List>
  <List>s_male_skeleton03,s_male_skeleton03,2</List>
  <List>s_male_skeleton04,s_male_skeleton04,2</List>
</Objects>
