<?xml 版本="1.0" encoding="ISO-8859-1"?>
<SpoonerPlacements>
	<Note />
	<AudioFile volume="400" />
	<ClearDatabase>false</ClearDatabase>
	<ClearWorld>0</ClearWorld>
	<ClearMarkers>false</ClearMarkers>
	<IPLsToLoad load_mp_maps="false" load_sp_maps="false" />
	<IPLsToRemove />
	<InteriorsToEnable />
	<InteriorsToCap />
	<WeatherToSet></WeatherToSet>
	<TimecycleModifier strength="1"></TimecycleModifier>
	<StartTaskSequencesOnLoad>true</StartTaskSequencesOnLoad>
	<ReferenceCoords>
		<X>-76.2717285</X>
		<Y>-818.159607</Y>
		<Z>329.472565</Z>
	</ReferenceCoords>
	<Placement>
		<ModelHash>0x5ca4a9a0</ModelHash>
		<Type>3</Type>
		<Dynamic>false</Dynamic>
		<FrozenPos>true</FrozenPos>
		<HashName>0x5ca4a9a0</HashName>
		<InitialHandle>694888</InitialHandle>
		<ObjectProperties>
			<TextureVariation>0</TextureVariation>
		</ObjectProperties>
		<OpacityLevel>255</OpacityLevel>
		<LodDistance>16960</LodDistance>
		<IsVisible>true</IsVisible>
		<MaxHealth>1000</MaxHealth>
		<Health>1000</Health>
		<HasGravity>true</HasGravity>
		<IsOnFire>false</IsOnFire>
		<IsInvincible>false</IsInvincible>
		<IsBulletProof>false</IsBulletProof>
		<IsCollisionProof>false</IsCollisionProof>
		<IsExplosionProof>false</IsExplosionProof>
		<IsFireProof>false</IsFireProof>
		<IsMeleeProof>false</IsMeleeProof>
		<IsOnlyDamagedByPlayer>false</IsOnlyDamagedByPlayer>
		<PositionRotation>
			<X>1033.67139</X>
			<Y>-2408.44873</Y>
			<Z>269.620605</Z>
			<Pitch>-2.988201e-06</Pitch>
			<Roll>-179.999893</Roll>
			<Yaw>127.048126</Yaw>
		</PositionRotation>
		<Attachment isAttached="false" />
	</Placement>
	<Placement>
		<ModelHash>0x9ae513fc</ModelHash>
		<Type>3</Type>
		<Dynamic>false</Dynamic>
		<FrozenPos>true</FrozenPos>
		<HashName>0x9ae513fc</HashName>
		<InitialHandle>435066</InitialHandle>
		<ObjectProperties>
			<TextureVariation>0</TextureVariation>
		</ObjectProperties>
		<OpacityLevel>255</OpacityLevel>
		<LodDistance>16960</LodDistance>
		<IsVisible>true</IsVisible>
		<MaxHealth>1000</MaxHealth>
		<Health>1000</Health>
		<HasGravity>true</HasGravity>
		<IsOnFire>false</IsOnFire>
		<IsInvincible>false</IsInvincible>
		<IsBulletProof>false</IsBulletProof>
		<IsCollisionProof>false</IsCollisionProof>
		<IsExplosionProof>false</IsExplosionProof>
		<IsFireProof>false</IsFireProof>
		<IsMeleeProof>false</IsMeleeProof>
		<IsOnlyDamagedByPlayer>false</IsOnlyDamagedByPlayer>
		<PositionRotation>
			<X>388.096436</X>
			<Y>-231.548492</Y>
			<Z>322.446045</Z>
			<Pitch>2.98819464e-06</Pitch>
			<Roll>-179.999893</Roll>
			<Yaw>-126.750809</Yaw>
		</PositionRotation>
		<Attachment isAttached="false" />
	</Placement>
	<Placement>
		<ModelHash>0xae11860f</ModelHash>
		<Type>3</Type>
		<Dynamic>false</Dynamic>
		<FrozenPos>true</FrozenPos>
		<HashName>0xae11860f</HashName>
		<InitialHandle>383097</InitialHandle>
		<ObjectProperties>
			<TextureVariation>0</TextureVariation>
		</ObjectProperties>
		<OpacityLevel>255</OpacityLevel>
		<LodDistance>16960</LodDistance>
		<IsVisible>true</IsVisible>
		<MaxHealth>1000</MaxHealth>
		<Health>1000</Health>
		<HasGravity>true</HasGravity>
		<IsOnFire>false</IsOnFire>
		<IsInvincible>false</IsInvincible>
		<IsBulletProof>false</IsBulletProof>
		<IsCollisionProof>false</IsCollisionProof>
		<IsExplosionProof>false</IsExplosionProof>
		<IsFireProof>false</IsFireProof>
		<IsMeleeProof>false</IsMeleeProof>
		<IsOnlyDamagedByPlayer>false</IsOnlyDamagedByPlayer>
		<PositionRotation>
			<X>-329.964844</X>
			<Y>-265.097504</Y>
			<Z>446.268158</Z>
			<Pitch>2.98821419e-06</Pitch>
			<Roll>-179.999893</Roll>
			<Yaw>32.791523</Yaw>
		</PositionRotation>
		<Attachment isAttached="false" />
	</Placement>
	<Placement>
		<ModelHash>0xae11860f</ModelHash>
		<Type>3</Type>
		<Dynamic>false</Dynamic>
		<FrozenPos>true</FrozenPos>
		<HashName>0xae11860f</HashName>
		<InitialHandle>107371</InitialHandle>
		<ObjectProperties>
			<TextureVariation>0</TextureVariation>
		</ObjectProperties>
		<OpacityLevel>255</OpacityLevel>
		<LodDistance>16960</LodDistance>
		<IsVisible>true</IsVisible>
		<MaxHealth>1000</MaxHealth>
		<Health>1000</Health>
		<HasGravity>true</HasGravity>
		<IsOnFire>false</IsOnFire>
		<IsInvincible>false</IsInvincible>
		<IsBulletProof>false</IsBulletProof>
		<IsCollisionProof>false</IsCollisionProof>
		<IsExplosionProof>false</IsExplosionProof>
		<IsFireProof>false</IsFireProof>
		<IsMeleeProof>false</IsMeleeProof>
		<IsOnlyDamagedByPlayer>false</IsOnlyDamagedByPlayer>
		<PositionRotation>
			<X>600.035217</X>
			<Y>514.902527</Y>
			<Z>446.268158</Z>
			<Pitch>3.8419812e-06</Pitch>
			<Roll>-179.999893</Roll>
			<Yaw>-147.208389</Yaw>
		</PositionRotation>
		<Attachment isAttached="false" />
	</Placement>
	<Placement>
		<ModelHash>0xae11860f</ModelHash>
		<Type>3</Type>
		<Dynamic>false</Dynamic>
		<FrozenPos>true</FrozenPos>
		<HashName>0xae11860f</HashName>
		<InitialHandle>569980</InitialHandle>
		<ObjectProperties>
			<TextureVariation>0</TextureVariation>
		</ObjectProperties>
		<OpacityLevel>255</OpacityLevel>
		<LodDistance>16960</LodDistance>
		<IsVisible>true</IsVisible>
		<MaxHealth>1000</MaxHealth>
		<Health>1000</Health>
		<HasGravity>true</HasGravity>
		<IsOnFire>false</IsOnFire>
		<IsInvincible>false</IsInvincible>
		<IsBulletProof>false</IsBulletProof>
		<IsCollisionProof>false</IsCollisionProof>
		<IsExplosionProof>false</IsExplosionProof>
		<IsFireProof>false</IsFireProof>
		<IsMeleeProof>false</IsMeleeProof>
		<IsOnlyDamagedByPlayer>false</IsOnlyDamagedByPlayer>
		<PositionRotation>
			<X>590.035217</X>
			<Y>-575.097534</Y>
			<Z>446.268127</Z>
			<Pitch>3.8419812e-06</Pitch>
			<Roll>-179.999893</Roll>
			<Yaw>-147.208389</Yaw>
		</PositionRotation>
		<Attachment isAttached="false" />
	</Placement>
	<Placement>
		<ModelHash>0xae11860f</ModelHash>
		<Type>3</Type>
		<Dynamic>false</Dynamic>
		<FrozenPos>true</FrozenPos>
		<HashName>0xae11860f</HashName>
		<InitialHandle>377877</InitialHandle>
		<ObjectProperties>
			<TextureVariation>0</TextureVariation>
		</ObjectProperties>
		<OpacityLevel>255</OpacityLevel>
		<LodDistance>16960</LodDistance>
		<IsVisible>true</IsVisible>
		<MaxHealth>1000</MaxHealth>
		<Health>1000</Health>
		<HasGravity>true</HasGravity>
		<IsOnFire>false</IsOnFire>
		<IsInvincible>false</IsInvincible>
		<IsBulletProof>false</IsBulletProof>
		<IsCollisionProof>false</IsCollisionProof>
		<IsExplosionProof>false</IsExplosionProof>
		<IsFireProof>false</IsFireProof>
		<IsMeleeProof>false</IsMeleeProof>
		<IsOnlyDamagedByPlayer>false</IsOnlyDamagedByPlayer>
		<PositionRotation>
			<X>1178.03528</X>
			<Y>-94.0974197</Y>
			<Z>446.268158</Z>
			<Pitch>3.4150919e-06</Pitch>
			<Roll>-179.999893</Roll>
			<Yaw>-92.2082214</Yaw>
		</PositionRotation>
		<Attachment isAttached="false" />
	</Placement>
	<Placement>
		<ModelHash>0xae11860f</ModelHash>
		<Type>3</Type>
		<Dynamic>false</Dynamic>
		<FrozenPos>true</FrozenPos>
		<HashName>0xae11860f</HashName>
		<InitialHandle>407930</InitialHandle>
		<ObjectProperties>
			<TextureVariation>0</TextureVariation>
		</ObjectProperties>
		<OpacityLevel>255</OpacityLevel>
		<LodDistance>16960</LodDistance>
		<IsVisible>true</IsVisible>
		<MaxHealth>1000</MaxHealth>
		<Health>1000</Health>
		<HasGravity>true</HasGravity>
		<IsOnFire>false</IsOnFire>
		<IsInvincible>false</IsInvincible>
		<IsBulletProof>false</IsBulletProof>
		<IsCollisionProof>false</IsCollisionProof>
		<IsExplosionProof>false</IsExplosionProof>
		<IsFireProof>false</IsFireProof>
		<IsMeleeProof>false</IsMeleeProof>
		<IsOnlyDamagedByPlayer>false</IsOnlyDamagedByPlayer>
		<PositionRotation>
			<X>1068.03528</X>
			<Y>-1174.09753</Y>
			<Z>446.268158</Z>
			<Pitch>3.41508826e-06</Pitch>
			<Roll>-179.999893</Roll>
			<Yaw>177.79187</Yaw>
		</PositionRotation>
		<Attachment isAttached="false" />
	</Placement>
	<Placement>
		<ModelHash>0xae11860f</ModelHash>
		<Type>3</Type>
		<Dynamic>false</Dynamic>
		<FrozenPos>true</FrozenPos>
		<HashName>0xae11860f</HashName>
		<InitialHandle>165239</InitialHandle>
		<ObjectProperties>
			<TextureVariation>0</TextureVariation>
		</ObjectProperties>
		<OpacityLevel>255</OpacityLevel>
		<LodDistance>16960</LodDistance>
		<IsVisible>true</IsVisible>
		<MaxHealth>1000</MaxHealth>
		<Health>1000</Health>
		<HasGravity>true</HasGravity>
		<IsOnFire>false</IsOnFire>
		<IsInvincible>false</IsInvincible>
		<IsBulletProof>false</IsBulletProof>
		<IsCollisionProof>false</IsCollisionProof>
		<IsExplosionProof>false</IsExplosionProof>
		<IsFireProof>false</IsFireProof>
		<IsMeleeProof>false</IsMeleeProof>
		<IsOnlyDamagedByPlayer>false</IsOnlyDamagedByPlayer>
		<PositionRotation>
			<X>768.035278</X>
			<Y>-1714.09766</Y>
			<Z>446.268158</Z>
			<Pitch>3.41507985e-06</Pitch>
			<Roll>-179.999893</Roll>
			<Yaw>-2.2082262</Yaw>
		</PositionRotation>
		<Attachment isAttached="false" />
	</Placement>
	<Placement>
		<ModelHash>0xae11860f</ModelHash>
		<Type>3</Type>
		<Dynamic>false</Dynamic>
		<FrozenPos>true</FrozenPos>
		<HashName>0xae11860f</HashName>
		<InitialHandle>357244</InitialHandle>
		<ObjectProperties>
			<TextureVariation>0</TextureVariation>
		</ObjectProperties>
		<OpacityLevel>255</OpacityLevel>
		<LodDistance>16960</LodDistance>
		<IsVisible>true</IsVisible>
		<MaxHealth>1000</MaxHealth>
		<Health>1000</Health>
		<HasGravity>true</HasGravity>
		<IsOnFire>false</IsOnFire>
		<IsInvincible>false</IsInvincible>
		<IsBulletProof>false</IsBulletProof>
		<IsCollisionProof>false</IsCollisionProof>
		<IsExplosionProof>false</IsExplosionProof>
		<IsFireProof>false</IsFireProof>
		<IsMeleeProof>false</IsMeleeProof>
		<IsOnlyDamagedByPlayer>false</IsOnlyDamagedByPlayer>
		<PositionRotation>
			<X>168.035278</X>
			<Y>-1254.09766</Y>
			<Z>446.268158</Z>
			<Pitch>3.41508166e-06</Pitch>
			<Roll>-179.999893</Roll>
			<Yaw>-92.2081604</Yaw>
		</PositionRotation>
		<Attachment isAttached="false" />
	</Placement>
	<Placement>
		<ModelHash>0xae11860f</ModelHash>
		<Type>3</Type>
		<Dynamic>false</Dynamic>
		<FrozenPos>true</FrozenPos>
		<HashName>0xae11860f</HashName>
		<InitialHandle>484117</InitialHandle>
		<ObjectProperties>
			<TextureVariation>0</TextureVariation>
		</ObjectProperties>
		<OpacityLevel>255</OpacityLevel>
		<LodDistance>16960</LodDistance>
		<IsVisible>true</IsVisible>
		<MaxHealth>1000</MaxHealth>
		<Health>1000</Health>
		<HasGravity>true</HasGravity>
		<IsOnFire>false</IsOnFire>
		<IsInvincible>false</IsInvincible>
		<IsBulletProof>false</IsBulletProof>
		<IsCollisionProof>false</IsCollisionProof>
		<IsExplosionProof>false</IsExplosionProof>
		<IsFireProof>false</IsFireProof>
		<IsMeleeProof>false</IsMeleeProof>
		<IsOnlyDamagedByPlayer>false</IsOnlyDamagedByPlayer>
		<PositionRotation>
			<X>-881.964783</X>
			<Y>-554.097656</Y>
			<Z>446.268158</Z>
			<Pitch>3.41508144e-06</Pitch>
			<Roll>-179.999893</Roll>
			<Yaw>-62.2081375</Yaw>
		</PositionRotation>
		<Attachment isAttached="false" />
	</Placement>
	<Placement>
		<ModelHash>0xae11860f</ModelHash>
		<Type>3</Type>
		<Dynamic>false</Dynamic>
		<FrozenPos>true</FrozenPos>
		<HashName>0xae11860f</HashName>
		<InitialHandle>151165</InitialHandle>
		<ObjectProperties>
			<TextureVariation>0</TextureVariation>
		</ObjectProperties>
		<OpacityLevel>255</OpacityLevel>
		<LodDistance>16960</LodDistance>
		<IsVisible>true</IsVisible>
		<MaxHealth>1000</MaxHealth>
		<Health>1000</Health>
		<HasGravity>true</HasGravity>
		<IsOnFire>false</IsOnFire>
		<IsInvincible>false</IsInvincible>
		<IsBulletProof>false</IsBulletProof>
		<IsCollisionProof>false</IsCollisionProof>
		<IsExplosionProof>false</IsExplosionProof>
		<IsFireProof>false</IsFireProof>
		<IsMeleeProof>false</IsMeleeProof>
		<IsOnlyDamagedByPlayer>false</IsOnlyDamagedByPlayer>
		<PositionRotation>
			<X>-1231.96484</X>
			<Y>185.902374</Y>
			<Z>446.268158</Z>
			<Pitch>3.41509599e-06</Pitch>
			<Roll>-179.999893</Roll>
			<Yaw>-12.2081194</Yaw>
		</PositionRotation>
		<Attachment isAttached="false" />
	</Placement>
	<Placement>
		<ModelHash>0xae11860f</ModelHash>
		<Type>3</Type>
		<Dynamic>false</Dynamic>
		<FrozenPos>true</FrozenPos>
		<HashName>0xae11860f</HashName>
		<InitialHandle>359292</InitialHandle>
		<ObjectProperties>
			<TextureVariation>0</TextureVariation>
		</ObjectProperties>
		<OpacityLevel>255</OpacityLevel>
		<LodDistance>16960</LodDistance>
		<IsVisible>true</IsVisible>
		<MaxHealth>1000</MaxHealth>
		<Health>1000</Health>
		<HasGravity>true</HasGravity>
		<IsOnFire>false</IsOnFire>
		<IsInvincible>false</IsInvincible>
		<IsBulletProof>false</IsBulletProof>
		<IsCollisionProof>false</IsCollisionProof>
		<IsExplosionProof>false</IsExplosionProof>
		<IsFireProof>false</IsFireProof>
		<IsMeleeProof>false</IsMeleeProof>
		<IsOnlyDamagedByPlayer>false</IsOnlyDamagedByPlayer>
		<PositionRotation>
			<X>-511.964844</X>
			<Y>275.902405</Y>
			<Z>446.268158</Z>
			<Pitch>3.41508962e-06</Pitch>
			<Roll>-179.999893</Roll>
			<Yaw>7.7918787</Yaw>
		</PositionRotation>
		<Attachment isAttached="false" />
	</Placement>
	<Placement>
		<ModelHash>0xae11860f</ModelHash>
		<Type>3</Type>
		<Dynamic>false</Dynamic>
		<FrozenPos>true</FrozenPos>
		<HashName>0xae11860f</HashName>
		<InitialHandle>225399</InitialHandle>
		<ObjectProperties>
			<TextureVariation>0</TextureVariation>
		</ObjectProperties>
		<OpacityLevel>255</OpacityLevel>
		<LodDistance>16960</LodDistance>
		<IsVisible>true</IsVisible>
		<MaxHealth>1000</MaxHealth>
		<Health>1000</Health>
		<HasGravity>true</HasGravity>
		<IsOnFire>false</IsOnFire>
		<IsInvincible>false</IsInvincible>
		<IsBulletProof>false</IsBulletProof>
		<IsCollisionProof>false</IsCollisionProof>
		<IsExplosionProof>false</IsExplosionProof>
		<IsFireProof>false</IsFireProof>
		<IsMeleeProof>false</IsMeleeProof>
		<IsOnlyDamagedByPlayer>false</IsOnlyDamagedByPlayer>
		<PositionRotation>
			<X>-261.964844</X>
			<Y>875.902466</Y>
			<Z>446.268158</Z>
			<Pitch>3.41509758e-06</Pitch>
			<Roll>-179.999893</Roll>
			<Yaw>-12.2081194</Yaw>
		</PositionRotation>
		<Attachment isAttached="false" />
	</Placement>
	<Placement>
		<ModelHash>0xae11860f</ModelHash>
		<Type>3</Type>
		<Dynamic>false</Dynamic>
		<FrozenPos>true</FrozenPos>
		<HashName>0xae11860f</HashName>
		<InitialHandle>766575</InitialHandle>
		<ObjectProperties>
			<TextureVariation>0</TextureVariation>
		</ObjectProperties>
		<OpacityLevel>255</OpacityLevel>
		<LodDistance>16960</LodDistance>
		<IsVisible>true</IsVisible>
		<MaxHealth>1000</MaxHealth>
		<Health>1000</Health>
		<HasGravity>true</HasGravity>
		<IsOnFire>false</IsOnFire>
		<IsInvincible>false</IsInvincible>
		<IsBulletProof>false</IsBulletProof>
		<IsCollisionProof>false</IsCollisionProof>
		<IsExplosionProof>false</IsExplosionProof>
		<IsFireProof>false</IsFireProof>
		<IsMeleeProof>false</IsMeleeProof>
		<IsOnlyDamagedByPlayer>false</IsOnlyDamagedByPlayer>
		<PositionRotation>
			<X>-1001.96484</X>
			<Y>875.902466</Y>
			<Z>446.268158</Z>
			<Pitch>3.41509917e-06</Pitch>
			<Roll>-179.999893</Roll>
			<Yaw>-12.2081194</Yaw>
		</PositionRotation>
		<Attachment isAttached="false" />
	</Placement>
	<Placement>
		<ModelHash>0xae11860f</ModelHash>
		<Type>3</Type>
		<Dynamic>false</Dynamic>
		<FrozenPos>true</FrozenPos>
		<HashName>0xae11860f</HashName>
		<InitialHandle>342649</InitialHandle>
		<ObjectProperties>
			<TextureVariation>0</TextureVariation>
		</ObjectProperties>
		<OpacityLevel>255</OpacityLevel>
		<LodDistance>16960</LodDistance>
		<IsVisible>true</IsVisible>
		<MaxHealth>1000</MaxHealth>
		<Health>1000</Health>
		<HasGravity>true</HasGravity>
		<IsOnFire>false</IsOnFire>
		<IsInvincible>false</IsInvincible>
		<IsBulletProof>false</IsBulletProof>
		<IsCollisionProof>false</IsCollisionProof>
		<IsExplosionProof>false</IsExplosionProof>
		<IsFireProof>false</IsFireProof>
		<IsMeleeProof>false</IsMeleeProof>
		<IsOnlyDamagedByPlayer>false</IsOnlyDamagedByPlayer>
		<PositionRotation>
			<X>98.0351868</X>
			<Y>-2264.09766</Y>
			<Z>456.268158</Z>
			<Pitch>3.52175744e-06</Pitch>
			<Roll>-179.999893</Roll>
			<Yaw>-162.208145</Yaw>
		</PositionRotation>
		<Attachment isAttached="false" />
	</Placement>
	<Placement>
		<ModelHash>0xae11860f</ModelHash>
		<Type>3</Type>
		<Dynamic>false</Dynamic>
		<FrozenPos>true</FrozenPos>
		<HashName>0xae11860f</HashName>
		<InitialHandle>220795</InitialHandle>
		<ObjectProperties>
			<TextureVariation>0</TextureVariation>
		</ObjectProperties>
		<OpacityLevel>255</OpacityLevel>
		<LodDistance>16960</LodDistance>
		<IsVisible>true</IsVisible>
		<MaxHealth>1000</MaxHealth>
		<Health>1000</Health>
		<HasGravity>true</HasGravity>
		<IsOnFire>false</IsOnFire>
		<IsInvincible>false</IsInvincible>
		<IsBulletProof>false</IsBulletProof>
		<IsCollisionProof>false</IsCollisionProof>
		<IsExplosionProof>false</IsExplosionProof>
		<IsFireProof>false</IsFireProof>
		<IsMeleeProof>false</IsMeleeProof>
		<IsOnlyDamagedByPlayer>false</IsOnlyDamagedByPlayer>
		<PositionRotation>
			<X>-621.964844</X>
			<Y>-1484.09766</Y>
			<Z>446.268158</Z>
			<Pitch>3.41508462e-06</Pitch>
			<Roll>-179.999893</Roll>
			<Yaw>-52.2080765</Yaw>
		</PositionRotation>
		<Attachment isAttached="false" />
	</Placement>
	<Placement>
		<ModelHash>0xae11860f</ModelHash>
		<Type>3</Type>
		<Dynamic>false</Dynamic>
		<FrozenPos>true</FrozenPos>
		<HashName>0xae11860f</HashName>
		<InitialHandle>622200</InitialHandle>
		<ObjectProperties>
			<TextureVariation>0</TextureVariation>
		</ObjectProperties>
		<OpacityLevel>255</OpacityLevel>
		<LodDistance>16960</LodDistance>
		<IsVisible>true</IsVisible>
		<MaxHealth>1000</MaxHealth>
		<Health>1000</Health>
		<HasGravity>true</HasGravity>
		<IsOnFire>false</IsOnFire>
		<IsInvincible>false</IsInvincible>
		<IsBulletProof>false</IsBulletProof>
		<IsCollisionProof>false</IsCollisionProof>
		<IsExplosionProof>false</IsExplosionProof>
		<IsFireProof>false</IsFireProof>
		<IsMeleeProof>false</IsMeleeProof>
		<IsOnlyDamagedByPlayer>false</IsOnlyDamagedByPlayer>
		<PositionRotation>
			<X>-1031.96484</X>
			<Y>-1004.09766</Y>
			<Z>446.268158</Z>
			<Pitch>3.41507803e-06</Pitch>
			<Roll>-179.999893</Roll>
			<Yaw>-112.207985</Yaw>
		</PositionRotation>
		<Attachment isAttached="false" />
	</Placement>
	<Placement>
		<ModelHash>0xae11860f</ModelHash>
		<Type>3</Type>
		<Dynamic>false</Dynamic>
		<FrozenPos>true</FrozenPos>
		<HashName>0xae11860f</HashName>
		<InitialHandle>502549</InitialHandle>
		<ObjectProperties>
			<TextureVariation>0</TextureVariation>
		</ObjectProperties>
		<OpacityLevel>255</OpacityLevel>
		<LodDistance>16960</LodDistance>
		<IsVisible>true</IsVisible>
		<MaxHealth>1000</MaxHealth>
		<Health>1000</Health>
		<HasGravity>true</HasGravity>
		<IsOnFire>false</IsOnFire>
		<IsInvincible>false</IsInvincible>
		<IsBulletProof>false</IsBulletProof>
		<IsCollisionProof>false</IsCollisionProof>
		<IsExplosionProof>false</IsExplosionProof>
		<IsFireProof>false</IsFireProof>
		<IsMeleeProof>false</IsMeleeProof>
		<IsOnlyDamagedByPlayer>false</IsOnlyDamagedByPlayer>
		<PositionRotation>
			<X>-1081.96484</X>
			<Y>-2174.09766</Y>
			<Z>446.268188</Z>
			<Pitch>3.41510099e-06</Pitch>
			<Roll>-179.999893</Roll>
			<Yaw>-12.2079897</Yaw>
		</PositionRotation>
		<Attachment isAttached="false" />
	</Placement>
	<Placement>
		<ModelHash>0x9ae513fc</ModelHash>
		<Type>3</Type>
		<Dynamic>false</Dynamic>
		<FrozenPos>true</FrozenPos>
		<HashName>0x9ae513fc</HashName>
		<InitialHandle>508796</InitialHandle>
		<ObjectProperties>
			<TextureVariation>0</TextureVariation>
		</ObjectProperties>
		<OpacityLevel>255</OpacityLevel>
		<LodDistance>16960</LodDistance>
		<IsVisible>true</IsVisible>
		<MaxHealth>1000</MaxHealth>
		<Health>1000</Health>
		<HasGravity>true</HasGravity>
		<IsOnFire>false</IsOnFire>
		<IsInvincible>false</IsInvincible>
		<IsBulletProof>false</IsBulletProof>
		<IsCollisionProof>false</IsCollisionProof>
		<IsExplosionProof>false</IsExplosionProof>
		<IsFireProof>false</IsFireProof>
		<IsMeleeProof>false</IsMeleeProof>
		<IsOnlyDamagedByPlayer>false</IsOnlyDamagedByPlayer>
		<PositionRotation>
			<X>-711.903687</X>
			<Y>-381.548492</Y>
			<Z>322.446045</Z>
			<Pitch>2.98820601e-06</Pitch>
			<Roll>-179.999893</Roll>
			<Yaw>103.249161</Yaw>
		</PositionRotation>
		<Attachment isAttached="false" />
	</Placement>
	<Placement>
		<ModelHash>0x9ae513fc</ModelHash>
		<Type>3</Type>
		<Dynamic>false</Dynamic>
		<FrozenPos>true</FrozenPos>
		<HashName>0x9ae513fc</HashName>
		<InitialHandle>550524</InitialHandle>
		<ObjectProperties>
			<TextureVariation>0</TextureVariation>
		</ObjectProperties>
		<OpacityLevel>255</OpacityLevel>
		<LodDistance>16960</LodDistance>
		<IsVisible>true</IsVisible>
		<MaxHealth>1000</MaxHealth>
		<Health>1000</Health>
		<HasGravity>true</HasGravity>
		<IsOnFire>false</IsOnFire>
		<IsInvincible>false</IsInvincible>
		<IsBulletProof>false</IsBulletProof>
		<IsCollisionProof>false</IsCollisionProof>
		<IsExplosionProof>false</IsExplosionProof>
		<IsFireProof>false</IsFireProof>
		<IsMeleeProof>false</IsMeleeProof>
		<IsOnlyDamagedByPlayer>false</IsOnlyDamagedByPlayer>
		<PositionRotation>
			<X>-451.903656</X>
			<Y>-1241.54858</Y>
			<Z>322.446045</Z>
			<Pitch>2.98819123e-06</Pitch>
			<Roll>-179.999893</Roll>
			<Yaw>23.2491455</Yaw>
		</PositionRotation>
		<Attachment isAttached="false" />
	</Placement>
	<Placement>
		<ModelHash>0x5ca4a9a0</ModelHash>
		<Type>3</Type>
		<Dynamic>false</Dynamic>
		<FrozenPos>true</FrozenPos>
		<HashName>0x5ca4a9a0</HashName>
		<InitialHandle>611446</InitialHandle>
		<ObjectProperties>
			<TextureVariation>0</TextureVariation>
		</ObjectProperties>
		<OpacityLevel>255</OpacityLevel>
		<LodDistance>16960</LodDistance>
		<IsVisible>true</IsVisible>
		<MaxHealth>1000</MaxHealth>
		<Health>1000</Health>
		<HasGravity>true</HasGravity>
		<IsOnFire>false</IsOnFire>
		<IsInvincible>false</IsInvincible>
		<IsBulletProof>false</IsBulletProof>
		<IsCollisionProof>false</IsCollisionProof>
		<IsExplosionProof>false</IsExplosionProof>
		<IsFireProof>false</IsFireProof>
		<IsMeleeProof>false</IsMeleeProof>
		<IsOnlyDamagedByPlayer>false</IsOnlyDamagedByPlayer>
		<PositionRotation>
			<X>1353.67139</X>
			<Y>-1018.44873</Y>
			<Z>269.620605</Z>
			<Pitch>-2.988201e-06</Pitch>
			<Roll>-179.999893</Roll>
			<Yaw>157.04808</Yaw>
		</PositionRotation>
		<Attachment isAttached="false" />
	</Placement>
	<Placement>
		<ModelHash>0x5ca4a9a0</ModelHash>
		<Type>3</Type>
		<Dynamic>false</Dynamic>
		<FrozenPos>true</FrozenPos>
		<HashName>0x5ca4a9a0</HashName>
		<InitialHandle>379246</InitialHandle>
		<ObjectProperties>
			<TextureVariation>0</TextureVariation>
		</ObjectProperties>
		<OpacityLevel>255</OpacityLevel>
		<LodDistance>16960</LodDistance>
		<IsVisible>true</IsVisible>
		<MaxHealth>1000</MaxHealth>
		<Health>1000</Health>
		<HasGravity>true</HasGravity>
		<IsOnFire>false</IsOnFire>
		<IsInvincible>false</IsInvincible>
		<IsBulletProof>false</IsBulletProof>
		<IsCollisionProof>false</IsCollisionProof>
		<IsExplosionProof>false</IsExplosionProof>
		<IsFireProof>false</IsFireProof>
		<IsMeleeProof>false</IsMeleeProof>
		<IsOnlyDamagedByPlayer>false</IsOnlyDamagedByPlayer>
		<PositionRotation>
			<X>1123.67139</X>
			<Y>361.5513</Y>
			<Z>269.620605</Z>
			<Pitch>-2.98820282e-06</Pitch>
			<Roll>-179.999893</Roll>
			<Yaw>177.048035</Yaw>
		</PositionRotation>
		<Attachment isAttached="false" />
	</Placement>
	<Placement>
		<ModelHash>0x5ca4a9a0</ModelHash>
		<Type>3</Type>
		<Dynamic>false</Dynamic>
		<FrozenPos>true</FrozenPos>
		<HashName>0x5ca4a9a0</HashName>
		<InitialHandle>294010</InitialHandle>
		<ObjectProperties>
			<TextureVariation>0</TextureVariation>
		</ObjectProperties>
		<OpacityLevel>255</OpacityLevel>
		<LodDistance>16960</LodDistance>
		<IsVisible>true</IsVisible>
		<MaxHealth>1000</MaxHealth>
		<Health>1000</Health>
		<HasGravity>true</HasGravity>
		<IsOnFire>false</IsOnFire>
		<IsInvincible>false</IsInvincible>
		<IsBulletProof>false</IsBulletProof>
		<IsCollisionProof>false</IsCollisionProof>
		<IsExplosionProof>false</IsExplosionProof>
		<IsFireProof>false</IsFireProof>
		<IsMeleeProof>false</IsMeleeProof>
		<IsOnlyDamagedByPlayer>false</IsOnlyDamagedByPlayer>
		<PositionRotation>
			<X>-456.328644</X>
			<Y>1141.55139</Y>
			<Z>269.620605</Z>
			<Pitch>-2.98819123e-06</Pitch>
			<Roll>-179.999893</Roll>
			<Yaw>-122.951981</Yaw>
		</PositionRotation>
		<Attachment isAttached="false" />
	</Placement>
	<Placement>
		<ModelHash>0x5ca4a9a0</ModelHash>
		<Type>3</Type>
		<Dynamic>false</Dynamic>
		<FrozenPos>true</FrozenPos>
		<HashName>0x5ca4a9a0</HashName>
		<InitialHandle>706673</InitialHandle>
		<ObjectProperties>
			<TextureVariation>0</TextureVariation>
		</ObjectProperties>
		<OpacityLevel>255</OpacityLevel>
		<LodDistance>16960</LodDistance>
		<IsVisible>true</IsVisible>
		<MaxHealth>1000</MaxHealth>
		<Health>1000</Health>
		<HasGravity>true</HasGravity>
		<IsOnFire>false</IsOnFire>
		<IsInvincible>false</IsInvincible>
		<IsBulletProof>false</IsBulletProof>
		<IsCollisionProof>false</IsCollisionProof>
		<IsExplosionProof>false</IsExplosionProof>
		<IsFireProof>false</IsFireProof>
		<IsMeleeProof>false</IsMeleeProof>
		<IsOnlyDamagedByPlayer>false</IsOnlyDamagedByPlayer>
		<PositionRotation>
			<X>-1582.32874</X>
			<Y>571.551392</Y>
			<Z>269.620605</Z>
			<Pitch>-2.98817827e-06</Pitch>
			<Roll>-179.999893</Roll>
			<Yaw>-43.9518776</Yaw>
		</PositionRotation>
		<Attachment isAttached="false" />
	</Placement>
	<Placement>
		<ModelHash>0xae11860f</ModelHash>
		<Type>3</Type>
		<Dynamic>false</Dynamic>
		<FrozenPos>true</FrozenPos>
		<HashName>0xae11860f</HashName>
		<InitialHandle>32123</InitialHandle>
		<ObjectProperties>
			<TextureVariation>0</TextureVariation>
		</ObjectProperties>
		<OpacityLevel>255</OpacityLevel>
		<LodDistance>16960</LodDistance>
		<IsVisible>true</IsVisible>
		<MaxHealth>1000</MaxHealth>
		<Health>1000</Health>
		<HasGravity>true</HasGravity>
		<IsOnFire>false</IsOnFire>
		<IsInvincible>false</IsInvincible>
		<IsBulletProof>false</IsBulletProof>
		<IsCollisionProof>false</IsCollisionProof>
		<IsExplosionProof>false</IsExplosionProof>
		<IsFireProof>false</IsFireProof>
		<IsMeleeProof>false</IsMeleeProof>
		<IsOnlyDamagedByPlayer>false</IsOnlyDamagedByPlayer>
		<PositionRotation>
			<X>-1411.96484</X>
			<Y>-2264.09766</Y>
			<Z>476.268158</Z>
			<Pitch>50.0000381</Pitch>
			<Roll>-92.2078247</Roll>
			<Yaw>160.000061</Yaw>
		</PositionRotation>
		<Attachment isAttached="false" />
	</Placement>
	<Placement>
		<ModelHash>0x5ca4a9a0</ModelHash>
		<Type>3</Type>
		<Dynamic>false</Dynamic>
		<FrozenPos>true</FrozenPos>
		<HashName>0x5ca4a9a0</HashName>
		<InitialHandle>111482</InitialHandle>
		<ObjectProperties>
			<TextureVariation>0</TextureVariation>
		</ObjectProperties>
		<OpacityLevel>255</OpacityLevel>
		<LodDistance>16960</LodDistance>
		<IsVisible>true</IsVisible>
		<MaxHealth>1000</MaxHealth>
		<Health>1000</Health>
		<HasGravity>true</HasGravity>
		<IsOnFire>false</IsOnFire>
		<IsInvincible>false</IsInvincible>
		<IsBulletProof>false</IsBulletProof>
		<IsCollisionProof>false</IsCollisionProof>
		<IsExplosionProof>false</IsExplosionProof>
		<IsFireProof>false</IsFireProof>
		<IsMeleeProof>false</IsMeleeProof>
		<IsOnlyDamagedByPlayer>false</IsOnlyDamagedByPlayer>
		<PositionRotation>
			<X>-1112.32874</X>
			<Y>-1778.44873</Y>
			<Z>269.620605</Z>
			<Pitch>-2.98816849e-06</Pitch>
			<Roll>-179.999893</Roll>
			<Yaw>-23.9518681</Yaw>
		</PositionRotation>
		<Attachment isAttached="false" />
	</Placement>
	<Placement>
		<ModelHash>0x5ca4a9a0</ModelHash>
		<Type>3</Type>
		<Dynamic>false</Dynamic>
		<FrozenPos>true</FrozenPos>
		<HashName>0x5ca4a9a0</HashName>
		<InitialHandle>346218</InitialHandle>
		<ObjectProperties>
			<TextureVariation>0</TextureVariation>
		</ObjectProperties>
		<OpacityLevel>255</OpacityLevel>
		<LodDistance>16960</LodDistance>
		<IsVisible>true</IsVisible>
		<MaxHealth>1000</MaxHealth>
		<Health>1000</Health>
		<HasGravity>true</HasGravity>
		<IsOnFire>false</IsOnFire>
		<IsInvincible>false</IsInvincible>
		<IsBulletProof>false</IsBulletProof>
		<IsCollisionProof>false</IsCollisionProof>
		<IsExplosionProof>false</IsExplosionProof>
		<IsFireProof>false</IsFireProof>
		<IsMeleeProof>false</IsMeleeProof>
		<IsOnlyDamagedByPlayer>false</IsOnlyDamagedByPlayer>
		<PositionRotation>
			<X>-1072.32874</X>
			<Y>-2668.44873</Y>
			<Z>269.620605</Z>
			<Pitch>-2.9882076e-06</Pitch>
			<Roll>-179.999893</Roll>
			<Yaw>46.04813</Yaw>
		</PositionRotation>
		<Attachment isAttached="false" />
	</Placement>
	<Placement>
		<ModelHash>0x5ca4a9a0</ModelHash>
		<Type>3</Type>
		<Dynamic>false</Dynamic>
		<FrozenPos>true</FrozenPos>
		<HashName>0x5ca4a9a0</HashName>
		<InitialHandle>108388</InitialHandle>
		<ObjectProperties>
			<TextureVariation>0</TextureVariation>
		</ObjectProperties>
		<OpacityLevel>255</OpacityLevel>
		<LodDistance>16960</LodDistance>
		<IsVisible>true</IsVisible>
		<MaxHealth>1000</MaxHealth>
		<Health>1000</Health>
		<HasGravity>true</HasGravity>
		<IsOnFire>false</IsOnFire>
		<IsInvincible>false</IsInvincible>
		<IsBulletProof>false</IsBulletProof>
		<IsCollisionProof>false</IsCollisionProof>
		<IsExplosionProof>false</IsExplosionProof>
		<IsFireProof>false</IsFireProof>
		<IsMeleeProof>false</IsMeleeProof>
		<IsOnlyDamagedByPlayer>false</IsOnlyDamagedByPlayer>
		<PositionRotation>
			<X>-342.328735</X>
			<Y>-2528.44873</Y>
			<Z>269.620605</Z>
			<Pitch>-2.98820441e-06</Pitch>
			<Roll>-179.999893</Roll>
			<Yaw>36.0481262</Yaw>
		</PositionRotation>
		<Attachment isAttached="false" />
	</Placement>
	<Placement>
		<ModelHash>0xae11860f</ModelHash>
		<Type>3</Type>
		<Dynamic>false</Dynamic>
		<FrozenPos>true</FrozenPos>
		<HashName>0xae11860f</HashName>
		<InitialHandle>401272</InitialHandle>
		<ObjectProperties>
			<TextureVariation>0</TextureVariation>
		</ObjectProperties>
		<OpacityLevel>255</OpacityLevel>
		<LodDistance>16960</LodDistance>
		<IsVisible>true</IsVisible>
		<MaxHealth>1000</MaxHealth>
		<Health>1000</Health>
		<HasGravity>true</HasGravity>
		<IsOnFire>false</IsOnFire>
		<IsInvincible>false</IsInvincible>
		<IsBulletProof>false</IsBulletProof>
		<IsCollisionProof>false</IsCollisionProof>
		<IsExplosionProof>false</IsExplosionProof>
		<IsFireProof>false</IsFireProof>
		<IsMeleeProof>false</IsMeleeProof>
		<IsOnlyDamagedByPlayer>false</IsOnlyDamagedByPlayer>
		<PositionRotation>
			<X>288.035278</X>
			<Y>-2664.09766</Y>
			<Z>486.268158</Z>
			<Pitch>50.0000954</Pitch>
			<Roll>-92.2078247</Roll>
			<Yaw>-89.999939</Yaw>
		</PositionRotation>
		<Attachment isAttached="false" />
	</Placement>
	<Placement>
		<ModelHash>0xed6065bc</ModelHash>
		<Type>3</Type>
		<Dynamic>false</Dynamic>
		<FrozenPos>true</FrozenPos>
		<HashName>ar_prop_ar_neon_gate4x_04a</HashName>
		<InitialHandle>534138</InitialHandle>
		<ObjectProperties>
			<TextureVariation>0</TextureVariation>
		</ObjectProperties>
		<OpacityLevel>255</OpacityLevel>
		<LodDistance>16960</LodDistance>
		<IsVisible>true</IsVisible>
		<MaxHealth>1000</MaxHealth>
		<Health>1000</Health>
		<HasGravity>true</HasGravity>
		<IsOnFire>false</IsOnFire>
		<IsInvincible>false</IsInvincible>
		<IsBulletProof>false</IsBulletProof>
		<IsCollisionProof>false</IsCollisionProof>
		<IsExplosionProof>false</IsExplosionProof>
		<IsFireProof>false</IsFireProof>
		<IsMeleeProof>false</IsMeleeProof>
		<IsOnlyDamagedByPlayer>false</IsOnlyDamagedByPlayer>
		<PositionRotation>
			<X>-78.6020813</X>
			<Y>-820.313049</Y>
			<Z>379.631958</Z>
			<Pitch>-45.0000153</Pitch>
			<Roll>-1.08667682e-05</Roll>
			<Yaw>-69.7175369</Yaw>
		</PositionRotation>
		<Attachment isAttached="false" />
	</Placement>
	<Placement>
		<ModelHash>0xd3406e34</ModelHash>
		<Type>3</Type>
		<Dynamic>false</Dynamic>
		<FrozenPos>true</FrozenPos>
		<HashName>xm_prop_x17_sub_damage</HashName>
		<InitialHandle>424568</InitialHandle>
		<ObjectProperties>
			<TextureVariation>0</TextureVariation>
		</ObjectProperties>
		<OpacityLevel>255</OpacityLevel>
		<LodDistance>16960</LodDistance>
		<IsVisible>true</IsVisible>
		<MaxHealth>1000</MaxHealth>
		<Health>1000</Health>
		<HasGravity>true</HasGravity>
		<IsOnFire>false</IsOnFire>
		<IsInvincible>false</IsInvincible>
		<IsBulletProof>false</IsBulletProof>
		<IsCollisionProof>false</IsCollisionProof>
		<IsExplosionProof>false</IsExplosionProof>
		<IsFireProof>false</IsFireProof>
		<IsMeleeProof>false</IsMeleeProof>
		<IsOnlyDamagedByPlayer>false</IsOnlyDamagedByPlayer>
		<PositionRotation>
			<X>-105.472427</X>
			<Y>-387.533752</Y>
			<Z>358.504211</Z>
			<Pitch>0</Pitch>
			<Roll>0</Roll>
			<Yaw>-86.0812073</Yaw>
		</PositionRotation>
		<Attachment isAttached="false" />
	</Placement>
	<Placement>
		<ModelHash>0x20f32b15</ModelHash>
		<Type>3</Type>
		<Dynamic>false</Dynamic>
		<FrozenPos>true</FrozenPos>
		<HashName>prop_temp_carrier</HashName>
		<InitialHandle>167803</InitialHandle>
		<ObjectProperties>
			<TextureVariation>0</TextureVariation>
		</ObjectProperties>
		<OpacityLevel>255</OpacityLevel>
		<LodDistance>16960</LodDistance>
		<IsVisible>true</IsVisible>
		<MaxHealth>1000</MaxHealth>
		<Health>1000</Health>
		<HasGravity>true</HasGravity>
		<IsOnFire>false</IsOnFire>
		<IsInvincible>false</IsInvincible>
		<IsBulletProof>false</IsBulletProof>
		<IsCollisionProof>false</IsCollisionProof>
		<IsExplosionProof>false</IsExplosionProof>
		<IsFireProof>false</IsFireProof>
		<IsMeleeProof>false</IsMeleeProof>
		<IsOnlyDamagedByPlayer>false</IsOnlyDamagedByPlayer>
		<PositionRotation>
			<X>-347.610687</X>
			<Y>-649.143433</Y>
			<Z>234.988312</Z>
			<Pitch>-20.0000076</Pitch>
			<Roll>7.26853659e-06</Roll>
			<Yaw>-115.378761</Yaw>
		</PositionRotation>
		<Attachment isAttached="false" />
	</Placement>
	<Placement>
		<ModelHash>0x20f32b15</ModelHash>
		<Type>3</Type>
		<Dynamic>false</Dynamic>
		<FrozenPos>true</FrozenPos>
		<HashName>prop_temp_carrier</HashName>
		<InitialHandle>247163</InitialHandle>
		<ObjectProperties>
			<TextureVariation>0</TextureVariation>
		</ObjectProperties>
		<OpacityLevel>255</OpacityLevel>
		<LodDistance>16960</LodDistance>
		<IsVisible>true</IsVisible>
		<MaxHealth>1000</MaxHealth>
		<Health>1000</Health>
		<HasGravity>true</HasGravity>
		<IsOnFire>false</IsOnFire>
		<IsInvincible>false</IsInvincible>
		<IsBulletProof>false</IsBulletProof>
		<IsCollisionProof>false</IsCollisionProof>
		<IsExplosionProof>false</IsExplosionProof>
		<IsFireProof>false</IsFireProof>
		<IsMeleeProof>false</IsMeleeProof>
		<IsOnlyDamagedByPlayer>false</IsOnlyDamagedByPlayer>
		<PositionRotation>
			<X>-347.610687</X>
			<Y>-9.14343166</Y>
			<Z>194.988312</Z>
			<Pitch>40.0000267</Pitch>
			<Roll>-19.9999752</Roll>
			<Yaw>-125.378731</Yaw>
		</PositionRotation>
		<Attachment isAttached="false" />
	</Placement>
	<Placement>
		<ModelHash>0x20f32b15</ModelHash>
		<Type>3</Type>
		<Dynamic>false</Dynamic>
		<FrozenPos>true</FrozenPos>
		<HashName>prop_temp_carrier</HashName>
		<InitialHandle>498301</InitialHandle>
		<ObjectProperties>
			<TextureVariation>0</TextureVariation>
		</ObjectProperties>
		<OpacityLevel>255</OpacityLevel>
		<LodDistance>16960</LodDistance>
		<IsVisible>true</IsVisible>
		<MaxHealth>1000</MaxHealth>
		<Health>1000</Health>
		<HasGravity>true</HasGravity>
		<IsOnFire>false</IsOnFire>
		<IsInvincible>false</IsInvincible>
		<IsBulletProof>false</IsBulletProof>
		<IsCollisionProof>false</IsCollisionProof>
		<IsExplosionProof>false</IsExplosionProof>
		<IsFireProof>false</IsFireProof>
		<IsMeleeProof>false</IsMeleeProof>
		<IsOnlyDamagedByPlayer>false</IsOnlyDamagedByPlayer>
		<PositionRotation>
			<X>782.389343</X>
			<Y>-1279.14343</Y>
			<Z>194.988312</Z>
			<Pitch>40.0000229</Pitch>
			<Roll>-19.999958</Roll>
			<Yaw>-155.37854</Yaw>
		</PositionRotation>
		<Attachment isAttached="false" />
	</Placement>
	<Placement>
		<ModelHash>0xd3406e34</ModelHash>
		<Type>3</Type>
		<Dynamic>false</Dynamic>
		<FrozenPos>true</FrozenPos>
		<HashName>xm_prop_x17_sub_damage</HashName>
		<InitialHandle>268648</InitialHandle>
		<ObjectProperties>
			<TextureVariation>0</TextureVariation>
		</ObjectProperties>
		<OpacityLevel>255</OpacityLevel>
		<LodDistance>16960</LodDistance>
		<IsVisible>true</IsVisible>
		<MaxHealth>1000</MaxHealth>
		<Health>1000</Health>
		<HasGravity>true</HasGravity>
		<IsOnFire>false</IsOnFire>
		<IsInvincible>false</IsInvincible>
		<IsBulletProof>false</IsBulletProof>
		<IsCollisionProof>false</IsCollisionProof>
		<IsExplosionProof>false</IsExplosionProof>
		<IsFireProof>false</IsFireProof>
		<IsMeleeProof>false</IsMeleeProof>
		<IsOnlyDamagedByPlayer>false</IsOnlyDamagedByPlayer>
		<PositionRotation>
			<X>-105.472427</X>
			<Y>-1537.53381</Y>
			<Z>188.504211</Z>
			<Pitch>40.0000305</Pitch>
			<Roll>-10.0000038</Roll>
			<Yaw>13.9188509</Yaw>
		</PositionRotation>
		<Attachment isAttached="false" />
	</Placement>
	<Placement>
		<ModelHash>0x9ae513fc</ModelHash>
		<Type>3</Type>
		<Dynamic>false</Dynamic>
		<FrozenPos>true</FrozenPos>
		<HashName>0x9ae513fc</HashName>
		<InitialHandle>501624</InitialHandle>
		<ObjectProperties>
			<TextureVariation>0</TextureVariation>
		</ObjectProperties>
		<OpacityLevel>255</OpacityLevel>
		<LodDistance>16960</LodDistance>
		<IsVisible>true</IsVisible>
		<MaxHealth>1000</MaxHealth>
		<Health>1000</Health>
		<HasGravity>true</HasGravity>
		<IsOnFire>false</IsOnFire>
		<IsInvincible>false</IsInvincible>
		<IsBulletProof>false</IsBulletProof>
		<IsCollisionProof>false</IsCollisionProof>
		<IsExplosionProof>false</IsExplosionProof>
		<IsFireProof>false</IsFireProof>
		<IsMeleeProof>false</IsMeleeProof>
		<IsOnlyDamagedByPlayer>false</IsOnlyDamagedByPlayer>
		<PositionRotation>
			<X>-521.903687</X>
			<Y>-2201.54858</Y>
			<Z>322.446045</Z>
			<Pitch>2.98818804e-06</Pitch>
			<Roll>-179.999893</Roll>
			<Yaw>23.2491455</Yaw>
		</PositionRotation>
		<Attachment isAttached="false" />
	</Placement>
	<Placement>
		<ModelHash>0xb467c540</ModelHash>
		<Type>3</Type>
		<Dynamic>false</Dynamic>
		<FrozenPos>true</FrozenPos>
		<HashName>p_spinning_anus_s</HashName>
		<InitialHandle>518521</InitialHandle>
		<ObjectProperties>
			<TextureVariation>0</TextureVariation>
		</ObjectProperties>
		<OpacityLevel>255</OpacityLevel>
		<LodDistance>16960</LodDistance>
		<IsVisible>true</IsVisible>
		<MaxHealth>1000</MaxHealth>
		<Health>1000</Health>
		<HasGravity>true</HasGravity>
		<IsOnFire>false</IsOnFire>
		<IsInvincible>false</IsInvincible>
		<IsBulletProof>false</IsBulletProof>
		<IsCollisionProof>false</IsCollisionProof>
		<IsExplosionProof>false</IsExplosionProof>
		<IsFireProof>false</IsFireProof>
		<IsMeleeProof>false</IsMeleeProof>
		<IsOnlyDamagedByPlayer>false</IsOnlyDamagedByPlayer>
		<PositionRotation>
			<X>207.462799</X>
			<Y>-868.026855</Y>
			<Z>90.0438843</Z>
			<Pitch>0</Pitch>
			<Roll>-9.99999428</Roll>
			<Yaw>-89.7995758</Yaw>
		</PositionRotation>
		<Attachment isAttached="false" />
	</Placement>
	<Placement>
		<ModelHash>0x20f32b15</ModelHash>
		<Type>3</Type>
		<Dynamic>false</Dynamic>
		<FrozenPos>true</FrozenPos>
		<HashName>prop_temp_carrier</HashName>
		<InitialHandle>771959</InitialHandle>
		<ObjectProperties>
			<TextureVariation>0</TextureVariation>
		</ObjectProperties>
		<OpacityLevel>255</OpacityLevel>
		<LodDistance>16960</LodDistance>
		<IsVisible>true</IsVisible>
		<MaxHealth>1000</MaxHealth>
		<Health>1000</Health>
		<HasGravity>true</HasGravity>
		<IsOnFire>false</IsOnFire>
		<IsInvincible>false</IsInvincible>
		<IsBulletProof>false</IsBulletProof>
		<IsCollisionProof>false</IsCollisionProof>
		<IsExplosionProof>false</IsExplosionProof>
		<IsFireProof>false</IsFireProof>
		<IsMeleeProof>false</IsMeleeProof>
		<IsOnlyDamagedByPlayer>false</IsOnlyDamagedByPlayer>
		<PositionRotation>
			<X>432.389404</X>
			<Y>-1299.14343</Y>
			<Z>454.988342</Z>
			<Pitch>-2.86102363e-06</Pitch>
			<Roll>7.36902848e-06</Roll>
			<Yaw>-85.3787155</Yaw>
		</PositionRotation>
		<Attachment isAttached="false" />
	</Placement>
	<Placement>
		<ModelHash>0x20f32b15</ModelHash>
		<Type>3</Type>
		<Dynamic>false</Dynamic>
		<FrozenPos>true</FrozenPos>
		<HashName>prop_temp_carrier</HashName>
		<InitialHandle>349814</InitialHandle>
		<ObjectProperties>
			<TextureVariation>0</TextureVariation>
		</ObjectProperties>
		<OpacityLevel>255</OpacityLevel>
		<LodDistance>16960</LodDistance>
		<IsVisible>true</IsVisible>
		<MaxHealth>1000</MaxHealth>
		<Health>1000</Health>
		<HasGravity>true</HasGravity>
		<IsOnFire>false</IsOnFire>
		<IsInvincible>false</IsInvincible>
		<IsBulletProof>false</IsBulletProof>
		<IsCollisionProof>false</IsCollisionProof>
		<IsExplosionProof>false</IsExplosionProof>
		<IsFireProof>false</IsFireProof>
		<IsMeleeProof>false</IsMeleeProof>
		<IsOnlyDamagedByPlayer>false</IsOnlyDamagedByPlayer>
		<PositionRotation>
			<X>452.389404</X>
			<Y>-1059.14343</Y>
			<Z>464.988342</Z>
			<Pitch>-2.4545991e-06</Pitch>
			<Roll>2.86102295e-05</Roll>
			<Yaw>-95.3786926</Yaw>
		</PositionRotation>
		<Attachment isAttached="false" />
	</Placement>
	<Placement>
		<ModelHash>0xae11860f</ModelHash>
		<Type>3</Type>
		<Dynamic>false</Dynamic>
		<FrozenPos>true</FrozenPos>
		<HashName>0xae11860f</HashName>
		<InitialHandle>598651</InitialHandle>
		<ObjectProperties>
			<TextureVariation>0</TextureVariation>
		</ObjectProperties>
		<OpacityLevel>255</OpacityLevel>
		<LodDistance>16960</LodDistance>
		<IsVisible>true</IsVisible>
		<MaxHealth>1000</MaxHealth>
		<Health>1000</Health>
		<HasGravity>true</HasGravity>
		<IsOnFire>false</IsOnFire>
		<IsInvincible>false</IsInvincible>
		<IsBulletProof>false</IsBulletProof>
		<IsCollisionProof>false</IsCollisionProof>
		<IsExplosionProof>false</IsExplosionProof>
		<IsFireProof>false</IsFireProof>
		<IsMeleeProof>false</IsMeleeProof>
		<IsOnlyDamagedByPlayer>false</IsOnlyDamagedByPlayer>
		<PositionRotation>
			<X>-1301.96484</X>
			<Y>-1354.09766</Y>
			<Z>806.268188</Z>
			<Pitch>50.0000343</Pitch>
			<Roll>-92.2078247</Roll>
			<Yaw>-159.999939</Yaw>
		</PositionRotation>
		<Attachment isAttached="false" />
	</Placement>
	<Placement>
		<ModelHash>0xae11860f</ModelHash>
		<Type>3</Type>
		<Dynamic>false</Dynamic>
		<FrozenPos>true</FrozenPos>
		<HashName>0xae11860f</HashName>
		<InitialHandle>125819</InitialHandle>
		<ObjectProperties>
			<TextureVariation>0</TextureVariation>
		</ObjectProperties>
		<OpacityLevel>255</OpacityLevel>
		<LodDistance>16960</LodDistance>
		<IsVisible>true</IsVisible>
		<MaxHealth>1000</MaxHealth>
		<Health>1000</Health>
		<HasGravity>true</HasGravity>
		<IsOnFire>false</IsOnFire>
		<IsInvincible>false</IsInvincible>
		<IsBulletProof>false</IsBulletProof>
		<IsCollisionProof>false</IsCollisionProof>
		<IsExplosionProof>false</IsExplosionProof>
		<IsFireProof>false</IsFireProof>
		<IsMeleeProof>false</IsMeleeProof>
		<IsOnlyDamagedByPlayer>false</IsOnlyDamagedByPlayer>
		<PositionRotation>
			<X>1188.03528</X>
			<Y>-2694.09766</Y>
			<Z>86.268158</Z>
			<Pitch>50.0000954</Pitch>
			<Roll>-92.2078247</Roll>
			<Yaw>-89.999939</Yaw>
		</PositionRotation>
		<Attachment isAttached="false" />
	</Placement>
	<Placement>
		<ModelHash>0xae11860f</ModelHash>
		<Type>3</Type>
		<Dynamic>false</Dynamic>
		<FrozenPos>true</FrozenPos>
		<HashName>0xae11860f</HashName>
		<InitialHandle>332126</InitialHandle>
		<ObjectProperties>
			<TextureVariation>0</TextureVariation>
		</ObjectProperties>
		<OpacityLevel>255</OpacityLevel>
		<LodDistance>16960</LodDistance>
		<IsVisible>true</IsVisible>
		<MaxHealth>1000</MaxHealth>
		<Health>1000</Health>
		<HasGravity>true</HasGravity>
		<IsOnFire>false</IsOnFire>
		<IsInvincible>false</IsInvincible>
		<IsBulletProof>false</IsBulletProof>
		<IsCollisionProof>false</IsCollisionProof>
		<IsExplosionProof>false</IsExplosionProof>
		<IsFireProof>false</IsFireProof>
		<IsMeleeProof>false</IsMeleeProof>
		<IsOnlyDamagedByPlayer>false</IsOnlyDamagedByPlayer>
		<PositionRotation>
			<X>-1591.96484</X>
			<Y>-434.097656</Y>
			<Z>826.268188</Z>
			<Pitch>50.0000916</Pitch>
			<Roll>-92.2078247</Roll>
			<Yaw>-161.999084</Yaw>
		</PositionRotation>
		<Attachment isAttached="false" />
	</Placement>
	<Placement>
		<ModelHash>0xb467c540</ModelHash>
		<Type>3</Type>
		<Dynamic>false</Dynamic>
		<FrozenPos>true</FrozenPos>
		<HashName>p_spinning_anus_s</HashName>
		<InitialHandle>66933</InitialHandle>
		<ObjectProperties>
			<TextureVariation>0</TextureVariation>
		</ObjectProperties>
		<OpacityLevel>255</OpacityLevel>
		<LodDistance>16960</LodDistance>
		<IsVisible>true</IsVisible>
		<MaxHealth>1000</MaxHealth>
		<Health>1000</Health>
		<HasGravity>true</HasGravity>
		<IsOnFire>false</IsOnFire>
		<IsInvincible>false</IsInvincible>
		<IsBulletProof>false</IsBulletProof>
		<IsCollisionProof>false</IsCollisionProof>
		<IsExplosionProof>false</IsExplosionProof>
		<IsFireProof>false</IsFireProof>
		<IsMeleeProof>false</IsMeleeProof>
		<IsOnlyDamagedByPlayer>false</IsOnlyDamagedByPlayer>
		<PositionRotation>
			<X>207.462799</X>
			<Y>-338.026855</Y>
			<Z>150.043884</Z>
			<Pitch>0</Pitch>
			<Roll>-9.99999332</Roll>
			<Yaw>-89.7995758</Yaw>
		</PositionRotation>
		<Attachment isAttached="false" />
	</Placement>
	<Placement>
		<ModelHash>0xb467c540</ModelHash>
		<Type>3</Type>
		<Dynamic>false</Dynamic>
		<FrozenPos>true</FrozenPos>
		<HashName>p_spinning_anus_s</HashName>
		<InitialHandle>781438</InitialHandle>
		<ObjectProperties>
			<TextureVariation>0</TextureVariation>
		</ObjectProperties>
		<OpacityLevel>255</OpacityLevel>
		<LodDistance>16960</LodDistance>
		<IsVisible>true</IsVisible>
		<MaxHealth>1000</MaxHealth>
		<Health>1000</Health>
		<HasGravity>true</HasGravity>
		<IsOnFire>false</IsOnFire>
		<IsInvincible>false</IsInvincible>
		<IsBulletProof>false</IsBulletProof>
		<IsCollisionProof>false</IsCollisionProof>
		<IsExplosionProof>false</IsExplosionProof>
		<IsFireProof>false</IsFireProof>
		<IsMeleeProof>false</IsMeleeProof>
		<IsOnlyDamagedByPlayer>false</IsOnlyDamagedByPlayer>
		<PositionRotation>
			<X>-342.537201</X>
			<Y>-1958.02686</Y>
			<Z>140.043884</Z>
			<Pitch>9.99999905</Pitch>
			<Roll>1.14429868e-05</Roll>
			<Yaw>-89.7995758</Yaw>
		</PositionRotation>
		<Attachment isAttached="false" />
	</Placement>
	<Placement>
		<ModelHash>0xd9f07d2b</ModelHash>
		<Type>3</Type>
		<Dynamic>false</Dynamic>
		<FrozenPos>true</FrozenPos>
		<HashName>ar_prop_ar_neon_gate8x_04a</HashName>
		<InitialHandle>762491</InitialHandle>
		<ObjectProperties>
			<TextureVariation>0</TextureVariation>
		</ObjectProperties>
		<OpacityLevel>255</OpacityLevel>
		<LodDistance>16960</LodDistance>
		<IsVisible>true</IsVisible>
		<MaxHealth>1000</MaxHealth>
		<Health>1000</Health>
		<HasGravity>true</HasGravity>
		<IsOnFire>false</IsOnFire>
		<IsInvincible>false</IsInvincible>
		<IsBulletProof>false</IsBulletProof>
		<IsCollisionProof>false</IsCollisionProof>
		<IsExplosionProof>false</IsExplosionProof>
		<IsFireProof>false</IsFireProof>
		<IsMeleeProof>false</IsMeleeProof>
		<IsOnlyDamagedByPlayer>false</IsOnlyDamagedByPlayer>
		<PositionRotation>
			<X>-75.4877777</X>
			<Y>-815.098389</Y>
			<Z>419.20816</Z>
			<Pitch>-43.9999847</Pitch>
			<Roll>2.37376935e-06</Roll>
			<Yaw>-159.255066</Yaw>
		</PositionRotation>
		<Attachment isAttached="false" />
	</Placement>
	<Placement>
		<ModelHash>0xd9f07d2b</ModelHash>
		<Type>3</Type>
		<Dynamic>false</Dynamic>
		<FrozenPos>true</FrozenPos>
		<HashName>ar_prop_ar_neon_gate8x_04a</HashName>
		<InitialHandle>447099</InitialHandle>
		<ObjectProperties>
			<TextureVariation>0</TextureVariation>
		</ObjectProperties>
		<OpacityLevel>255</OpacityLevel>
		<LodDistance>16960</LodDistance>
		<IsVisible>true</IsVisible>
		<MaxHealth>1000</MaxHealth>
		<Health>1000</Health>
		<HasGravity>true</HasGravity>
		<IsOnFire>false</IsOnFire>
		<IsInvincible>false</IsInvincible>
		<IsBulletProof>false</IsBulletProof>
		<IsCollisionProof>false</IsCollisionProof>
		<IsExplosionProof>false</IsExplosionProof>
		<IsFireProof>false</IsFireProof>
		<IsMeleeProof>false</IsMeleeProof>
		<IsOnlyDamagedByPlayer>false</IsOnlyDamagedByPlayer>
		<PositionRotation>
			<X>-75.4877777</X>
			<Y>-815.098389</Y>
			<Z>422.20816</Z>
			<Pitch>3.51663107e-06</Pitch>
			<Roll>-89.9997482</Roll>
			<Yaw>-23.9995632</Yaw>
		</PositionRotation>
		<Attachment isAttached="false" />
	</Placement>
	<Placement>
		<ModelHash>0x9ae513fc</ModelHash>
		<Type>3</Type>
		<Dynamic>false</Dynamic>
		<FrozenPos>true</FrozenPos>
		<HashName>0x9ae513fc</HashName>
		<InitialHandle>109175</InitialHandle>
		<ObjectProperties>
			<TextureVariation>0</TextureVariation>
		</ObjectProperties>
		<OpacityLevel>255</OpacityLevel>
		<LodDistance>16960</LodDistance>
		<IsVisible>true</IsVisible>
		<MaxHealth>1000</MaxHealth>
		<Health>1000</Health>
		<HasGravity>true</HasGravity>
		<IsOnFire>false</IsOnFire>
		<IsInvincible>false</IsInvincible>
		<IsBulletProof>false</IsBulletProof>
		<IsCollisionProof>false</IsCollisionProof>
		<IsExplosionProof>false</IsExplosionProof>
		<IsFireProof>false</IsFireProof>
		<IsMeleeProof>false</IsMeleeProof>
		<IsOnlyDamagedByPlayer>false</IsOnlyDamagedByPlayer>
		<PositionRotation>
			<X>-971.903564</X>
			<Y>358.451355</Y>
			<Z>322.446045</Z>
			<Pitch>2.98818804e-06</Pitch>
			<Roll>-179.999893</Roll>
			<Yaw>23.2491455</Yaw>
		</PositionRotation>
		<Attachment isAttached="false" />
	</Placement>
	<Placement>
		<ModelHash>0x9ae513fc</ModelHash>
		<Type>3</Type>
		<Dynamic>false</Dynamic>
		<FrozenPos>true</FrozenPos>
		<HashName>0x9ae513fc</HashName>
		<InitialHandle>414842</InitialHandle>
		<ObjectProperties>
			<TextureVariation>0</TextureVariation>
		</ObjectProperties>
		<OpacityLevel>255</OpacityLevel>
		<LodDistance>16960</LodDistance>
		<IsVisible>true</IsVisible>
		<MaxHealth>1000</MaxHealth>
		<Health>1000</Health>
		<HasGravity>true</HasGravity>
		<IsOnFire>false</IsOnFire>
		<IsInvincible>false</IsInvincible>
		<IsBulletProof>false</IsBulletProof>
		<IsCollisionProof>false</IsCollisionProof>
		<IsExplosionProof>false</IsExplosionProof>
		<IsFireProof>false</IsFireProof>
		<IsMeleeProof>false</IsMeleeProof>
		<IsOnlyDamagedByPlayer>false</IsOnlyDamagedByPlayer>
		<PositionRotation>
			<X>668.096375</X>
			<Y>-1541.54858</Y>
			<Z>322.446045</Z>
			<Pitch>2.56131761e-06</Pitch>
			<Roll>-179.999893</Roll>
			<Yaw>-156.750748</Yaw>
		</PositionRotation>
		<Attachment isAttached="false" />
	</Placement>
	<Placement>
		<ModelHash>0x9ae513fc</ModelHash>
		<Type>3</Type>
		<Dynamic>false</Dynamic>
		<FrozenPos>true</FrozenPos>
		<HashName>0x9ae513fc</HashName>
		<InitialHandle>34164</InitialHandle>
		<ObjectProperties>
			<TextureVariation>0</TextureVariation>
		</ObjectProperties>
		<OpacityLevel>255</OpacityLevel>
		<LodDistance>16960</LodDistance>
		<IsVisible>true</IsVisible>
		<MaxHealth>1000</MaxHealth>
		<Health>1000</Health>
		<HasGravity>true</HasGravity>
		<IsOnFire>false</IsOnFire>
		<IsInvincible>false</IsInvincible>
		<IsBulletProof>false</IsBulletProof>
		<IsCollisionProof>false</IsCollisionProof>
		<IsExplosionProof>false</IsExplosionProof>
		<IsFireProof>false</IsFireProof>
		<IsMeleeProof>false</IsMeleeProof>
		<IsOnlyDamagedByPlayer>false</IsOnlyDamagedByPlayer>
		<PositionRotation>
			<X>768.096375</X>
			<Y>-931.548584</Y>
			<Z>322.446045</Z>
			<Pitch>2.56130443e-06</Pitch>
			<Roll>-179.999893</Roll>
			<Yaw>113.24929</Yaw>
		</PositionRotation>
		<Attachment isAttached="false" />
	</Placement>
	<Placement>
		<ModelHash>0xae11860f</ModelHash>
		<Type>3</Type>
		<Dynamic>false</Dynamic>
		<FrozenPos>true</FrozenPos>
		<HashName>0xae11860f</HashName>
		<InitialHandle>216954</InitialHandle>
		<ObjectProperties>
			<TextureVariation>0</TextureVariation>
		</ObjectProperties>
		<OpacityLevel>255</OpacityLevel>
		<LodDistance>16960</LodDistance>
		<IsVisible>true</IsVisible>
		<MaxHealth>1000</MaxHealth>
		<Health>1000</Health>
		<HasGravity>true</HasGravity>
		<IsOnFire>false</IsOnFire>
		<IsInvincible>false</IsInvincible>
		<IsBulletProof>false</IsBulletProof>
		<IsCollisionProof>false</IsCollisionProof>
		<IsExplosionProof>false</IsExplosionProof>
		<IsFireProof>false</IsFireProof>
		<IsMeleeProof>false</IsMeleeProof>
		<IsOnlyDamagedByPlayer>false</IsOnlyDamagedByPlayer>
		<PositionRotation>
			<X>518.035217</X>
			<Y>-2794.09766</Y>
			<Z>456.268158</Z>
			<Pitch>3.52175425e-06</Pitch>
			<Roll>-179.999893</Roll>
			<Yaw>-162.20813</Yaw>
		</PositionRotation>
		<Attachment isAttached="false" />
	</Placement>
	<Placement>
		<ModelHash>0xed6065bc</ModelHash>
		<Type>3</Type>
		<Dynamic>false</Dynamic>
		<FrozenPos>true</FrozenPos>
		<HashName>ar_prop_ar_neon_gate4x_04a</HashName>
		<InitialHandle>520571</InitialHandle>
		<ObjectProperties>
			<TextureVariation>0</TextureVariation>
		</ObjectProperties>
		<OpacityLevel>255</OpacityLevel>
		<LodDistance>16960</LodDistance>
		<IsVisible>true</IsVisible>
		<MaxHealth>1000</MaxHealth>
		<Health>1000</Health>
		<HasGravity>true</HasGravity>
		<IsOnFire>false</IsOnFire>
		<IsInvincible>false</IsInvincible>
		<IsBulletProof>false</IsBulletProof>
		<IsCollisionProof>false</IsCollisionProof>
		<IsExplosionProof>false</IsExplosionProof>
		<IsFireProof>false</IsFireProof>
		<IsMeleeProof>false</IsMeleeProof>
		<IsOnlyDamagedByPlayer>false</IsOnlyDamagedByPlayer>
		<PositionRotation>
			<X>-78.6020813</X>
			<Y>-820.313049</Y>
			<Z>379.631958</Z>
			<Pitch>-0.000262562127</Pitch>
			<Roll>-89.9996796</Roll>
			<Yaw>-24.71735</Yaw>
		</PositionRotation>
		<Attachment isAttached="false" />
	</Placement>
	<Placement>
		<ModelHash>0xb8f0ce2a</ModelHash>
		<Type>3</Type>
		<Dynamic>false</Dynamic>
		<FrozenPos>true</FrozenPos>
		<HashName>xs_propintarena_wall_no_pit</HashName>
		<InitialHandle>767864</InitialHandle>
		<ObjectProperties>
			<TextureVariation>0</TextureVariation>
		</ObjectProperties>
		<OpacityLevel>255</OpacityLevel>
		<LodDistance>16960</LodDistance>
		<IsVisible>true</IsVisible>
		<MaxHealth>1000</MaxHealth>
		<Health>1000</Health>
		<HasGravity>true</HasGravity>
		<IsOnFire>false</IsOnFire>
		<IsInvincible>false</IsInvincible>
		<IsBulletProof>false</IsBulletProof>
		<IsCollisionProof>false</IsCollisionProof>
		<IsExplosionProof>false</IsExplosionProof>
		<IsFireProof>false</IsFireProof>
		<IsMeleeProof>false</IsMeleeProof>
		<IsOnlyDamagedByPlayer>false</IsOnlyDamagedByPlayer>
		<PositionRotation>
			<X>-409.852936</X>
			<Y>-1230.26978</Y>
			<Z>186.626038</Z>
			<Pitch>0</Pitch>
			<Roll>0</Roll>
			<Yaw>-10.7221146</Yaw>
		</PositionRotation>
		<Attachment isAttached="false" />
	</Placement>
	<Placement>
		<ModelHash>0x9ae513fc</ModelHash>
		<Type>3</Type>
		<Dynamic>false</Dynamic>
		<FrozenPos>true</FrozenPos>
		<HashName>0x9ae513fc</HashName>
		<InitialHandle>740987</InitialHandle>
		<ObjectProperties>
			<TextureVariation>0</TextureVariation>
		</ObjectProperties>
		<OpacityLevel>255</OpacityLevel>
		<LodDistance>16960</LodDistance>
		<IsVisible>true</IsVisible>
		<MaxHealth>1000</MaxHealth>
		<Health>1000</Health>
		<HasGravity>true</HasGravity>
		<IsOnFire>false</IsOnFire>
		<IsInvincible>false</IsInvincible>
		<IsBulletProof>false</IsBulletProof>
		<IsCollisionProof>false</IsCollisionProof>
		<IsExplosionProof>false</IsExplosionProof>
		<IsFireProof>false</IsFireProof>
		<IsMeleeProof>false</IsMeleeProof>
		<IsOnlyDamagedByPlayer>false</IsOnlyDamagedByPlayer>
		<PositionRotation>
			<X>388.096436</X>
			<Y>-2281.54858</Y>
			<Z>322.446045</Z>
			<Pitch>2.56129806e-06</Pitch>
			<Roll>-179.999893</Roll>
			<Yaw>43.2492523</Yaw>
		</PositionRotation>
		<Attachment isAttached="false" />
	</Placement>
	<Placement>
		<ModelHash>0x9ae513fc</ModelHash>
		<Type>3</Type>
		<Dynamic>false</Dynamic>
		<FrozenPos>true</FrozenPos>
		<HashName>0x9ae513fc</HashName>
		<InitialHandle>763515</InitialHandle>
		<ObjectProperties>
			<TextureVariation>0</TextureVariation>
		</ObjectProperties>
		<OpacityLevel>255</OpacityLevel>
		<LodDistance>16960</LodDistance>
		<IsVisible>true</IsVisible>
		<MaxHealth>1000</MaxHealth>
		<Health>1000</Health>
		<HasGravity>true</HasGravity>
		<IsOnFire>false</IsOnFire>
		<IsInvincible>false</IsInvincible>
		<IsBulletProof>false</IsBulletProof>
		<IsCollisionProof>false</IsCollisionProof>
		<IsExplosionProof>false</IsExplosionProof>
		<IsFireProof>false</IsFireProof>
		<IsMeleeProof>false</IsMeleeProof>
		<IsOnlyDamagedByPlayer>false</IsOnlyDamagedByPlayer>
		<PositionRotation>
			<X>588.096436</X>
			<Y>678.451477</Y>
			<Z>322.446045</Z>
			<Pitch>2.5612751e-06</Pitch>
			<Roll>-179.999893</Roll>
			<Yaw>53.2492256</Yaw>
		</PositionRotation>
		<Attachment isAttached="false" />
	</Placement>
	<Placement>
		<ModelHash>0x9ae513fc</ModelHash>
		<Type>3</Type>
		<Dynamic>false</Dynamic>
		<FrozenPos>true</FrozenPos>
		<HashName>0x9ae513fc</HashName>
		<InitialHandle>439145</InitialHandle>
		<ObjectProperties>
			<TextureVariation>0</TextureVariation>
		</ObjectProperties>
		<OpacityLevel>255</OpacityLevel>
		<LodDistance>16960</LodDistance>
		<IsVisible>true</IsVisible>
		<MaxHealth>1000</MaxHealth>
		<Health>1000</Health>
		<HasGravity>true</HasGravity>
		<IsOnFire>false</IsOnFire>
		<IsInvincible>false</IsInvincible>
		<IsBulletProof>false</IsBulletProof>
		<IsCollisionProof>false</IsCollisionProof>
		<IsExplosionProof>false</IsExplosionProof>
		<IsFireProof>false</IsFireProof>
		<IsMeleeProof>false</IsMeleeProof>
		<IsOnlyDamagedByPlayer>false</IsOnlyDamagedByPlayer>
		<PositionRotation>
			<X>138.096436</X>
			<Y>-1781.54858</Y>
			<Z>362.446045</Z>
			<Pitch>2.56129556e-06</Pitch>
			<Roll>-179.999893</Roll>
			<Yaw>93.2492142</Yaw>
		</PositionRotation>
		<Attachment isAttached="false" />
	</Placement>
	<Placement>
		<ModelHash>0x20f32b15</ModelHash>
		<Type>3</Type>
		<Dynamic>false</Dynamic>
		<FrozenPos>true</FrozenPos>
		<HashName>prop_temp_carrier</HashName>
		<InitialHandle>155911</InitialHandle>
		<ObjectProperties>
			<TextureVariation>0</TextureVariation>
		</ObjectProperties>
		<OpacityLevel>255</OpacityLevel>
		<LodDistance>16960</LodDistance>
		<IsVisible>true</IsVisible>
		<MaxHealth>1000</MaxHealth>
		<Health>1000</Health>
		<HasGravity>true</HasGravity>
		<IsOnFire>false</IsOnFire>
		<IsInvincible>false</IsInvincible>
		<IsBulletProof>false</IsBulletProof>
		<IsCollisionProof>false</IsCollisionProof>
		<IsExplosionProof>false</IsExplosionProof>
		<IsFireProof>false</IsFireProof>
		<IsMeleeProof>false</IsMeleeProof>
		<IsOnlyDamagedByPlayer>false</IsOnlyDamagedByPlayer>
		<PositionRotation>
			<X>176.389404</X>
			<Y>-688.143433</Y>
			<Z>314.988342</Z>
			<Pitch>-22.9999275</Pitch>
			<Roll>-178.001038</Roll>
			<Yaw>-66.3779373</Yaw>
		</PositionRotation>
		<Attachment isAttached="false" />
	</Placement>
</SpoonerPlacements>
