[
    {
        "id": -1476113001,
        "word": "Username"
    },
    {
        "id": 148256009,
        "word": "Password"
    },
    {
        "id": -178276438,
        "word": "Remember me"
    },
    {
        "id": -234090564,
        "word": "Forgot you password?"
    },
    {
        "id": 1365265521,
        "word": "SIGN IN"
    },
    {
        "id": -1541247811,
        "word": "1.0"
    },
    {
        "id": 1757576755,
        "word": "Version"
    },
    {
        "id": 228386514,
        "word": "Undetected."
    },
    {
        "id": -49807437,
        "word": "Services"
    },
    {
        "id": -425398814,
        "word": "Latest Update"
    },
    {
        "id": 1618183957,
        "word": "Compatibility"
    },
    {
        "id": 761592426,
        "word": "INJECT"
    },
    {
        "id": 1939262551,
        "word": "Spoof"
    },
    {
        "id": 1640993750,
        "word": "Clean"
    },
    {
        "id": 47378159,
        "word": "Theme"
    },
    {
        "id": 379960767,
        "word": "Lua"
    },
    {
        "id": 221024185,
        "word": "Modded Vehicles"
    },
    {
        "id": -1102187930,
        "word": "14.01"
    },
    {
        "id": 1725778895,
        "word": "Enable FSL"
    },
    {
        "id": 629423504,
        "word": "Loading"
    },
    {
        "id": -1722511696,
        "word": "Alert"
    },
    {
        "id": -1898919782,
        "word": "FSL Installed Successfully!"
    },
    {
        "id": 118397992,
        "word": "Disable FSL"
    }
]
