<?xml version="1.0" encoding="ISO-8859-1"?>
<Vehicle menyoo_ver="1.0.1">
	<ModelHash>0x82cac433</ModelHash>
	<InitialHandle>765768</InitialHandle>
	<VehicleProperties>
		<Colours>
			<Primary>122</Primary>
			<Secondary>0</Secondary>
			<Pearl>122</Pearl>
			<Rim>156</Rim>
			<Mod1_a>-1</Mod1_a>
			<Mod1_b>-3</Mod1_b>
			<Mod1_c>-3</Mod1_c>
			<Mod2_a>-1</Mod2_a>
			<Mod2_b>-1</Mod2_b>
			<IsPrimaryColourCustom>false</IsPrimaryColourCustom>
			<IsSecondaryColourCustom>false</IsSecondaryColourCustom>
			<tyreSmoke_R>255</tyreSmoke_R>
			<tyreSmoke_G>255</tyreSmoke_G>
			<tyreSmoke_B>255</tyreSmoke_B>
			<LrInterior>0</LrInterior>
			<LrDashboard>0</LrDashboard>
			<LrXenonHeadlights>255</LrXenonHeadlights>
		</Colours>
		<Livery>-1</Livery>
		<NumberPlateText>23UDX959</NumberPlateText>
		<NumberPlateIndex>0</NumberPlateIndex>
		<WheelType>0</WheelType>
		<WheelsInvisible>false</WheelsInvisible>
		<EngineSoundName></EngineSoundName>
		<WindowTint>-1</WindowTint>
		<BulletProofTyres>false</BulletProofTyres>
		<DirtLevel>0</DirtLevel>
		<PaintFade>0.298039228</PaintFade>
		<RoofState>0</RoofState>
		<SirenActive>false</SirenActive>
		<EngineOn>true</EngineOn>
		<EngineHealth>1000</EngineHealth>
		<LightsOn>true</LightsOn>
		<IsRadioLoud>0</IsRadioLoud>
		<LockStatus>1</LockStatus>
		<Neons>
			<Left>false</Left>
			<Right>false</Right>
			<Front>false</Front>
			<Back>false</Back>
			<R>255</R>
			<G>0</G>
			<B>255</B>
		</Neons>
		<ModExtras />
		<Mods>
			<_0>-1,0</_0>
			<_1>-1,0</_1>
			<_2>-1,0</_2>
			<_3>-1,0</_3>
			<_4>-1,0</_4>
			<_5>-1,0</_5>
			<_6>-1,0</_6>
			<_7>-1,0</_7>
			<_8>-1,0</_8>
			<_9>-1,0</_9>
			<_10>-1,0</_10>
			<_11>-1,0</_11>
			<_12>-1,0</_12>
			<_13>-1,0</_13>
			<_14>-1,0</_14>
			<_15>-1,0</_15>
			<_16>-1,0</_16>
			<_17>false</_17>
			<_18>false</_18>
			<_19>false</_19>
			<_20>false</_20>
			<_21>false</_21>
			<_22>false</_22>
			<_23>-1,0</_23>
			<_24>-1,0</_24>
			<_25>-1,0</_25>
			<_26>-1,0</_26>
			<_27>-1,0</_27>
			<_28>-1,0</_28>
			<_29>-1,0</_29>
			<_30>-1,0</_30>
			<_31>-1,0</_31>
			<_32>-1,0</_32>
			<_33>-1,0</_33>
			<_34>-1,0</_34>
			<_35>-1,0</_35>
			<_36>-1,0</_36>
			<_37>-1,0</_37>
			<_38>-1,0</_38>
			<_39>-1,0</_39>
			<_40>-1,0</_40>
			<_41>-1,0</_41>
			<_42>-1,0</_42>
			<_43>-1,0</_43>
			<_44>-1,0</_44>
			<_45>-1,0</_45>
			<_46>-1,0</_46>
			<_47>-1,0</_47>
			<_48>-1,0</_48>
		</Mods>
		<DoorsOpen>
			<BackLeftDoor>false</BackLeftDoor>
			<BackRightDoor>false</BackRightDoor>
			<FrontLeftDoor>false</FrontLeftDoor>
			<FrontRightDoor>false</FrontRightDoor>
			<Hood>false</Hood>
			<Trunk>false</Trunk>
			<Trunk2>false</Trunk2>
		</DoorsOpen>
		<DoorsBroken>
			<BackLeftDoor>false</BackLeftDoor>
			<BackRightDoor>false</BackRightDoor>
			<FrontLeftDoor>false</FrontLeftDoor>
			<FrontRightDoor>false</FrontRightDoor>
			<Hood>false</Hood>
			<Trunk>false</Trunk>
			<Trunk2>false</Trunk2>
		</DoorsBroken>
		<TyresBursted>
			<FrontLeft>false</FrontLeft>
			<FrontRight>false</FrontRight>
			<_2>false</_2>
			<_3>false</_3>
			<BackLeft>false</BackLeft>
			<BackRight>false</BackRight>
			<_6>false</_6>
			<_7>false</_7>
			<_8>false</_8>
		</TyresBursted>
	</VehicleProperties>
	<OpacityLevel>255</OpacityLevel>
	<LodDistance>16960</LodDistance>
	<IsVisible>true</IsVisible>
	<IsDriverVisible>true</IsDriverVisible>
	<MaxHealth>1000</MaxHealth>
	<Health>1000</Health>
	<HasGravity>true</HasGravity>
	<IsOnFire>false</IsOnFire>
	<IsInvincible>true</IsInvincible>
	<IsBulletProof>false</IsBulletProof>
	<IsExplosionProof>true</IsExplosionProof>
	<IsFireProof>false</IsFireProof>
	<IsMeleeProof>true</IsMeleeProof>
	<IsOnlyDamagedByPlayer>false</IsOnlyDamagedByPlayer>
	<SpoonerAttachments SetAttachmentsPersistentAndAddToSpoonerDatabase="false" StartTaskSequencesOnLoad="true">
		<Attachment>
			<ModelHash>0x4fcad2e0</ModelHash>
			<Type>3</Type>
			<Dynamic>false</Dynamic>
			<FrozenPos>true</FrozenPos>
			<HashName>apa_mp_apa_yacht</HashName>
			<InitialHandle>541513</InitialHandle>
			<ObjectProperties>
				<TextureVariation>0</TextureVariation>
			</ObjectProperties>
			<OpacityLevel>255</OpacityLevel>
			<LodDistance>16960</LodDistance>
			<IsVisible>true</IsVisible>
			<MaxHealth>1000</MaxHealth>
			<Health>1000</Health>
			<HasGravity>true</HasGravity>
			<IsOnFire>false</IsOnFire>
			<IsInvincible>true</IsInvincible>
			<IsBulletProof>false</IsBulletProof>
			<IsCollisionProof>false</IsCollisionProof>
			<IsExplosionProof>true</IsExplosionProof>
			<IsFireProof>true</IsFireProof>
			<IsMeleeProof>true</IsMeleeProof>
			<IsOnlyDamagedByPlayer>false</IsOnlyDamagedByPlayer>
			<PositionRotation>
				<X>-1989.30847</X>
				<Y>-2348.13013</Y>
				<Z>6.78793383</Z>
				<Pitch>4.71436071</Pitch>
				<Roll>1.30706298</Roll>
				<Yaw>82.8416519</Yaw>
			</PositionRotation>
			<Attachment isAttached="true">
				<AttachedTo>765768</AttachedTo>
				<BoneIndex>0</BoneIndex>
				<X>-1.99999988</X>
				<Y>0</Y>
				<Z>3.99999976</Z>
				<Pitch>0</Pitch>
				<Roll>0</Roll>
				<Yaw>90</Yaw>
			</Attachment>
		</Attachment>
		<Attachment>
			<ModelHash>0xb4aa481d</ModelHash>
			<Type>3</Type>
			<Dynamic>false</Dynamic>
			<FrozenPos>true</FrozenPos>
			<HashName>apa_mp_apa_yacht_option2</HashName>
			<InitialHandle>505931</InitialHandle>
			<ObjectProperties>
				<TextureVariation>0</TextureVariation>
			</ObjectProperties>
			<OpacityLevel>255</OpacityLevel>
			<LodDistance>16960</LodDistance>
			<IsVisible>true</IsVisible>
			<MaxHealth>1000</MaxHealth>
			<Health>1000</Health>
			<HasGravity>true</HasGravity>
			<IsOnFire>false</IsOnFire>
			<IsInvincible>true</IsInvincible>
			<IsBulletProof>false</IsBulletProof>
			<IsCollisionProof>false</IsCollisionProof>
			<IsExplosionProof>true</IsExplosionProof>
			<IsFireProof>false</IsFireProof>
			<IsMeleeProof>true</IsMeleeProof>
			<IsOnlyDamagedByPlayer>false</IsOnlyDamagedByPlayer>
			<PositionRotation>
				<X>-1988.06824</X>
				<Y>-2347.94775</Y>
				<Z>21.434391</Z>
				<Pitch>4.71436071</Pitch>
				<Roll>1.3070637</Roll>
				<Yaw>82.8416443</Yaw>
			</PositionRotation>
			<Attachment isAttached="true">
				<AttachedTo>765768</AttachedTo>
				<BoneIndex>0</BoneIndex>
				<X>-1.99999988</X>
				<Y>0</Y>
				<Z>18.7000008</Z>
				<Pitch>0</Pitch>
				<Roll>0</Roll>
				<Yaw>89.9999924</Yaw>
			</Attachment>
		</Attachment>
		<Attachment>
			<ModelHash>0xbcdac9e7</ModelHash>
			<Type>3</Type>
			<Dynamic>false</Dynamic>
			<FrozenPos>true</FrozenPos>
			<HashName>apa_mp_apa_yacht_win</HashName>
			<InitialHandle>425548</InitialHandle>
			<ObjectProperties>
				<TextureVariation>0</TextureVariation>
			</ObjectProperties>
			<OpacityLevel>255</OpacityLevel>
			<LodDistance>16960</LodDistance>
			<IsVisible>true</IsVisible>
			<MaxHealth>1000</MaxHealth>
			<Health>1000</Health>
			<HasGravity>true</HasGravity>
			<IsOnFire>false</IsOnFire>
			<IsInvincible>true</IsInvincible>
			<IsBulletProof>false</IsBulletProof>
			<IsCollisionProof>false</IsCollisionProof>
			<IsExplosionProof>true</IsExplosionProof>
			<IsFireProof>true</IsFireProof>
			<IsMeleeProof>true</IsMeleeProof>
			<IsOnlyDamagedByPlayer>false</IsOnlyDamagedByPlayer>
			<PositionRotation>
				<X>-1989.30847</X>
				<Y>-2348.13013</Y>
				<Z>6.78793335</Z>
				<Pitch>4.71436071</Pitch>
				<Roll>1.3070637</Roll>
				<Yaw>82.8416443</Yaw>
			</PositionRotation>
			<Attachment isAttached="true">
				<AttachedTo>765768</AttachedTo>
				<BoneIndex>0</BoneIndex>
				<X>-1.99999988</X>
				<Y>0</Y>
				<Z>3.99999952</Z>
				<Pitch>0</Pitch>
				<Roll>0</Roll>
				<Yaw>89.9999924</Yaw>
			</Attachment>
		</Attachment>
		<Attachment>
			<ModelHash>0x590d5404</ModelHash>
			<Type>3</Type>
			<Dynamic>false</Dynamic>
			<FrozenPos>true</FrozenPos>
			<HashName>apa_mp_apa_y1_l2b</HashName>
			<InitialHandle>176736</InitialHandle>
			<ObjectProperties>
				<TextureVariation>0</TextureVariation>
			</ObjectProperties>
			<OpacityLevel>255</OpacityLevel>
			<LodDistance>16960</LodDistance>
			<IsVisible>true</IsVisible>
			<MaxHealth>1000</MaxHealth>
			<Health>1000</Health>
			<HasGravity>true</HasGravity>
			<IsOnFire>false</IsOnFire>
			<IsInvincible>true</IsInvincible>
			<IsBulletProof>false</IsBulletProof>
			<IsCollisionProof>false</IsCollisionProof>
			<IsExplosionProof>true</IsExplosionProof>
			<IsFireProof>true</IsFireProof>
			<IsMeleeProof>true</IsMeleeProof>
			<IsOnlyDamagedByPlayer>false</IsOnlyDamagedByPlayer>
			<PositionRotation>
				<X>-1988.07666</X>
				<Y>-2347.94897</Y>
				<Z>21.3347473</Z>
				<Pitch>4.71436071</Pitch>
				<Roll>1.3070637</Roll>
				<Yaw>82.8416443</Yaw>
			</PositionRotation>
			<Attachment isAttached="true">
				<AttachedTo>765768</AttachedTo>
				<BoneIndex>0</BoneIndex>
				<X>-1.99999988</X>
				<Y>0</Y>
				<Z>18.5999947</Z>
				<Pitch>0</Pitch>
				<Roll>0</Roll>
				<Yaw>89.9999924</Yaw>
			</Attachment>
		</Attachment>
	</SpoonerAttachments>
</Vehicle>
