<StreamerMode>
    <FakeName>~r~Streamer Cat</FakeName>
    <Name>~b~Streamer Bunny</Name>
    <Name>~g~Streamer Puppy</Name>
    <Name>~y~Streamer Kitten</Name>
    <Name>~p~Streamer Panda</Name>
    <Name>~q~Streamer Bear</Name>
    <Name>~o~Streamer Duckling</Name>
    <Name>~c~Streamer Fox</Name>
    <Name>~m~Streamer Koala</Name>
    <Name>~u~Streamer Hedgehog</Name>
    <Name>~d~Streamer Otter</Name>
    <Name>~r~Streamer Squirrel</Name>
    <Name>~b~Streamer Hamster</Name>
    <Name>~g~Streamer Owl</Name>
    <Name>~y~Streamer Penguin</Name>
    <Name>~p~Streamer Sloth</Name>
    <Name>~q~Streamer Turtle</Name>
    <Name>~o~Streamer Dolphin</Name>
    <Name>~c~Streamer Elephant</Name>
    <Name>~m~Streamer Giraffe</Name>
    <Name>~u~Streamer Lion</Name>
    <Name>~d~Streamer Tiger</Name>
    <Name>~r~Streamer Zebra</Name>
    <Name>~b~Streamer Monkey</Name>
    <Name>~g~Streamer Deer</Name>
    <Name>~y~Streamer Frog</Name>
    <Name>~p~Streamer Butterfly</Name>
    <Name>~q~Streamer Ladybug</Name>
    <Name>~o~Streamer Bee</Name>
    <Name>~c~Streamer Dragonfly</Name>
    <Name>~m~Streamer Firefly</Name>
    <Name>~u~Streamer Starfish</Name>
    <Name>~d~Streamer Seahorse</Name>
</StreamerMode>
